0.000000000000000000e+00	0.000000000000000000e+00	0.000000000000000000e+00	0.000000000000000000e+00	0.000000000000000000e+00	0.000000000000000000e+00	0.000000000000000000e+00	0.000000000000000000e+00	0.000000000000000000e+00	0.000000000000000000e+00	0.000000000000000000e+00	0.000000000000000000e+00	0.000000000000000000e+00	0.000000000000000000e+00	0.000000000000000000e+00	0.000000000000000000e+00	0.000000000000000000e+00	0.000000000000000000e+00	0.000000000000000000e+00	0.000000000000000000e+00	0.000000000000000000e+00	0.000000000000000000e+00	0.000000000000000000e+00	0.000000000000000000e+00	0.000000000000000000e+00	0.000000000000000000e+00	0.000000000000000000e+00	0.000000000000000000e+00	0.000000000000000000e+00	0.000000000000000000e+00	0.000000000000000000e+00	0.000000000000000000e+00	0.000000000000000000e+00	0.000000000000000000e+00	0.000000000000000000e+00	0.000000000000000000e+00	0.000000000000000000e+00	0.000000000000000000e+00	0.000000000000000000e+00	0.000000000000000000e+00	0.000000000000000000e+00	0.000000000000000000e+00	0.000000000000000000e+00	0.000000000000000000e+00	0.000000000000000000e+00	0.000000000000000000e+00	0.000000000000000000e+00	0.000000000000000000e+00	0.000000000000000000e+00	0.000000000000000000e+00	0.000000000000000000e+00	0.000000000000000000e+00	0.000000000000000000e+00	0.000000000000000000e+00	0.000000000000000000e+00	0.000000000000000000e+00	0.000000000000000000e+00	0.000000000000000000e+00	0.000000000000000000e+00	0.000000000000000000e+00	0.000000000000000000e+00	0.000000000000000000e+00	0.000000000000000000e+00	0.000000000000000000e+00	0.000000000000000000e+00	0.000000000000000000e+00
9.619390710999999872e-01	1.125273592000000100e+00	-1.808385300999999945e+00	-1.510778785000000068e+00	-2.231775732000000012e+00	-2.613380266000000063e+00	-6.288687213000000442e-01	2.957432320000000225e-01	7.389669607000000084e-01	2.931262905000000085e+00	-2.743980570000000174e+00	6.824409938000000064e-01	-1.483231379000000016e+00	-1.962608729000000052e+00	1.717210297000000052e+00	3.952764209999999889e-01	8.242487464000000097e-01	-1.297352551000000020e-01	3.143321727999999760e-01	1.716274588000000101e+00	4.670788144999999947e-01	7.859319417000000252e-01	8.142311417000000495e-02	-2.828144020999999952e+00	4.320022605000000127e-01	5.836710960000000004e-01	2.429742991999999990e+00	-1.123961830000000051e+00	2.803059736999999885e+00	1.764696312999999961e+00	-3.688996360999999835e-01	-9.538580843999999725e-02	2.081208035000000067e-01	-1.685493506000000030e+00	9.736053560999999856e-01	5.103181193999999782e-02	2.219672539000000153e-02	2.365015483000000085e+00	-5.605796198000000397e-01	2.238277438999999980e+00	4.745638949000000051e-01	5.678836108000000493e-01	2.242962379000000173e+00	-2.714075475000000015e+00	1.064814244999999993e+00	9.924274453000000440e-01	1.503091570999999904e+00	-1.168315847000000046e-01	-1.656749809999999989e+00	-1.922450825999999946e+00	1.076561236000000088e+00	1.431166198000000112e-01	7.859592764999999703e-01	8.685769925999999863e-01	4.187797524999999910e-01	1.605354348999999958e-01	1.258952628000000074e+00	7.570799424999999916e-01	9.718638024000000319e-01	-1.917029506000000050e-01	8.518854000000000148e-01	1.972234899999999902e+00	1.192407361000000110e+00	4.592895482000000085e-01	-9.874579728000000278e-01	1.141046620000000011e+00
9.630759300000000245e-01	1.146727636999999911e+00	-1.604763788999999941e+00	-1.539272281999999992e+00	-2.503493618999999892e+00	-2.554741825999999882e+00	-6.713496558999999531e-01	2.863633575000000264e-01	9.083956719000000346e-01	2.292101672999999895e+00	-2.934549339000000145e+00	-7.437754677000000259e-01	-9.961295303999999629e-01	-2.234291479999999996e+00	1.346915378999999913e+00	5.108227157000000407e-01	-2.558691381000000042e-01	4.246184432999999814e-01	-6.106519669999999761e-02	1.988763392999999935e+00	3.797421134999999781e-01	-4.818215402000000092e-01	3.323261932000000085e-01	-2.939965280000000014e+00	6.373072151999999990e-01	4.980057960000000006e-01	2.478331293000000102e+00	-7.546275375000000007e-01	2.317043131000000145e+00	1.053850232999999914e+00	-5.944939077999999988e-02	-3.876426667999999798e-01	1.557491801000000065e+00	-1.679245526000000099e+00	6.259295575000000111e-01	-1.469531437999999912e-01	9.190869042999999516e-01	2.405653794000000012e+00	-3.900689073999999978e-01	1.491540622999999899e+00	9.076540879000000173e-02	-3.111926943000000167e-01	4.999990603999999728e-01	-2.440168712000000184e+00	8.871019208000000544e-01	1.527730937000000067e+00	4.071154590000000129e-01	1.105899192000000086e+00	1.046101157999999920e+00	-1.082186607999999994e+00	-1.016425949000000051e+00	-8.138203974000000063e-01	2.180620804000000135e+00	-7.112685767999999964e-01	7.330695231999999617e-01	5.842983197000000128e-01	8.220210194000000525e-01	8.206199569000000027e-01	7.412349261999999772e-01	1.088774710000000034e+00	1.956715041999999904e+00	3.271040183000000212e+00	8.898012849999999974e-01	1.070764644000000015e-01	-1.462997241000000059e+00	8.796061654000000285e-01
9.137033600999999727e-01	1.017632730000000096e+00	-1.819922076999999971e+00	-1.440048145000000002e+00	-2.363515932999999958e+00	-2.652434960999999980e+00	-7.153792078999999804e-01	3.286391540999999972e-01	5.930864532999999827e-01	1.757757054000000041e+00	-2.917561195000000218e+00	-3.514017735000000142e-01	-1.492865689999999912e+00	-2.124051743999999964e+00	1.428035390000000016e+00	5.216387745999999659e-01	-1.136201081999999918e+00	1.669311752000000038e+00	2.014692908000000060e-01	1.783186965999999929e+00	1.319238399999999867e-01	-9.301338905999999573e-01	5.369696586000000105e-01	-2.383801753999999828e+00	4.021391971000000121e-01	5.416615354999999576e-01	2.063989229000000147e+00	-1.035510727999999991e+00	2.176737440000000134e+00	4.557839653999999907e-01	-6.558163711999999423e-02	-5.273909212999999818e-01	1.128676237999999943e+00	-1.987649168999999993e+00	8.800372520999999448e-01	9.377757621000000210e-01	7.386827769999999571e-01	2.465509328000000000e+00	4.439084801999999656e-03	1.615283032000000007e+00	3.818906747999999962e-01	2.574116598000000256e-01	1.403410172999999928e+00	-2.654310879000000067e+00	1.256912511999999982e+00	1.470933083000000030e+00	4.085461036999999962e-01	-1.112834944000000048e+00	1.703492567000000069e+00	6.879481909000000339e-01	-3.186966682999999856e-01	3.380363981000000240e-01	3.993613280000000154e-01	2.253417242000000098e-01	7.907918505000000042e-01	1.310692556000000009e+00	-6.129253306999999928e-01	3.699808586000000177e-01	1.085877543999999917e+00	4.552342817999999736e-01	7.133179829000000360e-01	-2.882228944999999931e-01	1.535349829000000055e+00	-7.301319498000000130e-02	-1.999402185000000109e+00	9.052955279000000077e-01
9.591204959000000363e-01	1.065642672000000069e+00	-1.952038763000000010e+00	-1.478221494000000025e+00	-2.509422837999999878e+00	-2.620952842999999977e+00	-6.672150578000000110e-01	4.622784041999999927e-01	5.842911737999999522e-01	2.068541565999999943e+00	-2.892908112999999837e+00	1.164345229000000037e+00	-1.367360605000000007e+00	-2.129179618999999857e+00	1.205524290999999915e+00	6.939236197000000494e-01	-4.099911061000000023e-01	1.228574043999999921e+00	7.549137172000000007e-01	1.459415558999999973e+00	1.765352400999999904e-01	-6.533346527000000181e-01	4.288551434999999801e-01	-2.092018496000000116e+00	3.739845190000000152e-01	5.630002399000000324e-01	1.571341598000000062e+00	-8.023759979000000264e-01	1.494866478999999915e+00	4.529859313999999859e-01	9.471232171000000533e-02	-5.975468605999999516e-01	3.593803174999999905e-01	-1.339024078000000006e+00	1.346698869999999992e+00	1.130533417999999957e+00	7.832928097000000367e-01	2.218184839000000075e+00	2.793269447000000238e-01	1.640635794000000036e+00	5.067275337000000102e-01	3.852126168000000184e-01	1.128996636999999970e+00	-2.784834126999999881e+00	-6.230874281999999598e-01	8.871331851999999518e-01	5.917733980999999588e-01	1.463747924000000089e-01	1.822620957999999902e+00	-6.947617457999999413e-02	-4.879850319999999853e-01	1.165522339000000018e+00	2.905260803000000003e+00	1.070098677000000054e+00	-1.730425169999999957e+00	-4.306492351999999801e-01	-7.768203725000000226e-01	1.729225341000000027e+00	1.629938359999999919e+00	1.542107920999999937e-01	-1.297399066000000101e-01	-5.248420907999999940e-01	1.302051858000000117e-01	7.093483614000000159e-01	-1.619262152999999982e+00	6.843476187999999460e-01
9.161148291999999804e-01	1.077877433000000051e+00	-1.741393739000000052e+00	-1.579586525999999935e+00	-2.445153057999999824e+00	-2.678689632999999848e+00	-7.885894388999999949e-01	4.126778568000000202e-01	7.391286416000000248e-01	2.307291785999999956e+00	-2.694960954999999991e+00	6.411494192000000147e-01	-3.287542010999999764e-01	-2.225996798000000165e+00	1.272794297999999991e+00	7.594576105000000465e-01	1.331856799999999952e+00	5.548970441999999670e-01	7.125643421999999783e-01	1.779087467999999950e+00	8.198729405000000359e-01	1.484418757000000033e+00	7.404647811000000246e-01	-1.976050375000000026e+00	6.477772466999999479e-02	1.011110284999999998e+00	1.489474841999999910e+00	-9.734627407000000510e-01	6.996666740000000440e-01	7.004603354999999754e-01	-6.436239793000000375e-01	1.901047915999999893e-01	6.708722529999999913e-03	-8.506305307999999510e-01	3.434320156999999818e-01	1.337229205000000087e+00	-1.433532160999999999e-02	1.318508441000000087e+00	6.046827222999999751e-01	1.689393672000000013e+00	2.512565496999999981e-01	3.243556497999999788e-01	1.103745855000000109e+00	-1.467150155999999983e+00	-7.046801029000000494e-01	5.864476281999999596e-01	-5.424571866999999825e-01	1.042308350999999966e+00	1.314290704000000032e+00	3.680988654999999832e-01	-3.631560815000000053e-01	-2.172749078000000000e-01	2.350315458999999940e+00	-1.432845203000000067e+00	-1.657062604000000050e+00	1.318508685000000069e+00	-1.084149269999999943e-01	8.177584507999999808e-01	-1.228224997000000096e+00	1.619163544999999926e+00	1.217493141000000056e+00	1.106710426000000025e+00	1.858848985000000065e+00	-2.057744939999999953e-02	-2.115160718999999911e+00	7.292974852000000396e-01
9.291723414000000458e-01	1.058629588999999926e+00	-1.853825862000000102e+00	-1.523251244999999976e+00	-2.273863165999999936e+00	-2.693121887000000214e+00	-7.196057246000000518e-01	2.499976969000000104e-01	6.282445661000000126e-01	1.981809476000000014e+00	-2.384530730999999903e+00	-2.519613902000000238e-01	-1.049513409000000008e+00	-2.147276263000000185e+00	1.973510977000000111e+00	1.044492372999999974e+00	1.839033398999999902e-01	-8.496490649000000284e-01	1.408712661999999893e+00	2.096674692000000118e+00	8.908315811999999445e-01	9.445109608999999740e-01	6.118237668999999823e-02	-1.533625277999999925e+00	-6.602023793000000307e-01	6.552896160000000192e-01	1.579735429999999941e+00	-1.194620068999999951e+00	-2.562661582999999910e-01	1.363189063000000090e+00	2.588233487000000110e-01	1.161276906999999969e+00	1.034086977000000074e+00	-4.332073918000000079e-01	1.083134881000000105e+00	1.472322032999999974e+00	-2.625606567000000058e-01	4.668226118000000091e-01	3.659896792999999815e-01	1.756868158999999929e+00	7.292686645000000523e-01	1.132614368999999899e+00	-2.719117957000000141e-01	-9.677510078000000071e-01	1.020150987000000065e+00	-1.014657384000000051e-01	7.644441520000000434e-01	-5.871286961999999665e-01	1.049951212000000078e+00	1.909011695000000008e+00	-9.645701505999999537e-01	-1.888153250000000061e-01	-1.843982419000000095e-01	-1.124978134000000018e+00	-5.472790412000000382e-01	1.907165591999999910e+00	-4.840237345999999774e-01	7.080607689000000260e-01	-9.669766019999999351e-02	-3.758226161000000065e-01	-4.946500561000000129e-02	-1.767110876000000053e+00	8.769450911999999709e-01	-3.655414717000000091e-01	-1.879586159999999895e+00	1.573167497000000026e+00
9.420711446999999739e-01	1.059283535000000054e+00	-2.020892153000000135e+00	-1.487832553999999918e+00	-2.265419754999999924e+00	-2.393193044999999852e+00	-5.985884648999999502e-01	4.196483431999999958e-01	9.108961955000000055e-01	2.503419915999999912e+00	-2.264240735000000004e+00	-1.054342000999999973e+00	-1.280379237000000003e+00	-2.077466353999999793e+00	1.546867626000000051e+00	1.315327998999999970e+00	-2.856695783000000044e-01	6.953547751999999971e-01	1.443217023999999959e+00	1.696329994000000063e+00	6.442768164000000075e-01	-3.673478123999999734e-01	6.238574773999999712e-01	-1.145924715999999899e+00	-8.154130235000000004e-01	5.679974928000000034e-01	1.121144817000000016e+00	-5.876195977999999487e-01	-2.285590345000000079e-01	1.484236767999999929e+00	-5.129954844000000208e-02	1.057264106999999953e+00	9.151594047000000121e-01	6.944386942999999923e-02	1.519277752999999898e+00	2.187610618999999978e+00	-6.437191780000000030e-01	9.941228724999999489e-02	1.150443054999999992e-01	1.248386148000000029e+00	5.734343350999999700e-01	1.789410962999999910e-01	-3.651199724999999729e-02	-2.006721692999999807e+00	2.914048314000000084e-01	-8.949711694999999967e-01	3.052749470000000187e-01	1.201088828000000053e+00	1.320032863000000001e+00	-1.144908392999999913e+00	-3.199512305000000167e-01	1.154817130000000081e+00	3.933436774999999885e-01	-6.507068368000000491e-02	-4.613414042999999798e-02	-9.218555210000000111e-01	-3.294752828999999994e-01	1.124242605000000061e+00	1.638105644999999999e+00	-3.090169242000000149e-02	-3.767219805000000116e-02	-1.831625091999999899e-01	2.871149565000000181e-01	6.647118376999999745e-01	-1.564471512999999980e+00	1.642441747999999979e+00
8.961584709000000037e-01	1.140448796999999903e+00	-1.837775324999999960e+00	-1.508142271999999950e+00	-2.390197909999999926e+00	-2.285648074000000030e+00	-5.495556123999999487e-01	9.107578901999999754e-01	1.024851597999999919e+00	2.220406325999999986e+00	-2.650941459999999861e+00	4.634312099999999823e-01	-1.829066236000000067e+00	-2.208118917000000181e+00	1.182709895999999983e+00	1.501133768999999951e+00	-6.939800940999999446e-01	1.977039192999999972e+00	1.055040154999999924e+00	2.092664103000000164e+00	7.277704960999999972e-01	-6.636553900999999644e-01	1.024265736999999898e+00	-1.057756805999999994e+00	-9.560862557000000539e-01	7.445771755000000214e-01	6.496423320999999973e-01	-7.219390951999999917e-01	3.994356676999999967e-01	1.504027758999999964e+00	-2.408464389000000011e-02	8.769127266999999781e-01	1.424102519000000067e+00	4.349766746000000017e-01	8.896601715999999938e-01	1.677652775000000096e+00	2.817952216999999870e-01	5.111199920000000230e-01	-6.118075542999999727e-02	6.708927147000000035e-01	1.725631400000000037e-01	-1.120452497999999908e+00	2.930491545000000198e-01	-2.050621292999999845e+00	7.788351525000000164e-01	-1.939924251000000099e+00	-1.477501086999999935e-01	1.235633215000000007e+00	3.136741901000000166e+00	1.069792400000000088e+00	-8.757513282000000121e-01	1.070530385000000084e+00	9.753181137999999972e-01	-2.644075556000000216e+00	8.536863714000000325e-01	7.932243760999999616e-01	3.450667312999999847e-01	3.129017975999999757e-01	2.032248419999999889e-01	-5.610651501000000207e-01	-4.575775059000000144e-01	8.949824379999999913e-01	1.047400223999999991e+00	-5.027413369999999930e-03	-2.019049643999999866e+00	7.982187783999999953e-01
8.766809487000000178e-01	1.117885344999999919e+00	-1.981791343999999899e+00	-1.452142285999999949e+00	-2.339410615999999887e+00	-2.229747649000000109e+00	-7.137649654000000066e-01	8.266792236000000127e-01	9.850641313000000343e-01	1.004444595000000051e+00	-2.704025722999999992e+00	1.301769366000000039e+00	-1.661709016000000094e+00	-2.027292816000000109e+00	1.579980912999999987e+00	1.271021203999999960e+00	3.279092386999999942e-01	8.945281905999999950e-01	1.204744373999999896e+00	1.934724622000000060e+00	3.996553969000000150e-01	-4.992143882999999782e-01	1.124150884999999933e+00	-6.017667717000000360e-01	-1.078479297999999975e+00	1.487650764000000014e-01	1.329173436000000041e+00	-6.516765924999999848e-01	7.587736282999999471e-01	6.934095394000000523e-01	3.902190205000000134e-01	4.059866060999999804e-01	4.500464572000000274e-01	-5.964798017999999730e-02	1.457266061999999973e+00	1.840022526000000047e+00	5.328945026000000418e-01	6.435007717999999821e-01	-8.431764506000000159e-01	5.949705257999999830e-01	-2.983286114999999898e-03	-3.665328366999999754e-01	-1.699011149000000109e-01	-2.256454989999999938e+00	-5.881203557999999804e-02	-3.205286677999999778e+00	1.325744048000000008e+00	-1.908296129000000008e-01	1.496868384000000107e+00	6.528736347000000384e-01	4.654306133000000179e-01	7.876730570000000098e-01	6.022495002000000097e-01	5.908818639999999789e-01	-2.542781177000000170e+00	-3.374667581999999943e-01	7.863688253999999711e-01	-8.169056145999999963e-01	1.232357520999999956e+00	6.979176948999999963e-01	1.794293440999999989e-01	4.266319433999999911e-01	1.396595773999999901e+00	-1.423310520000000134e-01	-1.495499531999999965e+00	1.478762786000000107e+00
9.017030641000000069e-01	1.190409239000000063e+00	-1.946116476000000040e+00	-1.572839695999999954e+00	-2.362940753999999810e+00	-2.166073799999999938e+00	-7.913787056000000097e-01	7.164924393999999586e-01	9.206161494000000278e-01	1.821724308999999931e+00	-2.604532702000000199e+00	5.173465471000000537e-01	-5.551304969000000339e-02	-2.208054757999999840e+00	1.200444110000000064e+00	8.592358308999999972e-01	1.423554049000000044e+00	5.074704598000000511e-01	1.052335728000000081e+00	2.242330834000000106e+00	7.554354168000000369e-01	2.127714483000000101e+00	1.161107442999999906e+00	-7.516270812999999995e-01	-1.278941429999999935e+00	-2.213822279999999865e-01	1.719210598999999950e+00	-6.143276952999999763e-01	1.038976069000000058e+00	2.207296957000000059e-01	-9.102027515999999707e-01	-2.956958779000000148e-01	2.980350701999999741e-01	-1.268903601999999964e-01	3.513645793999999878e-01	1.789064060999999928e+00	8.465286054999999754e-01	1.272303149999999938e+00	-1.231609057000000007e+00	4.205877404000000208e-01	-5.501953005999999924e-01	-3.933012653999999886e-01	2.028782527000000113e-01	-1.270836999999999994e+00	7.051715269999999647e-01	-3.433528830000000198e+00	9.331789465999999755e-02	-2.825209364999999861e-01	-1.538727031999999884e-01	-1.782510523999999985e-01	-2.489209464999999899e-01	8.403794972999999446e-01	3.168997025999999995e+00	-1.082922641999999991e+00	-1.420620116000000044e+00	2.074548169999999914e+00	1.389497798000000062e+00	-9.790816079000000394e-02	-4.863848493999999856e-01	1.021283262000000081e+00	2.239249955000000014e-01	1.312645785000000065e-01	1.877861651999999992e+00	7.310178799000000005e-01	-1.121844389000000053e+00	1.633183645999999989e+00
9.065399868000000305e-01	1.168586227999999894e+00	-1.766300707000000081e+00	-1.652261384000000000e+00	-2.548626569000000064e+00	-2.283949467999999872e+00	-7.427782523999999498e-01	4.364495347999999830e-01	7.199682550999999542e-01	2.145005321999999826e+00	-2.556630737999999958e+00	-1.986673609000000063e-01	-1.130287293000000082e+00	-2.149387007000000072e+00	1.664707941999999941e+00	3.388864329999999869e-01	3.677679421000000226e-01	-8.844325435000000013e-01	9.953975156000000046e-01	2.274408586999999926e+00	7.110387549000000140e-01	1.069434396999999981e+00	9.983228090000000332e-01	-6.492778639999999823e-01	-1.134278474999999897e+00	-6.433645453999999875e-01	2.282061086000000127e+00	-5.516018712000000379e-01	1.055243772000000080e+00	-3.810108692999999817e-03	-7.433537643000000250e-02	6.581770040999999904e-02	6.171025583999999453e-01	-6.716083979000000426e-01	4.894351637000000088e-01	1.400106456000000055e+00	1.636446545999999946e+00	5.401532019000000462e-01	-1.148935814000000111e+00	4.418632695999999971e-01	-1.919173617999999915e-01	1.364945577999999993e-01	8.167754078000000195e-01	-1.322447971000000111e+00	2.523789991000000121e+00	-3.146096373999999862e+00	3.089710419999999735e-01	-5.129361716000000460e-01	-1.966420192999999983e-01	5.018194289999999835e-02	-7.039116713999999941e-01	1.516318805999999908e-01	7.177715404000000188e-01	-1.384451104999999904e+00	2.873992933000000041e-02	1.637478412999999966e+00	1.512615940999999964e+00	-8.419761212999999911e-01	1.200273782000000011e+00	-8.835524236000000253e-02	1.777306758999999958e-01	-2.324217691999999960e-02	8.132178461000000302e-01	-4.722999127999999991e-01	-8.550709589999999638e-01	1.948936006999999915e+00
9.396862771999999753e-01	1.143911941000000043e+00	-1.899486285000000052e+00	-1.597531913999999942e+00	-2.248396470999999952e+00	-2.287257407999999881e+00	-7.461500520999999608e-01	3.771392934999999724e-01	7.376509874000000133e-01	1.880295609999999895e+00	-2.456751589000000013e+00	-1.277443494999999984e+00	-1.107482051000000078e+00	-2.201919366999999905e+00	1.420116649999999980e+00	-1.929421645000000129e-01	-5.855183025000000319e-01	3.395664427000000263e-01	1.216098056999999955e+00	2.027669436000000047e+00	9.176620360999999670e-01	-4.859790516999999976e-01	1.160877099999999995e+00	-9.508813103000000044e-01	-7.537014666000000362e-01	-1.253583137999999986e+00	2.368550771000000221e+00	-6.373418309999999698e-01	1.370846028999999966e+00	-3.126035051000000120e-01	1.155496436999999960e-01	-5.659342856999999977e-02	1.175504692000000073e+00	-1.389209761000000043e+00	1.064822192000000056e+00	1.440344172999999950e+00	2.062958955000000039e+00	-2.176588348999999867e-01	-9.293220913999999944e-01	3.467678325999999922e-01	2.245566612000000073e-01	2.218597653999999919e-01	-1.225460087999999947e+00	-2.245956924000000132e+00	2.421562320000000046e+00	-2.980337309999999906e+00	5.339961144000000548e-01	7.755286754000000338e-01	2.066010037999999938e+00	-1.009998755000000026e+00	-5.402685757999999838e-01	-3.963374440999999915e-01	1.216069837000000042e+00	-1.189618000000000064e+00	7.536473540000000471e-01	-6.941242913999999820e-01	1.074742831000000010e+00	-4.598204531999999789e-01	1.835677642999999915e+00	1.623279770999999982e+00	5.011455328999999716e-03	1.153140003999999941e+00	1.060087380999999995e+00	-4.767789150999999781e-01	-1.373559749000000108e-01	1.446803330999999915e+00
9.261905237999999985e-01	1.161839362000000042e+00	-1.845086959999999943e+00	-1.578623123000000072e+00	-2.410871073000000031e+00	-2.225080623000000202e+00	-7.005631621000000253e-01	7.900259978000000460e-01	9.755890821999999574e-01	1.883023762999999962e+00	-2.633040223000000069e+00	1.309998078999999871e-01	-1.295640990000000103e+00	-2.241717622999999993e+00	8.650201144000000397e-01	-5.502927722999999549e-01	-6.884266938999999974e-01	1.902220548000000067e+00	1.300054233000000004e+00	1.976719611000000043e+00	6.514900594000000433e-01	-1.966733672000000044e-01	1.520797273999999977e+00	-9.945527954999999753e-01	-8.971722980999999875e-01	-1.174153666000000040e+00	1.708257292999999954e+00	-2.740585092000000222e-01	1.900453179999999964e+00	3.827755945999999909e-01	-5.911802978000000319e-01	-1.385838353999999939e-01	1.269483963999999965e+00	-1.588763761000000052e+00	1.594128882999999997e+00	1.146243045999999932e+00	1.984720784999999932e+00	3.873010733000000205e-01	-8.379824254000000083e-01	4.839362804999999823e-01	6.759724709000000109e-01	-5.329678812000000487e-01	1.139270911000000108e+00	-2.799376812000000214e+00	2.213814273000000110e+00	-2.813546945000000132e+00	6.670860495999999529e-01	2.323217106000000087e-02	1.771069447999999991e+00	6.630140786999999536e-01	-5.135874579000000439e-01	9.971916937999999453e-01	2.475057291000000159e+00	-1.263510896000000105e+00	1.137821945000000001e+00	6.946201279000000506e-01	7.594356539000000073e-01	5.489181346000000516e-01	1.775377646999999962e-02	-1.418877318000000054e+00	1.139149846000000049e-01	8.685894797000000001e-01	2.290059374000000147e+00	5.358813726000000166e-01	-4.585215931000000134e-02	-2.310599614999999940e-01
9.064940907999999853e-01	1.159240888000000025e+00	-1.776047042999999936e+00	-1.469925581999999897e+00	-2.592348766999999832e+00	-2.028061971000000074e+00	-8.029265222999999452e-01	8.802687785999999681e-01	8.189790998000000544e-01	2.422913717000000133e+00	-2.708516320000000199e+00	1.318439095000000005e+00	-1.195118056999999956e+00	-2.181283292999999901e+00	8.368266250000000461e-01	-9.056671737000000499e-01	-5.318951058999999981e-01	1.336104812000000086e+00	1.718786139999999962e+00	1.921184116000000053e+00	5.515954176999999792e-01	-8.774151559999999739e-01	1.430050878000000081e+00	-9.429639748000000488e-01	-8.363148984999999591e-01	-1.089830085000000004e+00	2.089183086999999883e+00	-2.536241642000000018e-01	1.445310705000000029e+00	6.882831668000000125e-02	4.369882723999999885e-01	-1.854214852999999941e-01	-9.004282050999999620e-02	-1.599299500999999957e+00	1.641320047000000004e+00	6.351729264000000041e-01	1.838333513999999891e+00	4.987015427000000001e-01	-9.237316272000000161e-01	3.958520963000000115e-01	8.197035524000000350e-01	-9.231044162000000275e-02	9.929098535999999475e-01	-2.888108519999999846e+00	1.386914803999999890e+00	-2.287424043000000129e+00	2.384573464999999892e+00	4.852157794999999996e-01	2.221453995000000070e+00	2.036773704999999879e+00	-3.498985792999999896e-03	6.136150715000000533e-01	1.942948051999999981e+00	-8.428687216000000371e-01	-1.331863940000000079e+00	8.443770260999999833e-02	2.156779813999999962e-01	-3.737086674999999802e-01	6.789336071999999556e-01	2.977818461000000250e-01	1.734204787999999997e-01	-6.233825534000000251e-02	1.480966734999999979e-01	-4.315204646999999949e-01	9.051736099999999619e-01	-1.466554754000000127e-01
9.013714593999999636e-01	1.140698892000000075e+00	-1.902265759999999917e+00	-1.519929343999999904e+00	-2.171932269000000026e+00	-2.277044468000000155e+00	-7.471227145000000069e-01	7.690243051999999802e-01	1.008388921000000105e+00	1.763906635999999972e+00	-2.736383711999999857e+00	9.761170379000000397e-01	-8.566747677999999588e-01	-1.986420567999999998e+00	1.131065036999999940e+00	-9.487000281999999896e-01	1.046242005999999947e+00	6.698506807999999868e-01	1.481376966000000017e+00	1.898161575999999906e+00	7.316134904000000105e-01	7.519817131999999571e-01	1.328612936999999938e+00	-8.890751971999999448e-01	-9.948868788000000407e-01	-9.565315809000000113e-01	2.390592101000000191e+00	-6.465835585000000441e-01	1.554680277000000110e+00	3.795669232000000153e-03	1.356776462000000016e+00	-5.318535584000000371e-01	-4.682328189999999924e-04	-1.687314170000000058e+00	1.157941220999999965e+00	7.506698293000000355e-01	1.703607171000000031e+00	3.891162006000000173e-01	-1.159963877000000032e+00	4.385395641000000011e-01	5.131937414999999669e-01	7.129360329999999690e-01	6.228469276000000443e-01	-2.507772389999999962e+00	1.150734796000000060e+00	-2.670046061999999942e+00	1.926298273000000005e+00	6.372596055000000481e-01	2.670780586000000012e-01	1.645093920999999959e+00	1.888083680000000042e+00	1.466193030999999980e+00	-2.716151069999999876e-02	-1.407473331999999910e+00	-1.026791382999999946e+00	-1.335585817999999925e-01	2.192271343999999955e-01	-2.973766585000000018e-01	4.037307065999999889e-01	-7.932785867999999629e-01	-3.789973589000000254e-01	9.454495013999999475e-01	1.286611831999999955e+00	-5.848242014000000211e-01	1.609799046000000011e-01	3.525979718999999735e-01
8.931050521000000186e-01	1.166359676999999984e+00	-1.721788971999999918e+00	-1.592663200999999917e+00	-2.484417318999999846e+00	-2.154300006999999795e+00	-8.089682446000000526e-01	7.518295355999999874e-01	1.036398812000000058e+00	2.160237871000000087e+00	-2.670455688000000105e+00	3.521487506000000045e-01	-1.016171632999999908e+00	-2.028056627999999861e+00	1.185668495999999905e+00	-9.610008385999999625e-01	1.027181871000000024e+00	-1.844064750999999946e-01	9.997172277000000440e-01	2.026183478000000093e+00	5.613281490000000540e-01	2.554674415000000032e+00	1.095273735999999998e+00	-1.108108333999999973e+00	-6.179361545999999539e-01	-1.191289674999999937e+00	2.489024891000000128e+00	-2.343405336000000116e-01	1.615377827999999960e+00	3.100771697999999965e-01	-1.008807274000000032e+00	-7.188835958999999498e-01	-4.120562956999999915e-02	-1.691319331000000092e+00	1.060960279999999978e+00	7.212094768000000267e-01	1.210375495999999940e+00	2.255873609000000057e-01	-7.432564265000000114e-01	3.669982052999999911e-01	2.106062337000000062e-01	5.546065745999999574e-01	8.153020721000000526e-01	-1.902259943000000009e+00	1.090346046999999929e+00	-2.848290914000000118e+00	1.460430099999999953e+00	3.023167129000000064e-01	-7.710881531000000066e-01	-1.520799328000000061e+00	1.087030616000000061e+00	6.564228323999999892e-01	1.550724602999999924e+00	-8.259945051999999510e-01	-8.161871304999999965e-02	1.643014970000000075e+00	8.120040223000000168e-01	-2.424642804999999901e-01	1.881915076000000020e-01	9.558763662000000494e-01	1.541952774999999942e+00	1.288897154999999906e+00	3.827865474999999851e+00	1.724168994000000010e+00	-2.001366759999999995e-02	4.106567072999999790e-01
8.771274673000000188e-01	1.129277107999999918e+00	-1.644719961000000064e+00	-1.584246822999999971e+00	-2.313560618999999985e+00	-2.120833332000000127e+00	-8.828131703999999580e-01	5.157437559999999976e-01	7.861988397000000406e-01	2.229855596999999801e+00	-2.369448086999999870e+00	-4.209939809000000088e-01	-5.820241220999999854e-01	-2.015005169000000151e+00	1.683268192999999968e+00	-8.319651888000000328e-01	3.440393841000000119e-01	-8.828678510999999896e-01	7.996930617999999935e-01	1.941618118999999920e+00	8.494653817999999745e-01	1.757129216999999910e+00	4.575119382000000234e-01	-1.120174559999999930e+00	-8.257862602000000107e-01	-1.056533691999999913e+00	2.759378002000000052e+00	-6.913770903000000523e-01	1.461084287999999898e+00	-9.555094017000000106e-02	4.051432503999999879e-01	-5.851084485999999973e-01	4.238755578000000246e-01	-1.986640659000000086e+00	9.815754783000000261e-01	2.376198476999999976e-01	1.005929389000000063e+00	-3.544663335000000082e-01	-4.344421713000000129e-01	2.922156122999999828e-01	-2.525463975000000194e-01	1.225477348000000077e+00	8.935975824000000345e-02	-2.055111725999999805e+00	1.813449748000000028e+00	-2.480252809000000003e+00	1.663700723000000048e+00	-8.332599241999999462e-01	-2.677816369999999786e-03	1.067772919000000043e+00	-8.658175250999999850e-01	-3.846978070000000027e-01	5.770317427000000166e-01	-9.956199212999999881e-01	2.455190782999999988e-01	2.041543008000000103e+00	2.217686983000000112e-01	-1.819274690999999888e-01	5.973561642999999921e-02	2.742406431000000144e-01	-1.015309513000000052e+00	-2.370423188000000125e-01	9.160880518999999778e-01	1.177517435000000057e-01	2.079042544999999964e-01	1.410861356999999927e+00
9.316935120999999542e-01	1.145507403999999951e+00	-1.868046231999999973e+00	-1.524609520999999912e+00	-2.190146813000000137e+00	-2.217663343999999981e+00	-7.364705958999999691e-01	4.765947683000000268e-01	8.738715611999999799e-01	2.083910357999999796e+00	-2.355964936999999981e+00	-1.190548774999999893e+00	-1.153535203999999981e+00	-2.001397433000000170e+00	1.405023047000000025e+00	-9.646405452999999852e-01	-4.024008432000000246e-01	-7.136563481999999570e-02	9.313715680999999913e-01	1.678310651000000098e+00	9.217703710000000328e-01	1.871240328999999869e-02	4.833851439999999888e-01	-1.281612887999999950e+00	-5.953945956999999733e-01	-1.230141729999999933e+00	2.370632751000000038e+00	-5.188585422000000502e-01	2.003240603000000064e+00	-4.129106550000000153e-01	-4.943395206000000125e-02	-7.802415163999999459e-01	8.818771318000000470e-01	-1.681408787000000071e+00	1.289970655999999938e+00	5.281618767999999610e-03	9.815035753999999946e-01	-6.370205880000000542e-01	-5.432705399999999685e-01	-3.324785048000000187e-01	1.001960334999999966e-02	5.226217198000000508e-01	-3.213313785999999950e-01	-2.411480733999999959e+00	2.016757269999999824e+00	-2.577990320000000057e+00	1.092577168999999904e+00	3.815077586999999770e-01	9.336668592000000322e-01	-8.107192181000000275e-01	-4.532785536999999754e-01	-4.993475594999999823e-01	1.092511575999999929e+00	-1.019195772000000000e+00	6.186492573999999856e-01	-1.798752072000000091e+00	-7.608175927000000449e-01	9.653800173000000040e-01	9.991397950999999500e-01	9.865347353999999458e-02	2.077898680999999970e-01	1.895985897000000087e+00	1.379853232999999957e+00	1.271730970999999988e+00	-7.231460870000000485e-02	3.941957160999999821e-01
8.687836698999999996e-01	1.134695068000000084e+00	-1.718085666999999983e+00	-1.507336476000000092e+00	-2.431029758000000207e+00	-2.099299187000000178e+00	-8.290385816999999991e-01	7.189726521999999509e-01	8.917063978999999474e-01	2.111889141999999886e+00	-2.597950174000000167e+00	-7.789328187999999820e-01	-1.438381439999999900e+00	-1.957945666000000084e+00	9.700230869000000533e-01	-7.940900744000000122e-01	-1.122721397999999926e+00	1.576657965999999966e+00	1.058773847999999962e+00	1.548746394999999998e+00	4.650102932999999883e-01	-8.607594057999999881e-01	9.790898511000000193e-01	-1.539722883000000042e+00	-3.620046930000000301e-02	-9.348640296000000349e-01	2.159405844000000130e+00	-1.216051122999999984e-01	2.364953631000000112e+00	-5.522528727000000082e-01	-5.131613624999999956e-01	-5.329238863999999909e-01	1.534039748000000022e-02	-1.516703874000000063e+00	6.675512681999999920e-01	2.433748038000000113e-01	9.305362473999999606e-01	-3.471628801000000153e-01	2.029028985000000118e-01	-2.627552944000000057e-02	3.024416478999999991e-01	2.657934552999999811e-01	2.123718498000000121e+00	-2.081534553000000010e+00	1.711505315999999999e+00	-1.833348866999999993e+00	1.174271317999999953e+00	6.866492922000000387e-01	1.871079785999999912e+00	-4.364775164999999957e-01	-9.228847204000000248e-01	3.707460934999999846e-01	1.465092456000000043e+00	-1.672546958999999944e+00	4.404084365000000001e-01	1.936586265000000084e+00	-1.098462421000000022e+00	4.927525990000000133e-01	2.979308227999999947e-01	-1.245315771000000016e+00	1.539831854000000000e+00	3.797336493999999701e-02	2.050880245000000102e+00	2.576041689999999940e-01	-8.964732167000000196e-01	-7.958226400000000256e-01
8.623226081000000542e-01	1.102514299999999947e+00	-1.831627324999999917e+00	-1.456886880999999967e+00	-2.276415983999999781e+00	-2.297466173000000111e+00	-8.588359561999999725e-01	7.357267996999999893e-01	7.674136044999999573e-01	1.608313783999999913e+00	-2.210222138999999864e+00	1.159508479000000092e+00	-1.538450740000000039e+00	-1.684892217000000025e+00	1.108822385000000077e+00	-3.075448472000000266e-01	-1.152030480000000079e+00	1.031102162000000044e+00	1.209493120999999949e+00	1.190937181000000011e+00	9.054258902999999803e-01	-1.177133554999999943e+00	1.305858710999999950e+00	-1.297863097000000021e+00	2.499615340000000130e-01	-6.099165452999999459e-01	1.949042232000000041e+00	-6.512518111999999748e-01	2.170572096999999978e+00	-3.023931443000000274e-01	-5.390250487000000090e-01	-1.999041829000000048e-01	3.344511213999999955e-01	-1.856429756999999903e+00	1.119720731999999996e+00	6.681441382999999679e-01	9.517994375999999646e-01	-5.609272644999999669e-01	1.281777300999999980e+00	5.456224143000000248e-01	1.078464510999999959e+00	9.405718642000000518e-01	-2.166214847000000054e-01	-2.662372176999999951e+00	5.224874622999999829e-01	-9.502805627000000532e-01	1.643391078999999921e+00	1.343011987000000129e-01	1.412810673999999933e+00	8.917780526999999902e-01	-2.268292859000000106e-01	1.231091812000000063e+00	-4.520176041999999783e-01	-1.538737988999999917e+00	1.547949070999999899e+00	-8.103372019000000537e-02	-1.122283820000000043e+00	-4.577463545999999744e-02	6.347495155000000278e-01	-2.443407035999999866e-01	-1.025223364999999998e+00	-1.455570781000000036e+00	2.152183663000000191e+00	-5.307084955000000021e-02	-3.318284301000000158e-01	-2.060192070000000097e-01
8.596659268999999881e-01	1.175072842000000062e+00	-1.861717722999999935e+00	-1.389114190999999998e+00	-2.254551343999999791e+00	-2.054921263000000220e+00	-7.563873807000000005e-01	9.171482574999999526e-01	1.047855516999999903e+00	1.562612456999999955e+00	-2.315610248000000038e+00	1.166581480000000060e+00	-1.393562299000000060e+00	-1.722646871000000024e+00	1.321468783000000036e+00	-2.271566717000000069e-01	5.207701712000000205e-01	1.030565546000000055e+00	1.331583074999999949e+00	1.147647164000000108e+00	8.825148150999999608e-01	-3.731294642999999911e-01	1.075474873999999970e+00	-1.513193167000000061e+00	6.448628993999999670e-01	-7.607415465000000321e-01	1.817956144999999912e+00	-2.992709471000000176e-01	2.183260779999999901e+00	1.336118793000000138e-01	1.495365469000000114e-01	-3.558921428999999859e-01	-3.821054476999999894e-01	-1.649255700999999963e+00	1.409433267000000045e+00	4.277318606000000134e-01	1.482812577000000021e+00	-2.967858069000000043e-01	1.619362133999999953e+00	5.993446098000000388e-01	7.973448886999999763e-01	4.668305366000000123e-01	2.892122252000000060e-01	-2.250990824000000057e+00	4.613183487999999999e-01	-1.395664513999999912e+00	1.463363908000000047e+00	-8.682149447000000464e-01	1.701871907999999989e+00	5.839734649000000166e-01	-3.615634917000000170e-01	1.330578556000000079e+00	2.101417862999999997e+00	-2.234643481999999959e-01	-1.657079629000000054e+00	5.906297688999999629e-01	-9.303531466000000139e-01	9.970458379000000093e-01	-2.799320262000000170e-01	-1.814314903000000090e+00	-1.566877658999999978e-01	1.887802095999999985e-01	1.397812475000000054e+00	-2.303227518000000029e-01	9.486964657999999440e-02	1.569333328999999999e-01
8.644777637999999653e-01	1.206950170999999905e+00	-1.736639317000000071e+00	-1.527387132000000092e+00	-2.345887014000000104e+00	-2.019993540000000198e+00	-8.120241620000000493e-01	7.831501279000000482e-01	1.129799658000000040e+00	1.939977371999999978e+00	-2.040887517999999901e+00	9.200920862000000477e-01	2.778624113000000007e-01	-1.451717452000000019e+00	1.324168575999999931e+00	3.252444420000000225e-02	1.141635897000000011e+00	1.720802120999999907e-01	9.856470412000000181e-01	1.339885997999999967e+00	7.037075242000000452e-01	6.655871976999999662e-01	1.384396396999999945e+00	-1.512705878000000004e+00	1.003211381999999929e+00	-4.619623260999999870e-01	2.089270184000000086e+00	-5.356009032000000336e-02	1.699592948999999908e+00	-4.524570071000000304e-02	-6.153769560999999833e-01	-2.591941990000000140e-01	-5.806887641000000322e-01	-2.213140080000000065e+00	1.219568420000000097e+00	1.353594515000000054e-01	1.358760133000000092e+00	6.009704878000000222e-03	2.033469757999999850e+00	5.354364604000000361e-01	5.344971966999999546e-01	7.529088805000000439e-01	1.274395740000000110e+00	-1.258126676000000055e+00	-4.164428383000000067e-01	-7.783882830999999669e-01	1.283309193000000015e+00	5.737843447999999569e-01	-2.407547204000000107e-01	1.271539552999999961e-02	1.193189467999999920e+00	1.008566993000000050e-01	4.997996793000000215e-01	-1.398866254999999947e+00	-1.739516096000000012e+00	1.206645127999999900e+00	-5.715891824000000065e-01	2.909275159999999971e-01	-3.606701252999999774e-01	2.079550792000000037e-01	-1.861783056000000103e-01	-2.058877090000000021e-01	1.045324154000000005e+00	1.041529778000000045e-01	-2.618659589999999815e-01	4.805015566999999987e-01
8.555664564999999611e-01	1.147207858000000025e+00	-1.913234085999999889e+00	-1.466507275999999971e+00	-2.096483569000000102e+00	-2.166075681000000142e+00	-7.170684974000000045e-01	5.546974789999999933e-01	9.915367865999999974e-01	1.844959830000000078e+00	-1.829279525000000017e+00	1.699161572000000009e-01	-1.510212995999999919e+00	-1.088355887999999938e+00	1.910906154000000079e+00	-1.175224774000000055e-01	1.203042155999999974e+00	-4.921631354000000069e-01	1.208011583000000000e+00	1.315294267999999933e+00	9.554025014999999454e-01	1.917398839000000077e+00	7.905062264000000116e-01	-1.375800847000000049e+00	1.091070962999999949e+00	-4.893145709999999760e-01	1.901948291999999929e+00	-8.422317232999999570e-01	1.316504169999999974e+00	8.702233041999999155e-03	-5.562152141999999744e-01	-1.513049458000000069e-02	-3.426856114999999869e-01	-2.418863462000000020e+00	1.177977330000000045e+00	2.147559182999999872e-01	1.518211607000000019e+00	-7.000309864000000548e-01	2.320361166000000086e+00	6.672540045000000530e-01	6.783683380999999679e-01	8.677395839999999527e-01	5.492079789999999850e-02	-5.680186443000000418e-01	1.978571255000000084e-01	-7.511874857000000461e-01	1.175170931999999890e+00	-1.005991797999999937e+00	4.495035728999999813e-01	7.128513890000000019e-01	9.444616478999999787e-01	-1.222123108999999985e+00	-4.578594257000000167e-02	-1.329817610999999955e+00	-2.408836289000000075e-01	3.200681011000000020e-01	-9.372305211000000469e-01	-2.897137128000000228e-01	-6.827167657999999584e-01	1.435797451000000002e+00	-5.738544735000000035e-02	2.395608642000000010e-01	2.051747323999999928e+00	3.362175562999999978e-01	2.610336856000000094e-01	8.429488214000000479e-01
8.703159208999999841e-01	1.148428189999999960e+00	-1.895006042999999973e+00	-1.464114818000000096e+00	-2.225810564000000102e+00	-1.912540031999999890e+00	-6.940965357999999696e-01	6.453679095000000032e-01	1.086445107000000077e+00	2.121599275999999978e+00	-1.552645091999999893e+00	-5.357359404000000547e-01	-8.102005679999999543e-01	-1.127940329999999935e+00	1.936673265999999893e+00	-3.416815259000000049e-02	3.442575749999999823e-01	-5.838494965999999620e-01	1.171442262000000012e+00	1.371041804999999947e+00	8.236885537000000479e-01	1.529138711999999956e+00	4.448887959999999753e-01	-1.288986100000000024e+00	9.327949521999999716e-01	-4.098428697000000009e-01	1.583848157000000034e+00	-2.453717189999999881e-01	4.266800942999999791e-01	1.547307480000000013e-01	-8.781925817999999828e-02	2.420968863999999887e-01	5.349476548999999581e-01	-1.922127595000000078e+00	1.199164928999999935e+00	2.417474092999999935e-01	1.537908516999999975e+00	-2.891990394000000242e-01	2.138213014999999828e+00	7.399372142000000263e-01	7.541990078000000430e-01	3.432111035000000032e-01	9.920337936999999995e-01	-4.660246078999999986e-01	4.764409318000000226e-01	-7.321684821999999704e-01	8.290957611999999477e-01	3.461384362000000103e-01	4.709381112000000091e-01	-7.701567477999999856e-01	-1.380423128999999971e+00	2.929434024000000109e-02	1.107620338999999898e+00	-4.948403576000000026e-01	-2.799985369999999918e-01	1.215406470000000017e+00	-1.057354493000000062e+00	1.457446521999999911e+00	1.703687268000000088e-01	-1.196117462999999992e+00	-1.605128208999999917e-01	-3.742263563000000071e-01	4.365803156999999990e-01	2.603910508999999762e-01	-1.904089344000000072e-01	4.252239554000000199e-01
8.623276343000000344e-01	1.116866393000000013e+00	-1.728510890999999994e+00	-1.500741754000000094e+00	-2.251912896999999969e+00	-1.984075508000000099e+00	-7.176362697999999485e-01	6.752320337999999644e-01	1.115258301999999979e+00	2.028170001999999972e+00	-1.324828043999999982e+00	-1.365588038000000060e+00	-1.584577493000000059e+00	-1.194772047000000059e+00	1.325782867999999892e+00	6.711251599999999706e-02	-6.137828296999999766e-01	2.473079867000000098e-01	9.184259543999999664e-01	1.395816377000000053e+00	9.550618115000000241e-01	-1.038197481999999949e+00	5.282098494000000422e-01	-1.062495592999999960e+00	7.737363630000000381e-01	-3.163428655000000145e-01	1.695481336999999922e+00	4.801427567000000202e-02	-1.472675923000000067e-02	1.557760736000000090e-01	7.470276623999999761e-03	7.217772635000000436e-01	1.243277809000000067e+00	-1.491610061999999903e+00	1.012660732999999924e+00	6.791044134000000509e-01	1.453297818000000019e+00	-5.603532585999999593e-01	1.938013117999999979e+00	6.834522433999999924e-01	1.221440668999999923e+00	-2.333081138000000013e-02	-1.770338169000000017e-01	-6.678943335999999453e-01	9.097296343999999868e-01	-2.058697473999999972e-01	8.938509823000000409e-01	4.935430915999999835e-01	2.050667883000000025e+00	3.315409536000000212e-01	-2.908329293000000079e-02	-4.853726026999999887e-01	3.375932083000000028e-01	-1.667236535000000019e+00	2.379271189999999925e-01	-5.787454750999999897e-02	-9.144588324000000323e-01	3.093568834000000045e-01	8.894734157000000474e-01	-2.547689404999999851e-01	1.743310316000000082e+00	9.933437938000000411e-01	6.503683367999999465e-01	-3.427055855999999734e-02	-2.550768763999999855e-01	6.695543322000000463e-01
8.448681178000000402e-01	1.068120272000000037e+00	-1.999480200999999902e+00	-1.421491193000000042e+00	-2.111518724999999819e+00	-1.943680560000000002e+00	-6.752398783999999932e-01	7.857622155000000275e-01	1.153168053999999998e+00	1.822867918999999892e+00	-1.556101124000000002e+00	-9.806278102000000052e-01	-1.518918841999999936e+00	-1.028967632999999937e+00	1.410818640000000013e+00	2.324568962999999933e-01	-1.172987696999999940e+00	1.791125929999999977e+00	1.032684675999999913e+00	1.397821682000000010e+00	6.775132783999999742e-01	-4.345927186999999914e-01	7.059722341999999928e-01	-1.039365952000000037e+00	3.709503948000000273e-01	-2.929977536000000216e-01	1.340099630999999958e+00	-1.477389738000000063e-01	2.178915047999999965e-01	-1.273405263999999870e-01	1.347710789000000076e-01	7.917739350000000398e-01	4.424390374000000126e-01	-1.000233705000000084e+00	1.223784886000000016e+00	1.518489884999999928e+00	9.858500701000000310e-01	2.610544794999999918e-02	1.720236620000000105e+00	1.068097043999999940e+00	1.450850533000000109e+00	-4.457859877999999915e-02	8.557996945000000411e-01	-9.985903728999999673e-01	1.084844353999999900e+00	-5.664534951999999901e-01	1.027133306999999940e+00	4.412632316999999804e-01	2.858398235000000120e+00	-2.535441663999999928e-01	-8.477861762999999717e-01	3.254642937000000180e-01	-1.720247996000000001e-01	-6.363892438999999568e-01	1.963166617000000058e-01	1.172455250000000060e+00	-1.506151119999999954e+00	4.204214450000000047e-01	7.291684171000000214e-01	2.646158914000000251e-01	-2.891868684000000189e-01	1.289364520999999875e-01	1.311988227999999923e+00	-8.757721256999999593e-01	-3.739684390999999802e-02	5.994436977000000555e-01
8.553613600999999678e-01	1.119449439000000046e+00	-1.901357718999999946e+00	-1.436003872999999986e+00	-2.203298140999999877e+00	-1.866172264000000025e+00	-6.749788204000000125e-01	1.094560382000000054e+00	1.310270029000000003e+00	2.100244879999999981e+00	-1.394991987999999905e+00	1.092830205000000054e+00	-1.516765001000000002e+00	-1.008195648000000055e+00	8.462003277999999851e-01	5.973463016000000181e-01	-7.342376939000000435e-01	1.637462194999999898e+00	9.224676658999999557e-01	1.563035195999999960e+00	8.096587464000000178e-01	-3.427208902000000168e-01	8.294547060000000416e-01	-5.353877995000000389e-01	3.100613550999999912e-01	-9.079207353000000313e-02	7.858882000000000367e-01	-7.250316728000000266e-02	-1.282470478999999941e-01	4.206286410000000253e-01	-3.074159746999999832e-01	8.663498170000000220e-01	1.183023028999999893e+00	-8.917992484000000220e-01	1.328972381999999897e+00	1.148842423000000057e+00	8.004041343000000142e-01	6.142688653000000221e-01	1.705085742999999932e+00	1.204077140999999962e+00	1.157759967999999917e+00	-5.123458645999999783e-01	-1.081820606000000046e-01	-1.539508799000000039e+00	-1.300791708999999956e-02	-4.508400743000000044e-01	9.593331832000000503e-01	1.031798637999999935e+00	1.989370190000000038e+00	1.096726936000000041e+00	-2.998841051000000202e-01	1.766699328999999929e+00	1.060448137000000068e+00	-1.470523618000000088e+00	1.319394022000000000e+00	9.189962891000000300e-02	-6.749426093000000515e-01	3.994308729000000113e-01	-1.199516615000000008e-01	-1.169816050999999968e+00	-8.469864940000000342e-01	-6.934662012000000209e-01	4.309542564000000131e-01	-1.352612414999999901e-01	-3.984807062999999872e-01	1.336298173999999894e-01
8.154719556999999730e-01	1.130276070999999938e+00	-1.694211842000000079e+00	-1.334099163999999949e+00	-2.281920810999999993e+00	-1.864888239999999975e+00	-8.228998358000000346e-01	1.145887719999999943e+00	1.347387756000000048e+00	1.345965341000000093e+00	-1.592920874000000042e+00	1.179729073999999933e+00	-1.683655740999999928e+00	-1.019983671999999952e+00	9.817396428000000341e-01	5.355694523999999790e-01	4.740381745000000202e-01	9.567712086999999865e-01	1.028069327000000088e+00	1.543300466000000037e+00	4.991951994000000115e-01	-9.978170504000000163e-01	9.182804304999999667e-01	-6.165609536999999696e-01	8.270558506000000309e-02	-1.843602458999999902e-02	1.264698598999999923e+00	-1.457091259000000139e-01	-1.728092310000000076e-01	2.655002244999999927e-01	6.291614161999999899e-01	1.023680805999999999e+00	8.567518993999999333e-02	-1.051525381000000037e+00	8.169604335000000273e-01	1.218770815999999924e+00	9.885942583000000283e-01	8.667307030999999995e-01	1.464575968999999978e+00	1.447379551999999903e+00	9.974977939000000404e-01	-3.526726336000000073e-01	8.832331969000000171e-01	-1.214404790999999983e+00	-3.783273623000000252e-01	-4.760107619000000234e-01	1.352302630999999922e+00	1.489836301999999946e-01	2.031754085000000210e+00	1.223811718000000104e+00	-5.432732606000000020e-02	7.953768092999999872e-01	1.734771999999999981e+00	-3.152881183999999837e-01	-1.949688875000000099e+00	1.061188067000000013e+00	-1.616954924000000016e-01	-3.429277629999999966e-01	-3.291316367000000076e-01	-3.933085666999999730e-01	-1.626191086000000063e-01	9.914033993999999961e-01	9.944733846000000099e-01	7.500453216999999895e-02	-2.147139499000000062e-01	9.067513017000000675e-02
8.469307816000000155e-01	1.109034537000000098e+00	-1.880898509000000107e+00	-1.456599836999999953e+00	-2.017705782999999808e+00	-2.014211931999999816e+00	-8.440903776999999497e-01	9.297569742000000304e-01	1.422414194999999992e+00	1.278034066000000024e+00	-1.438271810000000039e+00	9.912424326000000008e-01	-3.650766115999999895e-01	-9.441371530000000067e-01	9.937315800999999560e-01	8.900537407999999928e-01	1.391178567999999949e+00	2.255562875999999883e-01	9.973086924999999825e-01	1.671856696000000086e+00	5.845225195000000040e-01	-2.744517210999999901e-01	1.018751852999999929e+00	-4.070085165999999810e-01	3.428032132000000121e-02	-7.038627511999999420e-02	1.633785722000000051e+00	-1.390642478000000126e-01	-4.174759262000000137e-01	3.631789205000000020e-01	8.056303714000000449e-01	1.128472257000000090e+00	-3.690633728000000113e-01	-1.570441446000000019e+00	6.616283831000000504e-01	1.612143727999999943e+00	7.601413128999999769e-01	1.419677848000000076e+00	9.629050568999999449e-01	1.762492678000000090e+00	7.573659397999999987e-01	7.531406150999999660e-01	4.489676995999999920e-01	-5.379822478000000352e-01	-7.867976911999999823e-01	7.726168372000000173e-02	1.404848344999999998e+00	-1.367526371999999990e-01	2.062004544999999911e-01	1.507676105999999905e+00	1.550610067999999897e+00	9.319122963000000537e-01	8.565628910000000484e-02	-1.439445995999999894e+00	-8.068988443000000288e-01	1.053400195000000039e+00	-3.580349230000000049e-01	-2.627447203000000120e-01	-5.796881189999999462e-01	-7.264899873999999813e-02	-1.120962132999999916e+00	-1.008603318000000026e+00	4.903944912000000045e-01	-3.539656714000000148e-01	-1.773168367000000079e-01	3.754516247999999945e-01
8.692905708000000509e-01	1.159831368999999945e+00	-1.919390544999999948e+00	-1.438616847000000032e+00	-1.973701273000000089e+00	-1.954865695999999931e+00	-7.084724356999999584e-01	7.707753756999999872e-01	1.410836557000000102e+00	1.805485143999999931e+00	-1.424030579999999935e+00	3.920399259999999830e-01	-1.179445937999999972e+00	-1.135578369999999948e+00	1.182459887000000043e+00	1.053085049999999967e+00	1.341229908000000082e+00	-2.290521775999999898e-01	1.039800341000000072e+00	1.323903634000000107e+00	7.915400084999999475e-01	1.953818126000000044e+00	8.097099980999999946e-01	-5.406158129999999451e-01	7.950049901000000308e-02	-3.785200734000000039e-02	1.322162242999999959e+00	-5.819412760000000073e-01	-2.056187317000000014e-01	6.723417965000000329e-01	-8.542650939000000498e-01	1.407307638000000027e+00	-1.221320008999999956e-01	-1.299325998999999898e+00	8.641848768000000014e-01	1.438716292000000063e+00	4.070525926999999933e-01	1.519788711999999986e+00	1.198425772000000000e+00	1.742770147999999963e+00	8.708994125000000253e-01	8.514195348999999968e-01	7.551707654999999519e-01	-2.669891424999999985e-01	1.956757275999999879e-01	2.983236785000000224e-01	5.571145975000000305e-01	-6.283838724000000431e-01	1.330377929999999875e-01	-3.973557547000000079e-01	3.095267979999999919e-01	-2.291329413000000037e-01	1.019473577000000075e+00	-7.603871159999999740e-01	-7.889126288000000153e-01	1.641234163999999995e-01	-3.922828114000000144e-02	-6.871418915999999433e-02	-3.834548179000000223e-01	1.040756336999999920e+00	-1.804337635999999911e-01	1.878904082999999892e+00	2.735394965999999872e+00	3.668911411999999928e-01	6.195087896999999788e-02	3.634602672000000201e-01
8.733850367000000059e-01	1.209006538999999991e+00	-1.723625127999999895e+00	-1.479877034000000036e+00	-2.074664122999999805e+00	-1.782678468999999932e+00	-6.297202135999999673e-01	8.729369758999999673e-01	1.430871444999999964e+00	2.203273397999999883e+00	-1.662554990999999927e+00	-8.366353045000000099e-01	-9.415948512999999798e-01	-1.431039565000000069e+00	1.497398761999999994e+00	1.329872084000000010e+00	9.572788059999999544e-02	-6.446050817999999794e-01	1.094180190000000108e+00	1.308907757000000061e+00	3.933569491999999723e-01	1.331532053000000104e+00	4.150792396999999911e-01	-7.096531710000000270e-01	3.237998158000000015e-01	1.759498955000000087e-01	1.134395757000000060e+00	-1.694186394999999956e-01	-8.059556839000000528e-01	1.310139755000000017e+00	4.644997629000000017e-01	1.971749602000000046e+00	4.245024673000000193e-01	-9.484568290999999540e-01	4.312672050999999951e-01	8.054383159000000347e-01	4.241681049000000092e-01	1.400799673000000078e+00	1.353465856999999994e+00	1.663080274999999997e+00	6.413822222999999711e-01	8.483325500999999713e-01	1.125638410000000089e+00	-1.048041615000000065e-01	1.404201725000000067e+00	7.893377535000000167e-01	6.675186421000000037e-01	5.182119488999999968e-01	4.009067063999999792e-01	-9.191190012000000076e-01	-1.423279527999999905e+00	-3.612029929000000195e-01	8.826008602999999564e-01	-1.517655581999999947e+00	-1.631221381000000081e-01	2.670781867000000087e+00	2.363822802999999972e-01	9.114764884999999595e-01	-1.815541605000000058e-01	9.069049565999999507e-02	1.456765891000000090e+00	1.034663115999999994e-01	1.740219073000000005e+00	-1.470560641999999918e+00	-4.681038755999999967e-01	3.530135576999999802e-01
8.764210663000000512e-01	1.124980899000000090e+00	-1.671586830999999940e+00	-1.408795680999999966e+00	-2.083373903000000027e+00	-1.844276781999999892e+00	-6.627441381999999992e-01	9.915922150999999518e-01	1.454896723000000058e+00	1.758598152000000026e+00	-1.593144182000000075e+00	-1.474571324000000017e+00	-1.524622098999999897e+00	-1.413716669999999898e+00	8.841127307999999685e-01	1.584848816999999910e+00	-7.242828773999999692e-01	3.365138496000000257e-01	1.599466921000000097e+00	1.020357042000000103e+00	4.551073716999999852e-01	-1.036208972000000061e+00	8.210818407000000096e-01	-9.074484533000000130e-01	3.692229193000000076e-01	5.269817739000000056e-01	1.033919245000000098e+00	8.863768283999999553e-02	-6.987914449000000028e-01	1.497746682999999912e+00	-1.957761356999999924e-01	1.926038423999999916e+00	1.535000716000000098e+00	-9.404953088999999933e-01	7.937688274999999960e-01	1.202740096000000092e+00	-1.871704103000000063e-01	9.004661308000000419e-01	1.001157249000000027e+00	1.599233166999999955e+00	1.671920132999999975e+00	1.013804278000000059e+00	-4.129441093999999812e-01	-7.270726271999999879e-01	1.703486194999999981e+00	1.970961868999999922e+00	1.338334520000000083e+00	-1.997000904000000021e-01	1.724124919999999950e+00	4.657143006999999724e-01	-2.287843455000000137e-01	-3.268966051000000150e-01	3.051546788000000232e-01	-1.383756473999999903e+00	9.503247672999999562e-02	4.757929726999999831e-01	6.156499971000000127e-01	-2.456645583000000022e-01	1.205819812000000102e+00	-3.765137385000000281e-02	8.526518886999999713e-01	9.170899246000000504e-01	1.490558582000000021e+00	-5.340245593000000346e-01	-5.871709896000000262e-01	1.426922801000000129e-01
8.540089055999999790e-01	1.131751772000000100e+00	-1.939914453999999955e+00	-1.298686481000000059e+00	-1.930389485000000072e+00	-1.544278465999999961e+00	-5.872170362999999949e-01	1.055192402000000085e+00	1.408223608999999987e+00	2.049275841000000042e+00	-1.833967756999999921e+00	-9.706809652000000233e-01	-1.442305393000000047e+00	-1.399617968000000046e+00	1.050198790000000049e+00	1.701441975999999912e+00	-1.074290610000000035e+00	2.077701504000000199e+00	2.093615273000000165e+00	1.038075271999999938e+00	4.965624880999999768e-01	-6.707900091000000217e-03	1.181234875999999989e+00	-1.034008763000000108e+00	-1.917434746999999856e-02	8.218940565000000253e-01	6.525395078000000293e-01	-1.935848303000000173e-02	-5.423055114999999482e-01	1.189450912000000082e+00	4.028595692999999978e-01	1.814592664000000077e+00	8.101644785999999598e-01	-6.649649820999999905e-01	6.538485291000000199e-01	1.421492489000000026e+00	-5.756153229999999565e-01	5.491998124000000425e-01	9.469723655999999767e-01	1.785158369999999994e+00	1.552551746000000010e+00	6.143086330000000483e-01	6.191223031000000487e-01	-1.260393875999999969e+00	1.821793278999999988e+00	1.811201242000000100e+00	1.072270266999999944e+00	1.278106952999999990e+00	2.018484309000000199e+00	-5.993764372000000007e-01	-6.456361263000000017e-01	3.278277224000000212e-01	4.034157273999999793e-01	-3.161137860000000077e-01	1.889857763999999996e-01	1.039227531000000093e+00	4.533214684999999911e-01	1.623314473999999952e-01	-1.826033069999999925e-01	-1.093157478000000016e-01	-2.040982184000000033e-01	3.558961710999999917e-01	7.577323017999999522e-01	-1.776792332000000085e+00	-6.364972441999999786e-01	-5.530337129000000296e-01
8.784055879000000067e-01	1.184521675000000052e+00	-1.786205151999999963e+00	-1.265804986000000021e+00	-2.138561913000000203e+00	-1.501182416000000019e+00	-6.445940063999999747e-01	1.375237460999999994e+00	1.520790260000000060e+00	1.642513855000000023e+00	-1.977549954999999970e+00	1.042304981000000019e+00	-1.216478590999999998e+00	-1.476925840000000045e+00	7.399303188000000420e-01	1.537600019000000096e+00	-6.950374193999999672e-01	1.917142901999999927e+00	1.887191610999999991e+00	1.098480531000000093e+00	3.385507528000000210e-01	3.760143266000000040e-01	1.501366817999999936e+00	-1.031774761000000096e+00	-2.743801927999999987e-02	7.850469356000000509e-01	-5.831913955000000288e-02	3.051624199999999898e-01	-5.190711734999999827e-01	1.703785466000000026e+00	-2.393805897999999877e-01	1.668609239000000022e+00	1.926699084000000006e+00	-6.671377232999999851e-01	9.710257733999999585e-01	7.831522293999999551e-01	-4.798635560000000244e-01	8.207322863999999552e-01	4.722915107999999806e-01	1.403612234999999986e+00	1.029130198999999912e+00	3.187761523999999968e-03	5.210680525999999979e-01	-1.783083103000000058e+00	3.329224097999999854e-01	1.752222096999999978e+00	1.625480940999999957e+00	3.977615764999999914e-01	6.728807329999999531e-01	-4.248239033000000137e-02	-1.315056834999999980e-01	1.299519977999999965e+00	1.343435560999999945e+00	-7.419574450999999460e-01	1.407643423999999976e+00	4.851823986000000088e-01	1.099341027999999998e+00	2.068698803000000030e-01	-2.195901558999999864e-02	-5.837361471999999996e-01	-4.770747673999999883e-01	9.564892286999999993e-02	1.021162198999999937e+00	-2.489428435999999911e-01	-9.408912138999999675e-01	-1.297291468000000059e+00
8.363965435000000337e-01	1.168437144999999955e+00	-1.642603947000000009e+00	-1.213945094000000058e+00	-2.159125149999999937e+00	-1.317996705999999962e+00	-7.481072261000000223e-01	1.385061016000000089e+00	1.323397267000000044e+00	2.093694059000000163e+00	-2.239845301999999982e+00	1.390854245000000100e+00	-1.164414749000000082e+00	-1.406603875000000059e+00	7.884628099999999584e-01	8.684891572999999809e-01	1.538256292000000046e-02	1.137723708000000000e+00	2.137308613000000079e+00	1.113755494999999929e+00	3.628486443999999755e-01	-5.774454355000000483e-01	1.381460501000000063e+00	-1.241400054000000086e+00	-6.543525546999999776e-01	6.906486283999999642e-01	9.547310502000000421e-02	1.197382096000000062e-01	-4.776181396999999995e-01	1.056070414999999985e+00	1.124076352999999973e+00	1.306908278999999951e+00	6.365716183999999833e-01	-8.557147615000000318e-01	6.212716060000000179e-02	8.390730673999999834e-01	2.449593628999999911e-02	4.842343700000000251e-01	-2.062143664000000085e-02	1.151624654999999997e+00	6.130573678999999832e-01	-4.005470239000000210e-01	1.048534765999999951e+00	-1.418863906999999980e+00	4.648760231999999881e-01	1.440553238999999985e+00	1.619845267000000089e+00	-6.077049060999999835e-02	1.168799334000000023e+00	3.882966719000000011e-01	1.164922783999999961e-01	1.040881688000000081e-03	2.349218442999999823e+00	-4.868811107999999888e-02	-1.485582578000000042e+00	1.117072183000000107e+00	1.233778051999999903e+00	-1.044300948000000062e+00	-6.462986603000000496e-01	2.925881947000000260e-01	3.155050457999999947e-01	1.100397135999999998e+00	6.079885802999999977e-02	-1.497609081000000009e+00	4.565993396000000287e-02	-1.625792400999999998e+00
8.583381960000000532e-01	1.122126455999999939e+00	-1.799416386999999951e+00	-1.288754240999999912e+00	-1.863347628999999950e+00	-1.790790271000000100e+00	-8.042399022999999758e-01	1.167748145000000015e+00	1.284839406999999989e+00	1.201238924000000097e+00	-1.935845564999999935e+00	1.111111863999999949e+00	-3.960173135999999761e-01	-1.126503677000000092e+00	1.241330497999999949e+00	2.820856887000000035e-01	1.146255833999999973e+00	2.928192956999999819e-01	2.131418737999999813e+00	1.212104497999999975e+00	3.769581253000000021e-01	-6.806206783999999878e-03	1.491570684000000035e+00	-1.173844593000000103e+00	-1.147563606000000069e+00	4.165254926999999996e-01	3.022877807000000083e-01	-6.430765290999999884e-02	-2.783666899000000194e-01	8.297268886999999982e-01	1.266226609000000058e+00	9.176617703999999653e-01	5.168046606999999737e-01	-1.483172131999999976e+00	-8.056365866999999625e-02	1.247153033000000022e+00	4.359577806000000111e-01	2.725017189000000228e-01	-7.564918228000000466e-02	1.340229903000000000e+00	1.059037451000000019e+00	3.887067350000000254e-01	4.352937957999999941e-01	-6.840332623999999528e-01	1.219522997000000025e-01	8.645093571999999948e-01	1.803618281999999962e+00	2.058479443000000020e-01	-2.374334495000000045e-01	1.236553697999999979e-01	2.047020338999999911e+00	-3.025809150000000058e-01	1.394853393999999913e-01	-8.597365183999999827e-01	-5.647652723999999624e-01	4.753613579000000033e-01	1.602343711999999920e+00	-9.311038043999999569e-01	-3.413232491000000035e-01	4.741798542999999810e-01	-1.241611829000000000e+00	3.157727115999999778e-01	1.390053656000000082e+00	-1.126322988999999941e+00	-1.780681982000000083e-03	-9.370779887000000308e-01
8.524852200000000435e-01	1.163712268000000050e+00	-1.819341099999999933e+00	-1.354784935000000079e+00	-2.005460135999999949e+00	-1.612237748000000082e+00	-8.018157566000000402e-01	1.134954642000000069e+00	1.323088628000000044e+00	2.090241444000000115e+00	-1.809875289999999914e+00	2.609371189999999952e-01	-7.897178147000000203e-01	-1.191739756000000039e+00	1.173143821999999892e+00	-3.892552991000000073e-01	1.364784551000000068e+00	4.914168937999999903e-02	1.895067733999999948e+00	9.231755088999999970e-01	7.354399886000000386e-01	2.306918569000000030e+00	1.433851519000000074e+00	-1.367520767000000026e+00	-1.095368458000000045e+00	1.849771594999999880e-01	-8.531938672000000112e-02	-1.242857380000000067e-01	6.010834427000000257e-02	8.159581060999999691e-01	-8.834201084999999676e-01	4.172011675999999780e-01	4.905483193999999880e-01	-1.028348414999999960e+00	-7.061215858000000067e-02	1.191506983000000020e+00	6.886219251999999846e-01	4.779501015000000019e-01	2.569795002999999967e-01	1.066328871000000067e+00	1.276369153999999950e+00	4.805097420000000175e-01	8.963856373999999905e-01	-4.467378370999999793e-01	4.904931638000000205e-01	5.709836254000000277e-01	1.533138638999999914e+00	-5.335491606000000164e-01	-1.203521996999999955e-01	-6.578567918000000070e-01	2.928080265999999932e-01	-5.053809274999999657e-01	2.503176891999999931e+00	-4.905198331999999772e-01	-7.159203742999999953e-01	5.743538518999999898e-01	1.670047025999999990e+00	1.901493834999999910e-01	-5.460558494999999679e-01	2.113164681999999961e-01	5.553070212999999811e-01	1.228243054000000001e+00	2.196829339000000214e+00	4.525577527999999905e-01	5.836559927000000148e-01	-9.715074704999999700e-01
8.604739158999999971e-01	1.164199194999999909e+00	-1.625030682000000004e+00	-1.329962536999999889e+00	-2.068059177999999942e+00	-1.528997347000000007e+00	-7.796256418000000465e-01	9.910105367999999526e-01	1.226465976999999929e+00	2.056803896999999992e+00	-1.397382617999999965e+00	-6.069516332000000070e-01	-1.029642313000000087e+00	-1.188711542000000065e+00	1.556752452000000009e+00	-3.904097947999999874e-01	2.073614265000000012e-01	-8.465294654999999668e-01	1.539737439000000041e+00	1.277381158999999933e+00	9.702069478000000524e-01	1.460377897999999952e+00	1.280048260999999910e+00	-1.544238994000000087e+00	-1.209539780000000064e+00	4.817891400000000046e-01	8.387952090000000416e-02	2.670425166000000017e-01	-2.385777944999999955e-01	4.841481744999999726e-01	1.180353548000000058e-01	7.908237555999999557e-01	7.034614810999999523e-01	-1.291493519999999950e+00	-9.908395236000000494e-02	2.578971870000000277e-01	1.195029512999999932e+00	-5.504587496999999718e-01	9.190735930000000220e-01	9.622991404999999832e-01	8.305393171999999602e-01	1.532122718999999966e+00	9.774510280000000551e-01	-1.272912640999999956e-01	8.536101906999999933e-01	1.059754078999999960e+00	1.477810376999999953e+00	7.380237630999999521e-01	-2.477203541000000120e-01	-2.993289346999999934e-01	-1.150871337000000105e+00	-1.089745371000000018e+00	7.085913400000000140e-01	-1.098716309000000058e+00	4.100526444000000131e-02	2.253290878000000053e+00	1.496875769999999939e+00	-1.228696856999999948e-01	4.999340778999999957e-01	4.163628254000000251e-01	2.107365525999999878e-01	1.670208013999999963e+00	1.092834950999999943e+00	-1.023393564000000033e+00	4.052033089000000032e-01	-9.967769815999999450e-02
8.811169269999999942e-01	1.096654653999999951e+00	-1.786814289999999916e+00	-1.300006878000000032e+00	-1.860091066000000071e+00	-1.670155604999999932e+00	-7.574765359999999781e-01	1.011396936999999996e+00	1.295818799999999937e+00	1.440272492999999931e+00	-1.181587869999999985e+00	-1.346376672999999968e+00	-9.538905485999999989e-01	-9.777941951999999937e-01	1.760389487999999947e+00	-1.775673591999999967e-01	-6.777965862999999480e-01	-3.743680274999999780e-01	1.595097956999999900e+00	1.087589692999999968e+00	9.353645391999999559e-01	7.076737022999999953e-03	1.045909978000000073e+00	-1.654654779999999992e+00	-8.432202973000000323e-01	7.742526070999999899e-01	-1.376345172999999915e-02	2.054204813000000129e-01	-2.683059730999999837e-01	3.067076021999999846e-01	3.033370067000000225e-01	7.212674090999999787e-01	9.617862740000000521e-01	-1.501124171000000063e+00	3.746430787000000207e-01	2.849379864000000095e-01	1.491752288999999898e+00	-1.219930069999999978e+00	5.719124893999999459e-01	9.634679338999999620e-01	1.247168507999999898e+00	2.514132226000000081e+00	-1.463708152000000040e-01	-6.662043836000000052e-01	1.417021123000000049e+00	9.445725351999999519e-01	1.954560360000000108e+00	1.048301297000000076e+00	5.934331982999999783e-02	-5.551432855000000277e-01	-6.555405609000000133e-01	-1.488584160999999906e+00	1.641421071999999981e-01	-4.978965996999999977e-01	1.302459134000000018e+00	-3.093163040000000003e-02	6.999328596999999652e-01	4.654032546999999909e-01	6.883085149000000014e-01	2.649858250999999942e+00	8.230297729000000118e-01	-3.280846733000000182e-01	1.550411498999999971e+00	-7.632542306999999804e-01	2.177404497000000050e-01	4.634969085999999794e-01
8.589521641999999790e-01	1.139087198999999995e+00	-1.830336489000000011e+00	-1.242333950999999992e+00	-1.899785148000000090e+00	-1.524913944999999993e+00	-6.741496962999999898e-01	1.200726541999999952e+00	1.310210340999999890e+00	2.108973878000000024e+00	-1.158522370000000024e+00	-1.285823388000000067e+00	-1.386228776000000051e+00	-1.026144986999999897e+00	8.514122812000000096e-01	-7.718959659000000639e-02	-3.129737301000000138e-01	1.470426545999999890e+00	1.453417712999999889e+00	9.395244544999999947e-01	7.080814084000000008e-01	-1.761717097999999926e-01	9.450321165999999717e-01	-2.046147463000000055e+00	-5.204582553000000056e-01	9.652836854999999883e-01	-7.196723887999999514e-01	3.454897133000000009e-01	-6.465611342999999511e-02	1.388978681999999965e-01	-3.956512435999999799e-01	4.884502604000000026e-01	1.323236775000000032e+00	-1.297040175000000017e+00	9.021779900999999935e-01	-1.585103209000000152e-02	1.642218681999999985e+00	-1.221136181999999959e+00	8.824824880000000163e-03	7.395313318999999774e-01	1.292839963999999897e+00	2.536843016999999811e+00	-4.376672466999999983e-02	-1.183688872000000059e+00	8.262686047999999728e-01	3.337708843000000147e-01	1.402596149000000070e+00	-2.767626266000000057e-01	7.033742980999999617e-01	-2.785733221000000204e-01	-6.976728711999999888e-01	-5.387394200999999841e-03	9.082016375999999447e-01	-5.875944895000000390e-01	8.006675410000000381e-01	1.025489405999999937e+00	-8.079806526999999683e-02	1.237465191999999936e+00	9.018012578999999862e-01	-1.147098611999999962e+00	8.369757370999999502e-01	6.125447744999999999e-01	2.191486347999999917e-01	3.633995884999999815e-01	1.306146317999999917e-01	-1.830745370999999899e-01
8.190057647999999801e-01	1.123797125000000063e+00	-1.673237075999999934e+00	-1.294229757999999952e+00	-2.023058599000000068e+00	-1.419316419000000051e+00	-7.681616249999999591e-01	1.294172781000000105e+00	1.315503550999999938e+00	1.934872402999999963e+00	-1.340811286000000102e+00	-5.165805118999999834e-01	-1.525925654999999992e+00	-1.083582719000000028e+00	7.589728194999999511e-01	1.042877762999999958e-01	-1.142497426999999899e+00	2.123224716000000178e+00	1.024815969999999909e+00	1.267510802000000103e+00	5.089052045999999940e-01	-6.878824129999999704e-01	1.156735226999999977e+00	-1.940910804000000045e+00	-1.054660468000000045e-01	1.503991414999999998e+00	-9.107004127000000171e-01	6.486348902999999888e-01	-1.640589941000000079e-02	-3.739367035000000228e-01	-3.049224886999999939e-01	5.648691268000000099e-01	7.755754068000000334e-01	-1.427051094000000075e+00	3.945881041000000033e-01	-1.442747137000000013e-01	1.586555362999999996e+00	-1.406706518000000017e+00	-2.755281824999999962e-01	1.075774162999999950e+00	8.912996237000000432e-01	2.429830019000000174e+00	1.714583329000000100e+00	-1.040582684999999952e+00	2.343287525999999954e-01	3.741604879000000050e-01	1.201678436999999988e+00	1.539322462999999974e+00	6.421211637999999500e-01	-7.277368222000000220e-01	-5.689336994999999453e-01	-2.072259548000000007e-01	6.726666837000000454e-01	-5.152216114000000013e-01	8.051389724999999942e-01	1.235204377999999936e+00	-2.613331864999999810e-01	7.351761739000000073e-01	3.550295266999999866e-01	3.916835600999999945e-01	-4.944516052999999856e-01	6.305738936000000461e-01	1.487188179999999971e+00	-5.870784184999999766e-01	1.664747665999999904e-01	-1.086353576000000043e+00
7.988298487999999642e-01	1.080367512999999891e+00	-1.808451014000000079e+00	-1.205946747999999902e+00	-2.004682016999999927e+00	-1.555157367999999929e+00	-8.394390035000000028e-01	1.332929352999999928e+00	1.154125896999999901e+00	1.229413115999999917e+00	-1.479907971000000044e+00	8.178704659000000099e-01	-1.812163742999999938e+00	-1.158710093000000052e+00	5.139566738999999940e-01	-4.876635613000000410e-03	-8.139182176000000490e-01	1.589191406000000084e+00	1.325001580999999984e+00	1.195512952999999934e+00	5.480589788999999934e-01	-8.217859805999999656e-01	8.296801065000000142e-01	-2.112022404999999825e+00	-1.307736794999999896e-01	1.600698098000000069e+00	-1.285724051999999951e+00	5.027855846000000017e-01	-2.358472359999999948e-02	-3.007218637999999888e-01	-6.229003020000000168e-01	4.570333135999999907e-01	1.321057697000000086e+00	-1.612910089999999963e+00	5.369799105000000461e-01	-7.095050799999999547e-02	1.649973748000000073e+00	-1.059204811000000079e+00	-2.215348936000000046e-01	1.257311319999999899e+00	1.570503070000000001e+00	2.837852858999999839e+00	1.480780234999999889e+00	-1.163665713999999962e+00	2.218075057999999850e-02	3.471579151000000335e-02	2.237659052999999787e+00	-3.612227991999999999e-01	1.442064712999999943e+00	1.852445777000000016e+00	-8.385650193000000474e-01	2.587343294000000182e-01	3.915373732999999769e-04	-1.133774934999999928e+00	1.090325736000000045e+00	8.130798500000000484e-01	-5.117651789999999590e-01	9.239521994999999599e-02	9.139859800999999839e-01	-3.031660644999999987e-01	-9.141033849999999350e-02	-9.899514212000000146e-01	6.531279390999999990e-01	-5.730228740999999681e-01	5.753200188999999520e-01	-1.155147090000000043e+00
8.495570636999999481e-01	1.071220966999999913e+00	-1.898618165000000024e+00	-1.201807901000000012e+00	-1.936207358999999961e+00	-1.533279376000000083e+00	-8.443677123999999701e-01	1.342146996000000092e+00	1.251186914000000039e+00	2.027411292000000032e+00	-1.501701053999999980e+00	1.269960100999999897e+00	-1.396554140999999971e+00	-1.055183830000000045e+00	6.867827381000000120e-01	-3.909534005999999728e-02	-2.333571345000000075e-01	1.218607253000000057e+00	1.740713238999999968e+00	9.256589550999999583e-01	6.893772688999999509e-01	-6.921821624999999756e-01	7.023131673000000408e-01	-2.100209330000000207e+00	-2.619983559999999878e-01	1.315092941999999931e+00	-1.090040931000000102e+00	3.939623749999999758e-01	-4.076864025999999974e-01	-5.227147988000000467e-01	3.490657985000000102e-02	3.839471298000000088e-01	-1.464685270999999955e-01	-1.638988807000000048e+00	6.649646092000000008e-01	2.727160574999999976e-01	1.034679337000000032e+00	-6.150910402000000499e-01	-4.524293504999999938e-01	1.501170611999999904e+00	1.717943046000000029e+00	2.026947335000000017e+00	-3.288883150999999949e-01	-1.592545144000000024e+00	-2.529472213999999775e-01	-3.830086885000000274e-01	1.743086058000000049e+00	8.324864697999999619e-01	1.236779756000000008e+00	6.161298892000000027e-01	1.146957108999999975e-01	3.273411292999999778e-01	7.308830319000000353e-01	-5.821389624999999679e-01	-6.610979659000000286e-01	8.050639192999999860e-01	-4.379291555999999946e-02	4.944341896000000180e-01	-3.976445425999999839e-01	2.696293688999999993e-01	-3.348606183000000236e-01	1.462892630000000027e+00	4.691559236999999771e-01	-1.306441130000000062e+00	7.550691884000000353e-01	-1.263322105999999945e+00
8.530075366999999575e-01	1.148126176000000109e+00	-1.760012906000000044e+00	-1.316563423000000066e+00	-1.920825763000000075e+00	-1.644753721999999918e+00	-9.196805220999999531e-01	1.283743271999999935e+00	1.450610557000000078e+00	1.352950389999999947e+00	-1.617026679000000078e+00	8.373311539000000137e-01	-4.704874103999999724e-01	-1.094857178999999903e+00	7.223281702999999609e-01	-1.624481553000000147e-02	1.305302951000000045e+00	2.386080660999999881e-01	1.719320395000000001e+00	9.859196834000000242e-01	4.765480024000000037e-01	6.652172782999999923e-01	7.203308245999999748e-01	-2.082474763000000006e+00	-7.275577823000000111e-01	8.801240598999999776e-01	-5.708588954000000104e-01	6.349228385999999835e-01	-1.001005632000000034e+00	3.357723973999999778e-01	5.030783301000000263e-01	7.564686974000000008e-01	-3.842947275999999968e-01	-1.463710999999999984e+00	1.738894561000000061e-01	1.962202849999999943e-01	4.034167807999999855e-01	-6.394741260999999843e-01	-1.888280836000000018e-01	1.783778188000000098e+00	1.592050173999999929e+00	1.350448203000000014e+00	9.454430863999999657e-01	-9.339612081000000510e-01	-6.855332257999999790e-01	-6.199789252999999833e-01	2.001554490999999825e+00	7.133200201999999601e-01	-3.072575251999999923e-01	7.044725619999999688e-01	1.225927435000000010e+00	1.223575472000000053e+00	9.811968254999999806e-01	-1.507937091999999923e+00	1.786918822999999934e-02	2.508195644000000168e+00	7.718023649999999902e-01	7.031421872999999989e-01	-1.007708547000000010e+00	5.742639415000000414e-01	-4.315720679999999754e-01	-1.443978337999999861e-01	9.980787048999999467e-01	-4.417408789000000224e-01	1.781938124999999989e-03	-1.385035132000000058e+00
8.301511777000000203e-01	1.124828025000000009e+00	-1.579556057000000013e+00	-1.227141271000000033e+00	-2.013997600999999804e+00	-1.582117945000000026e+00	-1.073451354999999996e+00	1.129146503000000079e+00	1.305278995000000108e+00	1.908456638999999955e+00	-1.440030423999999920e+00	5.072797323000000080e-01	-2.754152770000000139e-01	-1.023272474999999959e+00	7.698018292999999623e-01	-6.353531166999999702e-02	1.188896396000000077e+00	-5.502924192999999464e-01	1.523904246999999934e+00	8.792939311999999896e-01	6.008303088999999986e-01	6.913784517000000074e-01	9.493723861999999736e-01	-1.865637254999999994e+00	-1.062212868000000032e+00	5.463462431000000175e-01	-1.149430349000000046e-01	3.203776205000000155e-01	-1.094692860999999962e+00	6.173756968000000400e-01	-1.386637424999999979e+00	6.351528430999999753e-01	-2.374118194000000015e-01	-1.439022486000000045e+00	1.035090486000000004e-01	5.672529975000000224e-01	-5.787679153000000465e-01	-1.210101198999999905e+00	9.773513109000000476e-01	1.918997730999999929e+00	2.020554723000000052e+00	5.107922409999999802e-01	1.036552915999999991e+00	-9.371361496000000235e-01	-3.687037894999999760e-02	-1.267286330000000072e-01	1.942449142999999934e+00	6.634322552000000428e-01	4.671233049999999887e-01	4.818545155999999774e-01	8.557539191999999906e-01	-8.855693251999999793e-01	1.416950463999999965e-01	-1.288279803000000001e+00	-1.106952213000000018e+00	6.715250646999999518e-01	1.134753772000000049e+00	-8.847474685999999755e-01	-5.304461852999999838e-01	2.025314163000000001e+00	-6.617562758999999684e-01	1.355572487000000104e+00	2.668840871000000003e+00	1.977947063000000116e-01	3.828303356000000157e-01	-8.640387581999999789e-01
8.214675399999999961e-01	1.073088845000000013e+00	-1.766722899999999985e+00	-1.212753957999999965e+00	-1.727910046999999949e+00	-1.844470620999999921e+00	-1.061900373000000064e+00	9.494030315000000497e-01	1.080909458000000045e+00	1.513938325000000029e+00	-1.544250423000000039e+00	-4.691478630999999788e-02	-1.112411001999999982e+00	-7.882808730000000486e-01	1.254695990999999955e+00	-5.456315216000000301e-02	1.188690771999999951e+00	-1.042845683999999995e+00	1.269202833000000030e+00	8.989449635999999799e-01	6.880559592999999641e-01	1.904409897999999934e+00	1.029085618000000091e+00	-1.646059066999999931e+00	-1.622546728999999965e+00	-6.722606013000000102e-02	3.804428576000000173e-01	-2.028616028999999932e-01	-8.142169478999999876e-01	7.097111484000000470e-01	-8.282969795000000301e-01	7.381674470000000321e-01	-4.402791475999999760e-01	-2.066496588000000134e+00	-2.022130527999999872e-01	9.226631433999999965e-01	-1.118263720999999933e+00	-1.730853988000000010e+00	1.597294494000000009e+00	1.868141019999999930e+00	1.530403316999999985e+00	4.147676307000000007e-01	4.436125658000000249e-01	-6.079911408999999489e-01	5.031154472000000100e-01	-3.459519832999999878e-01	1.485214371000000089e+00	4.133006920999999778e-01	5.854009197999999747e-01	-8.420329574000000317e-02	1.356076057999999973e+00	-1.467103065999999956e+00	1.010424581000000099e+00	-8.826239018000000547e-01	4.416503064000000256e-01	1.556154588999999921e+00	1.075018024000000016e+00	-2.045652790999999970e-01	-3.960056502000000034e-01	2.746930153000000097e+00	-4.950439187999999824e-02	-1.009080975999999907e+00	2.531015008999999871e+00	-4.516482981000000119e-02	3.206688972999999776e-01	1.058012219000000059e-01
8.590082910999999877e-01	1.138323817000000071e+00	-1.727232287999999949e+00	-1.276538664999999906e+00	-1.680459206999999955e+00	-1.741720367999999963e+00	-9.159485874999999666e-01	8.767574603000000133e-01	1.158423672000000071e+00	2.046473257999999795e+00	-1.468338420000000033e+00	-5.582683172000000305e-01	-1.114523844999999902e+00	-9.244858599999999926e-01	1.466000251000000087e+00	-3.508311128000000112e-01	5.970814437999999447e-01	-9.471384867000000041e-01	8.903289054999999896e-01	7.690512737000000376e-01	8.571685941000000142e-01	1.183253612999999982e+00	7.318649968999999533e-01	-1.527797993999999937e+00	-1.605135704999999913e+00	-5.124849765000000223e-01	3.501936566000000139e-01	-3.184668238000000207e-01	-5.458699755000000486e-01	1.128902343999999891e+00	-3.757965413000000088e-01	5.211191960000000067e-01	4.376893955999999752e-01	-1.485145842999999966e+00	1.803973235999999924e-01	4.351226235999999803e-01	-7.164091237999999917e-01	-1.460217217000000067e+00	1.572519999000000057e+00	1.100048525999999915e+00	1.261924411999999940e+00	-2.851974603999999913e-01	3.849558368000000064e-01	-5.727106751999999634e-01	1.281131207000000050e+00	-1.454422892000000085e-02	1.124686006999999988e+00	6.015105465000000207e-01	3.091506321999999973e-01	-6.822330186999999713e-01	-3.386623939999999777e-01	-1.043875421000000081e+00	1.074480507999999945e+00	-1.096211891000000049e+00	2.029362071999999961e-01	2.052243187999999829e+00	3.766293822999999819e-01	9.679171692000000382e-01	8.098551077000000209e-01	-1.557289087000000016e+00	-1.465506951000000058e+00	7.368042586999999921e-01	7.914370593999999759e-01	4.546752807000000174e-01	2.007878036000000088e-01	5.750321240000000333e-02
8.588297885000000242e-01	1.167496949000000006e+00	-1.525026596000000012e+00	-1.339445159000000052e+00	-1.890260154999999997e+00	-1.554324980000000078e+00	-9.865144989999999892e-01	8.913849152999999692e-01	1.382596423000000074e+00	1.410946108999999948e+00	-1.683271992000000106e+00	-1.241442506000000057e+00	-1.143582279999999951e+00	-9.837685827000000049e-01	1.343017326000000011e+00	-3.674119182000000206e-01	-7.833564185000000402e-01	-4.260614674000000046e-01	5.347949373000000506e-01	6.417631173000000189e-01	7.303387100999999548e-01	-6.214789912999999499e-01	1.412553849000000028e+00	-1.466427729999999929e+00	-9.818508154999999737e-01	-4.066357634000000165e-01	6.910384967999999573e-01	5.538322870999999870e-01	-3.617710680999999817e-01	1.009121412000000051e+00	-6.858180978000000261e-01	6.421740360000000036e-01	3.221091913999999945e-01	-1.088625815000000108e+00	4.065802743000000025e-02	3.336528608000000062e-01	-3.522635360999999965e-01	-1.298082111000000038e+00	1.619252498000000040e+00	8.309033591000000163e-01	8.165495608999999710e-01	-5.219214994000000163e-02	9.706458447000000378e-01	-5.307778073000000291e-02	3.136311947000000044e-01	2.204427842999999998e-01	1.683515834999999905e+00	1.277055343000000009e+00	2.840943879999999755e-01	-6.344228777000000541e-01	-8.454711986999999818e-01	-1.329962346999999934e+00	1.087901025999999938e+00	-1.089112687999999940e+00	9.992940537000000178e-01	8.757590464000000186e-01	-4.285638404000000068e-01	8.924729589000000018e-01	1.951538270999999991e+00	1.261857889999999927e-01	1.602138550000000050e+00	1.422860170000000091e+00	1.705842958999999937e+00	-2.835827944000000045e-01	4.862435812000000246e-02	-3.546245874999999770e-01
7.934418571000000364e-01	1.062723572999999977e+00	-1.600149167000000094e+00	-1.198832053999999925e+00	-1.638653869999999957e+00	-1.632475335000000083e+00	-1.060794819000000055e+00	9.227592850000000402e-01	1.114593731000000032e+00	1.626318109999999928e+00	-1.632893898999999927e+00	-1.745481617000000041e+00	-1.674891413000000107e+00	-9.927002595999999679e-01	1.140127048999999948e+00	-4.590754683000000114e-01	-7.480824487999999661e-01	7.232643572000000409e-01	7.737640255000000078e-01	6.857294736000000279e-01	1.294794290000000014e+00	-1.469442665999999953e+00	1.574019091000000037e+00	-1.144638145999999912e+00	-6.923314497000000456e-01	5.964869260999999812e-02	1.100585482000000059e+00	-2.537543233999999814e-01	-1.486375620000000009e-01	8.186163110999999937e-01	-8.069266511999999558e-01	8.930142714000000037e-01	5.356957573999999722e-01	-1.086004428999999938e+00	-1.625558131000000017e-01	5.882636482999999972e-01	2.072604863999999991e-01	-8.584721376999999709e-01	1.907695861999999964e+00	1.138348960000000076e+00	9.464808084000000399e-01	9.920815764999999509e-01	-1.152127485000000062e+00	-2.146167066999999928e-01	3.239566287999999794e-01	4.177129452000000187e-01	2.269631996000000207e+00	-6.546485545000000350e-01	1.539666830999999902e+00	1.766784204000000080e-01	-9.779936943000000493e-01	-6.752085825000000430e-01	1.426864989999999944e-01	-1.148909082999999942e+00	9.244730391000000047e-01	1.809330837999999941e+00	-1.080006438000000069e+00	-2.055114614000000117e-01	1.870764802000000060e+00	4.255852493999999764e-01	-1.018656913999999997e-01	-4.459336537999999961e-01	1.328137789999999985e+00	-1.425874561999999957e+00	1.137340819000000058e+00	2.898889611000000088e-01
8.470116313000000119e-01	1.109254092000000025e+00	-1.777500099000000056e+00	-1.103453114999999984e+00	-1.559348264999999900e+00	-1.533070606999999974e+00	-8.840733911000000500e-01	9.612919941999999995e-01	1.119831938999999998e+00	1.427488961999999972e+00	-1.796554031999999967e+00	-4.384687117000000134e-01	-1.751602302000000000e+00	-8.064546411999999886e-01	9.823037489000000511e-01	-3.826185930000000068e-01	-1.115681230999999940e+00	1.542606519000000009e+00	1.045653809000000045e+00	4.387858712000000105e-01	1.224986832999999997e+00	-8.969650323000000203e-01	2.344370399000000216e+00	-9.737331748999999981e-01	-1.621389762999999873e-01	6.636061542000000202e-01	5.790860293999999797e-01	3.592801019999999901e-01	2.513010815000000231e-01	8.447344851000000432e-01	-9.203139539000000369e-01	1.167483805000000041e+00	8.185792350999999689e-01	-8.352443218999999752e-01	4.055625726000000042e-01	6.778582614999999478e-01	6.822190657000000158e-01	-3.249126025999999889e-01	1.870158173999999951e+00	1.150558697999999991e+00	7.230515420999999998e-01	8.396671766000000092e-01	1.713828276999999956e+00	-5.754783543000000501e-01	6.102182800000000018e-01	3.225648870999999751e-01	1.580650659000000013e+00	1.022527586000000044e+00	9.969095420000000374e-01	-6.255322745000000406e-01	-1.315312978999999993e+00	-2.943658968999999792e-01	1.752082195999999925e+00	-5.131562339999999889e-01	1.017569042999999951e+00	-3.643787052999999942e-02	-1.333670778999999973e+00	8.123341533000000281e-01	1.227045667999999923e+00	-8.672515075000000184e-01	-1.333669188000000005e+00	-5.558340565999999594e-01	9.114777066000000483e-01	-1.290565192000000083e+00	9.009234042999999525e-01	-1.166200214999999929e+00
8.403493857999999594e-01	1.159984163000000068e+00	-1.488467103999999930e+00	-1.156359088000000090e+00	-1.738218539000000007e+00	-1.326389349999999911e+00	-9.144758727999999781e-01	1.358935881000000068e+00	1.297955251999999948e+00	1.523000533000000045e+00	-1.946721536999999946e+00	1.013638274999999922e+00	-1.485321805999999967e+00	-1.058396193000000096e+00	5.784518920000000231e-01	-7.413419624999999513e-01	-6.595214174000000318e-01	1.329684046999999980e+00	9.269054222999999482e-01	6.855292810999999986e-01	9.296755777999999859e-01	-8.538532235000000359e-01	2.887926895000000105e+00	-9.454204126999999902e-01	3.149862854000000101e-01	1.127563609000000078e+00	-7.644899141999999571e-03	5.791198298999999938e-01	-9.769983726000000535e-02	1.407066287999999998e+00	-6.387762388000000069e-01	1.598363234000000022e+00	9.718889354999999952e-01	-3.663574325000000242e-01	8.879258625999999488e-01	5.352811083999999692e-02	5.890716805000000278e-01	4.412975259000000150e-02	2.196474792000000065e+00	9.984945051000000404e-01	6.001276751999999881e-01	8.781322026000000225e-01	9.997595348000000159e-01	-4.731309181000000197e-01	-1.179847071999999969e-01	3.939372214999999899e-01	1.481207488999999988e+00	2.162807840000000037e-01	6.706439497999999722e-01	3.773351402999999826e-01	-7.299046703999999552e-01	2.649151378999999862e-01	8.886113331999999643e-01	-1.864485130000000046e+00	1.172552027000000052e+00	2.287119473999999819e+00	-9.281624753999999644e-01	2.308236814999999886e-01	1.099537720000000052e+00	-9.892431524999999448e-01	1.096291950999999987e+00	5.989353598000000112e-01	1.296161544999999915e+00	-1.054326746000000092e+00	2.786311067000000197e-01	-2.093724798000000220e+00
8.150362089999999560e-01	1.062449219999999972e+00	-1.553476306000000084e+00	-1.034368447999999940e+00	-1.549684550000000050e+00	-1.310612227000000019e+00	-9.935937115999999847e-01	1.327997918000000110e+00	1.027808000999999916e+00	2.231868867999999839e+00	-1.776453432999999915e+00	1.504440060000000079e+00	-1.016717335000000055e+00	-8.184664793000000493e-01	7.922636442999999584e-01	-1.334693979999999947e+00	-2.668448028000000027e-01	1.029099422000000041e+00	1.032485898000000013e+00	9.257300615000000343e-01	1.472137990000000007e+00	-1.714624058999999923e+00	2.904898569999999847e+00	-8.100136948999999698e-01	3.411876142999999972e-01	1.444642556000000022e+00	-1.240883220999999953e-01	2.999244231000000038e-01	-9.024233573000000064e-01	1.670669291999999917e+00	1.124346073999999973e-01	1.596118638000000090e+00	6.241767366999999567e-01	-3.640466895000000203e-01	6.525968427999999655e-01	1.616043396999999882e-01	-6.025726404000000119e-02	-4.868694698000000098e-01	2.363744070000000086e+00	1.188843163999999897e+00	1.157197352999999929e+00	1.553263040999999900e+00	-7.681439762999999754e-01	-6.439051849000000383e-01	3.055222682000000023e-01	4.162598586999999850e-01	1.607598693999999995e+00	-1.362179850999999942e-01	3.754988203999999885e-01	2.011122446999999980e+00	-2.997955623999999930e-01	1.507715146999999978e-01	9.233716708000000439e-01	-9.461268841000000096e-01	9.451983565999999559e-02	5.127176289000000553e-01	-9.694953389999999560e-01	-6.556882566999999717e-01	4.353657880000000313e-02	2.236348455000000124e-01	-1.522328796000000040e+00	-4.652405235000000028e-01	1.255807262999999896e+00	-9.652255509999999594e-01	1.232302291999999966e+00	-1.263035616000000028e+00
8.804139858999999735e-01	1.071589313999999904e+00	-1.733297214999999891e+00	-1.015946083000000000e+00	-1.451407214000000057e+00	-1.280466480000000074e+00	-9.148282078999999678e-01	1.225384295000000012e+00	1.137928572999999943e+00	1.761972211000000010e+00	-1.793056843000000011e+00	1.209130161000000037e+00	-1.465371435000000000e+00	-8.134868525999999767e-01	8.799807586000000237e-01	-1.655237660000000055e+00	4.178007946999999778e-01	7.773318459000000402e-01	1.157360254999999949e+00	6.907974127999999547e-01	1.063746580999999969e+00	-7.432948960999999910e-01	2.780429397999999885e+00	-8.744362512000000143e-01	-1.772959137000000018e-01	1.218143474999999976e+00	-5.510704592999999818e-01	3.838746236000000200e-01	-1.276440612999999891e+00	2.078353169000000111e+00	1.112803851000000011e+00	1.948452316000000017e+00	8.020140954000000433e-02	-3.298400121999999768e-01	9.544860947000000095e-01	3.615282316999999801e-01	-4.426152120999999884e-01	-6.428799275000000035e-01	2.524065855999999997e+00	1.128380858999999958e+00	7.990695682999999772e-01	1.905928615999999964e+00	7.481231052000000270e-01	-6.818427843000000044e-01	5.381883163999999775e-01	-4.568902391000000118e-02	8.756435700000000377e-01	3.116837376000000104e-01	7.350936553000000373e-01	4.269136458000000189e-01	2.511840195999999747e-01	-5.611910451999999744e-02	1.940292082000000029e+00	5.725596860999999649e-01	-1.707281089999999946e+00	8.743919679999999639e-01	-1.236193475000000097e+00	2.529013104000000234e-01	-2.893989525999999812e-01	1.433183890999999988e-01	-1.363891718999999947e-01	9.654944393999999319e-02	1.316711434999999986e+00	-1.194256221999999923e+00	1.168685495999999935e+00	-1.981648405999999918e+00
8.700245403999999905e-01	1.151285573000000007e+00	-1.504314482000000064e+00	-1.153328283000000010e+00	-1.599646821999999968e+00	-1.431470768000000060e+00	-9.565558466000000370e-01	1.287259286000000058e+00	1.429813701000000048e+00	1.288012815000000089e+00	-1.760995944999999896e+00	9.022243121999999893e-01	-5.220043654999999561e-01	-7.744250937000000112e-01	8.955884745000000091e-01	-1.909147676999999987e+00	1.303209725999999957e+00	1.575129778000000091e-01	7.125243470000000023e-01	1.131347139999999918e+00	7.580020852000000087e-01	8.416092616999999720e-02	2.903527791000000136e+00	-9.614105970999999862e-01	-4.766579170999999948e-01	1.399628480999999924e+00	-7.918666452000000522e-01	7.237278857000000176e-01	-1.843540321000000093e+00	3.091847404000000132e+00	1.417209480999999993e+00	2.101115107000000037e+00	1.604849664000000120e-01	-1.675562542000000044e-01	7.209763769999999461e-01	1.571863619999999961e-01	-3.980022342000000268e-01	-7.840106816999999895e-01	2.898159306999999796e+00	9.484684031000000237e-01	4.184002319999999830e-01	2.230837279000000173e+00	9.297735440000000073e-01	-2.464983742999999894e-01	-1.212657866999999889e+00	4.233876510999999843e-01	1.259661111000000000e+00	8.513021646999999748e-01	-1.123224035000000010e+00	-6.493175681999999727e-01	1.421314342999999925e+00	7.471061141999999489e-01	1.156041279999999949e+00	-8.662768905000000075e-01	-3.985366545999999843e-01	2.199243416999999923e+00	-6.384018474000000554e-01	5.706805023000000032e-01	-1.023954655999999991e-01	3.435217973999999952e-01	-7.720116149000000316e-01	3.176704553999999958e-01	1.311097466999999961e+00	2.668393170999999731e-01	3.755712025999999870e-01	-2.322031261999999874e+00
8.478931144000000364e-01	1.074663372999999922e+00	-1.472718533000000107e+00	-1.143004563999999945e+00	-1.515598812999999989e+00	-1.549032342999999923e+00	-1.081881027999999967e+00	1.173208701999999937e+00	1.249298387000000066e+00	1.769959180999999937e+00	-1.722761152999999990e+00	7.399747247000000305e-01	1.674837939999999914e-01	-8.281079247000000532e-01	9.288214436999999712e-01	-2.042543540000000046e+00	1.320182063000000072e+00	-1.609172749999999985e-01	8.247739597000000034e-01	1.081195246999999915e+00	6.915314192999999499e-01	-6.295354196000000346e-01	2.670839942000000189e+00	-9.248769799999999597e-01	-6.952310151999999688e-01	1.544987515000000089e+00	-9.400636484000000070e-01	2.781475505000000070e-01	-1.719523496000000096e+00	3.251637034999999898e+00	5.951521349999999710e-01	1.878941477999999998e+00	2.503063155999999956e-01	-1.069120281999999950e-01	6.493772918000000338e-01	4.415978718999999941e-01	-5.394657365999999676e-01	-9.812866202000000149e-01	3.255162911000000214e+00	8.630855626000000225e-01	5.901804892999999996e-01	2.494024635999999795e+00	1.322576181999999934e+00	1.598814896000000096e-01	4.278438885999999997e-01	7.543780843999999819e-01	1.515276075000000056e+00	-9.348756743999999674e-01	6.231621999999999995e-01	1.787885407000000093e+00	1.165902414000000054e+00	-1.268625665999999930e+00	-2.589135069999999941e-02	-1.848173430999999978e+00	-1.667000554999999995e+00	1.562935289999999977e+00	-1.361851093999999929e+00	-3.357045575999999948e-02	-3.294492598000000050e-01	1.343197171999999939e-01	-1.257639149000000067e+00	-7.793358469000000177e-02	7.404642898000000084e-01	-5.129580040000000091e-02	1.024604182999999891e+00	-1.338571957000000090e+00
8.708176255999999782e-01	1.038853642999999938e+00	-1.717531246999999928e+00	-1.114668060999999932e+00	-1.250717709999999983e+00	-1.562964161000000018e+00	-1.012014514000000087e+00	1.025880600000000031e+00	1.210834828999999946e+00	1.509106072000000021e+00	-1.676945300999999944e+00	4.047523198999999905e-01	-5.951149230000000317e-02	-7.741788937000000370e-01	1.097359401999999928e+00	-2.020103359000000154e+00	1.036058369000000035e+00	-4.946672463999999825e-01	8.676300112999999481e-01	6.826850880999999482e-01	1.042745951999999976e+00	4.786025327999999801e-01	2.714069879000000185e+00	-8.660493219999999548e-01	-8.771303713000000446e-01	1.487571576999999978e+00	-1.189128863999999952e+00	8.474389799999999806e-02	-1.413811088999999965e+00	3.154817491999999834e+00	3.414020262999999944e-01	1.774440511999999970e+00	1.329079468000000097e-01	-5.221786997999999791e-01	7.741649699000000551e-01	6.586510049999999561e-01	-5.970688750000000544e-01	-7.143004326999999876e-01	3.223210315000000215e+00	9.817201560999999632e-01	8.557393392000000043e-01	2.466236796000000009e+00	4.591372991000000070e-01	2.736877082999999988e-01	5.930062821999999567e-01	6.199905039999999840e-02	9.292133287999999602e-01	9.844454005999999646e-01	1.138882254000000011e-01	7.784156147999999886e-01	2.034944958000000081e+00	-1.637152576999999942e+00	-4.349668737999999868e-01	-7.916865263000000263e-01	-1.826405641000000024e+00	7.049751699999999843e-01	-1.738747720000000108e+00	5.372547081999999863e-01	-6.114920354999999752e-01	6.870718670000000028e-01	-1.431215974999999974e+00	5.319844213000000099e-01	1.856334665999999967e+00	-3.104501674999999850e-01	1.121361706999999930e+00	-1.345072350999999999e+00
8.570682014999999598e-01	1.089489130000000028e+00	-1.519545058999999920e+00	-1.166276853000000058e+00	-1.487986140999999929e+00	-1.510562291999999918e+00	-1.017714761999999995e+00	9.970494623000000223e-01	1.400648555000000073e+00	1.782668622000000092e+00	-1.466226011999999912e+00	-1.755485149000000078e-01	-1.031511518999999932e+00	-8.739273818999999666e-01	1.153356582000000019e+00	-1.975516537000000072e+00	8.742876174999999472e-01	-7.836273569999999689e-01	5.796369552000000258e-01	8.091510511999999711e-01	1.143180418999999892e+00	1.876937287000000065e+00	2.549566626999999919e+00	-9.546010501999999676e-01	-8.656452914000000165e-01	1.411105105000000082e+00	-1.193968192000000039e+00	5.427178213000000140e-01	-1.429108470999999936e+00	4.007952023999999724e+00	-6.291900159000000103e-01	2.063482070000000057e+00	-9.294593713000000312e-02	-3.924990166999999808e-01	4.850744363999999753e-01	3.761635911999999804e-01	-9.277833887999999973e-01	-4.047267824999999930e-01	3.078423474000000049e+00	8.607744762000000271e-01	5.227585770999999548e-01	2.308822466000000073e+00	6.107812758999999758e-01	8.062670073000000048e-01	3.992528572999999859e-01	5.704999018999999671e-02	8.905199695000000082e-01	-2.757138726000000206e-01	-1.704825385999999998e+00	-7.183041002000000175e-01	1.450467747000000029e+00	-9.547913968000000251e-01	1.760455759000000064e+00	-8.690328060999999993e-01	-4.591204186000000242e-01	2.301134901999999816e+00	-1.262505533999999985e+00	1.209181030000000101e+00	-4.971028677000000062e-01	6.595705417999999653e-01	2.625778749000000079e-01	2.890443672999999936e-01	2.937561864000000078e+00	1.043280100999999904e+00	8.784315250999999991e-01	-1.064087993000000010e+00
8.438760099000000015e-01	1.062777875000000094e+00	-1.340261798000000004e+00	-1.267913084999999995e+00	-1.520605119999999921e+00	-1.414217755999999993e+00	-1.079822977000000073e+00	8.665262779000000304e-01	1.130496657999999988e+00	1.983919160999999987e+00	-1.059633596000000066e+00	-7.812645864999999690e-01	-8.218789832999999767e-01	-8.216779818999999652e-01	1.614677662999999930e+00	-1.772781506999999923e+00	1.089897821000000017e-02	-1.043889419999999957e+00	6.578777045000000490e-01	8.227374724999999556e-01	1.025426422000000004e+00	7.666284865000000392e-01	2.431058085000000091e+00	-1.006934602000000067e+00	-8.404795379999999705e-01	1.956775069000000089e+00	-1.138693332999999974e+00	1.701073203000000034e-01	-1.466782137000000041e+00	3.934170667000000066e+00	4.584234512000000261e-02	2.074952236000000116e+00	2.771868650999999989e-02	-3.260064227000000203e-01	5.999471171000000380e-01	2.144527545999999896e-01	-8.395469075000000503e-01	-6.333994983999999828e-01	3.377975337000000078e+00	8.334278629000000382e-01	7.879639148999999509e-01	2.780507644000000056e+00	5.928214059999999952e-01	5.090156145999999993e-01	7.205770581999999536e-01	8.067477342000000107e-01	1.675374654999999935e+00	-5.164633442999999602e-01	1.169376644000000021e-01	5.290221054999999506e-01	-1.362616094999999916e+00	-1.961133318999999986e+00	6.835050462999999743e-01	-7.698737800999999603e-01	-6.100578633000000028e-01	1.942211869999999951e+00	-9.481297148999999758e-01	5.482118773999999917e-01	1.167737825999999979e+00	7.064650877000000495e-01	-1.971288665999999967e+00	2.799898945000000028e-01	3.350845135000000141e-01	-3.767716614000000130e-01	1.262010990999999915e+00	3.496938359999999801e-01
8.682742065999999870e-01	1.068001548000000023e+00	-1.640436194999999930e+00	-1.127824316999999965e+00	-1.169038683999999995e+00	-1.529440869999999952e+00	-9.050030140000000500e-01	8.503021214000000549e-01	1.294034759000000090e+00	1.242783272000000050e+00	-1.021599190999999962e+00	-1.122072109000000095e+00	-1.130172414000000014e+00	-6.127668920000000075e-01	1.797158945000000063e+00	-1.328101855999999970e+00	-5.181439249999999497e-01	-7.351852158999999665e-01	9.674882546999999944e-01	4.401067067000000166e-01	1.335128614999999908e+00	-5.259000989999999820e-02	2.497559823000000012e+00	-1.024532599999999904e+00	-8.230281966000000393e-01	1.964898950000000033e+00	-6.290276364000000342e-01	1.368339521999999975e-01	-1.030966249000000001e+00	3.691813622000000183e+00	1.330412092000000102e-01	1.970013408000000021e+00	6.159850344999999727e-01	-1.835990717000000050e-01	4.544217939999999900e-01	8.577677253000000057e-01	-2.946776401999999795e-01	-2.144597829999999872e-01	2.721341359999999820e+00	8.125181330999999840e-01	1.015698801999999956e+00	2.367442909999999845e+00	2.010783788000000127e-01	4.236049297000000213e-01	1.029650952999999980e+00	2.564589358000000097e-01	1.430381257000000073e+00	8.199750912000000058e-01	6.215381139000000221e-01	-1.403369324000000029e-01	-8.088492696000000315e-01	-1.970175342999999968e+00	1.061560228999999911e+00	-8.852235748000000237e-01	3.878023727999999754e-02	-8.902071622999999656e-01	-1.558692348999999977e+00	2.102009039999999995e+00	1.456081261000000016e+00	1.157282248000000013e+00	4.803124431999999944e-01	3.685097527000000261e-01	8.009123186000000061e-01	-1.438465110999999963e+00	9.172284528999999909e-01	3.316682148999999802e-01
8.590535445000000436e-01	1.091645082000000100e+00	-1.374532577999999949e+00	-1.118642358000000003e+00	-1.452303813999999971e+00	-1.175906895000000008e+00	-9.946608362000000092e-01	1.089792864000000083e+00	1.453311872000000005e+00	1.741629582999999926e+00	-8.669389131000000415e-01	-1.402732923999999937e+00	-1.109517722999999956e+00	-7.514475639000000040e-01	1.257644838000000043e+00	-8.262819192999999451e-01	-8.712532494000000405e-01	5.082561197999999614e-01	6.354770015999999799e-01	6.576200211999999601e-01	1.092462188999999917e+00	-7.650172061000000134e-01	2.883489518000000196e+00	-1.309294882000000104e+00	-2.924530911000000066e-01	2.622166994000000084e+00	-4.023867922000000097e-01	9.807631132999999890e-01	-2.982978070999999787e-01	3.834876336999999857e+00	-5.606923094000000329e-01	2.029894635999999863e+00	7.835078667999999524e-01	5.928324004999999675e-01	5.689021774000000420e-01	9.781147017000000332e-01	3.785599438000000205e-01	5.566502121999999941e-01	2.500566071000000168e+00	9.834715751000000505e-01	7.100861745000000003e-01	1.662459856999999985e+00	6.208623537999999886e-01	1.044512927999999979e-01	8.859926671000000198e-01	1.048057616999999997e+00	1.161738260999999994e+00	3.845460730999999965e-01	4.658003963999999830e-01	-6.087481233999999519e-01	-5.242009023999999462e-01	-3.905757355000000208e-01	1.474949405000000047e+00	-1.003595376999999900e+00	3.335150483000000055e-01	2.493930423000000118e+00	-8.984915998000000403e-01	2.193615061000000033e+00	8.362569564999999816e-01	-3.999723741000000277e-01	2.129352367000000079e+00	5.761431460999999477e-01	1.500155069999999924e+00	-1.117222769000000060e+00	1.297191081999999884e-01	-1.225007367000000014e-01
8.138066152999999803e-01	1.052192615999999914e+00	-1.350930221999999903e+00	-9.761327265999999447e-01	-1.273823195000000075e+00	-1.070930388000000066e+00	-1.036224990000000012e+00	9.872935019999999895e-01	1.160975105999999979e+00	1.601968239999999932e+00	-5.761514104999999608e-01	-1.272030576999999996e+00	-1.260477166000000038e+00	-7.126611127999999962e-01	1.307122187000000046e+00	-5.451553485000000254e-01	-1.287189404999999898e+00	1.299433901000000002e+00	4.429845562999999986e-01	8.423262206999999613e-01	1.448144950999999958e+00	-1.380395853000000006e+00	2.784489414999999912e+00	-1.282556255999999895e+00	-6.914612901000000145e-02	3.096650427999999788e+00	6.662919226999999833e-02	3.102620274999999817e-01	-1.717796044000000077e-01	3.359557939000000104e+00	6.982613315999999792e-02	2.082834919999999812e+00	1.657032811000000105e+00	9.468892306999999731e-01	4.368753724000000171e-01	1.502218553999999928e+00	9.213295919999999750e-01	1.023276137999999946e-01	1.627673142999999989e+00	1.165547950000000110e+00	5.430057191999999588e-01	1.938941435999999907e+00	-7.972639071999999549e-01	-4.262600809000000046e-01	1.195650179000000035e+00	1.113445806999999954e+00	1.585940740999999932e+00	-1.374495164999999908e+00	9.015409871999999769e-01	2.482066552000000037e+00	-7.018324643999999946e-02	-9.277865440000000463e-01	5.760053514999999846e-01	-6.756129196000000281e-01	-2.449632914000000050e-01	7.642987346999999820e-01	-5.952028033999999801e-01	5.951999623999999489e-01	5.456977073000000011e-01	1.882926833999999938e-01	-7.568410962999999603e-01	1.308984017000000000e+00	1.441443084000000097e+00	-1.620589419000000087e+00	1.189605883999999975e-01	2.855686627999999838e-01
8.445052259999999977e-01	1.048866220999999932e+00	-1.619863663000000065e+00	-9.009538879999999805e-01	-1.174501774999999970e+00	-9.452438488000000083e-01	-8.825018128999999600e-01	9.950282405999999469e-01	9.747169915000000184e-01	2.045651669999999811e+00	-9.152262051999999759e-01	-6.940125166999999706e-01	-1.282890357000000092e+00	-6.066048661999999814e-01	1.361094505000000066e+00	-3.020617257000000055e-01	-1.281670260999999922e+00	2.071979961999999897e+00	7.297868752999999709e-01	9.888279033000000329e-01	1.158410208999999913e+00	-5.467024933999999892e-01	2.441611325999999860e+00	-1.206918249999999970e+00	3.395503745999999823e-01	2.909603865999999872e+00	-4.552265046999999787e-01	4.040818558000000005e-01	3.249328935999999945e-01	2.674931926999999821e+00	4.184833879000000034e-01	1.710662648000000008e+00	1.202802244999999992e+00	1.426052042000000020e+00	3.604764060999999797e-01	1.831806543999999981e+00	1.375552780000000030e+00	5.741691732000000492e-01	2.228734303999999888e-01	1.494257487000000051e+00	-1.670209049999999973e-01	1.495264004000000035e+00	1.706924448000000094e+00	-6.251423151999999650e-01	1.628443681999999892e+00	2.304711530000000119e-01	9.984541322000000108e-01	7.169644988000000163e-01	2.914708664999999810e-01	4.873148042000000069e-01	-4.547338168999999763e-01	-4.514772664999999741e-01	6.666610611000000075e-01	2.838301909000000012e-01	-6.612327649999999446e-01	3.192682163000000184e-01	-5.118425397000000432e-01	9.206019803999999640e-01	9.200160184000000241e-01	-8.596399317999999790e-01	6.299715693999999311e-02	-2.326637400000000078e-01	7.687856171000000405e-01	-1.462370109000000085e+00	-3.147969498000000033e-01	-6.152276298000000088e-01
8.657866798000000141e-01	1.109705225999999989e+00	-1.351969776000000012e+00	-1.002192414999999892e+00	-1.486197846000000045e+00	-8.822009507000000417e-01	-1.006379794999999966e+00	1.320346489999999928e+00	1.146310610000000008e+00	1.485131696999999917e+00	-1.238331740000000014e+00	8.957645136999999869e-01	-1.324614348999999969e+00	-6.609521063000000085e-01	9.074527431000000144e-01	-1.421184947999999948e-01	-9.969801309000000389e-01	1.643637929000000053e+00	2.278882114999999930e-01	1.095597702999999923e+00	6.762398912000000539e-01	-4.621654802999999867e-01	2.707850012999999834e+00	-1.419990507000000068e+00	1.088779068000000017e+00	3.081194019999999867e+00	-9.542096601999999761e-01	9.407162150000000223e-01	7.606017133000000374e-01	2.355100880000000174e+00	5.273007879000000259e-02	1.681498458999999945e+00	1.734235316999999998e+00	1.663242767999999927e+00	6.781880786999999744e-01	1.779754631000000087e+00	1.821627215999999994e+00	8.826177785000000053e-01	-1.185178234999999941e-01	1.573522180000000104e+00	-3.683194112000000020e-01	7.748883962999999486e-01	1.663598651000000039e+00	-8.396922942000000223e-01	1.965905702999999963e-02	1.422865879000000111e-01	1.174805764999999891e+00	6.364264228999999551e-01	1.338253768000000066e-01	4.290949803999999923e-01	-4.637324143000000343e-02	4.216389349999999925e-01	5.052417355999999637e-01	-8.036583035000000041e-01	5.638439428999999503e-01	1.526794428000000092e+00	5.443464607000000344e-01	3.250172449000000019e-01	7.224805346999999545e-01	-4.112574613000000157e-01	4.652367566999999760e-01	7.471341682000000040e-01	1.092918765000000070e+00	-9.165317421999999437e-02	-7.954543553999999794e-01	-2.041400579999999909e+00
8.315406337999999842e-01	9.986423693000000545e-01	-1.413893300000000020e+00	-9.673511302999999728e-01	-1.306289786000000008e+00	-8.948734264000000049e-01	-1.167071965000000100e+00	1.354319543999999986e+00	7.547219601000000333e-01	2.029520592999999984e+00	-1.293042186000000093e+00	1.551117172999999960e+00	-9.948096403999999726e-01	-7.578385269999999840e-01	9.619886603999999730e-01	-1.944440876999999901e-01	-4.240275975999999725e-01	1.109821688000000028e+00	4.227206815999999812e-01	1.399762860000000053e+00	9.028055876999999674e-01	-1.396936817999999914e+00	2.108378157999999836e+00	-1.520541256000000008e+00	1.324990354999999953e+00	2.816939565000000201e+00	-6.024589961999999854e-01	2.493457283999999941e-01	4.155918988000000258e-01	1.628176850000000009e+00	7.261003995000000488e-01	1.840858815999999898e+00	1.105077810000000049e+00	1.496220099999999942e+00	4.388876213999999831e-01	1.652785659999999934e+00	1.253810985999999961e+00	5.814557259999999506e-01	-5.666354209999999725e-01	1.676320301999999929e+00	-4.616545226000000335e-02	1.187602239000000059e+00	-3.073216221999999775e-01	-1.217079250000000057e+00	6.863625153999999839e-02	-4.020270405999999963e-01	2.172494604999999801e+00	-1.207678940000000090e+00	5.899893185000000262e-01	2.700185956999999970e+00	1.547183424999999946e-01	-3.401796368000000181e-01	9.547208864999999767e-01	-2.274183275999999976e-01	-4.823107855000000055e-01	7.819919362999999679e-01	7.828735009999999717e-01	-6.421543718000000123e-01	2.808229897999999780e-01	1.496744590000000041e+00	-4.488303700999999868e-01	-8.087393782999999781e-01	4.298262966999999990e-01	-1.154358763000000065e+00	6.399843295999999571e-01	-1.650921352999999980e+00
8.819770698000000131e-01	1.009929590000000044e+00	-1.613254965000000096e+00	-8.105589576999999712e-01	-1.199161930999999903e+00	-8.630213373999999771e-01	-1.076149127000000094e+00	1.313318559999999913e+00	8.455360955999999817e-01	1.494829367999999992e+00	-1.447512359999999942e+00	1.070444710000000077e+00	-1.504558150999999899e+00	-8.520211782000000067e-01	1.024360552999999951e+00	-6.643031912999999844e-02	4.979526153000000122e-01	6.755473995999999870e-01	4.258575468999999947e-01	1.015234364999999972e+00	7.339837364000000308e-01	-1.586060085000000064e-01	1.876146249000000044e+00	-1.553331483000000013e+00	1.405675505000000047e+00	2.487878478999999921e+00	-6.198600432999999965e-01	5.019596598000000132e-01	4.807431259000000123e-01	1.278914034999999894e+00	1.684505740999999945e+00	2.111090889000000193e+00	2.275774556999999865e-01	1.121170999999999918e+00	4.687018854000000179e-01	1.143621516000000060e+00	7.764209159999999610e-01	5.692648205000000461e-01	-3.918320470000000166e-01	1.510149477999999990e+00	-1.371355496999999979e-01	1.018204150999999946e+00	1.160620581000000096e+00	-1.708640436000000040e+00	1.549444027999999918e-01	-8.052768551000000219e-01	1.144504299999999919e+00	-6.037921093999999711e-02	4.546801523999999817e-01	5.263683737000000029e-01	9.193767846000000521e-01	-3.419356816999999937e-01	2.178621387999999826e+00	7.966289860999999917e-01	-2.265904464000000118e+00	1.397199210000000039e-03	7.370417688999999495e-01	4.552700454999999979e-01	-8.143973835999999966e-02	3.465787788999999952e-01	-3.640899380000000018e-01	1.909993014999999961e-02	9.139945432999999619e-01	-1.461103816000000055e+00	6.343454920000000108e-01	-2.288852412999999864e+00
8.618845266000000338e-01	1.055740622000000073e+00	-1.253465937000000086e+00	-1.059988928000000108e+00	-1.279383071999999899e+00	-9.758840081999999860e-01	-1.254837304000000042e+00	1.348722897999999892e+00	1.023475297000000062e+00	1.078609696000000007e+00	-1.520383757000000058e+00	7.683906195999999911e-01	-1.822987014999999933e-01	-1.087363920999999900e+00	9.279861574000000113e-01	1.991918612999999949e-01	1.459364303999999946e+00	-6.876426396000000218e-02	-2.350086886999999958e-01	1.395389672000000081e+00	2.860343468000000056e-01	6.040857637000000002e-01	1.675667507000000001e+00	-1.803205798000000026e+00	1.560794175999999922e+00	2.568556062999999945e+00	-4.998333613000000009e-01	7.855692537999999780e-01	-4.167354870000000017e-02	1.657758445000000025e+00	1.497997041000000085e+00	2.119787584000000003e+00	6.438254934999999568e-01	6.122381538000000178e-01	8.181557266000000217e-02	3.458717977999999915e-01	1.310655357999999937e-01	7.210194492000000510e-01	3.716599930000000218e-01	9.146595395000000073e-01	-1.139666750999999978e-01	8.818845991999999523e-01	1.783425703999999890e+00	-1.217208175999999975e+00	-1.046576823999999961e+00	-3.181674896999999724e-01	1.656945104000000057e+00	4.061969107999999912e-02	-7.860611159000000514e-01	8.264761644000000185e-02	1.709825069000000086e+00	4.881026376000000000e-02	5.130010291000000056e-01	-1.122911036999999945e+00	-1.248196743999999914e+00	2.777661718000000057e+00	1.530892914000000049e+00	5.251035442999999470e-01	5.696878863000000015e-01	4.536730569999999907e-01	2.939420467000000148e-01	9.308585056000000524e-01	3.025228421999999751e-01	-3.505694327000000166e-01	-6.849266473999999771e-01	-1.845997815999999903e+00
8.364001987000000415e-01	9.792248676000000485e-01	-1.463284089999999926e+00	-9.466195835999999808e-01	-1.103756367999999988e+00	-1.063212907999999901e+00	-1.325581848999999979e+00	9.977783605000000167e-01	7.099906175000000319e-01	1.315794013000000096e+00	-1.393071434999999969e+00	4.046801396999999967e-01	2.524579560999999917e-01	-1.164909525999999973e+00	1.195103081000000067e+00	2.617845598999999912e-01	1.353747487999999999e+00	-5.946503024999999498e-01	-1.472993971000000069e-01	1.091003157000000057e+00	5.210605469000000323e-01	5.792819689999999522e-01	1.128331803000000022e+00	-1.456921761999999898e+00	1.260510387000000065e+00	2.338674428000000027e+00	2.063623551000000056e-01	2.763090698000000150e-02	-8.107867979999999752e-02	1.328827527000000064e+00	1.560025932999999920e-01	1.935243443000000063e+00	5.285111097000000369e-01	-2.384163200999999954e-01	-2.323799426999999945e-02	1.931503397999999871e-01	-1.919370873000000033e-01	7.004138807999999994e-01	6.917407439999999630e-01	1.028495235000000063e+00	2.331418476000000073e-01	1.322027811999999969e+00	4.808868778000000010e-01	-6.354983766999999784e-01	6.165289674999999830e-02	-2.534830718000000149e-01	1.984100097000000007e+00	-1.389485458000000007e+00	-2.355907705999999990e-01	2.051970238000000002e+00	1.764251551999999945e+00	-1.792947607999999970e+00	-5.756386843999999892e-01	-6.945581333000000468e-01	-1.706229618000000059e+00	7.851056030999999935e-01	4.826625002000000109e-01	-1.274232153000000034e-01	-1.132561595999999948e+00	2.240185008000000089e+00	-1.864941361000000075e+00	1.679284550000000042e-02	2.460664911999999926e+00	-1.237328109999999981e-01	1.250143489999999968e-01	-5.445026778999999539e-01
8.637304396999999634e-01	1.008723197999999988e+00	-1.414213796000000078e+00	-9.079759654000000291e-01	-1.179128533999999950e+00	-1.027970666000000088e+00	-1.250180370000000041e+00	1.009117011000000064e+00	7.376868630999999787e-01	1.722390998000000062e+00	-1.336863595000000071e+00	1.005923338000000097e-03	-1.295821080000000070e+00	-1.344484677000000072e+00	1.095201075000000079e+00	2.693471768999999849e-01	1.061470957000000048e+00	-1.031736656999999946e+00	-1.125981315999999982e-01	8.930757947999999891e-01	4.892176386000000043e-01	2.201743743000000197e+00	8.830800978999999717e-01	-1.327832386000000087e+00	1.190131854000000100e+00	2.035328455999999786e+00	3.248645118999999859e-01	4.292126265999999801e-01	1.301074876999999963e-01	1.468333391999999904e+00	-6.196982049999999465e-01	1.691415190999999929e+00	4.420212786000000116e-01	-9.458914045999999853e-01	1.600279310999999996e-02	-1.190787437000000032e-01	2.847797593999999988e-01	9.074372260999999940e-01	5.964557413000000086e-01	6.771645459999999783e-01	3.939646542999999945e-01	6.917889875999999605e-01	1.072371261000000020e+00	-3.247726801999999968e-01	-5.171257922000000069e-03	-3.655765968999999949e-01	1.385967500000000019e+00	-5.458392575999999607e-01	-1.300400809999999963e+00	-3.807477593999999965e-01	2.167956229000000068e+00	-1.026708361999999930e+00	1.115824010000000088e+00	-4.653908269999999792e-02	-6.134137481000000447e-01	7.562467738999999467e-01	8.575408329000000496e-01	2.672440850999999729e-01	9.721765599999999952e-02	-7.949956871000000147e-01	-1.614760110000000026e-01	2.483967046999999984e-01	8.224952811000000308e-01	1.544393836000000020e+00	-2.033973934999999955e-01	-4.874152256000000016e-02
8.097068752999999619e-01	1.001291909000000091e+00	-1.172520659999999992e+00	-1.013586756999999894e+00	-1.266063146000000028e+00	-9.538568165999999904e-01	-1.355583559000000049e+00	9.300839821999999923e-01	5.636430452999999785e-01	1.598545236000000092e+00	-1.226724372999999924e+00	-8.957230660999999650e-01	-9.772564561000000039e-01	-1.510608917999999967e+00	1.471782708999999967e+00	1.072805758999999942e-01	3.303033001999999829e-01	-9.629676367999999709e-01	-9.190934896999999881e-02	1.163432430999999934e+00	3.043912784000000205e-01	2.187701149000000012e+00	8.780753780000000175e-01	-1.308440390999999980e+00	1.000759693000000006e+00	1.718952062000000058e+00	5.958977720000000478e-01	1.198880246000000038e-01	-1.622480253999999955e-02	1.346398892999999930e+00	3.768871490999999851e-01	1.541401049000000079e+00	5.202016229000000491e-01	-1.427827552999999972e+00	-1.328745490000000050e-02	-2.224581492000000105e-01	4.968984068000000254e-01	2.825326283999999855e-01	9.251279647000000272e-01	1.590047608999999862e-01	-1.295990359000000029e-02	1.569353142000000090e-01	1.320885332000000023e+00	-3.987120914999999766e-01	5.143244215000000175e-01	8.281790022000000417e-02	1.353701312000000101e+00	-9.318877226999999763e-01	7.227716134999999376e-02	2.851407417999999860e-01	-6.373584632000000028e-01	-1.812903010999999953e+00	-3.850044114999999767e-01	-6.935076195999999582e-01	-5.454767471999999451e-01	2.207181405000000041e+00	3.532148569999999932e-01	1.129679975000000003e-01	1.644850572999999871e-01	3.275682268999999813e-01	3.534906561000000225e-01	2.108294813000000101e+00	-2.160841911999999976e-01	5.329277139000000441e-01	-5.954474490000000175e-01	6.578853719999999683e-01
8.410071207000000548e-01	9.843505713000000323e-01	-1.419910712000000075e+00	-9.746742202000000521e-01	-1.079421506000000086e+00	-1.064104742000000048e+00	-1.282870159000000010e+00	7.438555103999999751e-01	5.613235139000000151e-01	1.209031189000000062e+00	-1.090132239999999975e+00	-1.292065784000000050e+00	-7.304335620999999890e-01	-1.496186465000000076e+00	1.802328507999999996e+00	-1.726488942999999943e-01	-3.708176324999999940e-01	-1.062006393000000104e+00	6.707594306000000395e-02	7.429743948000000486e-01	7.163839834999999878e-01	1.087884539999999900e+00	9.569635292000000515e-01	-1.214067543999999943e+00	6.948510464999999581e-01	1.236683796999999974e+00	4.653243569000000135e-01	-1.168353671000000038e-01	-7.432295668999999716e-02	1.283748928000000067e+00	6.015332467999999766e-01	1.386400378999999905e+00	1.221563182999999997e+00	-1.477432984000000005e+00	3.603138120000000111e-01	-1.520837298000000115e-01	3.946763316999999938e-01	-4.324081947000000259e-01	8.915226634999999789e-01	2.871070593999999754e-01	2.642039919999999986e-01	2.100306215999999948e-01	-2.870335311000000167e-01	-7.669699114000000373e-01	7.966060462999999814e-01	-7.384006091999999466e-01	9.939195022000000268e-01	3.503169072000000273e-01	2.631513276999999928e-01	2.503743569999999918e-01	-7.483724712999999529e-01	-2.354143745000000010e+00	-5.866477664000000480e-01	4.521042896999999949e-01	3.968120239999999715e-02	-6.023852483999999619e-01	-6.920855384999999860e-01	6.058562496999999603e-01	1.130459355999999943e-01	7.900180729000000346e-01	-6.018560095999999637e-01	8.395964420000000539e-01	1.628212385999999956e+00	8.820477519000000100e-02	-5.094241555000000171e-02	5.130305944999999923e-01
8.648475521999999804e-01	1.021386525000000045e+00	-1.314248599999999989e+00	-9.901854812999999478e-01	-1.258319999000000022e+00	-1.049255755999999984e+00	-1.303883114000000010e+00	9.507884245000000067e-01	7.480306397999999524e-01	1.482359817000000080e+00	-7.545023397000000243e-01	-1.375965461999999917e+00	-6.523445592000000071e-01	-1.504124006000000069e+00	1.058564311999999896e+00	-1.459572387999999998e-01	-4.735599594000000079e-01	1.804793087999999879e-01	-1.862422883000000029e-01	6.515195384999999950e-01	5.409862617999999790e-01	6.246014285999999978e-03	1.253807016000000107e+00	-1.032993038999999946e+00	8.139896667999999558e-01	1.231412163999999976e+00	-1.781110456999999937e-03	6.806016778000000267e-01	2.018679048999999850e-02	1.758469285000000104e+00	-1.099372876999999971e-01	1.365383344999999915e+00	1.380924491999999892e+00	-6.934931435000000199e-01	6.697590396999999474e-01	3.920399218000000241e-01	4.615142078000000203e-01	-9.180616053000000276e-01	1.049716877000000048e+00	2.156014311999999988e-01	-1.357919223999999869e-01	-1.193394215999999952e-01	2.180542832000000042e-02	-1.298787120999999933e+00	-2.883196686999999758e-01	-3.982076613000000154e-01	8.697831776000000126e-01	-3.710255298999999840e-01	-3.933568104999999870e-01	-3.160675043999999767e-01	1.666195406999999851e-02	-7.347701654999999610e-01	2.152997013999999876e+00	4.998627113999999927e-01	8.290086931000000270e-01	5.686434753000000342e-01	-1.081778474999999906e+00	1.535291299000000054e+00	5.933820752999999781e-01	-5.551160050000000235e-01	6.030918215999999665e-01	1.427594913999999937e-01	3.465189865000000147e-01	1.001879720000000029e+00	-3.679059130999999816e-01	3.843501391999999961e-01
7.517529651000000035e-01	9.882928921000000422e-01	-1.118958689000000062e+00	-9.546341839999999968e-01	-1.169360426999999980e+00	-9.472029418999999839e-01	-1.324322049000000057e+00	8.139549293000000185e-01	5.234160553000000160e-01	1.642075555999999992e+00	-8.166524877999999932e-01	-1.211374965999999942e+00	-1.469193184000000096e+00	-1.517438998000000039e+00	1.005023949999999999e+00	-1.570536822999999971e-01	-1.106725914000000088e+00	1.510496314000000062e+00	-2.631992055999999858e-01	9.280885693999999519e-01	8.060840339000000521e-01	-9.168142063999999980e-01	1.338404217999999979e+00	-1.082442472000000100e+00	7.448110622000000403e-01	1.331783401000000033e+00	1.260973877999999881e-01	-1.341461526000000126e-01	8.084316378000000469e-02	8.430950898000000304e-01	-6.097299126999999874e-02	1.111186994000000094e+00	1.480473492000000002e+00	-7.073658837999999838e-01	-8.858000969000000280e-02	1.852920128999999971e-01	7.051454632000000444e-01	-1.520027419000000046e+00	1.319684706999999957e+00	8.153696504000000622e-02	-6.178618635000000525e-01	4.925126274999999665e-02	1.125627820000000001e-01	-1.217133175999999928e+00	1.587927846999999948e-01	-3.968535543999999748e-01	3.889643560000000111e-01	-1.117165103999999909e+00	8.576092993999999692e-01	1.145284927999999924e+00	-1.409603349999999922e-01	-1.072406745000000106e+00	3.292767643000000244e-01	-4.245888535999999824e-01	9.911029154000000618e-02	-7.058909442999999895e-03	-8.049668744000000320e-01	-5.480254016999999700e-02	1.552353298000000104e+00	9.624318811000000251e-02	-4.211777604999999980e-01	1.961506556000000012e+00	2.952767682999999921e-01	-1.790315663999999973e+00	-3.230270594999999911e-01	5.523068244000000071e-01
7.973276609999999653e-01	9.227818017000000150e-01	-1.477156091999999976e+00	-9.563765091000000496e-01	-1.053156592999999974e+00	-1.084224129000000092e+00	-1.293514802000000019e+00	7.744623720000000100e-01	4.421985798999999995e-01	1.183160867000000005e+00	-6.685144641000000387e-01	-3.954354033999999962e-01	-1.267490360000000038e+00	-1.505867147000000017e+00	1.301892792000000076e+00	-3.668173994999999743e-01	-1.274283746000000050e+00	2.190267799999999987e+00	-5.464054356999999834e-02	5.656219063999999852e-01	1.000203626000000012e+00	1.125641552000000017e-01	1.404244666000000086e+00	-8.680068021000000300e-01	1.026377518999999960e+00	1.049543960999999914e+00	-6.074244169000000415e-01	7.938693812000000363e-03	5.739554838000000131e-02	2.929276299999999944e-01	-5.648980377999999851e-03	4.535620241000000163e-01	1.003202364999999929e+00	-1.089849550000000056e+00	1.640949332999999954e-01	4.351211593000000044e-01	4.838026215999999824e-01	-1.171761065000000102e+00	5.639611144999999714e-01	2.262614149000000130e-01	-6.338060459000000035e-01	3.874945710000000099e-01	8.167106691000000085e-01	-1.780213798999999986e+00	5.521667148000000136e-01	-1.163015758000000011e+00	1.687782585000000002e-01	4.135254416999999960e-01	2.235568628000000058e-01	6.571480634000000098e-02	-3.628221037000000093e-01	-1.049286501999999954e+00	7.297258486999999572e-02	8.410485774000000525e-01	-9.594737832999999591e-03	-2.901376642999999866e-01	-1.187690528000000079e+00	5.615602523999999734e-02	6.245632785000000409e-01	-4.589821202000000100e-01	-1.239039183999999905e+00	-8.435033836999999979e-01	1.362795703000000136e-01	-1.358239595999999993e+00	-7.285116259999999677e-01	7.636460503999999982e-01
8.126902131000000029e-01	9.994964642000000454e-01	-1.232306010999999923e+00	-9.754124119000000537e-01	-1.284461279000000067e+00	-1.057110329999999987e+00	-1.430554164999999989e+00	1.036076306000000002e+00	6.561514162999999566e-01	8.963035899000000306e-01	-6.158989824999999696e-01	9.587795556000000552e-01	-1.068490413999999999e+00	-1.850284166000000008e+00	8.249869200999999652e-01	-6.699597428000000354e-01	-7.380763146000000052e-01	1.571265504999999951e+00	-3.002228873000000187e-01	7.029248532999999854e-01	5.132088823999999549e-01	3.928804721999999972e-01	1.478538931999999972e+00	-9.961068897000000533e-01	1.234701218999999961e+00	1.011999947999999927e+00	-1.237298594000000085e+00	3.911521564000000062e-01	2.712236533999999866e-01	5.077772736000000231e-01	-5.364535682000000083e-01	2.778088342999999738e-01	9.746309886999999783e-01	-8.798775681999999598e-01	2.493970336000000121e-01	-3.131023130999999737e-01	8.667403194999999672e-01	-5.032008181999999552e-01	8.795692287999999914e-01	-4.830196601000000256e-01	-9.769602813000000108e-01	1.279867480999999918e-01	1.256118603000000000e+00	-1.990886887000000049e+00	-9.752547678999999858e-01	-8.915049581999999750e-01	3.727433407999999893e-01	-2.300705675999999977e-01	-3.613800609999999747e-01	1.665232433000000123e-01	1.895936470000000040e-01	1.962427679000000036e-01	6.721944962000000467e-01	-6.600958976999999894e-01	1.284291677999999992e+00	1.282924887000000069e+00	-6.629082537999999580e-01	8.917910562999999957e-01	5.378533325000000032e-01	-2.451766398999999930e-01	3.123131131999999921e-01	9.783346321999999984e-02	6.881309431000000032e-01	-3.933992815999999837e-01	-1.236152267000000027e+00	-1.138720661999999967e-01
7.691323933999999474e-01	9.008404112000000241e-01	-1.227448560000000022e+00	-9.078173940000000552e-01	-1.127058941999999897e+00	-1.062427827000000047e+00	-1.497037329999999944e+00	9.797978779999999555e-01	2.495939859999999899e-01	1.375385389999999930e+00	-6.746822112999999455e-01	1.555997014999999983e+00	-1.174087974000000090e+00	-1.707959753999999997e+00	7.174725084999999947e-01	-1.240372162999999972e+00	-3.930334314000000218e-01	9.506105825999999759e-01	-2.841208520999999876e-01	9.559536176999999801e-01	9.799528183000000281e-01	-1.443151389999999923e+00	7.270112198999999498e-01	-7.909284461000000155e-01	8.803560687999999468e-01	1.082215721999999936e+00	-8.991453942999999560e-01	-2.774210565999999933e-01	1.757290170999999956e-01	-1.025308801999999936e-01	-2.511659240999999931e-01	-1.999145361999999926e-01	5.917229515999999911e-01	-1.335001442999999899e+00	-4.022463292000000301e-02	-5.114583969999999535e-01	2.644532949999999771e-01	-5.492173924999999707e-02	9.702811162000000156e-01	-5.980087254000000518e-01	-2.135747735000000092e-01	2.006264990999999942e-01	-3.971023926000000204e-01	-1.906572608000000058e+00	-2.341636931999999949e-01	-1.280215905000000043e-01	1.153960788000000015e+00	-1.348583692000000056e+00	5.695280309000000374e-01	3.454405561000000180e+00	-3.828508266999999798e-02	-4.683596093999999876e-01	-7.526530551999999989e-04	-7.123984338000000083e-01	8.588921883000000257e-02	-1.844977805000000137e-01	-1.140912471000000039e+00	-6.247336771000000510e-01	1.217714401000000057e+00	-1.138516039999999951e-01	-1.475553464000000092e+00	-6.845491503999999727e-01	6.741008441000000406e-01	-1.198604443000000019e+00	-2.496395210000000031e-01	2.065274678000000030e-01
8.205415767000000526e-01	9.231925342000000256e-01	-1.327237830000000063e+00	-8.570775165999999778e-01	-1.172661672999999904e+00	-1.105830121999999971e+00	-1.529462082000000001e+00	8.565336781000000288e-01	3.138631410000000121e-01	1.119488429000000007e+00	-8.238859120999999508e-01	1.224905979999999950e+00	-1.485137088999999966e+00	-1.784322149000000080e+00	7.298438574000000179e-01	-1.636967311999999897e+00	5.028493285999999785e-01	6.614392436999999569e-01	-1.956561454000000089e-01	4.883404650000000013e-01	7.811968860000000348e-01	-1.223279820000000018e-01	5.540830090999999680e-01	-6.377428622999999908e-01	6.667626202999999974e-01	9.159957327000000094e-01	-8.796192697000000393e-01	1.404240478000000000e-02	4.787601368000000135e-01	-9.397516446999999370e-03	3.311747281999999903e-01	-5.788834060999999975e-01	-8.945108922000000184e-01	-1.252883230999999986e+00	8.903116804999999800e-02	-3.704314781999999973e-01	1.440030639999999862e-01	1.620060133000000013e-01	8.788513369999999547e-01	-4.210498406000000027e-01	-1.636344770000000004e-01	-2.149576422999999875e-02	1.031259930000000047e+00	-1.868963453999999969e+00	-3.542010648000000206e-01	-7.676505798000000415e-03	5.674235150999999977e-01	-5.398094137000000181e-01	3.635091095999999911e-01	9.373453674999999707e-01	5.686377695000000010e-01	-5.811570797000000128e-03	2.036890119000000166e+00	1.082175419999999999e+00	-2.219664273999999882e+00	-3.380271080000000206e-01	-1.129420443999999968e+00	1.046243806000000109e+00	1.236171239999999949e-01	-1.414442639000000002e+00	-6.599578210000000000e-01	-6.353753775999999853e-02	8.326838076999999450e-01	-9.057576779999999550e-01	-3.756240271999999880e-01	-1.615971089000000083e-01
7.846517807999999761e-01	8.928951509000000453e-01	-1.046982201999999917e+00	-9.823810412000000269e-01	-1.245513279999999945e+00	-1.199414194999999905e+00	-1.701824804999999996e+00	8.197987112000000298e-01	2.889554605999999914e-01	4.337738921000000025e-01	-8.667574645000000189e-01	9.924653920999999546e-01	-1.316784790000000038e+00	-1.778100126000000003e+00	5.644827057000000314e-01	-1.751946594999999940e+00	9.681301741000000183e-01	1.569084894999999980e-01	-5.488461382999999527e-01	6.980003973999999722e-01	2.612854683999999983e-01	-1.849672353000000047e-01	5.811924885999999457e-01	-7.440759886000000156e-01	4.984309650000000036e-01	1.171260981999999951e+00	-8.859790105000000526e-01	-1.064812926999999937e-01	2.360813106000000106e-01	3.476338025999999859e-01	4.106493274999999943e-01	-3.563271068000000152e-01	-8.979354012000000385e-01	-1.277654663000000079e+00	-2.012322836000000059e-01	-3.283796971999999870e-01	-9.069079456999999678e-02	-4.311154756000000199e-01	1.354461973999999902e+00	-7.085145982999999648e-01	-4.694948622000000293e-02	1.237208099000000061e-01	1.386468180000000050e+00	-1.516128514999999899e+00	-1.807859821000000089e+00	1.777616240999999875e-01	1.025163666999999945e+00	-3.113796145000000126e-01	9.051631838999999458e-01	9.998904594999999951e-01	1.058357420000000104e+00	-2.761275034999999822e-01	4.982577785999999787e-01	6.211849780999999515e-01	-2.116904469000000066e+00	2.485173394000000091e-01	-7.945817639000000154e-01	1.314690528000000136e-01	1.007418367000000092e+00	-3.628809605000000160e-01	-6.155585149000000200e-01	-2.990620252000000256e-01	2.958878462999999792e-01	-2.536225775000000016e-01	-9.421186745999999834e-01	-1.222208746999999956e-01
8.086758107999999501e-01	8.871721380999999518e-01	-1.367140980000000061e+00	-9.342478710999999603e-01	-8.969799976000000230e-01	-1.472109209999999946e+00	-1.600861625999999927e+00	6.119154455999999964e-01	1.430069022999999884e-01	1.577463464999999954e-01	-7.970141047000000034e-01	7.493805967000000123e-01	-1.177114892000000079e+00	-1.682789257000000038e+00	6.848349630000000188e-01	-1.894430343000000017e+00	1.306852506000000025e+00	-1.163353755999999989e-01	-4.798895495000000122e-01	7.476983662999999725e-01	4.138664004000000007e-01	6.855388030999999896e-03	2.744105671000000024e-01	-8.268120528000000302e-01	1.727647203999999881e-01	8.393772793999999537e-01	-9.716113559000000288e-01	-4.877780406000000180e-01	3.685911732000000107e-01	5.159124806999999535e-01	8.795329477000000118e-01	-3.481600590000000217e-01	-8.284063419999999622e-01	-1.074719321999999977e+00	-2.044515668999999924e-01	1.845105362999999860e-02	-1.818064538999999979e-01	-6.707636295000000137e-01	1.348147097000000016e+00	-8.970037570000000127e-01	-5.802375418999999868e-01	6.353605465999999646e-01	6.064275274000000548e-01	-1.257275708999999964e+00	-1.335102170999999949e+00	-9.386750095000000460e-01	6.976724802999999531e-01	-1.268297272999999947e+00	6.689825391000000510e-01	-1.647156213000000036e-01	1.299178836000000059e+00	-3.662428829000000108e-01	-2.850916263000000117e-01	2.561278533999999940e-01	-2.131067311999999880e+00	-1.944824652999999903e-01	-1.745444860999999959e+00	6.642122434999999658e-01	1.959995117000000064e+00	-3.374954038999999906e-01	-9.659506665000000547e-01	-5.070181367999999633e-01	2.357637013999999975e-01	-5.756898330999999924e-01	-6.818479042999999740e-01	-5.252240193999999640e-01
8.191075480999999714e-01	9.341621582000000368e-01	-1.062342842999999926e+00	-1.114216078000000110e+00	-1.158306966999999910e+00	-1.404410213000000018e+00	-1.748697108000000000e+00	5.984484745000000494e-01	2.163247132999999989e-01	8.358463296999999459e-01	-7.612638162999999514e-01	5.709114027999999674e-01	5.751721277000000354e-01	-1.659429588000000066e+00	4.465661579999999908e-01	-2.013296486000000218e+00	1.285526863000000075e+00	-3.867685498999999805e-01	-1.059719209000000051e+00	7.875642606999999629e-01	2.200485299999999922e-01	4.767913213000000150e-01	8.484033214999999739e-01	-8.263059425000000013e-01	3.849449153000000234e-01	9.000313133999999771e-01	-9.697573388000000350e-01	-6.162056335999999829e-02	1.091880858999999954e-01	9.767882035999999601e-01	-6.659054882999999592e-01	-4.368757584999999888e-01	-1.168911736999999951e+00	-5.335327828999999467e-01	-4.283596203999999741e-01	2.092504519000000160e-02	-4.595252038000000039e-01	-4.279421531000000001e-01	1.436904772000000108e+00	-1.005151351000000082e+00	-9.620471633999999606e-01	8.019407984999999961e-01	5.934120518000000066e-01	-4.225273843999999834e-01	-1.182737310000000042e+00	-7.584543798999999753e-01	5.670958200000000282e-01	-5.825792102999999972e-02	-5.592785163000000281e-01	-2.703993849999999921e-01	1.195663010000000082e+00	-7.830100468999999785e-01	-2.490234378999999984e-02	-1.553091723000000091e+00	-1.915720432999999945e+00	2.001244241999999840e+00	-1.430921128999999903e+00	8.305436479000000149e-01	3.578946460999999912e-01	3.830435301999999820e-01	-5.353844976999999616e-01	4.674198846000000018e-01	1.394994421999999901e+00	1.279057446000000098e-01	-1.545514335000000017e+00	-7.535166640999999554e-01
7.959955934000000344e-01	8.334498845000000156e-01	-1.138879884999999925e+00	-1.012843603999999953e+00	-9.606166685999999455e-01	-1.479299652999999992e+00	-1.734874379000000078e+00	3.490946956000000045e-01	-1.405835222000000051e-01	5.538345263999999712e-01	-6.697806197000000239e-01	6.966776427000000160e-02	-6.567860976999999600e-01	-1.421408068999999941e+00	7.688240923000000393e-01	-2.324398892000000050e+00	1.109398792999999994e+00	-9.555973175999999958e-01	-7.078679673000000117e-01	6.537808418999999649e-01	6.130784056000000426e-01	8.360401253999999449e-01	5.773420170999999934e-01	-5.927915121000000287e-01	3.954741445999999938e-02	5.597367425999999480e-01	-7.802415853999999928e-01	-6.663651093000000358e-01	1.347002042999999871e-01	1.126354582000000049e+00	-1.495051605000000006e+00	-1.409788385999999893e-01	-1.109588760999999923e+00	-6.201315679000000136e-01	-6.608892786000000186e-01	1.493148830000000093e-01	-3.343074985000000221e-01	-5.523879243999999522e-01	1.727274981000000098e+00	-3.829584966999999840e-01	-5.407544090000000470e-01	1.680892496000000014e+00	-3.979954647000000234e-01	-1.466097738999999900e-01	-6.798052687000000205e-01	-9.959062794999999912e-01	1.220306726000000008e+00	-1.841471185000000066e+00	1.170301457999999989e-01	1.139193962000000004e+00	1.473707716000000056e+00	-1.898312215000000025e+00	8.007816673999999801e-02	-4.350540346999999808e-01	-1.797723211999999959e+00	-9.503721085999999874e-01	-1.725827825000000093e+00	-4.826689123999999831e-01	-4.822937159999999834e-01	2.213871710999999909e+00	-1.727432257000000027e+00	-1.891486733999999892e+00	1.875815910000000031e+00	2.168222569999999905e-01	-1.288741808999999960e-01	3.043342922000000228e-01
8.229918015999999614e-01	8.879968494000000101e-01	-1.124299158999999992e+00	-9.483243043000000316e-01	-9.281698532000000057e-01	-1.438998913000000046e+00	-1.634457765000000062e+00	4.555645484999999995e-01	3.907466700000000043e-02	1.126728603999999967e+00	-8.052723811999999981e-01	-3.019849144000000263e-01	-1.113510766999999957e+00	-1.112129235999999910e+00	8.561997479999999827e-01	-2.260904687000000024e+00	8.005519895999999580e-01	-1.149048620000000076e+00	-7.725752741000000423e-01	4.995420413000000170e-01	4.485629383999999997e-01	1.899085640000000019e+00	4.947702245999999748e-01	-6.417567826000000197e-01	7.175256249000000475e-02	7.399904842000000205e-01	-8.509804866000000301e-01	-3.998899744000000145e-01	5.543618798999999653e-01	1.689574600000000038e+00	-1.248999334999999933e+00	-2.535791981000000139e-01	-1.034079988000000005e+00	-3.451550572000000039e-01	-5.445919738000000176e-01	-1.319222797000000058e-01	-2.878024195000000174e-01	-1.676099034999999904e-01	1.575737289999999957e+00	-4.089689648000000011e-01	-7.073216071000000271e-01	1.068663096999999951e+00	6.464830433999999570e-01	-4.818090090000000103e-01	-1.064501062999999997e-01	-9.597768352000000114e-01	6.462615842000000166e-01	-8.989484752999999939e-01	-5.799248385999999922e-01	-6.825072147999999839e-01	7.859950376000000016e-01	-1.220313068999999917e+00	1.241044062999999920e+00	-7.452590827999999723e-01	-7.001561404999999683e-01	1.386565547999999981e-01	-1.417656382999999964e+00	9.093969320000000467e-01	5.252369533999999840e-01	-1.014170929000000054e+00	-6.923814151999999611e-01	-2.378564613999999966e-01	-4.359740383999999858e-01	1.876198518999999953e-01	-4.470318860999999977e-01	3.771189352000000050e-01
7.766025490000000309e-01	8.843239071999999812e-01	-8.763457663000000508e-01	-9.737198312000000522e-01	-1.122539699999999918e+00	-1.237037659000000067e+00	-1.709191042000000049e+00	4.032587290999999907e-01	-1.444359786999999951e-01	9.848094818000000528e-01	-8.646219325999999761e-01	-1.108760194000000032e+00	-1.022067631000000087e+00	-1.059750549999999958e+00	1.117872288000000047e+00	-1.867924098999999893e+00	-2.913215841000000098e-02	-9.675908944000000123e-01	-1.122093679000000011e+00	1.015378598999999937e+00	3.478672998999999821e-01	1.747989923000000001e+00	6.160179700000000258e-01	-5.462607460999999720e-01	1.531051079000000092e-01	1.000226612000000070e+00	-5.313784467000000067e-01	-6.406261182000000387e-01	4.526312256999999728e-01	1.291872620999999999e+00	-7.589011747999999669e-01	-1.283881396000000064e-01	-6.894991601000000081e-01	-3.793498220000000032e-01	-9.454658685000000284e-01	-6.951880830000000122e-01	-5.478816678000000273e-01	1.327815153000000137e-01	1.472244496000000069e+00	-3.579699592999999735e-01	-5.917205446000000091e-01	1.238476122000000013e+00	8.990158864999999722e-01	-4.360250646000000119e-01	4.598691759999999906e-01	-6.385164102000000508e-01	3.076026427999999924e-01	-1.266312671999999973e+00	5.086741773999999827e-01	7.773833422999999465e-01	-1.931702739999999974e+00	-1.545000034999999938e+00	-6.235794851999999500e-01	-1.111676034999999896e+00	-1.480330608999999908e+00	1.219721462000000090e+00	-1.086376655000000024e+00	4.098475753999999971e-01	4.352914073999999967e-01	-4.274771593000000203e-01	-3.591767500000000307e-02	1.368266089000000019e+00	-5.021504763000000232e-02	-1.104472748999999920e+00	-9.093340258000000009e-01	1.076697248999999967e+00
8.415638274000000196e-01	8.906683482999999679e-01	-1.252851292999999977e+00	-9.196907744000000218e-01	-9.240586037000000363e-01	-1.293366675999999993e+00	-1.576833069000000087e+00	3.616674284999999989e-01	8.599347342999999477e-02	6.734990697999999609e-01	-1.311415467000000001e+00	-1.406563294999999991e+00	-1.003090269999999951e+00	-7.877118333999999500e-01	1.243570483999999920e+00	-1.743843250999999928e+00	-4.996087892000000141e-01	-1.286777375000000001e+00	-1.005653431000000042e+00	9.000002132000000099e-01	5.847070770000000195e-01	1.363282115999999933e+00	2.263454870000000119e-01	-6.253919915000000218e-01	1.639679665999999869e-01	1.102669632000000011e+00	-3.701728400000000030e-01	-3.369838941000000143e-01	6.820119588999999927e-01	8.898465700000000034e-01	-2.050718984999999883e-01	-5.782407959000000069e-02	-3.237086652000000231e-01	-6.832730803000000019e-01	-5.076610473999999540e-01	-7.584593960000000079e-01	-5.113235562000000289e-01	4.968423692999999752e-01	6.474908109000000467e-01	-6.258377409000000224e-02	-5.620660306000000439e-01	1.249391101999999920e+00	-5.623994955000000129e-01	-5.978538172999999789e-01	9.977845624000000191e-01	-9.681385479999999877e-01	-2.488926607999999985e-02	4.308487181000000277e-01	2.103688559000000124e-01	7.792604913999999494e-02	-1.258218580999999947e+00	-2.043514508999999979e+00	-1.158320712999999946e+00	-5.278046623000000048e-01	-8.870926144999999874e-01	-5.542616195999999773e-01	-1.643136904999999981e+00	9.002365685000000006e-01	4.029671081000000266e-01	-1.495941149999999997e-01	-6.925976950000000132e-01	1.202531000000000017e+00	1.155381417000000077e+00	-1.527413826999999946e+00	-4.594845866000000223e-01	4.106852873999999876e-01
8.618674441000000463e-01	9.475408922000000400e-01	-1.024843960999999970e+00	-9.230886278000000056e-01	-1.206744661999999968e+00	-1.094688485999999905e+00	-1.630435067000000071e+00	5.437769252999999914e-01	2.090440433999999903e-01	7.414055157000000174e-01	-1.208255147000000029e+00	-1.434836731000000087e+00	-6.722905184999999895e-01	-8.390924785000000163e-01	7.276239521999999793e-01	-1.581026722000000051e+00	-9.369263663000000353e-01	-7.791081332999999498e-01	-1.257377793000000077e+00	1.128149363999999988e+00	4.031967811000000124e-01	2.621248238000000175e-01	3.217997622000000058e-01	-9.987428098999999726e-01	5.215837091999999675e-01	1.487895954999999937e+00	-3.487354253000000126e-01	5.679459649000000443e-01	7.416381010999999468e-01	9.109594185999999594e-01	-8.408865372999999588e-01	1.428872029999999904e-01	9.713358379000000542e-02	-1.378353435000000127e-01	-1.584550410999999992e-01	-1.008090362999999989e+00	-7.125829277999999878e-01	5.276531796000000218e-01	3.261978688000000126e-02	-4.276840762999999934e-01	-6.975367544999999669e-01	6.231232482999999878e-01	-3.079530958000000207e-01	-6.794707343000000455e-01	6.536535029000000163e-01	-3.778200359000000175e-01	4.240943832999999885e-01	8.321513023000000064e-01	-6.871089932999999705e-01	-1.032264432999999926e+00	-7.959671369999999913e-01	-1.309369320000000059e+00	7.839088445999999877e-01	7.803634477000000180e-02	3.786234336000000034e-01	-2.828589608000000033e-01	-1.185182388999999947e+00	1.285856703000000101e+00	1.436920554999999933e+00	-4.748805064000000131e-01	-6.890701848999999587e-03	1.045622135999999980e+00	1.128947638999999947e+00	3.117566419999999727e-01	-1.402665652999999901e+00	-1.445787900999999931e-01
8.229312531000000375e-01	8.434180650999999473e-01	-1.072163683000000090e+00	-9.671340459999999695e-01	-1.135499921999999939e+00	-1.167108798999999975e+00	-1.575813630000000076e+00	4.647355760999999919e-01	-1.733486871999999901e-01	7.059529679999999585e-01	-1.397589479999999940e+00	-1.711862656000000094e+00	-8.710870099999999949e-01	-7.976396264999999763e-01	7.150127307000000432e-01	-1.658847678999999964e+00	-1.001577989999999918e+00	-4.412581360999999758e-01	-1.141434827999999957e+00	1.338165939000000026e+00	4.268890619999999858e-01	-4.896019884999999738e-02	-1.089597171000000059e-01	-1.046594653999999958e+00	3.942427132999999917e-01	1.635047139999999954e+00	-2.459821878000000017e-01	2.027099598999999863e-01	2.734935621999999844e-01	2.033000755999999909e-01	-4.178530180000000205e-01	1.862735154999999865e-01	3.011128252999999977e-01	-3.763654169000000271e-01	-3.364351876000000185e-01	-1.046251295000000026e+00	-5.298088059000000127e-01	-3.969475009000000276e-01	-7.225625414999999885e-01	-2.520510564999999814e-01	-8.718419715999999875e-01	1.073155161999999940e+00	-4.608695351000000051e-01	-7.580831405000000300e-01	-2.364362446999999923e-01	-6.328818775000000230e-01	1.011230810000000035e+00	-6.645768344000000383e-01	2.423770805000000084e-01	-1.043868854000000040e-01	-7.740482939999999701e-01	-1.549185500000000104e+00	-2.719706324999999758e-01	1.822990174999999935e-01	2.109080655999999998e-01	-1.123407475999999905e+00	-1.308243894999999934e+00	3.767081147000000269e-02	1.763330902999999950e+00	4.657686090000000001e-01	1.037978716000000023e+00	-1.843587545000000105e+00	-1.151990708999999891e+00	-4.505737283999999843e-01	-7.278216203999999800e-01	-1.998308135000000096e-01
8.303670900999999827e-01	8.500203149999999708e-01	-1.202368550999999952e+00	-9.035171958000000059e-01	-1.138219453000000048e+00	-1.135793523000000027e+00	-1.547967056999999924e+00	5.669308172999999451e-01	-5.258923788000000044e-02	1.065954446999999972e+00	-1.431888277000000098e+00	-1.784352149999999915e+00	-1.212924340000000045e+00	-8.789808467999999930e-01	2.378156117000000125e-01	-1.677278190000000002e+00	-6.223713986000000142e-01	7.632861961000000361e-01	-1.043285009000000096e+00	9.760884817999999630e-01	6.494192597000000289e-01	-3.558919285000000099e-01	-2.267222657999999960e-02	-1.263454140999999975e+00	5.289373885999999469e-01	1.751902631000000099e+00	-7.805606974000000031e-01	3.282161805000000099e-01	4.726749188000000101e-01	5.280722567000000200e-01	-8.356546717999999707e-01	1.897951568000000033e-01	1.212505779000000034e-01	3.854802702999999831e-01	2.140287150000000083e-01	-1.042194972999999969e+00	-4.205924342999999843e-01	-5.477844885000000552e-01	-2.895225155999999744e-01	-4.360814621999999918e-01	-5.229215082999999487e-01	5.541190028000000378e-01	-5.161225396999999937e-01	-1.096723528000000059e+00	-2.377048145000000001e-01	-8.531313591000000418e-01	5.663021835999999531e-01	-1.235085948999999905e+00	4.037609973999999879e-01	1.034874357000000050e-01	-6.070598199000000195e-01	-1.358939828999999877e-01	1.089770915999999978e+00	6.336838493000000218e-03	2.965111762000000040e-01	-5.905122764000000357e-01	-1.417521629999999977e+00	1.602222143000000099e+00	2.256518134999999869e+00	-1.532303063000000076e+00	6.445021759000000294e-01	5.846315723999999658e-01	-1.082035459999999949e+00	1.014618057999999934e+00	-1.008524463999999954e+00	-1.555793406000000045e+00
7.879809515000000264e-01	8.575944309999999904e-01	-1.027882192000000083e+00	-8.956650850999999802e-01	-1.184667507999999980e+00	-9.731728124999999840e-01	-1.621191880000000030e+00	5.303632544999999920e-01	-1.436866830000000095e-01	1.153373240000000077e+00	-1.449286719999999917e+00	-1.039960871999999981e+00	-1.540306037999999988e+00	-9.593609872999999677e-01	2.549397095000000002e-02	-1.660685541000000098e+00	-1.279795892999999962e+00	1.516874921999999959e+00	-1.282566636000000093e+00	1.401510990000000012e+00	4.173961999999999950e-01	-1.068122892999999962e+00	4.056956580000000145e-01	-1.206625446999999962e+00	8.673627819000000461e-01	1.986598799000000026e+00	-6.332989998000000398e-01	4.458533196999999726e-01	3.466004543999999798e-01	1.666380336999999934e-01	-9.108413462000000127e-01	6.127508871000000301e-01	-5.261124956999999602e-01	5.342485918999999583e-01	-3.442647191000000051e-01	-1.004795541000000014e+00	-4.857084547000000141e-01	-1.250070621999999965e+00	5.139989511000000455e-01	-1.585865775999999866e-02	-6.816753344999999520e-01	5.817571762000000035e-01	1.019923287999999983e+00	-7.548724111000000292e-01	-3.520008709999999930e-01	-4.331202262000000136e-01	4.483817120999999961e-01	1.872103454000000056e-01	6.862075533000000505e-01	-1.882406679999999999e-01	-7.763388001000000038e-01	-2.957607031000000219e-01	-2.055681099999999983e-01	-5.460472849999999934e-01	-4.956164960000000175e-01	2.492275389999999979e-01	-1.404435840000000102e+00	2.873148468000000233e-01	1.676307012999999957e+00	-1.767537997999999999e-01	-7.633893734000000153e-01	3.551483413000000033e-01	1.660747526999999946e-01	-4.995950091999999954e-01	-1.006407821999999896e+00	-1.665034928000000081e+00
7.983287364000000164e-01	8.274460919999999664e-01	-1.334684478000000007e+00	-8.878495862999999932e-01	-1.057694066999999905e+00	-1.233023339000000052e+00	-1.549760237000000096e+00	4.820878439999999876e-01	-9.992785922999999904e-02	-5.689604470000000219e-02	-1.493653359999999930e+00	1.042859876999999991e-01	-1.609896449999999923e+00	-7.509899696999999819e-01	4.654650857000000030e-01	-1.535692939000000035e+00	-1.478362122000000056e+00	1.514691141999999990e+00	-1.056476696999999909e+00	9.787644785000000347e-01	3.635153131000000148e-01	-2.393549647999999863e-01	4.669668600999999919e-01	-1.088455793000000060e+00	8.033431337999999977e-01	1.849373731000000021e+00	-9.749398140999999685e-01	2.333191210999999987e-01	3.960467737999999738e-01	-1.676397305999999948e-02	-1.062076623999999914e+00	9.059760746999999670e-01	-2.205900724000000035e-01	-1.338952982000000125e-01	9.971065622999999989e-02	-5.908841051000000011e-01	-6.714908125999999866e-01	-1.299414705000000003e+00	8.536473509999999987e-01	5.892109156000000514e-01	-5.120334921000000428e-01	7.168567071000000457e-01	1.336768509999999965e+00	-1.301842504999999983e+00	-4.298605207999999789e-01	-5.018526075999999447e-01	4.070765748999999878e-01	-5.379501814999999576e-01	9.665243449999999514e-01	3.556760968000000078e-02	-8.294712190999999901e-01	-1.650373685000000035e-01	-3.859032322000000015e-01	3.349170107000000174e-01	2.891025016000000059e-01	-4.691983583000000069e-01	-1.648586698999999989e+00	5.303282156999999941e-01	1.232502559000000053e+00	3.269811512999999947e-01	-5.405079215000000437e-01	-1.992517697999999893e+00	-4.208556044999999801e-01	-1.233795471999999949e+00	-7.240582497999999978e-01	-1.647040293999999960e+00
8.159787453000000301e-01	9.177252289999999757e-01	-1.139882808999999941e+00	-8.724960590000000460e-01	-1.093643496999999964e+00	-1.072807717999999966e+00	-1.604399754999999983e+00	8.559203130000000437e-01	3.300668641999999764e-01	9.226093631999999767e-01	-1.126699595000000054e+00	1.209780606999999897e+00	-8.518300354000000185e-01	-8.608241374999999751e-01	-4.616321288000000203e-03	-1.476636392000000075e+00	-6.202398762999999926e-01	1.191199778000000098e+00	-1.157941099999999945e+00	1.108907155999999894e+00	2.699372011000000238e-01	-4.601310114999999923e-02	3.824211142999999757e-01	-8.860452134999999840e-01	8.310861163999999635e-01	1.502247397999999956e+00	-1.067027678000000090e+00	2.769875799000000027e-01	1.870814375000000029e-01	4.315211912999999955e-01	-1.133828947999999892e+00	9.585330802000000538e-01	-5.781057843000000362e-01	2.260528302999999933e-02	3.327405341999999933e-01	-1.098734710000000003e+00	-7.100372042999999467e-01	-8.884955330999999568e-01	1.123298542999999983e+00	3.783430221999999898e-01	-8.790160638999999776e-01	-4.551410895999999928e-01	-5.700780230999999976e-01	-1.697291115000000072e+00	-1.292942470999999927e+00	-8.969760800999999895e-02	2.233504643999999900e-02	-8.250302113999999909e-01	-2.655207772000000022e-01	1.219389733000000031e-01	-1.108421257000000021e-01	7.513748310000000208e-01	4.403452184000000158e-01	-9.730056098999999570e-01	4.716979195000000069e-01	5.957501807999999732e-01	-1.033884154999999971e+00	1.135946539999999949e+00	8.464106477999999711e-01	-3.425775058000000151e-01	-8.445100220000000268e-01	1.509954148000000052e-01	-8.209889200000000664e-02	-6.948134862999999495e-01	-8.748747357999999696e-01	-1.745289912000000054e+00
7.663765365000000385e-01	8.510994928999999765e-01	-1.024946708000000095e+00	-8.083925987000000202e-01	-1.031584754999999909e+00	-9.825617072000000229e-01	-1.639387464999999988e+00	7.458122891999999782e-01	-2.000865153999999840e-02	1.034778216999999945e+00	-1.017329206000000097e+00	1.367925728999999979e+00	-1.195104728000000005e+00	-5.768916924000000446e-01	1.918066891000000107e-01	-1.814902570999999964e+00	-2.587011985000000139e-02	8.512565941999999941e-01	-7.189795431000000070e-01	1.202224318000000070e+00	3.647370836000000116e-01	-1.118998500000000007e+00	1.627440836000000057e-01	-6.529171043999999480e-01	5.584156684000000093e-01	9.378704772999999495e-01	-7.297550538999999503e-01	4.063806566000000009e-03	-3.791182900000000244e-01	7.833886398999999334e-02	-1.931326704000000116e-01	4.173570153000000227e-01	-1.330129472999999951e+00	-7.416207613999999948e-01	-2.146499639999999987e-01	-1.154563299999999959e+00	-6.844208306000000297e-01	-1.004399566000000021e+00	7.585901379999999694e-01	5.041739701999999879e-01	-4.833129037000000183e-01	-8.758969007000000362e-01	-2.213906579000000097e-01	-1.615172652000000042e+00	-1.841266152999999905e-01	-2.312046788000000075e-01	6.033834775999999955e-01	-1.361987679000000062e+00	8.144397871999999872e-01	1.994733711000000076e+00	-7.755508410000000463e-02	3.939853207999999968e-02	8.617475788999999775e-01	3.103229486999999898e-01	-1.536474649999999942e+00	-8.461925140999999595e-01	-7.527403606000000469e-01	-7.213355114999999707e-01	3.331486155999999754e-01	1.122492201000000023e+00	-1.200702410999999969e+00	-9.386379233999999627e-01	-6.425250072000000534e-01	-9.056218888000000522e-01	-1.216423774000000013e-01	-2.956351213999999783e-01
8.118913759000000452e-01	8.797874576999999974e-01	-1.251780464999999953e+00	-7.759859852999999585e-01	-9.259402638000000518e-01	-1.139240736000000087e+00	-1.570974316999999898e+00	6.764608197000000489e-01	8.368385378999999846e-02	6.217903808000000421e-01	-8.876751456000000484e-01	1.092530859000000021e+00	-1.387686396000000100e+00	-5.230576449999999600e-01	6.955433416999999563e-02	-1.954174094999999944e+00	6.444223423999999589e-01	5.713113223000000351e-01	-2.966190451999999866e-01	8.015766761000000518e-01	2.639737306000000117e-01	-1.157661163999999937e-01	2.419546831000000120e-01	-6.404145108000000031e-01	1.320423795000000011e-01	7.243569955999999976e-01	-9.232296424000000501e-01	1.060023481000000045e-01	-1.770539680000000060e-01	-1.174715624000000069e-01	2.542290500000000120e-01	-6.729137020999999969e-03	-1.367764688000000062e+00	-1.194516719999999976e+00	-1.278016617999999938e-01	-7.568021421999999720e-01	-3.894654135000000239e-01	-7.206460496000000049e-01	7.904482192999999768e-01	1.942026520000000034e-01	-9.517386530000000455e-01	-9.336472058000000462e-01	7.269221815999999947e-01	-1.870023331999999927e+00	-8.265784833000000553e-02	-6.473717691999999468e-01	-6.234571692999999470e-01	1.937859121999999934e-01	7.323590606000000003e-01	4.184900234999999746e-01	5.734084932999999884e-01	-3.925143682000000189e-01	1.664495411999999952e+00	5.180812093000000118e-01	-2.047211381999999968e+00	-8.458522217999999704e-01	-9.380261537999999844e-01	2.310540420999999955e-01	6.333646575000000389e-01	3.848937297999999729e-01	-1.051865819999999951e+00	-1.421399586000000048e-01	-2.995038165000000197e-01	-1.258119808000000006e+00	-3.782818676999999963e-01	-8.187049292000000422e-01
7.830455334000000489e-01	9.076524282000000277e-01	-9.316668170999999887e-01	-8.812314211999999758e-01	-1.088386284999999898e+00	-1.189408336000000066e+00	-1.700579647999999944e+00	6.722363891999999508e-01	1.453463373999999975e-01	8.374057545000000713e-03	-7.086611078000000230e-01	8.189240107999999907e-01	-1.383835857000000003e+00	-5.456840629000000442e-01	1.028142737999999945e-01	-1.708002514999999999e+00	1.031823924000000003e+00	-2.753440525999999861e-02	-4.536888441999999966e-01	1.057599369000000067e+00	-1.535534031999999938e-01	-4.179342493999999714e-02	4.521385379999999787e-01	-9.422562156999999550e-01	-9.847344222999999952e-02	6.400565313999999617e-01	-1.139540379999999908e+00	2.446463681000000112e-01	-4.554975057999999799e-01	5.000516779000000467e-01	4.444496162000000083e-01	-8.391053328000000477e-02	-1.286859105000000003e+00	-8.045000226999999837e-01	-4.484429184000000013e-01	-1.010623770000000032e+00	-4.395778718999999723e-01	-1.047184979000000071e+00	1.266473737999999960e+00	-1.774309987999999894e-01	-1.142506522999999996e+00	-4.326921852000000235e-01	1.211138650999999955e+00	-1.419283096000000022e+00	-1.501838518000000011e+00	-6.611320956999999776e-01	-1.704349646999999968e-01	5.379504622000000347e-02	2.897740889000000042e-01	1.718642099999999895e-01	8.906361402000000371e-01	-3.431963009999999814e-01	5.657192225999999602e-01	-2.275520949000000015e-01	-1.881869105999999903e+00	3.699072311000000113e-01	-4.303261091999999732e-01	1.561565001000000119e-01	1.217327881999999972e+00	4.845248455999999759e-01	-3.518336836000000023e-01	1.773467884000000036e-02	1.019465049999999984e+00	-4.458621950000000167e-01	-1.447569982999999949e+00	-9.862078972000000165e-01
7.659496677999999559e-01	7.899060554000000289e-01	-1.133841003999999986e+00	-9.234237951999999527e-01	-8.161074441000000235e-01	-1.435790244999999965e+00	-1.680151141000000070e+00	6.290432025000000094e-01	2.261675272000000098e-02	-3.410249191999999985e-01	-5.189460849000000486e-01	6.315505608999999465e-01	-9.348944337000000271e-01	-3.662221540999999747e-01	1.872201967000000078e-01	-1.559855766000000088e+00	1.276584299999999894e+00	-2.447930896999999939e-01	-4.387010315000000049e-01	8.729523168999999694e-01	-2.519539206999999933e-02	-2.063918175999999993e-01	3.525695766999999980e-01	-1.276120823000000071e+00	-7.746961714000000221e-01	5.823255373000000290e-01	-1.437247284999999986e+00	-1.389950074999999896e-01	-4.811283136999999765e-01	8.030819098000000489e-01	6.413188291000000429e-01	2.866213587000000090e-02	-1.236863628000000048e+00	-9.890785215999999824e-01	-4.236732948999999970e-01	-5.143688780999999821e-01	-1.144989680999999981e+00	-1.131153915999999926e+00	1.524647203000000006e+00	-7.630866601999999888e-02	-1.180419174999999932e+00	1.015458841000000056e+00	-1.372188393000000062e-01	-1.150209299999999990e+00	-1.727194407000000043e+00	-1.121950801000000109e+00	5.520113828999999583e-01	-1.516399008999999909e+00	-1.746070456999999909e-01	1.460322296999999880e-01	1.170502039999999910e+00	-4.457706533999999943e-01	-6.939319452000000110e-01	-3.461267576000000012e-01	-1.537810968000000056e+00	-1.814394960000000057e-02	-9.828026803999999617e-01	-1.813962434999999984e-01	2.101665695999999972e+00	8.984347888999999476e-01	-2.096076841999999996e+00	-1.231279328999999922e+00	4.350444788000000229e-01	-6.883983156999999853e-01	-1.661785013000000033e+00	-1.135071267000000050e+00
7.815456158000000375e-01	8.525100109000000037e-01	-1.126219180000000097e+00	-1.011218211000000089e+00	-9.208908558999999716e-01	-1.297057423000000043e+00	-1.721419250999999928e+00	6.820602063999999798e-01	2.295580617999999906e-01	5.964781960999999688e-01	-3.206877940999999788e-01	3.866995572999999964e-01	5.003870368999999707e-01	-5.149882660000000278e-01	-2.041468247999999874e-01	-1.316158688000000021e+00	1.280749550999999986e+00	-2.872838556999999793e-01	-5.734421618999999692e-01	6.150184305000000462e-01	-7.177394717000000306e-03	6.777661041000000441e-01	5.231599752000000159e-01	-1.322525715999999907e+00	-8.988356158000000429e-01	8.301792005999999446e-01	-1.988689691000000037e+00	5.662818736999999936e-02	-6.915036172999999842e-01	1.526253246000000008e+00	-7.215448384999999520e-01	-9.372187451999999808e-02	-1.396780319000000103e+00	-9.808368434000000469e-03	-6.762541816999999567e-01	-3.454262798000000134e-01	-1.324456953999999964e+00	-8.364990879999999462e-01	1.682757959999999997e+00	-5.184212647999999479e-01	-9.015021213999999672e-01	1.138047193000000012e+00	3.135424698000000010e-01	-8.514457089000000423e-01	-1.483712611999999931e+00	-9.172537613000000256e-01	5.081450883000000474e-01	-1.361982792000000053e+00	-9.422287790000000163e-01	6.759146910000000119e-01	6.768164990999999686e-01	-1.535459767000000031e-01	6.654315440000000414e-01	-1.339844980000000074e+00	-1.971778377999999998e+00	1.179028438000000012e+00	-1.546322532000000027e+00	1.882045932000000033e+00	6.834687144000000103e-01	5.797229940000000470e-01	-1.641831591000000090e+00	-5.399807117999999573e-01	9.504875071999999703e-01	-1.683854519000000105e-01	-1.698248003000000006e+00	-1.478330233000000105e+00
7.574575457000000123e-01	8.197760674999999830e-01	-1.065012985999999939e+00	-9.699418911999999615e-01	-9.204298605999999827e-01	-1.258163362999999979e+00	-1.733710845999999917e+00	5.275159895000000043e-01	-9.907190798999999590e-03	6.498799332000000373e-01	-1.644160601000000110e-01	3.378116090999999654e-02	-4.519969280000000200e-01	-5.391747923999999914e-01	-1.070380397999999983e-01	-1.391722748999999926e+00	1.052015635999999921e+00	-8.456570308999999952e-01	-3.927754301999999975e-01	5.134131387999999463e-01	1.479398474999999991e-01	6.513636372000000119e-01	8.412805424999999504e-01	-1.195990592000000019e+00	-1.251634319999999967e+00	1.172930213999999971e+00	-1.856803820000000105e+00	-7.035734992000000632e-02	-8.846500054999999474e-01	1.547913105999999983e+00	-1.677479866999999958e+00	3.470189456000000172e-01	-1.313885380999999963e+00	-1.715126643000000062e-01	-9.790026873999999601e-01	-2.135423962000000120e-01	-1.520338804000000099e+00	-1.494490400999999968e+00	1.488502946000000104e+00	2.783408459999999959e-02	-7.590167337000000014e-01	1.553372046000000006e+00	6.751551185000000121e-02	-3.004365918999999940e-01	-1.146368532000000107e+00	-7.321473773000000129e-01	6.691791930999999582e-01	-1.280333841000000028e+00	-5.797734411999999615e-01	1.955150490000000074e+00	1.053806476000000103e+00	-2.083933683000000148e+00	-3.077586654999999727e-01	-9.526005226999999520e-01	-2.965329462000000138e+00	-6.597522442000000042e-01	-1.406659657000000063e+00	-3.642609207999999987e-01	-1.206059044000000052e-01	1.036732882999999994e+00	-2.116439204999999824e+00	-1.301838881999999975e+00	7.515201075999999869e-01	-2.537499009999999999e-01	-1.443570985999999889e+00	-7.947875944000000192e-01
7.498947484000000330e-01	8.471856733000000528e-01	-1.312446919999999961e+00	-9.219127361000000187e-01	-8.079107035999999464e-01	-1.305104511999999994e+00	-1.635375895999999996e+00	3.985662327000000227e-01	8.662593095999999993e-02	7.924670241000000281e-01	-3.459509250000000202e-01	-5.250919191999999791e-01	-1.663698501000000052e+00	-4.465459303000000046e-01	3.540884456999999763e-01	-1.605595233999999927e+00	9.525375088999999962e-01	-1.103977731000000073e+00	-1.330611384000000008e-01	2.564047930999999725e-01	7.068898273000000232e-02	1.622453619999999930e+00	7.954459479000000055e-01	-1.374873226000000059e+00	-1.418916794999999897e+00	9.899863947000000497e-01	-1.844963206999999938e+00	-4.433135998000000133e-01	-3.692580618999999897e-01	1.953495970000000082e+00	-1.688268797000000099e+00	4.806002239000000120e-01	-1.670064883000000000e+00	3.130704782000000019e-01	-1.017558270999999959e+00	-1.980228689000000097e-01	-1.157315169000000088e+00	-1.058650606999999910e+00	8.893303657000000140e-01	-6.101041363999999689e-02	-1.019488804000000082e+00	1.236921605999999896e+00	5.613208739999999697e-01	6.124723325999999884e-02	-9.222044690999999794e-01	-1.170575284999999965e+00	-1.060686782000000022e-01	-1.235431369999999918e+00	-8.243966557999999889e-01	-1.204806798000000040e-01	2.960856392999999809e-01	-1.390372458000000089e+00	-1.159091753000000002e-01	-1.138755576000000103e+00	-1.399727117999999937e+00	-3.519579180999999890e-01	-1.598493450999999954e+00	6.788447210000000398e-01	6.626831348999999705e-01	2.869524592000000096e-01	-6.027679570999999736e-01	-3.482613837999999976e-03	-4.316593944000000210e-02	-2.301759325999999939e-01	-1.457330556000000055e+00	-9.493280643999999491e-01
7.741097683000000007e-01	8.854643788999999598e-01	-9.547237536999999552e-01	-9.514765278000000270e-01	-9.778540248999999518e-01	-1.165097628999999912e+00	-1.701702921999999951e+00	4.127268725000000082e-01	5.301284961000000268e-02	6.516592894999999608e-01	-1.964746994000000080e-01	-1.184850675000000075e+00	-1.075459163000000107e+00	-7.136999699999999613e-01	6.665966484999999997e-01	-1.447176749999999901e+00	-2.653439639999999877e-01	-1.123228348000000043e+00	-3.538369180000000003e-01	2.811608031999999757e-01	-2.906445497000000044e-02	6.289679162000000323e-01	1.223528361999999925e+00	-1.230736429000000021e+00	-8.593408639999999821e-01	1.226127957999999962e+00	-1.395194159000000100e+00	-8.882780401999999798e-02	-2.611827069000000057e-01	1.800798561999999992e+00	-1.434532688000000000e+00	6.264535305999999748e-01	-1.020180866000000020e+00	6.584618725999999977e-01	-1.423900503000000040e+00	-8.830944573000000242e-01	-8.274213003999999483e-01	-8.376336238999999573e-01	5.242497903999999709e-01	-1.393294401999999876e-01	-1.121402725999999905e+00	9.802739154999999815e-01	1.904532466999999951e-01	7.184448107999999444e-02	-1.202900510000000020e-02	-7.165849910999999572e-01	-4.594742173999999957e-01	4.201777210000000040e-01	-5.718456912999999586e-01	-5.815377214000000405e-01	-2.494782961999999937e+00	-1.684095550999999968e+00	-5.191796432999999933e-01	-1.509277940000000040e+00	-1.385727791000000098e+00	8.641437561000000489e-01	-1.062287227999999972e+00	8.081783057000000436e-01	3.944675284999999976e-01	2.811858447000000205e-01	-7.368923705000000046e-01	1.283890785000000090e+00	1.425929182000000017e-01	-1.161168999999999896e+00	-1.822584047000000096e+00	-7.227562606999999861e-01
7.801619249000000256e-01	8.275604920000000364e-01	-1.141555396000000000e+00	-9.190213541999999736e-01	-8.337816019999999551e-01	-1.316327044999999973e+00	-1.622598726999999963e+00	3.357694281999999975e-01	-7.104165499999999522e-02	-9.841804159000000496e-02	-3.897381999999999791e-01	-1.657495304000000003e+00	-1.350970873000000072e+00	-5.604492915000000020e-01	6.803564643999999717e-01	-1.388786225999999902e+00	-7.582834484999999569e-01	-1.002064454000000104e+00	-2.894532838000000163e-01	2.559793320000000039e-01	1.260067877999999919e-01	-8.546468475999999814e-01	1.190776314999999919e+00	-8.733685620000000149e-01	-3.567554467999999868e-01	1.305351531999999981e+00	-4.368924654999999935e-01	8.666858969000000579e-02	1.322247561999999876e-01	1.428839702999999961e+00	-1.421893746999999930e+00	6.113816333999999575e-01	-4.391796331999999747e-01	2.388353643999999998e-01	-8.852192031000000183e-01	-5.084806427000000406e-01	-1.176057308000000023e-01	-6.907128475999999573e-01	4.240817784999999923e-02	2.012079954000000059e-01	-4.876972507999999817e-01	1.660120912000000004e+00	-9.248560568999999454e-01	-9.192890374999999892e-02	3.134860259999999732e-01	-8.008401116000000153e-01	-3.373267980999999915e-01	-8.563597679000000129e-01	-1.611254172000000096e-01	3.454454019000000042e-01	-1.016248599000000086e+00	-1.297894096999999913e+00	-7.470074003000000129e-01	-6.996882537999999929e-01	-1.221817438000000061e-01	-1.110225629999999963e+00	-1.186740568999999912e+00	6.024876713000000272e-01	7.795601604999999878e-01	7.065660944999999638e-01	5.755207813999999589e-01	-1.844511006999999925e+00	-7.479958767000000064e-01	-1.340968868000000036e+00	-1.305250696999999960e+00	2.285137643000000052e-02
7.575916844000000205e-01	8.567842817999999916e-01	-1.044894857000000066e+00	-7.894277723000000524e-01	-9.613845003000000000e-01	-1.037057796999999892e+00	-1.657358294000000010e+00	5.548683354000000234e-01	8.947055255999999956e-02	6.322761676999999469e-01	-5.267009198000000003e-01	-1.525642085999999953e+00	-1.297202471999999940e+00	-6.054162824000000054e-01	2.150464796999999872e-01	-1.084974537999999988e+00	-6.074213308000000477e-01	6.998958305000000379e-01	-4.490601103999999899e-01	3.170190522999999927e-01	1.771683924000000132e-01	-7.135313629999999741e-01	1.434907632000000044e+00	-8.250601312999999992e-01	3.987271869999999829e-01	1.400253552999999984e+00	-5.141905096000000119e-01	4.932337670999999840e-02	4.656309240000000016e-01	1.155151277999999948e+00	-1.905121650000000111e+00	3.347477915000000026e-01	-5.714490088000000467e-01	3.833500837000000105e-01	-6.778595110999999784e-01	-3.095688759999999928e-01	2.934818620999999905e-01	-4.818679960000000206e-01	5.138800449999999520e-01	1.492250172000000041e-01	-7.281464173000000428e-02	1.038567803999999928e+00	-4.302870446000000015e-01	-6.486498183000000139e-01	8.146433267999999561e-01	-4.011789051999999911e-01	-1.025019987000000077e+00	-1.655929645999999922e+00	1.723153701000000038e-01	6.730874476000000550e-01	-1.421668332000000090e+00	3.689748682999999807e-01	6.882785715000000470e-01	-4.394478493000000263e-01	-2.560790030999999800e-01	2.085520724000000103e-01	-8.359352830999999817e-01	1.019556501999999920e+00	1.191171036999999933e+00	-1.065396256999999958e+00	7.986794809999999689e-01	6.155546014999999649e-01	-6.327722566000000270e-01	-1.057838937000000090e+00	-1.903555828000000005e+00	-8.123832576999999722e-01
7.269868141999999978e-01	8.417516922000000124e-01	-8.598802277000000549e-01	-6.800531128000000258e-01	-8.359922209000000271e-01	-9.782144386000000136e-01	-1.560814265999999950e+00	5.862298866999999802e-01	-1.606869340000000035e-01	7.210684661999999800e-01	-4.744856478999999738e-01	-1.233064833000000027e+00	-1.442770179999999902e+00	-6.349912334999999741e-01	1.529343481000000060e-01	-7.431203583000000057e-01	-1.267266599000000049e+00	1.332898103000000001e+00	-4.280856288000000065e-01	9.549830986999999771e-01	4.491576493000000170e-01	-1.157370082999999994e+00	1.319709024000000008e+00	-6.780154393999999751e-01	8.206128603000000243e-01	1.465969110000000075e+00	5.321491124000000267e-02	2.223621278000000034e-01	1.591284561000000097e-01	7.403991068999999925e-01	-1.294711549000000073e+00	6.132459176000000234e-01	2.065559636000000032e-01	-2.212119265999999973e-01	-1.114226595000000097e+00	-6.114894378999999880e-01	5.334360381999999623e-01	-1.641691935999999963e+00	1.119891458999999978e+00	5.362757145000000142e-02	-2.837672837999999920e-01	1.045336075000000031e+00	-3.168219473000000175e-01	-8.237149106000000165e-01	8.254514764999999477e-01	-4.415273159000000086e-02	-9.998476192999999901e-01	-5.270582820000000446e-01	3.324554419999999899e-01	7.052693192000000222e-01	-1.097125597000000008e+00	-7.693048280000000516e-02	-3.059768848000000152e-01	-4.103652769000000200e-01	-8.619698668999999924e-01	-6.464112472999999914e-01	-3.331768759000000024e-01	-5.501175413000000125e-01	2.008936776000000091e+00	-6.585945164999999768e-02	-1.077469508000000076e+00	3.991717102999999822e-01	-3.082280694999999793e-01	-1.990516495000000052e+00	-2.173288620000000115e+00	-8.789178843999999602e-01
7.297125324000000024e-01	8.095115376999999501e-01	-1.090454835999999927e+00	-7.198766602999999709e-01	-7.104146295000000055e-01	-9.927936420999999845e-01	-1.503438634999999968e+00	6.073323451000000039e-01	-2.227218038000000067e-01	4.997847810000000113e-01	-6.475070207999999994e-01	-7.390962921999999491e-01	-1.316404345999999892e+00	-6.546088424999999544e-01	3.775693978999999922e-01	-6.315222649999999716e-01	-1.206513713000000099e+00	1.996723296999999953e+00	-3.499992154000000077e-01	1.191721881000000094e+00	4.732362222000000007e-01	-1.540313476999999875e-01	1.239940129000000058e+00	-4.900120566000000233e-01	1.017367598999999956e+00	1.167590475999999988e+00	-7.284969339000000321e-01	-7.646081022999999532e-02	-2.877560263000000229e-01	6.091858221999999490e-01	-9.353231278000000426e-01	4.153661198999999971e-01	-8.156870672999999572e-02	-7.700750979999999579e-01	-9.649867285000000017e-01	-2.925556465999999967e-01	-6.872194487999999657e-02	-2.071790233000000203e+00	1.292712947000000057e+00	-2.896060901999999992e-02	-1.884661716999999903e-01	7.498616875000000404e-01	1.487272044000000071e-01	-9.899930432000000335e-01	1.241912050999999906e+00	-3.608059771000000082e-01	-9.688679701000000311e-01	5.684669721999999759e-01	2.479982703999999982e-01	4.534086530999999892e-02	-1.400030340999999900e+00	-8.843784614999999905e-02	-4.296164438000000252e-01	6.944799011000000188e-01	-7.167341125999999729e-01	-7.598614001000000284e-01	-9.585879595999999836e-01	-4.236947397999999976e-01	1.798651924000000069e+00	7.133597014000000458e-01	-5.829119825999999893e-01	-4.806489932999999937e-01	-2.069432647999999986e-01	-2.110299824999999796e+00	-1.691937500999999955e+00	-5.177175509000000453e-01
7.365719275000000010e-01	8.773527795000000129e-01	-1.013846094999999892e+00	-6.908164562999999925e-01	-9.281745666999999811e-01	-9.102376624000000360e-01	-1.553828436999999951e+00	7.724448445999999580e-01	1.870014044999999958e-02	8.274829369000000212e-02	-6.773803622999999829e-01	2.152693687999999994e-01	-1.027340327000000109e+00	-7.488098096999999953e-01	3.603930136999999867e-02	-5.728322649000000544e-01	-1.146824142999999907e+00	1.677379597000000055e+00	-8.836134386999999757e-01	1.486918447999999948e+00	-8.246107201999999803e-02	3.335173307000000031e-02	1.197912692000000057e+00	-4.110087727999999774e-01	8.989326729000000071e-01	1.114128535000000086e+00	-1.193613145000000042e+00	4.387776416999999984e-01	-4.784072644999999846e-01	1.343275210999999913e+00	-1.138077578000000090e+00	5.281375557999999915e-01	2.226335701999999916e-02	-1.169320823999999925e+00	-7.085141673000000528e-01	-3.359082715000000219e-01	-1.663994795000000027e-01	-1.838655568999999934e+00	1.857838365999999963e+00	-3.578342721000000171e-01	-3.745509391999999882e-01	1.878773629999999917e-01	9.659827622000000114e-01	-8.791403062000000546e-01	1.348893801000000114e-01	-2.973896999999999791e-01	-5.035229909999999753e-01	3.038835890999999970e-02	-1.024502913999999931e+00	-6.415285402000000525e-01	-5.957379845000000396e-01	9.547229834999999554e-01	6.608605115000000252e-01	3.741302924000000085e-01	2.143961008999999973e-01	1.950475603999999863e-01	-1.332728772999999922e+00	9.948920121000000005e-01	9.561727738999999948e-01	6.396429931999999541e-01	-6.361932549000000048e-01	-1.587606531000000043e+00	5.769893566999999557e-01	-8.174927859999999713e-01	-1.764767331999999911e+00	-1.487898638000000107e+00
6.832763742999999890e-01	7.746120134999999740e-01	-9.447111576000000177e-01	-6.980807914000000114e-01	-9.102210511999999643e-01	-9.565253710000000131e-01	-1.527536221000000083e+00	7.762985238999999815e-01	-2.494620492999999883e-01	2.403596930999999937e-01	-7.708102985000000462e-01	4.777718154999999745e-01	-1.448415790999999953e+00	-7.289355892000000114e-01	-2.283463444000000120e-02	-6.323022674999999593e-01	-1.121331859999999958e+00	1.687559894999999921e+00	-1.041641947000000012e+00	1.461815772000000013e+00	-3.077306172000000006e-01	-7.719597085999999608e-01	7.960467945000000434e-01	-3.342615308999999924e-01	5.102711151000000056e-01	1.010871368999999964e+00	-1.382935078000000040e+00	-1.181516855000000060e-01	-7.024805184000000313e-01	1.135230136999999973e+00	-9.239543247999999487e-01	4.733951565999999778e-01	9.346330344000000623e-02	-1.591384874000000060e+00	-1.273176867000000101e+00	-4.510969015999999887e-01	-1.019893785000000053e-01	-1.845817068999999977e+00	1.885231678000000022e+00	-5.580267628999999729e-01	-5.490358171000000315e-02	4.014093865000000205e-01	1.759265499000000066e+00	-7.979072954000000495e-01	2.843450845000000116e-01	-1.340776100999999942e-01	3.543450741999999987e-01	-1.354327437000000023e+00	6.186350962000000120e-01	6.616930436000000304e-01	-1.108224678000000019e+00	3.013418706000000058e-01	-1.256053591000000011e-02	4.626624410999999881e-01	-3.450434745000000025e-01	-9.299145795000000048e-01	-1.739924862000000072e+00	-4.358798244000000044e-01	2.409488770999999918e+00	9.396236033000000543e-01	-7.079795826000000458e-01	-1.923848385000000105e+00	-1.321948195000000048e+00	-8.980561584999999791e-01	-1.272942661000000086e+00	-1.103763351000000004e+00
7.204849093999999843e-01	7.995272469999999965e-01	-1.178305817999999894e+00	-6.943680231000000092e-01	-7.424557096999999661e-01	-1.098972526000000061e+00	-1.501943124000000074e+00	8.156542567000000243e-01	-7.658979213000000064e-02	-1.408088247000000015e-01	-9.462253349000000480e-01	1.157210134000000057e+00	-1.371408924999999890e+00	-8.415208405999999863e-01	-1.594595235000000055e-01	-6.330349847999999779e-01	-7.044324146999999536e-01	1.441437925000000009e+00	-1.195013627000000023e+00	1.243757377000000108e+00	-4.180159124999999892e-02	-4.115459692999999808e-01	5.529271647000000289e-01	-4.502612618999999872e-01	1.962504820000000039e-01	1.131893403000000076e+00	-1.214325982000000081e+00	-3.002913785999999918e-01	-4.967966266000000131e-01	7.288958062000000515e-01	-1.210525300000000026e+00	5.279737075999999529e-01	3.729955697999999820e-01	-1.555569336000000025e+00	-1.053049370000000096e+00	-6.753370332999999448e-01	2.319107073999999991e-01	-7.996038425000000505e-01	1.395873767999999959e+00	-2.654581344999999981e-01	-6.808175075000000298e-01	2.938038801000000255e-01	8.382349751999999821e-02	-6.297386740000000538e-01	-2.283774081000000122e-01	-8.049173474999999911e-01	2.905001778999999895e-01	-1.289359885999999955e+00	5.265215683999999868e-02	-1.034205395000000055e-01	-1.443569771999999862e-01	5.003846889999999936e-01	-7.287188787999999695e-01	-1.500845832000000102e-01	-1.099837290000000023e-01	-5.584651114999999999e-01	-2.094851391999999812e+00	3.788215636999999747e-01	1.844363941999999978e+00	-5.405265184999999972e-01	-2.592582625000000029e-01	-4.355834082999999746e-01	-9.025586756000000266e-01	-8.918506361000000382e-01	-1.299329949999999956e+00	-1.313530427999999972e+00
7.274625703000000554e-01	8.465935261000000489e-01	-9.458756015999999489e-01	-7.288290429999999542e-01	-9.625067696000000339e-01	-8.062699931000000264e-01	-1.616000622000000053e+00	9.192178337999999949e-01	-8.539220773000000264e-02	9.157287155000000123e-01	-1.053039054999999946e+00	1.323925677000000078e+00	-9.528598253000000184e-01	-8.022102609000000273e-01	-1.776583777999999891e-01	-8.334976629000000470e-01	-3.961225519000000084e-01	8.278179381000000392e-01	-1.426757000000000053e+00	1.489683107999999923e+00	-1.009227451000000025e-01	-8.513417363999999932e-01	2.556614259000000167e-01	-3.328961252000000037e-01	1.699776231000000026e-01	9.210930721000000210e-01	-7.550184425999999505e-01	1.480180852999999908e-01	-4.558888913999999959e-01	4.007668021999999941e-01	-7.652145431000000331e-01	3.882688687999999999e-01	-1.187922042999999928e+00	-1.069072207000000052e+00	-1.370968841999999910e+00	-1.197932380999999991e+00	4.151034927999999735e-01	-1.718602208999999992e-01	1.047031473999999962e+00	-3.776331070000000234e-01	-8.078467146000000154e-01	-8.834876584999999949e-01	-3.198244564000000123e-01	-2.568804483000000083e-01	2.750588594999999956e-02	-7.460953806000000244e-01	1.705723741999999876e-01	-1.078533787000000022e+00	2.762563708999999923e-01	-3.860520865000000024e-01	-4.246994707999999785e-01	-1.561097173000000060e-01	-1.775232298999999958e-01	-5.078576084000000490e-01	-1.465568616999999962e+00	1.380323554000000008e-01	-1.783768950000000020e+00	2.290972283999999914e-01	1.963002890999999972e-01	3.222351553000000202e-01	6.624760611999999660e-03	4.671498418000000208e-01	7.989471413000000244e-02	-7.848130712999999981e-01	-1.114530001000000103e+00	-1.201039525000000108e+00
7.343218385999999986e-01	7.512485768000000119e-01	-1.060901641999999923e+00	-7.311754604000000324e-01	-7.849853732999999556e-01	-1.176971312999999908e+00	-1.672305914999999921e+00	8.020249019999999840e-01	-2.815172766999999854e-01	-3.096122550000000029e-01	-1.179101825000000048e+00	1.003476008999999891e+00	-1.297444234000000085e+00	-6.266175997999999803e-01	3.498225555999999736e-01	-9.325253237999999723e-01	8.247033204000000506e-01	1.461083612000000087e-01	-1.065336220999999917e+00	1.195595627999999966e+00	-1.898840888999999907e-02	-1.139891731999999935e+00	-2.387365082999999902e-02	-4.773211982000000186e-01	-1.120118296999999923e-02	9.587039774000000181e-01	1.946581582999999949e-01	-1.796843729000000001e-01	7.821876554999999953e-02	-2.894456306000000034e-01	6.087204527000000115e-02	4.274595445000000105e-01	-1.436717924000000091e+00	-1.684107040000000000e+00	-1.574333474999999982e+00	-6.727387667999999987e-01	6.175795841000000230e-01	2.598648756999999976e-01	3.037468633000000029e-01	-7.505374757999999646e-02	-2.595399954000000009e-01	-3.411083104000000032e-01	-6.793355973000000381e-01	-2.516819030999999929e-01	-2.791400913000000039e-01	-1.036052962999999938e+00	4.218794792999999710e-02	-1.488117815999999927e+00	5.605551279999999581e-01	1.449555573000000097e-01	1.208399304000000035e-01	-7.821840325999999954e-02	3.563224786000000147e-03	5.982449147999999717e-01	-1.989213512999999933e+00	-7.772960002000000035e-01	-1.146099967999999913e+00	-7.211699875999999509e-01	-6.156014721000000467e-01	6.817751320999999587e-01	-1.473154775000000027e+00	-1.469321102999999962e+00	-4.235909412999999679e-02	-2.776480393999999907e-01	-5.791872008999999766e-01	-1.876173553000000105e-01
7.561914404999999784e-01	8.413291550999999480e-01	-9.808625836000000042e-01	-8.285847234000000006e-01	-8.345618652999999831e-01	-1.223536589000000063e+00	-1.710423647999999908e+00	7.167661064000000470e-01	-9.784041035000000386e-02	1.584956245999999958e-01	-1.041215570000000090e+00	6.917053646999999916e-01	3.633653789999999884e-01	-7.346892304000000040e-01	2.120035155999999976e-01	-6.660681553999999727e-01	1.431087068000000073e+00	-7.429810773999999396e-02	-8.879406521999999580e-01	8.786183798000000156e-01	-2.389000059999999825e-03	-2.084471927999999863e-01	-1.420450635999999933e-01	-7.825063854999999569e-01	2.665484109999999851e-01	8.334794803999999724e-01	7.126462148000000107e-01	9.169355738999999950e-02	5.815868934000000268e-01	-1.023837246000000034e-01	-6.332348069000000024e-01	1.801634357999999936e-01	-1.371247912999999929e+00	-9.064693874999999457e-01	-1.295359876000000021e+00	-4.430346951999999949e-01	8.874476693999999721e-01	1.111572596000000024e+00	8.510445515999999488e-02	-4.060948073999999797e-01	1.181693718000000060e-01	-3.580668886999999745e-01	4.527058335999999961e-01	2.255745945000000099e-03	-3.355795192000000093e-01	-7.193475833000000375e-01	9.918761500000000675e-02	-1.808602454999999942e+00	-1.415388096999999901e-01	-4.269294686999999811e-01	3.715636327999999877e-01	2.033813778999999933e-01	-1.543294320000000025e-02	-1.376945204999999950e+00	-1.344261570000000017e+00	-9.450509701999999790e-02	-1.232998462000000073e+00	4.472227046000000206e-01	-4.505099877000000030e-01	-3.417761222999999848e-01	-9.033853312999999829e-01	-1.150763251999999959e-01	-7.148763463999999734e-01	-1.532979281999999888e-01	-7.033101589000000375e-01	-6.432200192000000483e-01
7.417638383000000335e-01	7.947720077000000050e-01	-8.962689688999999627e-01	-7.837374720999999989e-01	-8.259162025999999823e-01	-1.091156811999999920e+00	-1.719405969999999950e+00	5.856666107000000343e-01	-3.470261579000000207e-01	4.467861673999999894e-01	-8.385593339000000368e-01	3.051383720999999993e-01	-1.568453072000000059e-01	-8.166550446000000463e-01	4.778253036999999814e-01	-5.046607201999999681e-01	1.026949313999999891e+00	-7.392166527000000320e-01	-6.213618598000000270e-01	7.144460795000000530e-01	3.568276496000000186e-01	6.417103172000000466e-01	-2.071916038999999932e-01	-5.399063853000000135e-01	5.668129910000000438e-01	6.668661446000000437e-01	1.213903755000000029e+00	-8.731952325000000292e-02	8.605935323000000192e-01	-3.416558330999999726e-01	-1.736830627000000016e+00	3.737487254999999897e-01	-1.124398792999999896e+00	-9.263425092000000527e-01	-1.268655673999999900e+00	-3.864972736000000242e-01	7.595898062999999478e-01	9.069489455999999450e-01	7.485842523999999831e-02	-9.554265648000000166e-03	4.141296787000000035e-01	3.851266312000000136e-01	-2.187017732000000048e-01	2.136937107999999919e-01	-2.653831765999999925e-01	-5.066112181999999908e-01	1.798709958999999969e-01	-1.579322147000000065e+00	4.031603901999999962e-02	1.067334538000000110e+00	8.139200437000000399e-01	-1.317665529999999974e+00	-6.131876587000000267e-01	-7.927247877999999970e-01	-2.218518518999999856e+00	-1.442940828000000009e+00	-1.050462011000000029e+00	-6.293871098000000108e-01	-1.775991998000000072e+00	6.020774235000000418e-01	-1.188482167999999950e+00	-1.130886580000000086e+00	1.048288925000000038e+00	-4.039698562999999853e-01	-2.426889073000000063e-01	3.733413463999999959e-01
7.557892515999999894e-01	8.098164290999999571e-01	-1.026842730999999898e+00	-7.157604670999999641e-01	-7.534517124999999815e-01	-1.270012230000000075e+00	-1.576258227999999928e+00	5.071236171999999875e-01	-3.634119757000000006e-01	6.623419122999999464e-01	-7.846534061000000060e-01	-1.384761978000000060e-01	-1.332562664999999980e+00	-7.439449462999999652e-01	9.168486545999999793e-01	-2.727066604000000227e-01	8.747674938999999705e-01	-9.630957861000000175e-01	-5.348212952999999992e-01	6.779717697999999571e-01	5.093458121999999699e-01	1.714067017999999942e+00	-4.038713165000000216e-01	-8.608637977999999968e-01	8.957492375000000173e-01	4.869442856000000264e-01	1.314000432000000052e+00	-6.752075343999999757e-02	1.495270172999999980e+00	2.076434186999999987e-01	-1.056929567999999930e+00	4.068792472000000160e-01	-1.061356119000000042e+00	-7.675013540999999773e-01	-8.209698138000000034e-01	-2.989636602999999893e-01	1.024649504000000100e+00	1.065530953999999975e+00	3.388928005999999882e-01	-3.771228509999999812e-01	6.921411215999999367e-02	6.162151755000000453e-01	5.587277850999999851e-01	3.014910176999999747e-01	-3.297201477999999741e-01	-6.707966267999999621e-01	-2.248384129000000065e-01	-1.893669663000000059e+00	-4.028864674000000035e-01	-1.104580326000000001e+00	9.384536279999999842e-01	-1.518064783000000029e+00	1.538242804000000130e-01	-7.603295378000000104e-01	-8.301088256999999970e-01	-9.103962159999999804e-01	-1.240522275000000008e+00	2.567872513000000190e-01	-6.732029860999999560e-02	-8.228374915999999706e-01	-7.069821998999999968e-01	-4.076242159999999837e-01	-8.910754145000000515e-01	-1.827792008000000135e-01	-5.113806888999999911e-01	3.986369833000000251e-01
7.540839632000000403e-01	8.351879092999999754e-01	-7.273210155999999538e-01	-8.114413737000000237e-01	-9.471497536999999856e-01	-9.928765569999999929e-01	-1.649276358000000053e+00	5.889851111999999667e-01	-3.614415113000000179e-01	7.203094253999999808e-01	-5.764264586999999773e-01	-7.174468452000000163e-01	-6.322415032999999518e-01	-9.792553859999999499e-01	1.094990993999999995e+00	-2.864460325000000029e-01	1.127347020000000061e-01	-9.628602662999999895e-01	-7.670738280000000131e-01	6.985391443999999783e-01	3.209389988999999943e-01	1.915548990000000007e+00	-4.477839779000000187e-01	-9.056628629999999847e-01	1.309145280999999938e+00	5.016583851000000482e-01	1.006475754000000000e+00	1.125501656999999961e-01	1.463369630000000088e+00	5.194390083000000047e-01	-8.311493282999999899e-01	3.183977947000000142e-01	-6.945218832999999758e-01	-4.928007419000000056e-01	-7.061750584999999525e-01	-6.051809042000000360e-01	1.178353433000000061e+00	1.247210820999999914e+00	6.915193935000000236e-01	-5.476736884999999777e-01	5.095664973999999847e-02	2.950342304999999943e-01	9.020499641000000457e-01	2.464517412999999990e-01	9.323393867000000571e-03	-4.264384185000000271e-01	-6.165185198000000533e-01	-1.093923991000000040e+00	-1.279154153000000016e-01	-5.496558818000000235e-01	-1.535317449999999972e+00	-1.529137251000000086e+00	-6.139074668999999762e-01	-7.554912486999999510e-01	-9.967836473000000197e-01	1.676561438000000015e+00	-1.292085563000000104e+00	1.018787792999999997e-01	-2.086433936000000045e-01	-1.184533057999999972e+00	9.442912342999999487e-01	7.746280218000000106e-01	-4.809113977000000206e-01	-1.021283861999999987e+00	-8.866937580999999513e-01	6.616086635000000271e-01
7.289986717999999977e-01	7.784691384999999908e-01	-8.465032234999999572e-01	-8.381547371999999996e-01	-8.057174282000000298e-01	-9.930420452999999537e-01	-1.588544361000000071e+00	5.351565850999999707e-01	-3.682991397000000000e-01	3.656910401999999838e-01	-5.694254892000000234e-01	-1.106535113000000070e+00	-5.307315402000000182e-01	-8.852112481999999671e-01	1.238249971999999977e+00	-2.999319174000000254e-01	-4.211785366999999947e-01	-1.067931764999999977e+00	-5.043052681999999898e-01	5.844980813000000275e-01	6.135472539999999864e-01	1.478408949999999944e+00	-4.827289208000000165e-01	-9.223953888000000489e-01	1.142641918000000034e+00	3.948340726999999828e-01	1.219204850999999978e+00	-1.556884752999999899e-01	1.170027813999999999e+00	2.621783178000000047e-01	-1.882454097000000048e-01	2.964684908999999924e-01	-1.559516904999999967e-02	-8.241733018000000355e-01	-6.775313737999999475e-01	-8.920494285999999717e-02	1.389563075000000092e+00	9.336375469000000038e-01	4.833309772000000115e-01	-5.591691189999999922e-01	7.948619913000000148e-01	7.846405705000000230e-01	-4.802677135999999791e-01	6.551392581999999909e-02	-1.069741406999999978e-01	-7.148009804999999606e-01	-8.417552902999999587e-01	-1.733627588999999913e+00	1.279640089000000092e-01	6.973775731000000366e-01	-1.499497733999999971e+00	-1.949972478999999925e+00	-7.839152925000000272e-01	1.255046814000000122e-01	-5.678165302000000025e-01	-1.042957270999999908e+00	-1.915275194999999986e+00	-1.618050045999999964e-01	-6.268354966000000417e-01	-1.642754597999999955e-01	-1.466842358000000068e+00	1.057574744000000067e+00	3.957030450999999838e-01	-1.431026643000000043e+00	-3.339067337000000135e-01	6.443333804999999970e-01
7.730476669000000411e-01	8.160565777999999604e-01	-9.700597563999999728e-01	-7.641827768000000187e-01	-8.302979375000000273e-01	-1.060085861999999990e+00	-1.559931509999999966e+00	4.806503816000000096e-01	-3.986004980000000253e-01	8.541672278999999923e-01	-4.668247528000000202e-01	-1.338953446000000103e+00	-8.449471867000000191e-01	-8.362259502000000122e-01	8.391471756999999698e-01	-1.179294891000000067e-01	-6.148130639000000119e-01	-7.935448159000000334e-01	-1.848074033000000060e-01	6.397217832999999576e-01	5.312344656999999915e-01	4.584651196999999789e-01	-6.582288643000000494e-01	-1.125617443999999967e+00	1.086218375999999930e+00	4.339086913999999906e-01	7.721429115000000287e-01	3.917162707999999882e-01	6.931067207000000119e-01	1.983727470999999964e-01	-1.914344417999999937e-01	4.166970546000000053e-01	4.053038838999999949e-01	-6.721070319999999931e-01	-7.765209462000000062e-01	3.116918806999999791e-01	1.395204638999999913e+00	5.022203434999999994e-02	-1.036710891000000023e-01	-6.506655541000000431e-01	7.878487186000000531e-01	9.920504058000000347e-01	6.667726553999999695e-01	-3.383675319000000181e-01	7.978896448000000197e-02	-1.108524483000000060e+00	-1.252876939999999939e+00	1.595937521000000137e-01	2.117780904000000075e-01	-7.009872784999999773e-01	-1.140361970999999919e+00	-1.530695858999999937e+00	5.581987413000000231e-01	5.839995530999999573e-01	9.910780131000000021e-03	-2.046273173999999972e+00	-2.018914146999999826e+00	3.472725367999999757e-01	6.702094432999999851e-01	-1.689387538000000077e+00	5.229253004999999677e-01	-2.222595839000000018e-01	-3.461916141999999974e-01	-6.670943209999999901e-01	-9.362676444999999958e-01	4.217213951000000072e-01
7.429877156999999954e-01	7.733831499000000109e-01	-8.235510794000000523e-01	-7.758758504999999639e-01	-9.324172724000000523e-01	-1.128430685000000100e+00	-1.593846666999999995e+00	5.988691726000000548e-01	-3.036101229000000012e-01	5.795238641000000079e-01	-4.724816841999999739e-01	-1.544955947999999912e+00	-9.589139643999999851e-01	-7.981466953000000419e-01	1.222333555999999960e-01	-2.365380616999999963e-01	-1.026789364999999954e+00	1.801889694999999902e-01	1.068134626000000059e-01	5.236670903000000266e-01	2.664045741000000134e-01	-4.786877091000000251e-01	-4.082919868000000063e-01	-1.330039419000000001e+00	7.833220488000000037e-01	7.622578514000000194e-01	3.293919978000000026e-01	7.428996491999999563e-01	2.204666321000000040e-01	1.862024295999999968e-01	-5.382811703000000003e-01	9.712872500000000464e-01	6.716221986999999505e-01	-3.851434658999999816e-01	-6.824201879000000304e-01	1.067760314999999904e+00	1.490000632000000103e+00	-8.445250465000000428e-01	-1.794070439999999877e-01	-5.353561012999999980e-01	1.673859560999999996e+00	9.841342451000000269e-01	-1.885418919000000082e-01	-2.665070253999999861e-01	-4.388609723999999934e-01	-8.937226340999999685e-01	-1.083793049999999925e+00	-9.774016913999999945e-01	5.818274614999999761e-01	-2.597638735999999726e-01	-4.555263842000000230e-01	-4.307572520999999877e-01	-3.523856430999999789e-02	1.633135378999999998e-01	2.510257625000000270e-01	1.389850937999999869e-01	-1.874741042999999996e+00	2.865201300999999923e-01	1.028723594999999991e+00	-1.446580836000000092e+00	2.575603721999999873e+00	1.208738770999999934e+00	1.511111486000000018e-02	-7.349566618999999745e-01	-1.215651924000000106e+00	3.012452824999999890e-01
7.209933209000000121e-01	7.067925440000000226e-01	-1.029040482000000090e+00	-7.971740315999999993e-01	-7.633384699999999912e-01	-1.150843819000000101e+00	-1.611268477999999948e+00	6.175081343999999639e-01	-4.060628762999999863e-01	7.514194345000000386e-01	-4.797478003000000268e-01	-1.271230274000000104e+00	-1.060470159999999940e+00	-7.489959536000000417e-01	-7.066238035999999716e-03	-4.112100026000000130e-01	-1.407900716999999968e+00	1.167882797999999944e+00	5.712288315000000338e-01	8.781680111999999871e-01	5.282562557000000103e-01	-6.833759808999999574e-01	-9.620973649000000294e-02	-1.152345571999999985e+00	1.468907989999999886e-01	9.329609482999999814e-01	-4.287944391999999882e-01	4.563106313999999997e-01	-3.967006546999999883e-01	-3.893592410000000226e-01	-2.837173807000000214e-01	1.425739518000000094e+00	3.998945147999999894e-01	-4.970567092000000020e-01	-9.592296641999999984e-01	1.841199566000000010e+00	1.003691472999999945e+00	-1.693808670999999988e+00	-2.157208747000000093e-01	4.720735208999999877e-01	2.366175533999999914e+00	1.685536146000000013e+00	-4.312121312000000151e-01	-3.638769378999999748e-01	1.685743748999999903e-01	-1.048599582999999891e+00	-9.814243630000000218e-01	-5.388414032999999659e-01	1.225852477000000107e+00	-3.792453825000000056e-01	-7.012415631999999732e-01	-4.531245284999999706e-02	-6.932044461999999907e-01	1.156063308000000012e+00	2.511257847000000071e-02	-4.772460246999999933e-01	-1.869688838000000075e+00	-4.815917063999999859e-01	2.832868845000000024e-01	-3.205613692999999959e-02	-9.075225774999999828e-01	-3.615554659999999920e-01	9.915716917000000352e-01	-1.592393713999999960e+00	-1.118191850999999959e+00	5.486773719999999965e-01
7.565000482000000526e-01	8.301085514999999582e-01	-1.122499697000000074e+00	-7.271298639000000064e-01	-8.527488425999999455e-01	-1.151568241000000103e+00	-1.586931541000000001e+00	9.359026095000000378e-01	-1.007185622000000003e-01	6.884051062999999582e-01	-5.378280920000000354e-01	4.302042540000000082e-01	-9.569277124999999717e-01	-8.333841577999999695e-01	-5.130901195999999498e-01	-3.295093840000000163e-01	-1.027622684000000008e+00	1.270053549000000004e+00	6.214069178000000138e-01	8.535729075000000332e-01	2.490355049999999903e-01	-5.803698147000000418e-01	1.633993591000000023e-01	-1.201051097999999984e+00	-2.257343860999999896e-01	6.917153514999999642e-01	-1.344046491000000065e+00	5.690481187999999468e-01	-8.353755875999999692e-01	5.664729379999999814e-01	-1.132211118999999933e+00	1.925925171000000047e+00	8.554484935999999706e-01	-1.766823762999999992e-01	-4.991360617999999749e-01	1.803294670999999960e+00	8.958186758999999721e-01	-1.610455089000000006e+00	1.321715377999999885e-01	8.532989444999999895e-01	2.539010853000000179e+00	1.275340785999999893e+00	3.965751975999999845e-01	-6.394335416999999966e-01	-7.152098979000000023e-01	-7.365892474999999884e-01	-3.672950958999999793e-01	-4.461782952999999996e-02	1.225410169999999965e+00	1.354812740000000126e-01	-1.128998103000000031e+00	1.360326778999999986e+00	9.782045527999999601e-01	4.976110000000000255e-02	7.245046808999999755e-01	-5.678519078000000553e-01	-1.203784308999999997e+00	2.181143175999999961e-01	3.159446247000000096e-01	-1.318841825000000023e+00	-1.080085548000000006e+00	-3.544261729000000027e-01	9.597874521999999464e-01	-2.736623020999999767e-01	-1.071019825000000036e+00	-9.328003626000000437e-02
7.063817245000000300e-01	8.235272719999999769e-01	-1.004887137999999958e+00	-7.063297658999999618e-01	-9.191237383000000483e-01	-8.441221987999999454e-01	-1.665424148000000049e+00	1.112019010000000030e+00	-1.518542487000000031e-02	1.013577315999999895e+00	-6.221839433000000419e-01	1.277908049999999962e+00	-1.074411074999999993e+00	-7.695938718999999484e-01	-5.377048190000000005e-01	-1.895524832000000104e-01	-4.984769090999999763e-01	5.027877210000000208e-01	7.049346449000000181e-01	1.220046146000000054e+00	6.822389714000000327e-02	-1.427569818000000046e+00	3.312744355000000196e-01	-1.024397205000000088e+00	-6.431243347999999749e-01	1.933457953000000118e-01	-6.142792020999999769e-01	6.761954192000000363e-01	-1.149491075999999889e+00	6.596971807999999493e-01	-4.484960546999999798e-01	2.413031272000000005e+00	-9.226467926000000430e-01	-2.537210154000000273e-01	-5.585244234999999779e-01	1.920837182000000087e+00	5.456820953000000030e-01	-1.292605811000000049e+00	3.179068677999999926e-01	1.223262054000000099e+00	2.523138432000000098e+00	1.338868933999999955e+00	2.608582346999999829e-02	-6.465671505000000208e-01	-4.748010643999999725e-01	2.256993000000000107e-03	2.537682636999999963e-01	-5.456788454000000010e-02	1.960981789000000086e+00	2.267821598999999910e+00	-2.715362398999999760e-01	3.067116152000000096e-01	1.055345256000000065e+00	5.998656950999999848e-01	-1.768475478999999906e+00	3.965186004000000042e-02	-7.307463317000000291e-01	-7.981634619999999902e-01	-2.662090113000000202e-01	-2.278981770999999878e-01	-5.008675089999999885e-01	2.009276445000000022e-01	2.248228338999999909e-01	-6.318228441000000029e-01	-7.148191544999999980e-01	3.945838747000000174e-02
6.969676773999999853e-01	8.535100017000000205e-01	-1.189835653000000049e+00	-6.758508287000000170e-01	-6.438048930999999975e-01	-1.048556690999999930e+00	-1.559764244999999994e+00	1.039624663999999976e+00	2.821414895000000089e-01	3.348014462999999996e-02	-5.913458054000000352e-01	8.672500986000000189e-01	-8.101102932000000534e-01	-7.054846403000000210e-01	2.081895656999999955e-01	2.562093295999999798e-01	1.111830069000000032e+00	2.023419365000000136e-01	5.801613364000000050e-01	1.299480740999999995e+00	2.524505693999999911e-01	-3.563398191000000104e-01	3.119342451000000072e-01	-8.970775525999999944e-01	-9.843411682999999579e-01	-4.125479070999999998e-01	2.351472985999999987e-02	2.249898653000000082e-01	-9.755946677000000289e-01	1.049273944999999930e+00	2.794767261000000169e-01	2.325626938000000088e+00	-8.638160186000000129e-01	-5.557527827999999559e-01	-5.984214684999999978e-01	1.656029850999999997e+00	5.001507114000000032e-01	-6.818411231000000017e-01	-1.203419767000000057e-01	1.478462335999999988e+00	1.649958896000000008e+00	1.138176523000000051e+00	2.707490800999999836e-01	-8.796614345000000057e-01	-9.084647355999999618e-01	3.719634730999999972e-01	4.506426253999999687e-02	4.803789686000000114e-01	1.272583623000000053e+00	9.100852937000000198e-01	2.696692652000000079e-01	1.087251892999999914e+00	-2.682206876000000073e-01	1.262558618000000077e-01	-1.584447995000000109e+00	-5.386881709999999934e-01	-1.196104526999999945e-01	-4.341522408999999860e-01	-2.350817319999999877e-01	3.769301941000000045e-01	-1.337058083999999925e+00	3.095888244000000178e-01	5.642576413000000013e-01	-1.460586348000000090e+00	-8.101099188999999479e-01	6.106935127000000518e-01
7.354985490000000015e-01	9.459391177000000539e-01	-9.217399107999999508e-01	-7.495599225000000310e-01	-8.417326412000000202e-01	-8.609064773000000281e-01	-1.655565358000000042e+00	9.962993167000000483e-01	3.662732262000000238e-01	5.199521856000000053e-01	-4.357385310999999928e-01	6.481665764999999801e-01	-3.517286986999999809e-02	-8.723520488999999545e-01	2.414649396000000114e-01	7.389821279999999604e-01	1.288149817999999946e+00	-5.104037518999999801e-01	1.082880682999999913e-02	1.393961133999999991e+00	3.384647343000000141e-01	1.144662019999999947e+00	3.619163237999999949e-01	-8.718169077999999850e-01	-8.364384742999999567e-01	-6.212990194999999938e-01	7.697672299000000162e-01	5.941594060999999538e-01	-6.936078246000000336e-01	1.286599505999999948e+00	-2.009329977999999794e+00	1.979209457000000061e+00	-5.930805543999999596e-01	-4.276994058999999959e-01	-4.294552835000000068e-01	9.972111219999999498e-01	1.629528476000000059e-02	3.618819300000000183e-01	-3.810557987000000035e-01	1.291707589000000045e+00	8.512267547999999850e-01	3.600508014000000090e-01	6.830594630999999861e-01	-4.446363019999999833e-01	-8.440590406999999573e-02	1.064498906000000078e+00	-1.033995075999999957e-01	-1.294802311999999900e-01	-7.762715621000000621e-02	4.255141025999999854e-02	1.106229678000000050e+00	-1.248883429999999989e-01	2.729902190999999867e-01	-5.665670762000000193e-01	-1.698052660000000103e+00	1.561657038999999969e+00	8.248622100000000401e-01	4.471935665000000004e-02	-1.118492397000000027e+00	1.090409372000000099e+00	6.340733661999999882e-01	6.317903561000000057e-01	2.592524544999999847e+00	-3.577898828000000003e-02	-1.265598766000000097e+00	7.139370674999999666e-01
7.005200457000000380e-01	8.761824651999999825e-01	-9.308512274000000364e-01	-6.763518438000000188e-01	-6.818638613999999931e-01	-9.498381529999999628e-01	-1.488122551000000016e+00	7.224340255000000210e-01	8.960954924000000266e-02	4.046782556999999891e-01	-4.050359056000000235e-01	-2.968608393000000123e-01	-1.290199391999999889e+00	-5.070338303000000435e-01	9.401385536999999903e-01	1.172688951999999896e+00	7.123769678000000383e-01	-1.269862832000000052e+00	-1.212541181000000023e-01	1.458048690000000036e+00	3.105185180000000211e-01	1.405086121000000077e+00	-2.471155312999999965e-01	-6.899390480000000547e-01	-1.098819540000000039e+00	-5.200243612999999598e-01	1.814155956000000014e+00	-2.051647734000000001e-01	-3.045625303000000228e-01	1.042862965999999947e+00	-4.326042962000000158e-01	1.513007933999999999e+00	-7.332962746000000198e-01	-1.084135797999999928e+00	-7.079580194000000271e-01	5.305080973000000366e-01	5.106489061000000218e-01	2.712925669999999845e-01	-6.825196462999999492e-01	1.329016758000000076e+00	5.311360969999999737e-01	8.361734315000000084e-01	1.385066346999999920e-01	-1.128762590999999975e-02	3.543266561000000259e-01	1.156604281999999984e+00	-2.069290575999999937e-01	-1.133946209000000094e+00	2.465473334000000127e-01	-7.226000551000000272e-02	7.112042343000000155e-01	-7.274195418000000135e-01	-8.994054968000000372e-01	-5.903570105000000012e-01	3.253491517000000055e-01	8.124833254000000116e-01	1.018777851000000068e+00	-6.984353237000000547e-01	2.499789594999999864e-01	2.217388990999999976e+00	-1.847440807999999990e+00	-5.159650016000000283e-01	-2.676457501000000239e-01	-4.298884126999999999e-01	-6.617529850000000158e-01	2.239516199000000096e+00
7.432480986999999706e-01	9.187912933999999865e-01	-1.001389424999999944e+00	-6.746095715000000048e-01	-8.286332426000000417e-01	-7.036739237000000369e-01	-1.524988385999999974e+00	8.132811156000000485e-01	3.577165485000000089e-01	5.467493451999999587e-01	-6.173557586000000263e-01	-8.011291276999999988e-01	-6.870751649999999877e-01	-8.078849445000000351e-01	8.848766466999999913e-01	1.092426035999999989e+00	3.356314373999999805e-03	-9.092510766000000411e-01	-2.957502681999999994e-01	1.077858954999999952e+00	2.780914096000000058e-01	5.616355652000000198e-01	-7.572636923000000131e-01	-6.563683928000000334e-01	-4.360689530999999897e-01	-5.103779135999999550e-01	1.629710180000000008e+00	9.129514632999999671e-03	4.782736209999999821e-01	6.630188728999999448e-01	-8.080209797999999832e-01	5.688239459999999692e-01	5.467320246000000328e-01	8.715028347999999314e-02	-3.518449014999999735e-01	-7.144528853999999873e-03	1.281428108000000066e+00	1.171295232999999936e+00	-1.180714958999999897e+00	8.984945294999999721e-01	9.861612220000000317e-02	2.578201479000000185e-01	8.613463389000000081e-01	-5.181381310999999545e-01	9.870344577999999869e-01	7.517918544999999675e-01	-9.238950220999999630e-01	-1.240756740999999996e+00	1.163303302000000095e+00	-8.506595287999999533e-01	-1.918800850000000002e+00	-2.509249490000000082e-01	-5.680691439999999703e-01	-2.411101978000000090e-01	1.871994040999999942e-01	-5.580553429000000287e-01	4.352677882000000054e-01	9.665685089000000119e-01	-1.117503709000000067e-01	-4.716760476999999896e-01	1.276339549000000018e+00	1.091564371999999894e+00	1.069764817999999895e+00	-6.544579722000000155e-01	-1.110138926999999942e+00	1.363253258999999940e+00
7.182878903999999620e-01	8.268689152000000542e-01	-8.062211285000000505e-01	-6.220909820000000146e-01	-8.349620720999999524e-01	-5.843947328999999913e-01	-1.484098010999999939e+00	9.264858870000000080e-01	1.058726829999999917e-02	1.212086208999999970e+00	-6.584013289000000269e-01	-1.508340325000000037e+00	-1.217144797000000001e+00	-7.663000548999999717e-01	3.761567961000000238e-01	1.304806539999999959e+00	-7.739417739999999712e-01	3.396464768999999939e-01	-5.661722095000000232e-01	1.074858021000000052e+00	3.033271527999999995e-01	-1.162661680999999891e+00	-8.255907829999999947e-01	-8.186241748000000484e-01	4.588071388000000000e-02	1.142272802000000032e-01	2.248306101999999917e+00	7.836450039000000256e-01	1.147891839999999997e+00	2.502437115999999739e-01	-6.292620051999999742e-01	3.989002047999999911e-01	6.126046230999999676e-01	1.185863813999999961e-01	-1.004595906999999899e+00	9.369971833000000083e-02	1.624638382000000103e+00	7.756121903999999567e-01	-1.128810134000000076e+00	1.069529458000000099e+00	3.109002973000000170e-01	7.348442133999999459e-01	5.102614533999999535e-01	-1.328009474999999995e+00	5.287347025999999950e-01	8.078441854000000255e-01	-3.461454485000000081e-01	6.118463978000000525e-01	1.984092181000000066e+00	-9.790362554000000550e-01	-4.996957337999999860e-01	3.324527487000000225e-01	-5.582410351000000048e-01	-3.533017109000000100e-01	2.015763002000000026e-01	3.970485530999999790e-01	8.150693065999999876e-01	-1.115900254999999897e+00	2.060488510999999967e+00	-5.016749995999999490e-01	6.689900380000000091e-01	-1.131618935999999964e+00	-8.518555492000000340e-02	-1.481953770000000059e+00	-9.080775511999999994e-01	1.850382524999999889e+00
7.043644530999999542e-01	8.100014003000000073e-01	-9.893525990000000547e-01	-6.165765924999999648e-01	-6.149774056000000266e-01	-7.583892403999999976e-01	-1.458780497000000009e+00	1.006205025000000086e+00	1.496045607000000060e-03	7.654278391999999598e-02	-7.943638692000000168e-01	9.711836342000000621e-02	-1.368072552000000108e+00	-8.373029454000000538e-01	4.421465373999999837e-01	1.294829632999999980e+00	-1.215209686999999983e+00	1.350279730000000011e+00	-2.746137301000000086e-01	9.403297728999999716e-01	6.079721081000000193e-01	-6.901171084999999650e-01	-8.056412635999999905e-01	-8.878962918999999676e-01	1.813397069999999889e-01	1.893744998000000124e-01	2.043065037999999944e+00	1.530681026000000056e-01	2.141372762000000041e+00	2.184708546999999945e-01	-8.613801425999999539e-01	-3.246394853000000164e-02	1.463919039000000089e+00	7.698506522000000407e-01	-2.359515211000000057e-01	4.822889772999999769e-01	1.986154513000000010e+00	1.030922265999999921e+00	-8.555464750000000285e-01	1.308659795000000070e+00	5.395071812999999716e-01	7.927636152000000491e-01	1.958440083999999914e-01	-2.079765194999999789e+00	6.725234714000000169e-01	5.578677202000000002e-02	-3.702645064999999808e-03	-1.622726136000000041e-01	2.505383405999999979e+00	6.378173876999999603e-01	-9.790998509999999655e-01	7.378569816000000170e-01	-8.704886319000000316e-01	-4.629976250000000237e-01	3.694124693999999987e-01	-6.907720435999999964e-01	3.313525454999999842e-01	-1.038644179999999917e+00	4.424064836000000112e-01	-7.266173245000000502e-01	-6.576779538999999453e-01	8.612174052000000080e-01	9.878947325000000390e-01	-7.954657135999999573e-01	-7.494505022999999877e-01	7.144171629000000134e-01
7.540312940000000186e-01	8.883761913000000066e-01	-8.393990698000000084e-01	-5.208950448000000399e-01	-7.883883375000000360e-01	-4.304888684000000021e-01	-1.515568808999999906e+00	1.242312647000000103e+00	1.323469049999999869e-01	5.303382596000000282e-01	-7.651993916999999534e-01	1.354532620000000076e+00	-7.938083315999999723e-01	-9.256845675999999523e-01	2.296983250000000087e-01	1.346682053999999962e+00	-2.064541608999999889e-01	5.764864203999999770e-01	-1.712608371000000004e-02	6.695145926000000136e-01	2.375970283999999932e-01	-4.849402486000000123e-01	-5.280461696999999566e-01	-1.099491129000000011e+00	5.441361246000000484e-01	2.246625866999999999e-01	2.415630343000000124e+00	8.726803632999999838e-01	2.422789621000000171e+00	2.215075301999999968e-01	2.511542006000000091e-02	4.841334585999999829e-02	-3.342493819999999838e-01	1.330180299000000010e+00	1.211218406999999969e-01	3.064458931999999858e-01	1.691165932999999955e+00	1.483735970999999987e+00	-9.010433991999999837e-01	1.065880098000000054e+00	4.017586533999999987e-01	4.990306035000000029e-01	6.466428887999999819e-01	-2.283860309000000033e+00	-4.531792781999999797e-01	1.138522129999999938e-01	3.383404600000000095e-01	-5.501177751000000393e-01	5.802566634000000390e-01	-8.011626909999999824e-02	4.220883240000000147e-01	1.357093413999999942e+00	2.114035531999999940e+00	1.071832367999999924e+00	-1.193488719000000087e+00	1.142928079000000041e+00	6.245885768000000171e-01	6.721738474999999768e-02	-5.949383109000000447e-01	-1.096138185000000043e+00	3.472465795999999938e-01	-1.146855125000000086e+00	1.803649834000000118e-01	-4.496173746000000082e-01	-8.541895970999999754e-01	1.119595523999999953e+00
7.015756357000000332e-01	8.548325574999999787e-01	-6.607960053000000444e-01	-6.013196531000000178e-01	-6.426376849999999585e-01	-6.563218458999999783e-01	-1.499691365000000109e+00	1.075638212999999954e+00	7.933790077999999801e-02	5.158412484000000076e-01	-6.881356312999999947e-01	9.277033689000000471e-01	3.144920742000000269e-01	-8.303922366999999527e-01	2.999459463999999964e-01	1.276177896000000089e+00	1.351529320000000034e+00	1.994275058999999961e-01	3.062354425999999977e-02	7.883614678999999459e-01	2.036460327000000070e-01	-4.251257903999999810e-01	-7.856812574999999521e-02	-1.375082495000000016e+00	1.064855584000000022e+00	4.560938587999999738e-01	2.897217578999999876e+00	4.759291759000000011e-01	2.453021364000000037e+00	2.085562605000000069e-01	4.286946809000000136e-01	-3.714294317999999873e-02	-7.956300644000000033e-02	1.857645760999999895e+00	-4.336099379999999726e-01	3.276740447000000001e-01	1.415373804999999985e+00	1.259665054000000062e+00	-5.395833289000000477e-01	1.092846050999999985e+00	8.373874333999999919e-01	1.020506657999999955e+00	1.457733246000000094e+00	-1.574622629000000051e+00	-2.243126259000000067e-01	5.883083950999999923e-01	8.425337228000000511e-01	-1.350035155999999903e+00	5.132969894000000144e-01	8.056495631000000213e-01	7.771835877999999642e-01	4.013603418000000200e-01	-3.690318343999999806e-01	-1.015167702999999921e+00	-1.053670225000000071e+00	-4.878727606000000105e-01	1.064673245999999907e+00	-1.464011685000000007e+00	-7.398340016000000130e-01	6.297713543999999830e-01	-1.007434595999999960e+00	5.939936722999999974e-01	-3.968160887000000137e-01	-9.955286889000000139e-01	-8.517319814999999572e-01	1.565198982999999933e+00
7.408445827999999844e-01	8.137617942999999521e-01	-9.746986489000000198e-01	-5.273740275999999616e-01	-5.242099300000000461e-01	-7.143276880000000162e-01	-1.354244607999999905e+00	9.758094220999999902e-01	-2.482852513000000094e-01	5.917502834000000211e-01	-8.014881845000000338e-01	5.241835441000000095e-01	-1.616714499999999943e-01	-7.928458379999999694e-01	5.908021049999999663e-01	1.172294587999999971e+00	1.180248431999999958e+00	-6.008707532000000517e-01	1.197930883999999974e-01	5.839398413999999926e-01	3.363958548000000048e-01	1.506874519999999995e+00	1.267594459999999978e-01	-1.545434105000000002e+00	1.444811389999999918e+00	5.109693942999999905e-01	2.626634490999999905e+00	3.742556499999999953e-01	2.838566549999999911e+00	-5.390940973000000330e-02	-6.591047188999999973e-01	9.216576161999999461e-02	2.681739429000000174e-01	1.938673258999999982e+00	1.365654944999999953e-01	-1.193988997999999996e-01	8.920793764000000126e-01	1.314765881000000025e+00	-4.215628029999999860e-01	1.308455091999999986e+00	9.301463683999999787e-01	1.403134623999999997e+00	6.477035242999999998e-01	-1.268292272999999915e+00	5.737420291000000505e-01	2.363327246999999964e-01	3.707966582000000316e-02	1.968442507000000008e-01	5.074747066000000473e-01	-1.424534865000000039e-01	1.840729983999999986e+00	-7.656389628999999974e-01	4.490918332999999790e-02	9.993639761999999899e-03	-1.479022773999999929e+00	-6.555734060000000252e-01	9.707678032000000012e-01	-1.216588623000000036e+00	-1.244857716999999919e+00	1.168116076000000003e+00	6.371332180000000012e-02	-7.828616632999999547e-01	1.942837537000000059e-01	-4.332379898000000007e-01	-2.639162178000000192e-01	1.904274532000000075e+00
7.320551337999999797e-01	8.788986458999999973e-01	-8.276745487000000123e-01	-6.333375014000000025e-01	-6.477911447999999961e-01	-5.850460973000000120e-01	-1.353283242000000053e+00	9.863448741000000464e-01	1.923085260000000074e-02	9.014529826999999607e-01	-7.389678362999999583e-01	-2.100804883000000067e-01	-6.781040326999999701e-01	-8.421698072000000090e-01	7.255585820000000075e-01	1.067519596999999987e+00	6.374858730000000362e-01	-9.224603695999999964e-01	-2.575943562999999936e-01	8.125457638999999954e-01	1.611908069999999915e-01	2.668807141999999910e+00	-1.427690121999999895e-01	-1.647325471999999902e+00	1.514944582999999900e+00	5.655330464000000168e-01	2.565610571000000117e+00	4.524380572999999739e-01	2.622445175000000184e+00	3.749056291000000263e-01	1.775143865999999904e-01	5.334602784999999958e-01	6.612700973999999787e-01	2.373022623000000220e+00	2.940011252999999991e-01	-7.367393238999999650e-01	8.534182761999999922e-01	1.440375017000000035e+00	-5.659603230999999957e-01	1.101558899999999896e+00	4.833893752000000266e-01	9.600811754000000420e-01	7.288202709000000112e-01	-6.314388832999999757e-01	1.737668896000000018e-01	1.633619528999999959e-01	-1.360355793999999952e-01	-7.786450047999999846e-01	-1.153875648999999948e+00	-5.028192920999999815e-01	1.267693541999999951e+00	2.992683886999999987e-01	1.458827982999999939e+00	2.732962434000000065e-02	3.607349328000000188e-01	9.376003829000000289e-01	1.090910185999999893e+00	3.039781328000000227e-01	-1.521355432000000008e+00	4.700024284000000052e-01	1.389367573999999994e-01	1.292424250999999913e+00	-5.131858966000000244e-01	7.664425519999999992e-01	-7.147848981000000101e-01	1.410263771999999971e+00
7.339611276999999934e-01	8.680716209000000072e-01	-6.492460565000000017e-01	-5.915830727999999983e-01	-7.214819985999999519e-01	-4.844432136999999861e-01	-1.236794251999999927e+00	8.553079610999999582e-01	-3.364063594000000212e-01	1.145320823999999904e+00	-3.799332434000000092e-01	-1.012864014999999895e+00	-4.147962674999999821e-01	-8.918534652999999812e-01	9.004121698000000507e-01	1.255107787999999891e+00	-2.802350666999999795e-01	-1.216049045000000106e+00	-4.623077241999999920e-01	7.891314715999999674e-01	1.465045643000000009e-01	9.921063541000000319e-01	-4.902265572000000238e-01	-1.446409008000000052e+00	1.848624183000000087e+00	4.600226740999999731e-01	2.426647796000000135e+00	4.348899620000000188e-01	1.834281285999999955e+00	-8.010874352999999837e-02	6.876408322999999490e-01	3.516409489000000277e-01	1.082462384000000055e+00	2.602065392000000088e+00	-1.083143124000000013e-01	-1.361881225999999945e+00	5.918821037999999479e-01	8.624798265999999991e-01	-3.302257408000000005e-01	7.326612246000000495e-01	5.848497233999999656e-01	1.086209189999999936e+00	1.497981940000000067e+00	-5.741912771999999610e-01	1.181507834000000035e+00	5.635187720000000011e-01	2.733960653999999990e-01	-4.661039363000000213e-01	-2.329026778999999936e-01	-8.091959286000000029e-01	-1.300029031000000002e+00	-5.425510397999999679e-01	-4.449267870999999985e-01	1.425540872999999931e-01	-3.052722310000000050e-01	-4.985327927000000048e-01	7.677669714999999506e-01	-9.080383774000000408e-01	-1.380203614999999939e-01	8.746995988000000333e-01	5.588349335000000195e-01	1.279730274999999917e+00	2.852222684999999869e-01	-4.629461980999999837e-01	-4.458292403999999931e-01	2.061257872000000102e+00
7.456387923999999723e-01	7.853360728999999596e-01	-8.316670307000000317e-01	-5.645335590000000181e-01	-5.292758593999999928e-01	-7.668601455000000344e-01	-1.146716821000000053e+00	9.076883387999999941e-01	-3.385609807000000138e-01	3.554182251999999931e-01	-2.625502793000000223e-01	-1.501133233000000011e+00	-7.223521005999999911e-01	-7.108644459999999832e-01	7.903227646999999578e-01	1.229884380000000110e+00	-8.539241142000000284e-01	-1.462084502000000064e-01	-2.712426079999999962e-01	4.934988069999999838e-01	2.206367322999999991e-01	-1.666008660999999946e-01	-8.408526761000000294e-01	-1.480415951999999979e+00	1.757577348999999955e+00	2.607130160000000196e-01	2.345150430999999980e+00	4.495157940000000241e-01	1.947752069000000086e+00	-2.402358188000000006e-01	5.465092314999999701e-01	7.840170282000000213e-02	1.767872839000000029e+00	1.982613782000000047e+00	4.132559270999999756e-01	-8.625007069000000248e-01	1.193892292999999993e+00	5.808497448999999646e-01	-3.464675239000000184e-01	7.451175939999999942e-01	8.078284428999999989e-01	1.632063870999999944e+00	-4.301880732999999735e-01	-9.832529395000000338e-01	1.198436819999999958e+00	-2.296379973000000074e-01	3.347650475000000236e-01	-8.420297841999999644e-01	5.197518463000000422e-01	-6.307037074000000354e-01	4.372532085999999985e-01	-4.851359841999999811e-01	-5.436373482999999895e-01	2.210499623999999941e-01	7.783902564000000357e-01	-5.751874193999999552e-01	5.271227107000000522e-01	-9.749636513999999643e-01	6.390400875000000480e-02	6.735077791000000369e-01	2.296303008999999840e+00	9.527759492999999802e-01	-4.764611095999999879e-01	-3.846258526999999927e-01	-7.579457722000000341e-01	1.820905962000000100e+00
7.244498188000000338e-01	8.189850454999999529e-01	-8.874547280000000260e-01	-5.133768909000000491e-01	-6.027340171999999718e-01	-4.141456391000000181e-01	-1.210506037000000035e+00	9.865363839999999884e-01	-3.110145013999999763e-01	1.429909630999999903e+00	-4.228610990000000180e-01	-1.090871954999999893e+00	-6.397956906999999749e-01	-7.087857792999999740e-01	4.465936837000000215e-01	1.246018341999999945e+00	-9.874168290999999487e-01	1.747705548000000109e+00	-1.723480981999999939e-01	4.637242252000000065e-01	2.478627958999999881e-01	4.425246082999999969e-02	-5.750216650999999679e-01	-1.527576009999999984e+00	1.834082471999999964e+00	1.599395892999999902e-01	1.757105385000000020e+00	6.403106763999999451e-01	1.765630648999999996e+00	-6.063758567999999460e-01	3.738432505000000017e-01	-1.948818401999999894e-01	8.484058290999999530e-01	1.802051312999999988e+00	2.012266631000000083e-01	-6.114063363999999723e-01	8.602042157000000522e-01	9.414234250999999887e-01	-3.577239871999999821e-01	5.893658313999999843e-01	6.416269846000000054e-01	9.833019634999999870e-01	1.687116791000000005e+00	-1.325587896999999904e+00	4.187340992999999956e-01	-3.377783205000000066e-01	-3.879060058000000089e-01	-9.131550934000000064e-01	5.648764348000000490e-01	-5.307971300999999587e-01	-6.630711430000000295e-01	1.280216701000000068e+00	4.196620779999999939e-01	9.505439936999999784e-01	5.862553536000000287e-01	-3.698816379000000043e-02	-4.154024280999999985e-01	-2.064567039999999909e-01	-7.882893870999999608e-01	-1.340524966999999901e+00	7.612612184999999476e-01	-3.572462613999999870e-01	-3.941907865000000011e-01	-8.107521573999999787e-02	-6.863041900999999889e-01	1.999229920000000105e+00
6.899562774999999926e-01	8.150375049000000427e-01	-5.968639232000000350e-01	-5.228961511999999923e-01	-6.649607591999999734e-01	-6.923177105000000164e-01	-1.286793062000000099e+00	1.187461447000000003e+00	-2.919071430999999883e-01	6.661156001000000382e-01	-4.802828160000000013e-01	8.295285166000000432e-01	-9.906096466999999572e-01	-7.768184679999999842e-01	7.679561912000000545e-02	1.381051518000000033e+00	-1.130364103000000009e+00	1.511666096999999986e+00	-4.032010568000000267e-02	3.489317848999999860e-01	3.534638996000000200e-01	-5.217530973999999766e-01	5.773522958000000191e-03	-1.516667956999999900e+00	2.057218209999999825e+00	4.144287229999999989e-01	1.292447600000000030e+00	6.633972478999999867e-01	1.035498899000000028e+00	-5.539149932000000387e-01	-1.625888308000000004e-01	-1.213021328999999982e-01	1.674550959000000061e+00	1.149044382999999891e+00	2.416423222999999898e-01	-6.417138449000000522e-01	9.067056712000000074e-01	6.976699956999999896e-01	3.430629670000000242e-02	5.227919063000000532e-01	7.885474502000000552e-01	7.665889595999999528e-01	1.045174315999999992e+00	-1.181010678000000036e+00	-6.471303381999999882e-01	-3.215469539000000154e-02	2.032505938999999984e-01	1.987689354999999936e-01	6.124369661999999881e-01	1.864036249999999895e-01	-2.010747727999999956e-01	9.629798391999999652e-01	-7.888850998999999975e-01	-2.129782027999999883e-01	8.928902803999999582e-01	-1.211539819999999934e-01	4.402831782000000138e-01	-1.468438707000000010e+00	7.410019011000000544e-02	-5.553928875000000431e-01	2.028729170999999942e-01	5.856325113000000471e-01	2.430703959999999941e-01	-1.185774691999999936e-01	-8.842835103999999724e-01	1.169885147000000014e+00
6.766798200000000429e-01	7.394054854999999593e-01	-7.307452635000000196e-01	-5.387979097999999745e-01	-4.964414375000000268e-01	-6.014168435000000201e-01	-1.288556180999999912e+00	1.231858069999999916e+00	-4.224509740999999874e-01	1.015940295000000049e+00	-4.313047863000000204e-01	1.410775303000000092e+00	-5.058482207000000175e-01	-5.560481001000000534e-01	1.861689994000000070e-01	1.191051317000000109e+00	-2.822780328999999755e-01	1.157984042000000047e+00	3.481358187999999965e-01	2.353419011000000005e-01	4.506333176000000273e-01	-7.730498682999999982e-01	-2.451697310999999962e-02	-1.590420568000000090e+00	1.495560541999999993e+00	4.801007555000000315e-02	1.051213465000000014e+00	1.405122906999999866e-01	1.386535022000000006e-01	-6.786912632999999584e-01	8.772671270999999882e-01	-3.267785212000000050e-01	1.010706204999999996e-01	4.137116244999999859e-01	5.478037921999999726e-01	-1.926371413999999893e-01	3.970729499000000273e-01	7.527849502000000248e-01	2.141396760000000010e-01	6.044093286999999703e-01	1.416695835999999931e+00	9.683347727000000127e-01	-2.381552104999999919e-01	-1.041737694999999908e+00	-5.167102014000000132e-01	3.646426877999999761e-01	3.924195355000000274e-01	-1.385071683999999914e+00	1.329099325999999914e+00	1.553599356000000098e+00	-2.834835775999999807e-01	6.282955140000000549e-01	5.681496169999999957e-01	8.063251537000000191e-01	-3.041438605999999822e-01	7.040095992000000059e-03	-1.005682829000000000e-01	-1.281266221999999955e+00	-1.426505138000000006e+00	1.570592632999999960e+00	9.317439093000000339e-02	-9.916568287000000481e-01	-7.289013363000000634e-02	-1.132107195999999982e+00	1.586345462000000039e-01	1.635898797999999932e+00
7.240492389999999556e-01	8.206034945000000302e-01	-7.666939807000000551e-01	-5.246891142999999813e-01	-3.709739966000000222e-01	-9.162643800999999977e-01	-1.263745915000000108e+00	1.104388740999999952e+00	-1.216534655999999964e-01	5.370686569000000521e-01	-2.946446766999999967e-01	1.172157762000000103e+00	-6.499693277000000435e-01	-4.978249696000000002e-01	5.158536863999999555e-01	1.143668120999999926e+00	1.203550431000000032e+00	5.232663683999999593e-01	4.537903899000000213e-02	1.776720172000000042e-01	5.485974877999999499e-01	4.266306767999999972e-01	1.292041208999999968e-01	-1.441532440000000026e+00	7.005598846999999685e-01	1.960344440000000125e-03	1.208096411000000092e+00	2.277287534999999918e-01	-1.626212766000000032e-01	-1.461258813999999906e-01	1.636227719999999941e+00	-1.324162350000000071e-02	3.044150690999999909e-01	-2.947724458000000047e-01	1.866575404999999965e-01	-1.178561444999999958e-01	5.157532422999999699e-01	8.798044411000000009e-01	2.884908850999999830e-01	8.051638779999999995e-01	9.361434945000000063e-01	7.705588894999999550e-01	7.223986808000000259e-01	-1.003432327000000068e+00	-6.642398156000000053e-01	-3.918025928999999824e-02	-2.553377397000000104e-01	-1.039450940999999962e-01	-2.063828677000000000e-01	-3.661269259000000109e-01	1.543801478000000005e+00	1.255757972000000056e+00	-3.133349320000000104e-01	1.480636324999999864e-01	-7.185258690000000392e-01	-1.034908458999999947e+00	2.805627505000000133e-01	-2.334299616999999938e-01	-9.189049367999999607e-01	-8.248400069000000334e-01	-9.067808381999999945e-01	-1.932919802000000048e-02	3.706718198000000242e-01	-6.542456923999999674e-01	-4.435828998999999939e-01	1.771497582000000071e+00
6.896064562999999481e-01	8.306035339999999767e-01	-5.980830638999999893e-01	-6.132758098999999685e-01	-6.240731265000000194e-01	-7.738685816000000495e-01	-1.402698436000000104e+00	1.020712513000000099e+00	-9.945826185999999403e-02	9.295968166000000421e-01	-1.601415763000000048e-01	1.548303457999999910e-01	-5.229730224999999955e-01	-6.612468293000000052e-01	4.380162895999999972e-01	9.992758733000000060e-01	1.229758802000000095e+00	-2.568582115999999971e-01	-2.256475353999999878e-01	6.957201692000000159e-01	5.632569470999999606e-01	2.250047031999999891e+00	1.470478014999999916e-01	-1.209543381000000029e+00	4.024282625999999752e-01	-4.139942087000000187e-02	1.269646739999999996e+00	3.401227233999999933e-01	-4.802573687000000202e-01	2.842429295000000189e-01	-8.343593607000000523e-01	8.429276134999999504e-02	1.800691417999999988e-01	-6.889470663000000217e-01	-2.609102237999999865e-02	1.007017652000000013e-01	4.130276995000000118e-01	1.074700564000000025e+00	7.015308145999999967e-01	9.189239036999999888e-01	7.249760200999999515e-01	3.284485793999999959e-01	1.250747974999999901e+00	3.394040278000000077e-01	-8.108485464000000364e-01	-2.008064541000000036e-02	-4.748679684999999873e-02	-7.137261311000000497e-01	-5.455233257999999585e-01	-1.183959749000000006e+00	4.635004287000000223e-01	-5.584646536999999800e-01	1.674838089000000030e-01	-6.143901622999999729e-02	-8.797282473999999963e-01	4.917280157000000207e-01	2.910332775999999733e-01	-5.612213236999999966e-01	-8.037071979000000033e-01	7.968464159000000491e-01	1.469568972000000029e+00	6.951238026999999597e-01	1.817805109999999891e+00	5.106338294000000166e-01	-1.303840199999999894e-01	1.590937843999999934e+00
7.123222955000000356e-01	7.586387875000000225e-01	-6.055232430000000443e-01	-6.396022776999999992e-01	-4.857525174999999806e-01	-8.372788682999999788e-01	-1.269433564000000070e+00	8.341430195000000269e-01	-3.091697778999999979e-01	7.763300707000000411e-01	2.684766774999999828e-01	-5.453647685000000411e-01	-4.914923160999999929e-01	-5.385609500000000383e-01	8.580556019999999728e-01	1.059317065999999974e+00	3.274776274999999792e-01	-1.154171234000000101e+00	-1.693301298000000066e-01	6.595383145000000003e-01	6.452228737999999852e-01	1.224180945000000076e+00	-2.799341026000000121e-01	-7.450135601999999801e-01	-4.514729001000000186e-01	2.526696462999999948e-02	1.745859564999999947e+00	9.058827679000000521e-02	-7.573129667000000342e-01	4.163968270999999777e-01	4.390462065999999886e-01	3.986209030999999792e-01	8.129783408999999850e-01	-1.163122741000000016e+00	2.216766139999999941e-01	2.297630639000000086e-01	2.721585335999999744e-01	9.307328967000000342e-01	1.000146666000000018e+00	1.392488104999999976e+00	9.495274474999999548e-01	4.847841482999999951e-01	-1.268901292999999875e-01	9.072264761999999927e-02	5.399681008000000171e-01	6.530578929000000477e-01	2.908658320999999991e-01	-1.239051259000000016e+00	1.367778436000000042e-01	5.098484471999999990e-01	-1.324856897000000089e+00	-1.025724641999999909e+00	-9.287263273000000430e-01	-1.582568423000000057e-01	-5.165878569999999836e-01	8.804323451000000134e-01	2.252087903999999974e-01	-3.138062546000000008e-01	-5.398692952000000433e-01	-1.443749119999999941e-01	-1.581663658000000083e+00	-1.394215352000000019e-01	1.150761861000000053e-01	-8.845011350000000494e-01	2.511110538999999919e-01	1.955595758000000073e+00
7.445985325999999738e-01	8.321894091999999521e-01	-8.191948648000000333e-01	-5.905839006999999974e-01	-4.329862083000000084e-01	-7.845474459000000289e-01	-1.191957037000000108e+00	9.395735943999999895e-01	3.882685190999999946e-05	1.131779928999999907e+00	1.590812849999999889e-01	-1.291382325999999914e+00	-7.414602036999999868e-01	-5.091574986000000358e-01	5.501392886000000537e-01	1.384772907000000108e+00	-2.998162317999999993e-01	-5.936651754999999753e-01	-6.843345890999999459e-02	5.552269227999999668e-01	5.489898532000000442e-01	1.994749292999999923e-01	-1.918075610999999958e-01	-7.248506343999999713e-01	-5.555867531000000525e-01	-4.722970929999999873e-02	1.349667796000000086e+00	4.477802913000000218e-01	-4.663298575000000001e-01	4.260451809999999950e-01	2.119510782000000038e-01	4.998574182000000143e-01	1.034531357999999956e+00	-7.444360437999999469e-01	6.689134679999999555e-01	4.789603786000000141e-01	1.132616753000000032e-01	6.481637639999999756e-01	5.679458393999999855e-01	1.221723450000000044e+00	1.011731874999999947e+00	1.237252929000000057e-01	8.823066198000000249e-01	-6.809193454999999950e-01	4.045314170000000042e-01	5.277101965999999589e-01	-8.669205196000000224e-02	1.523778101999999912e-01	6.321207437000000429e-01	-1.133461771999999979e+00	-7.414108644000000359e-01	-6.472612099000000230e-01	-6.980688452000000099e-02	3.574978491999999952e-01	4.234550880999999878e-01	-2.266401616000000008e+00	-2.983315409000000251e-01	8.644636020999999504e-01	1.170799388999999913e+00	-1.751960542000000065e-01	1.250115376999999972e+00	-2.238475212000000103e-01	-2.342655040000000133e-01	-5.694024456999999817e-01	-2.653213447000000169e-01	1.334169590999999988e+00
7.162046784000000166e-01	8.315731991999999462e-01	-5.351257818000000333e-01	-6.152776722999999670e-01	-5.861154951000000501e-01	-5.853319299000000475e-01	-1.266970815000000083e+00	1.100540142999999915e+00	2.392237614999999894e-03	1.111834972000000032e+00	9.896868879999999591e-02	-1.555781037000000033e+00	-8.171495047000000289e-01	-6.380507601999999556e-01	-1.695571720000000060e-01	1.430606296999999971e+00	-8.154749614999999840e-01	1.122652224000000087e+00	-1.982290559000000063e-01	4.167654728999999891e-01	2.534143334999999775e-01	-3.520698248999999946e-01	2.869288869000000131e-01	-7.277190974999999673e-01	-5.295078145999999597e-01	4.691524108999999831e-01	9.730561627999999574e-01	7.178718440000000367e-01	-4.260405700000000073e-01	3.582072892000000008e-01	-5.213512638000000060e-02	8.801540278999999689e-01	1.131439958000000079e+00	-4.267713101000000231e-01	4.901490741000000262e-01	4.573571618000000227e-01	-2.079263577000000154e-02	5.914414824999999487e-01	8.941432376000000293e-01	1.079148140999999894e+00	8.644958469000000312e-01	-4.959986720999999821e-01	4.118292934000000183e-01	-4.630362473999999895e-01	6.489547465999999654e-01	6.104283659999999445e-01	-6.705707462000000119e-01	-5.222465537999999852e-02	1.469183896000000100e+00	-3.108058051000000058e-02	-6.991047955000000425e-01	-1.297900680000000084e-01	-3.945914226000000191e-01	-2.583153727999999982e-01	1.889995948000000037e-01	1.499090183000000076e+00	8.264500439999999948e-02	2.535803507000000123e-01	6.571806051999999898e-01	-9.631065693000000483e-01	2.855674983000000111e+00	1.278090385000000051e+00	1.995405400999999967e-01	-4.947626902999999743e-01	-1.355349265999999941e+00	5.100426297000000275e-01
6.711389689000000214e-01	7.592887048999999999e-01	-6.837639754000000014e-01	-6.115206058000000056e-01	-4.211810820999999927e-01	-6.390613115000000066e-01	-1.099726468000000068e+00	1.056019060999999981e+00	-2.410733499000000113e-01	9.435202669000000153e-01	1.120963955999999956e-01	-1.197584176999999972e+00	-9.006955546999999562e-01	-4.717914979999999758e-01	1.795082963000000087e-01	1.550861559999999972e+00	-1.087370590999999997e+00	1.817746269999999997e+00	-2.391130711999999992e-01	7.306080594999999622e-01	5.449858301000000127e-01	-3.950777220000000201e-01	3.385942023999999884e-01	-2.445543903000000074e-01	-8.489444981999999529e-01	5.455085792999999628e-01	7.691956068999999951e-01	1.248827442000000065e-02	-6.016011619000000143e-01	2.886532447999999931e-02	3.492155215000000146e-01	5.549134677000000515e-01	1.212000517000000110e+00	-7.047533553000000506e-01	4.533356186999999982e-01	7.507126949000000327e-01	-5.719742794000000075e-01	1.174294743000000030e-01	3.969049444000000149e-01	1.090369584999999919e+00	7.267685043999999595e-01	-4.840339777000000065e-01	-6.334235633000000476e-01	-5.369041905000000448e-01	9.212058659999999843e-01	4.925261922999999986e-01	-5.189008317000000092e-01	-1.766993505999999992e-01	1.249094119000000003e+00	-2.630515734000000161e-01	-6.672358723000000325e-01	-1.010976346999999942e-01	-1.582539205000000004e+00	1.271382293000000052e+00	2.368122472999999867e-02	-3.971593475999999900e-01	1.576387261999999956e-01	-9.536722063000000471e-01	5.359143985000000207e-03	9.136974082000000053e-01	-1.368936346999999998e+00	-2.905555081000000262e-01	4.115062083000000093e-01	-1.332330165999999982e+00	-9.222785800999999672e-01	6.199767506000000150e-01
7.076386406000000351e-01	8.212681345000000244e-01	-7.229393483999999592e-01	-5.757325694999999577e-01	-4.817476935000000182e-01	-6.737546966999999887e-01	-1.159289986999999966e+00	1.244278476000000078e+00	-1.903125609000000107e-01	6.338704504000000073e-01	-1.489915381999999955e-01	4.678504814000000178e-01	-9.908329068000000239e-01	-4.517235539000000188e-01	-3.014078384000000166e-01	1.563375798999999899e+00	-6.890038656000000428e-01	1.763416490000000003e+00	-1.900260102000000118e-01	3.716224442000000128e-01	2.833167560000000029e-01	-1.533788705000000037e-02	9.086712957999999729e-02	-3.527164020999999927e-01	-1.051548904999999978e+00	3.586545541999999753e-01	9.497554055000000106e-02	2.450331957000000116e-01	-4.578936251999999874e-01	3.489374726000000204e-01	-4.353993985999999872e-01	1.807711462999999907e-01	1.883762493000000093e+00	-5.936944110999999857e-01	4.521560164999999798e-01	8.667497831999999569e-01	-4.399382914000000144e-01	5.184564751000000360e-01	1.989713934000000156e-02	6.547276975000000387e-01	6.065695974999999462e-01	-1.002198584000000059e+00	9.489717649000000144e-01	-8.491323120999999530e-01	2.042175687999999989e-01	-7.578675264999999717e-02	-7.383538104000000324e-01	-5.808398182999999909e-02	1.447057848000000035e+00	1.633450029999999886e-01	-7.757295494999999486e-01	1.039042360000000054e+00	4.916441500000000020e-01	3.492349987000000211e-01	3.160167052999999782e-01	-5.721927010999999785e-01	1.023911420000000044e-01	-3.395206476000000029e-01	-4.378457537000000205e-02	-1.321568607999999978e+00	-4.107842694000000128e-01	-1.052364789000000078e+00	-3.764208903999999856e-01	-5.273154915000000109e-01	-8.257407648000000266e-01	-2.674887334000000116e-01
6.674822175000000302e-01	7.831263548000000352e-01	-4.827323258999999811e-01	-5.351411015000000493e-01	-5.945654729999999555e-01	-4.407106767999999786e-01	-1.251746602999999958e+00	1.279936791999999990e+00	-3.091675456999999905e-01	1.152725089000000036e+00	-3.273950660000000124e-01	1.481356384999999998e+00	-7.704765906999999636e-01	-2.406407681000000132e-01	-2.538962209000000247e-01	1.631981273000000066e+00	-5.310515814999999806e-01	9.642638632000000154e-01	-2.244076929000000109e-01	2.631846916999999730e-01	3.022269511999999825e-01	-9.651729846000000057e-01	2.602475548999999902e-02	-3.535314402999999994e-01	-1.229067294999999893e+00	1.644236201000000008e-01	4.631096619999999775e-01	2.098258420000000124e-01	-5.962438385999999646e-01	2.555061468000000002e-01	2.749542668000000134e-01	3.185313635000000011e-03	-5.764166788999999791e-02	-6.585251828000000529e-01	1.203497129999999971e-01	7.809629984999999497e-01	-4.057710172999999809e-01	4.286105716999999982e-01	-2.145637925000000099e-02	2.041908470000000086e-01	1.074716368999999894e+00	-1.114186056000000091e+00	4.914004612999999799e-01	-4.918981170000000236e-01	-3.822619205000000187e-01	2.730311617000000246e-01	-1.891005232999999897e-01	-1.516019832000000019e-02	1.509263819999999923e+00	6.576544324999999969e-01	-3.943983300000000053e-02	2.270725732999999968e-01	-4.407114339000000047e-01	3.924441184999999943e-01	-1.471866877000000073e+00	-5.077159950999999838e-01	1.345362726999999869e-01	-1.376660009000000073e+00	-2.030094745000000089e-01	2.504363515999999956e-01	-2.434371603999999911e-01	-1.647889904000000016e-01	-1.852575931999999870e-01	-9.888957741999999662e-01	-4.443731805000000201e-01	-9.257807194000000628e-02
6.624481836000000179e-01	7.408059322000000169e-01	-7.153464294000000390e-01	-5.092522700999999596e-01	-3.492932337999999914e-01	-7.468659369000000270e-01	-1.169865461999999967e+00	1.095249549999999905e+00	-4.597498058000000221e-01	4.590790084000000160e-02	-5.584000721999999861e-01	1.110016530000000001e+00	-9.194493085999999593e-01	-1.596886432000000078e-01	3.744954898999999782e-01	1.389488217000000025e+00	1.013752997000000100e+00	6.596807707999999826e-01	8.744361802000000239e-02	-3.678641163000000158e-02	1.970773490999999933e-01	-4.478609335000000025e-01	-1.962582328999999959e-01	-5.786484670999999524e-01	-1.388627859999999936e+00	-5.845831502999999929e-02	7.147873499000000352e-01	-2.918189547999999744e-01	-1.659268476000000103e-01	2.185393653999999908e-01	1.019383978000000024e+00	-3.861987944999999978e-01	-4.494113770000000008e-01	-1.156586488000000079e+00	-1.224725925999999993e-01	1.154016675000000047e+00	8.801890453999999808e-02	2.864089416999999749e-01	-5.538017396000000092e-01	-7.222023480000000495e-02	4.314065536999999728e-01	-5.636421884000000215e-01	-1.449233172000000125e-01	-3.573327441999999965e-01	-4.778341483999999917e-01	-3.069710573000000164e-01	-1.927370465000000088e-01	-1.445129901999999966e-01	1.682919556999999955e+00	-6.057027904000000101e-02	2.268865649000000040e-01	3.980493468999999895e-01	-2.400397253000000064e-01	1.332874332999999911e+00	-1.853892893000000042e+00	-8.737695608000000114e-01	1.038763530999999990e-01	-1.205216014999999974e+00	-1.091547328000000011e-01	1.425631755000000001e-01	-8.485231488000000155e-01	-1.235557419000000046e+00	-7.608805591999999729e-01	-1.100210933000000058e+00	1.750978334000000136e-01	4.333013620999999760e-01
7.140435662999999877e-01	8.410149350000000190e-01	-6.074236561000000423e-01	-6.583699455999999506e-01	-5.710326315000000541e-01	-6.782031579999999726e-01	-1.457338097999999915e+00	9.515920755000000231e-01	-3.131034551999999915e-01	3.638544172000000021e-01	-4.414083189999999934e-01	9.060909202000000384e-01	1.037334610999999907e+00	-2.009320035000000115e-01	1.293450130000000087e-01	1.273228494000000044e+00	1.415741820999999900e+00	-1.589981540000000027e-01	-3.124008194999999821e-01	-4.185572895999999793e-02	5.779461097000000436e-01	9.921707874999999843e-01	-1.711143777999999949e-01	-7.540041483999999627e-01	-1.019222783000000021e+00	-3.089407033000000080e-01	8.182119141999999457e-01	4.389386093000000044e-01	3.057930146000000238e-01	1.071970995000000038e-01	-8.006912865999999962e-01	-4.209065171999999966e-01	-2.945745544999999743e-01	-9.259080328000000026e-01	-1.751245221000000130e-01	6.652309237000000319e-01	-1.423319805999999910e-01	1.423933910999999997e+00	-3.027834032000000231e-01	-4.798530327000000151e-01	2.093676901000000035e-01	-4.857789302000000142e-01	3.251053590999999909e-01	3.155185764999999809e-01	-8.855690106000000394e-01	-1.568624687999999878e-01	-2.412271254000000059e-02	-5.932261826000000404e-01	-7.840969812000000427e-01	-1.137640058999999981e+00	1.055336985999999921e+00	1.213979726999999953e-01	4.804361347000000171e-01	-1.591576513999999887e-01	-1.346988802000000041e+00	-7.521507376000000078e-02	4.902081403999999920e-02	2.703987730999999894e-01	-1.061627652999999949e+00	3.733662141999999906e-01	-8.659402072999999866e-01	-1.993847538999999891e-01	4.634569291999999785e-01	4.895010998000000335e-02	-3.454593316999999830e-01	-2.392025626000000016e-01
6.668637283999999665e-01	7.426486910999999802e-01	-4.824886634000000174e-01	-5.902974483999999800e-01	-5.137463170999999607e-01	-6.827972588999999815e-01	-1.334387978999999946e+00	7.405557135000000457e-01	-6.355092049999999659e-01	8.227709849000000020e-01	-4.425286003000000190e-01	-5.200190869000000105e-02	-1.182856858999999927e+00	-1.181313461000000065e-01	4.289651594000000179e-01	7.757913815000000435e-01	1.144787886000000032e+00	-8.439482440000000141e-01	-4.852518224999999852e-01	-1.712291489999999972e-01	8.532187273000000349e-01	1.386519507000000040e+00	-2.870949299000000177e-01	-6.220831995000000170e-01	-7.899755188999999511e-01	-1.305110399999999948e-01	1.120844919999999911e+00	-7.634092256999999715e-02	3.790437535000000246e-01	1.189039350000000023e-01	-9.225291218000000182e-01	-6.861112308000000271e-02	-5.414642484999999672e-01	-1.133526202999999954e+00	-5.781559136999999682e-01	2.426177338000000128e-01	2.151804075000000038e-01	9.398187212999999929e-01	5.762029449000000136e-02	-4.137893377999999900e-01	5.147307848000000075e-01	-1.785652718000000083e-01	4.881852078000000206e-01	1.223269853999999990e+00	4.061933164000000041e-01	-8.501097582000000097e-02	4.454674798000000102e-01	-1.077761874999999980e+00	2.127303959999999883e-01	3.943715505000000010e-01	1.628726121999999998e+00	-1.559206019999999970e+00	-1.592391538000000051e-01	-3.913580501000000211e-01	-5.634643433999999562e-01	-7.237144787000000523e-01	1.039871036999999998e-01	-1.838760889000000009e+00	-9.814151416999999933e-01	5.230150424999999714e-01	-5.501506095999999513e-01	-8.584588696999999602e-01	-5.582423764999999705e-01	-2.507561653000000071e-02	5.588407020000000225e-01	7.083012871999999627e-01
7.001613399999999654e-01	7.256899981000000110e-01	-6.450897407000000250e-01	-5.840633763999999450e-01	-3.008221146999999762e-01	-8.303704329000000106e-01	-1.196173809999999893e+00	6.363903613000000403e-01	-7.738796884999999959e-01	4.186701734000000119e-01	-1.718906416000000048e-01	-2.990099578000000036e-01	-4.206273480000000120e-01	-1.498508085999999961e-01	1.007445335999999969e+00	3.505462798000000268e-01	3.422725390999999950e-01	-1.105451438000000008e+00	-1.816609666000000012e-01	-5.914049922999999875e-01	6.840287520000000177e-01	1.051770759000000055e+00	-5.232471216999999841e-01	-6.675609032000000553e-01	-6.425253993999999746e-01	-1.595362039999999870e-01	9.040495564999999623e-01	-4.929511001999999920e-01	5.904592109999999838e-01	-1.888676492999999956e-01	-1.158116730000000039e-01	-2.307000816999999968e-02	7.380760981999999644e-03	-1.231124407999999892e+00	4.116497959000000040e-01	6.337364790999999720e-02	3.282213858999999956e-01	1.444949087999999993e+00	2.436814962999999945e-01	-4.538199292999999801e-01	5.635079167000000000e-01	1.050426329000000020e-01	-6.417430144999999864e-02	9.576326791999999477e-01	2.134804600999999913e+00	-6.298710764999999878e-02	6.746298035000000137e-01	-6.361184635000000087e-01	-3.632377571000000027e-01	-1.180585722000000004e+00	-3.194302095000000064e-01	-1.964754974000000098e+00	-1.659657946000000051e+00	1.345658395000000063e-01	-3.196241471999999861e-01	2.113187451000000106e-01	-6.629314979000000552e-01	-4.848367641999999922e-01	-1.724089704000000001e-01	-7.810482874999999936e-01	-1.195286934999999939e+00	-8.509531653000000639e-02	-1.140227212000000101e+00	-2.368945670000000003e-01	2.164542147999999888e-01	7.801199461000000168e-01
7.414351908999999852e-01	8.530509022000000163e-01	-5.391344261999999610e-01	-6.200047250000000343e-01	-4.669098037000000145e-01	-6.661579404999999898e-01	-1.294522221999999889e+00	7.122891652999999712e-01	-3.835814406999999981e-01	6.945475678000000430e-01	-2.029757624000000094e-01	-1.123611957000000050e+00	-5.720172966000000025e-01	-2.898553752999999955e-01	6.324457360999999889e-01	1.187569326999999980e-01	-4.340569007999999784e-01	-3.591539246000000074e-01	-4.234535933999999946e-01	-3.310482318999999896e-01	5.802357531999999818e-01	-5.179524273000000179e-01	-1.468437979999999976e-01	-6.830125046999999672e-01	-1.461622291000000129e-01	1.325807061000000009e-01	9.322550023000000241e-01	4.989092082000000095e-01	5.295997087999999575e-01	-5.906292368999999792e-02	-4.125990297000000084e-01	5.493061417000000106e-03	6.040856014000000052e-01	-9.862603778999999848e-01	1.634984490999999984e-01	-2.707812220999999964e-01	1.039235058000000045e+00	1.751562813999999912e+00	3.723745196000000091e-01	-7.376804608000000485e-01	4.763091635999999740e-01	-6.275309913000000073e-01	-6.519081173999999868e-01	7.639617686999999879e-01	1.086510861000000050e+00	1.004178176000000006e-01	-1.515495530000000035e-01	-9.606942391999999664e-01	-3.730762476999999744e-01	-1.719650327999999950e+00	-7.685936611000000473e-01	-5.172688095999999902e-01	8.957847487000000219e-01	-6.836192037999999638e-02	1.029309709000000073e+00	-1.990942674000000023e+00	-8.420516804000000022e-01	1.569558153000000011e+00	-7.612408778999999459e-01	-3.892928701999999741e-01	-6.740303331999999981e-02	6.699918538000000368e-01	1.920368896000000103e-01	-5.148017578000000372e-01	2.926255696999999767e-01	-4.313504662000000045e-01
6.571685752000000491e-01	7.161690347000000401e-01	-3.866136447999999892e-01	-5.452271569000000095e-01	-4.530588171000000108e-01	-5.257619153999999462e-01	-1.203511224000000102e+00	9.397924842999999528e-01	-6.244012385999999637e-01	9.146812025999999651e-01	-5.872183160999999707e-01	-1.390493146999999929e+00	-9.676684493999999637e-01	-2.626070495000000227e-01	5.402914737999999772e-01	2.741657161999999995e-02	-1.058235336999999943e+00	9.932041967000000415e-01	-1.133710321000000049e-01	-3.310292759999999834e-01	8.175961654000000189e-01	-1.450974860999999949e+00	2.004134226000000019e-01	-6.383759879999999498e-01	2.113787679999999947e-01	9.356298136999999793e-01	7.844320232000000503e-01	2.413025788000000005e-01	6.104723118999999532e-01	-6.376271749999999905e-01	-6.344936730000000358e-01	-7.557408327999999564e-02	2.960807897000000133e-01	-1.158504041000000040e+00	6.430388151999999469e-02	6.529108299999999976e-02	1.098779568999999956e+00	1.748906791000000016e+00	7.212503053000000053e-01	-5.567642037000000155e-01	1.044586352000000051e+00	3.915671488999999950e-02	1.585749105999999964e+00	6.139109109999999481e-01	1.175724862999999898e+00	8.277958335999999750e-01	6.801080589000000343e-01	-1.078615689000000044e+00	1.563672120999999970e+00	-7.731501907000000173e-01	-1.394450213999999910e+00	4.468516379999999955e-01	-5.229845616999999613e-01	-2.853427755999999871e-01	-8.934120578000000201e-02	-1.157762504999999970e-01	-6.569208648000000039e-01	-8.088321206999999902e-01	3.841215893000000103e-01	-6.756009603000000530e-01	6.326509386999999984e-01	-9.729030975000000359e-01	-8.169301897999999840e-01	-1.018618055999999994e+00	3.196096767000000116e-01	-1.010670567000000047e-01
7.067165013999999745e-01	7.340595667999999518e-01	-6.517130354000000292e-01	-4.460062949999999971e-01	-1.937177153999999901e-01	-7.273031081999999925e-01	-1.105296142999999898e+00	1.079255504000000032e+00	-6.156763723000000521e-01	4.138495651999999914e-01	-5.861838862999999566e-01	5.070290174999999566e-01	-1.216808885000000062e+00	-1.477858643999999944e-01	6.157350983999999583e-01	2.845431764999999946e-01	-9.929325987999999548e-01	1.102489773000000062e+00	3.436994948000000050e-01	-3.247765463999999769e-01	1.228159720000000066e+00	-1.025703894999999921e+00	3.299461141999999736e-01	-3.169208041000000087e-01	4.352201452000000192e-01	1.324083627000000041e+00	4.881361103999999895e-01	-9.658422542000000277e-02	8.224223398000000129e-01	-5.284772996000000056e-01	-5.300819259000000283e-01	-2.279929774999999992e-01	8.972465278000000266e-01	-1.175711651000000080e+00	8.113175475999999664e-01	3.251743846999999854e-01	1.782055892000000030e+00	1.871255429000000081e+00	6.350073735000000275e-01	-3.789466483999999746e-01	1.129655958999999932e+00	4.999145873999999989e-01	-4.095538933999999798e-01	1.739632201000000100e-01	5.941189607000000317e-01	9.939090806999999472e-01	4.996061788000000226e-01	2.490246949999999904e-01	1.353920640999999980e+00	-2.175297197000000127e-01	-8.592520730999999579e-01	9.964578956999999848e-01	-1.213690850000000099e+00	-7.531354237999999812e-01	5.506784935999999853e-01	-1.585469170000000094e+00	-5.084141784000000275e-01	-7.137427708000000370e-01	-2.608465104000000090e-01	-8.824288466999999914e-01	-7.676681671999999734e-01	-1.343593730999999902e+00	-2.360241431000000001e-01	-1.105287061000000071e+00	4.619287726999999899e-01	-2.475728507000000134e-01
7.273024210999999850e-01	8.737736938000000286e-01	-4.892263325999999801e-01	-4.722999800000000081e-01	-5.021813092000000367e-01	-3.347018225999999763e-01	-1.212965338000000060e+00	1.326952965999999901e+00	-3.273593987000000261e-01	1.942442993000000062e-01	-6.517270826000000072e-01	1.156587845000000003e+00	-8.081536159000000108e-01	-2.522731163999999970e-01	6.055123525000000173e-01	3.991226559000000118e-01	4.211018261999999734e-01	7.488640140000000223e-01	3.753680593000000010e-01	1.871530399000000122e-01	8.193952936999999714e-01	-5.502549936999999725e-01	6.352988144000000226e-01	-3.104298943000000088e-01	5.903437193999999666e-01	1.331147628999999943e+00	8.981986897000000525e-01	8.415683006999999938e-01	8.495423764999999738e-01	2.067754853000000059e-01	1.380792718999999946e-01	-7.049246820000000247e-01	-3.097514598000000174e-01	-6.044345315000000385e-01	1.446826241999999985e+00	3.090905496999999946e-01	1.798077748999999947e+00	2.090450811000000186e+00	6.872203451999999713e-01	-3.718846187000000025e-01	5.984639528999999847e-01	5.874951171000000055e-02	2.751443720999999787e-01	1.486549376999999894e-01	4.307983591999999667e-02	1.692145333999999890e+00	6.234590827999999529e-01	-1.240640074999999953e+00	3.376671968000000135e-01	-5.663399846000000126e-01	-3.529690934999999974e-01	1.283940446999999985e+00	1.810805221000000076e+00	9.113610035000000442e-01	-1.675328522999999903e+00	8.389361762999999472e-01	3.645001442999999952e-01	6.789555635999999783e-01	-1.293138136999999910e+00	-8.215916870999999677e-01	8.544178008999999685e-01	-1.236224766000000030e-01	1.069786874999999915e+00	-2.333034098000000001e-01	-3.419407450999999987e-01	-2.208559428000000102e-01
6.963312555999999764e-01	7.450755823000000388e-01	-4.602062304999999798e-01	-4.322535042000000272e-01	-2.274452445000000045e-01	-4.569045892999999969e-01	-1.013295942999999921e+00	1.082956430999999942e+00	-6.031201413000000233e-01	5.400358874999999781e-01	-3.363773929000000162e-01	8.436949824999999681e-01	7.938291685999999681e-01	-2.173726964999999831e-02	7.237516389999999467e-01	6.888671746000000207e-01	1.515205045000000084e+00	4.498071709999999779e-02	2.815461402000000168e-01	5.439090010999999558e-01	1.188201124999999969e+00	-4.766933517999999981e-01	6.245141356000000199e-01	5.452030704000000033e-02	9.530947146999999564e-01	1.448687518000000063e+00	1.722289146999999909e+00	3.639943871999999914e-01	4.187098973000000224e-01	9.193621557999999416e-03	4.685017858000000146e-01	-8.441372924000000166e-01	-9.255199137000000298e-02	-7.854321485999999908e-01	9.763810309999999548e-01	3.569195640000000225e-01	2.029763959999999923e+00	1.487213909999999917e+00	5.053451141000000479e-01	2.118608895000000103e-01	8.436177406000000545e-01	9.591674071000000357e-01	5.887607267000000144e-01	3.549547610000000075e-01	8.307177093999999762e-02	2.783010990000000184e+00	1.091367283999999938e+00	-4.985754997999999882e-01	-4.634396892000000046e-01	2.104735435999999904e+00	1.202537417999999914e+00	3.624057453000000262e-01	-4.159459083000000001e-01	-1.051452247000000062e+00	-1.379133230000000099e+00	-6.486626490000000356e-01	6.595560257999999454e-01	-1.174777522999999935e+00	-1.122955448999999994e+00	7.462115669000000118e-01	-1.971218380999999908e+00	-1.659124072000000005e+00	-1.922406426000000113e-01	-6.225714533999999745e-01	3.559705606999999938e-01	8.311459326000000258e-01
6.843993369999999965e-01	7.443878465000000055e-01	-6.794793212999999943e-01	-3.028802592000000016e-01	-9.534403840999999824e-02	-4.538896195000000078e-01	-9.203607920999999914e-01	8.690603950999999938e-01	-6.805081312999999854e-01	5.264469516999999987e-01	-2.450228503000000113e-01	1.324738500000000041e-01	-1.130886118999999912e+00	9.434603820999999668e-02	1.171577480000000060e+00	6.701759614000000198e-01	1.308998380000000017e+00	-5.936529781999999589e-01	4.256561280999999752e-01	7.236423396000000174e-01	1.012297774000000095e+00	2.059972736999999832e+00	3.390638402999999745e-01	1.485666378999999926e-01	9.985753659999999643e-01	7.912818665999999945e-01	1.859306546000000004e+00	-1.006931816999999951e-01	1.053645901000000107e+00	3.402739604000000195e-01	-1.985284548000000038e-01	-7.657145771000000156e-01	5.501129035999999944e-02	-1.347691434999999938e-01	1.595113883000000010e+00	7.758038402000000389e-02	1.807652435000000057e+00	1.173223007000000040e+00	1.783753986000000125e-01	6.597823150999999609e-01	9.123072913999999978e-01	8.450793421000000194e-01	7.617418229000000318e-01	6.286527755999999911e-01	9.168458014000000489e-01	2.204880635999999949e+00	3.674597765000000016e-01	-1.663692310000000063e+00	-1.074303162999999950e+00	-7.961460117999999420e-02	1.282095793000000095e+00	-5.067338104999999926e-01	-7.901747309000000108e-01	-3.573889127000000054e-01	-1.232457507999999979e+00	-1.007993965999999908e+00	3.942364687000000090e-01	-7.047551390999999554e-02	2.309311180999999991e-01	5.799704591000000020e-01	8.230542679000000250e-01	9.415478746000000010e-01	9.250193960000000493e-01	3.030268553000000087e-01	4.600402083999999836e-01	2.435499573000000084e-01
7.107257676999999552e-01	8.434720656999999955e-01	-4.604260873000000087e-01	-4.156889747999999996e-01	-4.222752999000000118e-01	-1.913965246000000064e-01	-8.980725883000000298e-01	1.039561323000000037e+00	-4.585543698999999807e-01	9.308702344000000517e-01	-1.568021279999999920e-02	-8.363246251000000520e-01	-1.653294633000000069e-01	-2.399231769000000070e-02	1.109294204000000006e+00	7.150623103000000036e-01	2.487849521999999924e-01	-8.547255705999999842e-01	-1.792047756000000047e-01	1.158127914999999897e+00	5.398929967000000163e-01	1.426520596000000030e+00	3.770980812999999987e-01	1.573888298999999991e-01	1.285084636999999974e+00	7.336209776000000016e-01	2.128744955000000161e+00	7.640280454000000221e-01	9.068463466999999723e-01	4.083870240999999957e-01	7.886459855999999879e-01	-2.800101550999999911e-01	7.562353858000000484e-01	5.459382015999999505e-01	1.457965307999999904e+00	-8.357042886000000115e-01	1.447490863999999933e+00	7.531437034000000308e-01	2.415891176999999945e-01	1.005464772999999923e+00	4.258864082000000106e-01	4.490966706000000253e-01	8.974822463999999611e-01	6.803436760000000083e-01	1.101452477000000041e+00	2.359520960999999861e+00	-2.231209718999999925e-01	5.234752179999999644e-01	-5.427806977000000366e-01	-1.810084690000000052e+00	-1.732915159000000038e+00	-3.763211753999999853e-01	2.666755540999999827e-02	-5.395565608000000291e-01	-4.657796860000000261e-01	1.084588692999999937e+00	9.117075698000000061e-01	3.301007044000000001e-01	3.167129227000000102e-01	6.161656791999999827e-01	4.643307036000000054e-01	3.327485863999999904e-01	9.577730115000000488e-01	-1.844408109000000018e-01	1.726095451000000114e-01	-4.230660368999999976e-02
6.927932660000000187e-01	7.103026582999999450e-01	-5.010051583000000308e-01	-4.366879363999999764e-01	-3.633205562999999860e-01	-2.486861002000000098e-01	-7.826002550999999752e-01	1.039890527000000064e+00	-6.534683339000000313e-01	7.650711807000000197e-01	1.286498956999999888e-01	-1.441579734000000057e+00	-6.570602867000000513e-01	-6.725294453999999811e-02	6.673425420999999913e-01	5.872808373000000248e-01	-6.302203051000000444e-01	-1.995126135999999994e-01	-5.372585428999999690e-01	1.118483346000000100e+00	3.688591931999999907e-01	-4.241929187999999851e-01	1.856321059999999912e-01	4.751612503000000043e-01	1.386624633000000051e+00	5.406793567000000023e-01	2.599680650999999898e+00	6.776688402999999639e-01	9.077655389000000019e-01	7.405617466999999676e-01	6.041376289000000011e-01	-1.463468492999999981e-01	1.898450175000000018e+00	7.745710461999999463e-01	1.389567919000000096e+00	-8.180579414999999965e-01	1.403886599000000013e+00	-1.151990073999999975e-01	2.697930692000000130e-02	1.456485975000000099e+00	9.943456889999999770e-01	5.295222789000000319e-01	-1.475307764999999882e-01	7.669528975999999332e-02	1.201495688000000062e+00	1.943109057000000028e+00	9.132135416000000117e-01	-8.897901824999999709e-01	6.821138262999999480e-01	8.233752373999999596e-01	1.511635202999999927e-01	-5.837592081000000377e-01	-2.896856333999999755e-01	1.970139522000000087e-01	7.147882073000000336e-02	-1.313673598999999914e+00	9.389969084999999493e-01	-8.482486902000000439e-01	5.672681197000000175e-01	6.470604908999999516e-01	2.093103736999999853e+00	-1.145231778999999950e+00	-1.042403345999999953e+00	5.792587604000000168e-01	9.255551731000000171e-02	3.401322136000000107e-01
6.669162707000000356e-01	6.249995044999999694e-01	-7.977186133000000456e-01	-3.619541830999999932e-01	-1.699112607000000108e-01	-1.978878151000000030e-01	-7.920210067999999826e-01	1.048521091000000016e+00	-6.959551076000000114e-01	9.335008594000000492e-01	1.118316030000000016e-01	-1.306612922000000010e+00	-4.565906386999999955e-01	-1.632808726999999960e-01	5.847575238000000120e-01	4.557616595000000270e-01	-6.652771307999999495e-01	1.815892438999999969e+00	-4.985467329000000114e-01	9.790219774999999736e-01	4.038432604000000148e-01	3.682616170999999938e-01	1.390150122000000099e-01	3.932554986999999835e-01	1.294592898000000103e+00	5.101958688000000075e-01	2.037283198999999989e+00	3.498906256000000048e-01	1.325986974000000096e+00	1.522064167000000134e-01	1.089334752000000073e+00	-4.039430559000000143e-01	1.222393363999999982e+00	9.070261445999999728e-01	1.300902245000000068e+00	-3.389418432999999897e-01	8.366436176999999530e-01	3.170418152000000211e-01	1.800449215000000103e-01	2.091769037000000164e+00	4.099255750999999948e-01	3.169294985000000175e-01	6.390354522000000204e-01	-5.926080484000000315e-01	8.818765968999999760e-01	1.174360783000000019e+00	4.207529950000000185e-01	-8.077734394000000151e-01	8.780834427999999470e-01	-8.863306391999999923e-01	-6.732496960999999613e-01	6.689676685000000012e-01	-7.618583872999999951e-01	1.171794251999999981e+00	3.274050299999999858e-01	-1.121221849000000048e-01	2.928673971999999903e-01	-2.984549805000000222e-01	4.720608854000000187e-01	4.079075090000000015e-01	1.227211623000000085e+00	-3.895069223000000025e-01	-9.648842489000000189e-01	-7.748995134000000173e-02	1.720120574000000013e-01	5.352852192999999481e-01
7.164549010999999856e-01	7.564409652000000372e-01	-5.699247466000000317e-01	-3.608407599999999826e-01	-2.974213807000000154e-01	-1.321190473999999948e-01	-8.603723591999999920e-01	1.356718835999999984e+00	-5.473655201999999553e-01	1.069330032999999958e+00	9.205866626000000497e-02	8.889634536999999614e-01	-2.873964666000000112e-01	-4.037028467000000065e-01	-1.181490473999999985e-01	3.553882308999999906e-01	-6.680102904000000397e-01	1.474098452000000004e+00	-7.981082536000000394e-01	9.890923692999999961e-01	2.533658973999999842e-01	5.367946721999999893e-01	3.625093743000000202e-01	3.650586840999999749e-01	1.484095512999999977e+00	5.107410902000000252e-01	1.546519796999999974e+00	7.437275850000000244e-01	1.420583978000000025e+00	4.663986601999999815e-01	4.661367235000000164e-01	-4.648981522999999783e-01	1.858516609000000042e+00	1.001463245000000057e+00	1.595723766999999960e+00	-1.048597130000000099e+00	8.946110220999999862e-01	5.352353195000000285e-01	2.490459543000000109e-01	1.788433490999999931e+00	4.541653789999999802e-02	-8.597532857999999889e-01	-2.050791362000000118e-01	-7.257008844000000236e-01	-3.241584202000000192e-01	8.724306480000000308e-01	-1.454911744999999937e-02	-3.952801964000000057e-01	1.462981114000000138e-01	-6.299978174000000486e-01	2.794788539999999988e-01	1.488171423999999909e+00	3.058186272999999789e-01	-1.491934782000000070e-01	1.150324611999999913e+00	1.988348460000000095e-01	9.886356699999999664e-01	-5.462025544999999926e-01	-1.007282996000000042e+00	-2.552344032000000151e-01	-1.191342754000000032e-01	-3.506502617999999738e-01	9.927284271000000326e-02	3.207811381999999822e-01	-5.123905817999999668e-01	2.815067129000000112e-01
6.233976400999999834e-01	6.231491504999999709e-01	-4.881880377000000215e-01	-3.692543716999999726e-01	-3.543357327000000168e-01	-4.539826624999999949e-02	-8.194023429000000247e-01	1.311375452999999913e+00	-8.281153750999999952e-01	4.327201191999999752e-01	2.372691488999999904e-02	1.192151831999999967e+00	-6.847291216999999985e-01	-4.066021367000000053e-01	-7.750998370999999387e-02	7.006049356000000616e-02	4.816474571000000093e-01	1.004132121000000044e+00	-3.688140111000000054e-01	7.090052354000000445e-01	1.679709303999999959e-01	-7.532822473000000407e-01	4.065030909999999831e-01	1.575840356000000053e-01	1.347119106000000066e+00	3.086223349000000171e-01	1.751076465999999998e+00	4.362045318000000171e-01	1.340617160999999946e+00	8.768187863000000137e-02	1.749853155999999910e+00	-8.237693862999999617e-01	5.004257103000000484e-01	6.861613506999999501e-01	1.197152843000000022e+00	-3.341831207000000026e-01	7.933358920999999953e-01	-4.314123848000000344e-02	-4.290840499000000280e-02	1.750874460999999993e+00	2.704678347999999732e-01	-6.000256636999999893e-01	9.640517194000000067e-01	-6.795081810999999972e-01	-3.758157664999999814e-01	9.901635117999999514e-01	1.119200933999999981e+00	-1.631311905000000007e+00	9.204612964999999702e-01	1.784268584000000102e+00	-1.834179230000000105e-01	6.550285720999999839e-01	1.595457276000000091e+00	1.942959654999999897e+00	-1.362612324999999958e+00	-3.120498239000000229e-01	9.588382198999999551e-01	-1.934748061999999935e+00	-3.809524850000000074e-01	8.083193558000000278e-01	3.408670788999999812e-02	-5.246988297000000356e-01	-5.737962998000000203e-01	1.809072595000000006e-01	3.104806501999999857e-01	6.039542935999999695e-01
6.905113515999999896e-01	6.551260926999999956e-01	-8.347602806999999681e-01	-3.944128600999999845e-01	1.277891861999999948e-02	-5.379420542999999721e-01	-7.817460009000000154e-01	1.066405161000000046e+00	-8.194863894999999676e-01	2.590764043000000003e-02	8.514489436000000078e-02	9.758596733000000079e-01	5.866253873000000230e-01	-4.428777723000000277e-01	2.316631355000000059e-01	2.297009023000000094e-01	1.567425883000000075e+00	1.833388813000000062e-01	-1.678394693999999965e-01	5.376056924000000015e-01	4.652362549999999874e-01	1.054015276999999973e+00	1.257371025000000031e-01	-5.916374580000000050e-02	6.422056247999999856e-01	-1.167284935000000023e-01	2.016306768999999832e+00	7.833420161000000104e-02	1.222151291000000084e+00	-4.723538818999999944e-01	1.846884500999999901e+00	-6.270064486999999964e-01	9.191910622000000197e-01	3.648420130000000206e-01	1.145976426999999909e+00	-3.458698765999999869e-02	4.787942917999999937e-01	3.937402866999999973e-01	-7.367297872000000414e-01	1.506541069999999927e+00	-2.866424854999999883e-01	-1.025791957000000004e-01	6.269710488999999942e-01	-1.236701023999999954e-01	-8.188373603999999917e-01	6.287550388000000545e-01	4.240683471999999732e-01	-6.144084780999999884e-01	-1.275697693999999993e+00	6.522251103999999744e-01	2.529424645000000194e+00	7.982472696000000312e-01	-2.962509365000000061e-01	3.294434111000000276e-01	-6.486224138999999722e-01	-7.261680621999999641e-02	3.458660410000000129e-01	-1.095058684000000060e+00	-5.601193360999999760e-01	2.272853613999999967e-01	-5.517552266999999899e-01	-7.684103719000000554e-01	-1.741742732000000071e-01	-8.927777414999999994e-01	2.142567958999999911e-01	-3.643655829999999929e-01
6.888517487999999966e-01	7.208695123999999677e-01	-4.537195672000000068e-01	-5.094973851999999859e-01	-3.453522733000000122e-01	-1.758599034999999977e-01	-1.033070546999999895e+00	8.637789028000000258e-01	-8.330629911000000387e-01	8.075744795999999504e-01	2.069130128999999985e-01	-7.657464382999999708e-02	-6.079235066000000520e-01	-5.846406191999999891e-01	1.770839670000000088e-01	2.557707971000000025e-01	9.767586001000000406e-01	-8.314547920999999508e-01	-5.219167319999999943e-01	3.291007229999999839e-01	5.556534844999999612e-01	2.584320519999999899e+00	1.560647602999999939e-01	-5.135680670000000170e-01	6.291749129000000496e-01	-4.006511844999999794e-01	1.667149074999999980e+00	4.817696938000000095e-01	1.019207964000000022e+00	5.603516370000000135e-01	2.498820109999999872e-01	-4.212585573000000166e-02	4.127725986999999930e-01	8.267438879999999823e-01	7.230428181000000398e-01	-1.770423264000000052e-01	1.704453243999999867e-01	5.022914080999999475e-01	-9.378290214000000180e-01	1.141970396000000054e+00	-1.047106106000000036e-01	-6.179179792000000226e-01	8.871293433000000395e-01	8.607193058000000008e-01	-2.867320895000000092e-01	7.847460242999999558e-01	2.534777128999999851e-01	-7.536667021999999827e-01	-1.872737392999999972e+00	-8.128307661000000461e-01	1.544688237999999991e+00	2.453610132000000055e-01	6.791741242000000067e-01	1.246588549999999990e-01	-1.180228534999999968e-01	8.985857334000000307e-01	8.156640898999999445e-01	-1.153759055999999950e+00	-9.568216214000000441e-01	1.616839037999999951e+00	6.805303712000000393e-01	1.366102206999999957e+00	2.214878205999999849e+00	1.055101622000000017e+00	-2.346017203999999912e-01	-4.832776764999999752e-01
6.684014151999999598e-01	6.119387432999999765e-01	-4.012204187000000255e-01	-4.870026834999999776e-01	-2.337817741000000060e-01	-2.098160931999999979e-01	-8.167251419000000068e-01	6.631857639999999554e-01	-1.107636730000000069e+00	4.440184011000000153e-01	5.783887574999999615e-01	-7.503341305999999822e-01	-9.927995649000000145e-02	-5.963770446999999697e-01	5.015413223000000364e-01	2.799517968999999940e-01	3.945589155999999764e-02	-1.268683261000000062e+00	-2.418095684999999884e-01	8.876858077999999486e-02	5.463040609999999520e-01	9.438193325999999495e-01	-4.421258782999999692e-02	-8.046530495999999477e-01	4.012674038999999859e-01	-6.727759380000000178e-01	2.025077802999999843e+00	-5.192068150000000298e-02	3.876234575999999987e-01	4.800702571000000085e-01	1.055560263999999915e+00	2.191360524000000032e-01	1.209821494000000053e+00	7.192161702999999573e-01	7.704906840999999895e-01	-2.580418655000000019e-02	1.391117398000000019e-02	-3.478880066000000076e-02	-1.214312142999999899e+00	1.010873914999999901e+00	-7.945211875000000035e-01	5.348055283000000548e-01	8.355231956999999987e-01	6.723195448000000018e-01	-2.508805245999999878e-01	1.009096178999999927e+00	1.258110110999999920e+00	-1.687114876000000097e+00	-1.759306743000000062e-01	6.191201102000000178e-01	-1.672499686000000096e+00	-7.945951258000000239e-01	-5.258342638999999874e-01	5.291226019000000447e-01	-2.504782452000000048e-01	-5.781302585999999882e-02	6.238255840999999968e-01	-1.678676867999999933e+00	-2.368606074999999866e-01	8.919141553999999639e-01	-9.462519485999999480e-01	-7.079572823999999986e-01	-5.013766765000000208e-02	-1.312255786000000035e-01	2.192352921999999871e-01	1.378200531000000062e-01
7.044263648999999905e-01	6.097316734000000071e-01	-6.846705781999999907e-01	-4.089027384000000209e-01	-7.463085390000000208e-02	-2.361102559999999906e-01	-7.858937346000000046e-01	6.954101617000000291e-01	-1.089397315000000033e+00	7.556143203999999836e-01	3.706906376999999919e-01	-1.461386918000000090e+00	-6.341493059999999682e-01	-6.747656697999999675e-01	5.547479953000000047e-02	1.389992294000000073e-01	-3.336872571999999759e-01	-1.788210443999999899e-01	8.751816228000000586e-02	-4.757460815999999815e-01	8.944415098000000341e-01	-3.676146947999999748e-01	1.887232396000000090e-01	-1.170770666999999987e+00	4.798125800999999968e-01	-8.593930862999999976e-01	1.680300539999999954e+00	5.985217672000000544e-01	9.919258519000000440e-01	8.777070398999999856e-01	6.520593695999999939e-01	3.215831235000000121e-01	1.259675123000000063e+00	9.721814288000000248e-01	1.231556212999999955e+00	4.475401411000000107e-01	3.550414082000000193e-01	-2.763445615999999827e-01	-1.266356024000000025e+00	9.229227355000000355e-01	-7.837876268000000257e-01	4.370836529000000081e-01	-3.046141182000000058e-01	1.455859377000000010e-01	3.150677453999999877e-01	2.352411487000000134e-01	4.245340059000000110e-01	-1.565143337999999884e-01	3.540376333999999958e-01	-9.025427024000000076e-01	1.749244741000000047e-01	-5.074601461000000091e-01	-1.395879908999999863e-01	-1.549378093999999872e-01	2.661044873999999782e-01	-1.549694117999999898e+00	8.732440831000000750e-03	-9.985320090000000537e-01	1.235043767999999931e+00	-7.111366166999999461e-01	8.903486346000000218e-01	1.174886493999999892e+00	-2.259911269000000056e-01	2.596646535000000089e-01	1.654924755000000136e-01	-6.302672526000000497e-01
6.510118298000000525e-01	6.927715812000000417e-01	-4.425470242000000276e-01	-5.062165896000000442e-01	-3.524502058000000271e-01	4.978566219999999709e-02	-9.043647227000000122e-01	8.946133616000000455e-01	-1.115710803000000029e+00	4.852539546999999898e-01	-3.058079504000000073e-02	-9.871442603000000204e-01	-6.512959713000000539e-01	-8.011548559000000180e-01	-1.647044786999999899e-01	3.161657157000000162e-01	-1.105311928999999971e+00	1.467114122999999992e+00	-1.724758117999999896e-01	-2.623339657000000047e-01	3.282416230999999907e-01	-4.974722021999999910e-01	9.597608789999999557e-01	-1.438952546999999971e+00	9.886244469999999618e-01	-4.795883470000000259e-01	1.517996482999999897e+00	9.318340367999999874e-01	1.318976968999999944e+00	1.240151502000000017e+00	1.318853439999999877e-01	2.246702607999999934e-01	8.368714567999999687e-01	1.612072350000000043e+00	8.504352645999999627e-01	5.773887206000000161e-01	5.876832620999999923e-01	-1.310177131999999967e-01	-1.111583919999999948e+00	5.722909042999999585e-01	-8.303070894999999840e-01	2.678217770999999914e-01	1.973097437999999926e+00	3.510476328000000090e-01	-1.917613229000000030e-01	3.657740103000000076e-01	5.828102805999999525e-01	-4.726319298000000030e-02	1.193356190999999900e+00	-1.042717179999999910e+00	-9.457258312999999861e-01	6.617467124000000478e-01	3.826420007999999928e-01	-2.049487905000000054e-01	1.527736242000000133e-01	1.395212533000000033e+00	-2.004098357999999913e-01	-8.114326566999999768e-01	-1.851545682000000081e-01	-2.220375179000000088e-01	9.181510238000000212e-01	1.120415822999999977e-01	8.575592306000000553e-01	4.077636922999999802e-02	-1.154162150999999970e+00	-1.479008840000000102e+00
6.111744034999999631e-01	5.471791259999999602e-01	-5.301910466000000488e-01	-5.186125058999999649e-01	-2.371312668999999984e-01	2.283156097999999856e-02	-7.675618810000000014e-01	8.612848471999999811e-01	-1.214612997999999999e+00	3.364282116999999794e-01	-1.677994271000000093e-01	8.322678843999999909e-01	-7.901538350000000266e-01	-6.085005887000000113e-01	-1.453209095999999922e-01	3.999301457000000171e-01	-1.219836327000000109e+00	8.981139704999999696e-01	-3.714942753000000097e-02	-2.486185293000000018e-01	6.556220976000000089e-01	-1.025169749000000019e+00	1.095285030000000104e+00	-1.317042409999999997e+00	1.340009753999999997e+00	-1.731965477000000087e-01	1.549025069000000032e+00	2.334341604000000070e-01	1.087023757999999951e+00	1.405614788000000059e+00	-2.304303186999999975e-01	6.931364298000000090e-01	1.381765445000000092e+00	1.356515311999999973e+00	7.749655090999999496e-01	4.729145432999999898e-01	7.249502060000000414e-01	-1.936400705999999916e-01	-1.328711101999999977e+00	6.605473541999999920e-01	-1.000606867999999983e+00	1.078807177000000062e+00	1.711355404999999885e-01	-2.840806303000000255e-01	-1.416042411999999917e+00	3.148552526000000240e-01	1.127477674000000096e+00	-4.939774608999999983e-01	1.162583775999999958e+00	1.992844593999999914e+00	-3.962600096000000183e-01	1.094793925000000057e+00	-9.522370665999999595e-01	1.054997267999999988e-01	4.831689208000000124e-01	-6.439345194000000161e-01	1.461574419999999916e-02	-2.162554683000000200e+00	3.461314904000000192e-01	6.904806128999999570e-01	-4.435663367000000079e-01	-1.933697621999999949e+00	4.032050638999999936e-01	-1.185234474999999899e+00	-3.362982567000000200e-01	-1.299320583000000084e+00
6.612506634999999466e-01	6.384540055999999852e-01	-6.591050688999999796e-01	-4.534397305999999794e-01	-8.462738650999999945e-02	3.376640000999999724e-01	-7.945045092000000420e-01	8.644422692000000019e-01	-1.221276613999999983e+00	5.185131203999999716e-01	-2.306499964000000014e-01	1.033890175000000022e+00	-8.332092129999999486e-01	-5.832881058000000118e-01	-3.946169287999999886e-01	4.365109942000000021e-01	-1.286942402000000041e-01	7.538432994999999526e-01	2.670026549999999776e-01	-3.656355919000000010e-01	7.780158622999999718e-01	-3.599245177000000018e-01	9.946827322000000304e-01	-1.384819266000000049e+00	1.316896351000000021e+00	-4.679739595999999890e-01	1.122446913000000102e+00	7.220921780000000290e-01	1.081270664000000048e+00	1.577657700000000052e+00	8.424287105000000109e-01	3.500153427000000095e-01	-7.684865400000000235e-02	1.468717905000000101e+00	1.010891519999999932e+00	4.655331938000000225e-01	5.500295354999999997e-01	1.786667204999999869e-01	-1.287026392000000019e+00	6.416333495999999581e-01	-1.281887685000000054e+00	8.402056248000000505e-01	4.105479778000000191e-01	-2.374791665000000052e-01	-9.859987877000000456e-01	-4.985797316999999729e-01	4.857564513000000028e-01	-1.091223368000000082e+00	1.426633845000000012e+00	1.098010684999999986e+00	-2.968530521000000144e-01	7.440000736999999864e-01	1.400039470999999924e+00	1.342102753000000037e+00	-1.723663331000000021e+00	-1.747948950999999862e-01	-3.036376411999999747e-01	-7.868232345000000238e-01	-6.036551165000000017e-03	-8.268188076000000386e-01	-3.226917785000000261e-01	8.460494505000000498e-02	-5.863262178999999463e-01	-1.694751614999999934e+00	1.134851439000000017e-01	-1.768680036999999983e+00
6.635922652000000310e-01	6.767503521000000077e-01	-4.636475922000000138e-01	-6.852886145000000040e-01	-3.907590253000000069e-01	1.430703950999999974e-01	-1.038663933999999900e+00	7.748769046000000271e-01	-1.011299093999999954e+00	2.329649010000000020e-01	-4.679934279999999891e-01	8.373321524000000293e-01	4.035899896999999847e-01	-5.263851609999999903e-01	-3.428161666999999801e-01	6.582441961999999647e-01	1.111777483000000011e+00	-1.891984785000000099e-02	-2.562380666999999890e-01	3.019731398999999858e-02	4.900840045000000034e-01	4.094061232999999800e-01	1.455816557999999983e+00	-1.595817245000000106e+00	1.374347261000000042e+00	-6.894061494000000567e-02	1.201379425999999917e+00	1.384921427999999954e+00	3.413763310999999856e-01	1.980326143000000094e+00	6.885739038000000534e-01	5.506081917999999797e-01	-2.926994200999999962e-01	1.229980180999999950e+00	3.286810890999999901e-01	1.091206537999999948e-01	8.462255237999999347e-02	2.605697904000000009e-01	-1.333166838999999992e+00	7.176909368999999650e-01	-1.221165207000000086e+00	8.673983978999999511e-01	1.483200596999999954e+00	9.341509678999999622e-01	-1.862691502000000110e+00	-3.489315127000000016e-01	3.801759939000000088e-01	6.164871932000000054e-01	-7.730295283000000461e-01	4.974427802999999981e-01	2.142167007999999928e+00	9.456734193000000399e-01	-5.554257777000000118e-01	-5.832516121999999914e-01	-8.054018075000000110e-01	9.910585685999999672e-01	3.300731493999999877e-01	-1.288228847999999926e+00	-5.333975247000000142e-01	-4.257208681999999911e-01	-1.622904012000000052e-03	-2.398557299999999892e-01	-5.113563448000000289e-01	-1.242132996000000045e+00	-8.190816377999999842e-01	-1.746304341999999954e+00
6.186863887000000339e-01	5.533214814000000370e-01	-6.051761007000000525e-01	-6.211801985999999554e-01	-1.626573115000000125e-01	5.061590640000000058e-02	-9.886035146999999634e-01	4.072205274999999847e-01	-1.340416000999999913e+00	1.176284608000000009e-02	-2.791758042999999967e-01	7.473594769999999943e-02	-7.790594947000000214e-01	-4.264832541999999949e-01	-3.156837569999999815e-02	4.774413961999999789e-01	1.339160284000000090e+00	-1.026010432000000083e+00	1.617990454000000078e-01	1.860187833999999985e-01	8.868934501999999886e-01	1.487851097000000067e+00	1.121816766000000021e+00	-1.460635235999999892e+00	1.074439742999999892e+00	-1.950509237999999979e-01	1.246463305000000021e+00	1.122389537999999992e-01	1.678448975000000065e-01	2.107056258000000071e+00	-4.427499556999999752e-01	1.001780179999999909e+00	-1.331497152999999989e-01	1.058544812000000057e+00	2.855242063999999802e-01	3.990154651999999746e-01	-1.079830990999999969e-02	-1.907161993000000000e-01	-1.185207310000000014e+00	1.008700265000000096e+00	-1.199554742999999979e+00	1.890018130999999935e+00	-1.165517165999999938e-01	1.228146141000000080e+00	-1.286999196000000012e+00	-2.266265519000000006e-01	8.533577374999999909e-01	-2.426031260999999883e+00	-6.870430606999999856e-01	1.616590584000000108e+00	1.064682402000000083e+00	-8.388346352000000117e-01	-5.595516673000000551e-01	2.241236600000000023e-01	-3.611041065000000216e-01	2.838344441000000273e-01	3.937830342000000344e-02	-1.927464319000000037e+00	-7.411353364999999638e-01	2.793907184000000044e+00	-1.318508384000000033e+00	6.962504884999999588e-02	1.529340568999999928e+00	-5.099416341000000408e-01	4.051128327999999890e-01	-6.545670515999999495e-01
6.721135815000000013e-01	6.220157298999999806e-01	-7.002097430000000511e-01	-6.843797780999999469e-01	-7.850319121000000344e-02	2.958933434000000084e-01	-8.480492191999999818e-01	4.593696248999999954e-01	-1.250418503999999986e+00	8.919560136999999944e-01	-2.818153527000000214e-01	-7.112763034000000317e-01	-6.493719253999999941e-01	-6.273877905000000421e-01	-6.343907065999999928e-02	5.088105161000000543e-01	5.948380018000000158e-01	-1.166120161999999905e+00	1.021614574000000025e-01	-7.345461018000000453e-02	4.849584373999999976e-01	9.788552271999999554e-01	8.945352716000000148e-01	-1.324935280999999909e+00	1.139121826000000004e+00	-2.829368267999999853e-01	4.121619758000000244e-01	7.020778632999999935e-01	2.462897811999999881e-02	2.634259337000000034e+00	1.393444158999999904e-01	1.184641236999999903e+00	4.156527843000000222e-01	1.476737030000000006e+00	3.265576157000000257e-01	-1.605552652999999996e-01	4.753509479999999954e-01	1.888072222000000133e-01	-1.417900058000000074e+00	8.920896635999999713e-01	-1.000174372000000034e+00	1.122924647999999914e+00	1.485185921000000020e+00	1.366822100000000040e+00	4.186573927000000195e-01	-5.390130246000000014e-01	9.143968401999999496e-02	-2.561378730000000159e-01	-9.966062825999999486e-02	5.900845866999999689e-01	-1.027520152999999992e+00	-1.692518832000000084e-01	1.724744581000000054e-01	3.395306779999999747e-01	-4.559395137000000209e-01	6.851851562999999867e-01	3.311220574999999833e-02	3.417397043000000023e-01	4.025509205000000201e-01	-1.290991964000000047e+00	2.059392804999999882e-01	-7.511418800000000395e-01	-4.944718164999999943e-01	-1.291601832000000005e+00	1.542810252000000049e-01	-7.142698159000000491e-01
6.475229225999999949e-01	6.294924337999999731e-01	-3.905902043000000212e-01	-7.215006706000000047e-01	-3.440665520000000255e-01	4.422291220999999828e-01	-9.076343462000000528e-01	5.391276168999999951e-01	-1.175743444000000082e+00	4.820580039999999844e-01	-2.852901373000000240e-01	-1.466521683000000076e+00	-9.228620564999999720e-01	-6.239078756999999475e-01	-6.037167105999999839e-01	4.315895371999999841e-01	-6.369083919000000371e-01	-1.928160839999999987e-01	-4.803556323000000017e-01	1.858541501000000040e-01	5.551665858000000009e-01	-1.194163585999999944e+00	1.443586626999999956e+00	-1.095497181000000042e+00	1.592853810999999897e+00	2.615000986000000083e-01	4.091496792000000049e-01	1.312529743000000026e+00	3.580031522999999744e-02	2.481407991999999840e+00	-5.502161665000000479e-01	1.657348049999999962e+00	8.027988310000000460e-01	1.322285560000000082e+00	4.674525023000000168e-01	-3.555161223000000148e-01	9.152579387000000510e-01	3.043493059999999861e-01	-9.312965225999999541e-01	1.073367922000000085e+00	-4.594854251000000112e-01	9.400875899999999730e-01	3.236686662000000103e-01	8.292151453999999644e-01	-4.728509295000000168e-01	-1.649291207999999953e-01	1.259150525000000131e-01	-5.551632910999999559e-01	2.833818783000000008e-01	-1.897894660000000032e-04	-5.451441833000000153e-02	7.002265320999999376e-02	-7.204915567999999881e-01	8.794837425000000264e-02	-1.183251805000000018e-01	5.782473151999999450e-01	4.365782094999999807e-01	-5.989952087000000036e-01	1.503833949999999975e+00	-3.569716434999999910e-01	1.483662868999999995e+00	1.739253938000000055e+00	4.205012584999999747e-01	-1.212123722000000070e+00	-5.861413919000000305e-01	-9.735201603000000203e-02
6.046689199000000459e-01	5.571893964999999893e-01	-6.232411465999999622e-01	-6.424939008000000173e-01	7.556948285999999688e-03	4.481901891000000249e-01	-6.652770986999999581e-01	5.038421686999999816e-01	-1.280847807000000005e+00	1.570077031999999873e-01	-4.196552823999999959e-01	-1.249929419000000097e+00	-1.006263834000000079e+00	-4.432564098999999813e-01	-3.211235948999999756e-01	2.751030610999999904e-01	-1.364938237999999915e+00	1.215273448000000034e+00	-7.267539136999999760e-01	4.595657477000000268e-01	5.797502737999999933e-01	-6.525055204999999914e-01	1.267894749000000099e+00	-7.532352724999999971e-01	1.666979323999999929e+00	5.062934229000000119e-01	2.128241225999999986e-01	7.240223908999999791e-01	-1.491046386999999862e-01	1.949798095000000009e+00	1.603392694000000118e-01	1.591185756000000007e+00	5.817626071000000509e-01	5.763396597000000066e-01	5.033107716000000398e-01	-2.577606161000000062e-01	1.214849720999999994e+00	4.044312441999999841e-01	-6.671867059999999627e-01	1.322307035999999991e+00	-3.652778904999999798e-01	1.106842472999999938e+00	6.993557355999999725e-01	9.076889823000000579e-02	2.199391398000000164e-02	-7.042436104999999502e-01	1.224551896000000001e-01	-2.764452788999999799e-01	1.158730545000000056e+00	-4.706040820999999874e-01	-5.405445318999999582e-01	-1.940083583999999972e-01	-1.064675339000000109e+00	1.331720843999999904e+00	3.099415742000000140e-01	8.693802858999999383e-02	5.097990331999999875e-02	-1.446203101000000046e+00	4.501873500999999944e-01	1.798595358999999894e+00	-1.318463844999999912e+00	-4.605366517000000215e-01	-2.307050231999999979e-01	-2.214285089000000095e+00	2.645877565999999945e-02	8.249696816000000321e-02
6.349507808000000031e-01	6.634443478999999533e-01	-5.672642643999999956e-01	-6.323890173999999753e-01	-1.180374361000000039e-01	5.077255686999999629e-01	-7.385544633999999720e-01	8.493170777999999865e-01	-1.048883666999999908e+00	8.107292267000000552e-03	-2.836896449999999903e-01	7.964506585999999722e-01	-6.635982636999999684e-01	-3.980469117000000057e-01	-1.012969612000000019e+00	-1.232874446999999984e-01	-7.514766424000000056e-01	1.409617903000000005e+00	-1.203026206999999959e+00	5.861763234000000322e-01	2.016713843000000062e-01	-3.508841945999999906e-02	1.039188296000000067e+00	-6.825060527999999849e-01	1.757198339000000109e+00	6.615238041000000013e-01	-3.336557063999999739e-01	1.128790168000000094e+00	-1.134395863000000060e-01	2.190646086000000103e+00	-6.527194005999999993e-01	1.169048142999999929e+00	1.352594411999999968e+00	9.327338225999999566e-02	9.978254441999999669e-01	-1.099027310000000091e+00	1.058203535999999945e+00	1.602087017999999974e+00	-4.659709955999999931e-01	1.242550221999999982e+00	-5.891901255000000504e-01	4.089274118999999819e-01	8.720456546999999503e-01	-5.754547185000000176e-02	-1.104427213999999990e+00	-1.158726925999999935e+00	9.351870458000000053e-02	-1.102817794999999990e+00	2.885829424999999948e-01	4.149055408999999806e-01	-4.039604871999999958e-01	1.260517580999999998e+00	8.633979406999999773e-01	7.884351682000000361e-01	8.215724672999999978e-01	-1.227428161999999934e-01	1.991656351999999963e-01	-2.478460382000000073e-01	9.600113568999999458e-01	-5.948587371000000346e-01	-3.508806897000000258e-01	-4.397746822999999972e-01	-4.669824432999999941e-01	-5.145938006000000398e-01	-3.871441066999999903e-01	-6.161029797999999502e-01
6.071731423999999766e-01	5.925974471999999604e-01	-2.992685957999999813e-01	-6.960071650000000387e-01	-1.274587083000000010e-01	6.652797393999999587e-01	-6.465811766000000294e-01	9.031725436999999967e-01	-1.087574327000000007e+00	7.625950640999999974e-01	-2.419674082000000115e-01	1.333605185999999998e+00	-7.999434495999999672e-01	-9.338063889999999312e-02	-1.145338898000000105e+00	-3.489339795999999994e-01	-6.537870257000000240e-01	8.015944726000000520e-01	-1.290521459000000037e+00	9.218904350000000081e-01	2.753493972999999928e-02	-1.075622384999999959e+00	5.873294864000000448e-01	-5.157802704999999710e-01	1.677787989999999896e+00	9.695176948999999489e-01	5.949253060000000287e-02	8.941189795999999745e-01	-5.864598148999999871e-01	1.651822933999999909e+00	7.497666025000000456e-01	1.044406098000000060e+00	-1.631965847999999886e-01	-2.347026996000000088e-01	2.809064024999999853e-01	-1.695340287999999918e+00	4.833120576000000113e-01	1.414463065999999936e+00	-3.205944800000000150e-01	8.282223161999999750e-01	-4.713666689000000076e-01	-1.486776324999999899e-01	8.428772239999999805e-01	-1.802379473999999870e-01	-9.623811064999999720e-01	-1.392130979000000046e+00	7.007820069000000318e-01	-5.248378031999999527e-01	1.090204570000000039e+00	1.419825824999999986e+00	6.563782002000000393e-01	-3.759450475000000180e-01	3.597515659000000143e-01	4.195631150999999948e-01	-1.530277182999999930e+00	3.658659657999999842e-02	4.791466210999999892e-02	-1.832427207000000058e+00	9.389022254000000123e-01	4.917646421999999906e-01	-4.124852495999999924e-01	4.034009201000000044e-01	-4.381210936000000111e-01	-1.577293622000000006e+00	-5.301458823000000375e-01	-4.888508921999999979e-01
6.179513127000000328e-01	5.480199385999999784e-01	-5.789683828999999671e-01	-7.121650040000000459e-01	2.962022028999999890e-02	3.950167484000000062e-01	-6.503017553000000062e-01	7.643214354999999793e-01	-1.136966468000000008e+00	-6.522680151999999953e-01	-1.009478228999999977e-01	1.018049055999999952e+00	-7.886822224999999742e-01	5.415128911000000045e-02	-8.729539396000000062e-01	-5.296012535999999882e-01	9.359890164999999929e-01	3.858573953000000167e-01	-1.102423665999999969e+00	7.973025121000000270e-01	-2.757931507999999976e-02	1.160048892999999970e-01	4.360310606999999727e-01	-4.902412278000000123e-01	8.506853745000000355e-01	8.813308085000000069e-01	3.053947620999999946e-01	5.157734594999999755e-01	-9.062950885999999651e-01	1.524022860000000090e+00	1.129895569999999960e+00	8.247426299000000238e-01	-4.415318395000000229e-01	-7.958757917000000015e-01	3.643735131999999988e-01	-1.365491086000000021e+00	-6.824502729000000434e-01	1.128712103000000022e+00	-4.741635446999999948e-01	1.113377381999999916e+00	-7.747256183999999823e-01	1.260957684000000023e-01	5.377411633999999996e-01	-2.119881128999999975e-01	-1.775252062000000075e+00	-2.073540890999999942e+00	8.276357099000000161e-01	-9.901886768000000005e-01	8.249070099999999961e-01	1.921984026000000123e-01	7.700818725000000420e-01	1.930205744000000057e-01	7.903781988999999952e-02	1.887582214000000036e+00	-1.929184153000000013e+00	-2.041025781999999955e-01	-1.343496430999999991e-01	-1.552689173999999950e+00	7.598592942999999877e-01	4.461425183000000128e-01	-4.124150073999999777e-01	-1.045422409999999941e-01	2.185992633000000129e-02	-1.566527063999999969e+00	-2.916384354000000068e-01	-1.005065488999999923e+00
6.455997369999999513e-01	6.214515686999999566e-01	-4.292184259999999862e-01	-8.161266086999999780e-01	-1.524959690999999895e-01	3.589099693000000202e-01	-8.378816557999999581e-01	6.561278038000000201e-01	-1.101464114000000105e+00	1.121541862000000056e-01	7.677236719999999681e-02	4.676698913999999818e-01	5.650591820000000487e-01	-1.749530783999999894e-01	-1.351909202999999948e+00	-3.845185159999999769e-01	1.297725315000000101e+00	-6.318868035000000383e-01	-1.031159398000000005e+00	1.044305317000000066e+00	3.043997446000000148e-02	1.422182778000000036e+00	4.491887169000000068e-01	-7.438973389999999908e-01	4.643100416999999813e-02	8.142143753999999678e-01	5.523177755999999494e-01	1.079013588000000023e+00	-1.391213017999999968e+00	1.830823711000000076e+00	-7.627275768000000289e-01	9.092885357000000113e-01	1.984372167000000159e-02	-3.059066867999999939e-01	-1.895589088000000089e-01	-1.434432288000000000e+00	-1.368003955000000049e+00	1.083332286999999949e+00	-4.054871210000000059e-01	5.733349598000000436e-01	-9.851228920000000278e-01	-2.001334669000000011e-01	4.795783825000000111e-01	6.228836806999999975e-01	-1.124244505000000061e+00	-1.820941149999999897e+00	9.806027083999999672e-01	-2.967326827999999805e-01	-5.927083458999999888e-01	-2.456667687999999905e-01	1.800016857999999997e+00	-7.603216561000000207e-01	1.119443269000000019e+00	-2.255982470000000017e-01	-1.837828366000000102e+00	1.255047967999999958e+00	-2.749806430000000246e-01	-2.879616685999999981e-01	-8.569754554000000302e-02	9.237583405000000525e-01	-4.947693293000000048e-01	4.859748955000000037e-01	1.636826523999999949e+00	-6.136936790999999447e-01	-7.475938825000000287e-01	-1.757401530999999961e+00
5.690807733999999618e-01	4.931274180999999923e-01	-3.692734288000000253e-01	-8.230563518000000300e-01	-1.945840212999999999e-02	1.833888201999999967e-01	-6.536864968000000164e-01	3.475636784000000201e-01	-1.333488932000000071e+00	4.997600856000000008e-02	2.303540618000000095e-01	-3.306003758000000126e-01	-9.994759865000000243e-01	-1.614619612000000037e-01	-8.830679000000000167e-01	-3.436093405000000267e-01	7.609151149999999753e-01	-1.232480626999999940e+00	-8.257573146000000142e-01	8.431986187000000132e-01	-8.230741481999999387e-02	1.663710607000000063e+00	2.070705757000000091e-01	-5.276323161999999511e-01	-7.774339816999999986e-01	8.795894834999999912e-01	7.689104373999999797e-01	1.111257558000000034e-01	-1.910268993999999942e+00	1.880365336000000109e+00	-2.122676303999999903e-01	1.375937913000000012e+00	-5.036618095999999545e-01	-4.166593554999999949e-01	-4.730835004999999760e-01	-8.728917687999999675e-01	-1.288972105000000035e+00	1.851443204999999870e-01	-8.543863123999999587e-01	5.812471928000000343e-01	-6.500867369999999701e-01	8.325777826000000381e-01	5.051997972999999753e-01	1.299685541999999971e+00	-7.473302466000000255e-01	-1.117746777000000025e+00	1.851469980999999931e+00	-2.049874329000000106e+00	-6.537418301999999848e-01	1.566047423999999966e+00	9.104448117000000229e-01	-1.363381506999999937e+00	-3.340292310999999903e-01	1.261189534999999917e-01	-2.117266254000000070e-01	7.606775370999999675e-01	-9.012861550999999583e-02	-1.263571345999999984e+00	6.388277529999999982e-02	1.220060009000000001e+00	-1.636353830000000009e+00	-3.999052758000000152e-01	-7.000431027000000306e-01	-4.616174612999999760e-01	-3.255982512000000217e-01	-2.751344177000000085e-02
6.368132966999999756e-01	5.506565590999999982e-01	-6.156393841999999728e-01	-7.527135676999999747e-01	9.270353705000000666e-02	3.735098445999999739e-01	-6.665856112000000389e-01	3.332580124999999782e-01	-1.294104831000000067e+00	3.143714537999999781e-01	3.126744411999999862e-01	-8.950748282999999583e-01	-6.499157267999999821e-01	-4.304799243999999914e-01	-8.322386573000000176e-01	-2.755431837000000272e-01	2.166887151000000122e-01	-1.395961406999999932e+00	-6.589206951999999617e-01	3.847736882000000191e-01	1.879630958999999879e-01	1.159478336000000054e+00	1.942927745999999956e-01	-6.233502918000000115e-01	-9.683593280000000192e-01	8.428942990000000135e-01	2.420492645000000068e-02	2.503145163000000117e-01	-1.639343312999999913e+00	1.564832956999999913e+00	-1.512721394000000052e-01	1.230979669999999970e+00	2.078598479000000054e-01	-2.607153506999999870e-02	-1.408990066999999957e-01	-6.203514431000000107e-01	-8.842884625000000387e-01	4.589755971999999740e-01	-1.230374813000000067e+00	1.788697133000000106e-01	-6.777126235999999526e-01	5.631795949000000245e-01	4.752628304000000026e-01	6.490296251999999599e-01	2.746720805000000265e-01	-1.310086846999999999e+00	4.630058094999999763e-01	-3.370873189999999964e-01	-4.477467018999999743e-02	8.952218483000000393e-02	-1.305088212000000025e+00	-1.760129692000000023e+00	-5.636018869000000153e-01	4.315011428000000149e-01	-4.213081188999999727e-01	-8.590910469000000160e-02	-3.793524537999999890e-01	7.477328323000000110e-02	4.357492369000000032e-01	-1.483470508999999993e-01	-1.042808407000000104e+00	1.569763438999999927e+00	1.498980977000000103e-01	-9.257390399999999575e-01	-2.208688883999999908e-01	-1.955322388000000078e-01
6.461482966999999578e-01	5.770950958999999658e-01	-3.194187191999999786e-01	-8.216683420999999488e-01	-1.538634610000000069e-01	4.713381296999999970e-01	-6.727759226999999731e-01	3.844185205999999799e-01	-1.175843567000000034e+00	4.328446034999999803e-02	2.442985669999999943e-01	-1.437319808000000032e+00	-7.550688412999999599e-01	-5.759494849999999833e-01	-9.555377790000000315e-01	-1.416560950000000096e-01	-1.005784208999999985e+00	-7.603391822999999716e-01	-1.040166219000000059e+00	6.574375034999999645e-01	-1.267755791000000076e-01	-7.369623786000000232e-01	2.340794602000000058e-01	-7.664100500999999621e-01	-7.417071735000000388e-01	1.333870069999999908e+00	-7.971581929000000344e-02	1.128602657999999925e+00	-2.005656509000000032e+00	1.410150664999999970e+00	-4.976152321000000267e-01	1.528076130000000088e+00	2.872656104999999904e-01	9.344173491000000442e-02	-2.836755785000000252e-01	-8.733769278999999885e-01	-3.964693401000000117e-01	9.077278286999999890e-02	-1.579098609999999958e+00	-3.865304592000000095e-01	-8.283883264999999940e-02	1.134241421000000000e-01	1.021747293000000001e+00	2.829894989000000249e-01	-4.504600967999999872e-01	-6.504504730000000290e-01	4.047129466000000120e-01	8.873082556000000398e-01	-3.028880972999999921e-01	-6.767995333999999863e-01	-3.796859307000000072e-01	-1.388084306999999962e+00	-2.173204451000000093e-01	4.401628931000000078e-01	6.640731554000000036e-01	-4.620110820000000174e-01	-1.701466635999999977e-01	-2.000505897000000033e-01	1.016673544999999956e+00	7.675134694999999896e-01	1.467256163000000058e+00	3.631562349999999939e-01	1.910062198999999961e-01	-8.905909641999999737e-02	-9.226354941000000087e-01	-5.942795786999999913e-02
5.898300260000000073e-01	4.704993834000000263e-01	-4.881461427000000075e-01	-7.033916047999999588e-01	1.364590913000000016e-01	3.874738012000000231e-01	-5.108438387999999497e-01	3.114464198999999933e-01	-1.391524205999999930e+00	-3.817863457999999821e-01	2.048675115999999963e-01	-1.747336216000000109e+00	-8.770683649999999609e-01	-6.086380760999999806e-01	-8.606634579999999923e-01	-5.109725765000000530e-01	-9.635788007000000155e-01	5.231727181999999976e-01	-8.781578249000000502e-01	3.268271783000000208e-01	1.888025915000000055e-01	-5.766289156999999665e-01	-2.262295346000000040e-01	-7.571733876999999779e-01	-8.089541966000000084e-01	1.280559476999999946e+00	-2.241622802999999799e-03	1.132916216000000031e-01	-1.594579637999999910e+00	4.125593842999999983e-01	-4.466389896999999887e-01	9.573822471999999806e-01	4.281398711000000135e-01	-4.748017828000000162e-01	-5.191085422000000227e-01	-6.052318253999999786e-01	2.919568469000000110e-01	2.766295838999999757e-01	-1.229539939999999998e+00	-7.109665737999999457e-01	4.940612717000000265e-01	2.526627759000000251e-01	-7.713814870999999851e-01	-2.320754160999999871e-01	5.108479940999999941e-02	-1.166623152999999968e+00	-5.938508237000000162e-02	-2.243039025999999936e+00	1.192775450000000070e+00	2.768617820000000007e-01	-7.524966959000000122e-01	-1.365237843999999923e+00	-7.634462539999999908e-01	5.459056469999999939e-01	1.060825499999999977e+00	-9.417098513000000601e-03	-1.641401473000000111e-01	-7.781379625000000022e-01	4.574082205000000179e-01	1.561823002999999987e+00	1.424597445000000073e+00	8.252927760999999585e-01	-9.804852815999999527e-02	-1.762686112999999999e+00	-4.467067312999999928e-01	1.430509392000000046e-01
6.076080301999999822e-01	5.562490699000000038e-01	-4.901073061999999814e-01	-6.622622847000000368e-01	1.405570872999999978e-02	4.810368487000000193e-01	-6.187779226999999826e-01	4.416810649999999838e-01	-1.278519503000000057e+00	-1.070361616999999932e-01	4.870425504999999905e-02	-7.260757033000000416e-01	-7.956424142000000366e-01	-6.007706814000000062e-01	-1.014225179000000088e+00	-5.784331602000000183e-01	-1.451654129000000015e+00	1.432990498999999973e+00	-1.071847052999999939e+00	3.044969831000000071e-01	-1.731081677000000096e-01	-6.072977915999999698e-01	-1.963183702999999891e-01	-6.998599915000000005e-01	-3.953962252000000066e-01	1.049902627000000033e+00	2.836533232999999821e-01	7.382580990999999537e-01	-1.562182144000000106e+00	-3.741334070999999817e-01	-1.102140646000000057e+00	3.524651683999999729e-01	1.781991212000000047e-01	-8.192926681000000100e-01	-2.591979269999999946e-01	-8.281404802999999815e-01	6.846061942000000178e-01	1.175074213000000034e+00	-9.975254021999999665e-01	-9.302842649000000463e-01	4.025684840000000042e-01	-5.568166694999999722e-01	1.662804546999999911e+00	-4.844329311000000193e-01	-3.350812405999999966e-01	-1.105302178999999940e+00	-2.831813704999999737e-01	-7.757904249999999502e-01	2.140601835000000008e-01	-3.354720392000000162e-01	-3.279989983000000109e-01	1.449295837000000031e-01	1.094073912999999898e+00	1.205892806999999900e+00	6.583087102000000357e-01	-4.199284985000000248e-01	-2.769264195000000206e-01	1.867829272000000040e-01	4.916444649000000222e-01	-1.509246760999999992e+00	-8.624227880000000512e-01	-3.633206454999999835e-01	-4.890396000999999715e-02	-4.283254180000000133e-01	-9.907595764000000083e-01	-4.537774324000000137e-01
5.585512436999999775e-01	4.988151672999999731e-01	-1.832453787999999972e-01	-6.274294889000000541e-01	5.662296700000000321e-02	3.751687016999999957e-01	-5.161998607000000128e-01	4.826972464000000018e-01	-1.437511755000000058e+00	-1.949781412999999908e-01	-1.240175727999999998e-02	1.006294384999999902e+00	-1.069688999000000029e+00	-6.979814690000000210e-01	-1.419554999000000040e+00	-5.797253834000000161e-01	-1.174219775999999937e+00	7.781969921000000401e-01	-1.144230238000000011e+00	5.761645507000000554e-01	-4.361400227000000046e-03	-1.123214302999999914e+00	-3.399183022000000221e-01	-4.992510947000000088e-01	5.104901703999999846e-02	9.151062641999999636e-01	1.612119905000000131e-01	2.690331664999999761e-01	-1.384626480999999965e+00	-6.882726108000000176e-01	-8.518537937000000282e-01	-6.801310552000000044e-03	-7.812735921999999777e-02	-1.192234030999999916e+00	-6.459300757999999476e-01	-1.049810919000000009e+00	1.127980690000000008e+00	1.365094097999999923e+00	-7.213169895000000054e-01	-1.042435776999999897e+00	7.371676273999999696e-01	-8.187776267999999913e-01	1.341452177000000079e+00	-4.631488596000000180e-01	-1.244992754999999951e+00	-2.437195035999999981e-01	8.767889102999999462e-01	-8.316576871999999954e-01	1.443562352000000049e+00	1.462282910000000102e+00	-8.914556189000000241e-01	-2.030225810999999880e-01	-8.663031441999999860e-01	-3.179947117999999961e-01	7.725983887999999800e-01	-3.281927378000000228e-01	-2.331654816000000019e-01	-1.855528880999999908e+00	1.719307458000000066e+00	1.886359297000000101e-01	-1.019452435999999990e-01	-3.047809220000000097e-01	-3.340678062999999920e-01	-9.641784446000000175e-01	-3.782879336000000148e-01	3.895327551999999693e-02
6.010995192000000431e-01	4.835502962000000071e-01	-4.065417644000000053e-01	-6.209189662999999859e-01	1.532096457000000078e-01	2.510928755999999873e-01	-5.568481573000000351e-01	3.907167887999999922e-01	-1.531730411999999930e+00	-4.656663788000000026e-01	-1.335577807999999977e-01	1.216441741999999993e+00	-1.096622922999999972e+00	-5.037838618000000102e-01	-1.208514139999999903e+00	-7.097724843999999589e-01	-2.708014939000000232e-01	4.804208568000000179e-01	-9.944975564000000379e-01	2.665402676999999859e-02	-1.775092642000000069e-03	-1.030781071000000049e+00	-4.131358976999999766e-01	-4.525835617000000255e-01	2.497029351000000161e-02	4.491066450000000265e-01	3.899694316000000271e-01	1.344163205999999999e-01	-8.700718555999999992e-01	-9.702949736999999519e-01	1.382941069999999995e-01	-3.791774190000000155e-01	-1.404729426000000059e+00	-1.357005285999999922e+00	2.384726758000000058e-01	-4.260882679999999922e-01	1.059317163000000006e+00	1.934979548000000049e+00	-9.568905596000000235e-01	-6.187553435000000546e-01	6.874887737999999526e-01	-8.250042431999999870e-01	-6.295707849999999661e-01	-5.800825365999999761e-01	-8.334628970999999886e-01	-7.013692983000000547e-01	6.312192693000000521e-01	-7.119202034999999595e-01	1.124001817999999986e+00	2.972649688999999817e-01	1.112147034999999978e-01	-6.207029970999999868e-01	-1.262189699999999998e-02	1.739966756000000059e+00	-1.118656796000000009e+00	-1.037036709999999973e+00	-6.946045988000000282e-01	-1.136450187999999972e+00	2.805678998999999729e-01	2.783784881999999961e-01	-6.637986355999999644e-01	1.918950926000000112e-01	-3.571883056999999861e-01	-1.558089787999999976e+00	3.937074662000000225e-01	2.111629641999999973e-01
6.228053642999999973e-01	5.973646958999999645e-01	-1.906979490000000055e-01	-7.820370886999999938e-01	7.194524826999999789e-02	1.534231835000000044e-01	-7.144199115999999572e-01	4.733797679999999786e-01	-1.219891201000000036e+00	-7.429268609000000412e-01	-2.543845999000000080e-01	7.984227956999999654e-01	2.967328852000000045e-02	-5.436189629000000023e-01	-1.165483338000000035e+00	-5.304169636000000132e-01	1.127459970999999950e+00	-1.690553240000000068e-01	-1.411764180999999896e+00	4.653657652000000033e-01	-9.310607231999999678e-02	1.202169658000000058e-01	-1.762874888000000029e-01	-8.237677052999999860e-01	1.600233077999999864e-01	5.891214045999999538e-01	4.695304544000000191e-01	6.286765171000000541e-01	-5.840724498999999570e-01	-4.244379053999999818e-01	7.067880439999999487e-01	-3.095503246999999902e-01	-1.635316846999999907e+00	-9.024353914999999615e-01	-3.262784624000000244e-01	-7.432905318000000428e-01	1.315195902999999999e+00	2.311102857999999927e+00	-8.869245017000000342e-01	-5.972889035999999763e-01	-2.561451555999999866e-02	-6.321442697000000388e-01	1.027514065999999948e+00	7.471577327999999463e-02	-1.464593338000000022e+00	-5.883130482999999744e-01	6.760463163000000053e-01	-3.903444636999999773e-01	-4.582248050000000128e-01	-3.166514409000000252e-01	8.630271028999999539e-01	2.801025668000000080e-01	6.541270257000000310e-01	-2.640816563999999755e-01	1.086326023000000057e-01	9.860893530000000018e-01	-2.898919471999999997e-01	-4.315837202999999733e-01	-1.462044667999999881e-01	-1.979686887999999867e-02	-2.015041892999999973e-01	-1.719249129000000043e-01	4.263597634999999678e-03	-1.247070627999999903e+00	-4.734810374999999794e-01	8.034310170000000251e-02
5.816089253999999764e-01	4.969465986000000113e-01	-1.892159546000000137e-01	-7.733733050000000109e-01	1.018383952999999953e-01	1.917481873999999920e-01	-6.183618185000000489e-01	3.396346537000000110e-01	-1.321245227999999994e+00	-4.589092653999999882e-01	-2.551149128999999904e-01	6.138153286999999958e-01	7.216776609999999703e-01	-5.438641847999999834e-01	-1.150628223000000006e+00	-5.406394166000000334e-01	1.141712367000000006e+00	-7.485141889999999965e-01	-1.399838697999999937e+00	4.447765204999999944e-01	3.675579507000000246e-01	-2.553675458999999925e-01	-2.467190644999999946e-02	-6.655773671000000391e-01	2.614485547000000021e-01	6.721732042000000407e-01	6.994411318000000044e-01	1.620322318999999900e-01	-6.009846142000000446e-01	-8.115293093000000013e-01	-5.455849876999999681e-01	-5.853106188000000154e-01	-1.074453700999999928e+00	-6.830885151000000155e-01	1.206510786000000029e-01	-3.878552628999999974e-01	1.167493558999999959e+00	2.096390142999999817e+00	-1.074936834999999924e+00	-6.891965527000000202e-01	-3.876829138000000008e-02	3.675639157999999740e-01	7.410648275999999479e-02	3.574238753999999796e-01	-8.978293523999999470e-01	-3.624042278999999867e-01	7.416685859999999630e-01	-2.205125364000000143e+00	-5.924193870999999723e-01	1.926992719000000021e+00	1.503784844999999981e+00	-1.365412969000000087e+00	-9.028156357000000076e-01	9.656085073999999546e-02	-1.020894603999999983e+00	-6.473866822999999604e-01	-2.008824367000000000e-01	-1.560224650999999962e+00	-1.939387391999999877e-01	-4.546109430999999979e-01	-2.341044436999999867e+00	-1.097419370000000081e-02	8.170305647000000171e-01	-1.075264840000000000e+00	1.814398503000000107e-01	6.542650561999999725e-01
6.118163942000000022e-01	5.596682432999999790e-01	-3.553124634000000004e-01	-7.169779658999999583e-01	1.358817736000000054e-01	1.824156667000000065e-01	-6.764367855999999790e-01	2.750131433999999930e-01	-1.495017019000000058e+00	5.405529371999999722e-01	-4.023098514999999820e-01	3.145747679000000102e-02	-7.319421902999999618e-01	-4.879184450999999867e-01	-9.993030578999999580e-01	-5.015956176000000433e-01	1.330508138999999979e+00	-1.189914812000000044e+00	-7.356387026999999801e-01	3.380781891999999900e-01	4.716517266999999958e-01	2.094624549999999807e+00	-3.880312202000000266e-01	-9.692280492999999497e-01	2.819262070999999925e-01	4.640750471000000266e-01	2.400680098999999901e-01	3.913634048999999893e-01	-5.985015787999999892e-01	-3.518433771999999737e-01	-1.292681803000000018e+00	-6.730044670000000506e-01	-9.574612732999999709e-01	-4.266769839999999814e-01	-3.107466225000000137e-01	4.541142429000000202e-01	1.188589332000000054e+00	1.383200651999999975e+00	-1.142836634000000018e+00	-1.009090041000000104e+00	1.055299197000000022e-01	1.510832943000000039e-01	1.265844932999999894e+00	1.414931261000000051e-01	-2.711950766999999818e-01	-6.246413319000000408e-01	-2.831943087000000081e-01	-7.754769559999999951e-01	-6.328953596999999931e-01	-3.829894027999999895e-01	1.169079600000000108e+00	-1.288384065000000023e+00	1.425998442000000033e+00	1.155396241999999907e+00	-9.162093335000000005e-01	-9.173609692999999954e-01	4.716165706000000069e-02	-5.743503344000000510e-01	5.239818172000000329e-01	-1.439049446000000010e-01	1.495546074999999919e-01	1.052751726000000082e-02	1.186684258000000103e+00	-1.083272061000000036e-01	1.869446250000000032e-01	3.694992019000000183e-01
6.190988670999999499e-01	6.212303064999999958e-01	-6.660941274999999939e-02	-8.805436736999999736e-01	-4.276432812999999937e-03	1.070803793000000004e-01	-7.746428325999999975e-01	2.940495401000000064e-01	-1.283400689000000039e+00	2.774773522999999797e-01	-2.385826131999999877e-01	-5.648792536000000197e-01	-5.926923044999999890e-01	-5.095038785000000070e-01	-7.856285933000000110e-01	-5.079185107999999449e-01	2.631109610999999848e-01	-1.406745608000000036e+00	-4.816102823999999782e-01	4.597063883999999989e-01	2.791525302000000264e-01	1.788466392999999988e+00	-4.130684779000000084e-01	-1.178184536000000060e+00	-2.662497066000000245e-01	4.105921224999999897e-01	2.049560642000000099e-01	7.483219329000000419e-01	-1.296699382999999983e+00	1.787719076999999893e-02	-3.301382185000000247e-01	-5.443701329000000255e-01	-3.728662335999999855e-01	-2.453860002999999901e-01	-1.869876960999999893e-01	7.161696889999999982e-01	8.424282051000000493e-01	-1.205040725999999979e-01	-6.646308507000000532e-01	-1.120536468999999924e+00	7.544512052999999829e-01	-2.974285596999999837e-01	7.800786279000000434e-01	3.088170493999999877e-01	2.515111272000000175e-01	-3.712245990000000162e-02	-6.019345506000000068e-01	1.792494393000000075e-01	-4.915038842000000185e-01	-2.821927684000000158e-01	-1.862644230999999928e-01	-1.225757887000000101e+00	3.371464376000000290e-02	3.709415535999999736e-01	4.140024778999999711e-02	2.073080785999999787e+00	5.312777862999999989e-01	-2.021542477000000115e-01	1.116115380999999962e+00	-6.140864167999999790e-01	-3.071148109999999876e-01	1.635631609000000042e+00	3.041185264999999860e-01	5.740325743999999952e-01	-7.205800154999999485e-01	4.430192928000000196e-01
5.802390214999999518e-01	5.516796038000000291e-01	-1.963943925999999951e-01	-8.820134302000000037e-01	1.013726246000000025e-01	7.715348298999999410e-02	-5.730735534999999992e-01	1.591345570999999903e-01	-1.190686386999999957e+00	-3.312813971999999940e-01	3.289052927000000320e-02	-1.218326881000000084e+00	-4.281911929000000172e-01	-2.240554674000000135e-01	-4.073050054999999836e-01	-6.042972642000000311e-02	-4.746621717000000240e-01	-1.583127905000000002e+00	-1.717844326999999893e-01	6.527394552999999933e-01	2.794387580000000093e-01	4.550276030000000027e-01	-5.563347749000000508e-01	-8.422541487000000382e-01	-1.023425530999999999e+00	-3.600416587999999973e-01	3.112838553999999758e-01	1.133576651000000046e-01	-2.374663128999999984e+00	-9.448841096000000495e-02	-2.619747135000000116e-01	-3.192153515999999747e-01	-1.676665267000000126e-01	-5.273333602999999981e-01	-1.716029386000000045e-01	1.273073413000000098e+00	-1.411521901999999995e-01	-1.386845313000000024e+00	-3.753008474000000261e-01	-9.831513897000000446e-01	1.475413910999999967e+00	-3.603019382000000048e-01	-2.303262684999999865e-01	-4.046408324999999917e-01	7.554497449000000531e-01	2.577766725999999786e-01	-3.850196638999999754e-01	-1.072425600999999951e+00	5.159301899000000302e-02	3.955596591000000162e-01	-8.676222380000000456e-01	-1.140419228999999923e+00	-1.062635323000000076e+00	1.609232433000000073e+00	9.806693753999999874e-01	-9.972017305000000498e-01	4.642543196000000205e-01	-4.227769295000000094e-01	1.649107797999999903e-01	1.658818137999999998e+00	2.111709277000000107e-01	-1.095917698000000051e+00	1.954262163000000108e+00	-5.309333563999999450e-01	-3.936843539000000058e-01	9.675769641999999449e-01
6.000229735000000009e-01	5.670474598000000421e-01	-2.883118265999999874e-01	-7.988480342999999539e-01	1.521988392999999995e-01	1.773217102000000100e-01	-6.228267489000000046e-01	4.753675089000000131e-01	-1.091390034000000009e+00	4.208970732000000270e-01	1.924792062000000026e-01	-1.453526765999999970e+00	-5.820532340999999832e-01	-1.560663385000000125e-01	-1.160754526000000064e+00	3.367589403999999842e-01	-4.150570833000000182e-01	6.588620555999999406e-02	-2.668349984999999758e-01	5.903375310999999792e-01	1.962519342000000055e-01	-4.927440188000000165e-01	-6.252890349999999930e-01	-6.785488276000000152e-01	-1.553163496999999893e+00	-7.297202730999999831e-01	-4.155085404000000149e-01	5.485014630000000224e-01	-2.026973769000000036e+00	1.849196198999999985e-01	-1.116580724000000080e+00	-4.839492047000000241e-01	2.771697134000000173e-01	-6.393216175000000501e-01	1.691874731000000132e-01	1.254315985999999938e+00	-4.902428781000000013e-01	-1.509593055999999933e+00	2.426720344999999945e-01	-9.870332652000000095e-01	1.073633826000000013e+00	-1.555645802999999994e+00	-2.726965724000000035e-01	-1.095492965999999901e+00	7.082234376999999581e-01	3.802909501999999775e-01	-8.367108465999999467e-01	-2.037506222999999894e-01	1.319825413000000003e+00	-1.606243353000000040e-01	-1.620170918000000126e-01	3.312856718000000145e-01	2.938680584999999734e-01	1.160637198999999953e+00	6.650172666000000454e-01	5.856284378999999929e-02	6.360857237000000497e-01	1.277230078999999907e-01	1.881873646999999927e+00	-2.047262112999999939e+00	1.045977725000000053e-01	-1.043406464999999950e-01	-4.811718345000000063e-01	2.937337723999999817e-01	-9.018783971999999594e-01	5.082834544000000010e-01
5.473883832999999477e-01	5.731087158000000015e-01	-1.219864747999999943e-01	-8.269857415000000378e-01	1.019585905999999959e-01	4.895812399999999731e-01	-6.212037298999999457e-01	4.665125378000000156e-01	-9.001668554999999738e-01	-2.653391399999999734e-01	4.627808785999999730e-02	-7.305702482000000497e-01	-1.084190264999999931e+00	-1.964539898000000062e-01	-1.338233494000000023e+00	5.210567726999999483e-01	-1.472178691999999955e+00	1.154363081000000069e+00	-9.019985164999999583e-01	1.061966782999999914e+00	2.660436181999999983e-01	-5.904965320999999712e-01	-2.012152289999999955e-01	-5.188355892999999552e-01	-1.701789777999999975e+00	-7.997330055000000382e-01	-4.538881479999999913e-01	7.074233031000000116e-01	-1.858368846999999935e+00	-4.504821819000000005e-01	-1.105796216999999970e+00	-1.204833924999999945e-01	-5.707603530999999508e-01	-6.498964291000000060e-01	-3.765192729999999877e-01	6.203069183999999625e-01	-4.770226088000000253e-01	-1.098940559999999955e+00	3.579034033999999864e-01	-9.618931643999999448e-01	5.525778545999999736e-01	-1.584758386000000074e+00	1.758852611000000010e+00	-5.934266060999999759e-01	-2.067060732999999872e-01	1.134023906999999998e+00	-5.735535677999999832e-02	4.238781287000000231e-01	1.240241389999999999e+00	3.897846083000000017e-01	-4.665519932000000147e-01	-3.553935434000000254e-02	-5.005676716000000415e-01	1.146289796000000027e+00	2.469085792999999862e-01	1.886342856000000068e-01	4.689606330000000156e-01	-9.541976444999999973e-01	1.364837236999999925e+00	5.996579954999999851e-01	-7.290100131000000205e-01	1.255063590999999923e-01	9.945843181000000310e-01	-5.350802034999999623e-01	-6.854138794999999895e-01	-9.552592089000000453e-02
5.378038092000000381e-01	4.631610467999999758e-01	-3.522441377000000151e-01	-7.898436365000000015e-01	2.362406757999999940e-01	1.542276824000000102e-01	-4.257732203999999854e-01	5.659688404999999589e-01	-1.103128856999999963e+00	-1.085717489999999952e+00	-1.741167436000000000e-04	6.506936545000000516e-01	-1.047153519999999949e+00	-1.451509602999999926e-01	-1.326004146999999911e+00	5.858258189999999699e-01	-1.323042417999999998e+00	9.258346562000000501e-01	-9.761111672000000183e-01	6.504884099000000086e-01	1.412235353999999887e-01	-5.868594449999999796e-01	-6.053452735000000029e-01	-4.404710181000000002e-01	-1.511441376000000059e+00	-8.386639761999999942e-01	-7.085252365999999968e-01	6.866560965000000072e-02	-1.233146966000000067e+00	-7.698803110999999921e-01	-1.210885296999999916e+00	-5.941291918000000116e-01	2.422980923999999980e-01	-7.208506128999999651e-01	8.123395502999999906e-02	6.363382223999999865e-02	-1.023533182000000014e-01	-5.836073577000000512e-01	7.098629672999999807e-01	-1.220323862000000092e+00	-3.026712133000000193e-01	-1.355292761999999929e+00	6.007918662000000243e-01	-7.253434837000000135e-01	3.354708632000000246e-01	9.609001318000000014e-01	4.289661084999999985e-01	-6.798645905000000322e-01	1.451057102000000043e+00	1.408804680999999892e+00	-2.665523014000000246e-01	-5.329413213999999455e-01	-1.520286728999999948e+00	8.501120325000000033e-01	3.675057278000000149e-01	8.816859763999999877e-02	2.054417816999999924e-01	-8.977693893000000536e-01	2.084417624999999941e+00	-5.154559843999999558e-01	-1.137816603999999981e-01	-1.682164291000000089e+00	-2.919973256000000239e-01	-1.159649487000000034e+00	-6.297699654999999730e-01	-4.966339599999999854e-01
5.960717006000000318e-01	5.590869384000000109e-01	-2.854273860000000052e-01	-8.304616306000000003e-01	8.069660902000000413e-02	4.153511872999999799e-01	-7.134499613000000462e-01	6.923138722999999661e-01	-9.174396893999999802e-01	3.947667206000000234e-02	-2.532375162999999860e-02	1.191210102999999965e+00	-7.523230239000000541e-01	-2.539746420000000074e-02	-1.593227584999999946e+00	4.659415570000000062e-01	-5.802357290999999861e-01	7.327531976000000169e-01	-1.340480885000000066e+00	4.983806147000000020e-01	1.840386786000000052e-01	-1.653838994999999867e-01	-5.857508761999999924e-01	-2.397850592999999919e-01	-1.147221048000000021e+00	-8.397389498999999757e-01	-4.798485337000000239e-01	5.355057543000000253e-01	-8.849563589000000174e-01	-1.096729199000000099e+00	-7.109806995999999879e-01	-7.706825276000000002e-01	-1.820155863000000096e+00	-2.356551979000000019e-01	-7.862927768999999900e-02	-6.195050731000000255e-01	-1.851189585000000137e-02	2.007479970000000113e-01	4.610115148999999746e-01	-1.366435322000000063e+00	-1.195389969999999913e+00	-1.460288567999999954e+00	-6.093254965000000078e-01	-8.295981112000000435e-01	-1.211378593000000059e+00	6.339475258000000224e-01	-1.208010481000000025e-01	-7.936181079999999888e-01	-4.129401414000000159e-01	4.495652647999999751e-01	3.801937149999999876e-01	2.521203557999999734e-01	8.951618592000000207e-01	1.535777262999999948e+00	-1.310554675999999974e+00	-2.215650745000000144e-02	8.713353996000000601e-02	3.300378037999999736e-01	2.147627438999999971e-01	-4.927141408999999861e-01	-1.230325976999999904e+00	-2.046092341999999897e-01	1.900689570999999911e-01	-8.442669058999999754e-01	-4.621715062000000263e-01	-4.092866728999999815e-01
5.307574444999999530e-01	5.425154572000000508e-01	-5.421490897999999697e-02	-9.301853091999999767e-01	6.145055583999999710e-02	2.170914671999999990e-01	-5.911945585000000225e-01	5.114488098999999677e-01	-1.014073903000000110e+00	-8.825460158000000277e-01	3.818035843999999929e-02	9.619653385999999973e-01	-8.228853751000000383e-01	-1.374564080000000021e-01	-1.438792054000000098e+00	3.910119777000000130e-01	1.005685409999999891e+00	-1.549110475000000098e-01	-1.295209644999999909e+00	4.581052369999999985e-01	5.123755362000000091e-03	-1.073131907000000052e+00	-6.518411134999999579e-01	-1.955550196999999990e-01	-7.745713793999999819e-01	-5.692833706000000049e-01	3.378636431999999801e-02	3.356916682000000152e-01	-4.576092911999999902e-01	-6.499935029000000197e-01	-9.091081619999999419e-02	-1.252114734999999923e+00	-1.808781691000000080e+00	-5.073805835000000375e-03	-8.696140898999999980e-01	-6.071572794999999800e-01	3.263650971000000012e-01	-1.727267100000000055e-01	8.974908388000000237e-01	-1.547846505000000095e+00	-1.149768211999999901e+00	-5.602196860000000500e-01	1.043292294000000009e+00	-2.641296833999999816e-01	-7.371761537000000031e-01	4.714232856000000194e-01	8.083535534000000355e-01	-5.371242468000000381e-01	9.716444711999999706e-02	1.972734865000000060e+00	7.957339210999999635e-01	-7.934610477999999578e-02	2.486527269999999901e-01	4.338953368999999838e-01	-1.176894367999999913e+00	-3.788694321000000143e-01	3.376459323000000068e-01	-1.487619194999999950e+00	1.029574575000000047e+00	-1.067409376999999937e+00	-1.050144457999999892e+00	-6.181301236999999782e-01	-1.044763249999999921e+00	-6.536239200000000249e-01	-3.325622382000000266e-01	7.670627596000000326e-01
5.241357588999999706e-01	5.025299211000000543e-01	-2.112379280999999998e-01	-9.538294697000000433e-01	3.818130648999999988e-01	5.957972663999999696e-02	-5.803754209999999469e-01	4.077457601000000209e-01	-1.038432768000000062e+00	-1.001836492000000023e+00	2.313889960999999940e-01	7.678747726000000329e-01	2.631712065999999850e-01	-1.301715568000000045e-01	-1.204523382000000087e+00	1.042820799000000048e-01	1.128137130000000043e+00	-3.502087468999999786e-01	-8.246559822000000262e-01	-1.267887795000000040e-02	2.858168674000000076e-01	1.781435614999999917e-01	-3.638182591999999937e-01	-7.936516496999999892e-02	-4.199363579000000013e-01	-8.571912862999999660e-01	4.337080765999999921e-01	-3.886768583999999915e-01	2.163018861000000070e-01	-6.742817584000000419e-01	-9.233740668000000040e-01	-1.631606753000000021e+00	-1.721154008000000069e+00	1.782320253999999937e-01	-7.088972317999999717e-01	-2.457920660000000035e-01	1.915663606000000130e-01	6.430835633999999745e-02	7.850065254000000436e-01	-1.639843705999999957e+00	-1.157074557999999920e+00	-3.949643031000000248e-01	3.185964413999999856e-01	-4.573662197999999734e-01	-1.304497699999999927e-01	2.830866779999999944e-02	4.744086645000000213e-01	-1.093539317000000066e+00	-7.837900639999999530e-01	1.008055825000000016e+00	1.481305533000000008e+00	-5.944473994000000205e-01	-1.230603979999999931e+00	1.245616503000000069e-01	-1.168153240000000093e+00	-9.208312188999999703e-01	-5.320160647999999659e-01	-1.149071987999999989e+00	8.392217625999999486e-02	-4.095019427000000101e-01	-1.218149224999999891e+00	6.941754732999999566e-01	-8.055566977000000461e-02	-7.547356028999999689e-01	-6.401500615999999866e-01	9.425190812999999501e-01
5.871104659000000447e-01	5.628624546999999589e-01	6.068827734000000265e-03	-9.186419601999999962e-01	1.872763802000000088e-01	1.744078500000000032e-01	-7.568450293999999801e-01	3.652404678999999765e-01	-9.709699719000000062e-01	-2.132808854000000087e-01	1.784945444000000103e-01	-1.018807181999999978e-01	-6.882791104000000049e-01	-8.083570005000000058e-02	-1.121561497000000074e+00	-2.942886160000000029e-01	6.642151780999999700e-01	-1.088908293000000027e+00	-8.804669394999999898e-01	1.204520971000000024e-01	5.041668688999999537e-01	1.644043466999999925e+00	-1.597550811000000015e-01	8.614822601999999607e-02	-6.812459690000000068e-02	-1.123267652000000005e+00	8.107675892000000273e-01	3.811408960000000068e-01	8.177998691000000209e-01	-2.403613934999999924e-02	-2.207592668000000202e+00	-1.427725802000000099e+00	-1.594988349999999944e+00	2.070441681000000089e-01	-9.275327683999999850e-01	-4.653865159000000196e-01	6.408776509000000399e-01	2.187156205999999936e-01	3.851024297000000263e-01	-1.684745713999999950e+00	-1.332638422999999905e+00	-7.466891674000000201e-01	2.395674775999999950e-01	-3.537413796000000166e-01	-1.841542294000000080e-01	-3.058235457999999851e-01	1.537245761000000099e-01	-6.240780089999999891e-01	-2.312592556999999882e+00	-1.018904618999999956e+00	1.466721090999999921e+00	-6.750430886999999602e-01	1.085059522000000110e+00	6.219651920000000000e-01	-9.537773728999999756e-01	2.424434782000000066e-01	7.448264599999999958e-02	-9.511666677000000236e-01	-5.097238003999999822e-01	3.616238913000000173e-03	-1.596978693999999976e-01	-3.753306773000000263e-01	1.017307326999999928e+00	5.464376785000000236e-01	-5.087340457000000260e-01	1.504159279000000016e+00
5.620437200000000244e-01	5.236234856999999465e-01	1.041004841999999958e-01	-9.215918656999999570e-01	3.186276215000000134e-01	9.312704785000000540e-02	-6.002455747999999591e-01	1.703232645999999961e-01	-1.102126425000000021e+00	-5.471810496000000246e-01	2.653969313000000274e-01	-4.693167952000000254e-01	-2.762482455999999975e-01	-2.510950695999999982e-02	-8.028598017000000420e-01	-6.020594678999999783e-01	3.247098559000000106e-01	-1.533941905999999911e+00	-6.708272216999999760e-01	1.845082409000000090e-01	3.323541201999999917e-01	1.667904315999999998e+00	-1.671983193999999895e-01	3.379040786999999990e-01	-4.179921099999999723e-01	-1.025295832000000074e+00	1.186696784000000005e+00	-3.426124645999999996e-01	1.128848121000000093e+00	-2.141878453999999932e-01	-1.106685034999999928e+00	-1.655810572999999897e+00	-1.161423531999999925e+00	-2.682671784999999809e-01	-8.982362178999999669e-01	1.428805251999999970e-01	4.253334186000000128e-01	-3.446033608000000081e-02	5.156977723000000235e-01	-1.588064633999999975e+00	-9.212336240999999815e-01	-7.626441792999999469e-01	3.095583557000000097e-01	-3.584396264999999970e-01	8.662845450999999697e-01	2.722372420999999987e-01	4.587107288000000227e-01	-2.323884969999999939e+00	-1.149816195000000096e+00	1.354093470000000021e+00	-1.095457018999999921e+00	-1.372375187999999913e+00	-5.359373196000000172e-01	3.993107638000000237e-01	-2.956168083999999863e-01	1.115663355999999995e+00	-3.128259937000000268e-01	-1.683819662000000106e+00	-5.232442104000000205e-01	2.352810518000000017e-01	-1.416106907999999942e+00	1.103181574999999998e-01	-1.471641769999999960e+00	-9.980481171999999734e-01	-1.318381114000000132e-01	3.180752816000000038e+00
5.926614901000000213e-01	5.730568516999999806e-01	-1.159953380999999978e-01	-8.934887789000000025e-01	3.436859391000000041e-01	1.927630032000000049e-01	-5.788924182000000362e-01	2.496081541999999875e-01	-1.057184968999999919e+00	-4.614898131999999736e-02	-9.787662408000000203e-02	-1.045946365000000045e+00	-4.355315718000000169e-01	8.019153563000000484e-02	-6.813984674999999935e-01	-9.216539678999999818e-01	-2.506076595000000240e-01	-1.531809712999999906e+00	-4.086557445999999816e-01	1.486264817000000071e-01	2.640142164000000014e-01	9.985439140999999852e-01	-1.731476881000000023e-01	5.227996553000000546e-01	-3.384716361999999812e-01	-1.169946979999999970e+00	7.374512782000000044e-01	-1.927295535999999920e-01	1.373898491000000055e+00	-4.851160466000000171e-01	-1.003299155999999970e+00	-1.831106574999999959e+00	-4.843437225000000179e-01	-3.397055999000000298e-02	-3.533799724999999725e-01	-1.363198539000000098e-01	9.664084387000000387e-01	1.740038251000000091e-01	2.055012369999999894e-02	-1.882987331999999903e+00	-8.498249997000000278e-01	-1.825323577000000030e+00	3.325920734999999739e-01	-1.157995453000000063e+00	1.756268761999999928e+00	-2.593988535999999789e-01	-5.664115866999999693e-02	-1.663984522999999993e-01	-8.544873227999999488e-01	-2.164853405000000119e-01	-1.406004926000000044e+00	-8.614539432000000163e-01	-1.775976474000000027e-01	9.960561864000000432e-01	-2.453295879000000068e-01	-1.517231038999999893e+00	-9.404947492999999881e-01	-6.638860336999999889e-01	7.304452931999999565e-02	-1.070589486000000035e+00	-1.000994236999999953e-01	3.160234271999999844e-01	3.590813033999999682e-02	-8.177217418000000126e-01	2.235688471000000024e-02	2.493816622000000205e+00
5.847445478999999668e-01	5.990843990999999980e-01	1.451000436999999865e-01	-8.614081751000000065e-01	1.177938496999999946e-01	2.641230652000000068e-01	-5.198475543999999671e-01	3.040958924000000119e-01	-1.080828091999999963e+00	-2.818836887000000235e-01	-1.214361943999999957e-02	-1.688809498999999992e+00	-6.239019855999999864e-01	2.632759939999999854e-02	-1.137715921000000074e+00	-9.746069058999999868e-01	-1.065217622999999891e+00	-6.726122555000000336e-01	-4.769502896999999741e-01	3.079372611000000259e-01	4.390525164999999758e-02	-6.564218645999999602e-01	4.550937192000000242e-01	5.209518314000000094e-01	-1.291086500999999997e-01	-1.019600430999999974e+00	6.880062744999999591e-01	5.092465564000000500e-01	1.573160639999999999e+00	-7.201836846000000403e-01	-1.228892735999999930e+00	-1.658955737000000097e+00	-2.527688001000000240e-01	-4.449404390000000209e-02	-1.980570332999999905e-01	-1.145313119999999962e-01	1.338780848999999940e+00	-4.601933187999999730e-01	-4.746924148000000176e-01	-1.943512614999999943e+00	-6.073003037999999965e-01	-1.914257488999999923e+00	7.637746885999999735e-01	-9.512429070000000264e-01	9.419312587999999486e-01	2.998806044999999809e-01	2.773279048999999774e-01	-1.560950157999999865e-01	-7.727536013000000370e-01	-3.434699985999999927e-01	-3.323504440000000226e-01	-5.854846767000000396e-01	4.380221190999999958e-02	9.806366601999999544e-01	5.413869411999999715e-01	-3.473846968000000035e-01	-8.415588222000000007e-01	-1.188531263000000004e+00	1.043230440999999953e+00	-5.592607777000000446e-01	2.719741726000000082e+00	-2.448920505000000136e-01	-9.188190907000000074e-01	-1.579243876000000046e+00	-2.628620244000000050e-01	2.370328032000000196e+00
5.212354488999999536e-01	5.044930404999999896e-01	-1.605956869000000134e-02	-7.746700001999999863e-01	3.832689380000000035e-01	1.914609029000000073e-01	-4.185152963000000059e-01	4.046801150000000069e-01	-1.275378845000000094e+00	-3.202640422999999958e-01	-7.858535625000000191e-02	-1.670562681999999910e+00	-6.833322925999999464e-01	3.817859548000000075e-02	-9.397548127999999501e-01	-1.075437798000000056e+00	-1.076471420000000068e+00	5.811773370999999688e-01	-2.410391573999999884e-02	5.796756578000000076e-02	3.247345018000000194e-01	-4.380262590999999817e-01	8.271583181999999645e-01	5.683165570999999527e-01	-3.058453562999999958e-02	-9.750368282000000386e-01	3.633020421000000000e-01	-4.077215071999999996e-01	1.870604691000000042e+00	-1.164814508000000082e+00	-1.126601025000000034e+00	-1.722885385000000102e+00	-1.917456349999999976e-01	-2.681779515000000114e-01	4.334107756999999728e-02	-1.294918596000000088e-01	1.318241886000000029e+00	-3.701506075000000062e-01	-7.650496028000000059e-01	-1.767654497999999963e+00	-3.414215083000000095e-01	-1.243031017000000071e+00	-9.642294310000000257e-01	-1.221623209000000099e+00	1.175847230000000021e+00	-5.562364717000000125e-01	-3.218523845999999855e-01	-1.579715941999999984e+00	2.608612520999999962e-01	-4.721250048999999782e-01	-6.183641427999999607e-01	-3.772936433999999895e-01	-1.103549123999999937e+00	1.302799714000000053e+00	4.564408374000000213e-01	-1.600765057999999907e-01	-9.673560519999999663e-01	-1.430980233000000101e+00	1.165707376999999934e+00	-2.664204900000000098e-01	1.916204391000000118e-01	8.720794479000000266e-01	-1.231605293999999962e-01	-1.874507549000000051e+00	6.742206383999999920e-03	1.523350444000000081e+00
5.398093699999999551e-01	5.732425869999999701e-01	-3.365393667000000227e-02	-7.197217066000000107e-01	2.176822442999999940e-01	3.190799354000000143e-01	-5.384646534999999457e-01	5.721955255999999768e-01	-1.244231821000000071e+00	-3.852659849000000247e-01	-4.476652242000000309e-02	-5.589378656000000278e-01	-5.337403708000000302e-01	-6.637649970999999482e-02	-1.161741933999999921e+00	-8.529772064999999737e-01	-1.421348158000000028e+00	1.328743051000000008e+00	-2.141307628000000129e-01	5.064369436000000224e-01	3.271245421000000264e-01	-3.958453089999999785e-01	1.138032982999999998e+00	4.521807160999999908e-01	3.897861640999999988e-01	-8.762118009999999568e-01	3.398509389000000103e-01	5.046263906000000299e-01	1.858642826999999942e+00	-1.002857182000000069e+00	-1.423753390999999979e+00	-1.746690072999999899e+00	-1.668711529000000138e-01	-3.550089880999999781e-01	-2.628982344999999943e-01	-7.658191072000000155e-01	1.171017015000000105e+00	-8.713789298000000627e-02	-1.089166196999999947e+00	-1.762601150000000061e+00	-4.169152155999999998e-01	-1.279867692000000057e+00	1.372211177000000060e+00	-1.276138994000000082e+00	5.588357677999999940e-02	-3.648200000999999859e-01	-5.981009877999999835e-01	-1.974520479000000106e-01	-6.147010139999999900e-01	-1.008937811000000018e+00	-5.972043008999999847e-01	5.621420791000000250e-01	1.605470836999999928e+00	1.864219215000000096e+00	6.175521942999999681e-01	-3.337365330000000019e-01	-9.678338198000000503e-01	-2.405581186999999899e-01	3.873562707000000049e-01	-1.222058046999999981e+00	-1.489267534999999976e+00	-1.244284640000000053e+00	-6.185504155000000337e-03	-4.753817296000000248e-01	-4.555432044000000125e-01	3.658849765000000143e-01
4.912157513000000031e-01	5.618547360000000213e-01	1.465156951000000096e-01	-7.450829900000000006e-01	2.602744913999999743e-01	2.329088951999999935e-01	-3.538554738999999949e-01	6.391139316999999709e-01	-1.465124753000000002e+00	-5.144396503000000509e-01	4.529442486000000156e-02	9.437333605000000070e-01	-8.774827791000000543e-01	-1.282786633999999926e-01	-1.279281241000000069e+00	-6.594513461000000021e-01	-1.188109279000000074e+00	6.271702028000000206e-01	-4.330579278000000198e-01	4.043347432000000130e-01	2.594182800000000011e-01	-1.177119983000000092e+00	9.019371723000000340e-01	2.451891348999999942e-01	6.663524685999999697e-01	-4.439835771999999792e-01	1.134057148999999959e-01	6.182080829000000111e-03	2.075828073999999912e+00	-1.003000332999999911e+00	-1.361447319000000045e+00	-1.930080795000000071e+00	-1.171978748000000042e-01	-3.867757211999999778e-01	-6.528258998000000535e-01	-8.911220029999999959e-01	8.906270166999999960e-01	1.492874526999999896e-01	-6.140874348999999510e-01	-2.086659999000000099e+00	3.964546510999999995e-01	-9.274125721000000544e-01	1.115325850999999924e+00	-1.155990612000000084e+00	-1.777680765999999912e-01	-1.753287181000000028e-01	-6.580300037000000324e-02	-1.650148318000000058e+00	4.636003316000000263e-01	2.349141637999999865e+00	-6.435734576999999623e-01	6.217349787999999766e-02	-5.007802194999999568e-01	4.630226305999999847e-01	2.572061601999999780e-01	-8.458124773999999846e-01	-1.061177376000000061e+00	-9.060441713000000341e-01	1.901165194000000058e+00	-6.639551823999999547e-01	-4.988248126000000005e-02	-6.505568087999999971e-01	-2.950278476000000039e-01	-8.504015359000000052e-01	-8.938696717999999181e-03	1.306335546000000070e-01
5.168443263999999981e-01	4.737408830000000015e-01	-1.070771303000000035e-01	-7.415572083000000481e-01	3.697821204999999778e-01	2.372878663000000110e-01	-4.128903054999999989e-01	6.720636966999999906e-01	-1.482799275999999944e+00	9.195361768000000213e-02	7.238967413999999878e-03	1.309112013000000019e+00	-6.943562693000000507e-01	7.657656058000000300e-03	-1.017439650999999889e+00	-6.160010706999999863e-01	-4.372439986000000167e-01	6.675574279999999527e-01	-7.307760570000000344e-01	1.462261745000000002e-01	4.617154251999999737e-01	-9.750314559999999631e-01	2.903421162000000000e-01	1.838703248000000123e-01	8.297062806999999651e-01	-2.190052661000000123e-01	2.840662111000000212e-01	-2.905708001000000262e-01	1.800019019000000053e+00	-1.257818266999999990e+00	-3.928209766999999908e-01	-2.048260550000000180e+00	-1.612932341000000047e+00	-6.626393882000000124e-01	-1.772592122999999964e-01	-7.913977648000000142e-01	4.954263011000000216e-01	7.235219346000000273e-01	-5.351658948999999943e-01	-1.905648749000000031e+00	4.609351434000000247e-01	-8.016979493000000456e-01	-9.449007908000000011e-01	-1.307424190999999958e+00	3.811148802000000058e-02	-7.629800032000000343e-01	-3.429222968000000260e-01	-2.859377215000000194e-01	2.777155476000000012e-01	1.103762853000000099e+00	3.895181428999999751e-01	-3.556836527000000192e-01	-1.057852710999999946e-01	1.570412627999999922e+00	-9.286738401999999892e-01	-8.464323481000000093e-01	-1.089215749999999927e+00	-2.235994493000000027e-01	1.002529857999999996e-01	-6.391182263000000363e-01	-5.558917700000000073e-01	1.848461919000000120e-01	-5.488491923999999633e-01	-1.439602690999999934e+00	7.767778586000000374e-01	4.898589877999999787e-01
5.433262372999999590e-01	5.878357800000000299e-01	1.250168876999999956e-01	-8.512154025999999485e-01	2.533433135000000003e-01	1.852682640999999963e-01	-5.560424916999999745e-01	6.962926171000000108e-01	-1.154404213999999929e+00	-9.596705277000000534e-01	4.549020194999999628e-03	8.210547701999999504e-01	-6.176938556000000080e-02	-1.882143045000000126e-01	-7.769229062000000408e-01	-6.302143301999999503e-01	1.034572169999999902e+00	-1.130539143000000024e-01	-1.247025341999999926e+00	5.377088558000000518e-01	2.806329289999999754e-01	2.722754880000000099e-02	-6.240248254999999911e-02	-6.116759474999999835e-02	9.090033397000000237e-01	-1.874026545000000155e-02	4.626564568000000044e-01	3.782506382999999972e-01	1.494483833999999955e+00	-5.271474908000000070e-01	3.154879697999999899e-01	-1.679672676000000031e+00	-1.971223149999999924e+00	-7.515795211000000364e-01	-5.185424954999999780e-01	-1.528231646000000055e+00	5.055955551999999908e-01	1.040248252999999901e+00	2.695681320999999964e-02	-1.909342198999999907e+00	-6.283596340000000002e-02	-1.147508917999999989e+00	9.609361414999999518e-01	-8.268944283000000395e-01	-9.835515351000000406e-01	-8.238729893999999776e-01	-2.696049464999999978e-01	-8.855365965000000505e-01	-1.097603295999999951e+00	-4.660563697999999810e-01	7.403392575999999670e-01	4.111370639999999965e-01	6.241791559999999572e-01	6.291020386000000242e-01	-4.439664709000000209e-01	5.724263902999999765e-01	-6.049427352999999785e-01	6.153244490000000511e-01	-2.784518873999999866e-01	-1.350910573999999920e-01	-2.085880887000000072e-01	-4.217741767000000030e-01	4.643744658999999775e-01	-8.236262600999999517e-01	-8.474477860000000085e-02	-2.503665546000000131e-01
4.996181446999999887e-01	4.313672628999999925e-01	1.737097278999999994e-01	-8.699685797999999748e-01	1.879501121999999913e-01	3.000277185999999929e-02	-4.576181940999999864e-01	5.372963909000000315e-01	-1.382321552000000064e+00	-4.536079474999999972e-01	2.548705135000000066e-01	5.927529338999999453e-01	7.890053652999999834e-01	-9.919518758999999741e-02	-7.546308629000000323e-01	-9.372104674000000246e-01	1.210412787999999962e+00	-5.123536110999999948e-01	-1.193301531999999998e+00	3.091370654000000218e-01	5.328540832999999477e-01	-2.735293140000000234e-01	-4.548881886999999735e-01	-3.109351121000000079e-02	9.548281822999999946e-01	3.626396893000000121e-01	6.562469351999999922e-01	-2.707933222000000195e-01	1.297606164999999923e+00	-4.919890365999999848e-01	-1.367315024999999906e+00	-1.808619436000000080e+00	-1.286099091000000083e+00	-1.039706068000000094e+00	-2.427645434000000046e-01	-1.091509496000000023e+00	-1.247034167999999943e-01	8.640139552000000167e-01	8.001184009999999791e-01	-1.582087586000000101e+00	4.464159347000000166e-01	-7.921806692999999733e-01	3.055831003999999740e-01	-6.431374399999999492e-01	-4.705863841999999853e-01	8.303553998000000325e-02	6.742530718999999451e-01	-1.868548670000000023e+00	-9.217336999999999891e-01	1.938479053000000008e+00	1.552823094000000070e+00	-1.305703805000000051e+00	-7.298318752000000353e-01	8.736083880999999662e-01	-1.765779978999999944e+00	-6.236489214999999531e-01	-6.050394497000000094e-01	-8.505696909000000083e-01	1.681361757000000012e-01	-1.675259412000000003e-01	-1.902346590999999920e+00	-1.149600216999999924e+00	-3.387153401999999924e-01	-2.022972681000000106e-01	7.301177620000000035e-01	4.491528807999999873e-01
5.367821098999999707e-01	4.364780776000000140e-01	-7.151641122999999323e-02	-7.821521978000000042e-01	4.530651063999999728e-01	-1.549889234999999865e-01	-4.781331959999999826e-01	3.689145092000000181e-01	-1.338107649999999982e+00	-3.582142891999999801e-01	6.086180254999999928e-01	-5.031421004000000141e-02	-8.114726883999999751e-01	1.689257805000000112e-01	-2.377166661000000014e-01	-9.433038446000000521e-01	9.667979073000000367e-01	-1.069418428000000088e+00	-9.361312298999999726e-01	2.516497099000000182e-01	7.681775437000000206e-01	2.186720462999999892e+00	-8.352735972000000508e-01	-5.857941150999999846e-02	5.524552085999999695e-01	1.107896839000000050e-01	4.811821001000000098e-01	-5.044216370999999866e-01	1.403586891000000003e+00	-2.170640823999999969e-01	-1.235256136999999921e+00	-1.430615847999999968e+00	-1.649936073999999975e+00	-1.198146751999999982e+00	-1.775652144000000043e-01	-9.094652361999999712e-01	-3.415659543999999825e-01	8.127414430999999606e-01	1.020022844000000095e+00	-1.533656718999999891e+00	1.738915815000000031e-01	-1.010211643999999964e+00	4.174363412000000051e-01	-5.804489321000000368e-01	-1.663186268999999884e-01	2.319861521999999898e-01	2.044369507000000086e-01	-1.864980172000000103e+00	-2.011017417999999779e+00	-4.406630696000000125e-01	9.919338248000000302e-01	-1.191850456000000058e+00	-2.305576457999999884e-01	1.057374516000000098e+00	-1.098854900999999940e+00	-9.950127898999999720e-01	-1.092595616999999963e+00	4.260012282000000261e-01	1.349752757000000081e-01	6.032532434999999804e-01	-2.498755796999999890e-01	8.765266983000000178e-02	2.002221490999999964e-01	-3.671837535999999957e-01	9.807606948000000546e-01	2.443710963000000069e-01
5.816050406999999645e-01	5.639671909000000261e-01	1.810446702000000074e-01	-8.574073898999999832e-01	2.749498175999999794e-01	1.595751591000000025e-01	-4.488248525999999905e-01	4.046289570000000113e-01	-1.070219663999999904e+00	3.555192476999999816e-03	8.156580116999999630e-01	-1.122996756999999901e+00	-2.645104120999999808e-01	-1.620617152000000116e-01	-4.576305252000000268e-01	-8.070851653999999709e-01	-1.155304417000000000e-01	-1.203860976000000083e+00	-7.092789870000000274e-01	4.072844958999999876e-01	6.031393945999999895e-01	9.010150178000000398e-01	-9.436752522000000365e-01	-1.603930644999999877e-01	6.373688070999999900e-01	1.746181472999999984e-01	1.016029705999999949e-01	3.255504155000000233e-01	9.373438300999999973e-01	3.195174365999999821e-01	-7.640129988999999622e-01	-1.317495673999999894e+00	-6.831772500999999664e-01	-5.992781539999999518e-01	-1.755805488000000136e-01	-1.369307065999999962e+00	7.607810734999999325e-02	6.290541952999999520e-01	1.080654739000000086e+00	-1.950995728000000096e+00	-2.568236690999999849e-01	-1.604103159999999972e+00	4.331011163999999858e-01	-7.249788792000000370e-01	4.652966343000000116e-01	7.148202565000000286e-01	9.627573351000000279e-02	-2.121272000999999963e-01	-1.589857741000000102e+00	-1.414863119000000058e+00	-1.887372977999999923e+00	-1.140440345000000022e+00	1.763514411000000059e-02	5.536186827999999699e-02	-5.996356712000000533e-01	5.138565196000000057e-01	-7.327761618999999449e-01	9.555638973000000203e-01	2.671249474999999873e-01	-1.812206919999999888e-01	-2.310943283000000126e-01	2.683220484999999933e-02	1.011085527000000095e+00	-9.256899593999999842e-01	3.119485551000000245e-01	-3.912189475999999777e-02
5.409226360000000122e-01	4.352974897999999926e-01	8.830516626999999896e-02	-7.200639192000000133e-01	3.501254912000000274e-01	1.530982834000000070e-01	-2.175303912000000062e-01	3.096957618000000245e-01	-1.194935190000000036e+00	-4.823193626999999761e-01	8.680054177999999565e-01	-1.683675932000000097e+00	-4.940255289000000105e-01	9.489764868000000186e-02	-4.668577577999999950e-01	-6.413231256000000435e-01	-8.119899753000000553e-01	-8.150931710000000052e-01	-3.926085887999999913e-01	1.486805522999999907e-01	4.477194842000000174e-01	-6.168142091999999632e-01	-6.685031732999999754e-01	2.368638305000000110e-01	5.575442298999999657e-01	3.370094417999999759e-01	3.134084337999999970e-01	8.525669887999999530e-02	5.007257878999999967e-01	2.745483765000000242e-01	-1.044713140999999901e+00	-1.126236712000000084e+00	-2.033505060999999947e-01	-6.452169616999999802e-01	-3.386311121999999868e-02	-9.959248429000000513e-01	3.571879061000000077e-01	-3.360801813000000027e-01	4.489596790000000004e-01	-1.890939246000000074e+00	2.537428516999999939e-01	-9.321457389999999732e-01	-4.038973327000000002e-01	-1.289798610000000068e+00	6.463201415999999533e-01	1.387638839999999929e+00	5.489498682000000240e-01	-1.264273355999999904e+00	-7.018103068000000055e-01	1.198534975000000058e+00	-3.022168713000000229e-01	-7.504274773000000343e-01	-4.787506617000000242e-01	1.024103878000000023e+00	1.289555418999999981e-01	-1.448951357999999967e+00	-1.049531878999999890e+00	-2.816526556000000237e-01	-4.434236099000000292e-02	1.130714234000000040e+00	1.434116855999999940e+00	-2.537020524999999971e+00	-7.591991452999999890e-01	-1.133168371000000008e+00	8.528868212000000337e-01	6.059257868999999852e-01
5.174743961000000114e-01	4.676615833000000166e-01	1.499029338000000024e-02	-6.385975332000000115e-01	4.817276569999999758e-01	3.334864895999999912e-01	-1.872626018000000114e-01	4.503393405000000183e-01	-1.236996121000000004e+00	1.301854625999999959e-01	7.766641692000000319e-01	-1.630543137000000087e+00	-8.766936950999999478e-01	8.568777330000000581e-02	-5.480813862000000203e-01	-5.868904428000000228e-01	-7.387034265999999905e-01	1.059345623000000014e+00	-3.609572656999999740e-01	-1.125191551000000040e-01	5.759197047999999874e-01	-4.040072302000000115e-01	-4.808956394000000190e-01	1.970768665000000031e-01	6.017795191000000488e-01	4.234530444999999865e-01	-3.523184942000000264e-02	-1.995606450999999892e-01	8.694541229000000149e-01	-2.209092209999999890e-01	-8.535177024000000223e-01	-1.127488433999999984e+00	-4.675088090000000252e-01	-4.279226696000000274e-01	-1.103789195000000056e-01	-1.088752949999999942e+00	1.616172092000000005e-01	-2.762643115000000260e-01	3.498572299000000108e-01	-1.716137683999999997e+00	1.328356796000000062e-01	-1.019691541000000035e+00	-5.563331586999999828e-02	-1.548263160000000083e+00	9.280879905000000152e-01	8.228576250000000369e-01	-9.984832860000000254e-01	-4.429443236999999756e-01	-2.107177795999999881e-01	1.410856561999999925e-01	-9.453995573000000263e-01	1.606324677000000034e-01	-7.993954867000000464e-01	8.718228496000000050e-01	-2.772918520000000053e-01	-9.281537288000000219e-01	-1.130761842999999933e+00	4.186995420999999884e-01	8.709128868000000079e-01	-1.238171088000000086e+00	-1.485908818999999992e-01	4.455438842000000177e-01	-2.138736831999999977e-01	-1.068948803999999919e+00	4.026614465000000198e-01	-1.919071744999999996e-01
4.756167872000000019e-01	4.712659415000000074e-01	1.649058267999999883e-01	-6.492915344999999894e-01	2.496267154000000044e-01	3.255872803000000038e-01	-1.118012268999999947e-01	6.157270263999999882e-01	-1.233621738999999939e+00	-7.323906041000000089e-01	5.337250587999999851e-01	-4.207828182000000194e-01	-8.078349034999999789e-01	1.089667958000000020e-01	-9.213198723000000090e-01	-4.442924426000000038e-01	-1.464162804000000095e+00	1.411574477999999910e+00	-8.698981954000000183e-01	3.715698674999999840e-01	1.637354202000000092e-01	-5.609719296999999827e-01	-1.298642973999999950e-01	2.560207937999999794e-01	1.059312500000000101e+00	5.640129135000000460e-01	-4.677212617999999822e-02	4.668390337000000168e-01	6.712439136000000195e-01	-3.613687890999999763e-01	-1.250623100999999959e+00	-1.089753025999999902e+00	-2.050079928999999912e-01	-5.094439479000000270e-01	-3.936017975000000169e-01	-1.480658142000000010e+00	-1.764235027999999927e-01	-6.986735146000000451e-01	6.242328829000000079e-01	-1.747798683999999936e+00	-1.744535221999999886e-01	-5.375460619999999912e-01	1.825190262000000008e+00	-1.081063266999999994e+00	-4.396710775000000071e-01	1.067693315999999948e+00	-3.072281693999999730e-01	3.250718807999999904e-01	-6.425298698000000419e-01	-8.619964070000000200e-01	-6.211071121000000250e-01	6.498288929999999908e-02	-2.138494210999999923e-01	9.650852655999999641e-01	-2.616888781999999747e-01	-1.624087694000000137e-01	-7.826704387999999790e-01	-8.350083789999999950e-02	9.760144699999999673e-01	8.473506000000000093e-02	-2.934502547999999766e-01	-1.675258925999999926e+00	-2.034251000999999850e-02	-4.913840507000000191e-01	-4.307143942999999697e-02	-7.237762546999999547e-01
4.679791255999999899e-01	4.295339152000000049e-01	2.029001617000000118e-02	-6.538307934000000543e-01	5.208878892999999621e-01	4.308370607999999907e-02	2.087108212999999948e-02	6.947325841999999474e-01	-1.373433778000000105e+00	-6.129723486999999471e-01	4.935513939999999766e-01	9.544702742999999767e-01	-8.380085998999999841e-01	3.073172437999999729e-01	-8.241953251000000424e-01	-6.412117712999999553e-01	-1.054581871999999976e+00	9.798329421999999456e-01	-1.046264054999999971e+00	2.130590621000000018e-01	4.622760671000000210e-01	-8.434369161000000448e-01	-5.700156247000000009e-01	1.708960134999999991e-01	1.121242862999999979e+00	6.811139341999999930e-01	-2.772807206999999829e-02	-6.338038183999999964e-01	9.938891539999999969e-01	-5.657672119000000110e-01	-6.968764197000000271e-01	-1.323193225999999889e+00	1.003317642000000065e-01	-6.565811874000000437e-01	-6.310529040000000256e-01	-1.699439139000000099e+00	-2.760111420999999954e-01	-1.061703110999999922e+00	8.974618885999999796e-01	-1.688377822000000084e+00	-2.933867388999999992e-01	-3.222332826000000039e-01	-5.161063264999999900e-01	-1.584021034999999911e+00	1.455146375000000063e-03	4.139579757999999887e-01	-6.709409211000000317e-02	-1.004557895000000034e+00	3.527068785999999956e-01	7.204654307000000202e-01	-5.720397642000000227e-01	-3.169688715999999795e-01	-8.227534612000000358e-01	-1.884965698999999939e-01	2.330956308999999893e-01	-9.481441548000000274e-01	-9.010380744000000552e-01	-3.607233865000000206e-01	1.201332140999999964e+00	1.925623112000000026e-01	-4.217166296000000036e-01	-1.576807845000000041e+00	-2.036934717999999978e-01	-1.173654304000000037e+00	3.029091250000000013e-01	-8.826314654000000370e-01
4.866826823000000024e-01	5.108789125999999570e-01	6.045442178999999722e-02	-6.641418553000000280e-01	3.036670982999999935e-01	2.040985194999999919e-01	-2.516139578000000099e-01	7.504921958000000393e-01	-1.187392572999999896e+00	-7.773783908000000409e-01	4.126585427000000195e-01	9.954525631999999735e-01	-4.864313466999999891e-01	3.192043331000000150e-01	-8.976582711999999686e-01	-8.349611237999999824e-01	5.804568259000000285e-01	4.103186580000000028e-01	-1.081268396000000021e+00	2.351140468000000039e-01	3.778233843000000092e-01	-4.122683220999999731e-01	-7.060283439000000216e-01	1.292090424000000015e-01	1.104599228000000100e+00	2.515140866999999725e-01	2.598672898000000120e-01	8.232550969999999357e-02	9.903887520999999916e-01	1.617322894000000066e-01	-4.891093516000000196e-01	-1.719014022999999947e+00	-1.353783839000000100e+00	-2.552491639000000201e-01	-3.289214214000000247e-01	-1.601955685999999934e+00	-7.219128487000000538e-01	-1.240062369999999969e+00	1.231592741000000046e+00	-1.290271584000000082e+00	1.334863605000000120e-01	-7.070308200999999571e-01	-2.846225694000000250e-01	-1.108662414000000096e+00	-6.255209679000000023e-01	3.867372229000000106e-01	7.412145726000000101e-01	-1.125883886000000000e+00	-6.028650809000000166e-01	2.432739754999999893e-01	3.228762867999999953e-02	7.869483785999999981e-01	1.719338567000000095e+00	1.615904621000000096e+00	-1.937111244000000010e+00	-4.774256065999999965e-01	-6.589528881999999754e-01	2.400694463999999972e-01	5.949176984000000001e-02	-1.608460824000000011e+00	-9.652131070999999674e-01	-9.725415264000000226e-01	4.170622826000000005e-01	-4.306939586999999903e-02	1.040244247000000066e-01	-7.059988426000000095e-01
4.409199194999999794e-01	4.561589428999999751e-01	2.591395230999999910e-01	-6.531278522000000253e-01	2.964326579000000073e-01	1.719022376000000074e-01	-1.855030913000000059e-01	4.353794060999999771e-01	-1.273483106000000031e+00	-3.099872667999999942e-01	7.821933640999999549e-01	5.098500889000000535e-01	7.125216354000000196e-01	4.495282251000000118e-01	-1.051443906000000039e+00	-4.647224786999999968e-01	1.105134964999999969e+00	-6.381669240999999770e-01	-8.707443871000000168e-01	2.708712997000000122e-01	3.557661494000000091e-01	3.584794190999999741e-01	-4.891462149999999953e-01	2.556710714000000051e-01	7.925402884000000148e-01	3.022279992999999873e-02	7.120948991000000117e-01	-1.483366943999999965e-01	6.889625269000000385e-01	2.252554157999999973e-01	-1.717463619999999969e+00	-1.524648975999999934e+00	-1.438285427999999921e+00	-2.371149224000000111e-01	-1.111110322000000039e+00	-8.264671431000000235e-01	-8.104568098000000109e-01	-1.827143653000000034e+00	1.905207651000000002e+00	-6.095854807999999680e-01	4.363032790999999966e-01	-8.818285432000000368e-01	9.515757089999999918e-01	-4.217675096999999873e-01	-7.502659586000000047e-01	1.124361393999999903e+00	9.856932757999999906e-01	-5.474034559999999550e-01	-1.590013451000000036e-02	3.547611996000000212e-01	8.409246975999999929e-01	-1.221741862000000012e+00	7.676735513000000621e-02	2.028557690999999857e-02	-2.491649314000000004e+00	-6.888240205000000227e-01	-6.760059425000000122e-01	-3.413362851999999781e-01	6.882527991000000345e-01	1.045330652999999943e+00	-1.280080520000000055e+00	-9.155010706999999748e-01	2.835046320999999869e-01	-5.470256904000000420e-01	2.975251622000000262e-01	-1.229614058000000065e-01
4.500040706999999807e-01	4.028352325999999817e-01	1.284109603999999960e-02	-5.176872029000000319e-01	5.735356298999999547e-01	9.452823489999999731e-03	-4.207920191000000254e-02	3.687710372999999930e-01	-1.292381446999999906e+00	-6.029152625999999460e-01	7.517116016999999539e-01	-4.643790808000000311e-03	-7.880872938999999855e-01	6.959982174000000077e-01	-3.658428670000000160e-01	-3.510959621999999725e-02	9.084365942000000027e-01	-1.478571043999999945e+00	-7.139034021000000285e-01	8.574843065999999958e-02	4.849002813000000134e-01	1.791363489999999947e+00	-6.508951427000000400e-01	4.022089824999999785e-01	3.036648059000000011e-01	-4.576301919999999912e-01	8.882291957000000293e-01	-7.590053155999999523e-01	8.855874591000000295e-01	7.681053738999999991e-01	-1.307958399999999966e+00	-1.037197445999999967e+00	-1.513039462999999918e+00	-6.713632779000000550e-01	-8.099199572999999930e-01	-8.708538663999999818e-02	-6.126173478999999977e-01	-1.812110133000000012e+00	1.823915847000000090e+00	-1.684372269999999949e-01	3.433301697999999735e-01	-6.276788395000000298e-01	-2.431638936999999945e-01	-2.002885835000000059e-01	2.546749335999999933e-02	6.762913851999999837e-01	6.778342222000000028e-01	-8.354726498000000223e-01	-2.905133876000000059e-01	1.909824359999999846e-02	1.294492028999999933e+00	-1.241411690000000068e+00	-1.021820009999999890e+00	2.379544479000000046e-01	-8.738912185999999638e-01	-2.213426672999999900e-01	-9.380879604999999843e-01	-5.718011745999999895e-02	9.401987662999999884e-01	5.848272903000000245e-01	-4.662581123999999799e-01	-4.169806810000000197e-01	5.149903073999999581e-01	-4.632399467000000159e-01	5.997645826999999930e-01	6.053313669000000008e-01
4.687252301000000010e-01	6.121918616999999507e-01	1.167849754999999989e-01	-6.707503887000000331e-01	3.642709533999999860e-01	3.854376648999999766e-01	-1.975873377000000042e-01	3.816279940000000259e-01	-1.014770173000000053e+00	-2.460513928999999989e-01	7.297503401999999584e-01	-7.815849790000000130e-01	9.119285566000000232e-02	4.420630721000000096e-01	-2.733705799000000214e-01	4.143915103999999960e-01	8.746095157000000064e-02	-1.442875509999999917e+00	-7.862583319999999487e-01	2.967278978999999817e-01	5.127536284000000499e-01	1.225555162999999892e+00	-6.935846128999999527e-01	3.204077504999999770e-01	4.756670687999999814e-01	-6.289715304999999868e-01	1.215072399000000081e+00	1.856985657999999928e-01	5.673126218999999804e-01	9.264949465999999800e-01	-7.372792809999999530e-01	-1.091797467999999993e+00	-5.276997669999999863e-01	-4.337586111000000244e-01	-6.295051361000000290e-01	-3.771586941000000248e-01	-8.690453659999999858e-02	-1.216004660999999931e+00	1.890148903999999908e+00	-7.842411879999999780e-01	-4.844027381000000076e-01	-1.291732781000000108e+00	-1.787681720000000030e-01	-8.621950675000000092e-03	5.227346062000000071e-01	7.875679249999999465e-01	-2.084009100999999892e-02	-4.686386619999999836e-01	-9.393295823999999739e-01	-6.031045081000000474e-01	-2.049492678000000012e+00	-1.193923483999999924e+00	1.719528217999999886e-01	5.413136304000000232e-01	-1.567091761000000139e-01	9.886642055000000040e-01	-9.252689295999999564e-01	1.993149598000000022e+00	1.227201428000000094e+00	4.746138339000000039e-01	-1.501304989999999950e+00	5.365874001999999532e-01	1.193785912000000060e+00	-8.835704276000000412e-01	1.003416176999999965e-01	9.011017170000000520e-02
4.660856566000000090e-01	4.887715047000000257e-01	1.991885120999999925e-01	-5.298934575999999508e-01	3.718294015999999980e-01	3.606125734000000249e-01	-9.916147437999999273e-03	3.023173404000000231e-01	-9.946107791999999614e-01	-6.391045349999999736e-01	5.976291651999999788e-01	-1.288979721000000023e+00	-4.073767193999999758e-01	4.041304405999999738e-01	-5.467140019999999767e-01	5.752774391999999626e-01	-7.475038009000000150e-01	-1.292526877000000018e+00	-7.126543121999999730e-01	2.534402758000000033e-01	4.612550074999999805e-01	-7.077993878999999655e-01	-3.161846682000000186e-01	5.451968037000000100e-01	7.351546638999999495e-01	-5.068001527000000062e-01	1.197918703999999890e+00	1.173556644999999982e-01	4.492233593000000136e-01	3.944728835999999905e-01	-8.468904243999999526e-01	-8.203365793000000350e-01	2.473653774000000027e-01	-9.671219214999999814e-01	-5.362951114999999769e-01	-6.577087112999999707e-01	1.071682639999999992e-01	-1.697623306000000110e+00	6.383476536000000090e-01	-7.853088830000000131e-01	-5.941592696999999923e-01	-6.235048841000000452e-01	-5.134376389999999457e-01	-1.365982071999999881e-01	7.567963080999999814e-01	8.680009214999999667e-01	2.717082316000000164e-01	-8.155951300999999543e-01	-4.559515606999999804e-01	1.551693463000000106e+00	-8.033313356000000571e-02	-1.234811630999999910e+00	-9.518275280000000338e-01	1.289399084000000029e+00	5.466527232000000236e-01	-1.900154923000000107e+00	-1.049634495000000056e+00	-3.496259185000000214e-01	5.109969577999999846e-01	-4.162803531000000001e-01	3.164685013999999907e-01	-1.549723444000000061e+00	-7.893203879000000311e-01	-4.837127321999999952e-01	-9.045031740999999459e-02	1.012004544999999922e+00
4.555567206000000202e-01	4.775970394999999868e-01	5.606112532000000204e-02	-5.930919118999999906e-01	4.969698638000000224e-01	4.375651494000000197e-01	-1.557350362000000099e-01	4.399659665999999802e-01	-1.217195813000000015e+00	-9.674816294000000705e-03	3.852206583000000184e-01	-1.268693362000000047e+00	-3.052166879000000055e-01	3.198346101000000274e-01	-7.202936659999999991e-01	6.194229971000000390e-01	-7.337881590000000509e-01	9.380536238000000138e-01	-4.366556950000000104e-02	-4.825683013999999826e-02	1.501020006000000073e-01	-8.464492554999999974e-02	2.319694115000000001e-01	2.246845433999999919e-01	9.578953793000000161e-01	-5.572483946999999826e-01	3.567837466000000068e-01	-1.418393775000000023e-01	7.112330154999999543e-01	-3.084475901000000020e-01	-1.025620133000000100e+00	-1.190725778000000012e+00	-7.418400796999999880e-01	-6.573060118000000340e-01	-5.380467782000000199e-01	-3.351313913999999783e-01	1.550620564000000090e-01	-8.274580231000000508e-01	-3.454676085000000230e-01	-1.048773509999999964e+00	-1.018958518000000035e+00	-9.330814275000000046e-01	1.311706779999999961e+00	-4.012549988999999928e-01	1.004650773000000052e+00	8.229331032000000157e-01	-6.513054699000000447e-01	-1.159945860999999967e+00	2.833448729999999902e-02	-2.728238004999999911e-01	-9.817601687000000465e-01	2.323803068999999999e-01	-1.089841743000000029e+00	1.882678685999999990e+00	-4.213890291999999871e-02	2.699819032999999924e-01	-1.328467784000000096e+00	2.645407915999999915e-01	1.143963687999999923e+00	-1.307556127000000012e+00	1.107931600999999988e+00	-3.427863084000000171e-01	-5.631972263000000201e-01	-2.638187558999999793e-01	-3.576771188999999795e-01	4.926095489000000271e-01
4.866927146999999731e-01	5.464963524000000517e-01	2.497980254000000122e-01	-6.311549389999999704e-01	4.014143794999999737e-01	3.776980541000000136e-01	-2.524476332999999739e-01	8.128143749999999779e-01	-1.091291368999999900e+00	1.788939897999999862e-01	2.691523263000000221e-01	7.018326906999999837e-01	-4.354729713000000113e-01	1.703903902999999997e-01	-1.326241251999999982e+00	7.367836578999999997e-01	-1.190607565999999951e+00	8.047653700000000354e-01	3.508471653999999940e-01	-7.443551264000000320e-03	2.461645248000000064e-01	-4.433044926999999968e-01	8.244327122000000285e-01	-1.421141670999999940e-01	9.182129163000000149e-01	-3.197734682999999745e-01	-1.855870102999999938e-01	4.618985809999999748e-01	2.769464045999999735e-01	-5.128839282999999583e-01	-9.547808701000000120e-01	-8.929344636999999585e-01	-2.782882680000000053e-01	-6.940145471999999982e-01	-9.241391790999999856e-01	-7.281945827000000371e-01	7.070283223000000117e-01	-7.125848512000000357e-01	-1.049855156000000012e+00	-1.183707596999999945e+00	-6.139010095000000389e-01	-1.409142985999999986e+00	-4.623521784999999884e-01	-3.207817263000000141e-01	-5.053347707999999994e-01	1.233563305999999971e+00	-5.641646997999999469e-01	8.741255811000000486e-01	5.676307153000000050e-02	1.701715712000000102e-01	8.033181892000000601e-02	5.063997712000000151e-01	-5.166438544000000466e-01	4.113355135999999801e-01	1.024690654999999895e+00	-2.850748649000000023e-01	-5.321997502999999963e-01	-6.037223173000000331e-01	8.086100438000000112e-01	-6.807508799999999471e-01	-1.143751194000000027e+00	-5.392376516000000342e-01	-9.871130956000000178e-02	2.363434698999999917e-01	-7.522891637999999936e-01	-4.492916533999999906e-01
4.266934785000000008e-01	4.547630646999999970e-01	1.862054055000000041e-01	-5.315588221999999474e-01	4.378976054000000007e-01	2.939356553999999955e-01	-2.168755958999999955e-01	7.379042412999999856e-01	-1.282109230000000100e+00	-1.033591445999999969e+00	2.173773713000000107e-01	1.153424873999999933e+00	-4.246396163000000223e-01	2.694731695000000121e-02	-1.097967981999999898e+00	5.921525823000000077e-01	4.269019067000000001e-01	3.614771788000000208e-01	8.169332897000000093e-01	2.850525174000000106e-02	1.903572394999999973e-01	-6.826447337000000060e-01	8.397774784000000547e-01	-4.329565657000000178e-01	1.235801928999999966e-01	-6.107916343000000525e-01	-4.670475055000000014e-02	-5.635388899999999729e-03	1.416538106999999935e-01	-6.137717348000000239e-01	3.395142084000000310e-02	-1.232921895000000045e+00	-1.520168694999999959e+00	-8.084263265000000143e-01	-5.074384267999999532e-01	-4.628060496999999995e-02	4.486500461999999856e-01	-1.083123180999999935e+00	-1.367442215999999933e+00	-6.849150255000000520e-01	1.693675225999999867e-01	-1.044981720000000003e+00	-6.695625322999999574e-01	-4.361148080999999732e-01	-5.193163133000000542e-01	1.755245205999999891e+00	9.338087791999999387e-02	-2.516073591000000054e+00	4.601293282999999734e-01	1.138312253999999912e+00	-3.716279688999999942e-01	1.233802143999999934e-01	3.064680269000000234e-01	2.523958100999999843e+00	-6.583617308000000445e-01	7.265779867999999642e-02	-2.620055289000000065e-01	-8.987868581000000301e-01	3.452781942000000132e-02	9.405943169999999576e-01	-7.733270646000000026e-01	-4.856825334000000050e-01	3.756694493000000135e-01	-3.794557465000000240e-01	1.458627426999999921e-01	-2.727856088999999762e-01
5.226137799000000195e-01	5.449892645999999674e-01	-1.270622195999999982e-02	-6.969301879000000532e-01	5.429183796000000006e-01	2.535082432999999913e-01	-2.616078480999999845e-01	6.881958047999999772e-01	-1.187235712999999970e+00	-1.848781459999999932e-01	2.795977766000000142e-01	6.317224495000000051e-01	9.505695252000000428e-01	2.823813697000000095e-02	-1.069759013000000092e+00	8.711820933999999683e-01	1.124130861999999897e+00	-4.381767965000000209e-01	7.606718463999999624e-01	-1.039841316000000015e-01	2.243114172000000017e-01	6.127427157999999485e-01	5.176395574000000055e-01	-5.224658032000000230e-01	-2.681607543999999788e-01	-6.467951355000000069e-01	-2.141484303999999922e-02	4.606993369999999866e-01	7.257671987000000047e-02	-8.346602838000000135e-02	-4.957552027000000083e-01	-1.220305650000000020e+00	-9.719067003000000371e-01	-7.680733808999999912e-01	-6.079073088999999985e-01	-4.391283977000000061e-01	7.713515683999999650e-01	-1.044482418000000079e+00	-1.054307238999999896e+00	-8.797397525000000273e-01	2.350868539000000035e-01	-1.372930401999999939e+00	7.570993374000000165e-01	-3.630546101000000081e-01	-5.794945166999999620e-01	1.607695485000000035e+00	-7.454368722999999974e-01	-1.770281200999999915e-01	-6.338936282999999561e-01	-3.314814824000000271e-01	2.052494502000000054e+00	-1.487691962000000090e-01	1.780370805000000001e-01	7.329882827999999462e-01	-6.263984777000000115e-01	-7.349633479999999608e-01	-3.359480983000000254e-02	6.727424844999999598e-01	4.979887505000000214e-01	-2.719019455000000127e-02	-1.957382047999999930e+00	-1.729387478000000034e+00	-7.804643377000000104e-01	-5.547105693999999643e-01	-4.765163600999999804e-02	-9.141528631999999988e-01
4.473792266000000128e-01	5.341364828000000342e-01	3.765247600000000139e-01	-6.260081817999999521e-01	3.524254605000000096e-01	2.885475728999999934e-01	-3.192507975000000164e-01	5.172760007000000160e-01	-1.244775916000000038e+00	-1.742055070999999900e-01	4.160711804000000180e-01	-2.221136468999999891e-01	-7.968169189999999569e-01	-8.128041155000000073e-02	-5.458444937999999969e-01	5.871396105999999726e-01	7.006638657000000547e-01	-1.071089463000000075e+00	6.022372003999999501e-01	3.025661951999999988e-01	2.882762761000000062e-01	2.111736146999999786e+00	2.570370262000000183e-01	-3.738044943000000120e-01	-3.756932150999999775e-01	-7.388306985000000493e-01	1.049534379000000017e-01	-6.208339497999999790e-02	5.745999778000000502e-01	7.079841225999999876e-01	-9.126995973999999512e-01	-8.680118488000000410e-01	-1.136947072999999975e+00	-6.621048856000000260e-01	-1.079924131999999926e+00	-8.425547385999999639e-01	8.105807562000000299e-01	-1.554803412999999912e+00	-1.286854952999999968e+00	-9.232597444000000264e-01	4.882791832999999748e-01	-1.291575705000000074e+00	6.030750087999999787e-01	4.100375701000000261e-01	-1.484747858000000018e-02	1.914072146999999946e+00	-3.643997632000000042e-01	-9.105821817000000484e-01	-1.186823834999999994e+00	4.781717937000000140e-01	1.193406627000000109e+00	-9.675178943000000142e-01	-8.405117706000000410e-01	4.501173588000000059e-02	-4.813394691999999808e-01	8.913491266999999940e-01	2.132750908000000112e-01	-6.817785878000000299e-02	-6.167582081999999771e-02	1.381449345999999911e+00	8.761351716000000123e-02	1.285867475000000093e+00	4.531073011999999789e-01	7.355721026999999523e-01	-3.090790668999999768e-01	-2.707164736000000071e-01
4.732380586000000111e-01	4.635521215000000250e-01	1.364393304000000029e-01	-6.219968201000000141e-01	4.955000002000000126e-01	3.269021892999999790e-01	-5.722695297000000153e-02	4.300556078000000171e-01	-1.328768184000000074e+00	-5.940396467999999874e-01	5.678213560000000548e-01	-8.856975293000000082e-01	1.923562205999999886e-01	-1.332410158000000011e-01	-7.482814748999999654e-02	4.776316094999999984e-01	-5.203115521999999993e-02	-1.672360148000000102e+00	9.189279516999999675e-01	1.016263404999999953e-01	2.785850663000000171e-01	9.470683446000000005e-01	8.887064563999999556e-03	-1.861834917000000089e-01	-4.133722444999999857e-01	-7.487870111000000106e-01	2.000026656999999985e-01	-3.782945359000000063e-01	1.051028209000000047e+00	2.347411464999999975e-01	-1.014660587999999947e-01	-1.070581726999999983e+00	-4.173476635000000212e-01	-1.044810428999999985e+00	-5.266290449999999623e-01	-1.397342722999999953e+00	6.996531619000000424e-01	-1.361167024000000003e+00	-1.425900868999999904e+00	-9.418345744999999658e-01	3.561026708999999735e-01	-7.482076605999999908e-01	-9.156919377000000138e-02	-2.863240506999999990e-01	1.226372025000000088e+00	1.442027414000000007e+00	-5.975154762000000064e-01	-1.834335890000000080e-01	-2.648228651999999794e-01	-4.672920688000000156e-01	-1.628553166999999968e+00	-1.756097538999999985e+00	-1.767754578999999993e+00	1.163090420999999930e+00	5.390778541999999979e-02	-5.453421135999999558e-01	-4.710327227000000172e-01	5.217999689000000219e-01	5.545809959999999927e-01	2.358853591999999999e+00	-1.544271621000000039e+00	-1.153168076999999903e+00	7.861466187000000216e-01	-8.469378725999999746e-01	4.908199028999999936e-01	3.737608913000000088e-01
5.329254133999999921e-01	5.457781876999999726e-01	1.474618245000000050e-01	-6.002124419000000044e-01	4.548287242999999869e-01	4.494671418000000251e-01	-2.191763119000000037e-01	6.300920677000000358e-01	-1.281625833999999964e+00	1.109260787999999942e-01	5.334289974000000489e-01	-1.470804205000000087e+00	-4.789219485999999804e-01	-1.916830197000000124e-01	-8.494626400000000466e-01	2.296817053000000108e-01	-2.742201769000000011e-01	-3.093026280999999766e-01	5.915904395000000093e-01	7.455074020999999385e-02	3.385990696999999772e-01	-3.643188667000000214e-01	-2.328610653000000030e-01	-3.036437757000000071e-01	-3.229832597999999777e-01	-5.996505726999999952e-01	9.145437976000000621e-03	4.316605680999999750e-01	1.753403797000000042e+00	3.642715342999999772e-01	-8.608596726999999671e-01	-1.276284385000000077e+00	1.837599457999999908e-01	-9.385186637000000331e-01	-3.037175678999999920e-02	-1.802022843999999901e+00	7.184750491000000405e-01	-1.424308876000000001e+00	-1.308787555000000102e+00	-1.491618985999999980e+00	2.783046875999999892e-01	-9.184956008000000338e-01	-3.284137440000000074e-01	-9.857586756999999755e-01	8.121310852999999996e-01	9.204519340000000271e-01	-1.002618274999999892e+00	8.315602696000000751e-03	1.048143586000000044e-01	-6.258394980000000496e-01	4.029692974999999899e-01	-8.811985999000000458e-01	4.176419679999999746e-01	6.876273207999999970e-01	5.772458146000000179e-01	-9.713875196000000267e-01	-7.223024456000000093e-01	1.041985493999999957e+00	1.137999052999999927e+00	-9.742181312000000037e-01	2.887024380000000057e-01	7.204817377000000134e-01	-5.230101644000000327e-01	7.918524402000000073e-01	-1.299617885999999889e-01	-1.042706840999999968e-01
4.720637254000000227e-01	5.526396886000000119e-01	2.184927554999999966e-01	-6.589156408999999881e-01	2.359978927999999976e-01	4.700112229999999780e-01	-2.953585791000000182e-01	7.847832786999999755e-01	-1.216022624000000052e+00	-5.679611072000000371e-01	-9.710524861000000008e-02	-8.773734841000000451e-01	-5.664471462000000290e-01	-2.417055146000000043e-01	-8.225168773000000044e-01	9.472889005000000029e-02	-1.442653103000000048e+00	1.198278964000000002e+00	2.377747866000000099e-01	4.323361477000000064e-01	-6.917377058999999925e-03	-8.132125058000000406e-01	-1.120454012999999929e-02	-2.722439853999999992e-01	-1.161352746000000012e-02	-1.195356308999999950e-01	3.057778065000000267e-01	7.149457215000000199e-01	2.129221629999999976e+00	-6.702674704000000094e-01	-9.752587055000000449e-01	-1.291853563000000094e+00	-7.738066558999999456e-02	-9.110972325999999732e-01	-4.230053863000000081e-01	-1.834858772000000027e+00	-6.956593196999999451e-02	-1.158922479999999977e+00	-6.485364523000000103e-01	-1.532256402000000017e+00	7.751661509000000450e-02	-5.753600923999999672e-01	1.806484391999999994e+00	-7.127734825000000551e-01	-3.730837157999999931e-01	7.161849225999999957e-01	-2.888521002000000171e-01	-1.097630913999999985e-01	2.323381605000000016e-01	-7.969966806999999598e-01	-5.930492041999999575e-01	-1.976235244000000002e-01	-1.028680696999999949e-01	1.132021476000000026e+00	9.170222549999999806e-02	3.187810511999999985e-01	-1.161749632999999893e+00	3.444838103999999790e-01	1.340182060000000064e+00	4.759990499000000264e-01	2.676153193999999957e-02	-4.647624466999999981e-01	1.833875993000000093e-01	1.706876518000000065e-01	2.196461717999999980e-03	-4.497153186000000247e-01
4.516638257999999739e-01	4.465898897999999728e-01	1.552169142000000002e-01	-5.322884554000000268e-01	4.126355306000000223e-01	1.992130964999999920e-01	-1.629528007999999917e-01	8.563923839999999510e-01	-1.386916878000000075e+00	-3.517781844999999796e-01	1.248343115999999975e-01	9.464775834999999971e-01	-6.647626244000000018e-01	-1.863836115999999987e-01	-1.116968938999999938e+00	3.024538790000000019e-02	-9.710415019000000481e-01	7.557891824000000369e-01	7.809349047999999960e-02	3.360600591999999831e-01	5.984167303999999854e-01	-1.059090413999999924e+00	-2.351540082999999948e-01	8.273269794000000232e-02	1.331826721999999907e-01	3.910741326000000129e-01	3.702982106000000107e-01	-1.974387632999999864e-01	2.194341801000000203e+00	-1.378145555999999994e+00	-8.347608184999999459e-01	-1.193941262999999919e+00	-1.436918479000000026e-01	-8.913563747999999620e-01	-4.766720899999999927e-01	-2.001064849000000034e+00	-5.275422998000000030e-01	-9.649172324000000467e-01	-2.718774869999999733e-01	-1.473520074000000069e+00	2.592047988000000165e-04	1.132825063000000021e-01	-4.339472261000000275e-01	-6.185885603999999871e-01	-4.068968758000000019e-01	3.567953133000000276e-01	-2.975952758000000031e-01	-1.159160597999999931e+00	3.642951117000000072e-01	1.681191966000000093e+00	-3.617276408999999804e-01	-2.990179141000000040e-01	-2.670435281999999910e-01	-5.804761711999999879e-02	5.678622318999999585e-01	-5.484204562000000172e-01	-1.203036873999999923e+00	-1.714810646000000105e-01	5.392474044999999716e-01	4.543487401999999897e-01	-8.624961255999999965e-01	-2.191884428999999912e+00	4.886887054999999869e-02	-6.190085055999999808e-01	9.055559067999999767e-01	2.203728969000000038e-01
5.282823599000000536e-01	5.174886852000000204e-01	-5.159272181999999957e-02	-4.852912088999999929e-01	4.085708766999999741e-01	3.145413986999999745e-01	-2.753294064999999846e-01	8.057983559000000406e-01	-1.227481204000000048e+00	-5.622694455000000202e-01	8.775798021000000282e-02	1.109422541999999900e+00	-6.089828228000000454e-01	-1.853843235000000034e-01	-1.126339063999999945e+00	-4.898880930999999911e-02	2.097614623999999872e-01	4.333809180000000039e-01	-4.426944465999999717e-02	-5.816538427000000205e-02	3.999321732000000185e-01	-4.202224746000000066e-01	-3.273212273000000172e-01	1.253087806000000026e-01	1.669368348999999974e-01	4.323027613000000047e-01	2.444462062999999963e-01	3.350922654999999861e-01	2.237544495999999938e+00	-1.537878207000000108e+00	1.054188620999999965e-01	-1.492800294000000028e+00	-1.272891047000000109e+00	-8.736054763999999695e-01	3.813467332000000098e-01	-1.959824674999999905e+00	-8.896399913000000437e-01	-6.442238780000000276e-01	7.487994900000000120e-02	-1.365774239999999917e+00	-2.233214877999999959e-01	1.707103009000000005e-01	-8.819807882999999848e-02	-1.023467563999999941e+00	-3.608366973000000089e-01	-1.107936047000000063e-02	-7.026703264000000448e-01	-8.466724098000000254e-01	-1.333847659999999880e-01	-3.510257411000000105e-01	-6.730720282999999582e-02	-1.800602983000000046e-01	1.496550561000000057e+00	2.121411403999999834e+00	-1.604467088999999902e+00	-1.119580387000000066e+00	-1.065006655999999996e+00	8.783197713999999490e-01	3.037995592000000133e-01	-1.771817377999999887e-01	-1.115479026000000040e+00	-6.095782834999999844e-01	5.631085933999999821e-02	-1.151551825999999945e+00	8.704894426999999490e-01	3.483916928999999940e-01
4.981081779000000043e-01	5.499236215999999677e-01	2.006441344999999876e-01	-6.872645224000000219e-01	2.597903981999999945e-01	3.223519758999999762e-01	-4.168947924999999999e-01	7.013569792999999608e-01	-1.248771550999999924e+00	-2.643010853000000160e-01	1.934715834999999884e-01	3.656886361000000196e-01	8.554886461999999803e-01	-4.030027652000000016e-01	-1.333369779999999949e+00	-1.074243748000000033e-02	1.303477223000000018e+00	-2.932457244000000185e-01	-4.047942320999999843e-01	2.613132678999999792e-01	4.670841573999999774e-01	1.568440239000000069e+00	-5.920335089999999578e-01	-4.714281928999999871e-02	3.715365187999999930e-02	8.573391704999999696e-01	2.497010779000000125e-02	4.569509766000000028e-01	2.121341209000000116e+00	-9.734275127999999500e-01	-1.253304377000000080e+00	-1.419210619000000007e+00	-1.093352137999999973e+00	-6.910005389000000164e-01	-3.435739902000000123e-01	-2.251749665000000178e+00	-1.137211063000000077e+00	-5.098960754000000373e-01	3.689579271999999799e-01	-1.459120505000000012e+00	-2.663974839000000094e-01	1.562624371000000123e-01	1.057807567000000004e+00	3.967155292999999805e-01	-6.019908873999999521e-01	-9.170577363000000093e-02	-6.078544830000000010e-01	-3.923264700999999910e-01	-1.465347347000000022e+00	-1.667014889000000000e-01	6.071677773000000444e-01	-9.609902310000000281e-01	9.224855760000000293e-01	-2.151873875999999863e-03	-1.802153681999999923e+00	1.526269329000000008e+00	-9.019078175000000419e-01	1.064380174000000068e+00	-3.643022494000000000e-01	1.068899838000000102e+00	1.142069534999999997e-01	-5.864401255000000202e-01	8.395785623000000530e-01	-5.364463297999999547e-01	6.449892271000000343e-02	3.670603861000000245e-01
4.941891196000000042e-01	4.284500420999999837e-01	3.167336075000000140e-01	-6.622148839000000509e-01	4.340855449000000088e-01	1.062965163999999990e-01	-1.191663357999999950e-01	3.628765493000000175e-01	-1.296459502000000041e+00	-1.753521288999999872e-01	5.710777673000000387e-01	-4.516844643999999853e-01	-1.484022811000000053e-01	-1.323999116000000031e-01	-6.605527523999999984e-01	3.619630607999999722e-02	3.022548855000000145e-01	-1.740542510000000043e+00	-9.124904580999999848e-02	2.019598367000000061e-01	4.907328745000000270e-01	6.951354239999999463e-01	-1.182974608999999955e+00	3.806593554000000101e-01	-2.530323615000000248e-01	1.206361481999999929e+00	5.039831556999999629e-01	-2.943654010000000265e-01	1.948435981999999900e+00	-8.317237571000000163e-01	-5.383922898999999873e-01	-1.082541251000000093e+00	-5.516533395999999589e-01	-9.885473736000000011e-01	-4.735004716999999808e-01	-2.251323584000000100e+00	-1.281324056000000100e+00	-8.134818762000000092e-01	3.342471048999999805e-01	-9.743440526000000101e-01	7.862458458000000372e-02	1.059078766999999921e+00	2.830530958000000014e-02	4.473452584000000010e-01	2.060124483999999923e-01	1.983309360999999937e-01	1.851032843000000039e-01	-1.541360171000000001e+00	-1.725832400000000044e+00	7.218022853000000127e-01	-5.552935654999999748e-01	-1.851867492000000004e+00	-8.088507761000000018e-01	6.091073029000000361e-01	-3.739853240000000079e-01	3.881550279000000048e-01	-9.227370361000000187e-01	1.639172401000000001e-01	1.655741550000000006e-01	6.857755354000000247e-01	-2.539217239000000070e+00	-1.919362669000000077e+00	-4.429664695000000152e-01	-7.129369872999999913e-01	8.606237747999999632e-01	1.323938690000000085e+00
5.540216921999999711e-01	5.018962157999999896e-01	7.120565809999999940e-02	-6.378708337999999811e-01	4.854971183999999829e-01	2.343501809999999907e-01	-2.780709867000000224e-01	4.717872305999999960e-01	-1.097217636000000107e+00	-1.129632371000000024e-01	4.873257700999999997e-01	-1.341702084000000017e+00	-2.989662604000000168e-01	-4.493083764999999952e-02	-9.512965097000000148e-01	1.589115685999999972e-01	-1.889108331999999890e-01	-7.634608131000000242e-01	-4.248467791999999826e-02	4.931286790000000142e-02	5.778027652999999653e-01	-2.439681415000000131e-01	-1.015356876000000019e+00	4.775042318000000119e-01	-2.808869983999999764e-01	1.279507318000000060e+00	-3.165270657000000126e-02	2.527354108000000044e-01	2.188086516999999898e+00	-4.777447531999999830e-01	-6.994603769999999665e-01	-1.124017679999999908e+00	-1.403841918000000022e-01	-5.278763417999999819e-01	1.349688520000000003e-01	-1.991916647999999901e+00	-1.188039258999999959e+00	-5.372376321999999815e-01	4.220188811999999734e-01	-1.110300748000000004e+00	1.027484510000000045e-01	5.184319590999999505e-01	-2.377784339000000025e-01	-1.582469632000000070e-01	3.492597184999999826e-01	3.288965725999999923e-01	-3.829051726000000100e-01	-3.419893422999999988e-01	-7.335348440000000192e-01	-1.155942130999999984e+00	-6.246222666999999840e-01	-1.310672508999999986e+00	4.948200877999999747e-01	1.030404958000000093e+00	5.967806970000000266e-01	-1.783020440999999900e+00	-1.324669405999999938e+00	1.513665483000000034e+00	7.379590719999999937e-01	2.869456135999999824e-01	1.023198307999999973e-01	1.306814962000000024e+00	-4.693941484999999969e-01	-4.209745295999999803e-01	4.224976614000000019e-01	1.897196033999999920e-01
5.118089169999999744e-01	5.605920172999999673e-01	2.453850858000000135e-01	-6.005203153000000516e-01	3.443000010999999749e-01	3.855474635999999733e-01	-2.360837114000000070e-01	7.311769745999999737e-01	-1.070801880000000095e+00	-2.053239233999999969e-01	-5.766583609999999943e-02	-1.001863270999999944e+00	-4.709005589999999963e-01	-2.058820225000000115e-01	-9.520032985999999919e-01	4.212047016000000088e-01	-1.376198226000000080e+00	9.188379991999999774e-01	-3.796458058000000135e-01	1.226166176999999996e-01	2.736718174000000170e-01	-7.912255653999999971e-01	-7.411996773000000260e-01	5.096243644000000295e-01	-1.365533341000000067e-01	1.742190987000000080e+00	-2.263861926000000080e-01	6.213836952000000302e-01	2.205735702000000131e+00	-4.148914318999999962e-01	-1.008887112999999891e+00	-9.921506206000000327e-01	-2.015896892999999995e-02	-2.604003375999999759e-01	5.753332460999999870e-02	-1.986416847999999957e+00	-4.902269089999999885e-01	9.266410278999999417e-02	5.803905650999999777e-01	-1.060585907000000105e+00	-1.560215291000000004e-01	3.162826182999999847e-01	1.849902554000000032e+00	-2.048693035999999967e-01	-7.267099318000000419e-02	1.507272510999999870e-01	-2.121294253999999879e-01	-1.091475796000000109e+00	2.084654606999999937e-01	-5.847998402999999845e-01	-3.490450560000000202e-01	-3.859495196000000197e-03	9.659084177000000215e-01	6.164847244000000170e-01	5.051081615000000413e-01	5.518905666000000210e-01	-1.211738626000000041e+00	1.583981907999999938e+00	5.571947859000000447e-01	-3.305040007000000224e-01	-1.389062517999999913e-01	-8.041915394999999966e-01	9.481397910000000095e-01	-1.424137607000000028e-01	-2.701153928999999732e-01	-5.037110484000000277e-01
4.510752794999999815e-01	5.106165754000000501e-01	3.491586153999999831e-01	-5.070250645999999639e-01	3.985870664999999757e-01	4.793353710000000101e-01	-1.425403046999999986e-02	8.189385090999999894e-01	-1.247622197999999960e+00	1.530156910999999897e-01	-1.895804728000000106e-01	8.888366196000000441e-01	-7.669729154000000104e-01	5.082045535999999905e-03	-1.132407324999999965e+00	7.378099747999999902e-01	-1.262855602999999993e+00	5.571610666999999850e-01	-7.033745023999999901e-01	2.138503456999999996e-01	3.948624233999999955e-01	-1.222937017000000015e+00	-8.390458680000000280e-01	6.681912513000000109e-01	2.999452550000000217e-01	2.176907792999999813e+00	-5.772155738999999730e-02	5.164420964000000086e-02	1.913808146999999904e+00	-8.257056820999999491e-01	-6.207115318000000492e-01	-1.297504227999999982e+00	-4.227205117999999762e-01	-2.679590257999999725e-01	-5.232712081000000515e-01	-1.833782940000000083e+00	-2.328109798999999924e-01	-1.158398288999999970e-01	6.871958206999999597e-01	-8.704256631000000244e-01	-6.373634201000000221e-02	6.408678472000000070e-01	7.584359143000000136e-01	-3.832935995000000262e-01	-5.382864394999999913e-01	3.632456099999999966e-01	1.177149071999999963e-01	-6.139929312999999889e-01	8.100383195000000480e-01	1.461388708999999952e+00	-6.137577325999999944e-01	-1.366607324999999928e-01	-9.338327785000000159e-01	-1.735741770999999842e-05	-1.152515895999999956e-01	-9.585076203000000294e-01	-1.084604055000000011e+00	-5.135541287999999538e-01	1.873604660999999894e+00	2.578511849999999828e-01	-6.389598271999999968e-01	-1.053237890999999982e+00	-5.746749342000000427e-01	-9.241491075000000111e-01	5.513058634999999930e-01	-3.663648319000000209e-01
4.674673282999999846e-01	4.558551259999999994e-01	1.866304850999999931e-01	-3.938113997000000088e-01	4.830177170000000131e-01	4.230781624000000130e-01	5.280456015999999975e-02	7.688798594000000319e-01	-1.288277582999999948e+00	-5.590864235000000404e-01	-3.001553751000000103e-01	1.041132476999999890e+00	-5.921843337000000096e-01	1.559284193999999901e-01	-9.611916155999999933e-01	7.189943009999999468e-01	-2.459763763999999950e-02	4.259452529000000154e-01	-7.497884711000000202e-01	1.263124978000000065e-01	2.386053650000000137e-01	-1.024161102999999962e+00	-9.357426554000000118e-01	5.154731116999999863e-01	5.712385033000000334e-01	2.073172116999999925e+00	4.098961946999999939e-01	-1.631696608000000048e-01	1.957033964000000070e+00	-1.019968565999999965e+00	3.135445553999999801e-01	-1.623673131000000103e+00	-1.350092601000000059e+00	-2.990258740999999776e-01	-2.486935507999999961e-01	-1.383245888999999895e+00	-4.177370524000000029e-02	-1.042797052999999974e-01	4.728388162000000117e-01	-8.743961677999999571e-01	-3.365196658999999868e-01	6.498958180999999668e-01	-2.873887486000000213e-01	-4.665709230000000263e-01	1.796484768999999926e-01	4.852240708999999708e-02	-6.032724583999999890e-01	-4.344930396000000195e-01	1.182806530999999994e+00	2.899034229999999934e-01	-4.900549434999999787e-02	-9.631414761000000047e-01	1.894038013999999881e-01	1.898957082999999990e+00	-1.771053497000000032e+00	-9.864853496000000055e-01	-1.508603560999999926e+00	-2.277264290000000080e-01	-1.842909305000000053e-01	3.779442002000000245e-01	-4.817635831000000035e-01	-1.976430185999999978e-01	-3.427007973000000263e-01	-1.196860161000000033e+00	5.906567399000000052e-01	1.426899450000000125e-01
5.480501846999999982e-01	5.845089088999999571e-01	3.753774160000000054e-02	-6.029328608999999783e-01	5.049638550999999698e-01	3.368366671999999951e-01	-2.041053733000000037e-01	7.057891675999999892e-01	-1.240107250000000105e+00	-3.548725343999999948e-01	-3.737536363000000250e-01	7.604780595000000254e-01	1.021271653999999973e+00	-2.731678225000000113e-02	-1.075096553999999927e+00	7.572794840000000027e-01	1.194752880000000017e+00	-1.610032560000000112e-01	-8.542676631000000187e-01	2.691606698999999825e-01	5.320958609000000505e-01	1.445052033000000069e+00	-1.180702122000000021e+00	2.636525256000000206e-01	5.361123187999999873e-01	1.718035704999999913e+00	1.633567119999999873e-01	7.282588078999999714e-01	1.829738018000000022e+00	-8.689943468999999920e-01	-4.614588842999999829e-01	-1.769654491999999912e+00	-8.364574052000000037e-01	-2.072608062999999889e-01	1.414247442999999882e-01	-1.488199679000000053e+00	-1.472447141000000070e-01	6.588453054999999781e-01	5.879221892999999532e-01	-9.953400359999999836e-01	-8.389288142999999920e-01	6.447340999999999767e-01	1.413050527000000001e+00	3.911868472999999735e-01	-7.484115435999999510e-02	-5.827974884000000078e-01	-1.344980614000000019e+00	-2.431887631999999910e-01	-1.059496535999999933e+00	-4.134331195000000014e-01	1.348998209999999975e+00	-9.223761382999999536e-02	9.496549247000000138e-01	1.666391228999999918e-01	-1.317024007000000108e+00	1.180626846000000008e+00	-1.612449637000000102e+00	1.634635695999999916e+00	1.280832463000000088e-01	-5.175998280000000396e-01	1.962163727000000024e-01	-6.835719501000000475e-01	-6.324770128000000158e-01	-6.292734322999999907e-01	2.415038968999999938e-02	-1.390066420999999941e-01
5.097886345000000041e-01	5.845488621000000107e-01	3.702043178000000156e-01	-6.714182861999999918e-01	3.792018987999999924e-01	3.633977868000000111e-01	-1.772568445000000104e-01	4.189212834000000107e-01	-1.179464483000000063e+00	1.493159485999999946e-02	4.405681429999999676e-02	-1.972396450999999995e-01	-3.892962898999999810e-01	-2.915424683000000239e-01	-5.456420446999999951e-01	6.473989597999999512e-01	2.915799008000000136e-01	-1.195726080000000024e+00	-9.527083001999999690e-01	4.967903490999999727e-01	6.460239113000000311e-01	1.259241276000000020e+00	-1.392895301000000030e+00	4.530249689999999996e-01	8.834820867999999550e-01	1.350716623999999921e+00	5.136868576999999991e-01	6.277250935000000531e-01	1.352028006000000060e+00	-2.177262457999999956e-01	-5.425438441000000056e-01	-1.217893847999999890e+00	-7.632299781000000394e-01	-1.693522124999999878e-01	-3.056032928999999898e-01	-1.937650768999999995e+00	1.771624833000000065e-01	2.070991992000000004e-01	7.341167713999999789e-01	-1.005706073999999894e+00	-6.715770486000000039e-01	8.540421712000000332e-01	9.521614745999999740e-02	1.504746678000000060e+00	1.077992317999999949e+00	9.339495455000000612e-02	-8.866564983000000399e-01	3.377935513000000084e-02	-2.015634550000000136e+00	-1.714144853999999968e-02	7.887363030999999802e-01	-1.337598832999999932e+00	-2.405878334999999868e-01	5.277119712000000185e-01	-2.948086993999999850e-01	1.450715269000000029e+00	-1.163318032999999918e+00	7.947133615000000484e-01	6.978517868000000401e-01	2.804898631000000142e-01	-1.037978311999999903e+00	8.456406407000000014e-01	-1.952459683999999973e-01	1.603396558000000083e-01	2.183648102000000091e-01	6.460275573999999521e-01
4.702281783999999742e-01	5.149368134999999791e-01	4.189649603000000222e-01	-5.600895690999999621e-01	3.539864151000000070e-01	4.058620540000000276e-01	9.860195257999999907e-02	2.904425608000000270e-01	-1.179823260000000040e+00	-5.057634761999999506e-01	2.153358031000000006e-01	-1.127420451999999962e+00	-2.259209852000000074e-01	-4.481988771000000038e-01	-4.709798728999999851e-01	6.315157336000000177e-01	-8.631376027999999589e-01	-1.456025040000000104e+00	-7.284774427000000330e-01	4.240816122000000132e-01	4.759277035999999739e-01	-7.271318091999999789e-01	-1.402641111000000107e+00	4.737633797999999952e-01	1.380237506000000058e+00	1.047065477000000078e+00	4.079568360999999976e-01	6.077518232999999936e-01	8.366067257999999507e-01	-4.135198441000000058e-02	-5.729619660000000447e-01	-1.126157877999999890e+00	-3.502434909000000096e-01	-2.116450906000000021e-01	-1.971507533000000090e-01	-1.936375611000000108e+00	5.605916587999999479e-01	-3.318225626999999900e-01	4.938810182999999743e-01	-9.411251820999999573e-01	-4.292273027999999879e-01	1.530590957999999890e+00	7.199345222999999905e-01	9.225111782999999566e-01	9.523402354000000125e-01	2.030823848999999959e-01	1.827513043999999878e-02	-7.889597312999999668e-01	-8.719453562000000213e-01	-7.766754383999999733e-01	-9.510371322999999766e-01	-1.669326338999999937e+00	-1.066962576999999968e+00	1.221334946000000032e+00	5.712297672999999687e-01	-2.093225181999999851e+00	-1.729529411999999988e+00	2.088869640000000083e-01	1.770485196000000094e+00	1.656223747000000079e+00	4.844715036000000197e-01	-1.086425932999999899e+00	-7.530136025000000455e-01	-6.883314917999999727e-01	9.864904409000000429e-01	1.221895302999999933e+00
4.688275937999999976e-01	4.434617136999999820e-01	2.253542641999999874e-01	-5.209928762000000102e-01	5.677211890000000150e-01	3.759220714000000019e-01	9.610105134999999410e-02	3.983887349999999938e-01	-1.276971480000000048e+00	-2.093222349999999954e-01	2.110194273999999870e-01	-1.731966719999999960e+00	-6.714380159999999709e-01	-5.915754510999999827e-01	-7.672384593000000086e-01	4.135582004999999728e-01	-7.971018039999999694e-01	4.340461205999999739e-01	-3.988137266999999819e-01	2.607391721999999801e-01	5.668049961000000136e-01	-4.367232019000000243e-01	-1.216192884999999890e+00	2.984024437999999724e-01	1.230414993999999984e+00	1.034216789000000025e+00	-2.499775043999999946e-01	5.291338654000000280e-02	4.068506289000000109e-01	-5.702395888999999690e-02	-4.426450599999999791e-01	-9.374891612000000318e-01	-1.455705834000000087e-01	-7.872683822999999581e-01	1.751634497000000013e-01	-1.623751570999999894e+00	8.203399081000000148e-01	-3.003902601999999811e-01	2.941363489000000109e-01	-5.915777116999999530e-01	-5.578084744000000317e-01	1.729265990000000031e+00	-7.648746250000000302e-01	2.028828994999999913e-01	1.455345853000000078e+00	-2.601250775000000237e-01	-7.836566703999999772e-01	-4.139701682999999965e-01	9.988559132000000007e-01	-6.457861800999999957e-01	2.059160559999999862e-01	-1.386457534000000047e+00	-1.305834531999999992e+00	6.690755121000000472e-01	3.946449699999999838e-01	-2.126520610000000033e-01	-1.938489316000000073e+00	-9.272559169999999851e-02	9.720701299999999767e-01	9.823118170000000315e-02	1.357143231000000005e+00	6.492157175999999641e-01	-1.357006479000000043e+00	-1.263550211000000090e+00	1.062944145999999979e+00	1.368101444000000111e+00
4.803379870999999746e-01	5.142908203999999595e-01	1.196365934000000047e-01	-4.149859194000000140e-01	5.040200197999999965e-01	4.289867996000000239e-01	-7.018039101999999640e-02	7.681364439000000210e-01	-1.077093912999999903e+00	-6.088714978000000499e-01	2.409412429999999994e-01	-2.850995263000000168e-01	-6.147381041999999685e-01	-4.645200762000000205e-01	-1.048325571999999983e+00	3.820875388000000150e-01	-1.370208700000000057e+00	1.590262636000000063e+00	-9.031670591999999553e-01	2.570678410000000191e-01	3.683160435000000232e-01	-1.343591386999999915e-01	-7.532266369000000239e-01	2.300727673000000084e-01	9.426496788999999543e-01	1.011274251999999985e+00	-6.906818263999999763e-01	5.813588027999999630e-01	1.794211760999999961e-01	2.942957917999999840e-02	-1.269415884999999911e+00	-1.001922965999999970e+00	5.443306100999999453e-01	-8.945165236000000020e-01	7.827653394000000375e-01	-1.898671895999999970e+00	7.475136627999999783e-01	9.025934452999999358e-02	8.207619390999999764e-02	-7.036857210000000418e-01	-9.892962748000000417e-01	1.167249546999999943e+00	1.191213577000000079e+00	-2.772710950000000230e-01	1.092548987999999999e-01	-9.977994813999999657e-01	-1.269645284999999957e+00	-1.232681662000000067e+00	5.296246097000000264e-01	-1.652683534000000051e-02	1.963669774000000035e-01	-3.831085336999999758e-01	4.581005378999999933e-01	1.235621999999999998e+00	2.205875130999999933e-01	-9.481575627999999645e-01	-1.820167451999999964e+00	1.021344674999999924e+00	4.004331957000000219e-01	-2.654953351000000072e+00	-1.029750539999999992e+00	5.445601274000000380e-01	-5.521813290999999513e-01	-3.490010697999999800e-02	-4.064199965999999997e-01	4.074954657000000313e-02
4.200410595999999885e-01	5.403278129999999901e-01	3.651413495999999981e-01	-4.197531134999999969e-01	3.095283914999999997e-01	5.988614462000000360e-01	-2.698079680999999896e-02	8.068109319999999807e-01	-1.192447247000000043e+00	-8.738775584000000318e-01	3.211836042999999807e-01	1.063356375999999992e+00	-5.503416354000000288e-01	-4.952285837000000024e-01	-1.086470974999999894e+00	1.254577560000000036e-01	-3.643295170999999999e-01	6.861985860000000548e-01	-1.088858934999999972e+00	4.636030353999999742e-01	2.540964054000000028e-01	-6.372497925000000230e-01	-7.008729188000000221e-01	2.658780987000000096e-01	8.909395162000000035e-01	1.122524276999999904e+00	-1.417352930999999927e-01	7.917775136000000380e-01	-2.207841006000000050e-01	-2.333403773000000125e-01	-4.946531958000000007e-01	-1.107431505000000094e+00	-1.476989716999999924e+00	-8.727507970000000226e-01	2.485787642999999839e-02	-1.921403721999999981e+00	6.657638355999999646e-01	2.010996217000000086e-01	-1.636736049999999998e-01	-1.428542847000000005e-01	-7.975958654000000481e-01	7.027870947000000035e-01	8.262175146000000359e-01	3.803452115000000022e-01	-1.116549441999999948e+00	-1.057907635999999929e+00	-1.012102428000000026e-01	-5.443684650000000236e-01	-2.395691558999999971e-01	2.204319210000000029e-01	1.418962618999999870e-01	-9.303946992999999333e-02	3.906475824999999791e-01	1.826868791999999964e+00	-2.268883454000000022e+00	2.819383853999999912e-01	-1.424808293999999975e+00	3.603408656000000043e-01	1.342659009999999986e+00	-1.046992578000000007e+00	-5.259929132999999896e-02	-4.492906023000000082e-01	-8.566815878000000328e-01	2.112469409000000131e-01	8.223027618000000594e-02	2.363460605000000103e-01
4.037874933000000222e-01	4.478321887999999751e-01	4.016186394999999854e-01	-4.613101894000000147e-01	4.404876027999999888e-01	2.861537424000000218e-01	4.829080275000000033e-02	4.427948995000000054e-01	-1.387167996999999930e+00	-8.777800730999999468e-01	4.068847984000000251e-01	7.287473153000000314e-01	9.163794202999999694e-01	-2.488341819999999871e-01	-9.607591963999999596e-01	-1.426576266000000037e-01	1.079897815999999899e+00	-3.222627775999999944e-01	-1.055200330999999991e+00	4.715328490999999844e-01	6.885378935999999506e-01	-4.241284539999999881e-01	-8.886600688000000359e-01	8.226412935999999343e-02	8.269014398999999793e-01	1.071988441000000014e+00	7.714980515999999566e-01	1.460085754000000069e-01	7.788597780000000581e-02	-6.347161609999999454e-01	-1.301670332000000041e+00	-1.116197866999999899e+00	-1.468617516999999983e+00	-9.792239003999999580e-01	-5.370735681999999622e-01	-1.176625567000000094e+00	6.870725322999999829e-01	4.183702970000000021e-01	-6.729924323000000541e-01	5.002795899999999962e-01	-3.508070310999999997e-01	8.956167133000000335e-01	3.107318774000000089e-02	7.007327346999999707e-01	-5.188491334000000510e-01	-5.418882599000000022e-01	1.770975425999999908e-01	-1.808766738999999957e+00	-2.457676145000000090e-01	1.679971214000000046e+00	1.114795661999999909e+00	-1.426841062000000049e+00	-2.740071868000000244e-01	-1.632329972000000073e-01	-1.837072363999999958e+00	-5.095982017000000308e-01	-1.427616235999999983e+00	-6.608437000000000339e-01	-6.230099647000000296e-01	1.953146645999999931e-01	-1.449058565999999937e+00	-1.165544297999999923e+00	-1.140530371000000098e+00	-3.826435605999999878e-01	9.119957684999999703e-01	1.180119984999999927e+00
4.844399504999999939e-01	4.773920421999999775e-01	1.709593104000000086e-01	-4.951381041999999844e-01	5.598525440999999603e-01	1.480017795999999941e-01	-6.214710818000000053e-02	3.066457018000000034e-01	-1.354721094999999931e+00	-4.919248397000000050e-01	5.750427206999999541e-01	2.042330179999999884e-01	-8.293845802999999517e-01	-7.899144801000000660e-02	-4.721066894000000014e-01	-2.552192315999999850e-01	5.635832616000000517e-01	-1.147089041999999948e+00	-4.835361242999999809e-01	4.018241947000000258e-01	6.805672427000000191e-01	1.591000823999999980e+00	-6.077790068999999740e-01	-1.480706984999999865e-01	8.247431500999999887e-01	6.345693890000000392e-01	9.189288641999999729e-01	7.375457436000000186e-03	7.471074602999999703e-01	-4.620625607000000135e-01	-1.227847592999999904e+00	-7.075287527000000409e-01	-1.456927617000000064e+00	-8.282667969000000463e-01	5.625619768999999826e-01	-9.148813389000000074e-01	5.841935703999999729e-01	8.457208635999999835e-01	-1.472823457999999919e+00	5.681475605000000373e-01	-1.417468762999999909e-01	1.039233668000000055e+00	1.367905467999999958e-01	4.484362619999999744e-01	7.008018453000000036e-01	-5.407524243000000341e-01	3.773281224999999739e-02	-5.326382027999999602e-01	-1.824591590999999902e+00	-4.382399896999999989e-01	1.580366418999999967e+00	-1.268009855999999935e+00	-9.985647368000000190e-01	5.330371629000000278e-01	-6.221960489000000205e-01	-2.566735779000000051e-01	-9.829793572999999673e-01	1.697605496000000047e-01	5.114134850999999538e-01	-1.015273713000000022e+00	-7.306300274000000483e-01	4.368386957000000015e-01	-1.287407379000000018e+00	-1.542185213999999922e-02	1.043205554000000035e+00	1.770991227999999973e+00
4.995095314999999925e-01	6.701888293000000107e-01	3.063811799000000224e-01	-5.291269399000000373e-01	4.660826911000000017e-01	5.453562659999999784e-01	-1.458414265000000098e-01	4.849031656000000190e-01	-9.528566271999999726e-01	-3.685472352999999979e-01	5.728451143999999662e-01	-1.045810737000000046e+00	1.871499534000000131e-01	-2.051227823000000006e-01	-4.101081092000000150e-01	-2.862930914999999854e-01	-3.673559272999999958e-01	-5.774092746000000220e-01	-8.259142110999999620e-01	8.636137900000000478e-01	4.294664523999999761e-01	6.245862755000000099e-01	-2.092480924000000020e-01	-4.322781332000000254e-01	1.256214431999999936e+00	3.491012581999999864e-01	8.365960129999999717e-01	8.444480403999999885e-01	6.152373033000000380e-01	-5.238965255999999786e-03	-7.049200239999999784e-01	-1.297093405000000033e+00	-5.155604223999999958e-01	-2.713240210999999791e-01	7.700332267999999702e-01	-1.597150126999999920e+00	7.580941132999999832e-01	5.584895666000000425e-01	-1.658225330999999914e+00	-1.431189975000000114e-01	-9.734991446999999853e-01	3.075392351999999829e-01	6.515402654999999932e-01	-3.573235267000000048e-01	-3.668743873000000072e-02	-3.925262506000000151e-01	-3.528241968999999978e-01	-9.871693969000000513e-01	-1.589287882000000041e+00	-1.388638033000000105e+00	-1.179282353000000061e+00	-8.389145211999999852e-01	8.508860393999999605e-01	8.267894837999999469e-01	9.711686784999999933e-01	-5.884991502999999957e-01	-6.744507628000000476e-01	2.024544925999999911e+00	1.810791045000000044e-01	1.000041396000000082e+00	7.150474908999999712e-01	1.318621835000000075e+00	-1.450559967999999998e-02	-6.376759768999999689e-02	1.291068075000000037e-01	7.847543488999999539e-01
3.979791065000000128e-01	4.584155757000000220e-01	4.843452060999999809e-01	-3.812495175000000236e-01	5.109682242999999957e-01	6.342813532000000087e-01	2.035736686999999878e-01	3.742630572999999794e-01	-1.306422830000000035e+00	3.041699920000000001e-01	4.751468656999999762e-01	-1.680237215000000006e+00	-8.619364549000000375e-01	-2.645883607999999776e-01	-8.159690212000000331e-01	-2.516701462000000000e-01	-1.044598560999999926e+00	5.703482826000000339e-01	-8.903194684999999886e-01	8.910985141999999692e-01	6.081989861000000053e-01	-1.093765515999999938e+00	-4.964553526999999911e-02	-3.757679962000000096e-01	1.339080776000000084e+00	5.786622627999999935e-01	5.997608668999999670e-01	5.484291078999999902e-01	6.034649286000000057e-01	-4.897550728000000242e-01	-4.772269591000000144e-01	-1.370054515000000084e+00	-3.561535049999999675e-02	-5.867864914999999515e-01	-4.408176275000000310e-02	-1.825377994999999975e+00	4.918794240000000095e-01	-1.921887887000000017e-01	-1.403656583000000069e+00	-1.332323491000000082e-01	-1.221322945999999909e+00	6.623113697000000410e-01	5.752676718000000466e-01	-9.863384715999999885e-01	7.386317021999999621e-01	-1.672351166000000111e-01	-3.462095794000000226e-01	-1.533736683999999961e+00	1.215904143999999992e-01	7.928334577000000216e-01	3.040657291000000151e-01	-6.239883860999999587e-01	-7.384362469999999901e-01	4.121637623000000139e-01	5.225803131000000129e-02	-1.720598174000000091e-01	-7.150905433000000200e-02	-2.748038386000000166e-01	2.041381426000000054e+00	2.601261130999999935e-02	9.343210550999999642e-01	-1.806590181999999933e-01	-6.632660770999999622e-01	-1.294186405000000040e+00	4.840821158999999985e-01	1.294511106000000078e+00
4.522099848999999727e-01	4.209321415000000233e-01	1.946503978000000135e-01	-3.129723402999999848e-01	6.400865446000000292e-01	4.731467949000000006e-01	1.947511782999999941e-01	5.037978901999999870e-01	-1.293966407000000096e+00	-5.738734889000000061e-01	3.870352203999999907e-01	-6.757808293000000521e-01	-3.426483717000000095e-01	-1.783859996000000114e-01	-8.110240295999999738e-01	-3.897511269000000222e-01	-1.588885120000000040e+00	1.772247652999999978e+00	-1.007048222999999965e+00	7.926372806999999465e-01	4.507908608999999789e-01	-1.729351788999999862e-01	4.209793021000000218e-02	-5.939476556999999657e-01	1.439988435000000067e+00	6.589885746000000433e-01	1.369498580999999882e-01	2.873580125999999901e-01	1.899828825000000054e-01	-8.729933623000000198e-01	-6.269778093000000219e-01	-2.068854340000000125e+00	1.538034382000000033e-01	-8.470351918999999841e-01	4.165245284999999908e-01	-1.411775000000000002e+00	8.822519392000000016e-02	-4.406638393000000126e-02	-1.245831651999999901e+00	-4.027767698999999979e-01	-7.403372709000000107e-01	8.271382015999999560e-01	1.345602839000000106e+00	-1.675677518999999949e+00	2.547514214000000110e-01	-7.772086918999999705e-01	-6.169059426999999873e-01	-9.706022716000000522e-03	6.220651358000000020e-01	-1.054409098999999905e+00	-8.014129648000000161e-01	-9.087616107999999526e-01	-4.993264886000000069e-01	1.817393005000000006e+00	1.643349017000000079e-01	-1.556068993000000011e+00	-6.862268317999999923e-01	-1.796143873999999918e-01	1.458029873999999948e+00	2.392878940000000010e-01	-1.480255461000000050e+00	-9.010034262999999655e-02	-1.066545324000000017e+00	-9.086624193000000238e-01	3.126706325999999980e-01	1.704504820999999948e-01
5.207561956999999797e-01	5.338606238999999976e-01	1.655808716999999930e-01	-3.891492454000000101e-01	5.043981631999999715e-01	5.433973936999999532e-01	-3.844050427999999922e-03	8.489899736999999558e-01	-1.215467521000000106e+00	4.712935543999999810e-01	2.357997468999999957e-01	1.094693421999999972e+00	-4.567029583000000170e-01	-1.013444782000000044e-01	-1.476095037999999970e+00	-7.010400740000000130e-01	-8.537994045000000254e-01	1.169438238999999990e+00	-1.130833219999999972e+00	6.163227250999999685e-01	8.657746460000000088e-02	6.606960152999999947e-01	-6.171240086999999486e-01	-4.104408204000000171e-01	1.122110311999999999e+00	5.656551275000000212e-01	-4.388675851000000128e-01	9.352385574999999562e-01	-4.243724345000000064e-01	-2.327654848000000054e-01	-4.279014382999999921e-01	-2.092150548999999859e+00	-7.525951923999999460e-01	-8.592198715000000098e-01	6.429128227999999501e-01	-1.914627410999999890e+00	3.981782607000000085e-01	4.465461815999999806e-01	-6.745292838999999985e-01	-4.747837469000000254e-01	-8.424174091999999670e-01	1.783016339999999866e-01	3.427533976000000093e-01	-1.845104121000000097e+00	-8.978500671000000377e-01	-7.524100634000000509e-01	-4.597186313000000135e-01	-4.225814236000000057e-01	-3.182411692000000070e-01	8.794935449999999877e-01	8.528953299000000543e-01	5.471935804999999986e-01	9.698354232000000463e-01	4.849042109999999739e-01	5.566390211999999726e-01	-1.433880460999999995e-01	-5.899944337000000427e-01	1.132689905000000108e+00	7.656909683999999494e-01	-1.082458447999999906e+00	5.343029043000000478e-01	-1.948676813999999924e+00	-1.214893785999999976e+00	-4.524034222000000161e-01	-1.579988810999999882e-01	-9.430890408000000003e-01
4.399952847999999972e-01	4.865714403999999993e-01	4.729588153000000017e-01	-5.246608935000000029e-01	3.540274480999999751e-01	5.863948638999999519e-01	-2.193775951000000168e-02	6.455368217000000408e-01	-1.008120125000000034e+00	-8.963036587999999583e-01	2.925883665999999828e-01	9.420652639000000050e-01	-4.534481865000000167e-01	-2.333044462999999957e-01	-1.389131649999999940e+00	-1.174899334000000017e+00	7.759286204999999992e-01	2.892812037999999975e-01	-1.571861123999999998e+00	9.472205583999999678e-01	3.006751621000000041e-01	-4.495339807000000021e-01	-6.374356888000000110e-01	-4.928129191000000242e-01	9.002520940999999555e-01	4.529525104000000080e-01	-3.514664315999999761e-02	9.339725633000000027e-01	-5.332187779000000516e-01	-8.715151243999999520e-02	3.074069385000000043e-01	-2.023391811000000207e+00	-1.508524940000000036e+00	-7.614382438000000253e-01	-3.095986448999999974e-01	-2.206232207999999861e+00	5.193153265000000074e-02	-2.091862527999999999e-01	4.882713620999999948e-01	-1.338429780000000013e-01	-9.581410782000000514e-01	1.593965764999999979e-01	5.272099711000000077e-01	-1.325486213000000024e+00	-1.837320242000000103e+00	-9.304304122000000010e-01	7.148981742000000139e-01	-3.394643535999999906e-01	-4.493724702999999931e-01	1.250870095000000015e+00	3.345468663000000231e-01	-2.186098757000000115e-01	-3.145043645000000082e-02	9.758937542000000187e-01	-1.698897126000000091e+00	-8.202777466999999767e-01	-2.427522406000000021e-01	-5.500419461000000121e-01	1.102233636000000017e+00	4.300228597999999902e-01	-1.148117995000000002e+00	9.803633996999999711e-01	-2.590416991999999752e-01	-4.167301699000000026e-01	1.753490582999999992e-01	-9.789757718999999581e-01
4.309591597999999912e-01	3.680728308999999809e-01	1.777483515999999930e-01	-4.829319718000000261e-01	5.777620127999999466e-01	2.815087401999999961e-01	1.444688976000000069e-01	3.424819485000000219e-01	-1.344510059999999951e+00	-1.000932254000000077e+00	3.764789870999999954e-01	5.082032336999999789e-01	7.246264235999999581e-01	-1.221825826000000059e-01	-1.113903703000000078e+00	-1.234350314000000060e+00	1.172512329999999992e+00	-6.340585985000000147e-01	-1.376086895999999893e+00	5.592910013999999874e-01	3.877629565999999861e-01	6.413306076000000466e-01	-1.012050533999999891e+00	-6.461784989000000090e-01	5.666373339000000398e-01	1.708119670000000090e-01	3.619392899000000163e-01	2.258693173000000110e-01	-3.475850062000000046e-02	5.935414032999999923e-02	-1.007954943999999964e+00	-2.050196999999999825e+00	-1.467382036999999917e+00	-9.314987294000000029e-01	-4.138833497000000139e-01	-1.629125509999999943e+00	-4.046015346999999873e-01	-3.299608139999999912e-01	8.627848493999999979e-01	4.134637022999999856e-02	-9.606527128999999832e-01	6.186871900999999507e-01	4.561751193999999954e-01	-5.335268055999999870e-01	-2.630385331000000271e-01	-1.239563119999999907e+00	9.183413625999999885e-01	-9.474070203000000134e-01	-7.338460097000000237e-01	1.374008029999999936e+00	1.895947139000000004e+00	-1.853510208999999964e+00	-7.546022637000000532e-01	-4.550638315000000295e-02	-1.437941404000000034e+00	2.892003691000000209e-01	-1.434984779999999960e+00	-8.188954389000000500e-01	1.177989737999999981e-01	1.799576394000000024e+00	-2.451252951000000013e-01	-2.020740872999999826e+00	-2.989886532000000097e-01	-9.756525849999999611e-01	8.883404084999999561e-01	-5.785154744999999599e-01
4.680017241000000161e-01	4.488721422999999988e-01	2.265112297000000108e-01	-5.225276147999999843e-01	5.505772732999999475e-01	3.793418559999999773e-01	-5.195604930000000121e-02	3.315708419999999768e-01	-1.098256646000000059e+00	-2.693486044999999773e-01	6.005795833999999500e-01	-1.981018910000000022e-01	-7.981097875999999536e-01	-4.746226759000000267e-02	-1.000894833999999900e+00	-1.051025061999999899e+00	4.598456831000000133e-01	-1.179826126999999891e+00	-1.597968094000000061e+00	2.594974173999999856e-01	4.082139787999999880e-01	1.774845114999999973e+00	-9.095067899000000011e-01	-5.892625916999999491e-01	5.039882136000000123e-01	1.271042956000000002e-01	4.679150871000000156e-01	3.234468340000000164e-01	4.371964952999999876e-01	6.978740946000000500e-01	-1.187154502000000056e+00	-1.872240643000000038e+00	-1.383387294999999906e+00	-7.597952695999999895e-01	-3.020870299000000259e-01	-1.666669104999999984e+00	-1.675244862999999973e-01	-4.678456037000000012e-01	3.944869839999999850e-01	-7.387171644999999953e-02	-1.324791580999999940e+00	2.053182265999999867e-01	-2.054700512000000034e-01	-6.435042238000000525e-01	-4.349995295999999900e-01	-1.174776188999999915e+00	-1.508548134000000096e-01	-4.856629653999999796e-01	-2.024035609999999874e+00	-3.403543996999999766e-01	1.063167978000000069e+00	-9.740905668999999545e-01	-1.536149913000000033e-01	4.823717781999999898e-01	-4.755256065999999837e-01	-7.823234654999999815e-01	-1.263163470000000066e+00	8.307719832000000082e-01	1.611379802000000028e-01	-4.967911489999999874e-01	-2.005557194000000099e+00	8.748094030999999937e-01	-5.289399311000000381e-01	4.208864704999999984e-01	1.968230125000000053e-01	-8.266156880999999679e-01
3.971066415999999766e-01	4.179488568999999987e-01	4.323973963000000142e-01	-5.018482054999999775e-01	4.681514884999999904e-01	6.358936089000000180e-01	1.536602269000000021e-01	1.140109797999999952e-01	-1.136633183000000047e+00	-6.181199621999999838e-01	5.315250507000000013e-01	-1.306843984999999986e+00	-3.926365329000000015e-01	-6.161829688000000083e-01	-8.958807126000000176e-01	-6.231277294000000522e-01	-6.656052795000000355e-01	-1.497229912000000107e+00	-1.616206980999999931e+00	4.170566405999999726e-01	3.732222908000000228e-01	1.722114379000000070e-02	-9.468104948000000132e-01	-7.936907610000000224e-01	8.858746015999999779e-01	-3.014835994999999838e-02	1.593311763999999964e-01	6.978456388999999538e-01	2.014717960999999891e-01	4.851137481000000196e-01	-7.841677157999999981e-01	-1.729920973999999889e+00	-1.048392728000000051e+00	-1.388869796999999962e-01	-6.728294269000000272e-01	-1.882161267999999943e+00	-2.217231778000000042e-01	-5.735429966999999740e-01	-1.434163763000000091e-01	-3.542058115000000229e-01	-1.677581951000000071e+00	3.965769129000000226e-01	1.503978049999999955e+00	-1.791051049000000062e-01	3.140912451000000272e-01	-6.870347338000000192e-01	3.687043072999999782e-01	-4.567390974000000159e-01	-1.159543613000000084e+00	4.374518839000000048e-01	-1.437193119000000019e+00	-1.532468963999999989e+00	-8.624257446999999965e-01	2.862535809999999792e-01	-2.059612637000000079e-01	-6.558508364999999785e-01	-1.699368565999999969e+00	4.534038402000000190e-01	1.753779838999999896e+00	1.183568060000000033e+00	1.580626609999999932e+00	-3.678529249999999973e-01	-3.083266002000000228e-01	-8.432313539000000358e-01	5.596857480000000384e-01	-1.618814387999999993e-01
4.096959631000000046e-01	3.082347764000000212e-01	2.899204126000000104e-01	-4.265781203999999827e-01	6.387756123000000175e-01	4.623313762999999854e-01	2.792564167000000097e-01	9.685559136000000680e-02	-1.376897942000000041e+00	-5.941036004999999953e-01	5.998919423999999889e-01	-1.780452874999999935e+00	-7.075929418999999942e-01	-4.532906325000000125e-01	-1.090396557999999905e+00	-4.917189417000000229e-01	-9.701989829999999593e-01	1.282632306000000035e-02	-1.683021789000000101e+00	-2.535903435999999900e-01	3.832850084000000157e-01	-6.856375381999999519e-01	-9.761291953999999826e-01	-8.010779277999999781e-01	8.223367449999999801e-01	3.813915895000000167e-01	7.235029935999999495e-02	-1.884227456000000037e-02	1.105433611000000010e-01	-4.037186897999999746e-01	-1.062673259000000092e+00	-1.285067017999999894e+00	-6.306328989999999690e-01	-3.950423352999999915e-01	-4.571300437999999966e-01	-1.600763474000000075e+00	3.938857991999999975e-01	-4.972872684999999904e-01	-5.761522047999999563e-01	-9.745124270000000630e-03	-1.541205214000000101e+00	3.057423792000000251e-01	-1.484232030999999896e+00	-7.993555831999999972e-01	6.572796660999999929e-01	-9.042782117000000008e-01	-3.160291711000000059e-01	-1.155629089000000054e+00	3.781723502000000070e-01	4.219592540000000058e-01	7.570809401000000438e-02	-1.221069009000000039e+00	-2.068689361000000115e+00	4.396440091000000105e-01	-2.495937430000000068e-01	-3.564736352000000275e-01	-1.686988635999999930e+00	-3.851775440999999911e-01	1.076809780999999910e+00	-3.330486198000000286e-02	6.351582893999999646e-01	3.492844860000000051e-01	-6.457213921000000134e-01	-1.198123194999999974e+00	4.032075971999999897e-01	-1.284359512999999967e-02
4.394138368000000128e-01	3.974861820999999740e-01	2.064874386999999978e-01	-4.271518571999999847e-01	4.868843511000000013e-01	5.810604278000000011e-01	6.653868856000000331e-02	2.885563898999999877e-01	-1.323228558000000055e+00	-8.725285771999999884e-01	2.556097911999999917e-01	-6.997147904999999612e-01	-5.603397958000000401e-01	-6.003229850000000312e-01	-1.429708063999999945e+00	-1.819192484999999915e-01	-1.425106492999999919e+00	1.147413001999999960e+00	-1.928170221000000017e+00	1.969112648999999868e-02	2.163425778999999993e-01	-3.516364585999999792e-01	-9.117236094999999763e-01	-1.039493809000000102e+00	6.147656251999999988e-01	5.192468448999999486e-01	-2.553406481000000117e-01	9.491826106999999846e-01	9.288840200999999575e-02	-9.438221227999999963e-01	-1.623901741000000065e+00	-1.519225298999999918e+00	-6.081735954000000444e-01	-3.571568070000000206e-01	-2.662988491000000124e-01	-1.214511520000000067e+00	8.768001343000000336e-01	5.034327747000000297e-01	-6.916987468999999944e-01	1.399172424000000026e-01	-1.881777127000000105e+00	-2.911837472000000093e-01	1.888226385999999923e+00	-5.035788208999999460e-01	-4.964904741999999760e-01	-9.089647642999999499e-01	-5.309634156000000438e-01	-1.153324016000000007e+00	5.971210763999999782e-02	2.544290567999999975e-01	-5.631822220000000101e-01	-4.153465292999999892e-02	8.474361579000000422e-01	1.035637791999999946e+00	-5.058842649999999858e-02	-2.882207674000000219e-01	-1.855735570000000001e+00	8.866506380999999992e-01	9.407017416999999826e-01	-1.493511097000000065e+00	-1.048217632000000066e+00	-5.909543810999999813e-01	-1.026522149999999911e+00	-1.171187647000000026e-01	7.353015906000000268e-02	-1.083260568000000035e+00
4.010238354999999810e-01	3.881311854999999755e-01	3.651826816000000031e-01	-3.977655815999999733e-01	5.089292139000000104e-01	6.114176687000000276e-01	2.097857173999999880e-01	2.811596216999999731e-01	-1.340019038999999967e+00	-2.650040536000000113e-01	2.333561547000000125e-01	8.409851635999999742e-01	-7.936488019999999866e-01	-5.957895816999999594e-01	-1.985381582999999894e+00	-1.043589174000000008e-01	-1.219334244999999983e+00	4.506916311999999980e-01	-2.002756396000000105e+00	2.706256812999999761e-01	7.168762730000000083e-01	-1.249137466000000085e+00	-1.016209401000000012e+00	-8.835463637999999564e-01	8.236220029999999914e-01	5.611234430999999523e-01	-4.231110185999999995e-01	6.275007398999999930e-01	-3.136492034999999734e-01	-1.484198515000000107e+00	-1.265549526000000036e+00	-1.444698432000000032e+00	-1.270236724999999955e+00	-4.485670283000000036e-01	-6.773962243000000161e-01	-1.149335057999999909e+00	1.245884143999999916e+00	9.518974167000000541e-01	-7.582126230000000300e-01	3.759637114000000113e-01	-1.505606207000000030e+00	-7.184697777999999868e-01	4.138546535000000026e-01	-6.609541441999999822e-02	-1.144244585000000036e+00	-8.686766713000000362e-01	6.232080602000000108e-02	-5.374801995000000332e-01	4.596546879000000252e-01	1.281635963000000045e+00	-6.747013350999999659e-01	8.053979116999999965e-02	-9.996843856999999556e-01	-2.643783249000000168e-01	-4.468545064000000178e-01	-1.168054476000000008e+00	-1.555718479999999904e+00	-9.716676319999999478e-01	1.497718421000000077e+00	-5.966951579000000505e-01	-5.490519409999999878e-01	-6.202308702000000062e-01	-1.151159953999999930e+00	-1.027092866999999909e+00	8.465044992000000379e-01	-8.008231384999999758e-01
4.409852799000000267e-01	3.247905546000000032e-01	1.700965571999999981e-01	-3.464725673999999866e-01	5.999983797000000285e-01	4.915918217999999951e-01	1.938214806999999928e-01	2.516859195999999743e-01	-1.400711258000000070e+00	-1.025488755999999890e+00	1.241905658999999940e-01	9.949711420000000306e-01	-5.417597932000000061e-01	-5.574015047000000500e-01	-1.707877913999999997e+00	-3.009295855999999936e-01	-1.861819138999999956e-01	2.460664813000000006e-01	-1.947823690999999968e+00	5.121313926999999933e-02	5.896582002000000378e-01	-1.038587724000000101e+00	-1.162387743000000029e+00	-7.823738722999999951e-01	6.520482350999999843e-01	3.057315628999999757e-01	-3.014434048999999893e-01	3.316310882999999876e-01	-2.298154410000000092e-01	-1.684988724999999965e+00	-2.066749387000000049e-01	-1.332608526000000015e+00	-2.311067530999999953e+00	-7.255893268999999979e-01	-1.084187382999999977e-01	-4.233452602000000176e-01	1.377883329999999962e+00	9.357481442999999732e-01	-4.821814238000000086e-01	5.804163943000000270e-01	-1.408008871999999911e+00	-2.652180266999999980e-01	-3.759204302999999969e-01	-2.327641976000000001e-01	-5.883616374000000260e-01	-9.869736575999999983e-01	-3.668824314000000003e-02	-8.462405683000000511e-01	8.508769796999999802e-01	4.870057789000000192e-01	-4.584700340999999790e-01	-5.885335702999999752e-01	1.318312584999999960e-02	1.808854917999999978e+00	-1.397568536000000083e+00	-3.736359114999999731e-01	-1.548658539000000056e+00	-1.502317337000000030e+00	-4.911839299999999908e-01	5.759841020999999506e-01	-4.973325097999999889e-01	-7.643404274999999748e-01	-1.556131801999999897e+00	-1.430299076999999919e+00	1.119479109000000028e+00	-5.442795693999999962e-01
4.897661707000000031e-01	4.359525698000000227e-01	2.289638558000000046e-01	-5.039819746999999461e-01	5.675871181999999626e-01	5.253716126999999902e-01	1.428916990000000074e-02	1.805974585000000021e-01	-1.212341128999999906e+00	-1.026614541999999908e+00	2.153050103999999965e-01	7.146346512000000262e-01	1.024194016000000040e+00	-3.744649271000000113e-01	-1.728467363000000034e+00	-3.785607409999999784e-01	8.513591418999999494e-01	-3.133943750000000028e-01	-2.013583291999999858e+00	2.527518941999999935e-01	6.435113821000000289e-01	4.587400588000000168e-01	-1.090154201999999906e+00	-6.148711982000000242e-01	6.192290240000000168e-01	9.641201345000000034e-02	-2.893580514999999909e-01	9.291066109000000184e-01	-3.656349624999999937e-01	-8.096624790999999988e-01	-9.358534109999999684e-01	-1.394484387999999964e+00	-1.883593961000000094e+00	-5.722635464999999977e-01	-5.661893922999999829e-01	-7.498282711000000544e-01	1.597941461000000007e+00	1.569725223000000058e+00	3.459210576000000259e-01	6.223610867000000102e-01	-1.466400453999999964e+00	-3.935278703000000267e-01	4.020999921999999782e-01	5.746715001000000100e-01	-1.659307904000000056e+00	-1.050918275999999985e+00	-3.416859715000000186e-01	-9.029512081999999662e-01	-1.896312651999999987e+00	5.495143801999999855e-01	8.680090003999999526e-01	3.538249164000000224e-01	5.507687643999999993e-01	4.613977287000000094e-01	-1.176386259999999906e+00	-4.719453775999999934e-01	-7.973790739999999655e-01	4.134771807000000021e-01	-1.662287905000000010e-01	4.471337418999999924e-01	-1.426368698999999962e+00	-8.888826127000000188e-01	-6.272215589999999841e-01	-6.375632029000000145e-01	2.931850403999999854e-01	-6.831010803000000520e-01
3.944147311999999794e-01	3.392720786999999794e-01	4.768253315000000048e-01	-4.004170274000000140e-01	5.232891418999999766e-01	5.102430661000000311e-01	1.966101261000000044e-01	-1.067021724000000032e-01	-1.328628796999999917e+00	-5.396728867000000207e-01	2.834574475000000149e-01	-2.073078436000000135e-01	-8.350532014999999531e-01	-3.235676156999999775e-01	-1.470372025999999943e+00	-5.818256296999999577e-01	8.607051846000000062e-01	-1.401484009000000031e+00	-1.872582132000000010e+00	7.920106895999999841e-01	7.929505245000000313e-01	1.332783486999999933e+00	-1.183037090000000013e+00	-3.459198380999999878e-01	8.568625845999999768e-01	2.432186828000000023e-01	-1.695429327999999902e-01	5.147705566000000399e-01	-2.349791458000000111e-01	-1.430981021000000131e-01	-1.771920004999999909e+00	-9.863442107000000014e-01	-2.035520926999999869e+00	-4.313989883000000081e-01	-9.621732370000000145e-01	-8.895690757999999976e-01	1.054807717999999950e+00	4.663517275999999878e-01	7.566050397000000372e-01	6.741174663000000233e-01	-1.462326180999999892e+00	-1.458271932000000104e-01	9.962786101999999699e-01	1.152128159000000096e+00	-7.965165377999999796e-01	-5.949189597999999801e-01	4.175666237000000107e-03	-1.336784167000000023e+00	-1.171171337999999951e+00	6.610121160999999912e-01	9.553329915999999589e-01	-1.723726957000000004e+00	-2.504832706999999825e-01	4.270337155000000218e-01	-1.759375460000000002e+00	-6.188932156999999989e-01	-5.413202808999999505e-01	-1.601282241999999911e+00	-1.119716716999999973e-01	1.332606175000000004e+00	-2.027691583000000020e-01	-1.110012140999999897e+00	-4.146096289999999795e-01	-3.497928914999999805e-01	6.446876354999999670e-01	-9.253301043999999365e-02
4.354958218000000159e-01	2.976520751999999770e-01	2.563445106000000195e-01	-4.690048293999999895e-01	7.181320948999999620e-01	3.463817786000000232e-01	2.405964375000000099e-01	-1.178097458000000042e-01	-1.324186703999999937e+00	-9.716385272999999989e-01	4.100161180999999933e-01	-6.255862987000000430e-01	-2.859341382999999737e-01	-3.004194732000000090e-01	-9.791177271000000015e-01	-6.426121552000000348e-01	2.958421702999999847e-01	-1.512914110000000090e+00	-1.554655343999999939e+00	4.915208836000000137e-01	5.445639783000000289e-01	1.145601772000000018e+00	-1.392400306000000088e+00	-4.305810455999999897e-01	7.918313317999999823e-01	2.542738674999999726e-01	-4.295286328999999848e-01	3.265370269000000270e-01	-1.496062197999999954e-01	8.147831284999999812e-02	-1.017676703000000016e+00	-7.826735565000000339e-01	-1.328150960000000103e+00	-4.023452761999999905e-01	-1.771404554000000076e-01	-7.466660845000000490e-01	2.224227407000000101e-01	2.978734511999999723e-01	9.166727734999999821e-01	6.346543222999999623e-01	-1.125964114999999932e+00	4.576465415000000037e-01	-5.267852320000000477e-01	6.771314400000000289e-01	5.135288815999999867e-01	-3.637747165999999921e-01	-3.742265107000000146e-01	-4.701316215999999937e-01	-1.196190862999999993e+00	-3.892345186999999762e-01	-1.087488065999999920e+00	-2.150894442999999878e+00	-1.415273798000000083e+00	8.349071994000000219e-01	-1.013097544999999933e+00	6.499688622000000526e-01	-6.540692832000000179e-01	-2.705097864000000074e-01	6.362029645000000233e-01	5.141299902000000532e-01	-1.724449474999999898e+00	-2.867637276999999985e-02	-1.203199453000000085e+00	-3.698946692999999786e-01	4.297576926000000186e-01	-4.620346844000000064e-01
4.832403939000000093e-01	4.791419339999999916e-01	2.666815860999999788e-01	-4.141994030000000215e-01	5.272496788999999628e-01	6.061799164000000184e-01	1.878857452000000094e-01	5.561991968999999841e-02	-1.066350480999999961e+00	-7.986435009000000251e-01	3.508821233000000150e-01	-1.328047905999999889e+00	-3.278927581000000147e-01	-3.172438430999999781e-01	-1.232941867000000080e+00	-3.048273745999999784e-01	-5.538514248000000473e-01	-1.120773304999999942e+00	-2.033542420999999933e+00	7.139630743999999529e-01	1.219750636000000027e-01	-6.561107519999999360e-02	-1.097878072999999954e+00	-9.595108985000000423e-02	8.038661164999999498e-01	4.410576270000000076e-01	-5.835858322000000431e-01	1.120381679999999935e+00	-3.517261267999999830e-01	6.522459185000000215e-01	-1.330482735999999999e+00	-6.498711918999999781e-01	-8.402373224000000418e-01	4.054445950000000187e-01	-3.014106705999999858e-01	-1.439506563999999988e+00	4.611872405999999924e-01	3.852797443000000044e-01	6.332057958000000264e-01	3.618206127999999966e-01	-1.076789650999999903e+00	7.819977262999999734e-02	2.234718252000000016e-01	3.031251150000000005e-01	-1.928180626000000064e-01	3.227395055000000235e-01	-4.650193291999999978e-01	-6.730240995999999809e-01	-1.640573520000000007e+00	3.430434670999999991e-01	-1.017488115999999998e+00	-6.876633017000000070e-01	5.128697955000000031e-01	1.329203716000000091e+00	1.216544467000000018e-01	-1.632303465999999981e+00	-6.987956979999999652e-01	1.445307259000000011e+00	7.736032547000000203e-01	5.263559918000000337e-01	6.940606043000000502e-01	-4.500563724000000154e-01	-3.685798189999999752e-01	-2.308475175999999962e-01	2.041306410000000016e-01	-8.912221058000000529e-01
3.656128308000000104e-01	3.470713588000000072e-01	4.082838831000000224e-01	-3.186863276999999939e-01	5.255373853999999456e-01	7.084579939999999798e-01	3.422308041000000078e-01	1.485485180000000079e-02	-1.277448544999999935e+00	-5.076531704000000200e-01	2.658934445999999729e-01	-1.830337045999999912e+00	-7.867057524999999663e-01	-5.712668569000000085e-01	-1.562885249000000032e+00	-4.923523769999999661e-02	-1.063782892999999952e+00	1.328601845999999864e-01	-2.280996136999999813e+00	8.758031552999999692e-01	3.135452549000000144e-01	-1.151591776000000067e+00	-8.664542858999999542e-01	2.552481680999999988e-02	8.289300692000000081e-01	9.133980586000000068e-01	-5.318439243999999455e-01	5.930953960000000524e-01	-4.014810917000000146e-01	7.580581630999999598e-02	-1.299381816999999995e+00	-5.186428587000000423e-01	-6.631736835999999524e-01	3.198549310000000090e-01	-1.146398655000000044e+00	-1.454194125999999976e+00	2.421529129999999974e-01	2.255599641000000100e-01	5.718636878999999729e-01	2.298260289000000067e-01	-1.456971733000000047e+00	5.238781485000000293e-01	7.142597992999999423e-02	2.567851830999999807e-01	-1.379296868000000065e-01	9.857471449000000385e-01	-9.995565666000000293e-01	-1.387599309000000058e+00	4.992579518999999966e-01	1.044944231999999973e+00	-7.866677493999999493e-01	1.983214042000000163e-02	-1.358109073000000055e+00	7.829816399000000260e-01	-6.450218513000000042e-01	-1.054892446999999983e-01	-4.184415161000000216e-01	-4.550710049999999729e-01	1.904948384000000106e+00	2.949042701000000044e-02	6.950078928999999794e-01	3.645861021999999979e-02	-1.388829346999999936e+00	-1.420185596000000050e+00	2.599970373000000112e-01	-6.424110920000000169e-01
4.292155178000000015e-01	3.627100920999999922e-01	1.179912362999999964e-01	-3.154125406000000131e-01	6.475536208000000071e-01	5.065325250000000112e-01	3.444307622000000180e-01	8.372351949999999599e-02	-1.300959291999999934e+00	-1.108730948000000049e+00	9.114166230999999618e-02	-8.042140262000000428e-01	-7.689466807000000514e-01	-4.731059438999999922e-01	-1.554414519999999911e+00	-1.876328634999999828e-02	-1.714568784999999984e+00	1.065574645000000098e+00	-2.266417321000000040e+00	5.039541937999999499e-01	9.984579334000000250e-02	-5.091122187000000077e-01	-6.661489213000000298e-01	7.070151741999999850e-02	9.410819985999999693e-01	1.243642166000000104e+00	-6.823613671999999575e-01	4.688897483999999727e-01	-5.580148364000000472e-01	-6.905252018999999963e-01	-1.265070662000000068e+00	-4.838814321000000085e-01	-6.372970694999999797e-01	3.800118264999999829e-01	-7.223561475999999981e-01	-7.398814366000000531e-01	-9.518147601000000180e-02	6.694070036000000501e-01	-2.239118455000000119e-01	3.282857791000000081e-01	-1.397592527000000029e+00	4.332073273000000002e-01	8.842882077000000507e-01	-3.921831114000000340e-02	1.763466911000000081e-01	1.106773854000000057e+00	-1.381012351999999943e+00	3.696508761000000254e-01	5.074709223999999963e-02	7.276643260000000002e-02	-6.706791568000000092e-01	-2.648539126000000118e-02	-1.059450487000000107e+00	1.788244751999999993e+00	-5.416974163000000120e-01	-1.071414869999999908e+00	-8.328633142000000378e-01	-6.013361839999999958e-01	5.330430765000000459e-01	5.883901057999999656e-02	-8.469603304999999693e-01	-8.201742853000000277e-01	-1.573776690000000089e+00	-9.225470110000000279e-01	2.138696924000000055e-01	-1.008164993999999925e+00
4.791084748000000171e-01	4.755637884999999732e-01	2.348719813000000045e-01	-3.783679655000000142e-01	5.565959298000000555e-01	6.171441503000000273e-01	1.931096878999999933e-01	3.646083513000000220e-01	-1.155514080000000110e+00	-9.745778909000000212e-01	1.697727984000000079e-01	7.937247608999999926e-01	-4.032225589999999804e-01	-7.101146833000000491e-01	-2.193835371000000034e+00	-2.049690305999999906e-01	-1.004013492999999979e+00	8.673890390999999811e-01	-2.223255425000000063e+00	5.975197866000000468e-01	-3.669459500000000346e-02	-2.963098709000000150e-02	-7.791370732000000299e-01	-4.455820104000000198e-02	1.080296491999999997e+00	1.067776864999999908e+00	-1.155926127000000081e+00	6.668401020999999984e-01	-6.258945836000000540e-01	-3.113731766999999762e-01	-1.454952303000000002e+00	-5.572328525999999949e-01	-7.399071519000000041e-01	9.297431112999999803e-01	-4.558095974999999966e-01	-1.352152325000000044e+00	8.962022538000000149e-02	1.246563295000000071e+00	-5.987034422000000466e-01	-2.018777060999999984e-01	-1.487498898999999986e+00	-1.203121199999999946e-01	-5.021902923999999740e-02	9.192524447000000043e-02	-9.920744284000000413e-01	7.125117049000000424e-01	-1.360424843000000106e+00	-9.242241293999999829e-01	-7.819546467000000334e-01	3.646037471999999946e-01	-4.138898670000000224e-01	8.409234500000000168e-01	-2.646676716999999956e-01	6.645865427999999575e-01	4.451690072000000220e-01	2.326109654999999887e-01	-3.905203526000000092e-01	3.467188876000000253e-01	7.381106494000000406e-01	-1.875633895000000106e-01	3.952972322000000149e-01	-5.253390022999999687e-01	-7.497158870000000253e-01	-1.653447567000000118e-01	-5.664363219000000393e-01	-1.769158730000000013e+00
3.958342463000000255e-01	3.645005213999999993e-01	4.055354366000000210e-01	-3.075803091000000045e-01	5.283165327000000078e-01	5.802643936000000391e-01	3.480577310999999896e-01	3.211120816999999961e-01	-1.335205237999999905e+00	-5.639622010999999491e-01	2.962491697999999896e-02	1.179514540000000000e+00	-7.119859173999999458e-01	-7.901710860999999753e-01	-2.164701711999999834e+00	-7.749156032999999777e-01	-3.821559516999999961e-01	3.746049509000000111e-01	-1.716035352000000014e+00	4.102600806999999739e-01	1.278335227000000074e-01	-1.436779840000000030e+00	-9.157321005999999874e-01	-1.314527590000000024e-01	1.155782244999999930e+00	8.829804540000000257e-01	-8.354550832999999566e-01	3.646211437999999916e-01	-7.222640963999999997e-01	-7.093975418000000310e-01	-1.912669727999999902e-01	-6.566180150999999521e-01	-1.865297372999999981e+00	8.334449398000000064e-01	-1.236535442999999956e+00	-1.117103374999999899e+00	-9.330998645999999397e-02	9.161729706000000251e-01	-1.152310892999999892e+00	-2.877316501000000137e-01	-8.109665592000000478e-01	9.443842747000000259e-02	-2.158308714000000128e-01	-1.684089999999999893e-02	-4.513648827000000252e-01	4.408085723999999872e-01	-7.635251424000000231e-01	-1.192613874999999934e+00	4.430896993999999811e-01	2.016961042000000148e+00	2.573550881999999915e-02	-4.706584272000000069e-01	9.905021550999999758e-02	1.771323350000000074e+00	-1.922335040999999967e+00	-1.264902173999999935e+00	2.144269416000000039e-01	-1.455258914999999931e+00	6.349073476000000049e-01	3.169925926000000116e-01	-1.380465652000000043e+00	-1.241585286999999926e+00	-1.840167024999999956e+00	-3.806473960000000267e-01	-8.301008058000000633e-02	-9.708791062999999610e-01
4.055772248999999774e-01	3.580518234999999772e-01	1.856843142000000058e-01	-3.837986514999999765e-01	7.868467045999999465e-01	3.381325421999999969e-01	2.866727251000000254e-01	1.623504201000000036e-01	-1.260036625999999993e+00	-1.706957657000000017e+00	1.759976486000000007e-01	8.176776280999999980e-01	-1.375673364999999981e-01	-7.436300401000000004e-01	-1.771622741999999917e+00	-1.008886232999999910e+00	1.158815756000000086e+00	-4.998203554999999798e-02	-1.288695783999999955e+00	1.744045022000000056e-01	2.011582493000000083e-01	-5.430369913000000076e-02	-1.154713949000000017e+00	-2.831475052999999908e-01	9.216654101000000265e-01	2.722372298999999884e-01	-5.611569360000000506e-01	-1.264943265999999948e-02	-5.154561891000000173e-01	-9.337994751999999510e-01	-1.655585613000000109e-02	-7.072489914999999794e-01	-1.897004069000000070e+00	8.261239697000000159e-01	-1.431896532000000111e+00	-8.649462797000000425e-01	-1.725186768000000134e-02	1.483396957000000072e+00	-1.519331443000000004e+00	5.102816896000000185e-02	-2.727874551999999730e-01	4.959984472000000255e-01	3.655730703999999776e-01	2.398573157999999983e-01	-8.077137519999999515e-01	-2.886952555999999781e-01	-9.886845014999999792e-01	-7.578024152000000235e-01	-6.124231305999999764e-01	1.154875628999999959e+00	7.686960593999999647e-01	1.044986237999999956e-01	-1.151610285000000067e+00	6.782753244000000459e-01	-1.010599982000000008e+00	-8.306623616999999626e-01	4.037663916999999908e-02	-1.163606995000000088e+00	7.221704335999999669e-02	-1.095222076000000044e-01	-3.936734202000000127e-01	-1.695391189000000076e-01	-8.956110459999999662e-01	-1.055002730000000000e+00	-9.701693847999999509e-02	-6.708549278000000005e-01
4.283652031999999887e-01	4.006542216999999795e-01	3.684651203000000041e-01	-4.228644796000000095e-01	6.194394892000000263e-01	4.048454831000000143e-01	7.788957550000000229e-02	-1.500503626000000007e-02	-1.266599974000000017e+00	-1.085767515999999988e+00	5.210565383999999911e-01	5.239292471999999756e-02	-4.850217613000000205e-01	-7.981535797000000043e-01	-1.642349062999999942e+00	-8.917962593999999577e-01	8.814300775000000199e-01	-9.896361832000000192e-01	-1.183344764999999965e+00	2.435947105000000057e-01	5.990541972999999798e-01	1.203594810000000015e+00	-1.378901543000000007e+00	-2.035320623999999912e-01	1.281489281999999896e+00	-4.080887858000000201e-01	4.439496297000000008e-02	6.939856339000000096e-01	-2.174414805000000062e-01	-2.941375317000000100e-01	-2.126831831000000061e+00	-6.624895832999999623e-01	-1.751393753999999969e+00	8.935350535999999622e-01	-1.565180288000000086e+00	-9.511436508999999706e-01	8.216835860000000491e-02	1.944405441000000012e+00	-8.678497232999999866e-01	4.507450668000000105e-02	-2.129509927999999885e-01	-1.643874958000000053e-01	-1.909994727999999864e-01	7.940454001000000206e-01	-8.116547212000000400e-01	-4.546839062999999959e-01	-9.451890347000000414e-01	-1.333393545000000069e+00	-2.430635437999999926e+00	-6.057264048999999595e-01	1.164210717000000006e+00	-7.817316483999999788e-01	2.830777995000000047e-01	8.871906335000000476e-01	-9.950080713000000188e-01	-3.693520529000000052e-01	7.120770298999999914e-01	-2.304220355000000109e-01	-9.585642619000000683e-03	1.277432477000000066e+00	-3.489773908000000091e-01	-6.182956889999999817e-01	1.044654403000000009e+00	4.411226688000000062e-01	-9.562526980999999995e-03	3.344348314000000072e-02
3.944706121000000065e-01	3.344846994999999823e-01	5.148539151000000036e-01	-3.922085852000000150e-01	6.729764884000000169e-01	3.583915343999999892e-01	2.508736436999999819e-01	-1.251510932999999881e-01	-1.313507136999999991e+00	-8.441786069000000170e-01	7.369287579000000088e-01	-6.733419677999999964e-01	-3.348237050000000270e-01	-8.524233025999999880e-01	-1.301553987999999995e+00	-6.405913627999999527e-01	5.158594812000000251e-01	-1.491935250999999907e+00	-1.263676546999999983e+00	1.089433137999999968e-01	2.651894837000000060e-01	1.204304092000000104e+00	-1.507734125000000036e+00	-2.202812101999999939e-01	1.210360961999999985e+00	-3.818763340999999922e-01	4.857320399999999760e-01	1.515825755000000108e-01	-6.825617558999999557e-02	-2.288097474000000131e-01	-1.194756310999999904e+00	-5.407414338999999570e-01	-1.829184652999999994e+00	2.370596309999999929e-01	-1.392910482000000005e+00	-7.677073005000000228e-01	3.222212369999999937e-01	1.480154742000000079e+00	-1.925787130000000125e-01	4.766663824999999854e-01	-2.700748264000000232e-01	-3.458867499000000123e-01	6.905817018000000029e-01	7.379622891999999545e-01	2.177936322000000036e-01	-3.688280558999999792e-02	-1.501563690000000117e-01	-2.187580225000000045e+00	-1.131653502000000006e-01	1.032196223999999996e+00	-1.419358971999999941e+00	-1.836345832999999983e+00	-9.752006096999999984e-01	8.231393670999999357e-02	-6.019138878999999998e-01	1.574880043000000063e+00	8.069691833000000036e-01	-9.308396612999999542e-01	2.477918503000000050e-01	6.665924020000000283e-01	-4.693175924999999915e-01	-8.016107493999999889e-01	-2.075722299000000159e+00	-3.127161042000000113e-01	3.833715111000000064e-01	9.434107574000000218e-01
4.369011865999999911e-01	3.571439317999999807e-01	2.537554496000000159e-01	-3.788880667000000257e-01	8.015899123999999931e-01	5.124460325999999899e-01	1.751412467000000028e-01	-1.101868794000000068e-01	-1.225744034999999954e+00	-1.006850314000000024e+00	7.547047613999999793e-01	-9.729113324000000507e-01	-3.574980436999999900e-01	-7.680362290000000147e-01	-8.987279553999999449e-01	-8.787940311000000393e-02	-1.655918798000000081e-01	-1.539918216000000006e+00	-1.388641113999999899e+00	-1.638075664000000070e-02	7.117539159000000337e-01	8.720816109000000260e-01	-1.318879334000000014e+00	1.088631924999999973e-01	1.379707859000000036e+00	-3.769461293999999962e-01	4.605566757999999816e-01	1.919727877999999888e-01	2.052723472999999910e-01	-5.063126050999999794e-01	-1.107613198999999993e+00	-6.848513742999999820e-01	-1.184766036000000078e+00	-1.335390082000000034e-01	-8.918781236999999695e-01	-7.253806963000000163e-01	6.357172371999999516e-01	1.495861445999999928e+00	-2.494143857999999922e-02	7.409701233000000054e-01	-1.123663862999999957e-01	-2.296550095999999874e-01	-1.999717456000000004e-01	2.675418493000000231e-01	6.409038892999999737e-01	-2.693305582000000142e-01	-2.569645758999999918e-01	-1.356899403000000059e-01	-6.347889540000000164e-01	6.936325074000000424e-01	-1.675393350000000003e+00	-1.641657836000000037e+00	-1.845851238999999921e+00	1.150633122999999980e+00	-5.395942946999999767e-01	-1.221178762999999945e+00	-1.607837655999999893e-01	1.369891061000000076e-01	-4.148148924000000237e-02	3.907322976000000003e-01	-6.326618935000000166e-01	8.971933368000000186e-01	-8.225842258000000407e-02	-4.972251556000000239e-01	6.571433127000000374e-01	7.908309208999999562e-01
4.736722026999999891e-01	4.449693015999999779e-01	5.082030297999999835e-01	-4.000301492000000181e-01	6.750434549999999589e-01	7.622935786000000213e-01	2.065004840999999924e-01	4.735061980000000031e-02	-9.304556410000000000e-01	-7.809938733000000299e-01	8.659720018000000019e-01	-1.341850975999999918e+00	1.828474017000000090e-02	-9.768023705999999695e-01	-1.444406442000000013e+00	2.607747053999999731e-01	-8.563943205999999808e-01	-1.265489217999999916e+00	-1.746514831000000045e+00	4.395777626999999854e-01	5.105427589000000044e-01	-2.397888246999999862e-01	-1.090788547999999913e+00	-8.383026542999999497e-02	1.608409626000000037e+00	-1.716904321999999927e-01	3.718582102999999917e-01	1.459663095000000022e+00	2.210689982999999859e-02	-9.823108240000000269e-02	-1.012545057999999942e+00	-4.771088057999999799e-01	-5.557042649000000223e-01	-4.045677978000000174e-01	-7.625214543999999650e-01	-9.527371905000000529e-01	5.985373837999999891e-01	1.607332098999999959e+00	-3.022312095999999879e-02	3.406184874000000029e-01	-6.816078671999999949e-01	-4.730935886000000035e-01	1.042253013999999978e-01	3.328762572000000253e-01	-2.565390886999999731e-01	-1.467843142999999961e-01	7.883160051999999959e-03	7.723939677000000170e-01	-1.458124095000000064e+00	-1.346872598000000032e+00	-1.030620145999999959e+00	-1.006630911000000017e+00	-2.470455460000000047e-01	1.138425594000000096e+00	6.089241019000000144e-01	-1.198909846999999945e-01	-1.776787760000000105e-01	3.041045615999999896e-01	3.429746579999999878e-01	5.087732491999999995e-01	4.509444544000000277e-01	-2.907252821999999903e-01	-7.813821781999999994e-01	1.575668906000000091e-01	3.742786456999999678e-02	6.833122467000000144e-01
3.824585750999999756e-01	3.059911557000000171e-01	4.875414755999999961e-01	-2.598604375999999938e-01	6.827740529000000391e-01	7.749628125999999950e-01	4.644929574000000172e-01	-6.344464109000000351e-02	-1.206101276000000055e+00	-8.686032308000000146e-01	8.327803018999999640e-01	-1.692199900000000090e+00	-5.395161602000000389e-01	-8.657517608000000475e-01	-1.600760984000000109e+00	2.527404115999999923e-01	-9.858532021000000478e-01	-9.320547828999999895e-01	-1.781078238000000091e+00	6.402911745999999571e-01	4.200512809999999986e-01	-5.879539789000000072e-01	-1.065611083000000070e+00	1.909207792000000015e-01	1.460108127999999894e+00	-8.002950569000000236e-02	-7.142599531000000390e-02	7.017246624999999849e-01	-1.827433391999999934e-01	-1.692523482000000135e-01	-8.949249693999999922e-01	-9.865457710999999685e-01	-3.164591768000000194e-01	-8.699936718999999874e-01	-9.719452486999999863e-01	-8.434229172999999635e-01	5.488585187000000198e-01	1.299990315999999924e+00	-1.126724080000000017e-01	6.709453941000000088e-02	-3.863510866000000044e-01	-2.375444036000000092e-01	1.350861201999999928e-01	3.540382402999999734e-01	-9.635289417999999204e-03	2.085234536999999999e-01	4.729611054000000259e-01	-1.427061383000000072e+00	-2.301695299000000028e-01	1.287644548999999916e+00	-9.588041239000000271e-01	-7.247929747000000367e-01	-1.220767624999999912e+00	1.860870591000000074e+00	3.350470683999999810e-01	-1.210712266000000037e+00	-4.908031555999999851e-01	-1.154426881000000016e+00	1.427371917999999962e+00	5.851279886000000374e-01	1.683928845999999924e+00	-2.146746397999999889e+00	-2.097551091000000145e+00	1.532210176999999895e-01	6.976349929999999810e-01	1.519903632999999976e+00
4.158059383000000109e-01	2.948164260999999731e-01	3.013037015999999735e-01	-2.397420134000000091e-01	8.734045311000000478e-01	6.609324075000000409e-01	3.843820361999999990e-01	2.242925328999999940e-02	-1.188756619999999931e+00	-8.353034843000000098e-01	7.977823442000000487e-01	-1.718807608999999958e+00	-4.387516432999999938e-01	-8.080381962999999557e-01	-1.705126061999999942e+00	-4.383710004000000021e-02	-8.888494524000000174e-01	2.564805179999999907e-01	-1.454321659000000100e+00	2.666462412999999754e-01	5.155818554000000109e-01	-7.629600510999999807e-01	-1.072815250999999970e+00	4.304900610000000211e-02	1.114792489999999914e+00	-8.108799049999999842e-02	-7.623670635999999501e-01	3.153690511999999724e-01	2.778532834999999923e-01	-4.777895296999999930e-01	-8.764951570000000247e-01	-8.382681238000000423e-01	-3.398647397999999820e-01	-5.060467626000000330e-01	-7.352408344999999956e-01	-3.906901434000000228e-01	4.953096280000000018e-01	1.971430468000000102e+00	2.895323088000000267e-01	1.216505380000000025e-01	-4.806431690999999895e-01	-1.627197160999999948e-01	-2.538110487999999942e-01	-1.756754462000000017e-01	1.227713143000000034e-01	2.183418293000000121e-01	-6.167872409000000333e-01	-1.502796288000000091e+00	-1.021404665999999933e-01	-2.457454411999999977e-01	-7.278138108999999689e-01	-3.434632806999999843e-01	-1.181858526999999937e+00	1.264290732000000084e+00	2.063943044999999865e-01	-1.946306060999999921e-01	-1.287018052000000079e+00	-4.507851299999999783e-01	1.619209785000000013e+00	-5.498402047999999542e-01	1.558110421999999939e+00	1.347603697999999905e+00	-1.825283505999999889e+00	9.023488086000000519e-02	5.434609532999999937e-01	6.465026136000000534e-01
4.101515150999999748e-01	3.787936299999999923e-01	4.905272722999999835e-01	-2.841128390000000059e-01	6.793944650000000030e-01	8.882799352000000370e-01	3.240395083000000009e-01	1.010645909999999953e-01	-1.122899512999999905e+00	-4.580481334000000015e-01	6.380573322000000491e-01	-1.163561394000000027e+00	-5.043233705999999872e-01	-6.511921770999999914e-01	-1.842175582000000089e+00	-2.740222957999999820e-01	-1.511114966000000059e+00	9.257089960000000062e-01	-1.761723865000000000e+00	7.278428877999999491e-01	4.198491695000000079e-01	-8.916730027000000502e-01	-7.111080613000000383e-01	7.088489951000000178e-02	1.371188937000000108e+00	1.254722070000000023e-01	-9.433236711000000385e-01	1.042794274000000021e+00	-6.948829647000000220e-02	-2.266660064000000085e-01	-9.537675235000000473e-01	-6.550909726000000433e-01	-7.058787253999999622e-01	-3.925857843999999708e-02	-1.190277634000000084e+00	-8.817475578000000258e-01	5.445350979999999952e-01	2.024459617999999850e+00	6.173509228000000348e-01	1.258653268000000103e-01	-4.576115707999999782e-01	-7.009860787999999676e-01	6.434294136000000552e-01	3.375262725000000019e-01	-7.097366451000000076e-01	4.989505210999999885e-01	-7.591350636000000485e-01	4.323598123999999876e-01	-3.437560398999999767e-01	-8.725694134999999463e-01	-7.408469990999999588e-01	5.603432715999999703e-01	-4.575421626999999769e-01	1.262268246000000094e+00	9.675531125000000343e-02	3.368482347000000265e-01	-1.021661133999999915e+00	-7.947278547999999665e-01	2.144006911000000126e-01	2.854590597000000174e-01	-6.953030696999999982e-01	-3.328769722000000097e-01	-1.166131532999999942e-01	-2.630356951999999748e-01	2.946048802999999827e-01	-7.074583980000000161e-02
3.533972175999999799e-01	3.001544440999999730e-01	3.119119663000000098e-01	-2.044950614999999916e-01	8.193621365000000045e-01	6.340730965999999968e-01	4.985068691999999801e-01	1.103498173999999943e-01	-1.191342845000000095e+00	-1.510562701000000008e+00	5.053452400000000289e-01	-2.052180175999999967e-01	-5.564398218999999646e-01	-4.379110917999999852e-01	-1.777949875000000013e+00	-5.368729073000000351e-01	-1.775821485999999894e+00	8.449533489999999647e-01	-1.586518944999999903e+00	5.342391119999999605e-01	4.781016806999999758e-01	-9.334933761000000496e-01	-7.047581942999999738e-01	1.232511556000000057e-02	1.165039101999999938e+00	1.123463360000000050e-01	-9.239420338999999593e-01	5.048356080000000468e-01	2.796902330000000103e-01	-5.404328184000000146e-01	-8.929843750000000524e-01	-6.673609986999999855e-01	-1.314303782000000032e-01	-3.190918059000000251e-01	-1.246298096000000077e+00	-6.090913444000000121e-01	2.330780124000000064e-01	2.159782299000000183e+00	6.396273544999999672e-01	2.496417757999999931e-01	-1.687936540999999957e-01	-2.242735026000000076e-01	1.648589418000000029e+00	1.807096725000000015e-01	-8.718146605000000049e-01	2.765522708000000066e-02	-4.506703881999999939e-01	-1.178812186999999900e+00	7.172332658000000194e-01	3.538091624999999962e-01	-1.415778621999999931e+00	2.164826769000000040e-01	-9.541722605000000357e-01	1.599971441000000105e+00	1.977329814000000074e-01	-4.434418395999999984e-01	-1.235796847000000032e+00	-1.247213211999999904e+00	3.334796085999999771e-01	1.103106222000000081e+00	-5.052564768000000067e-02	-2.008279175999999833e+00	-1.221642539000000083e+00	-1.059361310999999972e+00	9.820105542999999493e-01	-1.630623281999999952e-01
4.533509206999999930e-01	3.958191490999999895e-01	2.810525906999999934e-01	-1.869507109999999916e-01	7.725944496000000106e-01	7.901646089999999623e-01	3.409321551999999755e-01	3.924746212999999928e-01	-1.117967453999999972e+00	-2.480910987999999928e-01	5.091435584000000292e-01	9.955237505999999792e-01	-4.020627496999999995e-01	-1.136494210000000005e-01	-2.041763537000000017e+00	-7.791949647999999451e-01	-1.071824902999999996e+00	4.725581440000000133e-01	-1.563585105999999891e+00	9.886531474000000153e-02	2.194114754000000000e-01	-8.055122872000000100e-01	-7.675569870999999766e-01	2.338217114999999874e-02	1.145629425999999951e+00	1.002750914999999965e-01	-7.516735034000000537e-01	8.420356909999999750e-01	5.843184670000000080e-01	-3.526673942999999922e-01	-7.338125733000000483e-01	-7.852774946999999672e-01	-1.323983182000000092e+00	-1.030344207999999984e-01	-1.115027991999999912e+00	-1.031273662999999896e+00	4.101328872000000181e-01	2.739876183999999881e+00	6.578842256000000388e-01	1.578336052000000045e-01	-8.896378198000000348e-02	-6.995122992000000206e-01	-4.078946635999999848e-01	1.667956314000000051e-01	-1.672658490999999970e+00	-1.081592662000000066e-01	-4.611103666999999962e-01	-1.028811455999999902e+00	9.461013883999999652e-02	1.875712599999999897e-01	-9.218866719000000376e-02	5.595119714999999827e-01	4.138728227999999842e-01	1.230909714999999904e+00	-1.073865462000000104e+00	-1.053805418999999910e+00	-9.940948524999999592e-01	-1.974781150000000096e-01	-5.108249966000000253e-01	-8.672738794000000029e-01	-3.877555998000000170e-01	-1.436998720999999923e+00	-1.697909941999999894e+00	-3.184921276000000079e-01	6.391648639000000465e-01	-8.680079781999999744e-02
3.786309412000000152e-01	4.180646658000000127e-01	5.374894793000000170e-01	-1.918090185000000114e-01	7.163207249999999915e-01	7.184662067999999513e-01	3.830971085000000054e-01	1.709869482999999968e-01	-1.050117227999999958e+00	-1.309482583000000089e+00	3.776557148999999947e-01	8.247474584999999747e-01	-2.090012749000000059e-01	-7.356926293000000394e-02	-1.776189403999999916e+00	-1.000573629000000020e+00	7.389445038999999937e-01	-3.056579235999999922e-01	-1.612767883999999929e+00	5.230245330999999664e-01	2.498106570999999998e-01	-1.028864755000000075e+00	-7.453177010999999519e-01	-4.137098329000000324e-02	1.197503642999999895e+00	3.026967977000000198e-01	-5.373887640000000188e-01	7.521100737000000480e-01	4.822307908999999837e-01	-4.225827276999999937e-01	5.158324063000000459e-01	-4.429409201999999768e-01	-1.988264867999999908e+00	3.748381976999999865e-01	-1.764232371999999938e+00	-1.072976740999999956e+00	9.462592112000000055e-01	2.402267606000000111e+00	9.962060749000000159e-01	4.468858360999999890e-01	-1.009601606000000013e-01	-3.606531506000000276e-01	9.805139081000000534e-01	9.258585649999999667e-01	-1.709084274000000070e+00	-9.764416972999999389e-02	3.095796781999999858e-01	-1.055618839999999947e+00	6.392444764999999363e-02	1.000719590999999964e+00	-3.321282320999999760e-01	3.628632386999999793e-01	-6.289977625999999544e-01	6.459978742999999968e-01	-1.296711901999999972e+00	-1.332551298000000106e-01	-3.947413302000000179e-01	-1.679634488000000037e+00	-5.693766417000000191e-01	1.256877425000000048e-01	1.643667306999999911e-01	-3.873013133000000052e-01	-1.088326710999999891e+00	-8.857528708999999889e-01	4.932264993000000097e-01	2.240281984999999976e-01
4.035731751000000145e-01	3.465022280000000232e-01	2.953583110999999928e-01	-1.802758469999999891e-01	9.123651752000000448e-01	5.786326716999999897e-01	5.047981607000000537e-01	-2.091115877000000040e-02	-1.240893569999999890e+00	-1.365458950000000060e+00	5.196991886999999810e-01	5.528985143000000324e-01	9.427624299000000319e-01	1.817393002999999896e-01	-1.769979219999999964e+00	-1.246874135999999966e+00	9.017309255000000023e-01	-8.472557350999999626e-01	-1.268570004000000084e+00	1.858509487999999987e-01	5.544232639999999712e-01	-1.613602587999999893e-01	-6.302837218000000297e-01	-7.989392644999999959e-02	1.259727387999999948e+00	1.646152995000000063e-01	-2.140191063000000116e-01	2.492696939000000056e-01	5.634304023999999744e-01	-6.466430670999999686e-01	-5.336103544000000420e-01	-2.561968228000000014e-01	-1.341698649000000021e+00	5.727805352000000516e-01	-8.804560487000000490e-01	-8.131653640999999544e-01	1.066393876000000018e+00	2.374433182999999836e+00	1.118608143000000110e+00	7.494896469999999811e-01	3.415337426999999759e-01	2.289657607000000067e-02	-7.856289633000000661e-02	1.135032822999999969e+00	-3.994624533999999727e-01	-6.231410576999999451e-01	-2.302736311999999952e-01	-1.347316029999999998e+00	-2.933414790000000161e-01	3.922219479999999869e-01	1.468248317000000025e+00	-1.278853789000000019e+00	-1.810079760000000038e+00	6.414577163000000359e-01	-1.446241820000000011e+00	-5.476618423000000346e-01	-4.585160224000000007e-01	-1.638682230999999989e+00	-8.981387646999999808e-01	7.090537277999999777e-01	-1.083992735000000041e+00	-1.292016816999999929e+00	-3.613503377000000238e-01	-1.001313679999999984e+00	4.391057669999999802e-01	4.225297057999999883e-01
4.038424784999999906e-01	4.375553283999999987e-01	4.174852341999999994e-01	-2.196437619000000119e-01	7.422780427999999819e-01	7.193316535999999539e-01	3.127746670000000062e-01	-8.446362142999999656e-02	-1.154467353999999890e+00	-6.474076410000000337e-01	6.858983096999999862e-01	-4.012467737000000034e-02	-2.492642493999999986e-01	5.274436208999999653e-01	-1.506649754999999979e+00	-1.368228486000000022e+00	7.377345868000000362e-01	-1.135526816999999911e+00	-1.207404539000000110e+00	5.885382158000000002e-02	4.525000204999999887e-01	1.868840043000000062e+00	-7.082569870999999573e-01	9.766163548999999555e-02	1.424875075000000102e+00	4.821230005999999763e-02	-2.469941045999999862e-01	5.542110448999999495e-01	4.084256132999999900e-01	-2.177197569000000055e-01	-1.177096641999999971e+00	-1.523258380999999995e-01	-1.490958632999999978e+00	1.216883514000000055e+00	-1.118413960999999901e+00	-1.099281659000000078e+00	8.677662682000000238e-01	2.316573367999999800e+00	9.620850452000000441e-01	8.369185783999999462e-01	4.504347410000000274e-01	-2.422772793000000091e-01	5.212950697999999550e-01	1.668959254000000003e+00	-6.548673354999999807e-01	-1.080411319000000037e-01	-1.026500710000000094e+00	-1.444617781000000045e+00	-1.607208272000000049e+00	-1.793400675000000055e-01	7.724524222999999967e-01	-3.552403635999999976e-01	6.187315726000000016e-01	1.212852268000000011e+00	-5.152723808000000405e-01	2.535491671999999808e-01	4.319822951999999772e-01	2.719783064000000014e-02	-7.852056340999999939e-01	5.824877039000000423e-01	-1.465167290000000122e-01	-2.677576409999999907e-01	2.297093423999999884e-01	7.091491143000000497e-02	6.507734905999999764e-02	5.760399721000000195e-01
3.746422021999999963e-01	3.509213116000000077e-01	5.709088770000000368e-01	-1.505670208000000065e-01	7.553919687000000271e-01	7.762604776999999512e-01	5.466045878999999941e-01	-3.285412238000000040e-01	-1.203862291999999945e+00	-6.413913302999999511e-01	1.144394477000000077e+00	-6.700545740000000139e-01	6.968734957000000119e-02	4.436770319000000184e-01	-1.380044738999999909e+00	-1.161297816000000038e+00	-2.419528796000000037e-01	-1.953103268000000003e+00	-9.831299087000000547e-01	3.529466540999999791e-01	5.768936346999999909e-01	8.062737563999999857e-01	-8.431696622000000030e-01	3.056372877999999904e-01	1.452255979999999891e+00	1.695778008000000114e-01	-1.555184871999999996e-01	3.620746046000000162e-01	-1.106536758999999981e-01	-4.690293803000000206e-01	-2.120743687999999960e-01	1.693769176999999904e-01	-4.626494483999999963e-01	1.406939543000000015e+00	-9.606060316000000210e-01	-1.400483053000000089e+00	5.224823108999999688e-01	1.376706978000000081e+00	1.140783896000000075e+00	1.079391537000000012e+00	3.322241840999999862e-01	4.829499167999999898e-01	5.921699877999999639e-01	1.804226472000000081e+00	4.563426921000000025e-01	1.833090011999999880e-01	-1.171077418000000092e+00	-1.325444349000000077e+00	-2.997903183999999777e-01	6.792702993000000466e-01	-1.755444637000000085e+00	-1.713683316000000012e+00	-1.423361445000000058e+00	1.276164300999999890e+00	-5.343228969000000106e-01	6.277709016999999392e-02	7.377850392000000479e-01	-8.507994975999999543e-01	6.227324592999999853e-01	3.704199094000000247e-01	-1.013964024000000075e+00	-3.818005877000000270e-01	-9.313176636000000119e-01	-9.601544202999999778e-01	1.236083003999999957e-01	1.295829740999999924e+00
4.210046297999999743e-01	3.547819265000000111e-01	2.837582134000000145e-01	-1.471042813000000005e-01	8.861792388000000464e-01	5.809306248000000172e-01	5.654872489000000169e-01	-2.201013662000000093e-01	-1.145210808999999941e+00	-1.122091071999999912e+00	9.776115485999999910e-01	-1.399956441000000051e+00	-1.192822510000000058e-01	7.215700525999999559e-01	-1.433626346999999912e+00	-9.081425494000000542e-01	-7.458696168999999765e-01	-1.047576548000000107e+00	-6.737513309999999533e-01	2.064722777000000120e-01	5.182830391999999620e-01	-4.937888382999999770e-01	-6.389869897000000076e-01	2.243503041999999892e-01	1.575959950000000109e+00	-8.080637340000000612e-02	-2.791848250999999781e-01	5.714329912000000178e-01	-1.432924311999999867e-01	-8.178544937999999709e-01	-8.395682234000000077e-02	2.504669185000000242e-01	-1.138762289000000011e-01	1.439709919000000005e+00	-5.947794786000000222e-01	-8.848597033999999750e-01	6.395721921000000476e-01	1.247551536000000016e+00	3.936620628999999982e-01	1.301200946000000025e+00	3.574070695000000075e-01	8.154463542000000009e-01	9.919610369999999622e-02	1.529556578000000000e+00	3.879088200999999958e-01	-3.373693198000000115e-01	-1.819057300999999960e+00	-8.709302249999999468e-01	8.459852031999999522e-02	-5.019951149000000390e-01	-4.802133588999999980e-01	-1.562051027999999953e+00	-4.487179333999999908e-01	1.560373862999999917e+00	6.032177760000000388e-01	-1.471008945999999984e+00	2.087438802999999898e-01	-3.744812149000000256e-01	1.505514027000000032e+00	3.228474110999999813e-01	1.389159773999999903e+00	5.621892150999999727e-01	-1.142555256000000075e+00	-8.140375571000000310e-01	1.172722009999999961e-02	8.674395450999999868e-01
3.911236748999999957e-01	4.197711116999999770e-01	4.952434775999999816e-01	-1.472738956999999904e-01	7.301514432000000276e-01	8.751841460000000517e-01	4.609226153000000048e-01	3.054921002999999927e-02	-1.082139581000000073e+00	-3.144862576999999937e-01	8.568156943000000414e-01	-1.355801287000000022e+00	-1.276018241000000109e-01	6.189070924999999779e-01	-1.813737971999999976e+00	-4.824324072000000241e-01	-1.134021861999999992e+00	4.778331035999999754e-01	-1.169716712999999908e+00	5.073572538999999715e-01	3.150525604000000146e-01	-6.597329402999999592e-01	-1.977323930999999868e-01	4.112212431999999751e-01	1.885755242999999970e+00	1.605311125999999977e-01	-7.403008739999999976e-01	1.173796741999999949e+00	-2.696228106999999929e-01	-7.127534161999999895e-01	-3.570076113000000273e-01	3.668719133000000188e-01	-3.471832915999999991e-01	1.819990194000000061e+00	-9.533707346999999999e-01	-8.743429324000000502e-01	1.009919486000000033e+00	1.831727273999999905e+00	-1.025619858999999995e-01	1.523125700000000027e+00	-3.549536419000000054e-01	5.834327809999999559e-01	6.282355896000000328e-01	1.224670455000000047e+00	-2.401679981999999859e-03	2.315440353999999867e-01	-2.064886582000000192e+00	-6.437856243999999784e-01	3.900718637000000211e-01	-5.593511965999999891e-01	-4.526394441000000102e-01	4.896703559000000205e-01	-4.171051102000000177e-01	1.649127476000000092e+00	5.823625553000000288e-01	1.655409216000000017e+00	5.137333300999999963e-01	2.247199822000000083e-02	8.318211304000000528e-01	-1.954310032000000086e-01	1.010122688000000046e+00	-4.635853018999999686e-02	7.602659120000000437e-01	-9.564482850000000091e-01	-4.868418382999999960e-01	1.139380266999999947e+00
3.069825185999999761e-01	2.840141496999999959e-01	4.758966284999999741e-01	-1.947002193999999853e-02	7.776037273000000472e-01	7.816537036999999799e-01	7.509459868000000204e-01	-4.487125654000000130e-02	-1.226616616999999909e+00	-1.382592779000000105e+00	8.420219813000000553e-01	-2.903484827000000212e-01	-3.467725315999999891e-01	6.164981862999999729e-01	-1.858167440999999975e+00	-2.501948006999999974e-01	-1.831379958999999946e+00	1.126867051999999925e+00	-1.436514322999999926e+00	5.150692838000000551e-01	4.769356765000000165e-01	-1.233891084999999999e+00	4.955027874000000193e-02	5.882713021000000042e-01	2.023384398000000139e+00	9.369558664999999564e-02	-6.707969782999999575e-01	6.805666074999999759e-01	-3.845448907999999832e-01	-8.405235978999999746e-01	-3.925166802000000232e-01	1.256178899000000015e-01	2.581918330999999900e-01	1.484766888000000007e+00	-1.126944576000000087e+00	-2.355602944999999893e-01	9.995893125999999462e-01	1.581946078999999949e+00	-8.373855491999999678e-01	1.661257353000000103e+00	7.345420012999999415e-02	1.101086642000000060e+00	1.386570660000000066e+00	1.078075716999999933e+00	-9.967026473000000220e-01	1.916643382000000062e-01	-1.050872266000000055e+00	-1.282510349999999910e+00	9.932637623000000193e-01	1.525787452000000100e+00	-9.544459548999999488e-01	3.140405078999999877e-01	-9.506978481000000203e-01	2.652940273000000015e+00	4.297810531999999850e-01	-1.055713453000000079e+00	8.228692197000000430e-01	-2.046901355000000144e+00	1.532322761000000089e+00	6.037506432999999451e-01	-1.571274921999999963e+00	-1.852891622000000016e+00	-1.222269448999999897e+00	-4.404314339000000023e-01	7.450931135999999677e-02	1.359377255999999923e+00
3.556758633000000058e-01	2.832945849999999877e-01	2.494843422999999949e-01	-4.087816715999999934e-03	9.739564195000000035e-01	7.236239087000000403e-01	7.033986440999999701e-01	1.844391223000000080e-01	-1.247235386000000057e+00	-5.858328979000000380e-01	8.084620237999999848e-01	1.044792283999999905e+00	-2.802671272999999741e-01	5.324937653000000326e-01	-2.058538076000000050e+00	-3.462909444999999753e-01	-1.120021034999999943e+00	8.008975537000000422e-01	-1.079308777000000052e+00	1.976149731000000076e-01	3.919033232999999949e-01	-4.077526150999999932e-01	-3.137383489000000192e-01	4.346419870000000074e-01	1.987289142999999925e+00	-3.489078254999999906e-03	-1.121947368000000056e+00	4.336909521999999795e-01	-6.606046790000000279e-02	-9.977790215999999823e-01	5.591450483999999693e-02	5.247778950000000359e-03	-6.784759147000000157e-01	1.579365496999999952e+00	-6.085146557999999706e-01	-2.251415435999999937e-01	1.082274050000000098e+00	2.256097664999999974e+00	-1.288187261000000028e+00	1.718997466999999890e+00	-3.448436508000000122e-01	4.532135057000000189e-01	2.355144703000000006e-01	5.670648069000000513e-01	-9.589351001000000485e-01	-3.275103940999999907e-01	-1.565871433000000090e+00	-1.267371494000000043e+00	8.000203952000000118e-01	1.223654215000000045e+00	-1.937201357999999984e-01	2.934610088999999866e-01	-8.471353243000000477e-01	1.145170342999999979e+00	9.526045763000000333e-02	-3.324457719000000200e-01	5.686080019999999458e-01	-5.929328978000000250e-01	1.260469320999999976e+00	-5.244887338000000510e-01	1.353012835999999997e+00	-5.104836031999999690e-01	-2.049345145999999840e+00	-7.257163557000000376e-01	2.837293040000000155e-01	5.721499878000000372e-01
3.581132083999999938e-01	3.992536011000000218e-01	5.203299018999999470e-01	-9.627940429999999605e-02	7.599190716999999484e-01	8.305865778000000033e-01	5.423511596000000212e-01	2.183202273000000027e-01	-1.018935740000000090e+00	-1.414751694000000004e+00	7.677910378000000202e-01	7.664893948000000012e-01	1.065572456000000029e-01	1.067065380000000036e-01	-1.836967618000000080e+00	-3.094665238000000040e-01	7.373396266999999726e-01	7.885745718000000681e-02	-1.618652552999999994e+00	3.424803207000000072e-01	5.183740505999999693e-01	-3.776271327999999872e-01	-2.916049701999999799e-01	3.397035020999999988e-01	2.272117864000000154e+00	6.011024579000000256e-02	-5.657309256000000453e-01	1.247731233999999967e+00	-5.738094603999999849e-02	-6.223485623000000189e-01	7.300112522999999687e-01	2.301860584000000043e-01	-1.581422730000000110e+00	1.702584008999999954e+00	-1.040150043999999996e+00	-8.306500946999999524e-01	1.146325644000000032e+00	2.154849564000000051e+00	-1.358201071999999954e+00	1.907764610000000083e+00	-4.539702648000000229e-01	1.837389325999999948e-02	1.956342377999999993e-01	1.250230828000000072e+00	-2.082592905999999910e+00	-7.773945558000000533e-01	-1.410650568999999965e+00	-1.264988985000000121e-01	-5.838719719999999613e-01	5.000491107000000213e-01	4.081694299999999997e-01	2.883979099000000268e-01	-5.313731584999999980e-01	1.328377193999999983e+00	-6.732949859000000314e-01	3.718305937000000033e-02	1.438315535999999950e+00	-6.710040162999999502e-01	-6.041677412999999497e-01	-4.506543619000000223e-01	-4.001802433000000159e-01	4.622851577000000045e-01	3.630481281999999865e-01	-4.453833548999999725e-01	-1.588066944000000036e-01	3.369699778999999951e-01
3.456334632999999990e-01	2.388141173999999978e-01	3.955090052999999939e-01	-5.652564612000000183e-02	7.698188353999999567e-01	6.993847855000000502e-01	5.555480267000000305e-01	-8.402547091999999773e-02	-1.359749863000000003e+00	-1.197660941000000090e+00	9.030117190999999988e-01	3.706168738999999768e-01	9.517130512000000486e-01	-1.917180699999999904e-01	-1.788698239999999995e+00	-3.785404262000000020e-01	1.251328065999999906e+00	-6.781575083999999976e-01	-1.285506983999999964e+00	1.320115256999999931e-01	7.845430422000000403e-01	4.325403179000000264e-01	-5.488680916999999493e-01	1.514037330999999931e-01	2.113627847000000060e+00	5.618552277999999678e-02	-6.290417450999999383e-02	6.011768014999999687e-01	1.239496687000000014e-01	-8.244575369000000098e-01	-1.223947050000000036e+00	4.899987203999999763e-01	-1.361919856999999956e+00	1.153781750999999911e+00	-8.557614291999999789e-01	-5.066767298000000030e-01	5.557953251999999678e-01	2.386516212000000081e+00	-1.422135724000000101e+00	2.195168858999999806e+00	-3.033100833999999996e-02	6.414339638999999593e-01	6.637531647000000090e-01	1.451100931000000038e+00	-1.345563685999999981e+00	-6.230769918999999879e-01	-2.376932220999999901e-01	-2.073764262000000080e+00	-1.171482011000000018e-01	1.715999577999999914e+00	7.420268017000000160e-01	-2.012302367000000203e+00	-2.865811377999999965e-01	1.111459154999999921e+00	-1.577927218999999992e+00	1.190810902000000032e-01	1.123493537000000098e+00	-1.464422212999999973e+00	-9.013209958000000244e-01	1.852160432000000023e+00	-1.275554398000000068e-02	-2.257623691000000044e+00	-3.328059684999999934e-01	-2.413695990999999985e-01	1.290711559000000008e+00	1.203594679999999917e+00
4.035986265000000017e-01	2.885008883999999885e-01	3.920923552000000201e-01	-1.039013941000000024e-01	9.358499735999999958e-01	6.680758203000000117e-01	5.799359001999999652e-01	-1.843785538999999918e-01	-1.302698147999999945e+00	-6.037555887000000121e-01	1.089852378000000011e+00	-2.690169781999999787e-01	-6.069812973999999528e-01	-4.199999025999999747e-01	-1.397983541000000107e+00	-3.191090407000000267e-02	5.758004195999999464e-01	-1.410293553999999894e+00	-1.270173328999999907e+00	-5.505043116999999708e-02	8.688735766999999832e-01	8.695668200999999709e-01	-8.254575764999999565e-01	3.179350731999999735e-01	2.068990853999999935e+00	2.140638797999999954e-01	2.743536831999999759e-01	6.503406458999999584e-01	3.391201509999999808e-01	-4.479950953999999874e-01	-2.166662446000000020e-01	8.708548503999999912e-01	-1.142545791999999949e+00	5.836302526000000102e-01	-5.895788645999999744e-01	-6.661376237999999672e-01	2.926527257000000048e-01	2.458287991999999811e+00	-1.332783537000000074e+00	1.850068760000000090e+00	-3.569511236999999698e-02	3.410112504000000211e-01	3.553399259999999726e-01	1.303774929000000027e+00	7.642776886999999575e-02	-5.682315623999999454e-01	-1.176815700999999992e+00	-7.199299823999999459e-02	-1.354395833000000104e+00	-5.197797682000000474e-01	5.364673862000000071e-01	-1.817797212000000107e+00	-1.128433226999999928e+00	2.634420814999999805e-01	-9.106076070000000688e-02	1.600452044000000018e-01	1.058042633999999982e+00	-5.678331183999999476e-01	-2.739184179999999968e-01	-6.924310562000000058e-01	-1.162787921000000058e+00	3.206826040999999905e-01	-1.644234407999999981e+00	1.928325506000000134e-01	1.290689720000000040e+00	9.790427763000000283e-01
3.854600570999999753e-01	3.398766183999999968e-01	6.121160638000000542e-01	-1.063927330999999976e-01	7.252960781999999718e-01	1.010805919999999913e+00	5.432660983999999527e-01	-1.280833011999999993e-01	-1.066770129000000011e+00	-1.034918498999999992e+00	9.884779540000000475e-01	-1.265258353999999974e+00	-1.143856708999999999e-01	-8.407661236000000260e-01	-1.379383781000000031e+00	6.897981814999999683e-02	-7.321341943000000407e-01	-1.135785730000000049e+00	-1.126947896999999976e+00	4.445522424000000056e-02	7.177211958000000447e-01	-5.984401835999999530e-01	-7.971410653999999596e-01	2.688923087999999795e-01	2.493321880999999962e+00	3.337723586999999936e-01	3.088402659999999744e-01	1.418672047999999908e+00	3.427953344999999929e-01	5.032133074999999706e-02	-5.198282506000000414e-01	3.822719073999999995e-01	-2.892231259999999970e-01	6.059413689999999519e-01	-3.295290538000000269e-01	-9.823772119000000469e-01	-3.564348001000000044e-01	2.399912000000000045e+00	-1.280084538000000105e+00	1.126444672999999952e+00	4.251600987999999970e-01	3.132756418000000043e-01	1.473732335000000004e+00	1.081496368999999902e+00	-9.598352213999999938e-01	1.244426093999999924e-03	-3.882018697999999879e-01	-2.637401833999999945e-01	-4.914114071999999833e-01	-9.087814308999999646e-01	-1.560417254000000087e+00	-1.546456006000000105e+00	-1.119228418999999919e+00	1.103493003000000083e+00	8.587789106000000006e-01	-8.671304669999999604e-01	1.028713224999999953e+00	2.542508587000000264e-01	8.632775498000000436e-01	1.085745108000000014e+00	2.381128395000000175e+00	-9.591233351000000296e-02	-9.835089366000000499e-01	4.025295503000000247e-02	8.262546595999999965e-01	9.348678580000000515e-01
3.421664735000000124e-01	1.965083666999999923e-01	4.314034977000000270e-01	-2.154819197999999908e-02	9.494424065000000024e-01	9.526482670000000486e-01	6.472662459000000368e-01	-7.264750466000000073e-02	-1.235256600999999899e+00	-7.255521949000000026e-01	8.237592279000000017e-01	-1.714005505000000040e+00	-4.919555816999999776e-01	-7.518652746999999748e-01	-1.359615728999999940e+00	1.164100943000000027e-01	-8.485405545999999966e-01	4.480938452000000072e-01	-7.168337997000000517e-01	-1.007954742999999931e-01	9.504060747999999448e-01	-4.791290892999999773e-01	-9.340972989000000393e-01	2.336503081999999898e-01	2.082675476999999997e+00	7.211846673999999791e-01	5.493704700999999524e-01	7.047369401999999949e-01	5.419298020999999688e-01	-2.842633243000000087e-01	-6.841252349000000177e-02	5.973946563000000209e-02	1.038527219999999945e-01	-3.585890673000000084e-01	-3.983046312999999894e-01	-9.780384867000000426e-01	-7.375810238000000130e-01	1.919523674999999985e+00	-7.251240688000000212e-01	5.589046839000000322e-01	-6.188586972000000019e-02	1.271693870000000004e+00	-9.179111798000000322e-01	1.260249316999999952e-02	-7.362290876999999512e-01	-9.415862886999999681e-02	-1.273746833999999994e+00	-1.511832526000000065e+00	8.429322364000000345e-01	-4.040844097999999884e-01	-3.917108832999999790e-01	-1.115655370999999896e+00	-1.882621332000000036e+00	1.082585179999999925e+00	9.904539097000000236e-01	1.172281094999999967e-01	1.055596149999999955e+00	-8.181114911000000323e-01	-4.875055266000000165e-02	3.953424625999999997e-01	1.068526909000000025e+00	-2.101268598000000098e-02	-1.122332251000000003e+00	-1.280257643999999972e+00	8.982255599999999784e-01	6.765102678000000092e-01
3.824854001999999920e-01	3.581072305999999927e-01	4.194498470999999951e-01	-1.986327029999999938e-02	8.084127143999999543e-01	1.145803037000000080e+00	5.115030703999999817e-01	1.638101030999999930e-01	-1.106035673999999913e+00	-1.053494227999999922e+00	7.684319675999999877e-01	-4.684034310999999895e-01	-1.764710436999999965e-01	-6.690748381000000133e-01	-1.644561171000000099e+00	6.453492210000000284e-02	-1.321450028000000110e+00	1.435574589000000012e+00	-7.933831411999999750e-01	-7.315155392000000090e-02	5.957304323000000013e-01	-3.756559440000000194e-01	-9.737020129000000246e-01	3.295719739999999898e-02	1.853892749999999978e+00	9.551898854999999466e-01	4.973395841000000095e-01	1.644461436000000054e+00	9.319272924999999486e-01	2.465058505000000122e-01	-9.330460432999999609e-01	-8.657836715000000183e-01	4.351427532000000098e-01	-3.299479840999999802e-01	-4.839548839999999880e-02	-1.218289111999999896e+00	-1.117043655000000024e+00	1.786312144999999907e+00	-1.390362095000000076e-01	-4.802001882999999971e-01	-1.384489871000000039e-01	6.908131408000000029e-01	1.897185370000000093e+00	-3.327637775000000242e-01	-1.524205629999999978e+00	-1.036916603999999964e-01	-1.106274404000000100e+00	-7.464055105000000356e-01	2.251855582000000106e-02	-3.213922813999999795e-01	-6.180299327999999592e-01	2.481969615000000073e-01	4.659629831000000055e-01	1.917384900999999919e+00	5.957804820000000001e-01	-1.717625821000000053e-01	7.593967241000000312e-01	8.149627349000000409e-01	-3.434241080000000057e-02	-1.144288438000000019e+00	-5.338719687999999852e-01	-7.199764744000000105e-01	-4.061681348000000247e-01	3.769120774999999979e-01	8.265026307999999433e-02	-6.802419613000000309e-01
3.343931533000000234e-01	3.332004527999999910e-01	5.315816620000000103e-01	-2.646041903999999875e-02	8.450727317999999766e-01	1.146123618999999927e+00	5.944245395999999682e-01	2.442976836999999901e-01	-1.036915161000000030e+00	-6.529857062999999684e-01	8.178947447000000093e-01	1.203686288000000104e+00	-5.255648329000000007e-01	-4.912416947000000089e-01	-1.844167195999999898e+00	-1.658069719999999969e-01	-1.023602123999999947e+00	8.080608752000000283e-01	-9.287037912000000173e-01	3.893367577000000218e-02	9.393381160999999535e-01	-6.161363193000000127e-01	-1.013570840999999945e+00	3.772316289000000183e-02	1.654807922000000042e+00	1.293854268000000030e+00	6.629546308000000554e-01	1.345247429000000050e+00	1.038697715000000077e+00	6.316068108000000292e-02	-5.475894531999999648e-01	-1.077840281000000067e+00	-7.263224476000000596e-02	-4.613631308000000208e-01	-3.856537449999999922e-01	-1.538985065000000096e+00	-9.158788023999999695e-01	1.140491243999999904e+00	4.909871467999999961e-01	-1.207672434000000017e+00	-4.087800212000000100e-01	6.748906145999999939e-01	8.309097124000000001e-01	-1.257422680999999987e-01	-1.652815077000000077e+00	-3.204697782999999661e-02	-1.077252660999999945e+00	-7.583630264999999815e-01	6.332245823000000051e-01	1.646754805000000044e+00	-5.276795488000000089e-01	4.865938899000000206e-01	-1.655563574999999954e+00	5.459275366000000407e-01	4.243843634000000198e-01	-4.273444008000000238e-01	3.887862326000000035e-01	7.366185341000000553e-02	7.981700741999999682e-01	-1.034675530999999982e+00	4.940345486000000119e-01	-9.820870054000000460e-01	-9.258159470000000280e-01	-2.836477620000000255e-01	4.514844646999999767e-01	-6.671727645999999678e-01
3.588019729999999963e-01	3.212192541000000179e-01	3.872458467000000071e-01	5.463961610000000330e-02	8.409157872000000422e-01	1.172513828999999896e+00	5.696255293999999969e-01	1.856342472999999993e-01	-1.075298979000000044e+00	-1.206329618000000048e+00	8.920357346999999715e-01	1.278174644999999998e+00	-2.739402149999999869e-01	-2.848045484000000238e-01	-1.835381858000000088e+00	-4.527677580000000201e-01	-8.154417836999999780e-02	3.953302526999999955e-01	-6.417394185000000473e-01	-2.040716070999999965e-01	7.195535455999999552e-01	-6.374421904999999500e-01	-1.108700918000000035e+00	1.187042120000000034e-01	1.421432428999999997e+00	9.056192824000000030e-01	9.537531984999999546e-01	9.902847790000000039e-01	1.002464320000000075e+00	-2.896992978999999857e-01	2.612796164999999782e-01	-1.499967617999999892e+00	-1.454168686000000044e+00	-4.896292548999999772e-01	3.870422552999999710e-02	-1.100186894999999998e+00	-1.066197398999999990e+00	1.901759255999999898e-01	3.575691455000000185e-01	-1.317052800999999995e+00	-5.299718962999999672e-01	5.172393064000000429e-01	-3.708858129000000003e-01	-1.859961871999999961e-01	-1.211591928999999901e+00	-4.324453642000000153e-01	-9.119715570999999965e-01	-3.830092762999999789e-01	7.130235579000000490e-01	2.624657035999999888e-01	1.546720769000000106e-01	-2.288535352999999939e-02	-7.991948455999999812e-01	2.852257347000000109e+00	-1.246758349000000043e+00	-8.685525594999999877e-01	-4.215324335999999783e-01	-4.365201093000000143e-01	8.777619117999999922e-04	-2.396974618999999848e-02	-3.004005960999999725e-01	-5.906772074999999678e-01	-1.390405163999999916e+00	-3.767638683999999794e-01	8.797938488000000001e-01	-1.172594566999999977e+00
3.730006428000000041e-01	3.715552146000000167e-01	4.981147397999999837e-01	-1.667497542999999971e-01	7.634211530000000190e-01	9.861368713000000508e-01	3.749115101000000116e-01	5.862680015999999911e-02	-9.668487189000000148e-01	-1.247649344999999910e+00	7.778119180000000465e-01	8.702559806999999870e-01	1.205010504000000093e+00	1.565453749999999936e-02	-1.804516452000000104e+00	-5.023402225999999970e-01	1.252654818999999975e+00	-2.212451800000000135e-01	-4.099968867000000072e-01	-1.190395283000000026e-01	9.080262971000000460e-01	6.770037482999999856e-01	-1.156940636000000078e+00	-1.525611199999999945e-01	1.098211086999999919e+00	6.976641584999999646e-01	1.193982767000000056e+00	1.333051548000000031e+00	4.241171756000000070e-01	-4.966527860000000127e-01	-2.041203196999999969e-01	-1.389127578999999946e+00	-1.599672524999999901e+00	-6.226380358999999975e-03	-8.468434349000000250e-01	-1.066484505000000027e+00	-1.421010112000000047e+00	3.023778536999999766e-01	1.594453882999999905e-01	-1.109090407999999917e+00	-9.371303542000000153e-01	-3.336395822999999733e-02	6.064124491000000283e-01	9.043771403000000486e-01	-1.677444844999999907e+00	-1.772453774999999954e-01	-1.585904865999999913e+00	-4.149709282999999860e-01	-8.879883377999999716e-01	1.541548490000000105e-01	1.088740701999999949e+00	6.438050791999999634e-01	-5.135153663000000535e-01	6.690206545000000338e-01	-4.027704254000000206e-01	8.812438732999999802e-01	-2.506457662000000086e-01	6.318834784000000315e-01	-1.095308637000000029e+00	-3.653043583000000205e-01	-6.323930079999999787e-01	-6.352545076000000179e-01	-3.146422656999999790e-01	-2.089583372999999911e-01	-2.469822328000000067e-01	-1.560368720999999903e+00
3.418924463999999941e-01	3.204581730000000128e-01	6.013655332999999770e-01	-5.570377557000000257e-02	6.839403502999999995e-01	1.014689637999999894e+00	4.824649162999999907e-01	-3.082892367000000244e-01	-1.019114260999999910e+00	-9.871569668999999880e-01	7.551089527000000023e-01	2.150077978999999917e-01	-2.258611460999999931e-01	9.959715634999999345e-02	-1.792132228999999910e+00	-1.703444628000000127e-01	1.041721888999999956e+00	-1.407012963999999977e+00	1.878464123999999957e-01	-2.387204340999999896e-01	9.465462384999999701e-01	1.221920058999999892e+00	-1.164873263999999908e+00	-5.178345101000000027e-03	7.909546771000000032e-01	3.206039392000000210e-01	1.387208849999999938e+00	1.023626444000000024e+00	-2.130644336999999999e-01	-3.854322739000000109e-01	-1.936096164000000064e+00	-9.915711658000000428e-01	-1.246836330000000048e+00	7.220021220000000239e-01	-7.324360960000000365e-01	-9.231591550000000090e-01	-1.783041293999999999e+00	-1.837045187000000135e-01	-8.496526989999999557e-01	-4.599392867000000051e-01	-4.208122128999999823e-01	-7.369208485000000586e-02	6.950744571000000427e-01	1.164328137000000041e+00	-1.283160136000000007e+00	3.909837874000000046e-01	-1.195782837000000098e+00	-7.649350821999999495e-01	1.351001044999999940e-06	7.442697162000000422e-01	1.915478071999999976e+00	-8.375024361999999778e-01	-1.171977387000000093e+00	1.746914137000000089e+00	-1.202759227000000042e+00	-1.228100302000000088e+00	2.537514115999999764e-01	-1.202795523999999894e+00	-2.280161189999999893e-01	2.077349337000000129e-01	-9.394491563000000323e-01	-1.780466426999999907e+00	6.502218032000000036e-01	5.799464384000000416e-01	1.265603842999999951e-01	-8.218893162000000530e-01
3.024841247000000233e-01	2.767879771999999794e-01	4.444452138000000163e-01	-8.703390256000000103e-02	8.313575443999999814e-01	7.782953036999999963e-01	4.663398574000000019e-01	-3.402093863999999801e-01	-1.207064190999999953e+00	-1.187677080000000052e+00	5.954462122000000468e-01	-3.650630370999999874e-01	-3.479322041999999837e-01	2.420822163999999943e-01	-1.422325464000000039e+00	1.853709604000000066e-01	9.116149306999999924e-01	-1.721493154000000025e+00	6.357968186000000355e-01	-3.467469088999999838e-01	8.186628991000000077e-01	2.126536136999999993e+00	-1.241641031999999978e+00	-4.684512254000000042e-01	-3.150764596000000251e-01	-1.737707840999999920e-01	1.148664472000000103e+00	3.042919232999999890e-01	-6.264579738000000120e-01	-3.190388195000000149e-01	-6.043913892000000176e-01	-9.519926020000000211e-01	-1.527022891999999965e+00	8.942935464000000279e-01	-8.717607841000000191e-01	-1.616998457000000111e-01	-2.159390751000000108e+00	-4.483817042000000086e-01	-1.279287845000000035e+00	-1.770731908999999965e-02	-4.949434644999999855e-01	-3.592546510999999887e-01	2.482584707000000113e-01	1.124286431000000031e+00	-5.247303098000000166e-01	2.594965222999999765e-01	-1.716178929000000020e+00	-9.234622370999999719e-01	1.264609551999999922e-02	-2.274709819999999882e-01	1.058468560999999974e+00	-7.603701458999999607e-01	-1.533329774000000034e+00	1.040905133000000093e+00	8.116824326999999561e-01	1.417347085999999923e+00	1.036198288999999953e-02	-5.074182180999999847e-01	1.619108390000000008e-01	1.006869451000000026e+00	1.754343105999999972e-02	2.001250756999999880e-01	-8.055445463000000528e-01	5.299113466000000550e-01	-2.552269444999999970e-01	-6.128252989000000372e-01
3.877184671000000193e-01	3.565568908999999787e-01	4.173274958000000034e-01	-1.067799368999999970e-01	6.636050749999999887e-01	9.193677091999999940e-01	3.218925322999999783e-01	-2.724522019999999767e-01	-1.172874739000000055e+00	-8.347211718999999475e-01	6.298809068999999816e-01	-7.255522258000000058e-01	2.257132883999999895e-01	1.821998724999999986e-01	-1.267355954999999978e+00	3.700076295999999987e-01	-2.108674567000000111e-01	-1.766829334000000085e+00	8.749247085000000368e-01	-2.735497861999999780e-01	8.363081280999999922e-01	1.083282773000000088e+00	-1.216330385000000014e+00	-4.554921104999999915e-01	-5.468991310999999911e-01	-7.201204201999999999e-01	5.873244660999999978e-01	1.084454781000000034e+00	-1.504482914000000005e+00	1.359171060999999903e-01	-8.414041262000000465e-01	-1.044358971999999941e+00	-3.601407852999999881e-01	1.708864026000000091e+00	-9.951037137999999560e-01	-4.259029296999999881e-01	-2.016206455999999925e+00	-4.977601316999999970e-01	-1.881704350999999997e+00	-1.252091942000000124e-01	-4.477574878000000203e-01	-8.214185052000000375e-01	1.964251683999999887e-01	8.052886442000000145e-01	-6.135432201999999613e-01	2.731029741000000066e-01	-1.632438936000000007e+00	-1.277034055000000057e-01	-2.006570525999999965e-01	-7.502612081999999738e-01	-1.697631142999999954e+00	-2.612418458999999915e-01	-1.216582628000000055e+00	1.988040500000000099e+00	8.396260832999999923e-01	2.124794561999999998e-01	2.881711923999999980e-01	7.405610475999999665e-01	4.778829816999999869e-01	-6.267598428999999749e-01	-6.717164707999999651e-01	-4.507901369000000269e-01	6.657375895999999571e-01	1.195163643000000109e+00	-8.871282608999999653e-01	-1.052037563999999925e+00
3.567592104000000264e-01	3.204671594999999873e-01	4.938270267000000047e-01	-6.067393170999999669e-02	6.541356237000000018e-01	8.863962042999999902e-01	4.172408448000000103e-01	-3.075620327999999959e-01	-1.205724081999999919e+00	-7.921749375000000093e-01	5.120636283999999705e-01	-1.539957991000000082e+00	-2.512471424000000120e-01	3.369703712000000212e-02	-1.750165476999999914e+00	2.492785901000000026e-01	-8.866033491000000488e-01	-1.024347971999999940e+00	1.078982587000000049e+00	-3.931336689000000106e-01	1.008890937999999959e+00	-9.696813749999999565e-01	-8.502728598000000027e-01	-5.777972496000000069e-01	-1.204111369000000042e+00	-9.431668963999999544e-01	2.626892799000000167e-01	1.504939996999999918e+00	-1.840191308999999942e+00	7.754514580999999351e-02	-4.927722623999999940e-01	-9.556044645000000282e-01	-2.580528494000000062e-01	1.497725866999999988e+00	-1.482802125000000082e+00	-9.468224108000000347e-03	-1.829685851000000030e+00	-1.617809432999999908e+00	-1.894800988000000075e+00	-1.046686893000000063e-01	-3.896273773999999745e-01	-5.596170806000000386e-01	-2.876174590999999725e-01	8.703184080000000433e-01	-6.896562362000000501e-01	3.642586850999999792e-01	-1.723075026999999926e+00	1.057508587000000055e-01	9.519281041999999582e-01	5.808644350000000123e-02	-1.516352007000000036e-02	-3.609475026999999780e-01	-7.259772854999999581e-01	8.206824378000000531e-01	1.683215729000000049e+00	-9.580218095999999683e-02	3.286439071999999739e-01	-5.911343553000000250e-01	4.910421041999999958e-01	-4.721389928999999985e-01	1.332221866000000032e+00	2.252917490000000064e-02	-1.202652253999999976e+00	-5.624406974000000226e-01	-4.918792465999999863e-01	-6.845694598999999547e-01
2.969623985000000022e-01	2.322720216999999976e-01	3.076961273000000108e-01	-5.871779081999999733e-02	7.751809012000000498e-01	8.480977872999999612e-01	4.002407685000000104e-01	-2.727518671999999977e-01	-1.253408183999999981e+00	-1.365986206000000092e+00	3.668425126000000036e-01	-1.096658353000000030e+00	-3.399999615000000031e-01	-3.452545696999999823e-03	-1.293547895999999975e+00	2.018046928999999989e-01	-1.665891731000000098e+00	3.123830436999999738e-01	1.390570190999999900e+00	-5.822717182000000102e-01	6.845212250000000109e-01	-8.744820467999999680e-01	-3.368060105999999831e-01	-3.426722986999999887e-01	-1.563534184000000105e+00	-1.407265374000000069e+00	-2.794674737999999770e-01	9.382117603999999833e-01	-1.632505078999999970e+00	1.646539087999999984e-01	-1.365472212000000019e+00	-1.263569181000000041e+00	-6.873379008000000123e-01	1.740226218000000102e+00	-1.063250102999999891e+00	8.799010149999999530e-01	-1.913624844999999963e+00	-1.493449625000000003e+00	-1.188917953000000027e+00	-5.972961074000000120e-02	4.226950392000000112e-01	-7.097522665000000064e-02	3.233283001000000212e-01	3.950876864000000266e-01	-3.856739410000000201e-01	4.153474866999999904e-01	-6.582273158000000457e-01	-7.688414662000000455e-01	1.612911473000000040e+00	-2.546223391999999919e-01	-4.643243819000000272e-01	8.901161674999999995e-01	-2.345572589000000097e+00	2.293147513000000082e+00	1.362060502999999922e+00	7.717308456999999455e-01	1.790148773000000137e-01	-7.535014393000000199e-01	1.178633188999999915e+00	2.063919546000000105e-01	1.247263221999999998e-02	-5.062073255000000271e-01	1.114737367000000035e+00	-3.888232884999999750e-01	1.473913065000000133e-01	-7.567281871000000049e-01
3.482497424000000064e-01	3.610558442999999840e-01	3.223559250999999959e-01	-2.322536524000000119e-03	7.637063428000000487e-01	1.045779438000000061e+00	2.706698291999999895e-01	1.123844969000000055e-01	-1.157533912999999970e+00	-3.399087914000000210e-01	3.028819830000000213e-01	8.599031366999999593e-01	2.067441837000000004e-01	2.136859175999999971e-01	-1.956047875999999963e+00	2.787597862999999787e-01	-1.090838181000000073e+00	2.278178365000000094e-01	1.155784598999999968e+00	-4.794367558000000029e-01	1.023517524999999928e+00	-7.115179707000000020e-01	4.866293876999999712e-02	-2.460429677000000037e-01	-1.783541083000000027e+00	-1.270392109999999963e+00	-3.432350035999999771e-01	1.438273643000000046e+00	-1.826921774000000109e+00	2.512674473000000019e-01	-9.783066521000000071e-01	-1.179487905000000003e+00	-1.867996137000000001e+00	1.471004146000000068e+00	-1.305425563000000011e+00	8.313097126999999809e-01	-1.758064958999999927e+00	-1.008274678000000035e+00	-5.618588261000000417e-01	-8.210950855000000159e-02	6.242782907999999686e-01	-8.390823642000000415e-01	-3.161474450000000269e-01	4.259385957999999861e-01	-2.108046295999999931e+00	6.157460609999999557e-01	-9.402433392000000278e-01	7.252173675999999958e-01	1.286179060999999901e+00	3.424254568999999804e-01	-4.846521646999999988e-01	1.578785981000000005e+00	8.358364947999999961e-01	1.295823807000000105e+00	1.191587275999999918e+00	7.995146172000000551e-01	6.811812728999999678e-01	5.233930436000000519e-01	2.100607532000000055e-01	6.744324544999999449e-02	-1.300649516000000006e+00	-2.109347999999999779e+00	-1.014385592000000003e+00	-4.057771830999999940e-01	3.246498130000000093e-01	-1.232679917000000014e+00
3.150953327000000082e-01	3.414691944000000090e-01	4.665940191999999875e-01	-1.981455517000000124e-02	8.353516087000000256e-01	8.413380164000000550e-01	3.306318317999999978e-01	-9.169939330000000111e-02	-9.534339429000000532e-01	-1.247088141999999955e+00	4.411497844000000224e-01	9.288880085999999814e-01	8.957885470999999988e-01	2.418170946000000043e-01	-1.480409413999999924e+00	5.965329489999999790e-01	6.403960239999999526e-01	-7.832470492999999978e-01	9.769326901999999535e-01	-3.645817063999999830e-01	1.280354159999999908e+00	-9.568070386999999455e-01	1.150454907999999971e-01	1.619770509000000025e-01	-1.755901946999999907e+00	-1.002313843999999898e+00	4.090092793999999810e-01	9.851645431000000119e-01	-2.094236276000000174e+00	3.342418433000000078e-01	-8.367902619999999514e-01	-4.405413644999999767e-01	-2.061939422000000022e+00	1.370570958000000061e+00	-1.036123421000000100e+00	8.219194385000000436e-01	-1.720329540000000046e+00	-1.056230290000000016e+00	2.412326768999999982e-01	3.670742723000000041e-01	1.243381585000000067e+00	-2.649263894000000175e-01	-1.041594425000000046e-01	9.163092219999999788e-01	-1.212839270999999997e+00	1.234122753999999933e+00	-2.819688383999999770e-01	-9.542800684999999672e-02	4.212848962999999891e-01	3.130206867000000059e+00	1.089342792000000060e+00	7.486212750999999832e-01	-1.043396784000000022e+00	4.125495585000000243e-01	4.766866549000000064e-01	-3.837004225000000268e-01	1.209401114999999916e+00	-1.162614961000000058e+00	1.092233750000000001e-03	-4.527585016999999823e-01	-1.525549105999999933e+00	-4.277747343000000146e-01	-5.085102864999999639e-01	-7.250247291000000427e-01	5.706129388000000247e-02	-5.870735975999999967e-01
3.108591257000000163e-01	3.291812914999999728e-01	2.828243201999999790e-01	7.047902115000000134e-02	8.717554154000000111e-01	8.216706886000000321e-01	3.925071202000000037e-01	-2.571166121999999832e-01	-1.096490265999999991e+00	-1.128229493999999944e+00	6.542247541000000277e-01	1.461509715000000043e-01	-3.772900109999999807e-01	6.203883740000000202e-01	-1.150672995999999948e+00	1.047534132000000007e+00	9.129502981999999545e-01	-1.288593427999999985e+00	1.209651038999999928e+00	-3.139011728000000168e-01	1.197075800999999995e+00	1.589562222999999941e+00	9.075428463000000112e-02	3.718231730000000068e-01	-1.422051208999999927e+00	-1.085446625999999970e+00	9.100413267000000417e-01	6.115182542000000554e-01	-1.588867551000000100e+00	5.643224183999999699e-01	-1.871346873000000022e+00	7.623476813999999907e-03	-2.153488033999999995e+00	1.347194859000000022e+00	-7.730987906999999826e-01	1.109908209999999951e+00	-2.155937197000000083e+00	-6.552217527000000485e-01	6.127448387999999690e-01	7.418293688000000552e-01	8.583998861999999619e-01	-1.337970129000000050e-02	1.399302121000000065e-01	1.297791018000000074e+00	-8.678065476999999861e-01	1.345891233999999992e+00	-7.145060174999999791e-01	-1.027926601000000106e+00	-4.022876906999999780e-01	-1.214415578000000023e-01	1.123367149999999981e+00	5.046270345999999754e-03	-4.745974796999999912e-01	1.046825418999999924e+00	5.362983794000000248e-01	4.290328964000000161e-02	1.366311803000000102e+00	-7.807329744000000016e-01	8.666265145999999531e-01	1.393095500000000042e+00	-8.209917063999999653e-01	-4.106925683000000049e-01	-1.457035912999999905e-01	-2.522722065999999930e-01	6.046207225999999935e-01	-1.312714597999999899e-01
3.399439101999999768e-01	4.691532708999999746e-01	5.604518523999999502e-01	4.276243605999999892e-02	6.738821434999999749e-01	1.073325851999999969e+00	4.345980145000000183e-01	-9.729990993999999838e-02	-8.873210116999999952e-01	-7.829147902999999964e-01	8.410898428999999954e-01	-5.560620608999999881e-01	2.099824154000000109e-01	4.701539093000000058e-01	-9.484591676000000415e-01	1.542252646999999977e+00	-4.237135258000000217e-03	-1.832017001999999950e+00	1.103128767999999926e+00	-1.519249218000000012e-01	6.271056440000000176e-01	9.541004996999999932e-01	-9.465653329999999810e-02	6.061326988999999887e-01	-1.031933151000000048e+00	-9.520371370000000333e-01	8.162503037999999655e-01	1.076881567999999900e+00	-1.723326338999999985e+00	1.345438499999999982e+00	-1.002497798999999912e+00	2.358002452999999887e-01	-7.173363534000000152e-01	1.926891774000000002e+00	-4.498012212999999981e-01	2.543077859000000274e-01	-1.625785518000000041e+00	-4.260981119000000206e-01	3.960110436000000012e-01	6.644886727000000048e-01	1.394949138999999894e-01	-8.228150696999999569e-01	2.940938296999999757e-01	1.060879788999999906e+00	4.998268490000000175e-01	1.840045804000000063e+00	-6.200875054000000164e-01	3.698812752999999787e-01	-1.156411237000000078e-02	-2.857288888999999776e-01	-1.943721641000000000e+00	-9.035732775000000494e-01	-1.137505079000000086e+00	4.620642598999999962e-01	6.453072694999999470e-01	1.867269153000000070e+00	1.927150906000000052e+00	2.599449105000000149e-01	8.646109695000000483e-01	6.297762090999999840e-01	-1.071010371000000010e-02	6.961999232000000148e-01	-6.730154617000000394e-02	-9.362533221000000072e-01	-6.864041962000000385e-01	-5.437702853000000447e-01
3.211280228000000236e-01	2.897382933000000049e-01	4.504739496999999870e-01	1.765918674999999993e-01	8.769970483000000261e-01	1.112512715999999902e+00	6.384318986000000473e-01	-1.937705389999999916e-01	-8.017531450999999532e-01	-1.091552660999999924e+00	9.559546419000000128e-01	-1.418129248000000064e+00	3.352926116000000123e-01	5.517057549999999644e-01	-1.263818831999999892e+00	1.598589789999999899e+00	-7.539258078999999668e-01	-1.221747820000000040e+00	1.099680683999999964e+00	-4.526945031000000064e-02	9.248952406999999543e-01	-7.825655926000000262e-01	1.878809516000000124e-01	8.063504452999999961e-01	-1.254492852999999908e+00	-5.764033503000000058e-01	8.016978533999999934e-01	9.578837119999999983e-01	-1.773456284000000105e+00	1.223479476999999926e+00	-5.308146250999999927e-01	3.424825418999999926e-01	5.591007278000000025e-02	1.265547728000000038e+00	-1.120061804999999966e+00	7.983127067999999937e-01	-1.389823580999999919e+00	-9.467913715000000341e-01	-5.197903634999999634e-01	9.321509445000000227e-01	-3.016615002999999962e-01	-3.518643179000000010e-01	-1.033422676000000040e+00	1.060697828999999981e+00	7.027093075000000189e-02	1.453361671999999993e+00	-5.549556236999999559e-01	-2.666285610999999944e-01	-5.041702409999999912e-02	1.114899941000000005e+00	3.050527444000000199e-01	-6.166804140999999628e-01	-1.169402467999999945e-01	1.602370201999999910e+00	2.007759295000000055e+00	-9.575341810999999925e-01	1.550508946999999971e+00	-1.200307820999999997e+00	9.953190204999999569e-02	2.230934904999999802e+00	-3.937168480000000081e-01	-1.186395351000000042e+00	-8.664435189000000426e-01	-6.842451761000000188e-01	2.335326704000000031e-02	-9.073541085000000339e-02
4.215499748000000046e-01	4.725482042999999965e-01	8.701522185000000464e-02	4.334206038999999788e-01	8.051747847000000347e-01	9.636858697000000307e-01	3.782594572999999905e-01	6.345911630999999387e-02	-1.025693798999999906e+00	-1.325096634999999967e+00	3.088339330000000049e-01	-1.163266834000000083e+00	-2.686133728999999803e-01	5.176472475000000184e-01	-1.058981936999999984e+00	1.683640672999999977e+00	-1.314033940999999928e+00	8.296239807999999938e-01	2.062761115999999895e+00	5.843191425000000133e-02	-1.384014317999999966e+00	-6.211239501999999968e-01	3.328565821000000202e-01	7.551047808999999944e-01	-8.552030436999999985e-01	-8.821959366999999608e-01	5.798742074999999607e-01	6.050518715999999575e-01	-1.273281612999999979e+00	1.702722776999999965e+00	-6.572287900000000072e-01	-2.130411094999999921e-01	9.629834362000000425e-02	1.539983367000000047e+00	-6.624452482999999559e-01	1.063743815000000037e+00	-7.049263931000000483e-01	-6.409101378999999543e-01	-5.432148540000000247e-01	3.429918349000000144e-01	-9.992440807000000369e-01	-7.770698348000000255e-01	1.004870954000000038e+00	8.577169265999999848e-01	3.367818340000000021e-01	1.042675111999999960e+00	-1.899611032999999893e-01	4.138299335999999773e-01	-1.489830202999999909e-01	2.205807397000000059e+00	-6.147334165000000183e-01	-1.360582978999999915e+00	-5.406830501999999594e-01	3.010275753000000165e-01	1.122654741999999928e+00	7.509618193999999525e-01	1.344454819000000079e+00	2.213827832999999967e-01	4.459236166000000168e-01	-7.544271349000000182e-01	1.021668379000000071e+00	8.721734142000000523e-01	1.090277377999999908e+00	-1.754000612000000126e-01	2.457732581000000138e+00	-3.711978543000000186e-01
4.127875159000000127e-01	5.611249569999999798e-01	3.744406780999999795e-01	5.523679821000000434e-01	4.636917208999999929e-01	8.190833738999999669e-01	1.573643295999999914e-01	6.397486673000000179e-01	-9.890105802999999973e-01	-1.556019687999999901e+00	-8.961974241999999535e-02	4.051311303999999974e-02	-5.006927224999999648e-01	3.433205876000000045e-01	-5.134199789000000180e-01	1.705631179000000053e+00	-2.827636142000000130e-01	9.029964258999999549e-01	2.302272948999999791e+00	-3.724385162000000138e-01	-2.570083213999999838e+00	-5.591141666000000177e-01	6.324872601000000039e-01	3.667315225000000178e-01	-4.032522257000000221e-01	-9.669050364000000286e-01	3.522096626999999813e-01	6.221105933999999671e-01	-1.067432726999999915e+00	2.023826548000000169e+00	8.691283233000000538e-03	-3.520873156000000059e-01	-9.679746824999999610e-01	1.677385949000000043e+00	-1.367657523999999958e+00	5.424900367999999640e-01	-2.091074954999999971e-02	3.371244492000000093e-01	-2.375618026999999910e-01	-1.163024765000000016e-01	-8.160989642999999516e-01	-4.754554505999999958e-01	-2.333294502999999909e-01	7.386790020000000290e-01	-2.836111326000000155e+00	7.646809035999999615e-01	1.252612427999999944e+00	2.220343070000000196e+00	-1.933136307000000054e+00	1.725106357999999895e+00	-7.186704613000000075e-02	-1.351877996000000026e+00	6.796830086999999798e-01	1.618855125999999922e+00	6.346266121000000426e-01	1.408273829999999949e+00	1.888898203999999970e+00	-2.341278034000000008e-01	2.629331065000000134e+00	1.205145064999999960e+00	-1.662743435999999964e+00	-1.085652276000000027e+00	2.121759259000000064e+00	2.445259341999999947e+00	4.536161741999999997e+00	-9.616357287000000531e-02
3.110107107999999787e-01	4.196710934999999809e-01	3.921115510000000026e-01	6.388622443999999456e-01	6.589086706000000238e-01	6.600474383000000111e-01	4.317900156999999739e-01	8.691729178000000278e-02	-1.257210268999999991e+00	-1.027297785000000019e+00	7.411677512000000023e-01	-3.699318488000000182e-01	-1.688263979000000081e-01	6.661666673999999677e-01	-7.092960005999999762e-01	1.764392259999999935e+00	1.380579548000000045e+00	-9.803925929000000261e-01	2.128176573999999821e+00	-2.020209438999999996e-01	-7.998626889000000073e-01	-8.068821336999999483e-01	3.474531519999999873e-01	7.895684619999999709e-01	-3.069745307999999784e-01	-7.285330908999999577e-01	1.541330840999999952e+00	-4.040931488999999766e-01	-9.309465914000000231e-01	1.736014289000000099e+00	-4.883538188000000058e-01	-3.200160168999999777e-01	-1.156470930000000008e+00	1.728772733000000006e+00	-1.657416720000000065e+00	1.186594119000000003e+00	5.493029069999999514e-01	6.370093126999999689e-02	3.392838917000000065e-01	1.462077837999999907e-01	1.957064466000000003e-01	3.430398721999999845e-01	-1.121365704000000019e+00	1.746847861000000002e+00	-1.257930975000000062e+00	1.685650123999999916e+00	9.799028798000000151e-01	-9.745160550999999449e-01	-2.383419308000000125e+00	5.503419935000000152e-01	-2.482499747999999951e-01	-1.273252282999999929e+00	4.426521351000000104e-01	-1.603964852999999913e+00	1.498594235000000108e+00	-7.191439674999999809e-01	1.326136042999999987e+00	2.751579237999999816e-01	1.440933170999999957e+00	2.869889984999999921e+00	-4.007452250999999910e-01	-2.548062950999999909e+00	-1.269056673000000003e-02	-3.279255956000000083e-01	6.581543167000000416e+00	1.554490117000000060e+00
3.510307771000000243e-01	2.495909815000000032e-01	5.885370577999999853e-01	7.346711256000000301e-01	6.555257942000000115e-01	7.546137034000000021e-01	6.288420395999999579e-01	2.013773828000000043e-01	-1.041267050000000083e+00	-1.231561061000000068e+00	1.395016715999999990e+00	-6.008601275999999602e-01	-2.223867384000000058e-02	5.187053619999999476e-01	-6.300885192999999829e-01	2.098667493000000217e+00	-7.853839848000000456e-01	-1.029544833999999964e+00	1.769015455999999986e+00	-4.092942115000000047e-01	-4.696923497000000114e-01	-1.350792647000000013e+00	1.004095176000000089e+00	8.245833560999999978e-01	3.267808434000000206e-01	-2.862825715000000271e-01	1.150507136000000097e+00	6.172809272000000513e-01	1.448893602999999919e-01	1.273995028999999946e+00	-3.822601686000000054e-01	3.724327926000000066e-01	2.646590041999999920e-01	1.964295984000000050e+00	-4.117044255000000264e-01	1.179513674999999928e+00	1.301968921999999917e+00	3.115089366000000082e-01	9.675667418000000186e-01	4.194022526000000251e-01	1.178465381000000090e+00	7.047810442999999925e-01	1.693115123000000111e+00	-1.229679211999999966e-01	-4.148294435000000058e-01	2.513384867000000078e+00	1.769586187000000033e+00	1.502291306999999909e-01	1.054141559000000061e+00	-5.192349613000000197e-01	-9.810591866000000216e-01	8.195397657999999863e-01	-7.838377062000000395e-01	-1.355350382999999992e+00	1.933498064999999988e+00	8.900676463999999607e-03	1.226930842000000021e+00	-2.493413711000000074e-02	1.929004283999999902e+00	8.276672975000000099e-01	-3.689477375999999920e-01	-1.574301218000000002e+00	-2.945841216000000262e-01	-1.931280732000000000e-01	5.773946063000000350e+00	1.492266796000000006e+00
3.239984659999999850e-01	3.629909219999999936e-01	3.582120729000000114e-01	1.087020657999999917e+00	6.881855525000000195e-01	1.213499241999999922e+00	7.794470181000000553e-01	5.833300701000000421e-01	-8.731176793999999575e-01	-1.364862543999999955e+00	1.091491532000000042e+00	5.136516137000000093e-01	-7.440669435999999748e-02	8.384559175000000364e-01	-1.003693581999999918e+00	2.063815012000000060e+00	2.094913236000000012e-01	9.109624923999999624e-02	1.354945397999999912e+00	-6.197327778000000231e-01	1.616379775000000019e-01	1.301458157000000004e-01	1.377398657999999942e+00	4.985974964000000065e-01	1.585119551999999987e-01	2.342822001000000043e-01	1.137161046999999980e+00	1.381877097999999915e+00	6.172747380999999978e-01	7.324850138999999816e-01	9.279295752999999758e-01	-8.691334884000000149e-02	-4.763853708999999936e-01	1.085524863999999923e+00	7.058729853999999859e-01	1.686811824000000071e+00	8.114311966999999681e-01	6.407530102999999810e-01	1.326226260999999962e+00	7.100183958000000350e-01	1.328707609000000067e+00	7.340524472999999661e-01	6.094944771000000427e-01	-6.846083411000000174e-01	-9.302868000999999776e-01	2.639015006000000163e+00	4.880963299000000144e-01	-7.204324925999999740e-01	1.511289263999999966e+00	-5.048368023999999510e-01	-2.313575261999999966e-01	8.949383593999999942e-01	5.550414124000000449e-01	7.246885744000000074e-01	3.042310447000000084e-01	3.709799543999999782e-01	1.093792925000000027e+00	-1.032398287999999997e+00	8.103687108999999555e-01	-6.021945322999999739e-01	1.432471650999999901e-01	-3.141773816999999802e-01	-6.558507706999999742e-01	-8.665733799000000515e-01	6.270756250999999892e+00	7.231227929000000332e-01
3.318627384000000236e-01	4.169690355999999820e-01	6.386786772000000445e-01	8.617256261000000306e-01	5.154907028999999863e-01	1.238760129000000099e+00	7.917711048000000140e-01	7.765385457000000269e-01	-7.278655829000000299e-01	-4.306129315000000179e-01	1.150262702000000026e+00	6.464160976999999697e-01	2.021863439000000096e+00	9.747965105000000463e-01	-9.845835201999999509e-01	2.239740390000000136e+00	1.283237334999999923e+00	-5.547220528999999845e-01	5.273180251000000318e-01	-4.081877364000000008e-01	2.506211034999999976e-01	2.177302452999999804e+00	1.357986723000000007e+00	7.803414686999999850e-01	1.750254814999999964e-01	1.022702845000000027e-01	9.956900525999999862e-01	1.309758277000000026e+00	-5.462580665999999807e-01	8.740628124000000554e-01	7.747836007999999719e-01	2.450027197000000101e-02	6.027668106000000359e-01	7.187436602000000230e-01	3.329428390999999987e-01	1.034255329000000057e+00	5.136835266999999483e-01	-1.163641826999999990e-01	1.240756068999999906e+00	2.611565393999999984e-01	1.133641507000000104e+00	-9.919616029000000168e-01	6.612862604999999450e-01	-6.669436722999999567e-01	-2.841106588999999794e-01	3.029952906000000112e+00	-7.911730673000000325e-01	1.459505556000000093e+00	-2.525294864000000028e-01	-1.086700533999999996e+00	1.994631204000000047e+00	1.999982063999999893e-01	-6.572968286999999465e-01	-1.216765731999999989e-01	2.332514429999999958e-02	1.097695778999999927e+00	1.153065986000000098e+00	-5.184788194999999655e-01	-8.469023450999999536e-01	4.686667634000000193e-01	-2.272216233000000085e-01	-3.156996935999999837e-02	-2.306335622000000030e-01	-3.100214946000000027e-01	4.389861956999999926e+00	2.747215720999999777e-01
2.429857115000000067e-01	2.468321578999999877e-01	7.679387880000000388e-01	8.380473819999999519e-01	7.818765872999999811e-01	9.959934409999999794e-01	1.029547672999999941e+00	6.010883243000000320e-01	-9.758138873999999685e-01	-5.959965425000000039e-01	1.282086220999999915e+00	9.186936649999999371e-02	3.435520428000000126e-01	9.634706999000000049e-01	-7.864571740000000366e-01	2.069066083000000056e+00	1.336686950999999901e+00	-1.538990343000000038e+00	4.502939365999999999e-01	-1.464918258000000029e-01	8.538162140999999705e-01	2.726135291999999932e+00	8.776140465999999751e-01	9.146442736000000018e-01	-4.906394991999999955e-01	-8.529591945000000175e-01	9.308176135000000295e-01	1.296499060000000092e-01	-8.381887125000000438e-01	5.397948596999999626e-01	9.437600139999999804e-01	1.608506238000000088e-01	8.185339955999999528e-01	6.576809077999999989e-03	-9.453283822000000391e-01	8.988950504999999591e-01	8.369817904000000086e-02	-3.671866295999999807e-01	2.527813594000000164e-01	1.843869546999999942e-01	1.535645455999999909e+00	-8.908827808000000514e-01	2.541414397000000269e-01	-3.386515384000000073e-01	1.892428317000000026e-01	2.436420130000000128e+00	2.293291379999999949e-02	-1.633795316000000053e+00	-1.984739285000000075e-01	1.373388556999999954e+00	3.242212938000000211e+00	-7.060890830999999590e-02	-9.343667025999999876e-01	9.875909540999999736e-01	1.250921532000000003e-01	4.245467513000000248e-01	7.373536285999999773e-01	-1.503613316000000033e+00	-1.359967354999999989e+00	1.635204435999999983e+00	-1.888235292000000065e-01	-1.723980207000000098e+00	-5.315641097000000093e-01	1.547541025999999986e+00	3.196678671999999999e+00	6.376440652999999514e-01
2.867698690000000106e-01	2.814205954999999815e-01	3.903632488000000067e-01	7.584245210000000181e-01	9.374893418999999950e-01	7.573417451999999717e-01	9.944013052000000297e-01	5.162541430000000542e-01	-1.044290254999999945e+00	-5.080328699999999698e-01	1.345479729000000013e+00	-3.691252643999999861e-01	6.974954477999999458e-01	9.023968277999999676e-01	-2.401567367999999925e-01	1.842473041999999950e+00	9.414538832000000079e-01	-1.724158048999999915e+00	2.314494749000000073e-01	-5.688801072000000403e-01	6.819430130000000423e-01	2.344635398999999953e+00	3.273497572999999883e-01	6.186669247999999621e-01	-9.602396936000000549e-01	-1.514396770000000059e+00	9.181181094000000487e-01	3.216401440000000167e-01	-9.627382544000000486e-01	-2.425143627000000135e-01	1.540095779999999914e+00	5.745157925000000075e-03	1.194535257999999933e+00	-5.186345879000000547e-01	-4.761700493000000090e-01	5.308387070000000207e-01	-8.587844547999999856e-01	-3.990053711000000058e-01	-3.089753098999999947e-01	1.048570253999999979e-01	7.990063428000000467e-01	-1.148636927999999946e+00	1.569031991000000015e-01	-3.163543266000000131e-01	1.411722705999999938e+00	1.757054415999999897e+00	-1.293860835999999903e+00	5.969226613000000459e-01	-6.271914548000000478e-01	-1.589395624000000007e+00	8.201896825000000169e-01	-1.067356280000000046e+00	-1.827367224999999928e+00	8.048647491000000542e-01	4.901711402999999745e-01	1.417300441999999938e+00	-2.775697648000000073e-01	-3.636017838000000224e-01	-6.530179941999999516e-01	-2.108653390999999933e-01	-9.499698536999999776e-01	5.241610448000000311e-01	-1.669472308000000016e+00	1.542705672999999944e+00	2.644818309999999784e+00	3.654483440999999888e-01
3.036892075000000024e-01	3.681439235000000254e-01	5.887528787000000374e-01	7.407178304000000546e-01	7.461313056999999693e-01	1.058932554000000081e+00	9.350203390000000336e-01	4.524621676999999731e-01	-8.160906685000000049e-01	-8.448999675999999681e-01	1.193910051000000028e+00	-1.320563609999999999e+00	4.833387105999999989e-01	6.388562534999999709e-01	-6.662447354999999627e-01	1.564525171000000103e+00	-4.377060600000000079e-01	-1.338950528999999889e+00	-2.986286275000000212e-01	-7.802292571000000176e-01	6.227518359999999475e-01	1.494683773000000104e-01	1.817375277999999927e-01	6.385240587999999606e-01	-8.689878929000000030e-01	-1.774650464000000039e+00	5.450783424999999793e-01	8.530377220999999510e-01	-9.868038724000000039e-01	-9.318376231000000121e-02	6.771082350999999555e-01	8.279825462999999830e-02	1.140715340999999938e+00	1.931283305999999950e-02	-1.008843117000000067e+00	-5.188916966000000075e-01	-4.663514519999999997e-01	-1.416333935000000099e-01	-8.932730096000000009e-01	-4.311294383000000008e-01	7.823567929000000420e-01	-1.499109706999999903e+00	2.871720772999999949e-01	2.254832559000000125e-02	4.205182246999999984e-01	1.098415141000000039e+00	-1.475459139000000031e+00	-2.469200027000000019e-01	-3.407633715999999757e-01	-8.365192150000000382e-01	-9.892701397000000507e-02	-2.450969100000000012e-01	-1.454721410000000104e+00	7.223236682000000464e-01	1.271702815000000042e+00	-8.601406301999999782e-01	-9.673532525000000382e-01	8.585005249999999588e-01	-2.589669298000000230e-01	-6.418423154999999825e-02	1.551704903000000080e+00	4.593875859999999728e-02	2.643878697000000000e-01	1.505923396000000025e+00	1.546274002999999952e+00	-1.490817678999999951e-01
2.203978014000000096e-01	1.535497302999999925e-01	6.221110399999999485e-01	7.879909752999999517e-01	7.226695845999999701e-01	7.921248493000000446e-01	9.677591812000000404e-01	3.903320185999999969e-01	-1.071449196000000104e+00	-3.569182397999999812e-01	1.071684537000000104e+00	-1.840662148999999914e+00	1.762180217000000049e-01	7.537289037000000080e-01	-5.933390594999999879e-01	1.354316963000000040e+00	-8.152276502999999952e-01	-3.514868298999999918e-02	-5.090054058999999853e-01	-1.286704618999999994e+00	9.014870793000000493e-01	-9.972744539000000241e-01	1.800366787000000079e-01	6.694583353999999931e-01	-8.817101942999999720e-01	-1.283804197000000036e+00	5.884309889000000071e-01	1.441337712999999909e-01	-8.856366978999999917e-01	-1.182425864999999909e+00	5.213571932999999659e-01	2.660040121999999729e-01	8.773891779000000390e-01	-2.854472016999999862e-01	-1.967745193000000059e+00	-6.852704434999999927e-01	-5.888504538000000066e-01	-1.409698088999999932e-01	-8.145165943000000075e-01	-6.595843868999999859e-01	2.857117114000000124e-01	-5.088354895000000155e-01	-6.908437087999999560e-02	-2.163675827000000051e-01	2.131252768000000131e-01	1.085042697000000000e+00	-1.404530484999999995e+00	-6.654460957000000176e-01	1.834293299000000044e+00	-8.966873093999999655e-01	-2.333937883999999963e-01	4.892056616000000080e-01	-1.926763339000000075e+00	6.750134913999999986e-02	8.489828191999999607e-01	4.531292678000000129e-01	-1.061494187000000089e+00	-1.146453930999999926e+00	3.356872548000000012e-01	-3.158438163999999770e-01	4.752068327999999786e-01	-8.791560247999999911e-01	-1.567276456999999956e+00	-2.002076449999999966e-02	1.760608571999999983e+00	6.211295583000000509e-01
2.666994339000000047e-01	2.045175928000000087e-01	4.155151362999999765e-01	7.922117656999999591e-01	8.978086064000000421e-01	4.562286823000000213e-01	7.174297522999999455e-01	5.398762771999999766e-01	-1.162833148999999899e+00	-1.410473003999999975e+00	8.625869226000000278e-01	-9.890634680000000289e-02	-2.206833783999999909e-01	6.615227543999999682e-01	-7.143225706000000397e-01	1.197494838999999978e+00	-1.525069379000000058e+00	8.299575230000000303e-01	-3.884794205000000056e-01	-1.506607102000000031e+00	1.076345207999999998e+00	-8.916314983999999999e-01	2.887905955000000247e-01	6.222119211000000094e-01	-7.162391184999999938e-01	-1.044813742000000101e+00	5.116620687999999806e-01	-2.395735672000000038e-01	-1.610703863000000069e-01	-1.278933384999999978e+00	-7.491719073999999479e-01	2.646657533999999951e-02	1.264006809000000064e+00	-4.838606713000000170e-02	-1.711288629000000006e+00	-3.881332753999999774e-01	-4.852983570000000135e-01	8.326689537000000474e-01	-7.985680612000000123e-01	-7.406328684999999856e-01	4.644580379000000092e-01	-1.880143273000000059e-01	-7.526214448000000112e-02	5.411290514000000051e-02	-1.289764040999999972e-01	4.052915831000000191e-01	-8.649246551000000505e-01	-2.291116703999999948e-01	1.508057787000000038e+00	7.054693630999999687e-01	-1.782660122999999985e-01	1.235208816000000098e+00	-1.050456827000000093e+00	3.850734934999999748e-01	3.027800756999999843e-01	-8.499908687999999657e-01	-1.677272104000000041e+00	3.172952921000000148e-01	-7.238256453000000423e-01	-2.448409906000000191e+00	-1.075421085000000110e+00	-3.500359183999999790e-01	-4.914050359000000090e-01	4.707226901000000074e-01	1.485840585999999908e+00	-3.591179002000000064e-01
3.485993083000000214e-01	3.425440505999999830e-01	5.330770477999999812e-01	7.069669106999999508e-01	6.576596796000000467e-01	7.072948816999999888e-01	6.005729497999999777e-01	6.770655745000000447e-01	-1.188462673999999941e+00	-1.068613001999999979e+00	7.602981643999999761e-01	1.086536836999999922e+00	3.887024879000000044e-01	3.606336871999999971e-01	-6.933876423000000511e-01	1.124591459999999987e+00	-3.245622484999999835e-01	2.347096518000000021e-01	-3.240135504000000166e-01	-1.540446629000000067e+00	6.460223589000000377e-01	-5.571502885000000349e-01	2.373523902999999935e-01	2.714495384000000233e-01	-4.468734913999999891e-01	-5.531162670000000503e-01	6.752163990999999754e-01	1.103280191000000077e+00	-8.755411877999999537e-02	-1.207369759000000098e+00	-1.021995241000000013e-02	5.854309891000000071e-02	-1.256195600000000079e+00	1.156375117999999952e-01	-1.454164997999999986e+00	-5.565312502999999467e-01	-1.047414572999999960e+00	1.113498564999999996e+00	-2.819266485999999960e-01	-4.296201874000000198e-01	4.115680070000000135e-01	-2.433709054000000038e-01	3.545487578000000028e-01	4.731401098999999943e-01	-1.512658217000000027e+00	3.304057204999999997e-01	-1.847039937000000132e-01	-5.204571567000000343e-01	2.933219725000000278e-01	-1.450870534999999961e+00	-5.331729884000000474e-01	1.135951313000000074e+00	6.216352032999999944e-01	1.372022690999999961e+00	-8.952037618000000530e-01	1.192615769000000103e+00	-1.551518959000000031e+00	1.273274162999999959e+00	-6.964254493999999518e-01	-1.139225509999999941e+00	3.943582066999999913e-01	-1.682778024000000094e+00	-3.887967909999999749e-01	5.895237598000000467e-01	9.264635312000000233e-01	-7.859024540999999531e-02
2.106662206999999898e-01	1.947924966000000035e-01	5.804645399000000205e-01	6.701785845000000075e-01	7.273877751999999752e-01	6.348856534000000273e-01	6.765221862000000419e-01	1.862691303000000020e-01	-1.312246593000000017e+00	-6.546509630000000302e-01	7.620352821000000443e-01	8.423168147999999800e-01	1.352577130000000016e+00	5.318897194999999689e-01	-7.367470860000000510e-01	9.997063868000000131e-01	1.210504172000000045e+00	-5.594609789000000166e-01	2.131552983999999984e-02	-1.584631915999999974e+00	1.731163696999999946e+00	-1.095285789999999926e+00	-4.015995459999999878e-02	4.297208744000000080e-01	-1.332280949999999908e-01	-1.341950369000000087e-01	1.330167657999999919e+00	-2.783391842000000182e-03	-3.177603987000000019e-01	-1.207854047000000097e+00	-1.129157283999999928e+00	2.817105418999999999e-01	-8.499451583999999560e-01	2.981607009999999724e-01	-1.992958038000000043e+00	-4.247921807000000216e-01	-4.395055248999999997e-01	6.941171564000000460e-01	2.397511599999999909e-01	-1.113046099000000039e-01	1.816061668999999990e+00	9.796094713999999870e-01	-8.950713982000000346e-01	1.295858962999999919e+00	-1.228568034999999892e+00	7.284869537000000506e-01	1.303399847999999972e+00	-2.540645595000000090e-01	1.061891018000000075e+00	4.198404030999999925e+00	5.176915957000000068e-01	3.344113261000000170e-01	2.123551767999999895e-01	-3.609438475000000257e-01	-1.086748075999999896e+00	-1.706210012000000109e+00	-1.515926419999999997e+00	-4.195714644999999909e-01	-4.380513471999999964e-01	6.496404090000000402e-03	-2.461132407000000022e+00	-1.806826073999999949e+00	-1.923669716000000030e+00	5.589884806999999567e-01	2.581261243000000150e+00	9.202031446999999753e-01
2.922163418000000012e-01	2.536403633000000046e-01	4.649617522999999752e-01	5.825096894000000303e-01	1.097394492999999915e+00	4.381833929999999766e-01	6.696278004000000283e-01	4.167673654000000200e-02	-1.351309780000000016e+00	-7.070026063000000027e-01	1.059930516000000100e+00	3.417205508000000225e-01	-4.538520127000000154e-02	6.821588336999999669e-01	2.655418857999999882e-02	1.401969277000000069e+00	1.228984510000000085e+00	-9.223815066999999646e-01	4.773322342999999912e-01	-1.732163397000000105e+00	1.783352880000000029e+00	1.366834448000000091e+00	-5.136795261999999723e-02	3.579408620999999791e-01	1.359158655000000104e-01	-8.866343976000000404e-02	1.069955548000000034e+00	-3.954529360999999854e-01	2.863335750000000138e-02	-9.386966174999999968e-01	-8.945207211000000269e-01	8.473273878999999509e-01	-1.187852539000000096e+00	4.628432747999999819e-01	-1.401012850000000087e+00	1.983100802999999968e-01	-4.428198902000000103e-01	7.082859154999999740e-01	2.458931126999999994e-01	3.035827673000000004e-01	1.510079455000000070e+00	1.874841031999999963e+00	1.031140584999999943e+00	9.812381932000000528e-01	-1.927473727000000026e-01	6.060471747000000242e-01	7.960492001000000206e-01	6.638447151999999907e-01	-5.797612729000000131e-01	1.195060409999999962e+00	8.615928161999999446e-01	1.657540671999999937e-01	2.789387642000000223e-01	1.660539182999999919e-01	-2.811627341999999863e-01	-8.685712579000000044e-01	-1.223626013000000068e+00	9.708254360000000416e-01	1.142713274999999973e+00	5.843832449000000429e-01	-3.535256424000000064e-01	4.020442979000000278e-02	-5.091888167000000465e-01	3.827715128999999994e-01	1.864612729999999940e+00	1.293740850000000053e+00
3.699595477000000021e-01	4.310843069999999999e-01	8.193285569999999574e-01	3.735326928000000102e-01	8.445042453000000116e-01	7.288243200999999782e-01	5.949976246999999496e-01	2.459173141000000062e-01	-1.078101721999999985e+00	-5.696720454000000489e-01	1.180563837000000005e+00	-6.444551291000000237e-01	6.900769373999999790e-01	3.948499877000000158e-01	8.460727309000000418e-02	1.646731643000000078e+00	1.603144744999999982e-01	-1.465832623999999917e+00	5.493014809999999803e-01	-7.960233036999999623e-01	1.062561660999999935e+00	5.304423969999999544e-01	1.599101645000000071e-01	4.135065870999999893e-01	7.851246559000000236e-01	2.474482845000000042e-01	4.799938758999999777e-01	4.197020135000000263e-01	-5.888754412000000160e-01	-4.507369304000000132e-02	-1.894181081000000100e-01	1.037216016999999990e+00	-5.255441135999999736e-01	1.050687700999999974e+00	-8.594824471999999993e-01	-5.584764597999999913e-02	-3.568962238000000231e-01	5.014253804999999620e-01	3.163554290999999741e-01	3.448789838999999913e-01	7.830895795000000215e-01	1.234741735000000062e+00	5.583154049999999868e-01	1.777100789999999986e+00	9.815834189000000043e-01	6.228425655999999533e-01	1.653312992000000037e-01	-5.387768933999999982e-02	-7.981410250999999567e-01	-5.261580925000000075e-01	-1.661605280999999934e+00	-1.089794262000000069e-01	-6.642217187000000189e-01	-1.843822311999999963e-01	6.059293113000000508e-01	2.202891237999999863e+00	-6.363788150000000421e-01	1.753953797999999953e+00	6.171129628000000533e-01	1.543495875999999933e+00	1.436883644999999987e+00	1.388524274999999863e-01	1.975075813999999985e+00	-4.477399752999999989e-03	-7.457564527000000443e-02	1.441652723000000025e+00
2.538246894000000253e-01	1.481576587000000000e-01	6.931220566000000360e-01	6.630277253999999898e-01	9.554911565000000495e-01	5.129062609000000217e-01	9.987834593000000094e-01	2.516470366999999930e-01	-1.192707412000000078e+00	-3.990675855999999966e-01	1.332043936999999900e+00	-1.734531768999999946e+00	4.993530680000000110e-01	5.754901841999999768e-01	-2.535778844000000087e-01	2.062866366999999812e+00	-6.855071806000000434e-01	-8.372131304000000052e-01	9.877381374999999464e-01	-4.157976834000000066e-01	1.359270806999999914e+00	-1.097251425999999919e+00	2.730348786999999833e-01	6.503275750000000466e-01	1.004523622000000005e+00	7.271192773000000331e-01	6.363375269000000056e-01	-9.439397770999999326e-02	-8.870744333000000204e-01	-5.869909929000000082e-02	2.912561486999999949e-01	1.181918272000000103e+00	6.583932085999999462e-01	6.339508440000000133e-01	-8.154737930000000024e-01	8.364630441999999499e-01	-4.509152988999999834e-01	-4.027950069999999827e-01	-4.723348869999999949e-02	2.022851082000000078e-01	2.850691234000000129e-01	1.298360006000000011e+00	-1.069449204000000098e+00	7.678967612999999526e-01	9.239273586999999788e-01	1.311638883000000089e+00	8.145906354999999932e-01	-7.035145411000000015e-01	9.927580775000000024e-01	-3.041477224999999951e-01	-1.436624868999999971e-01	6.889370048999999829e-01	2.896176767999999839e-03	9.548291087999999371e-02	1.349089776000000018e+00	-1.056921828999999979e+00	-3.307639743999999937e-01	1.713704652999999967e-01	1.049995411999999906e+00	2.477947508999999826e+00	-8.283255930999999794e-01	-3.138979749999999846e+00	-5.306573962999999727e-01	-8.747518313000000045e-01	-3.755634004999999775e-01	2.131084854000000028e+00
2.739955971999999962e-01	2.385388502999999938e-01	5.504317563999999718e-01	8.431618129000000295e-01	1.168960886000000032e+00	7.279458112000000147e-01	9.726640102000000399e-01	6.374898387999999860e-01	-1.053137604000000005e+00	1.287107573999999970e-02	9.982708040000000116e-01	-3.938787383000000308e-02	1.115472951999999934e-01	5.788408512999999589e-01	-9.025632032999999499e-01	2.121668130000000208e+00	-7.407273925999999786e-01	6.149599861000000223e-01	1.429120500000000016e+00	-6.055887895999999965e-02	1.498210228999999893e+00	-5.577790559999999953e-01	6.248541823000000051e-01	4.454412536999999839e-01	6.240412701999999978e-01	8.641915651999999559e-01	-5.008477600999999835e-01	5.203743329000000140e-01	-6.809306485999999659e-01	8.307374740999999563e-02	4.975696647999999778e-01	7.576516704000000324e-01	4.990885729000000270e-01	9.374280819000000431e-01	-4.450928274000000018e-01	1.045114244999999942e+00	-9.528466544000000482e-01	7.073610113999999338e-02	-7.134269770000000177e-01	8.866740434000000004e-01	1.221788676999999990e-01	5.239432974000000076e-01	-1.460479480999999913e-01	5.676610444999999894e-01	1.224702694000000092e+00	8.599352848000000327e-01	5.214643740000000083e-01	2.640949906999999763e-01	2.364046543999999805e+00	1.115476184000000037e+00	-1.238002453000000003e+00	1.622547826999999998e+00	1.144664026999999917e+00	-1.614758786999999973e+00	1.011046863000000018e+00	-6.419427249000000391e-01	1.675497163000000053e-02	3.703033847000000156e-01	-1.957435999999999898e-01	-8.814642295000000294e-01	-1.400620935000000067e+00	-9.706994869000000470e-02	3.023586193000000200e-01	-3.915607327000000248e-01	-5.606473722999999465e-01	1.942427391999999864e-01
2.607212736000000253e-01	2.933280933999999895e-01	7.542176983999999695e-01	8.751172565000000514e-01	8.336164678999999911e-01	8.676388156000000018e-01	1.045905941000000006e+00	7.358415085999999716e-01	-9.090200868000000156e-01	-9.196451747999999649e-01	1.048783838000000079e+00	9.732867620999999803e-01	8.117236691000000448e-01	6.224077949999999859e-01	-7.770825825999999603e-01	2.424675537999999797e+00	5.396088887000000112e-01	-1.609217917000000109e-01	1.570721889999999954e+00	8.794245065000000361e-01	5.934424209999999977e-01	-4.205031911000000067e-01	1.261610506000000020e+00	3.264012076999999734e-01	4.195202101000000128e-01	3.371275687999999993e-01	-3.514848262999999973e-01	1.204361972000000058e+00	-1.339571064999999894e+00	6.377541289000000502e-01	1.379809569999999930e+00	7.008652211000000465e-01	-2.576883588000000169e-01	1.137614912000000089e+00	-2.974019472000000164e-01	3.083880774000000158e-01	-1.382434777000000059e+00	-2.903001707999999792e-01	-1.080669961999999984e+00	1.277165652999999956e+00	3.277234213999999923e-01	4.393878285000000217e-01	7.870020731000000325e-01	9.481509882999999972e-01	7.234255254999999440e-02	1.516332648999999977e+00	2.969000852000000190e+00	6.650388166999999795e-01	1.524198887000000058e-01	1.621067223999999918e+00	9.931718918999999923e-01	1.634243426000000055e+00	-6.054214520999999793e-01	-5.377873039999999660e-01	-8.352512741999999768e-02	6.247064093999999956e-01	1.075228072999999895e+00	-9.469470950999999692e-01	-3.160227291000000105e-01	-1.586896177999999935e+00	5.323415321000000283e-02	-1.147380719000000049e+00	-2.586350955999999757e-01	-7.467746461999999474e-02	-1.289724104000000038e+00	7.034236697000000316e-01
2.452243061000000113e-01	1.933856019000000093e-01	4.473573428000000018e-01	9.555803850999999849e-01	8.474808834999999485e-01	9.100705100000000547e-01	1.016117170000000014e+00	6.409414609000000373e-01	-1.009918896999999927e+00	-7.248761124999999472e-01	8.759752486999999865e-01	5.843333136999999677e-01	1.812372147000000044e+00	6.706354414999999847e-01	-6.342013639000000369e-01	2.218821838999999851e+00	1.428695381000000042e+00	-5.337143898999999747e-01	1.770750570999999995e+00	1.169883766999999963e+00	9.065229122000000306e-01	5.347563923999999469e-01	1.657419951999999919e+00	1.698644300000000107e-01	-2.337796524999999903e-01	-1.202033616999999971e-01	-5.260175768000000529e-01	3.379220259999999865e-01	-1.195820690999999991e+00	6.151154367000000178e-01	9.415600589999999492e-01	3.207181559999999765e-01	2.275328469000000020e-01	8.794103818999999822e-01	-2.310763966999999919e-01	7.639528504999999470e-01	-1.653856192999999974e+00	-2.008303543999999941e-01	-1.365868203000000003e+00	1.275689840999999936e+00	3.064229512000000155e-01	5.327294847000000333e-01	-6.236999045999999658e-02	5.352889425000000312e-01	3.525067687999999810e-01	1.209724341999999897e+00	3.324712507000000095e+00	-1.377661159999999940e+00	2.656306413999999852e-02	1.691658904000000074e+00	1.590760364000000093e+00	1.685438646000000096e-01	-1.059539556999999910e+00	-3.396132849999999870e-01	-5.746810717000000457e-01	6.747943347000000258e-02	9.487236964999999911e-01	-1.543704337999999954e+00	-1.421654865999999906e+00	1.328480099999999942e+00	-2.134747962000000054e+00	-1.220630600999999954e-01	7.576669808999999534e-01	-5.541150513999999472e-01	3.118904868999999858e-01	1.015622417999999971e+00
3.136086008999999786e-01	2.969610246000000120e-01	3.266362702000000229e-01	9.513036798999999766e-01	9.214695290000000094e-01	1.157409141000000030e+00	1.155904561999999913e+00	7.434114528999999916e-01	-1.142635920000000027e+00	1.685522875000000087e-01	1.063899181000000027e+00	1.973445451999999989e-01	8.038182036000000030e-01	4.516343809000000209e-01	-9.282834639999999471e-01	1.819393977999999912e+00	1.506915336000000050e+00	-1.456597726999999898e+00	1.321739918000000014e+00	7.022056703000000288e-01	6.590927882999999543e-01	2.172747230000000140e+00	1.736421573000000107e+00	2.182501095999999918e-01	-8.494897640999999888e-01	-6.256553324000000416e-01	-1.343862907999999967e+00	8.328133837000000206e-01	-1.170866318000000073e+00	9.595372436000000338e-01	2.531451781999999873e-01	2.482985994000000071e-02	8.474627234999999592e-01	5.873954983000000407e-01	-4.029535090999999958e-01	2.089932979000000135e-01	-1.655604456999999918e+00	-2.519798482000000228e-01	-1.257962465999999946e+00	4.794305245000000104e-01	-1.296178523000000027e-01	-2.272710478999999950e-01	7.379510060999999732e-01	2.883990759000000237e-01	6.252292986999999913e-01	9.154674308000000371e-01	1.771706709000000046e+00	-5.185826626000000078e-02	-7.827056798000000537e-01	-7.295137749000000227e-01	2.493852130000000056e+00	-6.198015208999999581e-01	5.257453658999999835e-01	5.121908862999999812e-01	-9.468972629999999890e-01	-3.505512179999999978e-01	1.690801559000000065e+00	-6.979697146000000130e-01	-1.090188833000000024e+00	-1.209857440000000062e-01	-5.804661569000000299e-01	-9.283382273000000406e-01	3.896998272000000152e-01	7.924374268999999638e-01	-1.117124756999999940e-01	7.270922641999999492e-01
2.318930247000000056e-01	1.926957458999999928e-01	6.502283813000000467e-01	9.060963543000000175e-01	8.456585218000000070e-01	1.103959415000000055e+00	1.073687218999999970e+00	5.668331088000000406e-01	-1.118812495000000018e+00	1.233421092000000019e-03	1.082815596000000102e+00	-7.471524781999999698e-01	5.085759848999999999e-01	1.747478225000000107e-01	-5.116942558000000529e-01	1.100583740999999893e+00	8.789803558000000017e-01	-1.305285956999999941e+00	7.852885161999999530e-01	7.405344018999999722e-01	5.727726689000000038e-01	2.339459320000000009e+00	1.956991748999999947e+00	4.388739140999999705e-02	-1.268521784000000041e+00	-7.364399859000000381e-01	-1.545276539999999921e+00	4.677609931000000221e-01	-1.469769282999999982e+00	9.903601024999999503e-01	1.289500741999999978e+00	4.323784756000000062e-02	1.002628054000000102e+00	4.814342863000000139e-01	-1.332138948999999961e+00	-4.258207507999999808e-01	-1.174170388999999926e+00	-8.296738758999999686e-01	-5.115372634000000529e-01	-1.418819568999999947e-01	-1.205592892999999971e-01	-3.661843498999999835e-01	8.908010040999999601e-01	8.986346312999999864e-01	7.178290595999999857e-01	1.010596196999999918e+00	1.763184107999999917e+00	-6.911168961000000444e-01	-1.005280970000000051e+00	3.856074671999999981e-01	7.735602263999999395e-02	-1.336199482000000049e+00	-8.386627666999999509e-01	-2.358338205000000132e-01	-5.555449793000000192e-01	2.866099463999999930e+00	2.038932116999999877e+00	2.638033299000000151e-02	-1.001353960999999959e+00	1.192294562000000058e+00	-1.962617997999999975e-01	1.342171162000000084e+00	-1.142601597000000080e+00	1.611959112999999943e+00	-6.006647572000000102e-01	4.717733441999999999e-01
2.988254787999999884e-01	1.654092503000000047e-01	3.471065661000000135e-01	8.672767237999999823e-01	1.026098812000000082e+00	1.099813123999999975e+00	1.213340160000000001e+00	4.050546448999999827e-01	-1.063112123000000020e+00	-3.717438063999999875e-01	1.373595082000000023e+00	-1.250248454999999925e+00	7.491656093999999877e-01	1.194023107999999944e-01	-7.560144760999999713e-02	2.938782437999999941e-01	-3.551650410999999952e-02	-1.907643780999999983e+00	5.557038221000000222e-01	-1.557760622000000095e-01	8.464756620000000176e-01	1.479976662999999970e+00	1.815084394000000101e+00	3.899099672999999933e-01	-1.325462920000000100e+00	-7.562796561000000306e-01	-1.724375785000000105e+00	-9.469760132000000150e-03	-1.446710281000000098e+00	4.739086800000000266e-01	1.402807861999999961e+00	-7.061997306000000058e-03	1.371254449000000042e+00	3.648844515999999927e-01	-8.914485478000000462e-01	-1.038923242000000080e+00	-8.893848933000000345e-01	-1.291223661000000078e+00	-4.368500714999999923e-01	-9.648723849000000463e-01	-1.267104332000000000e-01	9.186751505000000095e-03	-2.770187657000000025e-01	3.094394489999999776e-01	9.655659984000000140e-01	5.200324246999999955e-01	5.114147075999999625e-01	1.597974538999999972e-01	-9.638245785000000287e-01	-2.903544040000000104e-01	-7.226246916999999881e-01	-2.314871961999999783e+00	-2.165164374000000169e+00	7.555089436999999908e-01	1.212164025000000006e-01	-2.358274086999999908e-01	1.576384999000000064e+00	3.424732897000000165e-01	-8.783859078000000320e-01	1.934227987999999954e+00	-6.619676765999999990e-01	-5.995751243000000397e-01	8.251851824000000502e-01	1.074427868999999980e+00	1.304965429999999926e-01	5.155200095999999954e-01
3.451673733000000244e-01	1.976370172999999952e-01	3.996061811000000130e-01	8.400655566000000407e-01	1.005542829999999999e+00	1.101641273000000032e+00	1.064167440000000076e+00	5.654817254999999765e-01	-1.020780384999999901e+00	-2.086614096999999945e-01	1.611714898000000007e+00	-1.717662943000000109e+00	5.168163952000000005e-01	-3.062512020000000001e-01	-7.066125755000000064e-01	-4.151901845000000035e-01	-2.268190617999999992e-01	-3.700418719999999939e-01	1.255644538000000032e-01	-6.345802689999999746e-01	7.658266097000000494e-01	-3.638840354999999804e-01	1.236269846999999977e+00	3.706187326000000004e-01	-1.232701853000000014e+00	-4.211359764000000006e-01	-1.280584002000000110e+00	8.757106364000000198e-01	-8.059648885000000318e-01	5.510131007999999886e-01	4.131752679999999844e-01	-3.582107855000000174e-01	1.614326536000000090e+00	6.136910499000000074e-01	-1.073080996000000065e+00	-1.107692960999999920e+00	-1.885837959999999980e-01	-1.561341682999999980e+00	-3.120366198999999785e-01	-1.543750844000000066e+00	-6.901762478999999839e-01	-3.516207854999999771e-01	-3.038780152000000179e-01	-9.254332112999999471e-02	8.977142391999999582e-02	2.804584037999999779e-01	-8.764220392999999554e-01	-4.302625892999999979e-01	2.293522803999999971e-01	-5.212170602000000263e-01	1.935515617999999938e-01	-7.720352679999999967e-01	2.453269966999999940e-01	4.705219558000000024e-01	7.193464292000000260e-01	-8.173789777000000090e-01	1.532295165000000070e+00	1.384659421999999918e+00	-4.430055821999999768e-03	-8.057491301000000439e-01	-3.047623327000000271e-01	5.204743879000000017e-01	-1.393546524000000009e+00	2.590391655999999987e+00	-1.099504264999999981e+00	-2.826847046000000030e-01
2.477158060999999911e-01	7.884636457999999459e-02	6.634910103000000170e-01	7.877092945000000457e-01	7.953836074000000256e-01	1.055007156999999918e+00	1.038162902000000054e+00	4.590701779999999954e-01	-1.048351385999999996e+00	-4.734953729999999972e-01	1.419661394000000021e+00	-9.108134176000000082e-01	-9.377510695999999313e-02	-3.840206480999999727e-01	-4.503317602999999947e-01	-8.597391517000000372e-01	-1.362572630999999923e+00	1.191122527999999958e+00	-4.383542723000000141e-01	-9.006933056999999465e-01	6.340306211999999775e-01	-1.009069017000000068e+00	6.281871990999999822e-01	7.692823267999999715e-01	-7.714704650999999469e-01	1.312851730000000050e-01	-6.552174330000000158e-01	5.428027964999999622e-01	-3.126172861000000025e-01	1.772230498000000043e-01	-3.567527028999999822e-02	-6.929319459999999653e-01	3.078256450999999894e-01	9.335850762999999830e-01	-1.475759708000000003e+00	-7.529668459999999675e-01	-1.125602685999999930e-03	-1.357429954000000105e+00	-2.640322400999999819e-01	-1.772035468999999974e+00	-7.023209012000000140e-01	1.246535846000000058e-01	1.925660315000000011e+00	2.614123267000000028e-02	-2.091137086000000034e-01	6.957840782999999973e-01	5.091753343000000182e-02	-7.480978940000000688e-02	6.094478016000000054e-01	-6.315046408999999694e-02	8.783359225999999575e-02	1.347926760000000002e-01	-1.868866976999999929e+00	4.432829652999999981e-01	2.539719007999999972e-02	5.542437903000000388e-01	7.547038823999999702e-01	4.771308471999999995e-02	3.992439235999999947e-01	3.057634833999999802e-01	2.968549074999999871e-01	-8.051536395999999707e-01	-5.467024655000000122e-01	8.111416182999999780e-01	-1.236623932000000092e+00	4.724943206000000173e-01
1.328869226000000126e-01	-1.913265627000000080e-01	5.459608562000000109e-01	7.521830659999999558e-01	9.749473491000000269e-01	6.261761122000000235e-01	1.131934412999999973e+00	5.548407816000000548e-01	-8.847381822000000007e-01	-8.765612817000000279e-01	1.083087683000000023e+00	8.827624629000000445e-01	6.980959368000000387e-02	-5.008930998999999717e-01	-4.046512451000000010e-01	-1.138456587000000075e+00	-1.168478075999999977e+00	9.600644172000000198e-01	-1.833747249999999884e-01	-1.478839076000000086e+00	7.288497456000000430e-01	-8.860649926000000454e-01	-1.771075843999999899e-01	9.113439128000000444e-01	-3.537836321999999756e-01	4.254892715999999964e-01	-2.599266914000000206e-01	-7.042633245999999625e-01	3.630220029999999820e-01	-2.509480793000000154e-01	-1.475586553999999884e-01	-5.550740762000000439e-01	9.244065834000000370e-01	5.148747457000000249e-01	-9.019931962999999664e-01	4.316264303999999691e-02	7.005158080000000176e-01	-1.033870410000000017e+00	-5.429089480000000023e-01	-1.614749610999999918e+00	-1.170438547999999912e+00	5.972804374000000305e-01	-5.613558195000000195e-01	-1.581238992000000010e-01	-3.598479701000000253e-01	-2.543461182000000265e-01	3.316974779999999901e-01	1.852540840000000133e-01	1.146535346999999927e+00	8.580557111000000070e-01	-5.904530122000000159e-01	2.415499050000000092e-01	-1.970082863000000017e+00	-4.831888858999999758e-01	7.456854147999999460e-01	-5.758297807000000157e-01	1.660183342999999867e-01	-2.112492941000000124e-01	4.626326134000000034e-02	8.033512098999999740e-01	-2.953225844999999850e-01	-1.374491743000000099e+00	-1.049304127000000086e+00	-4.202629418000000117e-01	-2.874854475999999992e-01	4.296712476999999808e-01
2.204098371999999861e-01	-4.463995674000000025e-02	6.677711790999999453e-01	8.152963388999999728e-01	8.958112094000000303e-01	8.998543303999999576e-01	1.077110632999999984e+00	5.980959342999999651e-01	-9.094041386000000227e-01	-9.017949959000000071e-01	1.151014903999999950e+00	1.298722761000000059e+00	1.373145872000000080e-02	-6.348914045000000339e-01	-6.367556710999999758e-01	-1.362584854999999928e+00	2.145234144000000009e-01	6.318828373000000553e-01	-4.291231491999999981e-01	-1.823215784000000061e+00	5.913824274000000214e-01	8.985235469999999780e-02	-5.711118901999999720e-01	9.100242289000000095e-01	-1.456953588000000077e-01	7.387197230000000503e-02	-1.742992629000000016e-01	-1.079999200999999954e-03	4.499571636999999957e-01	-6.260118715000000389e-01	5.879166185999999961e-01	-6.266852848999999726e-01	-7.552177134999999986e-01	7.013563716999999809e-01	-8.045398212000000049e-01	4.791902740999999799e-01	9.408516650999999564e-01	-6.284465771999999673e-01	-1.110170021000000062e+00	-1.624159759999999952e+00	-1.694451377000000036e+00	5.504211887000000081e-01	-3.145403642999999860e-01	6.252206455000000607e-02	-8.882587227999999557e-01	-8.734249152999999932e-01	6.734005601000000452e-01	-4.975301227000000215e-01	-1.535590169999999921e-01	6.151715868999999559e-01	6.855174544000000036e-01	6.452247287000000275e-01	7.649142475000000330e-01	1.567581915000000103e+00	-1.444083081999999907e+00	-9.604700335000000422e-01	3.347441499000000098e-01	9.520780532999999490e-01	-1.506452361000000018e+00	-1.257977219000000035e+00	-7.327587761999999616e-01	-8.856140707999999861e-01	-8.024112794000000104e-01	-4.777387283000000123e-02	-3.664833840000000231e-01	1.076867953999999905e+00
8.565133952999999523e-02	-2.945968505000000071e-01	9.917731043999999940e-01	6.677098277999999887e-01	7.599301282000000546e-01	7.419471090999999463e-01	1.067677415999999990e+00	4.286485326999999734e-01	-5.200185012000000384e-01	-8.963136703999999844e-01	8.560537636999999700e-01	9.418259882999999721e-01	1.425175257000000029e+00	-6.945784870000000222e-01	-6.951830140000000435e-01	-1.439872661999999970e+00	1.186494289000000091e+00	6.038172591999999700e-02	-7.867313467000000005e-01	-1.421084956999999926e+00	2.790228336000000198e-01	-2.723652245000000027e-01	-7.750302142999999644e-01	8.092313845999999922e-01	3.437774031999999980e-01	-7.867476314000000637e-02	-1.339141208999999888e-01	-6.567591453000000135e-01	6.183812799999999915e-02	-5.674718443999999806e-01	7.002180380000000426e-01	-4.504776956000000054e-01	-9.379718298000000454e-01	7.465528520999999973e-01	-1.004747486999999939e+00	9.969084650999999742e-01	1.450396733999999910e+00	-8.930479118999999910e-01	-6.040135352000000069e-01	-1.247870559999999962e+00	-1.551338088000000059e+00	3.844045150000000022e-01	1.782015713999999917e+00	5.850232847999999874e-01	-1.789296594999999934e+00	-4.059581035000000004e-01	2.161977087999999991e+00	-3.324881775999999900e-01	-8.892638622999999853e-01	6.647502038000000502e-01	9.100324857999999573e-01	2.784912459000000173e-01	-2.073479174000000036e+00	-2.208040844999999974e-01	-6.462347944999999871e-01	-2.660043491000000163e-02	3.163031244999999769e-01	-6.060044198999999798e-01	-4.869635998999999882e-01	4.701158189999999903e-01	-4.859321575000000171e-01	6.451054359999999765e-02	-1.965967435999999902e+00	-1.174682735999999991e-02	-1.041477948999999903e+00	1.410432378000000098e+00
1.145028950999999948e-02	-5.494297803000000036e-01	7.385287120000000316e-01	6.938085991000000341e-01	8.545937850000000502e-01	5.981552439999999748e-01	1.147573176999999944e+00	3.481814436999999818e-01	-5.161507469999999653e-01	-7.541628019999999655e-01	5.244946818000000288e-01	7.461433775000000379e-01	1.512122548000000011e+00	-5.091019976999999752e-01	-6.896732309999999977e-01	-1.683296555000000083e+00	1.203994347000000076e+00	-7.771544078000000022e-01	-8.612932721999999597e-01	-1.423376490999999966e+00	3.779723990000000144e-01	6.468872640999999701e-01	-1.065686633999999966e+00	8.719400296999999522e-01	7.987994091000000241e-02	-6.793284594999999815e-01	-2.487408653000000025e-01	-1.264796621999999982e+00	3.320560530000000177e-01	-9.396999379999999569e-01	-8.954598818999999488e-02	-4.747283815000000184e-01	-4.607630260000000200e-01	5.053192935999999830e-02	-5.487819795999999695e-01	1.457540653999999991e+00	1.815660942000000055e+00	-3.368904913999999917e-01	-3.666380162000000276e-01	-7.076197919000000169e-01	-1.427248854999999983e+00	1.073034043999999965e-01	-3.012406397999999874e-01	2.873597943999999793e-01	-5.292342400999999752e-01	-1.414976518000000016e+00	1.495065974999999936e+00	-3.143570477000000307e-02	-7.964354915000000368e-01	3.218851077000000060e-01	2.305490723000000131e+00	-4.904371672000000237e-01	-2.274166029999999949e+00	5.837996364999999965e-01	-9.454088416999999467e-01	-7.475411862999999935e-01	-9.302350473999999869e-02	-5.633170405999999852e-01	-1.912042382000000096e+00	1.416590194000000080e+00	-8.371410234999999700e-01	-1.670042976999999984e-01	-8.852787050000000546e-01	-4.321996046000000091e-01	-5.527655532999999899e-01	1.229894435999999924e+00
1.366868744000000052e-02	-4.139531116999999871e-01	9.023587069999999821e-01	6.225267841999999607e-01	6.884602149999999865e-01	7.498194820000000371e-01	9.679436834000000323e-01	1.267196592000000011e-01	-6.319896083999999581e-01	-4.326650370999999828e-01	6.244373763999999660e-01	-1.348809668000000017e-01	3.242639501999999840e-01	-4.645233391999999961e-01	-8.069565210000000377e-01	-1.844565366000000095e+00	1.042872196999999890e+00	-1.396916792000000074e+00	-1.059576985000000082e+00	-1.064809177999999967e+00	4.160822625999999747e-01	2.147901008999999917e+00	-1.291842106000000046e+00	7.135773024999999548e-01	-1.101493084000000067e-01	-1.312125377000000093e+00	-2.576063497999999882e-02	-2.600731141000000024e-01	3.041649316000000214e-01	-8.322864157999999568e-01	-7.693202099000000516e-01	-3.420213066000000190e-01	-7.189456226999999533e-01	-3.858279459999999772e-01	-1.098430377999999985e+00	1.432608558000000087e+00	1.918164725000000015e+00	4.993080973999999839e-01	-3.108685419000000172e-01	-3.912494456000000231e-01	-1.750711385000000009e+00	-5.744869310000000340e-01	3.034578168000000020e-01	7.250148789000000482e-01	-4.411911021000000099e-01	-1.661761765999999918e+00	1.033510535000000008e+00	-6.610651078999999486e-01	-2.318024965000000215e+00	-1.272774132999999974e+00	1.201752828000000051e+00	3.492754397000000233e-01	-2.019525265000000069e-01	5.495871508999999877e-01	-1.940778880000000040e-01	7.631295998999999552e-01	3.654344486000000135e-03	4.578337906000000124e-01	-2.074723738999999956e+00	1.193652801000000041e+00	4.959387120000000038e-01	2.437134799000000018e-01	-2.356836003999999984e-01	1.245315522999999924e+00	-4.721654205999999965e-01	9.565608890000000253e-01
-3.077094290000000065e-02	-6.073599065000000463e-01	9.403686064999999816e-01	6.553572803999999641e-01	6.232978088999999722e-01	7.830098989999999537e-01	1.048290230999999961e+00	-2.642926505999999842e-02	-4.195582087999999987e-01	-5.248555691999999828e-01	6.559623864000000415e-01	-6.274941475999999962e-01	8.656050441000000539e-01	-4.723146873999999884e-01	-3.941323337000000038e-01	-2.007203373999999929e+00	3.420622963000000127e-01	-1.753704648999999893e+00	-1.086680491000000082e+00	-6.415858986000000375e-01	2.282559091999999956e-01	1.104841457000000027e+00	-1.333692517000000022e+00	8.491594086999999513e-01	-3.555429377000000057e-01	-1.547700386999999900e+00	2.716644867999999935e-01	-8.305557431000000213e-01	-8.358892179999999339e-02	-1.236648492999999904e+00	-1.254501330999999997e-01	-5.451746857999999474e-01	-2.368956336999999968e-01	-1.236427938999999920e+00	-6.078982196000000116e-01	1.447127279999999905e+00	1.742669271000000020e+00	3.851647885000000215e-01	-3.290983000000000103e-01	3.147981033999999734e-01	-1.795244706000000079e+00	-2.929855331999999812e-01	3.977595798999999932e-01	2.209624450000000073e-01	1.034603862999999985e-01	-1.756795858000000043e+00	1.470328027999999954e+00	-1.050358420000000015e+00	-1.225245039999999896e+00	4.166963072000000046e-01	-2.157923465000000096e+00	-9.277094659000000298e-01	-1.767507621999999889e+00	9.129195618000000012e-01	1.923357625999999876e-01	1.541090679999999880e-01	-6.298415280999999921e-02	-9.224469799000000192e-01	-1.120457057999999950e+00	6.437940316000000385e-01	-1.301312733999999915e+00	3.244723070000000154e-01	-1.840296404999999913e+00	6.219097514000000437e-01	3.207260505999999789e-01	1.676051308999999989e+00
1.215423667000000048e-02	-5.348245106000000249e-01	7.814444353999999704e-01	6.384961698000000130e-01	8.151633593999999539e-01	6.274698271999999966e-01	1.070821060999999963e+00	8.794137244999999936e-02	-5.897114650000000458e-01	-5.646364096000000554e-01	5.655096120999999476e-01	-1.339559399000000095e+00	6.707575874000000216e-01	-4.230310467000000241e-01	-4.100766565000000252e-01	-2.122294521000000156e+00	-3.171234463000000003e-01	-1.046850472000000032e+00	-1.057066292000000018e+00	-7.606010321999999713e-01	3.721844154999999765e-01	-3.627660021000000262e-02	-1.398183622999999987e+00	8.428902856000000110e-01	-7.892298206000000205e-01	-1.884086823000000077e+00	-1.198981934999999999e-01	-8.127013488000000008e-01	4.452998998000000097e-01	-1.582136849999999928e+00	-1.758850959999999908e-01	-9.682833504000000202e-01	3.547797107999999672e-02	-1.684251246000000091e+00	-2.348755935999999878e-01	1.274391242000000091e+00	1.669435639000000027e+00	6.370087164000000080e-01	-6.609225320999999598e-01	-3.194534717999999995e-02	-2.140764684000000084e+00	-9.999165105999999748e-01	4.054487788999999731e-01	-5.545198256000000159e-01	2.376154812000000061e-01	-2.530317269000000202e+00	9.355997363000000122e-02	-3.153677430999999864e-01	-6.338106437999999621e-01	-1.275974310999999917e+00	-6.915237145999999502e-01	-4.627638251999999786e-01	-9.644399959999999661e-01	6.137045078999999737e-01	1.175937876000000104e+00	-2.069015240000000144e+00	-5.559696808999999851e-01	8.226438335999999851e-02	-4.198637860000000166e-01	2.434712629999999933e-01	1.498195702000000074e+00	1.197615861999999920e+00	-1.960817668000000014e+00	8.953093151000000027e-01	1.980607305000000040e-01	7.409386692999999635e-01
-1.399900475999999979e-03	-5.038851906000000325e-01	1.056277332000000069e+00	5.904704084999999880e-01	6.132959193000000475e-01	8.624766471999999462e-01	1.002669333000000051e+00	1.997217058000000101e-01	-6.135824713999999958e-01	1.666865909999999951e-01	4.354395857000000203e-01	-1.551167031000000085e+00	5.300155599000000439e-01	-4.865394415000000028e-01	-6.933767375999999594e-01	-2.130521853999999937e+00	-9.100317436000000537e-01	5.507234366000000048e-01	-1.153500379000000020e+00	-4.648359154999999743e-01	1.325402082999999898e-01	-5.701076326999999777e-01	-1.365375468000000092e+00	7.483271823999999572e-01	-4.244298208000000239e-01	-1.625080953000000106e+00	-4.884848160999999966e-01	-2.343994453000000089e-01	3.281945941000000144e-01	-1.493445670000000058e+00	-5.986969870999999666e-01	-1.109757466000000026e+00	-4.489589440999999792e-01	-1.470160842999999939e+00	-3.800518528999999868e-01	7.314718629999999999e-01	1.564570559000000083e+00	9.285781561000000517e-01	-5.172779840000000240e-01	-3.914184648999999849e-01	-2.334073893999999871e+00	-1.634583450000000049e+00	5.643955909000000215e-01	-8.561178797999999812e-01	1.420536202999999886e-01	-1.942696809000000080e+00	-8.973200466999999847e-01	4.065494606000000233e-01	-3.927387419000000213e-01	-1.026954036000000015e+00	-5.708131694000000422e-01	1.286035505000000079e+00	-1.472663915999999906e+00	4.924949350999999753e-01	6.476760749000000095e-01	1.112956956000000108e+00	8.819148481999999900e-02	-6.968177751000000086e-02	-1.060758048000000064e+00	-9.709713846999999953e-01	1.517800728000000099e+00	4.004903596000000121e-01	-2.176261787000000059e-01	-2.588231664999999793e-01	-4.142698640999999959e-01	8.970174418999999899e-01
-1.121523202000000025e-01	-7.253499683999999892e-01	9.842440971999999455e-01	6.786621149999999547e-01	5.811574426000000182e-01	6.077994230000000053e-01	1.019338166000000045e+00	5.608745871000000299e-02	-4.297246177999999861e-01	-1.149209538000000030e+00	1.464537227000000108e-01	-3.432647437999999940e-01	2.082519746000000005e-01	-2.905194473000000110e-01	-6.492557863000000262e-01	-1.970773494999999986e+00	-1.666809975000000055e+00	9.900289692999999502e-01	-7.157651688999999706e-01	-3.193160937999999782e-01	1.623696401999999983e-01	-9.283271631999999718e-01	-1.196038861999999980e+00	7.201137958000000117e-01	-1.243076659999999972e-01	-1.607548556000000017e+00	-4.888310162000000236e-01	-6.999476935999999760e-01	9.820655689999999594e-04	-1.240038460999999925e+00	-1.055503105999999969e+00	-1.330560597999999928e+00	-1.341250098999999946e-02	-1.656562947000000063e+00	-3.948443355000000321e-02	5.530212086000000360e-01	1.321777887000000096e+00	-1.921001877000000010e-02	-4.340609860999999903e-01	-5.177929873000000072e-01	-1.594984614999999994e+00	-5.596327099000000249e-01	1.208165205000000020e+00	-8.214720030000000062e-01	-1.081442105999999903e+00	-1.157099236999999947e+00	-1.492282363000000112e-01	1.002329700999999990e-01	4.520661898000000178e-02	7.749304615000000007e-01	-9.014283427000000515e-01	1.526666456000000061e+00	-1.584842211000000001e+00	1.779583220999999993e+00	3.384304853999999807e-01	-1.427394237999999982e+00	1.388446614999999940e-01	-1.668397592000000040e+00	3.979960154000000139e-01	2.781271331999999874e-01	-1.317795274000000072e+00	-1.036638122999999911e+00	-1.434471650999999959e+00	3.071750554000000077e-01	1.068721913999999967e-01	3.741302517000000272e-01
-8.402106665000000363e-02	-7.240519046000000181e-01	7.689183920000000061e-01	7.446536604000000281e-01	8.007018289999999761e-01	5.215980249999999652e-01	1.016799318999999979e+00	1.790366522000000071e-01	-5.898426649000000355e-01	-3.638717394000000049e-01	1.163664689000000058e-01	1.050709007000000028e+00	3.256637942000000230e-01	6.687545602000000144e-02	-1.079928017999999934e+00	-1.800038701999999935e+00	-7.849690462999999729e-01	8.771446456000000502e-01	-6.900766064999999672e-02	-7.663309434999999725e-01	8.901281027999999318e-02	-2.949435519999999977e-01	-1.392015033999999929e+00	6.874094519000000236e-01	1.093162292000000001e-02	-1.412234991000000051e+00	-1.142905988000000095e+00	-1.061101437999999897e+00	-2.177267608000000021e-01	-1.419959723000000062e+00	-4.026184662999999775e-01	-1.146259125999999906e+00	-1.021602962000000003e+00	-1.358898240000000035e+00	-8.122505047000000422e-02	3.298791032000000234e-01	1.307603893000000017e+00	1.760543729999999862e-01	-2.318268071000000041e-01	-4.634451780000000132e-01	-1.846525339000000043e+00	-3.721602748000000238e-01	-3.213708584000000146e-01	-6.926191748000000148e-01	-5.305825189999999747e-01	-1.162910340999999903e+00	-1.024193606000000090e+00	2.619017486999999922e-01	-4.536430086999999889e-02	4.215701598000000105e-01	-2.905107639000000241e-01	1.554650349999999959e+00	-1.099012816999999975e+00	5.377958297999999582e-01	4.755852374999999799e-01	-5.525325464000000464e-01	-4.335482001000000030e-01	1.080213042999999956e-01	2.289599716000000063e-01	-3.339477652999999768e-01	1.549943574999999907e+00	-5.691136125000000323e-01	-1.926823608000000077e+00	-1.066027929000000096e+00	3.077614200000000078e-01	-1.444930990000000137e-01
-4.865614828999999947e-02	-6.480022318999999476e-01	1.117338576999999944e+00	6.233833947000000375e-01	5.566270826000000449e-01	5.466513150999999793e-01	8.943014235999999784e-01	1.649611564000000030e-01	-4.852065291000000058e-01	-1.257719545999999911e+00	1.594138901000000108e-01	9.827383702999999970e-01	7.718133106000000243e-01	3.731968654000000080e-02	-1.059424817000000019e+00	-1.712091306000000035e+00	9.303294288000000245e-01	1.305110949999999936e-01	-4.349128293000000256e-01	-3.014173479999999739e-01	-1.216339718999999986e-01	-8.137717729000000164e-03	-9.760426220000000264e-01	7.562254698999999469e-01	2.857193485000000255e-01	-1.301131323999999978e+00	-1.321905746000000104e+00	-5.642789026000000208e-01	-1.111468791999999928e+00	-9.764212433000000191e-01	2.720603688000000075e-01	-2.353713222999999910e-01	-1.466089439000000105e+00	-8.356494891000000313e-01	-7.759996804000000026e-01	-4.842680924000000164e-01	1.446130016999999990e+00	-8.669251965999999476e-02	-1.363737695999999999e-01	1.447365831000000103e-01	-2.065421355999999875e+00	-3.154826130999999756e-01	-1.635061123000000061e-01	2.239499829000000108e-01	-1.310155742999999928e+00	-5.881155210999999827e-01	-9.449706879999999476e-01	1.046637421000000012e+00	-7.268106538999999922e-01	-1.896584061000000099e-01	4.356486317000000108e-01	1.527518855999999925e+00	-1.148767827999999991e+00	1.044958716000000010e+00	-1.341822450000000055e-01	-4.352180076000000120e-01	2.184625591999999894e-01	-4.901293091000000213e-02	-9.539952338999999615e-01	-1.539124250999999999e-02	-5.185496695000000322e-01	7.091216757999999620e-01	3.873327522000000189e-01	-3.051591291999999900e-01	-1.006790322999999931e+00	-5.483816047999999777e-01
-1.187889860999999936e-01	-8.450108603999999524e-01	8.329567579000000110e-01	6.804769406999999770e-01	6.401267768999999719e-01	3.669385056999999728e-01	9.470561255999999650e-01	-8.570818837999999440e-02	-6.250135364000000138e-01	-1.042423960000000038e+00	3.665290345000000310e-02	5.798139964999999840e-01	1.615471494999999980e+00	2.007120691000000012e-01	-9.247313418999999479e-01	-1.782110845999999915e+00	1.524401338000000106e+00	-7.174660773000000047e-01	-1.238016792000000005e-01	-1.794267293000000041e-01	2.441073203000000136e-01	7.565513080000000334e-01	-1.059749956000000104e+00	7.303871443999999657e-01	-3.011287136999999878e-02	-1.269786261999999999e+00	-1.437429387999999975e+00	-1.548089948999999965e+00	-1.601543377000000046e+00	-1.250176300999999990e+00	-9.412116437999999974e-01	5.756469814000000351e-01	-1.209169928999999977e+00	-6.693581268999999612e-01	-5.719761949999999651e-01	5.012876790999999665e-02	1.093318183999999915e+00	1.974445925999999962e-01	-5.958989444000000191e-01	1.411158531000000105e+00	-1.973706830000000023e+00	6.487807472000000075e-01	4.529511112000000200e-02	8.252359176000000351e-01	-6.390024565999999351e-02	-8.859209427999999997e-01	-4.723144112000000061e-01	-5.373603625999999744e-01	-3.900750646999999738e-01	1.004096317999999988e+00	9.955069517000000312e-01	-7.870246584000000212e-01	-8.481096232999999485e-01	5.542334092999999795e-01	-9.432324038999999605e-01	7.139659985999999847e-01	-7.202523785000000123e-01	-4.814013281000000255e-01	-1.328310595000000038e+00	2.515310278999999927e+00	2.245081049000000051e-01	-1.278585252000000061e+00	2.397628395999999995e-01	-6.052075086999999520e-01	9.279859986999999810e-02	2.036971171999999997e-01
-1.710888378000000043e-02	-6.878756226000000140e-01	8.594312685999999646e-01	6.500293528999999682e-01	7.810347444999999889e-01	4.468901538000000229e-01	1.035853565000000032e+00	-6.262228337000000367e-02	-5.588440959999999569e-01	-4.048193657999999973e-01	3.001067875999999801e-01	-2.164025772000000014e-01	3.698302853000000057e-01	3.732321266999999998e-01	-1.070236552999999979e+00	-1.658640949999999892e+00	6.089532609000000152e-01	-1.445629014000000101e+00	-6.098747294999999902e-01	-3.258848530999999826e-01	-6.812655384999999342e-02	1.106926459999999945e+00	-1.351518467000000001e+00	7.413022531999999831e-01	-5.093998841999999860e-02	-1.268834655000000033e+00	-1.401811584999999916e+00	-7.360253745000000514e-01	-1.778242496000000061e+00	-6.511923479000000237e-01	-3.392856182000000276e-01	1.133905147999999974e+00	-6.499571610000000055e-01	-4.861129846000000199e-01	-9.072266744000000438e-01	-4.574536679999999592e-03	1.456884666000000106e+00	2.597651557999999805e-01	-1.223572171999999902e+00	1.756515620999999916e+00	-2.092693667999999896e+00	4.494812304999999952e-01	-3.293941492999999943e-01	8.900281590999999937e-01	4.263707391000000069e-01	-1.186811587000000001e+00	-8.395285359999999919e-01	7.814472576000000004e-01	-1.472715562999999950e+00	-4.222191342000000125e-01	6.674513975000000432e-01	-1.527660990999999968e-01	-4.960642348000000035e-01	5.194218716999999819e-01	-2.714453361000000037e-02	9.608448746000000651e-02	-1.466891953999999998e-01	9.597105355999999698e-01	-6.861009544999999710e-01	-6.793787197999999750e-01	-1.903155128999999945e+00	4.165732542999999732e-01	-8.476699368000000234e-01	5.021753929000000172e-01	-3.605001299000000214e-01	-2.097303634999999888e-01
-1.043798417000000034e-01	-7.760213154999999752e-01	1.032706802000000090e+00	6.826807272999999565e-01	5.831102666999999906e-01	5.452173916000000453e-01	1.098468817000000097e+00	-6.996129434999999452e-02	-3.136495105000000061e-01	-7.336867416000000253e-01	4.647275570000000133e-01	-1.095984263999999930e+00	7.377815684999999846e-01	2.337360639000000129e-01	-9.591995636000000269e-01	-1.423474195999999914e+00	-5.385600455000000286e-01	-1.392793170000000025e+00	-1.182286254000000092e+00	4.408082362000000087e-02	-3.763193382999999725e-01	-5.534987396999999643e-01	-1.048805078000000002e+00	9.027299559999999445e-01	1.327095563000000034e-01	-1.436021331000000067e+00	-1.802620576999999891e+00	-7.446805840000000343e-01	-1.983801697999999947e+00	-1.914084792000000090e-01	-2.804830629999999769e-01	1.006119050999999986e+00	-4.389008749000000154e-01	-2.089373815999999995e-01	-9.585159404999999966e-01	2.492924065999999883e-01	1.739723346999999976e+00	-2.098797418999999997e-01	-7.479175768000000391e-01	1.867420746000000076e+00	-1.948365461999999937e+00	7.085642671999999864e-01	1.121596398000000105e+00	6.637128177000000129e-01	5.479432005000000050e-01	-6.818683091999999668e-01	3.107493860000000163e-01	5.052630265999999981e-01	-1.061100152999999935e+00	-2.646923587000000189e-01	-1.406984067000000005e+00	-8.865654976000000298e-01	-1.583602509999999963e+00	4.263485251999999948e-01	4.965439032000000252e-01	-1.087824619999999909e+00	-3.276947688999999886e-01	4.921921280000000065e-01	5.305996084999999862e-01	1.147511874999999959e+00	2.187054190000000009e+00	7.216053977999999924e-01	-6.882411618999999536e-01	-1.165051106999999975e-01	-1.711592960999999968e-01	7.790167393000000384e-01
-1.494092478000000057e-01	-9.067594360999999825e-01	9.226558330999999891e-01	6.909394356000000403e-01	7.643764121999999661e-01	4.166293628000000138e-01	1.210210758999999969e+00	1.186314924999999978e-02	-3.561608869999999816e-01	-6.557424256999999646e-01	5.728398500000000393e-01	-1.717262579000000011e+00	5.045110576000000346e-01	3.891088662000000142e-01	-7.848346008000000040e-01	-1.459274433999999898e+00	-8.359802380999999949e-01	-1.878916584000000015e-02	-1.270057079000000089e+00	-3.181649858000000219e-01	-1.778370700000000137e-01	-6.640326440999999580e-01	-1.221472485999999913e+00	6.806299020999999616e-01	7.547467146000000349e-02	-1.278925765999999964e+00	-2.021727509000000200e+00	-1.621643189000000040e+00	-1.384121297999999944e+00	-4.721979479999999785e-01	-8.586643118999999491e-02	1.062760568999999933e+00	-5.884909983000000122e-02	-8.131927467999999770e-01	-1.040277824999999989e+00	8.848061691999999923e-01	2.193123941000000077e+00	-2.229611821999999965e-01	-5.585649056999999473e-01	1.925384254999999989e+00	-2.084801333999999784e+00	8.550485704000000409e-01	-1.513449556000000085e+00	-4.454477186999999949e-01	9.225729763000000139e-01	-1.375891100000000034e+00	-4.871495794999999851e-01	-1.838221271000000101e-01	1.044383888999999982e-01	-4.587884447999999726e-01	4.650429556999999964e-02	-2.508200418000000043e-01	-1.928554198999999914e+00	4.663879431999999881e-01	4.181811813999999905e-01	4.674955634999999887e-01	8.399882961999999634e-03	-4.332816247999999870e-01	-1.249983303000000018e-01	-2.112269317999999896e-02	1.045599458999999953e+00	7.021183156000000425e-01	-6.590020680000000519e-01	-7.098959031999999558e-01	-4.164688827999999954e-01	1.121888881000000060e+00
-1.125164431000000020e-01	-7.208338622000000084e-01	8.897588303000000254e-01	7.792585776999999547e-01	7.120465101999999824e-01	5.723190456000000204e-01	1.158102967000000039e+00	3.714957246000000213e-01	-4.077379749000000220e-01	-8.370562177000000492e-01	4.381950319999999843e-01	-6.748821103000000043e-01	6.158916599000000547e-01	4.479342635999999933e-01	-9.837579879000000194e-01	-1.321838440000000059e+00	-1.259260325000000069e+00	1.294979834000000052e+00	-1.468067239000000024e+00	-5.175305663999999473e-01	-4.226834336999999997e-01	-3.860773167000000061e-01	-1.266840742000000075e+00	2.939008101000000206e-01	4.408433854000000096e-01	-1.564122143000000076e+00	-2.137823931999999871e+00	-8.240179750999999664e-01	-8.922663908000000310e-01	-4.679902669000000071e-01	-7.583234180000000269e-01	4.134272783999999867e-01	2.103487373000000049e-01	-6.346722046999999645e-01	-1.060580510000000087e+00	7.781609739999999498e-01	2.201272997999999870e+00	1.272318343999999934e-01	-6.918451979999999946e-01	1.071503160000000010e+00	-2.467899814999999997e+00	4.228905110000000245e-01	1.778011057999999922e+00	-7.071322853999999491e-01	-1.411168379999999944e-01	-1.792117438000000007e+00	-3.090763322999999785e-01	-2.419005902999999957e-01	8.029542476000000456e-03	2.633079955000000028e-01	-6.177765486999999833e-01	5.339423720000000539e-01	5.707508550000000014e-01	8.070755227000000476e-01	5.212811752999999687e-02	-4.962111680999999885e-01	3.292926158000000075e-02	7.699141087999999966e-01	-2.862220702000000117e-01	-1.581985852000000081e+00	-4.244988149999999738e-01	6.589478572000000423e-01	-9.747189177999999732e-01	8.482947279000000451e-01	-8.575020282999999965e-01	1.579330499000000110e-01
-1.807694695000000018e-01	-8.371445169000000242e-01	1.042863105999999984e+00	8.292327706000000020e-01	6.474448172000000223e-01	6.414171492000000363e-01	1.212056768000000062e+00	4.980933865000000127e-01	-1.896766814999999995e-01	-3.933894821999999736e-01	4.019808731999999774e-01	9.912750885000000123e-01	2.282299730000000026e-01	4.361289045000000253e-01	-1.225370314999999932e+00	-9.900256114000000052e-01	-1.236070049000000060e+00	7.310994496999999592e-01	-1.541016039999999920e+00	-3.157111581000000000e-01	-6.295305427000000287e-02	-9.479386885999999679e-01	-1.227112804999999973e+00	2.161460367999999965e-01	8.173456735999999889e-01	-1.255811149999999987e+00	-1.634229450999999944e+00	-1.071790470000000051e+00	-7.346683237000000144e-01	-7.059271826999999888e-01	-3.753526555999999736e-01	3.428519624999999960e-01	-5.959413242000000110e-01	-5.132131234000000264e-01	-1.611227222999999986e+00	5.851115976999999857e-01	1.923607964999999975e+00	-2.175079010000000035e-01	-1.034143105999999923e+00	-1.448337288000000056e-01	-1.901221084999999977e+00	5.656579453000000202e-01	2.401658852999999927e-01	-2.151794481000000037e-01	-1.300784321999999937e+00	-1.698088333999999922e+00	-1.864732541999999937e-01	4.487374606999999793e-01	-1.291928042999999915e-01	1.060219902000000047e+00	-3.461702074999999934e-01	2.689941468000000002e-01	-1.838977985000000093e+00	-4.231915493000000250e-01	-4.191993619000000115e-01	-4.086600054999999787e-01	2.240228717999999952e-01	-5.032106564999999643e-01	5.804450580000000137e-01	-5.784964160000000133e-01	5.979713559999999539e-01	-7.445951055999999735e-02	-1.038394491000000031e+00	-5.110430139999999621e-01	-8.219001112999999581e-01	4.563256858999999999e-01
-2.060117776000000012e-01	-9.384593180000000423e-01	8.070354715999999984e-01	8.445251312999999538e-01	7.140360966000000031e-01	5.778555786000000305e-01	1.222549746000000104e+00	3.069581215000000141e-01	-2.179536055000000083e-01	-1.333633354999999909e+00	1.507744998999999975e-01	1.002630837999999969e+00	3.232819759000000182e-01	3.513415146000000155e-01	-7.330145061999999712e-01	-1.103019036999999924e+00	1.774339111000000080e-01	5.879466600999999626e-01	-1.319185344000000093e+00	-5.826006592000000373e-01	-1.222008250999999934e-01	-8.396049277999999561e-01	-1.335080073000000089e+00	2.655638135999999899e-02	8.436427294999999660e-01	-1.116959019999999914e+00	-1.084472550000000091e+00	-1.550234486999999994e+00	-3.948530377999999730e-01	-1.440935979999999894e+00	4.045380860000000189e-01	-1.366310712000000094e-01	-1.456685958000000003e+00	-6.571763227000000374e-01	-1.153953846999999922e+00	9.822961932999999535e-01	1.094298930999999975e+00	-4.834227656000000262e-01	-1.479728154000000018e+00	-8.419920837000000047e-01	-1.970573541000000040e+00	1.293563068999999954e+00	-8.098766635999999908e-01	8.926067627000000559e-02	-1.250469081999999954e+00	-2.214704854999999917e+00	-4.881703968000000171e-01	-2.691332291999999973e-02	3.939653039000000079e-01	2.904177973000000024e-01	-4.703781799000000263e-01	-4.312288203999999903e-01	-8.586057663999999701e-01	1.747901222999999948e+00	-1.330844131999999957e+00	-5.367232922000000350e-01	-1.485823427000000085e-01	-8.061769676000000162e-01	-9.995253137999999815e-01	4.769053418000000072e-02	-1.469613915000000104e-01	5.213128245999999466e-01	-1.561492148999999996e+00	-5.520009703999999573e-01	-1.334190922999999862e-01	4.610004547000000064e-01
-1.729996628000000092e-01	-8.726694475999999812e-01	8.678323749999999892e-01	6.384038139000000056e-01	6.553641801999999794e-01	5.328522679999999623e-01	1.093245371000000077e+00	1.889824948000000115e-01	-2.136547116999999996e-01	-1.274323187000000024e+00	1.134392644000000033e-01	8.441382708000000346e-01	1.722565965000000032e+00	6.016198541999999705e-01	-1.059455111999999977e+00	-1.137745564999999903e+00	1.244548165999999956e+00	-1.948987936000000087e-01	-1.529860049000000055e+00	-5.394848428999999834e-01	-1.495206668000000072e-01	4.587000230000000123e-01	-1.437788822999999994e+00	4.315698805999999832e-02	6.633269160000000442e-01	-9.526056559000000146e-01	-7.198745747000000472e-01	-8.678948228999999737e-01	-4.610575338999999828e-01	-1.376302946000000027e+00	-5.495375274999999560e-01	-5.351260533999999680e-01	-1.128288782999999906e+00	-3.794979941000000134e-01	-1.437841697000000085e+00	5.498853078000000005e-01	6.868562459000000509e-01	5.134115880999999826e-01	-1.452712988999999899e+00	-1.680947111000000049e+00	-2.109943857000000200e+00	6.456770775000000295e-01	-9.183437516000000564e-03	8.386947455000000051e-01	-2.176430927999999820e+00	-2.223274828000000092e+00	-1.191259049999999986e+00	8.125548798999999989e-02	-1.657796374999999989e+00	-9.445120559000000360e-02	1.440526878000000011e+00	5.050246986999999965e-01	-9.902920295999999567e-01	6.997702191000000627e-02	-6.608340984999999668e-01	-1.630683682000000079e-01	-4.432014958000000115e-01	1.866602394000000054e+00	-1.434144837000000061e+00	-6.912916247999999486e-01	-8.102965125000000102e-01	-8.699101581000000527e-01	-1.564517847000000073e+00	4.786173656000000318e-03	-6.968315264000000120e-01	7.374408958000000514e-01
-2.283514235000000114e-01	-9.530306436000000048e-01	1.177104179000000084e+00	7.869329985999999888e-01	5.744868695999999497e-01	5.575060215999999569e-01	1.059338757999999991e+00	-2.097344305000000131e-01	-3.058225346999999816e-01	-7.743593343000000351e-01	9.577395737999999659e-02	2.301977561000000116e-02	1.786510736000000016e-02	4.745201740000000168e-01	-7.348614479999999727e-01	-1.222382348000000007e+00	1.187238210999999932e+00	-1.072161260999999977e+00	-1.709869048000000058e+00	-4.692778767999999934e-01	3.221419088999999958e-01	9.880514739000000324e-01	-1.684704317000000007e+00	1.396369839000000113e-01	5.396287094999999701e-01	-8.093586750000000274e-01	-3.664063422000000125e-01	-1.535154520000000078e+00	-4.095250290999999931e-01	-1.089036934999999984e+00	-1.338397684999999893e+00	-3.721592145000000018e-01	-1.509262187999999894e+00	1.527545217000000032e-02	-1.925680580999999947e+00	2.948897169999999957e-01	5.010317747000000432e-01	-2.074190388000000107e-01	-1.145443827000000026e+00	-1.881918940000000040e+00	-2.209798111000000009e+00	5.346051083999999731e-01	4.644010722999999952e-01	1.503702724999999907e+00	-9.507873888000000218e-01	-2.125216969999999872e+00	-1.169311256999999937e+00	-4.944806241999999963e-01	-1.209732196999999898e+00	5.748686691999999737e-02	8.189620163999999924e-01	-1.118009996000000061e+00	-1.522388580000000102e+00	-1.530539793000000037e-01	-1.213429576000000010e+00	-1.672355392000000052e-01	-7.385156084999999759e-01	1.685259706999999996e-01	-1.848708821000000002e+00	3.290513890999999802e-01	2.715089976999999766e-01	4.174997710000000195e-01	-1.099749520999999897e+00	6.185313730000000509e-01	-4.034564369000000206e-02	1.903480368999999950e+00
-2.166734785999999968e-01	-1.040875223000000016e+00	9.663476879000000297e-01	6.276214249999999550e-01	7.525348017999999861e-01	2.835472578000000077e-01	1.061564189999999908e+00	-3.162859451999999738e-01	-3.759964655999999961e-01	-1.225252161000000006e+00	1.440391907999999943e-01	-3.696608779000000178e-01	6.804697674999999890e-01	4.957311524999999941e-01	-2.918909847000000224e-01	-1.320361380000000029e+00	4.651425244999999875e-01	-1.809248895000000079e+00	-1.422810609999999976e+00	-7.334056030000000170e-01	1.047980899999999965e-01	5.696128647000000544e-01	-1.601683301000000004e+00	9.977162981999999902e-02	4.351167217999999948e-01	-7.881646137000000163e-01	-3.770926017999999824e-01	-1.858870062999999906e+00	-8.133196888999999485e-02	-1.450335369999999902e+00	-7.716393700000000466e-01	-4.959257460000000006e-01	-9.572745469000000229e-01	-1.312538585999999952e-01	-1.083575269000000008e+00	6.298520237000000410e-01	7.869557399000000342e-02	3.087045842000000206e-01	-1.200000854000000006e+00	-1.606316907000000072e+00	-2.459844986999999872e+00	9.486868793999999605e-01	-1.096385918000000043e-01	1.496932107999999984e+00	4.463082228999999956e-01	-2.467875787000000098e+00	-1.237297383999999889e+00	-5.513703718000000087e-02	-1.298625327999999968e+00	-1.252378183999999894e+00	-1.503264257000000104e+00	-1.416395284999999893e+00	-2.564485331999999840e+00	1.746073431999999870e-01	-2.263597964000000073e-01	1.344147415999999984e+00	-1.309774599000000039e+00	1.306071771000000048e+00	-1.274301791000000073e+00	-2.309738926999999886e-01	-6.263957135000000065e-01	-4.325048945000000145e-01	-1.602591279999999951e+00	8.297879989999999706e-02	-2.387579162000000033e-01	2.558081228999999901e+00
-1.073497459999999959e-01	-8.607006278000000066e-01	9.918573445999999683e-01	6.487822329000000332e-01	7.375971612999999705e-01	6.180528093999999584e-01	1.098105689999999912e+00	-1.964364553999999874e-01	-3.678913988999999995e-01	-6.849846285999999784e-01	2.325339875999999917e-01	-1.207431772999999930e+00	4.550920565000000084e-01	4.555591345000000181e-01	-7.591094211000000147e-01	-1.395539807000000021e+00	-3.131329266999999805e-01	-9.545503921000000336e-01	-1.450590430000000097e+00	-7.163940224999999495e-01	8.008095460000000387e-02	-1.045426799999999989e+00	-1.594322712000000086e+00	2.007023502999999987e-01	6.379308399999999990e-01	-8.108723151000000184e-01	-7.945360003000000448e-01	-8.591288840999999898e-01	1.294762644999999934e-01	-1.044472504000000024e+00	-1.228312808999999950e+00	-5.328720367999999485e-01	-6.618135361000000438e-01	3.396131995000000181e-01	-9.744891388999999959e-01	3.652998318999999827e-01	9.666363175000000085e-01	-2.618219579000000130e-02	-1.024515206000000012e+00	-1.761134747000000056e+00	-2.604517324000000134e+00	4.387032166000000011e-01	-5.321616833000000213e-01	8.439186249000000251e-01	-6.681275502000000310e-01	-2.257312725999999881e+00	-1.834253217000000102e+00	2.568936704000000099e-02	-5.439555255000000367e-01	-6.276171494000000184e-01	-6.682404033000000076e-01	-1.951057330000000034e-01	-1.732990702000000022e-02	6.231841663999999614e-01	7.649125745000000531e-01	-2.105842384999999872e+00	-1.053007993000000031e+00	2.094655077000000087e+00	-7.722323436000000374e-01	-8.041396556000000029e-01	-4.016649927000000009e-01	1.451249710999999998e+00	-1.614244299000000105e+00	6.864369453999999982e-01	-7.042412238999999907e-01	2.313004201000000037e+00
-2.497172502999999988e-01	-9.904290411999999710e-01	1.137837635999999986e+00	6.600481739000000347e-01	7.043324155000000308e-01	4.900627645000000254e-01	1.082213285999999997e+00	-2.418129488999999910e-01	-3.019329593000000256e-01	-1.076142158999999987e+00	-1.588265456000000075e-01	-1.179552743999999986e+00	4.026914808999999817e-02	3.575441456999999823e-01	-5.816212407999999945e-01	-1.502342379999999977e+00	-1.410391493000000107e+00	3.213046931999999911e-01	-1.176029213999999934e+00	-4.740586882999999752e-01	-6.787070928999999753e-02	-1.586669517000000029e+00	-1.247961077999999890e+00	2.417021618999999899e-01	8.575703613999999808e-01	-3.701007286999999923e-01	-1.176430497999999991e+00	-1.008292184000000091e+00	4.625821023000000198e-01	-1.304880800999999924e+00	-1.384665766999999992e+00	-5.411704203999999629e-01	-8.015813591999999543e-01	5.931705795999999697e-01	-1.144987073000000022e+00	8.486176574999999556e-01	1.087507215000000027e+00	2.739383659999999887e-02	-9.388320133999999983e-01	-1.797660516000000097e+00	-1.998407172999999926e+00	5.296753254999999605e-01	2.172547547999999829e+00	8.480284503999999668e-01	-8.459820377000000224e-01	-1.959486765000000075e+00	-1.120504680000000031e+00	-6.211274101000000547e-01	4.689606572999999723e-01	-2.138195310999999876e-01	-1.056411321999999986e+00	9.263289155999999691e-01	-1.511750565999999907e+00	1.611499224999999869e-01	-2.351919366999999927e-01	6.280766988000000550e-01	-1.127804548000000073e+00	9.291626028999999676e-01	-1.958258043999999976e-01	-5.491993303000000104e-01	1.344519232999999980e+00	1.106628464000000006e-01	-1.137190348999999934e+00	-5.870541931999999630e-01	-3.995391790999999748e-01	2.100234503999999891e+00
-2.070779187000000021e-01	-1.005116066000000030e+00	9.058959054999999871e-01	7.848137126999999991e-01	8.964112258999999971e-01	5.072582844999999896e-01	1.151798564999999996e+00	9.840282926000000485e-02	-1.992704790000000004e-01	-9.473416502999999489e-01	1.905440643000000100e-01	7.428080799999999817e-01	1.229467159999999976e-01	7.075224214999999983e-01	-8.939364036000000402e-01	-1.504629052000000078e+00	-1.230484781999999999e+00	4.573976483000000148e-01	-8.749612338000000156e-01	-4.905394962999999886e-01	4.201913118999999752e-01	-1.410177350000000107e+00	-8.998846280000000197e-01	3.229812760999999921e-01	9.934812583000000030e-01	5.905927451000000244e-02	-1.050436825000000018e+00	-1.243890294000000063e+00	8.676459276000000331e-01	-1.588772803999999983e+00	-6.034234697999999453e-01	-1.054444688000000019e+00	-1.667061509000000052e+00	3.494921260000000141e-01	-5.441028816999999851e-01	1.034410990999999891e+00	9.097294360000000024e-01	1.327258989999999944e-02	-9.436735679000000099e-01	-1.738319460000000038e+00	-1.128770387000000097e+00	4.089081413999999803e-01	-7.990480211999999582e-01	5.713743959000000538e-01	-1.713188096000000105e+00	-1.768293847000000030e+00	-1.413499991999999983e+00	1.259661222999999941e+00	7.339875319999999981e-01	-1.724414605000000045e-01	-9.230779856999999922e-01	5.377878756999999732e-01	-1.461591936999999897e+00	-2.574299529000000086e-02	6.229990756000000074e-01	-1.304694446000000063e+00	-5.865905113999999587e-01	6.165620607999999780e-02	-3.023383353999999912e-01	2.242473701999999902e-01	-3.145017680000000149e-01	-7.330398503999999704e-01	-2.161535312999999903e+00	-7.568778520000000176e-01	4.518999323000000290e-02	1.770331923999999946e+00
-1.751929329999999951e-01	-8.291895287999999642e-01	1.038965123999999962e+00	7.870617639000000443e-01	7.842401310000000070e-01	5.733744410000000125e-01	1.076837312000000102e+00	1.278042309999999904e-01	-3.798642816000000200e-02	-1.646069097000000037e+00	4.044721915000000223e-01	7.487119637000000383e-01	1.109202991000000083e+00	6.388215915999999606e-01	-9.921800133000000521e-01	-1.424203848000000106e+00	1.173250766000000000e+00	1.070909084999999983e-01	-6.788188214000000498e-01	-1.019362427999999932e-01	3.480878273999999939e-01	-8.895091226000000073e-02	-7.260186242999999706e-01	3.940729051999999899e-01	7.716912186000000062e-01	3.422840484999999933e-01	-8.800476945999999856e-01	-4.056242043000000130e-01	1.189228398000000020e+00	-6.861225865000000201e-01	-4.354806917999999860e-01	-1.569589206000000070e+00	-1.860353619999999930e+00	6.902370006000000391e-01	-2.911523442000000239e-01	2.744187754999999895e-01	4.507699481999999924e-01	1.554962870999999913e-01	-3.412297921999999928e-01	-1.996733281000000026e+00	-9.129605689999999996e-01	-1.307728950000000001e-01	-2.690625173999999786e-01	1.215042433999999894e+00	-1.306527451000000006e+00	-1.694926476000000015e+00	-8.484232031999999757e-01	3.667124876999999783e-01	-1.355066770999999948e+00	1.404642433000000024e+00	1.705432521999999951e-01	1.861137561000000051e+00	-3.555703699000000162e-01	-2.157318447999999889e-01	4.814613249999999955e-01	6.872348911000000227e-01	2.963869309000000118e-01	1.981231667000000085e+00	-2.092979687000000144e+00	-7.470708711000000335e-01	-2.284227273999999974e-01	1.034644707999999996e-01	-8.608074951999999946e-01	-6.649012813000000355e-01	-9.434264949999999761e-01	1.236981807999999905e+00
-2.376547092999999888e-01	-9.673107362999999737e-01	1.162306590999999889e+00	9.302533118000000378e-01	6.216748047000000277e-01	7.530187606999999561e-01	1.132638001999999977e+00	-1.776608375000000017e-01	4.703738826999999574e-03	-9.441480058000000231e-01	9.004027289999999573e-01	3.059817047999999762e-01	7.176947906999999738e-01	6.717612572000000171e-01	-7.444017352999999781e-01	-9.919061993000000133e-01	1.324251285999999972e+00	-9.118709567999999654e-01	-3.228745203000000230e-01	2.652278999000000081e-01	4.029560663000000265e-01	7.457901906999999664e-01	-4.092590702000000191e-01	9.027543583999999566e-01	9.816098166000000180e-01	4.264103607999999990e-01	-4.649923765000000264e-01	-8.855671363999999546e-01	1.277543687000000094e+00	-4.242520083999999914e-01	-1.731656469999999892e+00	-1.952831235999999970e+00	-1.569181640999999905e+00	3.078177579999999969e-01	-5.936544875999999471e-01	-7.117206107000000337e-01	-6.159416086000000234e-01	-7.121550625000000467e-01	-6.302133819999999886e-02	-2.081585619000000165e+00	-1.040342238999999891e+00	-3.810692425000000161e-01	8.347282954000000421e-01	6.913218195000000454e-01	-1.292012128000000093e+00	-9.547950490000000068e-01	-5.061672498000000520e-01	3.032939241000000008e-01	-1.358532563000000026e+00	2.924498045999999740e-01	1.243037822000000014e+00	-5.404409852999999542e-01	-1.245026737999999966e+00	8.043630951000000362e-01	-1.600278335999999912e+00	-1.980083969999999916e+00	9.176461022999999884e-01	3.025951394999999988e-01	-8.332642257000000274e-01	1.473500956000000084e+00	-7.303479271999999689e-01	-4.706900532000000137e-01	-7.714964224999999731e-02	-8.383776363999999315e-02	-5.885083429999999893e-01	1.574107417000000009e+00
-2.727118225999999868e-01	-1.011130883000000091e+00	9.748674904999999891e-01	9.160478867000000358e-01	8.141192931999999827e-01	6.305529807999999958e-01	1.111198442000000064e+00	-1.100480117999999979e-01	-9.222181493000000674e-02	-1.148304183999999895e+00	8.931213215000000094e-01	-1.665630971000000016e-01	2.275000500000000092e-01	6.035052884999999590e-01	-4.681605946999999879e-01	-6.927233871000000320e-01	1.658985498000000058e+00	-1.194811215000000093e+00	-1.338142719000000036e-01	6.916671271000000010e-01	2.479173628999999934e-01	1.826026922999999913e+00	-7.018880242999999686e-01	7.040714270000000274e-01	3.626792058000000152e-01	2.107705280000000125e-01	-1.620045729000000045e-01	-1.896038844000000001e+00	1.405086245999999983e+00	-8.303135541999999425e-02	-9.368351188000000329e-01	-2.557020543000000146e+00	-1.187553085000000008e+00	-5.345310550999999855e-01	-5.544795190000000318e-01	-9.824902239999999676e-01	-7.537941111999999499e-01	-3.833609032999999999e-01	-7.910823674000000416e-02	-2.296914988000000157e+00	-1.925342710000000013e+00	-5.296411270999999976e-01	4.084839544999999822e-03	5.235255314000000215e-01	-1.666286680999999881e-01	-1.468766513000000051e+00	-1.609145857999999985e+00	3.593592574000000206e-01	-1.049008774999999893e+00	-4.787548039999999783e-01	9.772593889999999783e-01	-4.530328405999999863e-01	-9.189871424000000122e-01	5.017237968000000103e-01	1.615888235000000062e-01	6.087797172000000145e-01	4.657054266999999803e-01	7.226164003999999697e-01	-1.079151485000000021e-01	1.695918178999999970e+00	7.915879601999999959e-01	4.949331201000000124e-01	-1.109677414000000084e+00	3.406631061000000016e-01	-9.433627066999999977e-01	4.519534216000000160e-01
-2.310357976000000091e-01	-1.002068291000000055e+00	1.078804101000000015e+00	8.252979689999999646e-01	7.186587588999999721e-01	8.009675795999999792e-01	1.087342725999999926e+00	-2.490392224999999904e-01	-8.153001070000000239e-02	-7.346302229000000183e-01	1.295496283999999942e+00	-4.155809798999999805e-01	9.366905892000000344e-01	1.769174833999999918e-01	-6.418176087000000418e-01	-3.733299845999999977e-01	7.448693651000000138e-01	-1.551974315000000049e+00	-6.134637911000000443e-01	7.437235312000000098e-01	-4.274211707000000193e-02	1.206929651000000048e+00	-1.051032981000000088e+00	1.040921914999999975e+00	4.107832361000000043e-01	-2.210544969000000082e-01	2.562171671999999845e-01	-1.149560907999999992e+00	6.883081283999999966e-01	-2.522645735999999861e-01	-5.612956355999999536e-01	-2.875058115999999941e+00	-2.125445501999999875e-01	-5.539754688000000371e-01	-7.213112273999999768e-01	-1.668021957000000111e+00	-5.053532820999999675e-01	-1.853808486999999894e-01	-6.822892538999999479e-01	-2.412023661000000097e+00	-2.341548770999999807e+00	-6.229113198000000295e-01	1.449071858000000046e-01	5.889397185000000423e-01	5.576044673000000174e-01	-1.454813842999999940e+00	-2.044442225000000057e+00	2.786312764000000164e-01	-1.981304677000000014e+00	-7.533936299000000281e-01	-1.117042451999999964e+00	4.426441272000000010e-02	-1.316715290999999954e+00	1.228796650000000046e+00	3.174671123000000206e-01	1.138434736000000003e+00	-1.424318051000000029e-01	1.949056979999999939e+00	-1.122839152999999951e-01	-4.576454347000000200e-01	-7.074898666000000169e-01	1.400548689999999985e-01	-1.269425001999999969e+00	1.832731644000000104e+00	-8.056836416999999528e-01	-2.470683136999999863e-01
-2.681142655000000041e-01	-1.024080883000000108e+00	1.230814531000000045e+00	8.350192279999999467e-01	7.075940071999999859e-01	6.748622600000000471e-01	1.152821348000000024e+00	-4.608973348000000025e-01	-4.054568993000000343e-02	-9.089478715000000042e-01	1.280238972000000031e+00	-1.366698420000000080e+00	5.036381766999999954e-01	2.355613407999999909e-02	-5.599696811000000052e-01	-3.323206336000000261e-01	-4.340812640999999750e-01	-1.054404581000000007e+00	-9.278808013999999549e-01	6.448371184000000200e-01	-1.559483202999999985e-01	-1.084071210000000063e+00	-1.273732242999999986e+00	9.389045951000000167e-01	6.171334190999999691e-01	-2.944254376000000062e-01	2.716835538999999855e-01	-1.158366462999999902e+00	3.644930663000000015e-01	-4.874839958000000140e-01	-3.891786136000000007e-01	-2.456542733000000034e+00	-3.431414421999999798e-01	-5.062479728000000012e-01	-1.298074670999999958e+00	-1.933582225000000099e+00	1.117490497000000055e-01	-1.257486756000000039e+00	-8.454677041999999476e-01	-2.563475592000000081e+00	-2.196493049999999947e+00	-6.669613332999999589e-01	3.679192142000000110e-01	4.180034711999999764e-01	1.144376878999999958e+00	-1.193695251999999929e+00	-2.173873212000000166e+00	6.891187815999999522e-01	-7.801216115999999590e-02	-3.062512117999999783e-01	1.313445349000000040e-01	-4.630719117000000051e-01	-1.126478990999999930e+00	7.164458994000000303e-01	1.425822565000000042e+00	-9.858628480000000138e-01	-3.320827789999999946e-01	6.730055037000000073e-01	6.126159599999999594e-01	5.138878742000000388e-01	1.441549211000000108e+00	1.150548276999999953e+00	-1.237911524000000041e+00	1.246444791999999913e+00	-5.119450537999999939e-01	-2.558374398000000105e-01
-3.667151425999999881e-01	-1.181632500000000086e+00	1.074801571000000067e+00	8.933197270999999606e-01	8.449008691999999598e-01	5.691362312000000090e-01	1.070801660999999960e+00	-4.209857878000000109e-01	-4.407641480999999889e-02	-1.117264510999999905e+00	1.077163219000000005e+00	-1.402557499000000041e+00	5.560734738999999482e-01	-1.194617929000000023e-01	-2.839832453999999728e-01	-5.656898218000000478e-01	-9.175427803000000271e-01	6.632539236000000171e-01	-7.621067248999999766e-01	4.017080970999999806e-02	1.037836320000000076e-02	-7.306723241999999452e-01	-1.056783851999999913e+00	1.022304252999999941e+00	5.922005586999999904e-01	-4.770920087000000143e-01	-2.173769221999999890e-01	-2.435828700000000069e+00	2.638985826999999951e-01	-1.325213615000000011e+00	-7.072254331999999755e-01	-2.631575374000000078e+00	-9.208919770000000282e-01	-4.851136977000000128e-01	-9.131819465999999608e-01	-1.476054940999999898e+00	-7.349468643999999828e-02	-1.005257529000000094e+00	-9.819004097000000320e-01	-2.267866876999999892e+00	-1.415139184000000050e+00	-4.593784161999999727e-01	1.117275697999999956e-01	-1.147357509999999969e-01	1.322072769999999897e+00	-1.386740596999999964e+00	-1.997624024999999914e+00	2.908310962999999805e-01	5.999177850000000367e-01	-3.313533303000000263e-01	-5.177151993999999924e-01	8.943856221999999523e-01	-2.105387390999999830e+00	1.935857839999999941e+00	1.186385113999999907e+00	2.544786022000000147e-01	-7.809089818000000127e-01	2.243170310999999945e-02	7.663712396999999843e-01	5.933500340999999789e-01	6.297537859999999821e-01	-5.464464529000000181e-02	-8.449837564000000079e-01	8.193200922000000164e-01	5.428404638999999587e-01	-1.409358215000000025e-01
-3.261033535000000261e-01	-1.093011052999999899e+00	1.053269865000000083e+00	9.105164368000000508e-01	8.494726540000000492e-01	4.204689663999999771e-01	1.090568046000000013e+00	-1.488258819999999927e-01	1.134378270999999994e-02	-1.347875082999999918e+00	1.218270898000000102e+00	5.915567650999999927e-01	6.072023545000000411e-01	-9.066016794000000822e-03	-1.071025907999999971e+00	-6.496719989999999445e-01	-8.590941672999999890e-01	8.525917735000000386e-01	-6.995674675999999925e-01	-3.460939078999999974e-02	5.112585808999999676e-02	-4.612939149999999988e-01	-1.162716171000000021e+00	8.652156627999999516e-01	6.755578957000000218e-01	-7.471493541999999488e-01	-4.015092670999999974e-02	-1.685444060000000022e+00	5.270909113999999729e-01	-1.147685097999999959e+00	-1.179874219000000002e+00	-2.487709773000000180e+00	-3.160046294000000144e-01	-5.176457566000000066e-01	-5.871154431999999757e-01	-1.728847658000000065e+00	-2.521994298999999939e-01	-6.885468112000000529e-01	-1.003952952999999981e+00	-2.336930859999999832e+00	-1.745012293999999908e+00	-1.512023512000000069e+00	-5.030911165000000462e-01	-1.353164551000000070e-02	-4.534776283999999991e-01	-1.317812554000000080e+00	-1.669369372000000018e+00	3.159316289999999916e-01	1.460084071999999955e-01	-5.455640713999999614e-01	-1.396751834999999942e-01	1.786052181999999933e+00	-5.297445635999999958e-01	5.646596266000000197e-01	1.975962462000000031e+00	-9.865646044000000447e-01	-3.047417444000000142e-01	1.200643533000000041e+00	3.700849548999999850e-01	-1.211672301999999979e+00	-9.079523683000000345e-01	-7.547108930999999465e-01	-1.486103394999999994e+00	1.115370344000000014e+00	1.454095115000000049e-01	-1.555008694000000080e+00
-3.331267140999999987e-01	-1.090370687999999921e+00	1.265285816000000008e+00	9.206747371000000291e-01	7.184758293999999879e-01	6.772303034000000110e-01	1.050645459000000059e+00	-2.184099140000000105e-01	6.788277199999999401e-02	-4.863697946000000161e-01	1.149012938999999900e+00	1.366728195000000090e+00	5.533113822999999876e-01	1.029560654000000047e-01	-1.252873844000000014e+00	-5.388882962000000054e-01	-6.659087054000000228e-01	5.141109444999999445e-01	-2.234165330000000005e-01	-1.877365861999999996e-01	-3.447062951999999708e-02	-1.112439619000000102e+00	-1.048198524000000020e+00	7.990864974000000398e-01	3.790814950999999988e-01	-9.392900235000000153e-01	-1.732497300999999990e-01	-1.593883721000000087e+00	3.094799497999999871e-01	-1.081152952000000056e+00	-4.498227665000000264e-01	-2.374413071000000208e+00	-1.713688268000000070e+00	-4.021026498000000032e-02	-1.163574415999999889e+00	-1.543379929999999955e+00	-9.682587210999999972e-01	-9.907755834999999456e-01	-9.000213836999999550e-01	-2.155792815999999945e+00	-1.249658257000000106e+00	-2.395293445000000077e+00	-4.117550734000000046e-01	1.418690874000000102e-01	3.229037497000000062e-02	-3.958246747999999982e-01	-1.394823273000000086e+00	1.700729259000000049e-01	6.968471817000000401e-01	1.014675339999999926e+00	8.781970443999999321e-02	1.028116527999999974e+00	-1.284030457999999930e+00	6.086188083000000359e-01	3.857410734999999757e-01	-3.875961163000000154e-01	-2.794660084000000211e-01	1.167814113999999931e-01	-2.365301887000000047e-01	-8.682359340999999953e-01	2.667741354000000009e-01	1.622750171000000019e-01	-2.027970241000000007e-01	-3.073970745999999865e-01	-5.229021125000000297e-02	-1.660624144000000024e+00
-3.645554262999999851e-01	-1.176855387999999891e+00	1.098841410999999990e+00	9.643180920999999683e-01	7.620941066999999958e-01	4.509936212999999805e-01	1.036821970999999953e+00	-2.519193808999999895e-01	1.357768403999999943e-02	-1.832716433000000089e+00	1.150078040999999995e+00	1.267126554999999932e+00	6.766766538999999803e-01	2.113429626999999977e-01	-8.215212635999999957e-01	-3.792747812000000218e-01	6.078090942999999635e-01	1.532788717000000134e-01	3.084251069000000234e-01	-4.065473580000000253e-01	-2.661118245999999909e-01	-7.653260318000000284e-01	-5.183523772999999446e-01	7.240420378999999906e-01	-4.873995814000000038e-01	-1.161796739999999994e+00	-2.801834166000000126e-01	-2.044802842999999815e+00	-2.815518531999999796e-01	-1.248329028999999979e+00	6.330755986999999640e-01	-2.090987501999999942e+00	-2.231465604999999908e+00	-1.931689644000000039e-01	-1.414484885000000025e+00	-6.202439433999999974e-01	-1.734734551999999930e+00	-1.420402144999999949e+00	-7.634609559999999684e-01	-1.566930348000000084e+00	-1.305269953999999899e+00	-2.172996808000000168e+00	-3.339363104999999998e-01	3.406712017999999897e-01	-6.731580107000000313e-01	-6.250863705000000436e-01	-1.439918138999999986e+00	6.251753528000000282e-01	2.302740137000000020e-01	-3.916270768999999818e-01	4.856628445999999766e-01	6.273668004000000353e-01	-3.992008792000000250e-01	2.123247788000000025e+00	4.821645741999999735e-01	-1.677553554000000002e-01	-1.364603376999999895e-01	-6.124123003000000454e-01	-1.091568329000000004e+00	1.386091835999999911e-01	-8.591124309000000014e-01	-7.504957398999999585e-01	-4.611232572000000252e-01	1.950920864000000032e-01	-1.897929124999999870e-02	-1.327947946000000101e+00
-3.507332662000000045e-01	-1.174126374000000084e+00	9.650710411999999794e-01	9.507222105999999506e-01	8.268843077999999958e-01	2.922041182999999820e-01	1.077530757999999977e+00	-1.717755847000000113e-01	-4.828835742999999792e-02	-1.356439861999999996e+00	1.211779900000000021e+00	8.443506866000000111e-01	1.913430755000000039e+00	3.886524800999999751e-01	-1.015050542000000000e+00	-2.640769154000000007e-01	1.346267891999999966e+00	-4.773441096000000106e-01	9.139234163999999661e-01	-5.045708585999999496e-01	-3.179525770000000140e-01	-1.274537810999999965e-01	-5.510940315000000256e-01	5.477145143999999632e-01	-1.323355011000000081e+00	-1.366866383000000074e+00	-6.614861300000000055e-01	-2.576896126999999925e+00	-6.661672108999999731e-01	-1.013100888999999949e+00	1.110886662000000052e-01	-2.001432837999999936e+00	-1.289818957999999904e+00	2.462578532999999958e-01	-1.707969689000000013e+00	-5.072315741999999794e-01	-1.982938402999999905e+00	-1.190701127000000081e+00	-1.101123265000000018e+00	-1.495365127999999988e+00	-1.355571676000000059e+00	-2.432665688000000159e+00	-5.532616021000000273e-02	1.108637403999999993e+00	-6.342296889999999854e-01	-8.633690842000000254e-01	-2.021669044999999887e+00	1.383684661000000038e-01	1.212185273000000035e-01	-4.274869149000000146e-01	1.273648525999999892e+00	2.221569662000000001e-01	-1.069462721999999921e+00	-3.014832116999999808e-03	1.503406421000000048e-01	-8.396952206000000141e-01	-7.598696205999999620e-01	6.705643206000000411e-01	-1.359343285000000012e+00	-1.236897356999999920e+00	-1.078269595999999941e+00	-6.511437797000000360e-01	-9.200632494999999578e-01	-9.564218902000000133e-01	-2.016040236999999957e-01	-1.844672898000000005e+00
-3.735332383000000145e-01	-1.188141987999999927e+00	1.131594857999999926e+00	9.418869884999999664e-01	6.063870419000000345e-01	5.262784851999999791e-01	9.889778987999999771e-01	-3.371050507999999724e-01	-1.218175197999999959e-01	-1.083211181000000023e+00	1.137000575000000069e+00	4.262677705999999844e-01	1.150908115000000009e+00	4.080027158999999792e-01	-9.452692568999999656e-01	-3.566215688000000106e-01	1.245124536000000059e+00	-1.114005179999999928e+00	9.022168573000000080e-01	-5.632860055999999727e-01	-1.631632440000000128e-01	1.039527387999999997e+00	-1.781734241000000052e-01	5.096209817000000308e-01	-1.289256906000000091e+00	-1.394991215999999978e+00	-9.479191385999999886e-01	-1.814504689000000059e+00	-5.922740825000000209e-01	-7.927388980999999779e-01	-1.216880184999999948e+00	-1.346535115000000005e+00	-1.119225597000000016e+00	7.274810836999999752e-01	-2.253922420999999954e+00	-1.010468305999999927e+00	-2.325993581000000088e+00	-1.047663616999999991e+00	-1.179108655999999922e+00	-1.417532887999999991e+00	-1.271283369999999913e+00	-1.924837345000000033e+00	-2.801023516000000213e-01	1.324307974999999971e+00	-1.262682714999999956e+00	-8.931798102000000350e-01	-1.886320674999999891e+00	9.651241138999999691e-01	-4.258946108000000175e-01	-8.445852149999999448e-01	1.388653721999999924e+00	-9.169075098000000201e-01	-7.452305052000000041e-01	8.360860777999999938e-01	-1.330737148000000092e+00	-7.038521814000000543e-01	-7.517202965999999487e-01	7.740177273999999663e-01	-1.880754158000000009e+00	-8.010377104999999442e-02	-5.123165478000000217e-01	-5.682042950000000259e-01	1.010671933000000022e+00	3.216204290999999937e-01	-3.373439578999999910e-01	-1.508831322000000030e+00
-4.282040504999999886e-01	-1.204072283999999993e+00	9.915526010999999862e-01	1.008203924999999890e+00	6.462470262999999715e-01	4.648773855000000177e-01	1.005282172999999890e+00	-5.207698061000000100e-01	1.955890810999999854e-02	-1.379762590999999983e+00	8.169227073999999478e-01	1.218732861999999957e-03	6.636081373000000116e-01	4.362467025000000276e-01	-6.646462779999999793e-01	-6.831353139000000407e-01	1.396813803999999992e+00	-1.569709500000000091e+00	9.870721756000000457e-01	-7.285013130999999920e-01	-6.085941579000000295e-02	7.315771182000000428e-01	-3.136899995999999774e-02	2.883812723999999994e-01	-1.581701631000000052e+00	-1.366256039000000033e+00	-6.429952823000000262e-01	-2.277098563000000020e+00	-6.754341533000000064e-01	-9.613661873000000080e-01	-1.013983239000000092e+00	-8.697118716999999721e-01	-1.133705490000000093e+00	4.911410271000000161e-01	-2.315764315000000018e+00	-1.180486587999999948e+00	-2.022144512000000116e+00	-9.341838005000000500e-01	-1.632643547999999889e+00	-1.057870609999999933e+00	-9.707983480999999859e-01	-8.887944886999999961e-01	-6.234190954999999645e-01	1.398356176000000062e+00	-1.774609075000000091e+00	-1.156856171999999905e+00	-1.164670424999999954e+00	-1.313577306000000000e-01	4.715119588999999722e-02	5.095715605999999731e-01	1.375754428000000029e+00	-1.163368023000000084e+00	-6.594836764000000517e-01	5.855141804000000283e-01	-3.543239552999999931e-01	-1.142737678999999895e+00	-9.022614738999999995e-01	-4.911572643000000071e-01	-1.095834374999999916e+00	3.046052056999999924e-01	-1.078959191999999900e+00	-1.496687335999999924e+00	-3.552886997999999963e-01	8.022318451000000072e-01	2.324250841000000123e-01	-1.056071812999999970e+00
-3.917969070000000276e-01	-1.205164587000000065e+00	8.884130166000000495e-01	9.376966192000000255e-01	7.967500893000000195e-01	3.668975850999999788e-01	9.897481685000000251e-01	-7.262123072999999707e-01	-1.811854098000000024e-01	-1.150902246000000018e+00	8.353965623000000340e-01	-1.797488228000000132e-01	3.528225335999999879e-01	4.171800630999999981e-01	-6.598633737000000332e-01	-7.070523923999999516e-01	1.207338036999999975e+00	-1.726125303999999971e+00	1.043255049999999962e+00	-9.883960802000000267e-01	-1.331239090999999930e-01	1.126507989000000043e+00	-6.773096605999999464e-02	2.360439755000000028e-01	-1.731697945000000072e+00	-1.540762431999999960e+00	-9.211899845000000031e-01	-2.356303468000000123e+00	-8.815000369000000058e-01	-8.310703350999999461e-01	-8.076383541999999638e-01	-8.855100803000000020e-01	-1.282022223000000016e+00	4.614666384000000177e-01	-2.127335887000000092e+00	-8.984643626999999633e-01	-2.248438874000000087e+00	-8.586304244000000363e-01	-1.768766419000000090e+00	-9.383863703999999473e-01	-1.154971739999999913e+00	-1.210972602000000009e+00	-1.419774813999999941e-01	1.400180680999999927e+00	-7.422777366999999682e-01	-1.278462718999999970e+00	-1.572780682000000096e+00	1.883768627000000084e-01	-1.019465728999999987e+00	-1.162066317000000071e+00	1.113514804000000025e+00	-6.142804599000000199e-01	-1.228825846000000110e+00	3.426243729999999821e-01	1.560232227999999999e-01	8.705345656999999848e-01	-1.111021008000000032e+00	5.586555766000000228e-02	-3.244609777999999944e-01	-9.481640743000000482e-01	-1.145190574000000058e-02	-1.414254638000000119e-01	-1.725743750999999993e+00	9.475348221999999598e-01	1.271576302000000103e-01	-8.985366942000000412e-01
-3.559044310000000211e-01	-1.130210160999999935e+00	1.044126018000000045e+00	7.855607213999999949e-01	6.461695265000000354e-01	5.080295505999999905e-01	9.224682887999999803e-01	-6.842792448000000194e-01	-9.672204349999999340e-02	-1.199046037000000009e+00	7.694958921000000229e-01	-6.815324108000000436e-01	7.962788186000000490e-01	1.436824264000000073e-01	-6.758575444000000099e-01	-6.508424914999999533e-01	3.696228113000000204e-01	-1.846197926000000100e+00	1.099662176000000047e+00	-9.279073487000000231e-01	-1.846148408000000130e-01	5.085139798000000155e-01	1.515778606000000028e-01	4.656888898000000054e-02	-2.017306249999999856e+00	-1.641400039999999949e+00	-8.345958580000000238e-01	-1.524949026000000041e+00	-1.187259293000000104e+00	-6.404764971999999945e-01	-1.028108712999999952e+00	-9.041652486000000266e-01	-1.112705062000000078e+00	7.869189258000000020e-01	-2.455199769000000032e+00	-7.040109705000000551e-01	-2.133185396000000011e+00	-4.554492773000000105e-01	-1.543376561999999952e+00	-1.180361124000000039e+00	-7.083578661999999637e-01	-1.477209586999999935e+00	-1.817020947000000108e-01	1.756637189000000099e+00	-5.628206932999999523e-01	-1.007392677999999986e+00	-1.802047675000000071e+00	-1.711608313000000103e-02	-7.526582297999999671e-01	-1.323991785999999893e+00	-1.942878879000000003e+00	-2.461573156000000095e-01	-1.289010344000000030e+00	-3.394087758000000066e-01	5.278898974000000299e-01	1.832132231999999972e+00	-1.133112217000000088e+00	1.574381127000000102e+00	-6.328628973000000046e-01	-4.143597786000000061e-01	-5.101047700999999934e-01	1.079340656999999926e+00	-4.287175100000000239e-01	9.515994463999999375e-02	-4.037129138000000173e-01	-9.463994899000000016e-01
-3.672029399000000249e-01	-1.171139115999999980e+00	1.041744924000000072e+00	8.601692194000000180e-01	7.283810375000000503e-01	4.715929212000000148e-01	9.431734513999999736e-01	-8.545201857999999984e-01	-3.731634066000000249e-02	-1.499404246999999968e+00	1.086703917999999991e+00	-1.064727970000000079e+00	5.942497837000000338e-01	1.319113577000000093e-01	-4.528945216999999968e-01	-4.734803451999999857e-01	-7.268222949000000543e-01	-2.185695003999999830e+00	1.259303099999999898e+00	-1.017778711000000058e+00	9.881699508999999826e-02	-9.968667960000000550e-01	4.913410565999999924e-01	3.257432680999999830e-01	-2.180614990000000031e+00	-1.444056546999999968e+00	-4.260210696000000241e-01	-1.542300028000000101e+00	-1.795529219000000065e+00	-1.138304908999999920e+00	-1.186113629999999919e+00	-7.120028790000000329e-01	-8.774728875999999733e-01	7.123704082999999798e-01	-2.213168805000000017e+00	-2.104889809000000112e-01	-1.914132594000000021e+00	-8.917391290999999720e-01	-1.474412414999999976e+00	-8.378854681999999832e-01	-5.497880378000000179e-02	-4.599851433000000100e-01	-9.709201585000000190e-01	1.273229563999999980e+00	-7.160166101999999588e-01	-2.310883593999999985e-01	-8.514015513999999563e-01	8.497703452000000546e-01	-3.741195760000000092e-01	-7.362071806000000107e-01	-1.533550012000000073e+00	-5.166556693999999617e-01	-1.374017849999999985e+00	5.536612895000000423e-01	1.159000095999999980e+00	-1.437151325999999951e+00	-9.042026570000000207e-01	1.895136138000000081e-01	-9.922299942000000206e-01	-1.994007889999999950e-01	-7.818364804999999862e-01	-5.101406444999999623e-01	-6.499366148999999870e-01	3.067419591000000167e-01	-3.122123600000000221e-01	-5.193573213000000389e-03
-3.989611768999999919e-01	-1.188709529999999903e+00	9.769690527000000069e-01	1.004287600000000058e+00	8.626685407999999944e-01	4.911900955999999874e-01	1.005288984000000108e+00	-8.009514469999999831e-01	-4.827165767999999982e-03	-1.352944036000000017e+00	1.127803082000000012e+00	-1.329587937999999969e+00	5.375590290999999743e-01	1.760915066000000029e-01	-4.593497670000000199e-01	-1.768378445999999882e-01	-6.276728455000000206e-01	-1.746589656999999907e+00	1.654969686000000051e+00	-9.133994877000000123e-01	-3.327261529000000162e-02	-1.184981674000000096e+00	4.311723378999999801e-01	3.157925200000000210e-01	-2.174275817999999916e+00	-1.326776382999999893e+00	-7.103797666000000177e-01	-1.697681677999999916e+00	-1.638887272000000062e+00	-8.960210498999999773e-01	-1.253074841999999967e+00	-4.187937784999999913e-01	-7.422971016999999616e-01	8.740262296999999903e-01	-1.876341921000000079e+00	9.052871976000000098e-02	-1.490817083999999904e+00	-9.384812287999999558e-01	-1.213682122000000030e+00	-8.002692420000000473e-01	3.718921662999999933e-01	-5.224064930999999801e-01	-7.602082179000000384e-01	7.662623456999999583e-01	-1.927287243999999955e-01	-6.163879035000000006e-02	-9.126495463999999558e-01	4.830472203999999770e-01	6.629672777999999767e-01	-8.924384207000000124e-01	-1.395582776999999997e+00	7.792514484000000463e-01	-6.138607074999999913e-01	-1.256761231999999895e-01	1.518151666000000066e+00	-1.048538524999999971e-01	-4.724191821000000013e-01	2.147711693000000088e-01	-6.247138750999999685e-02	-1.033969195999999924e+00	1.690891201999999982e+00	-1.075417481999999980e+00	-2.237873597000000103e+00	-5.832521739999999566e-01	-1.418684624000000061e-01	-1.442074240000000007e-01
-4.658663523000000084e-01	-1.182453309000000008e+00	1.129726412999999985e+00	1.072539015999999901e+00	7.304293766999999660e-01	7.929239761999999914e-01	1.039472691000000060e+00	-8.353891680999999680e-01	1.681592996000000062e-01	-1.081269846000000090e+00	9.351981817000000197e-01	-1.410724327999999916e+00	4.455142599999999953e-01	2.387544067000000048e-01	-3.642422942999999913e-01	1.385153490999999903e-01	-1.064659360000000055e+00	-1.057362533000000049e+00	1.429250005999999962e+00	-7.904271899000000490e-01	-2.462132744999999956e-01	-1.406175919999999913e+00	6.636521507999999514e-01	5.324768172999999605e-01	-2.094918134999999904e+00	-1.276584332999999960e+00	-4.828812235000000119e-01	-1.487816132000000069e+00	-1.805818334000000025e+00	-6.756821221000000044e-01	-1.272866921999999956e+00	-5.401016110000000231e-02	-1.056660149000000049e+00	1.060416073999999931e+00	-1.828882104999999925e+00	6.043773407000000431e-01	-1.468902021999999974e+00	-8.593145581000000144e-01	-3.033955796999999732e-01	-3.511965481000000056e-01	8.843284617000000125e-01	-9.905092124000000053e-01	-3.871445727000000225e-01	5.846044014000000288e-01	-6.202212869000000017e-01	2.861269001000000256e-01	-1.392562169000000072e+00	2.084986101999999897e-02	2.444050710000000015e-01	1.634807927999999966e-01	-8.681667808999999902e-01	1.832475830999999999e+00	-1.144431580000000004e+00	-7.238900730000000228e-02	1.406824988999999970e+00	4.479078545999999883e-01	-9.255541784000000105e-02	7.929768761000000055e-01	-4.763754829999999885e-01	-1.281329477000000105e+00	2.746021405000000026e+00	2.813367472000000147e-01	-6.033962828000000167e-01	-1.127012421000000097e+00	-3.502803398000000068e-01	-6.923541385999999465e-01
-4.895060817999999925e-01	-1.217227381999999913e+00	1.097718873000000039e+00	1.159492814000000038e+00	8.665549448999999571e-01	9.002335728999999453e-01	1.120722388999999986e+00	-6.935420210999999613e-01	2.787256691000000175e-01	-1.032912751000000018e+00	1.028056787999999999e+00	-1.540713910000000020e+00	8.676461880000000404e-01	4.176473379999999791e-01	-1.893525849000000094e-01	4.715746254000000026e-01	-1.190348731000000049e+00	-2.963244060999999929e-01	1.335844661000000100e+00	-4.386594288999999813e-01	2.182619809999999938e-01	-1.420310653999999895e+00	6.430660221999999759e-01	7.576932767999999818e-01	-2.190305029000000125e+00	-1.194330359000000064e+00	-7.027654556000000330e-01	-1.914537192000000054e+00	-2.010740670000000119e+00	-7.293691114000000475e-01	-7.899777537000000072e-01	3.332767539000000001e-01	-4.202209179999999988e-01	5.182313952999999529e-01	-1.760881925000000070e+00	8.013930747999999937e-01	-1.611560665000000059e+00	-1.291995298000000014e+00	2.404669805999999910e-01	3.633336833999999821e-02	7.145258353000000229e-01	-5.909959716999999557e-01	-1.535628908999999931e+00	1.101377020999999984e-01	-4.775775796000000240e-01	7.864297537000000116e-01	-1.067385038999999924e+00	6.942126287000000007e-01	7.322559281999999614e-01	4.788261106000000211e-01	-1.119567227000000109e+00	1.597347711999999920e+00	-5.013284640999999819e-01	4.409450113000000226e-01	1.322730775999999997e+00	9.865591195999999785e-01	5.595016819000000474e-01	-1.060625576000000070e+00	3.627222162000000028e-01	-2.586836237999999843e-01	-9.456998932999999621e-03	5.826898066000000265e-01	-5.862757758000000097e-01	-9.533539374999999705e-01	-3.363390192999999861e-01	-6.955071103000000088e-01
-4.790220638000000086e-01	-1.180243745999999927e+00	9.209785953000000358e-01	1.339985081000000022e+00	1.040680639000000074e+00	8.149213594999999977e-01	1.248058536999999912e+00	-6.125960822999999555e-01	3.503969866000000155e-01	-1.453656865999999992e+00	9.434042236999999886e-01	-4.720026075000000043e-01	5.361766128999999603e-01	6.362488568999999927e-01	-2.743712955000000009e-01	7.499014744999999982e-01	-1.724256656000000110e+00	3.550918171999999928e-01	1.393275172000000062e+00	9.218812753000000734e-03	2.316202367999999900e-01	-1.240586863000000095e+00	4.942900813000000171e-01	8.191869619999999630e-01	-2.306465182000000169e+00	-1.335451895000000055e+00	-9.049431426999999806e-01	-1.652748598999999929e+00	-1.952475820000000084e+00	-5.239507874000000065e-01	-7.188108014999999851e-01	2.817723449000000269e-01	3.619258780999999869e-01	3.900154129999999775e-01	-1.589620138999999988e+00	9.514739483999999914e-01	-1.485931252000000091e+00	-1.641309284000000090e+00	3.654570300999999966e-02	5.346245337999999681e-02	5.895397383999999574e-01	-9.901783963000000410e-01	5.486583221999999926e-01	1.977013119999999902e-01	4.854396119999999926e-02	1.029963387000000008e+00	-1.331260684999999944e+00	1.371338557999999930e+00	1.103288199000000080e+00	3.372838221000000192e-01	-7.083249648999999648e-01	1.607403845999999970e+00	2.592380939000000217e-01	8.122693151000000278e-02	9.688718955999999771e-01	-4.740100839999999982e-01	6.249061101999999757e-01	-1.045126710999999986e+00	4.599140782000000205e-01	-1.514833333999999976e+00	-7.629672891000000012e-01	-7.975326807000000517e-01	-2.192587797999999977e-01	-2.184150508999999907e-01	-5.375523626999999527e-01	-2.046541321999999941e+00
-4.749680023999999778e-01	-1.121853256000000076e+00	1.078438522999999982e+00	1.400216740999999931e+00	8.986967154999999652e-01	9.500032587000000195e-01	1.286412064000000077e+00	-3.514328600000000136e-01	5.392176079999999594e-01	-1.206415414000000075e+00	1.027896770999999987e+00	1.021911754000000006e+00	9.797513515000000339e-01	6.618640067000000071e-01	-9.310903213000000234e-01	1.032056057999999998e+00	-1.289752822999999937e+00	3.829338219000000265e-01	1.293524976000000049e+00	1.696395088000000051e-01	-2.229747340999999883e-01	-1.194018148999999918e+00	4.793523140000000016e-01	8.035862919999999798e-01	-2.310791035999999909e+00	-1.461564859000000105e+00	-1.218805839000000057e+00	-1.083433453999999907e+00	-1.845973335999999909e+00	1.352437572000000088e-01	-7.378410628999999554e-01	8.901530650000000211e-02	-4.726483766000000308e-02	9.321960385999999987e-01	-1.145858033000000109e+00	6.924741667999999573e-01	-1.384789827000000084e+00	-1.506116656999999970e+00	2.397033521999999972e-01	-1.702665288999999915e-01	3.414884484999999859e-01	-1.271705848000000083e+00	-1.053567542999999940e-01	2.051486136000000016e-01	-9.980596170000000100e-01	2.101506693000000148e+00	-1.144753944000000079e+00	5.856723450999999914e-01	4.720643246999999820e-01	1.889303781999999987e-01	-6.253662736999999749e-01	1.901090767999999986e+00	-7.748240891000000019e-01	-6.229386015000000221e-01	1.277383096999999967e+00	1.240440980000000026e+00	1.186123108999999953e+00	-6.578744623000000180e-01	4.743161994999999798e-01	-1.788465697999999993e+00	8.722169843999999506e-01	1.772949209999999942e-01	1.434817512000000073e-02	1.967317992000000015e-01	-1.025374478999999894e+00	-2.618957255000000206e+00
-5.433575916999999755e-01	-1.164750157999999924e+00	1.014900297000000062e+00	1.505473429000000030e+00	9.557795900000000122e-01	1.113253886000000081e+00	1.313872230999999946e+00	-4.418108707999999774e-01	5.800342091000000311e-01	-4.106430075999999985e-01	9.536598684999999520e-01	1.524126380000000003e+00	1.013662674000000097e+00	8.036983832999999855e-01	-6.033988420000000463e-01	1.247140820999999899e+00	-8.084164561000000138e-01	5.863827424999999982e-01	1.138523642000000002e+00	2.585475450999999980e-01	6.235546016999999885e-01	-1.775774155999999993e+00	1.055743162999999984e-01	8.399672330999999881e-01	-2.310635909999999793e+00	-1.498604684000000020e+00	-1.018581972000000002e+00	-1.577515553000000015e+00	-1.975498792000000003e+00	4.327371857999999794e-01	-2.000644190999999877e-02	7.337920440999999572e-02	-7.251634354999999532e-01	1.054454814999999934e+00	-1.590341189000000099e+00	8.487115723999999473e-01	-1.177604593000000088e+00	-1.638597392999999958e+00	-5.404191871000000313e-01	1.359886432999999895e-01	9.161582929999999569e-01	-8.077982277999999905e-01	-1.836437418000000044e+00	-1.879917890000000133e-02	-5.583526178000000062e-01	2.701232800000000100e+00	-5.180215433999999508e-01	1.295295161999999944e+00	5.959545080000000494e-01	2.529358247999999865e+00	-3.762512492000000264e-01	1.267125513999999953e+00	-3.855770954000000139e-01	5.675355041999999989e-02	7.652839840999999810e-01	-3.674352302000000181e-01	1.348617053999999982e+00	-1.911713734999999970e+00	-2.798374834999999838e-01	-9.408350482999999764e-01	-7.580243569000000292e-01	-5.899720146000000387e-01	-7.866723959999999405e-02	3.288478762000000000e-01	-4.023919094000000252e-01	-1.790417104999999953e+00
-4.935821873999999831e-01	-1.125109807999999934e+00	9.395347309999999563e-01	1.543030536000000064e+00	1.006129571000000000e+00	1.054866512999999895e+00	1.348603994000000084e+00	-4.875797860000000150e-01	4.563992264999999771e-01	-1.345100694999999957e+00	9.458389293000000198e-01	1.604947136000000052e+00	8.768290538999999884e-01	8.366254454999999535e-01	-3.240197865000000177e-01	1.393814408999999976e+00	3.069850301000000004e-01	4.536740132000000036e-01	1.018216365000000012e+00	-2.376244842000000135e-01	2.661678896999999933e-01	-1.164563062000000038e+00	6.345178399999999719e-02	7.955782996000000384e-01	-2.206865848000000074e+00	-1.513510358000000000e+00	-1.201020208999999950e+00	-1.412899206000000074e+00	-1.437822383000000093e+00	6.111668808000000341e-01	8.625467141999999532e-01	-3.563126700000000032e-03	-1.273647439999999964e+00	1.100552549000000102e+00	-1.512246873000000047e+00	1.245184805999999922e+00	-1.092476940999999924e+00	-1.320769169999999937e+00	-6.485261669999999867e-01	1.857524761000000080e-01	4.358115423000000210e-01	-8.138610446999999803e-01	1.160566197000000022e-01	-1.527998678999999971e-01	-4.052840569000000226e-01	2.412232159999999848e+00	-1.008299017999999991e+00	1.250535748999999974e+00	4.610116394000000062e-01	2.515256531999999767e-01	-2.131153591000000125e-01	5.676344508999999761e-01	8.101252172999999779e-01	1.266042528999999917e+00	-1.072367532000000068e-01	4.530304647999999768e-01	1.479867591000000093e+00	-1.145599492000000108e+00	-1.101552818000000045e+00	-8.615225544000000291e-01	3.607510268999999936e-01	-4.163997367000000227e-01	-6.262965393999999630e-01	1.741650177999999882e-01	-6.378463250999999445e-01	-1.566848612999999890e+00
-5.029997322999999465e-01	-1.118184333000000086e+00	1.103662562000000014e+00	1.489328537000000008e+00	8.642927253000000087e-01	1.145827216999999898e+00	1.263784247000000027e+00	-6.909040177999999921e-01	5.925940033000000051e-01	-1.188327577999999995e+00	9.366936715000000468e-01	1.241700330000000019e+00	2.290759766999999947e+00	9.204224122999999924e-01	-4.989575775000000268e-01	1.342574265000000100e+00	1.273753654000000068e+00	-2.002387878999999926e-01	8.042355538000000026e-01	-3.750745720999999755e-02	4.382546896999999775e-01	-4.755156115999999988e-01	-9.897780244999999921e-02	8.591368340999999687e-01	-2.030836485000000025e+00	-1.521467574000000100e+00	-9.260728886000000326e-01	-1.016468970000000027e+00	-1.631183175999999957e+00	1.228553561000000016e+00	4.106320217000000161e-01	-6.021776130999999949e-02	-9.630761897999999821e-01	1.634257644000000065e+00	-1.654027077999999928e+00	5.348737606000000255e-01	-4.222519791000000078e-01	-6.872938278000000345e-01	-8.161228643000000282e-01	2.345048981999999990e-02	5.438752189000000126e-01	-1.238828593000000033e+00	1.002233919000000001e-01	5.813346211000000041e-01	-1.646904420000000036e+00	2.049836298999999862e+00	-8.857880934999999845e-01	1.405468348000000089e+00	-1.253896177999999972e+00	2.635518364000000169e-01	1.528847384000000087e+00	6.100298883000000449e-01	-8.574076623999999924e-01	-5.253414227999999575e-01	5.415612222000000253e-01	6.263040358999999446e-01	1.614860176000000092e+00	-1.362698764999999979e-01	-1.197763777999999890e+00	-4.532426011999999838e-01	-5.138427863000000206e-01	2.161801755999999963e-01	2.028757155000000117e-02	2.084791193999999959e-01	-1.356690879000000072e+00	-1.066801370999999943e+00
-5.823554975000000411e-01	-1.216086441000000073e+00	1.027620275999999944e+00	1.488210546999999995e+00	8.453311783000000412e-01	1.094208698999999951e+00	1.209070528999999894e+00	-1.006038366999999933e+00	4.894851959000000030e-01	-1.346472228999999965e+00	9.680076778999999743e-01	5.432262102999999565e-01	8.269710367000000506e-01	1.040656365000000028e+00	-1.994709989000000017e-02	1.167241111000000053e+00	1.617951212999999999e+00	-8.706080340999999834e-01	1.121970874999999923e+00	-6.504554996000000422e-01	7.091961210999999654e-01	5.932250760999999706e-01	-1.073431881000000004e-01	9.844764270000000428e-01	-1.547085126999999893e+00	-1.330206344000000040e+00	-7.484426770000000007e-01	-2.012838615000000164e+00	-1.171223198000000076e+00	1.054670997999999971e+00	-5.019604873999999883e-01	2.446920174000000170e-02	-9.207501994000000245e-01	1.741793380999999918e+00	-1.324192832000000042e+00	8.263145138999999917e-01	-4.071593681999999825e-01	-7.139876497999999572e-01	-1.067614784000000094e+00	5.846037294999999467e-01	1.061043678000000101e+00	1.332881646999999892e-01	-2.323933468999999918e-01	1.075743346000000100e+00	-1.293714173999999995e+00	1.598903033999999890e+00	-4.332298555999999912e-01	-5.888347623999999891e-01	-1.223212457999999891e+00	5.495602907000000092e-01	1.444555867999999910e+00	-9.362134113000000202e-01	7.161705476000000681e-02	5.198521045999999757e-01	3.360216979999999798e-01	7.002512856000000507e-01	1.932477376000000024e+00	-1.342545520999999908e+00	-1.293026255000000013e+00	2.102194454999999795e+00	-3.640516415999999755e-01	-1.122876919000000084e+00	5.213946618000000477e-01	9.618569344999999826e-01	7.895740910000000057e-02	3.217840249999999735e-01
-4.569995875000000263e-01	-1.140651666999999980e+00	9.786194718999999820e-01	1.437705761999999998e+00	1.038822694999999907e+00	1.006390488000000083e+00	1.311966736000000022e+00	-9.785676269999999954e-01	3.917793166999999910e-01	-8.071323834000000419e-01	1.392009352000000089e+00	-4.224717062999999717e-02	1.075436245999999985e+00	1.029050178000000093e+00	7.579753760999999312e-02	1.375810973999999964e+00	8.890818506000000010e-01	-1.413186092999999977e+00	9.098655401999999892e-01	-1.105603091000000093e+00	4.389797588000000084e-01	3.739627924000000214e-01	-2.067573326000000100e-01	1.048128826999999985e+00	-1.127233474999999929e+00	-1.060322173000000090e+00	-6.601976671000000518e-01	-1.678580839999999963e+00	-1.121563601000000077e+00	8.959639044999999635e-01	4.825096528000000218e-01	2.130278512999999874e-01	-8.103155847000000078e-02	2.242797268999999982e+00	-9.866264893999999730e-01	3.988274102000000099e-01	-5.598785102000000125e-01	-6.548523816000000330e-01	-1.140792580000000056e+00	4.717096820000000190e-01	8.709927268999999583e-01	-1.595381254999999887e-01	7.962512228000000192e-02	1.011866023000000059e+00	1.967508799000000086e-01	1.078947609000000085e+00	-1.284645824000000047e+00	9.085575959999999673e-01	-9.166605007000000471e-01	-9.419457019000000431e-01	-7.970664137999999843e-01	-1.027054774000000004e+00	-8.173822347000000432e-01	-6.796639508999999801e-01	5.908247139000000203e-01	1.457952211999999914e+00	1.837545516999999906e+00	2.013452789999999881e-01	-9.826385426000000534e-01	-7.771324456000000547e-01	-9.193425285999999863e-01	5.597012985000000135e-02	-1.413448409999999988e+00	1.112958858000000051e+00	-6.892103990000000291e-01	-2.381914847999999918e-01
-4.398661138000000137e-01	-1.109984579000000027e+00	1.165314336000000006e+00	1.454041287999999987e+00	9.090936321999999459e-01	1.273319180999999967e+00	1.397178209000000004e+00	-9.581943901999999680e-01	5.487941012999999479e-01	-8.762337193000000468e-01	1.703916793000000096e+00	-8.548614359999999746e-01	9.872113978000000012e-01	9.696312424999999902e-01	-9.975569525999999909e-02	1.559620353999999987e+00	-5.269125403000000096e-01	-1.409092875000000022e+00	9.711901219999999890e-01	-1.012951785000000049e+00	1.257703014999999869e-01	-8.672035430000000211e-01	1.868344311000000035e-01	1.263123395000000038e+00	-7.375492436999999679e-01	-6.610841089000000226e-01	-5.082520247999999796e-01	-7.569152661000000393e-01	-1.303887752000000066e+00	1.219346373999999900e+00	2.208064704000000100e-01	4.703879752999999830e-01	2.632318895999999908e-01	2.702313016999999817e+00	-9.935479766999999462e-01	-1.687829369999999940e-01	-8.488974629000000105e-01	-8.039345709999999867e-01	-7.785315766999999498e-01	8.731517474000000112e-01	9.933774130000000424e-01	-1.870717510999999889e-01	2.139097376999999911e-01	7.039181868999999647e-01	-5.915325914000000296e-01	9.475586505999999964e-01	-4.286477331999999918e-01	1.550533955999999991e+00	-9.652845487000000224e-01	-1.495074557999999998e+00	-7.454729434000000321e-01	-5.360471405000000189e-01	-8.545695852000000370e-01	-4.836536902999999943e-01	1.000190118999999989e+00	-3.720898925000000190e-01	1.790878506999999953e+00	-9.802389800999999903e-02	-6.024919235000000262e-01	8.150355194000000192e-02	1.139220692999999951e+00	5.913737584999999575e-01	-5.875605490999999958e-01	9.204460174999999911e-01	-9.164877873000000230e-01	-6.319305793999999699e-01
-5.338938563999999776e-01	-1.205235411999999950e+00	1.011218466999999954e+00	1.436018075000000005e+00	9.408411558000000507e-01	1.219474276999999995e+00	1.433678164000000033e+00	-9.170722126999999446e-01	4.875478159000000145e-01	-1.034087548000000023e+00	1.612767961000000083e+00	-1.291965387999999937e+00	1.047668011000000066e+00	1.034543318000000101e+00	1.278047065000000038e-01	1.686572116000000010e+00	-7.134392694000000201e-01	-8.678255665999999868e-01	1.248828411000000083e+00	-1.398873508000000099e+00	1.124732206000000068e-01	-6.473281234000000106e-01	2.278784207000000006e-01	1.157801078999999955e+00	-8.867551392000000421e-01	-3.830613276000000011e-01	-6.238726542000000430e-01	-1.464024081000000033e+00	-1.433537169000000056e+00	1.138546673000000009e+00	6.730720201000000014e-01	5.883770904999999773e-01	6.764784461999999721e-01	2.147873024999999991e+00	-6.389794273000000135e-01	3.115285635000000219e-01	-1.218351100000000020e+00	-6.749757465000000289e-01	-6.128244577000000470e-01	1.148156661000000023e+00	9.727853018000000018e-01	2.331715042999999918e-02	-9.466655520000000212e-01	3.752617289999999883e-01	-3.968705108000000203e-01	6.095982813000000444e-01	1.066071546000000037e-01	3.944721198999999734e-01	-7.710774667999999998e-01	-6.368779747999999685e-01	-5.374463501999999782e-01	-1.780983319999999981e-01	-1.657590751000000084e+00	-3.259218569999999815e-02	1.383695488999999945e+00	1.148388001999999908e+00	1.573405324999999966e+00	-1.234472452999999970e+00	-1.123230672000000041e+00	2.009831894999999924e-01	2.351426266999999903e+00	-1.429536166999999969e+00	-2.018283310000000164e+00	1.172080505000000050e+00	-7.018212759999999939e-01	-2.825585405000000105e-01
-4.722763850999999735e-01	-1.144086042999999941e+00	9.667383322000000501e-01	1.506111833999999927e+00	9.617698175000000127e-01	1.323351764999999958e+00	1.492922201000000060e+00	-7.392290078000000042e-01	3.818562728000000073e-01	-8.032091944999999455e-01	1.802260195999999981e+00	-1.457845558000000041e+00	1.041730583999999959e+00	1.063862067000000078e+00	-1.763920448999999890e-01	1.596028431999999997e+00	-8.595721822999999873e-01	-3.494420910999999907e-02	1.059470404000000032e+00	-1.490945651999999955e+00	-8.332178597999999325e-02	-8.139116433999999956e-01	4.288440054000000057e-01	1.139413036000000101e+00	-1.208085590000000042e+00	-4.585342454999999928e-01	-1.007310222999999949e+00	-1.547719741000000093e+00	-1.029732786999999927e+00	1.047395736999999993e+00	5.424374996999999921e-01	3.092861547999999905e-01	1.084412590999999981e+00	2.204737848000000167e+00	-8.758110579000000229e-01	3.498652534999999869e-02	-1.318085057000000004e+00	-8.136798914999999743e-01	-7.631388881999999763e-01	8.975945508999999545e-01	5.639510249000000419e-01	-6.737906367999999535e-01	-3.679803891000000271e-01	5.871681657999999748e-02	-9.376262095999999824e-01	-1.062646540000000001e-02	-6.891493397000000298e-01	-2.403181789999999929e-01	1.069126187000000033e-01	-9.001238632000000406e-01	-4.754359041999999813e-01	3.043758561000000085e-01	-1.149821929000000020e+00	4.631264186999999727e-02	1.153293584999999899e+00	3.488249059999999884e-03	1.120658482000000067e+00	-7.475269174999999988e-01	-9.129758963999999866e-01	-1.566853027000000065e+00	2.239882812999999917e+00	1.286127908999999958e+00	-1.887433123999999962e+00	1.826430964000000046e+00	-1.258931102000000024e+00	-1.177835256000000053e+00
-5.162028052999999561e-01	-1.138994979000000018e+00	1.093923508000000044e+00	1.443099778999999971e+00	8.195123884999999664e-01	1.326898813999999982e+00	1.416395182000000030e+00	-7.681252092000000475e-01	3.583124704000000271e-01	-6.204485285999999933e-01	1.529765827000000078e+00	-1.390057840999999961e+00	9.247776420000000108e-01	9.148434833999999904e-01	-2.983918557999999943e-01	1.493490524999999902e+00	-1.291974175000000002e+00	5.511728483000000178e-01	1.017976377999999960e+00	-1.332939998999999931e+00	1.693309231000000026e-01	-1.127202744000000090e+00	5.106084805999999698e-01	1.033500534000000082e+00	-1.403452909000000082e+00	-4.939734055000000179e-01	-8.328640482000000400e-01	-1.141301777000000017e+00	-1.208083027999999892e+00	7.220811672000000403e-01	6.013589526000000518e-01	3.199358476999999978e-01	8.524596403999999961e-01	2.018497194000000050e+00	-1.579437074000000107e+00	-3.668942495000000054e-02	-9.115283293000000508e-01	-7.908447565999999762e-01	-7.874733669000000269e-01	6.837874962000000112e-01	2.845261065999999950e-01	-1.012500916000000029e+00	-4.420683574000000005e-01	3.187121199999999877e-01	-1.422430027000000097e+00	-4.087742195999999884e-01	-9.987379082999999769e-01	4.783379610999999865e-01	-1.484176406999999920e-01	-3.921276582000000066e-01	-4.483916589999999980e-01	6.247074417000000324e-01	-9.820442479000000002e-01	-2.368017369000000039e-01	7.613840260999999998e-01	1.478098533000000048e+00	8.838255657000000376e-01	-7.432097740999999980e-01	-1.840104748999999984e+00	-1.576369616000000029e+00	1.756122321000000097e+00	2.066041175000000063e+00	-7.584768549999999498e-01	8.868852888999999573e-01	-7.588461495999999640e-01	-1.812214235999999978e+00
-5.917905700000000158e-01	-1.218237784999999906e+00	1.010792901000000077e+00	1.419604330999999942e+00	8.611257615999999837e-01	1.312982687999999953e+00	1.352985633999999937e+00	-9.493981329999999774e-01	4.835999970000000037e-01	-1.076428745999999936e+00	1.452550548000000052e+00	-1.268020338999999996e+00	9.874759868000000385e-01	9.702454570999999861e-01	3.336760606999999990e-02	1.104695739999999926e+00	-1.514940420999999926e+00	6.253429205999999629e-01	1.181685738000000097e+00	-1.435524183000000065e+00	6.435130659000000142e-01	-1.339577014000000066e+00	4.693516669000000197e-01	8.419587699999999675e-01	-1.763714385999999967e+00	-5.344248552000000485e-01	-8.876137521000000419e-01	-1.571024600000000104e+00	-1.340390536999999993e+00	2.261534396999999863e-01	5.302894268000000189e-01	3.345181772999999970e-01	1.120519293999999944e+00	1.641160050000000092e+00	-1.541283841999999904e+00	3.780020794999999767e-01	-7.493848450000000216e-01	-1.191015613999999889e+00	-1.210531269999999937e+00	7.013304849000000507e-01	4.865324270999999978e-01	-1.720568533999999872e-01	-1.196113822999999909e+00	4.008103169000000188e-01	-1.353473476000000009e+00	-4.961619643999999885e-01	-9.727044806000000321e-01	7.920552946999999400e-02	1.580687229999999943e-01	2.149318655999999939e-01	-4.751226906000000083e-01	4.716819582999999816e-01	-7.451999999999999735e-01	1.007539122999999981e-01	8.016298746000000142e-01	6.748790144999999852e-01	6.034357276999999797e-01	-1.893055203999999936e+00	-1.524036367999999975e+00	-5.430213098999999710e-01	7.424773815999999860e-01	1.646357995000000018e+00	-2.447333982000000074e-01	3.619567615000000155e-02	-3.745738285999999917e-01	-1.102608824000000043e+00
-6.158002822999999459e-01	-1.223324555000000036e+00	9.010437680999999754e-01	1.472010741999999928e+00	1.014022111999999920e+00	1.113779065999999984e+00	1.361967190999999966e+00	-9.953572381999999941e-01	3.032772166000000102e-01	-6.199727180999999865e-01	1.159431899999999960e+00	-9.241470751999999456e-01	8.612256174000000319e-01	9.937250721000000508e-01	1.894695319999999961e-01	8.373757727999999734e-01	-1.461171833999999947e+00	7.848158214999999549e-01	1.100589202000000100e+00	-1.562868450000000076e+00	6.535360252999999897e-01	-1.346689942999999889e+00	4.222672900000000173e-01	8.358552452999999938e-01	-1.719723875999999985e+00	-5.884056397000000382e-01	-1.068228269000000008e+00	-1.561666570999999948e+00	-1.233281829999999912e+00	-2.735414152999999793e-01	4.038723838000000121e-01	8.925945353000000471e-02	9.270158175999999584e-01	1.398290986999999985e+00	-1.762293289999999901e+00	5.838939373000000543e-01	-6.702711825999999595e-01	-9.484115708000000478e-01	-1.592654267999999984e+00	3.042156399000000011e-01	8.325392390000000420e-01	-6.571887408000000041e-01	-3.316403710999999976e-01	4.130688095000000226e-01	-1.018950411000000056e+00	-6.228944565999999794e-01	-1.360807804000000010e+00	1.431014830000000071e+00	4.016841675999999750e-01	-8.787562165000000203e-01	-8.129037136000000219e-01	1.722449697999999918e+00	-5.609210420000000363e-01	3.581424953999999827e-01	7.804134050000000045e-01	3.000251801000000107e-01	2.304660279999999895e-01	-1.842793990999999965e+00	-2.078522400999999853e+00	-2.157226139000000043e+00	-1.981342856999999957e-01	-4.477237323000000102e-01	-7.666431352000000476e-01	2.761920460999999771e-01	4.762897146000000248e-02	-8.102973763999999912e-01
-5.706200945999999607e-01	-1.199851701000000048e+00	1.014135704000000082e+00	1.513538376000000074e+00	8.443818213999999545e-01	1.112320380999999969e+00	1.268057428999999958e+00	-8.669920357000000521e-01	3.761063389000000035e-01	-1.401239284999999946e+00	1.053596784000000008e+00	1.230583616999999935e-01	8.423247571999999961e-01	1.018943735999999989e+00	-3.836414215999999766e-01	5.789259854999999622e-01	-1.653232805000000027e+00	8.671886322999999841e-01	1.172285650000000068e+00	-1.398486727999999957e+00	2.026193048000000108e-01	-1.263979925999999976e+00	6.532071685000000461e-01	7.545986076999999792e-01	-1.464140701000000044e+00	-6.575771456000000237e-01	-1.064991317000000048e+00	-6.850890172000000389e-01	-1.005798565999999949e+00	-1.657568009000000009e-01	-1.708598436000000054e-01	4.652129832000000131e-02	8.657280782999999813e-01	1.577624893999999944e+00	-1.798564113999999936e+00	8.807184416000000127e-01	-4.199418718999999856e-01	-5.620532617000000286e-01	-1.482919421999999932e+00	-1.105220715999999936e-01	1.242817816999999936e+00	-6.638944129999999610e-01	1.302953274999999911e+00	1.162685694000000103e+00	-2.096600281999999815e+00	-3.235655391999999742e-01	-8.104571699000000518e-01	1.231688389999999966e+00	2.909198708999999883e-01	-1.519553405999999995e+00	-1.120306969999999902e+00	2.213839867999999989e+00	-1.768128660000000130e-01	-3.706346246000000177e-01	1.150177135999999933e+00	6.402419770999999704e-01	1.318150767000000056e-01	-1.014905281999999964e+00	-1.423022613999999963e+00	-1.732615185000000002e+00	9.590937861999999647e-01	-3.938966396999999953e-01	-1.472492756000000069e-01	7.540308419000000262e-01	4.536284331999999864e-02	-9.326589976000000393e-01
-6.418248981999999936e-01	-1.232477953000000070e+00	1.000583331999999936e+00	1.562420665000000097e+00	1.063668153999999921e+00	1.055348726000000070e+00	1.273765237000000106e+00	-8.454363598999999896e-01	5.059695752999999740e-01	-6.544772044000000122e-01	1.024048794000000040e+00	1.188725035000000041e+00	1.016303874000000107e+00	1.061504267999999973e+00	-3.232002453000000219e-01	1.881421863000000139e-01	-1.175680945000000088e+00	6.102200316000000457e-01	1.675004828999999917e+00	-1.221060913999999942e+00	8.830480593999999739e-01	-1.951198803999999898e+00	5.915022496999999824e-01	7.037555889000000064e-01	-1.612711384000000026e+00	-5.623266392000000335e-01	-9.044546848000000194e-01	-1.628210563999999971e+00	-1.071025939000000093e+00	-6.148106413999999686e-01	4.008513553999999979e-01	5.356920605999999641e-01	3.589612502999999788e-01	1.106037793999999908e+00	-1.576540363999999972e+00	1.072925469999999937e+00	-4.564813436000000196e-02	-6.315536402000000438e-01	-1.387398217000000100e+00	-9.187430600999999669e-03	1.652321128000000083e+00	2.467119722999999987e-01	-1.520136477000000097e+00	1.100736992999999941e+00	-2.069732017000000202e+00	-4.305780902999999937e-01	-4.259436860000000158e-02	8.879984372000000459e-01	6.838860933000000530e-01	8.321196090000000378e-01	-9.581029362999999854e-01	1.771965717000000051e+00	5.985338907999999958e-02	-1.436412671000000030e+00	1.296507263000000076e+00	1.722685539999999904e-01	1.925624405999999955e-01	-2.344490334000000065e+00	-1.522831419999999936e+00	-1.260247093000000040e+00	2.057023456000000028e-01	-1.223905454999999920e+00	-3.881977207000000263e-01	3.006444990999999900e-02	1.015232224000000016e+00	-2.405459027000000083e-01
-5.349651048000000353e-01	-1.166427134999999948e+00	9.804996496000000228e-01	1.637264429000000021e+00	1.085948866000000068e+00	1.160364256000000038e+00	1.285780833000000012e+00	-9.504609816000000322e-01	4.210155022000000025e-01	-1.452151592000000102e+00	1.288450365999999958e+00	1.348039854999999898e+00	9.606985359999999918e-01	1.162116273999999949e+00	-5.816283382000000252e-02	1.495044846999999955e-01	4.222480093000000045e-01	7.037661422999999528e-02	1.819018173999999988e+00	-1.212343219000000083e+00	7.286022433000000076e-01	-1.484362613000000053e+00	9.027975260999999696e-01	9.214087359999999505e-01	-1.520422012999999906e+00	-7.250547171000000235e-01	-1.067870199999999992e+00	-9.641872313999999555e-01	-8.848042578999999463e-01	-5.693601265000000078e-01	1.069981054999999959e+00	7.260391634999999733e-01	-8.146057165000000211e-01	1.307259092000000011e+00	-7.501920999000000201e-01	1.339575975000000030e+00	3.140516173999999966e-02	-3.675490277999999833e-01	-7.984801686000000398e-01	4.502177473000000263e-01	1.798959125999999964e+00	6.880247103000000086e-01	-5.236355748000000032e-01	1.343641453000000041e+00	-1.146913459999999940e+00	-1.474423018999999890e-01	1.602619818999999890e-01	1.205281931000000029e+00	4.355490115999999801e-01	-3.617826720999999801e-01	-4.477723667999999879e-01	1.685369976000000047e+00	3.465630000000000099e-01	-1.152340372000000002e-01	3.595618644999999947e-01	2.870876063000000200e-01	3.672423767999999922e-01	-1.777878443000000086e+00	-1.836265186999999965e+00	-2.601498208000000201e+00	2.506494665999999816e-01	-6.976936611999999538e-02	-1.155326259000000015e-02	4.830442656000000223e-01	9.911329956000000108e-01	5.696091605999999835e-02
-5.704224449999999447e-01	-1.180044840999999955e+00	1.114395905999999936e+00	1.571996890999999952e+00	9.189675977000000273e-01	1.363764806999999912e+00	1.170572804999999939e+00	-9.935893059999999499e-01	6.298888064000000009e-01	-9.448207977000000479e-01	1.223624738000000045e+00	9.642408156999999758e-01	2.399434735999999901e+00	1.221443320999999971e+00	-3.338865055999999942e-01	3.050610777000000162e-01	1.124434858999999953e+00	-5.511472900999999647e-01	1.714308713999999956e+00	-5.258901597999999789e-01	6.967803887000000307e-01	-1.819107205999999921e-01	1.080450058999999907e+00	1.026603723000000024e+00	-1.368255097000000031e+00	-1.049230247999999976e+00	-8.267785064999999545e-01	-4.648095862000000134e-01	-9.627504477999999644e-01	-2.619464871000000139e-01	1.297831674000000102e-01	1.174088062000000043e+00	-6.905891156000000253e-01	1.653088316999999918e+00	-5.195281615000000297e-01	1.041311335000000060e+00	3.664611540999999917e-02	1.164864718999999993e-01	-1.179340960999999965e-02	4.889185554000000100e-01	1.551570078999999991e+00	4.139976156999999879e-01	6.135819531000000215e-02	1.623878136999999944e+00	-1.905692641999999992e+00	1.356015123000000044e-01	2.256257492000000031e-01	1.247373647000000085e+00	-2.675050864999999889e-01	-9.815162752999999629e-01	6.451514054000000442e-01	5.981793895000000472e-01	-1.267959223000000024e-01	-1.124860210000000027e+00	-3.279209791000000096e-01	1.447408067000000020e+00	7.640420541000000343e-01	-2.996117514000000148e-01	-2.029402302999999907e+00	-4.794431167999999716e-02	3.399922973999999765e-01	-2.833558673000000083e-01	4.911105159999999970e-01	2.573831803000000140e-01	4.404039035999999796e-01	1.242023275000000010e-01
-6.358290145999999643e-01	-1.236862879000000026e+00	1.119972535999999907e+00	1.594384124999999930e+00	1.036195973000000103e+00	1.242131121999999976e+00	1.257289590000000068e+00	-1.200470126999999998e+00	7.736279901999999487e-01	-9.378507041000000433e-01	1.298029434999999898e+00	5.344136381999999852e-01	8.120511429000000225e-01	1.527029055999999940e+00	2.422541575999999919e-01	5.839877937999999880e-01	1.395421956000000074e+00	-1.186267699000000064e+00	1.586012648999999941e+00	-4.903114767999999790e-01	9.792415428999999838e-01	5.878837322000000087e-01	8.633476036999999659e-01	1.145730208000000028e+00	-1.209154550999999911e+00	-1.077883181000000024e+00	-1.943266992999999887e-01	-1.443645483000000063e+00	-9.782317281000000309e-01	-1.834848334999999997e-01	6.506932302000000279e-01	1.502832938000000063e+00	-7.159337697000000000e-01	1.511371881000000084e+00	-2.858976150000000147e-02	1.220022104000000107e+00	-1.203608594000000059e-01	-4.453365537999999790e-01	6.334824332999999807e-02	1.127020799000000073e+00	1.861307778000000024e+00	1.457246939000000019e+00	-4.862291073000000186e-01	1.582697566000000000e+00	-7.403482868999999855e-01	5.513868684999999603e-01	4.365904997999999759e-01	4.130225056999999866e-01	-5.245281935000000173e-01	3.780875347000000053e-01	1.765181416999999975e+00	-4.551956112000000165e-01	-4.586728051999999778e-01	-1.373116298000000013e+00	7.888632042000000011e-01	7.554144605000000512e-01	1.678808526999999939e+00	-1.549669669000000027e+00	-1.870575050000000017e+00	1.723199597000000027e+00	-4.368227571000000142e-01	-1.282343167999999922e+00	2.465137359000000028e-01	7.588826653000000366e-01	5.393082652999999782e-01	8.827233167000000380e-01
-6.174925819000000038e-01	-1.223738462000000027e+00	1.037084797999999974e+00	1.562908418999999993e+00	1.164641044999999986e+00	1.246343450999999991e+00	1.354055374000000089e+00	-1.022477998999999915e+00	8.459957510000000180e-01	-6.523328109999999569e-01	1.416877342999999900e+00	-2.514528742999999969e-02	1.500338661000000018e+00	1.374552742000000105e+00	1.519041925000000071e-01	8.727199003000000177e-01	1.063270264000000020e+00	-1.373636322999999937e+00	1.004674113000000091e+00	-4.435269010999999817e-01	3.337865105999999749e-01	1.277048178000000034e+00	5.006838158999999955e-01	1.266028461999999966e+00	-8.246697188999999595e-01	-1.155510615000000074e+00	-2.668272020999999938e-01	-1.354630235999999988e+00	-8.566307441999999606e-01	1.676755899000000050e-01	1.118868106999999945e+00	1.159726429000000003e+00	1.651480461000000011e-01	2.104096533999999963e+00	5.627461356999999831e-01	9.964630045000000269e-01	-4.303450504999999926e-01	-6.421111436000000172e-02	2.321884237000000073e-01	1.092189368999999965e+00	1.461882882999999911e+00	8.427057808000000261e-01	3.935925140999999711e-03	1.130010321999999956e+00	2.634763284000000150e-01	7.280590072999999496e-01	-4.047055808000000199e-01	2.783905328999999873e-01	-3.412868126999999974e-01	-8.283205445000000333e-01	-2.013486123999999877e-01	-2.681222811999999789e-01	-8.012838447000000253e-01	-1.289118315000000070e+00	1.858966313000000037e-01	2.547293347000000097e+00	1.962803343999999894e+00	3.101429683999999964e-01	-1.706108430000000009e+00	-5.647929124999999662e-01	1.708217810000000059e-01	-5.202506615999999973e-01	-1.290242153999999974e+00	1.509354818000000042e+00	-5.869350817999999803e-01	-1.717066847000000007e-01
-6.409202048000000040e-01	-1.155298734000000049e+00	1.313076976999999923e+00	1.589666253999999945e+00	1.020304955000000069e+00	1.626846500000000084e+00	1.407372150000000044e+00	-1.071775651999999912e+00	1.139897166999999989e+00	-5.179673356999999756e-01	1.388108016999999972e+00	-6.863009115999999521e-01	1.230897785000000022e+00	1.380217239999999901e+00	1.741202701000000089e-02	1.284796204999999913e+00	2.355644104999999877e-01	-1.492057897000000022e+00	3.791393216999999760e-01	-3.709509357999999923e-01	3.624261430999999867e-01	6.888323011000000440e-01	4.601458714000000172e-01	1.559960819000000054e+00	-2.597439141999999812e-01	-8.909044691999999932e-01	-6.520327357999999851e-02	-1.360412203999999958e+00	-1.107883084000000018e+00	1.874007916000000051e-01	1.312348105000000098e+00	1.031686796000000017e+00	2.670032578000000045e-01	2.300323730000000122e+00	1.048300753000000057e-01	2.160268615000000003e-01	-3.709126273999999723e-01	-2.365102145999999905e-01	3.201239968999999852e-01	1.027220344999999924e+00	1.421710138999999984e+00	9.558028553999999843e-01	3.845518411000000136e-01	1.099784338999999944e+00	1.270548277000000115e-01	1.008337228999999891e+00	-6.081592073999999570e-01	5.811557576000000447e-01	-4.133667556999999770e-01	-9.875036833000000458e-02	-1.599357101000000059e+00	-6.674922339000000093e-01	-1.165123651000000038e+00	-1.071032532000000037e+00	3.222888204000000090e-01	-1.146458957999999945e-01	2.099511312000000185e+00	5.848532988999999988e-02	-1.132236381000000014e+00	9.399073322000000008e-01	1.678242608999999941e-01	1.773792948000000091e+00	5.993407950000000373e-01	1.673662662999999995e+00	-7.169181032000000453e-01	-6.466286541000000332e-01
-6.427890587000000266e-01	-1.174013592000000106e+00	1.081239142999999903e+00	1.603942903000000086e+00	1.194388682000000035e+00	1.280730592999999917e+00	1.533606682999999915e+00	-1.072711682000000000e+00	1.041937528999999918e+00	-9.272271931000000134e-01	1.231826314999999950e+00	-1.015361125999999947e+00	1.523930811000000052e+00	1.395693867999999949e+00	3.119284194999999982e-01	1.442461428000000101e+00	-1.472694509999999957e-01	-1.481172477000000098e+00	5.741954056000000417e-01	-7.328361696999999841e-01	2.049523434000000144e-02	1.840291323999999895e-01	8.832902817000000406e-02	1.524159832000000048e+00	-3.447229141999999871e-03	-6.384188267999999500e-01	6.419264438999999593e-03	-1.399047882999999937e+00	-1.252603716999999950e+00	-1.428866179999999930e-01	1.528870632000000063e+00	8.741867827000000535e-01	1.158582889999999921e+00	1.764927834999999945e+00	2.019246084999999913e-01	1.260194819999999882e-01	-5.968084631000000195e-01	-2.339336129000000042e-01	1.090318858000000057e-02	1.103179131999999951e+00	1.122071298000000050e+00	1.176277390000000089e+00	-5.099924200000000019e-01	5.679885284000000256e-01	6.811545321999999958e-01	6.067711004000000408e-01	-4.942455201000000020e-01	1.730933091000000035e+00	2.235898443999999874e-01	-1.272431158000000062e+00	-5.697208536000000212e-01	-9.446741338999999904e-01	-9.942674272000000535e-01	-5.068264869999999922e-01	9.478338414000000434e-01	2.799121046999999973e-01	2.213080283000000037e+00	-4.562270520000000218e-01	-6.019530211000000408e-01	1.091035978000000073e+00	1.316202045999999903e+00	-1.378819738000000017e+00	-9.580109334999999948e-01	2.004534075000000026e+00	-7.637929648000000293e-01	-1.932759983000000015e-01
-5.481349973000000375e-01	-1.130286085999999912e+00	1.152969928000000088e+00	1.631034257000000043e+00	1.119737038000000018e+00	1.466407787000000074e+00	1.545477234999999894e+00	-8.975120859999999867e-01	9.717657777999999524e-01	-5.123271985999999778e-01	1.242202060999999969e+00	-1.366382302000000104e+00	1.384433593000000018e+00	1.337209276000000058e+00	-1.662773667999999927e-01	1.614648840000000085e+00	-2.787405589999999989e-01	-3.572256510999999857e-01	6.136239404000000119e-01	-9.618838763000000514e-01	-1.404029844000000138e-01	-4.322461778000000199e-01	-7.822199902000000205e-02	1.576764456000000036e+00	1.943229818999999969e-01	-5.540083394000000494e-01	-3.942312923999999885e-01	-9.271265747000000390e-01	-1.337017209000000095e+00	4.356825671999999816e-01	1.109164481000000091e+00	9.971428153000000405e-01	1.468321820000000111e+00	1.880252615999999932e+00	-1.410710158000000047e-01	-2.362986297999999930e-01	-3.677916594999999789e-01	-3.748048764999999949e-01	-9.418542786000000389e-02	8.484222076999999862e-01	8.352972615000000545e-01	2.044868531000000045e-01	-1.011851142999999897e+00	1.373295955999999929e-01	1.414488482999999922e-02	7.529790338999999832e-01	-7.618688531999999736e-01	5.340657974000000419e-01	2.084883405000000078e-01	-9.996329327999999848e-01	-1.618820399999999901e-03	8.883946962000000003e-01	-6.247381344999999864e-02	-2.713396994999999964e-02	1.305248873000000032e+00	3.265708845999999999e-01	1.926105447999999942e+00	-1.574375893999999942e-01	-1.420836468999999935e+00	-1.066330482999999996e+00	1.691406678000000108e+00	9.126673558000000241e-01	-6.572957408999999807e-01	3.001196714000000210e+00	-1.034985508000000110e+00	-6.445621328999999733e-01
-6.973568573999999742e-01	-1.197735111000000074e+00	1.225661407000000036e+00	1.635709569000000085e+00	1.057404263000000011e+00	1.516787818000000065e+00	1.465585799000000078e+00	-9.650881605000000141e-01	9.952228835999999967e-01	-4.953791790000000028e-01	7.378387699999999771e-01	-1.133103937000000005e+00	1.243427717999999960e+00	1.217528485999999965e+00	-1.448164353999999987e-01	1.419090216999999932e+00	-1.418732703999999956e+00	1.001269243999999947e+00	1.027959360000000100e+00	-9.249894086000000071e-01	-1.652160648999999870e-01	-1.102412449000000016e+00	1.457434092000000070e-01	1.314762637000000067e+00	1.703996277000000004e-01	-7.626338134000000268e-01	-4.151605481999999792e-01	-1.235130462000000096e+00	-1.466789836000000014e+00	2.273975803000000129e-01	1.252790413999999908e+00	7.241994438000000089e-01	1.474624449000000004e+00	1.613816790000000001e+00	-8.378665995999999838e-01	1.822845100999999912e-01	-3.052422848999999938e-01	-6.712414830999999804e-01	-4.959929131999999963e-01	8.153452419000000173e-01	9.127758747999999978e-01	3.568507316999999790e-01	6.153550517000000442e-01	2.961450693000000078e-01	-4.035720613000000068e-01	6.534364068000000358e-01	5.126072080000000364e-01	6.237011690999999525e-01	1.153094126000000053e+00	-9.127053407999999868e-01	-6.787715716000000121e-01	1.287251665999999961e+00	-6.599844330999999897e-01	-2.543369327000000180e-01	4.541719503000000158e-01	8.806489521999999459e-01	1.837077199000000105e+00	-1.965884155999999994e+00	-1.873203347000000074e-01	5.200135539999999751e-02	7.554931608999999604e-01	-1.130137036000000011e-01	-9.105774557000000380e-01	1.851881394000000070e+00	-2.262221675999999959e-01	-9.318080249000000315e-01
-6.785757915000000251e-01	-1.220992693999999990e+00	9.771277049000000048e-01	1.648837864000000097e+00	1.255816059999999901e+00	1.364619170999999964e+00	1.499698266000000002e+00	-7.809716972000000368e-01	9.644284235000000205e-01	-3.458325815000000136e-01	7.592139597000000517e-01	8.856742535999999610e-01	1.028767443000000004e+00	1.345530764999999906e+00	-4.344226392000000159e-01	1.232499733999999902e+00	-1.112562730999999916e+00	1.131886855999999941e+00	1.231152562999999978e+00	-1.355364540999999923e+00	2.867354960999999869e-01	-4.756414412000000147e-01	4.010219369999999950e-01	1.274161048999999934e+00	-2.060401092999999961e-01	-1.060070008000000064e+00	-5.924676791999999859e-01	-1.610236269000000053e+00	-1.257809702999999946e+00	3.260384139999999986e-01	1.395225595000000096e+00	4.519051454999999939e-01	9.765051062999999809e-01	1.375125670000000078e+00	-7.294277770000000549e-01	5.111999213000000264e-01	-3.050998932999999802e-01	-7.578865509000000111e-01	-9.647960222999999447e-01	9.064372411000000129e-01	6.503924927999999994e-01	-9.146041531000000113e-02	-1.153576729999999939e+00	1.574253827000000050e-01	-1.005920863999999915e+00	6.438267025999999671e-01	-5.451568368999999692e-02	1.671619611999999977e+00	1.548879885999999928e+00	-4.582917746999999875e-01	-6.684557602999999792e-01	1.746106012999999901e+00	-4.777342963000000275e-01	-9.911501082000000462e-01	1.185514106000000067e+00	-1.184192251999999890e+00	1.712220893000000022e+00	-2.041061839999999794e+00	-1.411150544000000062e+00	-9.044080312000000177e-01	5.973027294999999626e-01	-9.855198487999999868e-01	-1.454871317999999913e+00	8.679212898999999481e-01	6.623684359000000521e-01	-1.233456515999999947e+00
-6.814853228999999679e-01	-1.165147995999999964e+00	1.303127954999999893e+00	1.693703160000000096e+00	9.840305964000000127e-01	1.416504568999999991e+00	1.383560534999999980e+00	-7.413779633999999508e-01	1.079060477999999934e+00	-1.395875827000000013e+00	8.460405438000000444e-01	1.300143653999999982e+00	1.327066652999999929e+00	1.039821724999999919e+00	-4.181246845000000101e-01	1.358974434000000064e+00	7.877872214000000151e-01	6.223823297999999671e-01	8.517867273000000461e-01	-1.237662596999999920e+00	1.180815248000000039e-02	-3.686875821000000220e-01	5.519079512000000243e-01	1.019021745000000090e+00	-2.669849189999999872e-01	-1.516234861999999906e+00	-5.850964206000000001e-01	-7.811337128999999990e-01	-8.225545214999999688e-01	7.260574014999999770e-01	2.141306476000000014e+00	7.126352406000000528e-01	1.993228089000000092e-01	1.966929992000000071e+00	-6.473533905999999671e-01	-1.698077645000000135e-01	-1.523492406999999924e-02	-2.903960445000000057e-01	-6.557440807000000094e-01	8.094841189000000492e-01	5.146290466999999813e-01	-1.740372833999999924e-01	-4.798552654000000084e-01	4.933225828999999729e-01	-1.589041477999999952e+00	8.884059106999999678e-01	7.418455532000000074e-01	1.010937125000000103e+00	3.235903239999999847e-01	-2.653599930000000162e-01	4.793685570999999812e-01	1.485115791999999990e+00	-3.588780076999999874e-02	-5.333427260999999975e-01	3.338407009000000092e-01	1.351094913999999925e+00	1.894840016999999932e+00	-1.337163612999999973e+00	-2.954469052999999956e+00	-1.769070774000000013e+00	1.009650970999999897e+00	3.564601659000000144e-01	-3.869476861999999739e-01	5.920281769999999888e-01	-5.206399349000000454e-01	-1.001173158000000063e+00
-7.590541562999999492e-01	-1.244236456999999962e+00	1.123304394999999900e+00	1.664383109000000083e+00	9.987088081999999645e-01	1.437298264999999908e+00	1.334900678999999979e+00	-1.000736185999999917e+00	1.029057968000000045e+00	-8.520871234000000349e-01	7.551727955000000492e-01	1.120316536999999890e+00	2.624893523999999978e+00	1.238278227999999981e+00	-1.338695608000000092e-01	1.382998898000000088e+00	1.387819110999999994e+00	-6.015651494000000092e-03	1.087909106999999986e+00	-1.674417467999999909e+00	3.792674864999999729e-01	-2.955459166000000137e-01	4.972535129999999803e-01	9.980900939000000305e-01	-2.035424379999999922e-01	-1.223619958000000008e+00	-1.389905736000000003e-01	-1.719323804000000067e+00	-6.742952414999999755e-01	2.544364531000000151e-01	1.021600488000000029e+00	8.163610615999999931e-01	8.409898642999999452e-02	1.673343267999999995e+00	-2.792406527999999888e-01	-7.141657215999999697e-02	-6.026931194000000325e-01	2.478418065999999850e-02	-4.828512892999999861e-01	1.136444514999999988e+00	1.046435293999999905e+00	5.772749335000000315e-01	-4.365563226999999991e-01	9.363590360000000334e-01	-1.475388557999999906e+00	9.716674826000000209e-01	1.096971482999999914e+00	2.816068179999999810e-01	-1.756845338999999950e-01	6.869540522000000538e-01	1.257896270000000039e+00	8.112887904000000427e-02	-9.226162660000000182e-01	-8.187616160999999781e-01	-2.621347875000000216e-01	-4.535524992000000144e-01	1.362351552000000021e+00	-1.504823682000000051e+00	-2.437630341000000200e+00	8.018637816999999446e-01	-1.070066627000000103e+00	-1.520751583000000018e+00	-7.361217052000000594e-02	3.779259508000000212e-01	5.116641766999999730e-01	1.843971561999999953e-01
-6.843713337000000285e-01	-1.251209312999999934e+00	1.068887861999999966e+00	1.735941932000000021e+00	1.132945387999999998e+00	1.272985833999999983e+00	1.390411534999999921e+00	-1.015713163999999891e+00	8.987806564000000442e-01	-6.052905150999999817e-01	8.449527855999999781e-01	4.151819312000000206e-01	8.936545921999999864e-01	1.137200546999999951e+00	-1.026026935000000015e-02	1.551932395999999992e+00	1.796883004999999978e+00	-9.044548863000000383e-01	9.514420209999999711e-01	-2.055889744999999991e+00	5.021868681000000167e-01	1.347659963999999988e+00	2.840818233000000012e-02	8.430214988999999992e-01	-1.787551809000000047e-01	-1.045317744000000104e+00	-2.605731400999999892e-02	-1.992543404999999934e+00	-3.795624804000000130e-01	3.843969736000000248e-01	7.554739128999999886e-01	9.803649944000000227e-01	3.906401533000000148e-01	1.575299486000000027e+00	-3.800830080000000000e-01	-3.003183992999999830e-01	-5.422618100999999635e-01	-1.245245026999999977e-01	-4.583573745999999782e-01	8.916936546000000519e-01	9.057277017999999513e-01	4.945760170999999872e-01	-2.821820745999999991e-01	8.734578429999999560e-01	-1.050351452999999990e+00	3.410989897999999743e-01	-3.070163278999999967e-01	6.885113885000000433e-01	-7.846717125000000070e-01	-1.203921382000000095e+00	1.897304973000000006e+00	-7.782779052999999614e-02	-2.487584835999999966e-01	-9.409322683999999937e-01	-3.464798884999999995e-01	4.191101172000000208e-01	1.361626307000000091e+00	-5.010926694999999764e-01	-3.072011717000000086e+00	-7.996048692000000402e-02	5.074584412999999516e-01	-4.478964777000000175e-01	-3.154800494999999982e-02	5.165569399999999645e-01	2.035164761000000100e-01	-4.010092353999999970e-01
-6.723496902000000164e-01	-1.196266790999999996e+00	1.258736069000000013e+00	1.624106145999999917e+00	1.029279072000000017e+00	1.337747503999999976e+00	1.375821498999999948e+00	-1.158133824999999950e+00	9.564490934999999583e-01	-5.484321448000000210e-01	1.066414887999999950e+00	-1.621317146000000042e-01	1.354325921999999904e+00	1.031258424000000007e+00	3.489569388000000189e-02	1.863364532000000073e+00	7.967983242999999716e-01	-1.381841502000000110e+00	8.618434364000000514e-01	-2.000679004000000205e+00	1.686022101999999981e-02	1.071080438999999940e+00	-8.641513502000000568e-02	9.658141172999999968e-01	-1.902121015999999887e-01	-7.203654740999999584e-01	8.565246879000000535e-02	-1.014270110000000003e+00	-6.890538239000000287e-01	6.031514739000000125e-01	1.360441483000000007e+00	7.236739499000000020e-01	7.115032130999999760e-01	1.663093595000000091e+00	-5.337408476999999651e-01	-4.508149652999999812e-01	-9.812569070000000115e-01	-5.598947303000000320e-01	-1.908111382999999883e-01	8.348913403000000066e-01	1.355227300999999995e+00	4.101767181000000040e-01	5.976888663999999629e-01	1.231652965999999960e+00	-6.288166559000000211e-01	1.494084391000000123e-01	2.238001058000000168e-02	1.114343405000000065e+00	-1.185951927999999933e+00	-1.860744372999999952e+00	-8.444296640999999770e-01	-3.146849882000000154e-01	-1.128368749999999920e+00	-1.140696775999999968e+00	3.091388901000000078e-01	2.102868604000000197e+00	1.556855813000000088e+00	3.208737763000000243e-01	-1.477166831999999985e+00	8.645751632000000519e-01	-3.300873937000000091e-01	3.963732339000000104e-01	-6.596384580999999914e-01	1.743265153000000067e+00	-2.796276247000000215e-01	7.936538262999999482e-02
-6.532684497999999840e-01	-1.216472436999999962e+00	1.138542143000000006e+00	1.642416182999999918e+00	1.080154663999999931e+00	1.299972421999999961e+00	1.436193078999999928e+00	-1.182193478000000075e+00	8.837305024999999592e-01	-9.534655934000000332e-01	1.166817723000000084e+00	-9.887949964000000147e-01	1.048933018999999911e+00	1.056721448000000008e+00	2.643532172999999985e-01	1.848853716999999897e+00	-1.378567286000000058e-01	-1.688988778999999996e+00	7.995891717999999981e-01	-2.365563746999999939e+00	7.596324858000000346e-02	-4.212021282999999783e-01	-6.371439956999999654e-02	1.214131493000000006e+00	-4.725150994999999798e-01	-3.356557519000000211e-01	-2.941573705000000150e-01	-1.927301463000000048e+00	-8.185615411000000119e-01	1.989886822999999971e-01	1.562230784999999900e+00	5.779975229999999575e-01	1.321850398999999898e+00	1.331046225999999999e+00	-3.127119230000000027e-01	-2.135752354999999880e-01	-9.597699543000000055e-01	-1.439988146999999996e+00	-3.801397783000000086e-01	4.676112260999999992e-01	1.797106617999999933e+00	3.390697636000000181e-01	-6.104290421000000411e-01	8.445593270000000263e-01	2.341249611000000008e-01	-1.738037826000000119e-01	-7.970399597999999752e-01	9.828301714999999605e-01	7.845143428999999669e-02	-1.800851647000000000e+00	-3.682365087000000203e-01	-5.730658399000000403e-01	-1.190555185000000016e+00	-9.382041792999999963e-01	1.800594269000000081e+00	-4.868902987000000016e-01	1.463281223000000075e+00	-1.372906570999999909e-01	-2.177008904000000022e+00	1.050244645000000032e+00	1.612590103000000052e+00	2.800402696000000025e-01	-2.593034111999999863e-02	7.904905897999999764e-01	-2.910714829000000115e-01	7.866645284000000071e-01
-6.251672845000000311e-01	-1.232240041999999924e+00	1.092658222000000068e+00	1.642805387999999978e+00	1.032719187000000094e+00	1.377177480999999926e+00	1.504337475999999896e+00	-9.284502891999999452e-01	7.704627742999999862e-01	-1.255428479000000042e-01	1.120140120000000072e+00	-1.302830719999999998e+00	1.478524783999999981e+00	1.098832129000000046e+00	9.742402933999999570e-02	1.719086230999999909e+00	-6.324700094999999855e-01	5.991602250999999990e-02	7.334219569000000050e-01	-2.244115239000000095e+00	-5.686216833999999665e-01	-4.111925096999999862e-01	-1.807562806999999999e-03	1.252290632000000015e+00	-5.777122482000000003e-01	-8.293633340000000631e-02	-6.984439746999999699e-01	-1.207746310999999961e+00	-8.472638450999999682e-01	2.074506985000000026e-01	8.395593635000000443e-01	1.614105915999999863e-01	1.196387419999999979e+00	1.093104698000000097e+00	-6.615166277999999789e-01	3.997992535000000069e-01	-1.064697972000000048e+00	-1.361088462000000110e+00	-1.320347632999999965e-01	1.555758600000000103e-01	2.104057878999999964e+00	-3.289840625000000074e-01	5.987408912999999666e-01	3.580590225999999987e-01	-8.751679525000000126e-01	-8.206018738999999729e-02	-7.027534048000000366e-01	8.916198251000000408e-01	5.933297698999999703e-01	-1.675061707000000011e+00	-7.441394355999999544e-01	2.441610981999999819e+00	-2.619611287999999982e-01	4.267650633000000249e-01	1.232135559000000047e+00	1.469055288999999931e+00	1.241859904000000014e+00	-1.900481377000000083e-01	-1.136836213999999901e+00	-1.810209251999999935e+00	1.516446535000000040e+00	-9.107124786000000416e-01	-8.801979089999999450e-01	1.389252152000000073e+00	-2.912450022999999999e-01	7.187317527000000039e-01
-7.456878541000000471e-01	-1.240234314000000060e+00	1.267894714999999950e+00	1.723172294000000049e+00	1.064258925999999938e+00	1.283749596999999909e+00	1.445058780000000098e+00	-9.710824993000000127e-01	1.048070032000000040e+00	-4.614569105999999921e-01	1.099631854000000075e+00	3.666836723999999936e-01	9.200374664999999563e-01	1.158556142999999983e+00	-2.900080105000000241e-01	1.666252977000000079e+00	-1.425749713000000085e+00	5.822293452000000258e-01	4.220289728000000129e-01	-1.539707452000000032e+00	1.069213628000000027e-01	-1.445309154999999901e+00	1.625760059999999951e-01	1.296698445999999949e+00	-6.209807475999999937e-01	-1.017349944000000006e-01	-6.333827051999999513e-01	-1.671070390999999988e+00	-1.012151252000000001e+00	-1.471975547000000106e-01	1.120109561999999892e+00	7.771666046999999855e-01	1.733898311999999997e+00	5.076055529999999871e-01	-9.200265125000000044e-01	4.396716822999999774e-01	-5.029853953999999794e-01	-1.997594488999999918e+00	2.416848174000000016e-01	-3.376796034999999807e-01	2.402874939999999793e+00	-3.834469911999999758e-01	-6.456225507999999724e-01	7.721052485999999604e-01	-1.292625083999999980e+00	5.465430628999999874e-01	-2.003134228000000017e-01	2.022591386999999852e+00	1.420943794999999898e+00	-3.342373102000000262e-01	-5.049265544000000050e-01	1.914540235999999895e+00	-6.123612931999999898e-01	-1.591145151000000091e+00	1.392252073000000090e+00	5.368374637000000033e-02	1.608927191999999895e+00	-2.469594661999999996e+00	-6.708835953999999768e-01	-4.604292675000000168e-01	-4.261231187000000253e-01	6.410731680000000265e-01	4.560430778999999962e-02	5.130095324000000234e-01	4.313400412000000239e-01	-8.240006040000000254e-02
-7.362094339000000431e-01	-1.256666518999999926e+00	1.092863206999999948e+00	1.781067656999999915e+00	1.033789958999999925e+00	1.241347146000000068e+00	1.456070741000000002e+00	-8.360653180999999545e-01	1.040513451000000034e+00	-1.159165321999999998e+00	1.051456340999999961e+00	1.409570269999999903e+00	1.172741075000000022e+00	1.455848599999999937e+00	3.257513925999999671e-02	1.551260805000000076e+00	-2.406125508999999996e-01	6.463544804999999949e-01	2.909738902999999821e-01	-1.612739235000000049e+00	-4.278480162000000142e-01	-8.870755109000000305e-01	3.743408718999999829e-01	1.323316319999999990e+00	-8.488762979999999736e-01	-5.617586628999999832e-01	-6.202839540000000262e-01	-2.086470589000000153e+00	-5.053340884999999449e-01	-5.733230810999999649e-01	1.613836513000000084e+00	4.300335764000000061e-01	1.094792191000000005e-02	1.706921677999999887e-01	-2.779875928999999898e-02	1.491208405999999931e+00	-8.364084838999999993e-01	-1.174959488000000052e+00	5.538004435000000170e-01	-1.681646082000000098e-01	2.133332003000000032e+00	-3.229861659000000107e-01	-5.842545389000000089e-01	7.099640268000000365e-01	-9.972266104000000464e-01	6.592092205999999788e-01	1.273254722000000116e-01	1.154003928999999928e+00	2.202684867999999963e+00	-5.542199942000000101e-01	-5.204143632000000075e-01	1.101902769000000060e+00	4.231688697000000193e-02	9.740485629999999784e-01	-8.405559256000000312e-02	5.664911313999999587e-01	8.097100012000000291e-01	-1.795637340999999942e+00	-1.451840361999999995e+00	-3.788563943000000100e-01	1.070963405000000090e+00	-6.508860448000000631e-02	-6.831610035999999830e-01	4.834923633000000054e-01	4.801497896999999959e-01	3.192354955000000216e-01
-7.019516226999999997e-01	-1.192979551000000082e+00	1.180027114000000044e+00	1.685709074999999890e+00	1.002339717999999991e+00	1.334937904000000009e+00	1.409827056999999995e+00	-1.001520141000000086e+00	1.195126281999999929e+00	-8.613461248999999542e-01	1.194630848000000078e+00	1.129511450999999944e+00	2.557386087999999891e+00	1.614169681999999995e+00	-2.865845477000000252e-01	1.551981735000000029e+00	1.259452282999999895e+00	-2.322028777000000044e-01	3.730667499999999748e-02	-1.079498174999999893e+00	-3.403157554999999834e-02	3.209551004999999790e-01	-6.461120133999999349e-02	1.541117018000000005e+00	-8.880362514999999846e-01	-1.056941407999999916e+00	-3.543409915999999995e-04	-1.489198449000000091e+00	-7.280209804999999701e-01	-3.056646376000000109e-01	8.760641482000000035e-01	7.873298767999999948e-01	2.817397642999999730e-01	1.404217809999999955e-01	-2.336607568999999884e-01	7.993454883999999705e-01	-5.999375423999999679e-01	-3.734912828999999990e-01	5.179797085999999773e-01	-4.345222336999999824e-01	1.231662354000000015e+00	-8.985654141000000150e-01	-6.314574527999999853e-01	1.644705279999999936e+00	-1.496468147999999942e+00	8.123041990999999573e-01	-3.099050280000000268e-01	2.069506764000000221e+00	-2.845940834999999836e-01	-1.372680275000000005e+00	1.719501920999999989e+00	6.517911148999999682e-01	2.548913829000000186e-01	-9.095275057999999690e-01	-1.707516625000000121e-01	9.521438341000000305e-01	7.320642533000000229e-01	-2.246515822000000051e-01	-2.243505906999999855e+00	1.469975176999999966e-01	-5.035538260999999904e-01	-8.694702537999999814e-01	-4.897396853000000050e-01	3.307814430000000083e-02	1.694680424999999990e-01	2.468626941000000019e-01
-8.884256454000000192e-01	-1.276680314000000038e+00	1.290738283000000042e+00	1.583234449999999960e+00	9.115618910999999658e-01	1.231132424999999975e+00	1.265123862000000043e+00	-1.231034401999999917e+00	1.439541578999999905e+00	-5.684961016999999783e-01	1.093176632999999898e+00	4.737729018999999875e-01	7.421062344000000088e-01	1.706007647999999932e+00	3.879183956999999738e-01	1.500247969999999986e+00	1.362717224000000060e+00	-8.792799474000000393e-01	1.200887196000000046e-01	-8.007690769999999958e-01	-2.906455562999999964e-01	1.140043555999999958e+00	-3.982746665999999935e-01	1.753488983000000001e+00	-7.799106435999999531e-01	-1.207832269999999930e+00	2.329958383000000077e-01	-2.383658785000000169e+00	-4.379227573000000207e-01	-3.459818211999999837e-01	1.003432867999999978e+00	9.298613784999999465e-01	1.863600344999999936e-01	1.236254477000000018e-01	1.511517575000000113e-01	7.980493690000000084e-01	-6.361254270999999738e-01	-7.703515803999999578e-02	4.111410657999999829e-01	-3.815587301000000209e-01	1.491490374000000063e+00	-1.478720980000000074e-01	2.451038059999999935e-02	1.916072049999999916e+00	-2.876005504999999962e-01	1.249398763000000079e+00	1.252697036000000042e+00	7.582076600999999583e-01	-9.785935259000000386e-02	8.702468370000000508e-01	1.041839812000000087e+00	8.326308590000000565e-02	-7.150062726000000479e-01	-7.086054236000000062e-01	4.502122255000000073e-01	9.175204458000000285e-01	7.796104377999999446e-01	-1.080243971000000025e+00	-1.156767370999999933e+00	5.504086689999999615e-01	-9.039204149000000521e-02	-2.943737632000000271e-01	-2.021605673999999908e+00	1.803780713000000091e+00	6.497813063999999805e-01	7.005725217999999588e-01
-7.908565731000000154e-01	-1.242449090999999894e+00	1.104140367000000067e+00	1.673784391000000094e+00	1.129430297999999944e+00	1.306234496999999939e+00	1.361239561999999959e+00	-1.274572207000000068e+00	1.283014886999999993e+00	-5.738086030000000282e-01	1.357759922000000063e+00	-3.440326941999999888e-01	1.608629137999999958e+00	1.791327861999999937e+00	3.655979576000000231e-01	1.672332115999999980e+00	7.908833907000000218e-01	-1.367488862000000083e+00	-3.250875162999999901e-01	-9.365475817999999730e-01	2.845911029000000037e-01	4.878437103000000108e-01	-5.472045910999999707e-01	1.865760469999999893e+00	-6.165657888000000142e-01	-1.061714660999999893e+00	1.634400041000000081e-01	-2.329815287000000179e+00	-3.771977550999999762e-01	-9.481744120999999748e-01	1.287049659000000013e+00	6.415701729999999658e-01	1.128664934999999980e+00	-8.979811930999999359e-02	4.929250076000000202e-01	3.237471285999999893e-01	-9.203873500999999457e-01	2.801093829999999896e-01	2.766985053000000083e-01	-4.562370828000000267e-01	3.783197414999999730e-01	-1.808810516000000090e-01	-6.526362544999999571e-01	1.432215089000000052e+00	4.013694112999999786e-01	8.233253913000000423e-01	-4.304594244000000125e-01	2.116538899000000029e+00	3.178104870000000165e-02	-9.938371664999999799e-01	-1.333340787000000027e+00	-3.776862559999999980e-01	-6.510328844999999642e-01	-6.093870931000000546e-01	6.445043043000000527e-01	-8.739393499000000509e-02	4.752501920000000157e-01	-2.786054136000000181e-01	-1.898867966999999934e+00	2.880951031999999801e-01	2.671640148000000159e-01	2.872498836999999861e-01	-1.257408097999999974e+00	1.356506863999999979e+00	6.132545923000000121e-01	5.968674686999999590e-01
-7.333361849999999738e-01	-1.203223617999999995e+00	1.289636111000000085e+00	1.651219275999999958e+00	8.823428010999999627e-01	1.376864314000000089e+00	1.496277011999999962e+00	-1.136770826000000012e+00	1.299539181000000099e+00	-4.858112870999999888e-01	1.398994904999999900e+00	-1.149219226000000038e+00	1.256733992000000022e+00	1.711760342000000046e+00	3.291040448999999792e-03	1.888985278999999906e+00	-3.812663193999999978e-01	-7.819471196999999707e-01	-4.732803264000000065e-01	-9.877683283999999508e-01	-5.902426522000000508e-01	-7.006881963000000102e-01	-7.525056988999999641e-01	2.012545380000000161e+00	-3.414363360000000069e-01	-8.055997285999999535e-01	-1.211077031000000054e-01	-1.492084865000000038e+00	-4.629776031999999764e-01	-6.261889916999999750e-01	9.740601609000000272e-01	7.065306212999999946e-01	1.190488800000000014e+00	-1.139217435000000056e-01	6.385868899000000098e-01	-2.979199054000000180e-01	-5.538197040000000237e-01	5.513144913999999952e-01	1.293112406999999929e-02	-8.255829644000000078e-01	2.259611608000000049e-01	-7.954529684000000156e-01	2.872903133999999969e-01	1.397607532999999957e+00	7.357954532000000360e-03	6.250018261999999991e-01	-4.728757684000000072e-01	1.236193265999999902e+00	-7.491199545000000182e-01	-1.191329026000000013e+00	3.844943492999999823e-01	7.094048614000000308e-01	-6.177997517000000105e-01	-9.314472281999999770e-02	1.535961023000000036e+00	8.542287610000000031e-01	5.325243688999999891e-01	2.232923166999999931e-01	-5.982804324999999590e-01	-1.518763005000000055e+00	3.550161984999999909e+00	-3.324907718999999817e-01	-1.346652777000000079e+00	1.803277668000000000e+00	-2.157166960999999938e-01	9.842649613999999714e-01
-8.795816623000000112e-01	-1.262500519000000043e+00	1.273023527999999960e+00	1.621617038999999982e+00	9.386281931000000078e-01	1.352919250000000018e+00	1.387527433000000032e+00	-1.284513548999999921e+00	1.359770571000000094e+00	-4.359614351000000165e-01	1.263312361000000106e+00	-1.520577668999999910e+00	1.446113208000000094e+00	1.802465967000000058e+00	6.146765262000000035e-02	1.665905640999999937e+00	-6.986430349000000151e-01	2.977997158999999838e-01	-1.092248791000000052e-01	-8.806846848999999589e-01	-2.970443810999999767e-01	-7.757820845999999770e-01	-8.023819557000000380e-01	1.803163977000000084e+00	-3.646853597999999974e-01	-6.093331064000000463e-01	-2.752052338000000042e-01	-2.266992140000000155e+00	-7.588037857999999636e-01	-1.253898895999999930e+00	1.375102357999999914e+00	5.852629760999999986e-01	1.385515532000000105e+00	-6.783258597000000334e-01	1.751483208999999874e-01	3.079472759999999920e-01	-6.354147428999999958e-01	2.288507700999999894e-01	1.162971436999999941e-01	-4.309371108000000228e-01	-5.853038501999999893e-02	-5.887005708000000309e-02	-1.568750292000000046e+00	8.748359848000000216e-01	-1.097824198999999945e+00	4.719138957999999828e-01	-4.044413148000000069e-01	2.997246761999999842e-01	7.952229043000000330e-02	-1.013719696999999975e+00	-3.296660545000000275e-01	1.009049407000000009e+00	-2.222476734000000120e-01	6.610225793999999766e-01	1.386635285000000106e+00	7.952620676999999638e-01	3.238050646999999782e-01	-1.537867005000000065e+00	-4.526535128999999991e-01	6.920506049000000326e-01	6.900219061000000265e-01	1.265616491999999926e+00	-8.868730097999999451e-01	8.708510248999999925e-01	1.117484168999999944e-01	8.097779340999999853e-01
-8.143597875000000430e-01	-1.230560807000000034e+00	1.109367189999999948e+00	1.616685836999999903e+00	1.158425897000000093e+00	1.113687531999999925e+00	1.475154639999999961e+00	-1.102606082999999959e+00	1.289335019999999998e+00	-9.022570797000000198e-01	1.248533614999999930e+00	-2.849588675999999987e-01	1.179650671000000095e+00	1.681251798999999991e+00	-1.797645281999999956e-01	1.501207092000000021e+00	-1.401770436999999925e+00	8.605405731999999919e-01	3.295148772000000004e-01	-1.040497648000000108e+00	-5.128118335000000361e-01	-6.675993073999999528e-01	-9.092150377000000061e-01	1.470880484000000044e+00	-6.834787999000000447e-01	-8.930444539999999876e-01	-6.625979022000000329e-01	-2.035000463999999898e+00	-1.106419427000000066e+00	-1.302264410000000039e+00	1.054190579999999988e+00	3.484699399999999780e-01	1.989750155000000076e+00	-3.217074066999999760e-01	3.767316900000000079e-01	2.929228870999999734e-01	-5.120991968000000449e-01	-3.620613247999999729e-01	-2.455997366999999876e-01	-7.498345228999999668e-01	3.512239490999999880e-01	-6.741251581999999631e-01	6.211974649999999487e-01	8.602277388000000302e-01	-2.247172839999999894e-01	-1.696870809999999896e-01	-1.103814662000000002e+00	8.944209713999999867e-01	9.578415053000000068e-01	-6.798658039999999625e-01	2.080584786999999936e-01	1.564320135000000001e+00	5.395081716999999832e-01	-6.397042461999999374e-02	1.181749476000000021e+00	-7.631952962000000066e-04	2.416915856999999890e-01	-1.480279721000000048e+00	-6.315518388999999955e-01	-2.013287860000000151e+00	-1.667782924000000000e-01	-2.205507144999999947e-01	-5.280795696000000206e-01	7.631592477999999957e-01	-2.982467705999999885e-01	-9.667374611000000284e-01
-8.515513085999999454e-01	-1.243635875000000057e+00	1.256329838999999948e+00	1.680512835000000038e+00	9.726831612999999876e-01	1.171752313999999906e+00	1.394068056000000055e+00	-1.020586672999999944e+00	1.257884232000000102e+00	-4.452760224000000266e-01	1.393244742000000036e+00	1.341158548999999978e+00	1.275889419000000080e+00	1.437526816000000096e+00	-8.168931938000000281e-01	1.153384525999999966e+00	-1.162865339999999970e+00	8.457382251999999712e-01	6.648906240999999939e-01	-9.296685172999999969e-01	-6.852332517000000456e-01	-5.575014749000000158e-01	-5.105972801000000505e-01	9.491881795000000066e-01	-8.503298044000000555e-01	-1.080199149000000025e+00	-1.130859341000000073e+00	-1.614125636999999891e+00	-1.277994338000000063e+00	-9.831911151000000126e-01	1.179217007999999955e+00	1.090057559999999892e-03	1.327514335000000045e+00	3.698606856000000165e-01	-1.052513421000000060e-01	4.526127041999999934e-01	-6.651083241999999895e-01	-7.789976910000000476e-01	-6.472833779000000121e-01	-1.033549320000000105e+00	1.179638493999999982e+00	-7.395837468999999498e-01	-8.553310848999999827e-01	9.330491611000000240e-01	-1.122457698000000059e+00	2.848116211000000231e-01	-1.510082885000000041e-01	8.208192200999999688e-01	3.003545261000000188e-01	-3.871127464999999934e-01	-2.293748498000000025e-01	1.681565680000000063e+00	-5.501560381000000222e-01	-7.957636056000000346e-01	1.052091670000000034e+00	2.031909803999999986e-01	3.694707011999999735e-01	-1.426620347999999927e+00	-1.104507633000000044e-01	-1.523397785000000004e+00	8.828499391999999890e-01	6.128163025999999736e-01	3.676430566000000177e-01	4.035217177000000044e-01	-5.858263970000000542e-01	-8.081435152999999483e-01
-9.004566810999999893e-01	-1.297824762999999937e+00	1.100804555000000073e+00	1.627960861000000037e+00	1.020532113000000018e+00	1.236914760999999974e+00	1.407475808000000050e+00	-1.023888448999999978e+00	1.214088258000000087e+00	-2.643146350000000200e-01	1.220356808000000015e+00	1.432474070000000044e+00	1.082573132000000049e+00	1.322966239000000099e+00	-2.685465740999999906e-01	8.285362898000000476e-01	-5.525573842000000013e-01	7.463824601999999864e-01	8.658776415000000171e-01	-1.208543434999999944e+00	-7.062124714999999942e-01	-9.686566696999999726e-01	-2.280451678000000038e-01	4.614290574000000089e-01	-1.281330021999999902e+00	-1.014158662999999905e+00	-1.451754908999999927e+00	-2.290792329999999932e+00	-1.379459500000000061e+00	-8.939939423999999635e-01	2.159611383000000107e+00	-2.988936790000000232e-01	-1.602458551000000148e-02	6.476535302999999466e-01	2.105295110999999900e-02	7.791629396999999457e-01	-9.393227625000000192e-01	-1.932982637000000059e+00	-1.153747837999999915e+00	-9.918043315000000248e-01	1.423527849000000067e+00	-2.999368863999999912e-01	-1.473715649999999933e+00	8.754771906999999631e-01	-7.019098456000000263e-01	-7.179138627999999411e-02	-1.812915147999999976e-01	1.620561946000000031e+00	9.829003500999999865e-01	-3.974525757999999853e-01	5.576787613000000476e-01	1.034741240000000007e+00	-1.794647625999999940e-01	2.911267450999999729e-01	7.507787116999999899e-01	1.964208677000000014e-01	3.907794128000000033e-01	-2.556251993000000056e+00	-1.310030843000000056e+00	-1.602293246000000004e-01	4.007133384000000076e-01	-3.204659167000000197e-01	2.251818218999999954e-01	-4.290862760999999970e-01	-1.686670851000000027e-01	-2.302551813000000003e-01
-8.945043279000000069e-01	-1.255717046000000003e+00	1.173211366999999949e+00	1.558334652999999959e+00	9.300969301000000522e-01	1.096623383000000063e+00	1.264482848999999964e+00	-1.084814136000000095e+00	1.102338091000000020e+00	-1.328332324000000009e+00	1.316872312999999961e+00	1.560704598999999915e+00	1.695824057000000051e+00	1.183280923000000096e+00	-1.961436189999999913e-01	4.311566458000000157e-01	1.148993960999999953e+00	3.090062229000000160e-01	9.532256609000000491e-01	-1.124038287999999941e+00	-7.019944500999999448e-01	-3.212080688999999767e-01	-9.098154598999999565e-02	6.778392411000000450e-02	-1.571071461000000058e+00	-1.374750246000000065e+00	-1.267170786000000104e+00	-1.948468464999999927e+00	-1.160058929999999933e+00	-6.647524001000000293e-01	2.093592865999999830e+00	-8.129308331000000276e-01	4.018248761000000058e-01	1.262365195999999967e+00	-4.390668252000000105e-01	5.266562500000000480e-01	-7.950569590999999603e-01	-1.920048420999999950e+00	-1.539236445000000009e+00	-1.312004809000000050e+00	1.139644308000000050e+00	-3.262033390999999893e-01	-9.551176264999999832e-01	1.295576566999999901e+00	-1.936771875999999892e+00	-3.673779522999999769e-01	-4.900323384999999594e-03	1.279916290000000068e+00	-2.483198618000000135e-01	-9.209218501999999473e-01	5.570616148000000489e-01	2.036117600999999944e+00	8.255375940000000412e-01	2.688801053000000052e-01	8.875350038999999525e-01	2.353638500999999938e-01	6.905104683999999660e-01	-5.497777946999999887e-01	-2.301696649000000150e+00	-1.573624946000000024e+00	-4.195481980999999916e-01	-2.232787471999999884e-01	1.150720092999999999e-01	-4.790272683999999975e-02	-6.868577594000000452e-01	-3.081068337999999796e-01
-9.900761677999999621e-01	-1.335617295999999898e+00	1.153734041999999960e+00	1.540662570999999925e+00	7.935186522999999603e-01	1.072824079000000097e+00	1.208572423999999979e+00	-1.436340724999999985e+00	1.019727902999999936e+00	-4.795787888999999971e-01	1.245142450999999983e+00	1.213867221000000107e+00	2.089669785999999974e+00	9.909710995999999605e-01	-2.826636537000000102e-02	1.400256349000000011e-01	1.461917297999999921e+00	-4.672152679000000086e-01	1.391408423999999977e+00	-1.025061395999999903e+00	-8.504930784999999993e-01	-3.181720385999999845e-01	-1.989011871999999959e-01	-1.049231786000000000e-01	-1.594819098999999962e+00	-1.318267912999999902e+00	-1.167828670000000013e+00	-1.900917562999999921e+00	-9.411972520000000397e-01	-3.552770089999999770e-01	5.236391937000000052e-01	-4.138566678999999748e-01	3.272127832000000236e-01	1.682413176999999926e+00	-3.316191560999999788e-01	6.365516138000000268e-01	-4.512104011999999997e-01	-1.787397077000000056e+00	-1.569047013999999907e+00	-1.234712779000000094e+00	1.720948026000000075e+00	8.890616034999999917e-02	1.570941345999999905e-01	1.734773716999999937e+00	-1.359755314999999909e+00	-2.338203323999999902e-02	3.524499292000000117e-01	8.894806383000000150e-01	-2.151046738999999857e-03	-2.518299278000000196e-01	2.102191481000000195e+00	2.579220633000000040e-01	-5.326369211000000492e-01	-1.024723333000000070e+00	-9.666554847999999645e-01	4.182550963000000177e-01	3.370985353000000018e-01	-9.599882066999999575e-01	-1.491758058999999914e+00	-6.213062741000000555e-01	-1.035712169999999932e-01	-4.749154821000000082e-01	1.106958324999999937e-01	-6.329292503000000236e-01	-3.678751283000000205e-01	3.523722711000000229e-01
-9.861395882000000279e-01	-1.371225901999999941e+00	1.117081090999999970e+00	1.491021538999999896e+00	9.076945491000000255e-01	9.326600153999999865e-01	1.110264385000000020e+00	-1.648569084000000018e+00	1.070538932999999915e+00	-8.304615981999999841e-01	1.444105543999999908e+00	6.394834727999999524e-01	6.568819840999999826e-01	1.192103322999999993e+00	3.137018402999999789e-01	4.144668653999999952e-02	1.190028732000000034e+00	-1.119662256000000022e+00	1.461727194000000063e+00	-1.315291828999999968e+00	-6.298266656000000019e-01	6.240649114999999858e-01	1.647033266000000051e-01	-6.814109016000000074e-02	-1.686347805000000033e+00	-1.490114724999999973e+00	-9.811096151999999515e-01	-2.449858746999999948e+00	-8.602417298000000212e-01	-6.185386014000000543e-01	3.274637559999999947e-01	-1.928989487999999974e-01	1.042108962000000000e-01	1.414684867000000068e+00	-2.064874494999999893e-02	1.177013097999999980e+00	-6.229506761999999975e-01	-1.658018726999999970e+00	-1.559019272000000012e+00	-7.373702881999999459e-01	1.795937273999999917e+00	7.284510701999999949e-01	-1.100057473999999980e+00	1.963578725000000080e+00	-1.064559599999999939e+00	5.987642623000000164e-02	-7.496938706000000341e-02	1.799695062000000068e+00	-6.951151546999999598e-01	-1.811198006999999999e+00	1.634344870000000061e+00	-5.317606884000000006e-02	-6.085035131999999569e-01	-3.485837332000000233e-01	4.411292689999999905e-01	3.130888424000000114e-01	9.365487431000000251e-01	-6.872174813000000437e-01	-1.719949339000000021e+00	4.485768150000000176e-01	-8.600134965000000298e-01	7.788923881999999521e-01	-3.684938259000000160e-01	5.817979827000000492e-01	1.810268953999999986e-01	5.276197449999999733e-01
-9.412514306999999469e-01	-1.328855676999999957e+00	1.125053131999999900e+00	1.446775077999999937e+00	9.160158162999999520e-01	1.028284543000000051e+00	1.204217072000000055e+00	-1.648499206000000106e+00	1.200746781999999957e+00	-5.479190184000000130e-01	1.407253357000000094e+00	-4.250948421999999893e-01	1.216350118999999896e+00	8.165189407999999816e-01	5.511735475000000273e-01	2.209682092999999958e-01	1.949615502000000000e-01	-1.312767988000000052e+00	1.731211335000000018e+00	-1.054903611999999935e+00	-9.090121123000000081e-01	-5.108699035999999527e-01	3.134001660999999883e-01	-2.238568104000000086e-02	-1.577915857999999893e+00	-1.369840654000000102e+00	-1.020850757999999914e+00	-1.643044101000000090e+00	-9.630677364999999934e-01	-5.622513984000000048e-02	5.814501847999999917e-01	-1.368492279999999894e-01	7.784382253999999612e-01	1.539763478000000019e+00	3.611116151000000329e-02	9.943514189000000059e-01	-4.078840435000000153e-01	-1.412797019999999959e+00	-1.262567876000000089e+00	-3.816371923999999916e-01	1.223183584999999907e+00	-5.718580531000000411e-01	1.422519354000000014e-01	2.206865901000000019e+00	4.010183334999999905e-01	2.387667737999999984e-01	-3.829430718999999872e-01	9.826148434999999459e-01	-3.299882230000000249e-01	-1.521896585999999996e+00	-1.598891843000000090e+00	5.050681880999999818e-01	3.796951953000000102e-01	-9.829268007999999446e-01	1.575645520999999993e+00	2.126007578000000120e-01	9.492364334999999764e-01	1.406871699000000087e+00	-2.127991995999999997e+00	1.791359755999999970e-01	1.526855292999999891e+00	1.099603582999999940e+00	5.315114574999999508e-01	-1.572677291000000033e-01	7.964574134999999888e-01	2.256700786999999986e-01
-1.033949886000000040e+00	-1.406493682000000023e+00	1.255947168000000058e+00	1.454889309999999991e+00	8.932811404999999594e-01	1.173805876999999942e+00	1.217550088000000086e+00	-1.574149103999999966e+00	1.036582926999999987e+00	-3.915865781000000267e-01	1.394352835000000068e+00	-1.376712546999999898e+00	8.124690933999999531e-01	1.038039517999999939e+00	7.764819347000000427e-01	6.266190400000000160e-01	-6.631682231000000094e-01	-2.764244768999999935e-01	1.558844515999999958e+00	-9.231376731999999530e-01	-8.763684066000000383e-01	-1.342584232000000100e+00	7.735552144999999769e-01	3.502899003000000122e-01	-1.795220293000000078e+00	-8.959724316999999605e-01	-9.423335301999999913e-01	-1.941459996000000077e+00	-9.835541125000000218e-01	-2.079795276999999998e-01	6.115226617000000253e-01	2.763321995999999947e-01	1.109563528000000021e+00	8.565536181999999776e-01	-4.760833336999999860e-02	8.393694779999999467e-01	-6.085446107999999965e-01	-1.339167181999999956e+00	-8.218890116000000523e-01	4.104838296000000164e-01	1.084691386999999896e+00	-6.603938875000000541e-01	-1.221021208000000025e+00	1.223241583000000077e+00	-2.901349220000000173e-01	5.364217762999999861e-01	-9.712066028000000684e-02	1.027268526999999931e+00	1.001435670000000000e+00	2.001151213000000040e-01	9.871656107000000013e-02	1.784189470000000055e+00	3.870900910999999778e-01	2.439821719999999972e-01	1.015513683000000000e+00	7.446759523999999519e-01	2.089652304999999988e+00	-5.316586010999999612e-01	-8.857734512999999588e-01	-4.128756422000000037e-01	8.104288330000000151e-01	-1.076188495000000023e-01	-1.059219968999999928e+00	-9.461739446000000386e-01	4.080430923000000210e-01	5.278140238999999845e-01
-1.037535074000000002e+00	-1.385636443000000106e+00	1.011875925000000009e+00	1.458645689999999995e+00	1.135893094000000048e+00	1.059395882000000011e+00	1.329801022999999915e+00	-1.345515328000000066e+00	1.131603686999999914e+00	-8.217345780999999461e-01	1.326489671000000037e+00	-4.637077340999999908e-01	1.023853091999999965e+00	1.005028983999999959e+00	7.121804830000000308e-01	7.738864038999999639e-01	-1.438773722999999949e+00	1.040179717000000004e+00	1.426756860000000016e+00	-1.012781074999999920e+00	-8.863258457999999562e-01	-1.067720725999999898e+00	1.040173972000000058e+00	5.378226428000000281e-01	-1.714805416999999998e+00	-9.065836145000000235e-01	-1.350684973999999983e+00	-2.195845417000000133e+00	-4.645752106000000103e-01	-3.955874939999999840e-01	4.568618306000000184e-01	5.406158010999999597e-01	1.770854504000000107e+00	9.124618304999999596e-01	8.452489388999999687e-01	5.151331960999999682e-01	-1.049456348000000094e+00	-7.918592928000000031e-01	-9.448038760000000424e-01	1.609576165000000114e-01	7.169094270000000435e-01	-8.041816878999999973e-01	2.524050717999999915e-01	9.449403452000000314e-01	-1.484978718000000072e-02	9.827832974000000332e-02	-9.628263919000000504e-02	1.207393197000000029e+00	1.089449281999999908e+00	-1.400322526999999984e-01	-4.770382877000000077e-01	1.255722653999999938e+00	2.475418836999999928e-01	1.131907773999999978e-01	8.548851576999999535e-01	-2.785810979000000187e-01	2.303200390999999847e+00	-4.524632631000000127e-01	-1.215956019999999971e-01	-4.974734834999999800e-01	-1.541008285000000089e-01	9.745501561999999618e-01	-6.388592870999999507e-01	-4.632723602000000107e-01	4.242566924000000239e-01	-1.685210078999999972e+00
-1.037976272000000089e+00	-1.360856901000000008e+00	1.125416535999999912e+00	1.539887130999999965e+00	9.279221588999999604e-01	1.312286441999999997e+00	1.329262823000000093e+00	-1.103356031999999987e+00	1.123055973999999901e+00	8.921312984000000224e-02	1.215606846000000019e+00	1.125229298999999905e+00	1.209037871999999902e+00	1.039110353999999958e+00	-8.417473500000000053e-02	8.706770136000000493e-01	-1.117408653999999890e+00	8.837266970999999582e-01	7.302836038000000141e-01	-8.195364306000000321e-01	-1.318037402000000080e+00	-6.464975542999999991e-01	1.112510439000000018e+00	7.686329377999999712e-01	-1.457514087000000069e+00	-7.472926491000000393e-01	-1.129733614000000053e+00	-1.322725520000000099e+00	-3.790744336999999908e-01	-3.105837401000000053e-01	1.317759982999999968e+00	4.729168821999999994e-01	1.149265743000000006e-01	9.480404467999999918e-01	6.428530883999999945e-01	-2.882711994000000111e-01	-1.235668983000000054e+00	-3.201301784000000206e-01	-3.767455026000000040e-01	-1.323543883999999948e-01	7.274616245999999675e-01	-1.601084707999999912e+00	-1.243517905999999895e+00	1.313411631999999996e+00	-1.458876977999999935e+00	7.297456691999999745e-02	-1.925869289999999900e-01	1.334757336000000016e+00	7.729014323999999769e-02	-4.938203313999999788e-01	3.251607388000000154e-01	1.354511398000000089e+00	4.374833169000000299e-02	-3.311483613999999798e-01	1.883150578999999991e-01	5.297722296000000330e-01	2.313533988000000097e+00	4.058926659000000048e-01	-1.381880801000000103e+00	-6.388634778999999764e-01	1.240451989999999949e+00	-1.232674390999999980e+00	-6.274164156999999520e-01	-3.151869156000000061e-01	-2.176251855000000124e-01	-2.560555997999999889e+00
-1.100566507999999999e+00	-1.357387917000000055e+00	1.176213927999999909e+00	1.472858011000000023e+00	8.870808351000000203e-01	1.132292352999999974e+00	1.321149353000000026e+00	-1.142047357999999901e+00	1.180818007000000058e+00	-9.713710360999999738e-01	1.095906996000000078e+00	1.364918088999999890e+00	1.276734736999999953e+00	1.055263142999999904e+00	4.295655002000000056e-01	1.016645537000000044e+00	9.328298081000000463e-01	7.871862883000000366e-01	3.380636631000000225e-01	-9.922555714999999887e-01	-1.529525583999999938e+00	-9.856598205000000057e-01	1.132013576000000077e+00	9.791889632000000399e-01	-1.123474075000000072e+00	-1.263770374000000030e-01	-1.346190071999999960e+00	-1.817389517999999926e+00	-1.895055485000000095e-01	-2.072084717999999881e-01	2.166584824000000076e+00	4.683643452999999846e-01	-2.722538107999999957e-01	5.768537943999999529e-01	4.226138260999999785e-01	-1.122552316999999994e-01	-1.222108368000000000e+00	-8.170270725999999595e-01	5.231977896999999711e-01	2.613899568999999978e-01	1.068908790000000053e+00	-1.463879560999999940e-01	-8.700355325999999945e-01	1.158482127000000084e+00	-1.316054690999999943e+00	4.335225428000000214e-01	6.313029837000000422e-01	1.027200812000000019e+00	2.894440019000000253e-01	1.901412016999999954e+00	-1.015816655999999957e-01	9.001559340000000464e-01	5.441996465999999755e-01	1.096277331000000022e+00	5.328085004999999486e-01	-4.781370972999999802e-01	2.495386648999999846e+00	-9.664548616999999453e-01	-4.491596150000000121e-01	4.673780403999999722e-02	-6.701892729999999743e-01	-3.812316672000000128e-01	-1.993045095000000044e-01	4.148049635000000124e-01	-1.354540660999999924e-01	-1.934950606999999989e+00
-1.045870805000000070e+00	-1.331838458000000003e+00	1.033263140999999941e+00	1.503617672000000072e+00	1.078598318999999917e+00	1.006447724999999904e+00	1.352217342999999961e+00	-1.262832122000000057e+00	1.179226702000000016e+00	-8.492233940000000203e-01	1.129800434000000076e+00	1.374421459999999984e+00	2.263123232999999956e+00	1.125500347000000012e+00	-7.292769224999999522e-02	1.089902987000000101e+00	1.525910866000000032e+00	-1.478756457000000024e-01	2.618173464999999991e-02	-1.203695377000000066e+00	-1.090946039999999950e+00	2.068362572999999927e-01	5.450476330000000313e-01	1.060643371999999918e+00	-1.031296277000000039e+00	-1.727433640999999909e-01	-9.850849350999999476e-01	-1.841404446000000084e+00	-6.434940304999999805e-01	-6.042273595999999580e-01	1.604700978999999972e+00	6.036629096000000194e-01	4.265490611000000154e-01	4.711571142000000045e-01	1.925310900999999963e-01	-2.474127066000000041e-01	-1.026117262000000085e+00	-7.903665279999999571e-01	8.218135402999999783e-01	-8.005959414999999635e-02	9.544351913999999937e-01	2.065776987000000064e-01	-9.121470946999999940e-01	1.308304413999999971e+00	-9.831841229000000126e-01	-1.364671630000000024e-01	-5.647714435999999852e-03	7.722949379000000336e-01	-1.138409285999999909e+00	2.113686254000000098e-01	2.451716438000000053e+00	5.935512810999999944e-01	-2.819848382999999847e-01	-4.352319826000000114e-01	1.389449477999999960e-01	5.410358723000000536e-01	1.552027956000000097e+00	3.008713178999999904e-01	-1.183542206999999902e+00	-7.752372095999999768e-01	4.320507285999999891e-01	-1.055796511000000049e+00	-3.965523876000000003e-01	-4.601552311000000062e-01	-8.292032177000000503e-01	-2.710639936000000194e+00
-1.073600843999999999e+00	-1.310286762999999910e+00	1.219768718999999946e+00	1.403205070999999915e+00	8.859088511999999582e-01	1.088349129000000026e+00	1.300254717000000060e+00	-1.462577338000000005e+00	1.438091749000000030e+00	-1.317053363000000032e-01	1.083898543999999964e+00	3.593877120999999786e-01	7.251905660999999892e-01	1.171379673999999982e+00	2.675266828999999791e-01	1.145548001999999954e+00	1.300666018000000035e+00	-9.810146831999999595e-01	-1.676244390999999945e-01	-1.151999060000000075e+00	-1.283197761999999909e+00	1.364032259000000025e+00	3.742013869000000194e-03	1.334787600999999935e+00	-4.816334859999999995e-01	-2.588294572999999890e-02	-7.857013469000000416e-01	-1.491329777000000023e+00	-8.140004239999999447e-01	6.006963517000000335e-02	6.793051294999999934e-01	7.622712815000000086e-01	1.175723783999999966e-01	9.093126150000000463e-01	-2.090811643999999914e-01	-3.071823448000000067e-01	-7.243463881999999687e-01	-1.657579378999999964e+00	9.817299859000000462e-01	-2.791093430000000097e-01	1.511735688999999994e+00	6.093430624000000240e-01	-5.096134523999999999e-01	1.839800896999999935e+00	-2.350624722000000111e-01	2.790238721000000144e-01	-5.692240996000000330e-02	1.649353488000000034e+00	-1.848409476999999912e+00	-6.398629657000000082e-01	1.309448753999999937e+00	3.916876045000000084e-01	-2.567214291999999828e-02	-1.255851563000000004e-01	1.401721657999999981e-01	3.652547499000000086e-01	1.185800205000000052e+00	8.025100551999999610e-01	1.269499497000000088e-01	1.635555831000000016e+00	-4.147681798999999780e-01	1.667538340999999980e+00	1.246090193999999984e+00	1.830266589999999916e+00	-3.828794313000000171e-01	-1.874933933000000108e+00
-1.162313632999999902e+00	-1.391404128000000018e+00	1.135610240000000104e+00	1.412699654000000082e+00	9.864635589000000371e-01	1.051896589999999909e+00	1.109624592000000076e+00	-1.640903889999999921e+00	1.441559245999999961e+00	-7.837932951999999620e-01	1.298703431000000075e+00	-3.342742215999999766e-01	1.616138950999999935e+00	1.021664128000000060e+00	3.589713615999999829e-01	1.162638220000000056e+00	5.003153099999999576e-01	-1.662771476999999942e+00	-7.309500002999999579e-02	-1.273840231999999961e+00	-9.082705033000000316e-01	1.099776263000000059e-01	-2.080732482000000050e-01	1.416177637000000100e+00	-2.566196029999999739e-01	-2.234578027000000133e-01	-5.953350415999999479e-01	-2.014325733999999812e+00	-1.506226558999999909e+00	-5.544137709999999997e-01	1.046941118999999976e+00	8.960549648000000200e-01	9.763694938000000434e-01	6.934295035999999968e-01	2.237087127999999869e-01	1.039733369999999990e-01	-5.812764289999999834e-01	-1.484428461999999893e+00	8.604300501999999629e-01	1.271792719000000016e-01	1.186861493000000101e+00	1.719773814999999928e+00	-1.132406371000000078e+00	1.627271713999999925e+00	5.514299083999999462e-01	5.666303257000000482e-01	3.474057971999999772e-02	6.063909910000000458e-01	-8.778357783000000358e-01	-3.112617726999999945e-01	-1.958234486999999913e+00	-6.597786260000000347e-01	-3.478336881999999908e-01	-5.485965411000000291e-02	7.713380127000000197e-01	1.758902189000000060e+00	6.887248032999999658e-01	7.321552396999999601e-01	-2.165403770999999811e+00	2.143329405999999882e+00	1.377984378000000065e+00	-7.492161529999999958e-01	1.131441504999999959e+00	4.841661268999999934e-01	-1.367736304999999930e-01	-1.360620506000000063e+00
-1.334186206999999902e+00	-1.342162188000000089e+00	9.732536390999999565e-01	1.151759455999999959e+00	7.921391173999999813e-01	1.234814352999999976e+00	1.487834719000000083e+00	-1.213033892999999974e+00	1.265077277000000056e+00	3.102620845999999877e-01	8.103280338999999666e-01	-9.162082315999999782e-01	1.145938238000000053e+00	1.163409101000000057e+00	3.440435439999999789e-01	1.169809533000000012e+00	3.873369306999999845e-03	-4.148034646000000047e-01	2.495788771999999933e-01	-1.829678388999999905e+00	-2.420986296999999787e+00	-1.283834772999999929e+00	-4.594435088000000111e-01	1.489776384000000009e+00	1.328728876999999975e-01	5.578416374000000344e-01	-1.204261438999999934e+00	-2.284154275000000123e+00	-6.265704114000000269e-01	1.113110531000000014e-01	-2.600174222999999951e-02	1.591900666000000131e-01	7.803637086000000389e-01	5.931013910000000333e-01	9.818460652999999594e-01	8.029957021000000417e-01	-9.070844453999999946e-01	-9.660827842000000443e-01	1.219041059000000038e+00	6.929521377000000260e-02	1.298103541999999999e+00	9.015452251000000139e-01	-1.283653052000000017e+00	1.367621463999999953e+00	2.974162774999999925e+00	1.413848106999999965e+00	-1.161655851999999989e+00	2.987118656999999899e+00	1.148688871999999916e+00	9.189666325999999996e-01	6.234024995000000402e-01	2.445647289000000058e+00	1.354080077999999965e+00	1.901841330000000108e+00	2.181387996999999856e+00	-1.165719839999999952e+00	1.234738302000000010e+00	1.056226726000000005e+00	2.541245186999999905e+00	-2.137363382999999839e+00	-3.938727870000000020e-01	1.864727519000000111e-01	-9.690564597999999918e-01	2.264567281000000154e+00	4.338783706000000073e-01	9.098729939999999905e-01
-3.285296170000000071e+00	-1.791503695000000063e+00	1.049362222000000067e+00	1.374808140999999928e+00	7.366905032999999658e-01	7.905303099999999583e-01	-1.093040636999999954e-01	-8.922945360999999798e-01	-2.020495342999999999e-01	-2.365365644000000156e+00	3.058220162999999991e-01	-2.557619359000000148e-01	2.009028102999999899e+00	1.947262918000000065e+00	-1.215256475999999974e+00	5.837163694999999985e-02	-2.158547795000000047e+00	9.603502150999999598e-01	1.119654600999999916e+00	-2.659133798000000048e+00	-5.295423506999999766e-03	-1.750294438999999924e+00	-6.307774342999999950e-02	1.426154665000000099e+00	-4.939432036999999998e-01	1.459435817999999996e+00	-1.291033260999999932e+00	-7.337204651999999605e+00	4.290665998000000037e-01	-7.769254250999999556e-01	3.076298582000000170e+00	-1.315607309000000003e+00	8.120350225000000366e-01	-5.649031689000000300e-01	1.125013352000000078e+00	3.616497557000000196e+00	-3.473721308000000008e+00	7.597991444999999677e-01	2.475470651000000188e+00	7.896507955999999551e-01	6.212557265999999467e-01	-1.221041145000000050e+00	-2.574706565000000058e+00	1.993904845999999953e+00	5.522832185000000393e+00	1.991047891000000014e+00	-3.904107372999999992e+00	2.305076741999999790e+00	9.523847045000000122e-01	-1.187934610999999974e+00	1.200621179999999955e+00	2.071582778999999874e+00	1.193088476000000009e+00	-5.721304440000000158e-01	9.156224330000000133e-01	-3.040820509000000005e+00	2.083244157000000207e+00	4.379936766000000148e+00	1.462421659999999957e+00	-2.544589279000000204e+00	1.042861886000000071e+00	4.129459254000000246e-01	-2.193079137999999872e+00	2.933148555999999907e+00	2.672213933000000097e+00	3.174990268999999810e+00
-2.208894307000000001e+00	-1.586031291999999926e+00	7.391224980999999694e-01	1.611324642000000029e+00	7.437852816000000145e-01	9.798536882999999698e-01	1.172335702999999896e+00	-7.424376286999999630e-01	6.581406962000000416e-01	-1.268211237000000047e+00	-1.445917620000000126e-01	6.231154643999999854e-01	1.246623647999999918e+00	1.352866708999999945e+00	3.099673714999999774e-01	-1.372646844000000033e-02	-1.915098908000000044e+00	8.988462100999999871e-01	9.737424803999999989e-01	-2.938048189999999948e+00	-2.531764941000000047e+00	-5.838631029999999944e-01	-4.980300516999999760e-02	3.902178429000000004e-01	-5.527815621999999651e-01	7.432566795999999698e-01	-1.531697303000000066e+00	-1.951542144999999895e+00	5.484612210999999515e-01	-1.136271816999999906e+00	3.317367052999999899e+00	-1.179754522999999944e+00	-8.187763282000000142e-01	-1.059365652999999963e+00	2.361369847999999827e+00	3.052533817000000038e+00	-3.279851601999999922e+00	3.193533203000000209e-01	1.024005875999999926e+00	8.176207758000000325e-01	7.776198484999999883e-01	-2.487174900999999938e+00	-3.816016626000000134e+00	1.750458172999999951e+00	4.584665949999999768e+00	1.681770959999999981e-01	-6.237659299999999796e+00	6.122201609999999850e-01	-1.015121769000000007e-01	-3.146395835999999946e+00	1.093806448999999903e+00	-4.372500441999999619e-03	1.594463026999999977e+00	-4.873942379999999908e+00	8.052921132999999454e-01	-2.733075165999999889e+00	3.937458018000000171e-01	1.086286249999999898e+00	1.007524034000000013e+00	-2.846504785000000037e+00	2.129269896000000051e-01	-2.650809026000000124e+00	1.375716986999999891e+00	1.712608641999999959e+00	-6.862353955000000116e-02	2.578284554000000117e+00
-1.104570379000000102e+00	-1.436927802000000032e+00	8.985919964999999898e-01	1.226870203000000048e+00	2.547663654000000277e-01	1.088284706000000046e+00	1.457425841999999916e+00	-6.468821912000000118e-01	1.603396370000000015e+00	-1.234104568000000013e+00	1.373512155000000123e-01	1.068683491999999902e+00	1.627525450999999901e+00	1.096654562999999971e+00	1.381164711000000045e+00	2.492673421999999916e-01	1.013180039999999948e+00	1.237787761999999958e+00	1.115034418000000027e+00	-2.210521613000000052e+00	-2.646569871000000074e+00	9.267999910999999980e-01	2.787483924999999974e-01	5.003342461999999990e-01	-8.658320520000000187e-01	-3.654903882000000159e-01	-2.158959193999999915e+00	1.596880456000000059e+00	-2.976599496999999817e-01	1.371193773000000116e-01	2.152033246999999871e+00	3.696952978999999695e-02	-2.790693953000000227e-01	4.595734153000000100e-01	7.794307244000000523e-01	1.557722011999999934e+00	-2.046832559999999912e+00	-4.120772349999999862e-01	3.189921891999999981e-01	7.042484127000000482e-01	1.785510264000000014e+00	-1.368932427000000063e+00	-1.832067719999999955e+00	1.179389712000000090e+00	2.786494602999999959e+00	5.672300078999999995e-01	-2.000307143000000121e+00	2.752742628000000025e+00	1.340067822999999880e-01	-2.247331496999999956e-01	-3.108989442999999797e-01	2.602612284000000109e+00	2.773404257999999789e+00	-2.944142869999999856e+00	1.691151481999999984e+00	5.768792842000000087e-01	-3.900073962999999755e-01	-5.652855771999999446e-01	2.037741878999999923e+00	5.602606547999999798e-01	1.773991174000000004e-01	7.311505325999999583e-01	2.633170332000000169e+00	2.054864590999999852e+00	2.436709032999999913e-01	1.971298288000000065e+00
-1.702579577999999927e+00	-1.476242014999999963e+00	9.927655964999999583e-01	1.484740012999999914e+00	5.232935306999999536e-01	9.054340847999999831e-01	1.107490816999999961e+00	-1.469001594000000077e+00	9.805387828999999611e-01	-8.723657742999999520e-01	6.658169673999999594e-01	1.311589506000000016e+00	2.103015630999999885e+00	1.116710882000000016e+00	6.766720381999999923e-01	3.543172143000000024e-02	1.451617557999999919e+00	1.414071930999999949e-01	1.935197279000000048e+00	-1.179008746000000052e+00	-1.712463040999999908e+00	1.708866400999999868e-01	-9.114639304999999983e-03	8.038861902999999698e-01	-2.128262132000000140e+00	-1.085486779000000013e+00	-1.165652359999999943e+00	-1.513973144000000104e-01	-1.020005410000000001e+00	-6.189216095999999778e-01	1.085683791999999981e+00	-2.735718643999999859e-03	1.200171569999999965e+00	4.209671341999999816e-01	4.026295537999999841e-01	1.907400763999999915e+00	-2.163834843000000063e+00	-3.860891315000000157e-01	-3.143290163999999942e-01	8.720279542000000106e-01	2.101875640999999906e+00	-5.021776620000000246e-01	-2.449588902999999984e+00	1.192527874000000043e+00	8.343473300000000537e-01	1.145285002999999913e+00	6.152646341999999935e-01	3.518333800999999816e-01	-2.205779682000000019e-01	2.082797359000000181e+00	1.689381317999999910e+00	6.659858278000000409e-01	1.137102091000000037e+00	-2.436302174000000154e+00	-2.007447340000000136e+00	-2.337779809999999792e+00	-7.359966267999999978e-01	-5.147362969000000010e-01	2.027163049000000120e-02	-1.719451311999999898e-01	-1.356809393999999891e+00	-1.945815988000000107e+00	-6.441137805000000105e-01	1.251224233000000075e+00	8.906466255999999637e-01	1.555297885000000102e+00
-1.871135887000000109e+00	-1.526688561000000055e+00	8.805370944999999505e-01	1.283330303999999922e+00	6.137182262000000499e-01	8.297432847000000278e-01	1.114902995000000008e+00	-1.570438250999999896e+00	1.288855316999999889e+00	-3.318109839000000227e-01	5.285893849999999672e-01	6.961875241999999631e-01	7.128038270000000010e-01	1.411013878999999971e+00	1.722675490999999948e+00	2.577572477000000251e-01	1.831430757999999992e+00	-5.297686407999999680e-01	2.041328045000000202e+00	-1.437781618999999900e+00	-2.140349656000000156e+00	1.458089208999999942e+00	2.414731192000000026e-01	8.455539704000000212e-01	-2.298808994999999911e+00	-1.154255848999999889e+00	-8.312088111000000001e-01	-1.091149217999999976e+00	-5.324041714999999675e-01	-7.401954534000000363e-01	1.060870248999999932e+00	4.633774991999999870e-01	7.218854810000000510e-01	6.240057455999999947e-01	1.004524140000000010e+00	2.519291497999999851e+00	-2.302779618999999833e+00	-5.274300802000000399e-01	-3.421605909000000056e-01	7.259719159999999949e-01	1.621486026999999996e+00	-5.662328860999999991e-01	-1.609358784000000098e+00	1.143025262999999958e+00	1.661388386000000050e+00	1.304159612000000079e+00	-2.783591979999999744e-01	2.057021107999999820e+00	-9.560614817000000487e-01	-1.152119517999999898e+00	1.585236832999999956e+00	8.220758440000000000e-01	4.221079490999999906e-01	-2.406026318999999969e+00	4.494516584000000092e-01	-1.134443705999999968e-01	-5.221051193000000312e-01	2.732022577000000063e-01	-3.368766416999999791e-01	1.108920028000000002e+00	4.372080607000000119e-01	1.544433567000000007e+00	6.298261904999999938e-01	1.735888491000000089e+00	7.712473138000000006e-01	8.797557325999999511e-01
-1.971230607000000079e+00	-1.553160534999999953e+00	1.125894485999999972e+00	1.227627471999999997e+00	5.011475340000000056e-01	7.772410910000000506e-01	8.973588016000000334e-01	-1.752161626999999999e+00	1.195813041000000077e+00	-1.345736413999999992e-01	7.871572479999999761e-01	1.553552457000000053e-01	1.482423711000000033e+00	1.280273403999999893e+00	1.609335691000000068e+00	2.177675354999999979e-01	7.237196863999999508e-01	-1.144124895000000031e+00	2.039465413999999921e+00	-1.082762124000000048e+00	-2.143845161999999860e+00	4.323794569000000143e-01	4.186616088999999818e-01	9.112789011999999911e-01	-2.210430833999999845e+00	-1.525821815000000026e+00	-4.656561854999999861e-01	-2.921398874999999729e-01	-6.911667071999999523e-01	-9.679885011000000095e-01	1.094186732999999911e+00	1.696991207999999918e-01	2.116685964999999836e+00	8.546373982999999619e-01	9.008580911000000357e-01	2.311957542000000032e+00	-2.258137189000000156e+00	-4.639123246999999894e-01	-6.090131783000000132e-01	2.850952650999999949e-01	9.757643422999999760e-01	-7.852965798000000053e-01	-1.440738858000000011e+00	1.244670684999999999e+00	1.897386548999999922e+00	1.312104884000000027e+00	2.577589635999999983e-03	1.555065391000000075e+00	-8.568994719000000426e-01	-2.296253323000000179e+00	-1.501659174999999902e+00	3.811056529999999887e-01	2.767574789000000202e-01	-2.390079844000000175e+00	-4.208107317999999590e-03	2.942224934000000069e-01	-2.334429194000000041e-01	1.369084463000000085e+00	-1.962274607999999976e+00	1.148670541000000045e-01	1.020312840000000110e+00	5.901310956999999968e-01	3.556132889999999991e-01	2.248144594999999857e+00	-7.894851800999999614e-02	6.868811875999999983e-02
-2.004678338000000171e+00	-1.560044621999999936e+00	9.628647379000000450e-01	1.207141417000000105e+00	6.668230360000000356e-01	7.398243679999999545e-01	1.025856957000000014e+00	-1.722576710000000011e+00	1.179155603000000108e+00	-1.225854489000000047e-01	7.011573115000000467e-01	-8.480830558999999935e-01	1.088594402000000017e+00	1.384214755999999991e+00	2.272784397000000123e+00	2.445455760999999950e-01	-7.443209443999999897e-02	-7.799350235999999992e-01	1.989593994000000032e+00	-1.465324308000000020e+00	-2.242996327999999817e+00	-1.128947589999999890e+00	2.869810561000000204e-01	1.261196425000000065e+00	-1.873438265000000102e+00	-1.248487984999999911e+00	-4.635308202999999794e-01	-1.133981125000000034e+00	-8.454351984000000320e-01	-9.890625495999999517e-01	1.367787810999999909e+00	8.152514163999999841e-01	1.971181620999999939e+00	7.379145890999999624e-01	1.037982106999999932e+00	2.181740102000000014e+00	-1.514839339999999979e+00	-8.859493431999999613e-01	-7.005843712999999529e-01	9.165716577999999393e-02	6.813328264000000356e-01	1.210856614000000026e-01	-3.058002270999999883e+00	2.376228109000000088e-01	1.622704869000000105e+00	1.532395928999999990e+00	-3.944944881999999930e-01	1.940024573000000085e+00	4.818548183999999956e-01	-1.914053439999999995e+00	6.267337600000000286e-01	6.022729370999999610e-01	4.653020385000000009e-02	-1.546399716999999896e+00	2.585520115000000008e+00	-3.574181005000000022e-01	-1.906429699000000005e-02	-2.417107797999999974e-01	-2.171053283000000000e+00	8.276401117999999668e-01	1.077680444999999931e+00	6.018283387999999734e-01	-5.873792037999999716e-01	1.372702429000000057e+00	-2.995902896999999912e-02	8.478564691000000098e-01
-2.111900959999999827e+00	-1.528558505999999984e+00	9.594906807999999954e-01	1.266948556000000004e+00	7.713417110000000410e-01	8.395180109000000002e-01	1.004836408000000070e+00	-1.580506680000000053e+00	1.118386874000000031e+00	-3.578827148000000014e-01	3.108077536000000141e-01	-4.025364282000000182e-01	1.234504577999999908e+00	1.316032947999999925e+00	1.964147014999999996e+00	4.021610557999999620e-03	-1.107283868999999976e+00	7.660839814000000025e-01	1.899089339999999959e+00	-1.682080801999999986e+00	-2.276773260000000132e+00	-1.100971418000000090e+00	1.608360705999999918e-01	1.110770569000000041e+00	-1.555850152000000097e+00	-1.334155460999999931e+00	-8.150054454999999809e-01	-1.105494152999999979e+00	-1.786802247000000149e-02	-1.193477804000000031e+00	6.340205701000000138e-01	3.853923629000000073e-01	2.536233603999999975e+00	1.430580337000000091e+00	1.240045582000000035e+00	2.188068202000000184e+00	-1.097423811999999943e+00	-6.489598031000000378e-02	-9.782047320000000212e-01	-5.189755270000000476e-01	5.709864772999999616e-01	-6.760398170000000428e-01	-9.118423264999999667e-01	3.808664902000000185e-01	1.068592205999999933e+00	4.351730068999999923e-01	-1.096606039000000088e+00	3.268137246000000218e-01	2.206202907000000213e+00	-1.494346642000000003e+00	-9.645700935999999837e-02	1.363958690999999890e+00	8.361801811000000306e-01	-1.506088851999999978e+00	1.045986281000000018e+00	-9.770910373000000204e-01	3.253002202999999981e-01	1.286720636999999945e+00	-1.420624775000000062e+00	-2.277475802000000105e+00	1.028436893000000074e+00	1.173612308000000048e+00	2.971298737999999995e-01	1.343185432999999929e+00	-1.845306344000000043e-01	-9.705998155999999710e-01
-2.120840752999999967e+00	-1.626428945000000015e+00	1.050884820000000053e+00	1.236743055000000036e+00	4.361141570000000023e-01	7.400043830000000433e-01	8.811489528000000515e-01	-1.337855943999999964e+00	1.065960001000000101e+00	1.433274958999999904e-01	6.706225840000000493e-02	1.462517078999999942e+00	1.077377937000000063e+00	1.574716900999999947e+00	1.801457869999999906e+00	2.201301123000000137e-01	-9.397580865000000339e-01	1.267137152999999961e+00	1.780794044000000076e+00	-1.912482365000000017e+00	-2.569958281999999983e+00	-1.202205984999999977e+00	6.779697768000000346e-01	1.112309157999999965e+00	-1.187541235000000084e+00	-7.994225211000000053e-01	-5.831568433999999579e-01	1.508008138999999970e-02	2.791233536000000126e-01	-1.342819348999999995e+00	1.533545469000000105e+00	4.984096033000000037e-01	2.558518095000000270e-01	1.188563975000000106e+00	8.997855252999999998e-01	2.330599735999999922e+00	-1.370722124999999902e+00	3.388881827999999929e-01	-5.731903891999999834e-01	7.908448441000000273e-02	4.937336810999999881e-01	-9.135547419999999752e-01	-1.473607608000000013e+00	4.969532139000000237e-01	6.336645518000000310e-02	4.208382749999999839e-01	-2.982283586999999736e-01	2.720943161000000110e+00	1.181127787999999956e+00	-1.875025630999999970e+00	5.514607754000000472e-01	1.138057713000000026e+00	7.738206100000000198e-01	-6.339133586999999848e-01	1.109968019999999944e+00	-1.543798292000000127e-01	9.974952405000000466e-01	5.862430212000000473e-01	-5.227056836000000262e-01	-1.392862271999999901e+00	1.217589830999999956e+00	-2.737076504000000021e-01	-8.880789129999999698e-01	1.744338584000000081e+00	-5.755637529999999558e-01	-4.596121175999999808e-01
-2.163030029000000187e+00	-1.592344128999999997e+00	9.928924793000000193e-01	1.293635062999999974e+00	6.314757246000000102e-01	7.583008977999999844e-01	7.740973849000000184e-01	-1.667830603000000078e+00	1.009913671000000068e+00	-1.009646897000000099e+00	6.176797962000000336e-02	1.782902556000000027e+00	1.373676888999999957e+00	1.699227685999999959e+00	1.689362628000000033e+00	1.056531998000000000e-01	1.212101383999999893e+00	5.852180326000000488e-01	1.754525399999999902e+00	-1.650730226999999939e+00	-2.042322146000000060e+00	-1.021309543000000097e+00	5.272350292999999910e-01	1.234690054999999953e+00	-1.282390205000000005e+00	-7.001728477999999978e-01	-3.946461030000000259e-01	-1.272218225000000036e+00	1.148856458000000053e-01	-1.594463576000000105e+00	2.159304071000000214e+00	4.942258814000000111e-01	7.907845633000000207e-01	8.566292223999999456e-01	1.169343224999999986e+00	2.332046844000000174e+00	-1.229261316999999964e+00	1.675556116999999956e-01	-2.434400351000000073e-01	4.910567304999999827e-01	3.971999229000000020e-01	-8.458319438000000412e-01	-2.282512404000000217e+00	7.434374513000000517e-01	-6.420310692999999791e-01	-2.810445312999999834e-02	-1.831401256000000088e-01	3.937837270999999806e-01	1.239732618999999980e+00	-5.644512463999999952e-01	3.762175817999999783e-01	8.209130002000000204e-01	3.094984580000000041e-02	-4.241892526000000108e-01	1.866665628000000021e+00	-1.577603166999999917e+00	1.192795953000000075e+00	-3.607995666000000101e-01	-1.891780985000000026e+00	-1.315454018999999919e+00	7.041639979000000049e-02	7.366622731999999951e-01	-6.049115593999999652e-01	-3.691448662999999852e-01	-1.929722097999999886e-01	-6.170956998000000082e-01
-2.014267461999999842e+00	-1.664775316999999921e+00	9.015011735000000304e-01	1.245767797999999926e+00	4.552912089000000218e-01	7.496316942999999844e-01	7.702452139000000031e-01	-1.665774164999999973e+00	1.087017380000000033e+00	-2.307991033000000025e-01	-1.567910775999999951e-01	1.464291065000000058e+00	2.272031071999999874e+00	1.845359446000000014e+00	1.411941946000000003e+00	2.385107412999999954e-01	1.374671795999999890e+00	1.246813940000000009e-01	1.789025560000000015e+00	-1.803536980000000067e+00	-2.030929803999999894e+00	3.458910959000000007e-01	1.921688555000000131e-01	1.207990681999999927e+00	-1.310435663000000028e+00	-9.965823606000000501e-01	-6.902348178999999639e-01	2.016541135999999901e-01	-1.834482146000000063e-02	-1.066101519999999914e+00	6.717730083999999824e-01	4.953579900000000258e-01	1.402476392999999932e+00	7.656073050999999685e-01	1.181833839999999913e+00	1.664877085000000090e+00	-1.336039146999999927e+00	7.730001552999999914e-01	-1.088391249999999949e-01	7.827970141000000215e-01	4.150646880000000150e-01	-1.796745164000000061e+00	-1.558291190000000048e+00	1.319107035999999900e+00	-2.190389120000000023e-01	-8.414406009999999547e-01	-3.768100538999999971e-01	1.692919478000000089e+00	-5.106578932999999987e-01	-2.032519811999999870e+00	2.085033693999999826e+00	7.893873270000000275e-01	1.535211348999999892e+00	-7.237384213999999982e-01	5.300899220000000051e-02	7.845424103999999732e-02	1.592048997000000021e+00	1.377330611000000093e+00	-6.663195717000000018e-01	-9.207820498000000020e-01	6.361455325999999522e-01	6.074312168999999872e-02	-5.136034159000000265e-01	1.595334731999999978e-01	-1.844980564000000059e-02	-8.240399614000000206e-01
-1.866675770000000067e+00	-1.607775160999999953e+00	1.115466958999999925e+00	1.186318718999999966e+00	4.521685324999999978e-01	5.961991362999999877e-01	7.634044879000000394e-01	-2.058443841999999968e+00	9.346320769999999500e-01	5.209742654999999917e-02	2.356029511000000132e-01	6.113282853999999489e-01	1.149694259000000107e+00	1.764210507999999900e+00	1.356134111999999892e+00	4.400486873000000188e-01	1.446140755999999916e+00	-5.335896187999999984e-01	1.679650053999999892e+00	-1.631254986999999934e+00	-1.553745458999999940e+00	1.223418174000000080e+00	2.197062845999999958e-01	1.279905628000000073e+00	-1.736704062000000048e+00	-1.231467553000000104e+00	-1.042712260999999918e+00	9.733471422999999678e-01	-4.786433568999999832e-01	3.561149083000000187e-02	1.532376471000000073e+00	1.619112832000000057e-01	1.294717466000000039e+00	1.035871449999999916e+00	-1.108792568000000062e-01	1.487548762999999941e+00	-1.138893337999999922e+00	4.720156877000000195e-01	6.044124689000000133e-02	1.047725722000000026e+00	1.453227668000000028e+00	-9.813562885000000069e-01	-1.583502004999999935e+00	1.718334688000000110e+00	1.628649307000000102e+00	-3.171352831000000261e-02	1.083760735000000031e+00	4.401584885000000003e-01	-1.453463716999999988e+00	1.699700822000000056e+00	1.119037974000000046e+00	1.780880556000000059e+00	2.599918682000000203e+00	-1.208793074999999995e+00	1.105531067000000034e+00	4.516455301999999783e-01	1.969219711999999900e+00	3.092004096999999785e+00	2.117706072999999897e-02	2.274745929999999916e+00	-9.551874797999999611e-01	1.217388405999999978e+00	-6.514685559999999764e-01	2.111434269000000086e+00	7.511622228000000012e-01	-3.123788473999999926e-01
-1.928504084999999924e+00	-1.669328149000000039e+00	8.082092175999999739e-01	1.115590851999999966e+00	6.657173430999999697e-01	5.003552691999999524e-01	8.135081725999999680e-01	-2.118334748000000101e+00	1.060611441999999904e+00	4.423196412000000161e-02	2.874894729999999954e-01	1.404636226000000043e-01	1.342455222999999975e+00	1.743941956000000015e+00	1.594302944000000055e+00	4.271594431999999886e-01	7.836829462000000079e-01	-1.126806128999999990e+00	1.774786082000000098e+00	-1.536659162999999939e+00	-1.953191984999999908e+00	2.085109789000000047e-01	4.116584501000000174e-01	1.654039473000000093e+00	-2.022244240000000026e+00	-8.421502172000000508e-01	-5.851729490000000533e-01	1.940382817000000093e-01	-5.782439742999999632e-01	-1.172419263999999961e+00	9.492260483000000137e-01	6.657592173999999675e-03	1.495862734999999999e+00	3.893981628000000028e-01	1.155623271999999924e+00	2.130262371999999793e+00	-2.421581229000000057e+00	-4.009850660000000011e-01	1.952057973999999918e-01	1.261097732000000082e+00	8.285705268999999928e-01	-5.318752035999999572e-01	-4.600135948999999891e-01	1.638396898999999962e+00	2.123069439000000003e+00	6.538892990000000349e-01	-5.444612027000000215e-02	1.371058121999999990e+00	-1.359617561000000086e+00	-5.887705235000000314e-01	-1.546224647999999924e+00	4.145069987000000178e-01	3.541784418999999740e-01	-8.285577142000000173e-01	7.744904527000000538e-01	-5.566812949999999649e-01	1.636415597000000055e+00	1.589824815999999919e+00	1.231242059000000055e-01	7.953465645000000472e-02	2.061163819999999980e+00	8.735092667999999616e-01	-3.548479634000000216e-01	1.176980174999999962e+00	1.329079375000000063e+00	2.971653220000000095e-01
-1.849020125000000014e+00	-1.621812304999999954e+00	1.102484602000000091e+00	1.273844465999999898e+00	5.094412030999999619e-01	6.107390727999999491e-01	9.052740746999999866e-01	-1.992475749000000018e+00	1.056292476000000091e+00	-3.798407986999999958e-02	6.539713795999999579e-01	-7.663995020999999630e-01	1.207284191000000062e+00	1.626903575000000046e+00	1.530330798999999908e+00	8.701700722999999860e-01	-3.864614511000000197e-01	-3.999231581000000091e-01	1.156983040000000074e+00	-1.394470678000000019e+00	-1.823000021999999998e+00	-9.326524486999999697e-01	1.761193232999999914e-01	1.673592535000000048e+00	-2.020526609000000029e+00	-7.674495985999999492e-01	-9.161312871000000246e-01	9.557268614999999690e-01	-5.169220575999999845e-01	-5.327878851999999776e-01	1.514783994999999939e+00	3.357136493999999804e-01	1.978462901000000107e+00	2.952038996999999942e-01	7.059483029999999992e-01	1.505134776000000008e+00	-1.640702563000000058e+00	-8.038375815999999618e-01	5.134275544999999941e-01	5.304534056999999914e-01	3.597635741999999914e-01	-8.047235498999999459e-01	-2.744126381000000059e+00	9.545544043000000478e-01	1.590517479999999928e+00	1.252784772000000046e+00	-9.574379401999999484e-01	1.629865810999999942e+00	-1.857118748999999902e-01	-1.651782708000000044e+00	7.838033661000000096e-01	1.648060209000000054e+00	7.951814587000000101e-01	-1.557117577000000086e+00	1.565409821999999895e+00	4.894637195000000052e-01	2.118932768000000078e+00	1.869865585999999968e+00	-1.342945233000000016e+00	-2.394985755000000049e-01	1.550560498000000065e+00	2.054725625000000111e+00	5.258635479000000057e-01	5.005092326000000202e-01	8.150339736999999696e-01	-3.133646963000000230e-01
-2.005548271999999965e+00	-1.643135889000000072e+00	1.031552860999999988e+00	1.183595701000000000e+00	5.309033942999999978e-01	6.696166198999999875e-01	9.827370454999999616e-01	-1.710136314000000102e+00	1.149055959000000016e+00	-3.028421888000000228e-01	2.940280715999999961e-01	-4.935920865000000268e-01	1.175447877000000085e+00	1.614042001000000059e+00	1.946600523000000083e+00	7.070047582999999802e-01	-1.386192099999999927e+00	1.067523320000000053e+00	1.320070800000000100e+00	-1.276753151000000086e+00	-1.997007160999999975e+00	-1.307118138999999957e+00	2.686216224999999902e-01	1.674514220999999914e+00	-1.843858111999999938e+00	-5.311185752999999510e-01	-7.821541238000000451e-01	6.130259458000000133e-02	-3.272183399999999964e-01	-6.884865301000000493e-01	1.278579142999999974e+00	-7.512948070000000089e-02	1.767979009999999906e+00	3.560621429999999976e-01	9.643814239000000343e-01	2.156856965999999876e+00	-1.699067982999999948e+00	-4.676266130999999771e-01	2.890689556000000104e-01	1.335839333000000129e-01	5.999460435000000258e-01	-6.333973583999999990e-01	-5.176360805999999926e-01	8.174388610999999694e-01	1.277108925000000061e+00	1.308692165000000074e+00	-8.665496807000000468e-02	4.626540781999999852e-01	9.670208650999999600e-01	-1.313640174000000105e+00	-2.596108055999999942e-01	1.597402446000000031e+00	1.376206775999999909e-01	-4.773573682999999734e-01	1.204580511000000076e+00	-1.252627528999999962e+00	1.717507118999999971e+00	2.275595988000000125e-01	3.639421174999999953e-01	-9.628494378999999936e-01	7.447816805000000151e-02	-3.338045211000000012e-02	-2.030190828000000003e-01	1.297336668000000026e+00	1.357051843000000035e+00	-2.446202389999999893e-01
-1.824117170999999926e+00	-1.617269000000000068e+00	8.870219948999999993e-01	1.231317129000000010e+00	7.443786406000000300e-01	6.178023674999999493e-01	1.097780140000000015e+00	-1.551610954000000042e+00	1.072036828000000108e+00	1.555042905000000031e-01	6.985115302000000082e-01	1.211805993000000026e+00	1.187765925999999972e+00	1.738907849999999922e+00	1.167060366999999932e+00	8.254714723999999615e-01	-7.835982135000000293e-01	1.574750582999999926e+00	1.160726648000000027e+00	-1.430879969999999890e+00	-1.574097520000000028e+00	-3.371805781000000168e-01	3.089987958000000035e-01	1.774835163000000104e+00	-1.634556061999999921e+00	-4.617528331999999902e-01	-1.405275826000000006e+00	1.772484161000000003e-01	3.963515981999999882e-01	-5.642342832000000197e-01	1.338354500999999974e+00	-8.367911560000000637e-02	1.575563057000000100e+00	2.368479314999999974e-01	1.201242860000000023e+00	1.850938653000000045e+00	-1.226859745999999918e+00	3.581723509999999999e-01	2.005137580999999947e-01	-5.380125879999999583e-01	-5.058473572000000279e-02	-8.644390928999999835e-01	-2.408051550000000152e+00	9.386747542000000166e-01	4.967046081000000002e-01	7.829629860000000274e-01	-6.263885499000000356e-01	1.646553189000000028e+00	9.179404358999999625e-01	-1.255644251000000100e+00	-4.640842670999999892e-02	1.909765262999999935e+00	8.280660989000000471e-01	-1.835218535000000095e+00	1.734805485999999952e+00	-1.325346232000000013e+00	1.420373507000000091e+00	1.412849446000000064e+00	3.174410340000000108e-01	-1.562586363999999950e+00	1.529677033000000019e+00	3.599643169000000253e-01	-1.161866129000000081e+00	1.476648018999999978e+00	1.698758575999999909e+00	-7.317262987999999524e-01
-1.840659857999999982e+00	-1.581920506999999976e+00	1.141208387999999907e+00	1.248408983000000028e+00	4.692146198000000101e-01	7.043665215000000090e-01	1.058103892999999962e+00	-1.406807491999999993e+00	1.278498660999999981e+00	-5.399571507000000548e-01	6.182162695999999791e-01	1.789502946999999899e+00	1.161072601999999954e+00	1.623006889000000008e+00	1.645449203999999943e+00	6.723190084000000288e-01	5.589240011999999647e-01	1.451918811999999948e+00	8.530269017999999592e-01	-1.444571537000000072e+00	-1.910675734000000014e+00	-2.834326404999999993e-01	2.217120180999999912e-01	1.559585398000000067e+00	-1.179732513999999899e+00	-3.281762301000000215e-01	-1.071591393999999919e+00	1.152033569999999951e+00	6.571870130000000421e-01	-5.631233544999999507e-01	2.448786699999999872e+00	3.756609080000000156e-01	4.227429959999999820e-01	2.413635892999999866e-01	7.688515143999999912e-01	1.093980071999999915e+00	-9.149343013999999830e-01	6.399083004000000185e-01	5.374436460000000526e-01	-7.974114019000000386e-01	-4.975810156000000095e-01	-6.830623200000000006e-01	-1.477595927999999947e+00	1.021858608999999918e+00	7.822972873000000327e-01	5.111910104000000343e-01	4.345375357000000327e-02	1.822716162999999945e+00	3.541091258999999880e-01	-8.441650968999999671e-01	5.089844628999999898e-01	8.653189733999999689e-01	1.463619766000000100e+00	-3.690753929999999738e-01	9.700421018999999534e-01	-4.889212847000000139e-01	1.335595062000000111e+00	8.091969294999999951e-01	-6.789639066999999528e-01	-1.613524854000000008e+00	9.625166475999999971e-01	4.830962782000000066e-01	9.345704773999999881e-01	1.719518738999999963e+00	1.143580124999999947e+00	-9.630393326999999726e-01
-2.043425255999999912e+00	-1.591696315000000084e+00	1.023994883000000078e+00	1.209911226000000006e+00	5.208846603000000242e-01	5.951514952999999997e-01	8.177160069000000142e-01	-1.711751283999999984e+00	1.117922682999999973e+00	-6.080699045999999885e-01	5.370142096000000143e-01	1.809639806999999934e+00	2.310475759000000018e+00	1.799091218999999908e+00	1.589037084999999960e+00	1.893615928000000059e-01	1.748001821999999983e+00	8.949713740000000417e-01	1.201168186999999943e+00	-1.194237291999999950e+00	-1.382042691000000101e+00	-5.498994258999999607e-01	6.501337114999999889e-02	1.628259391000000056e+00	-1.161718156000000057e+00	-2.821822910999999823e-01	-7.205011969000000294e-01	5.971089752000000028e-02	1.387969696999999947e-01	-1.165627922000000094e+00	1.978549305999999897e+00	6.883031507000000326e-01	6.711747497000000173e-01	-2.704971012999999869e-01	9.924030284999999507e-01	1.213378343000000026e+00	-8.131751015000000526e-01	1.261305219000000033e+00	3.741170791000000273e-01	-6.517725666999999445e-01	-1.681525682999999993e-01	1.408370176000000029e-01	-1.975643677999999959e+00	1.235107672999999906e+00	-2.118003815000000026e-02	6.884523888999999341e-02	7.770866950000000495e-01	2.495663693000000072e-01	-2.084541025999999964e-01	6.042426949000000436e-01	1.202323516999999953e+00	-1.259204926999999974e-01	1.830352506000000046e-01	-1.031167010999999967e+00	1.449903581999999913e+00	-1.368423662000000096e+00	5.306477952000000498e-01	6.326442229999999778e-02	-1.270663494999999976e+00	-2.979092107999999905e-01	2.236406703000000037e-02	-8.951057786999999655e-01	-4.431308194999999950e-02	3.934895981000000043e-01	2.355618765000000003e+00	-4.409546077000000008e-01
-1.970061367000000008e+00	-1.631391939000000013e+00	9.915590386000000533e-01	1.225108065999999996e+00	6.321592538000000427e-01	6.513931659999999679e-01	9.171449838999999882e-01	-1.831248916000000060e+00	1.109395475999999992e+00	9.773060858000000295e-02	8.086094624999999869e-01	1.185339708000000103e+00	1.426245710000000111e+00	1.948160241000000070e+00	1.360876055000000084e+00	-2.101786141000000149e-02	1.968631658999999923e+00	-7.504377002999999824e-02	1.328050088999999989e+00	-1.742508230999999963e+00	-1.489029084000000003e+00	7.305171851999999744e-01	-6.874950204999999426e-02	1.813919381999999914e+00	-8.279470554000000204e-01	-3.672131151999999954e-01	-9.414785007000000538e-01	3.933287994000000259e-02	3.294645878999999944e-01	-1.040662943000000062e+00	9.460405208000000066e-01	8.591582490000000405e-01	1.047308872999999974e+00	-1.499379770000000035e-02	1.116158707000000083e+00	1.114542496000000105e+00	-8.397323684999999927e-01	1.495228798999999942e+00	4.211215844999999791e-01	-5.779509806999999499e-01	-4.436150986999999879e-01	-6.214482879000000209e-02	-1.116989938999999987e+00	1.496930335999999917e+00	8.926041321000000028e-01	-1.234057528000000008e-02	-4.297191175000000252e-01	1.167237622000000030e+00	-5.836452640999999497e-01	-1.931682942999999986e+00	1.697911072999999993e+00	-5.049404522999999534e-01	7.566146848000000480e-01	-1.137954324000000073e+00	-4.051214202999999792e-01	-1.413209584000000074e+00	5.082515061000000278e-01	8.866315800999999830e-01	-1.276687230999999922e+00	-8.283333054999999501e-01	5.006756597000000530e-01	2.120080581000000075e-01	4.521341688000000136e-01	1.239620281999999962e+00	2.581291118000000218e+00	-5.940523675000000114e-01
-2.028337114999999802e+00	-1.639010679000000081e+00	1.206763296999999957e+00	1.203180171000000076e+00	5.637269061999999886e-01	5.350536616000000079e-01	7.630285123000000169e-01	-2.075260117000000015e+00	1.206039233999999905e+00	-4.975053044000000285e-02	8.534973649000000551e-01	2.250207563999999938e-01	1.091680376000000008e+00	1.907352021999999980e+00	1.618958601000000108e+00	-1.150924765999999932e-01	1.287500918000000105e+00	-6.746729327999999581e-01	1.176933004999999977e+00	-1.826378631999999946e+00	-1.728737184000000093e+00	1.040682689000000050e+00	-1.185395935999999928e-02	1.400583434000000072e+00	-8.089544726999999824e-01	-3.987732857999999880e-01	-4.314532738999999895e-01	3.596013195000000162e-01	-4.161700580000000232e-02	-8.704274654000000444e-01	2.174930081999999931e+00	1.276744507999999945e+00	9.528434519999999797e-01	-5.497266863999999802e-03	6.822535027999999668e-01	1.395902968999999993e+00	-7.678335329000000042e-01	1.527443488000000071e+00	2.596396273000000088e-01	-5.270801160000000429e-01	-1.904162856999999931e-01	2.456336568999999970e-01	-6.956962371999999561e-01	1.644217491000000031e+00	1.955438011000000031e+00	2.355254525000000099e-01	5.601384379999999746e-02	6.926004677999999526e-01	-1.112607555000000081e+00	-2.002679375000000039e+00	-4.216840107000000004e-02	-9.929070827999999516e-01	-3.667495606999999769e-01	-2.809284642000000165e+00	5.999084107000000055e-01	1.705860665999999970e+00	2.872287782999999872e-01	1.291018003000000025e+00	-1.819279375000000032e+00	2.055812756000000019e-01	1.282846004000000040e+00	9.920652902000000051e-01	-1.247046104999999933e-01	1.754863617999999903e+00	1.810497357000000029e+00	-5.858705601000000485e-01
-1.953058972000000004e+00	-1.616671406999999894e+00	9.576424403000000085e-01	1.084365076999999955e+00	6.601216228999999824e-01	6.524678217999999585e-01	8.885797455999999706e-01	-2.047045167999999915e+00	1.269815992000000060e+00	-2.291463440000000018e-01	8.150735449999999549e-01	-2.987302920000000084e-01	1.181220748000000098e+00	2.021476266000000077e+00	1.772888491000000011e+00	-1.676469201000000131e-01	3.674104684000000232e-01	-1.230251049999999902e+00	8.746845843999999648e-01	-2.075879460999999981e+00	-1.848387776999999899e+00	2.969592271000000006e-01	7.254221876999999985e-02	1.591193252999999919e+00	-4.243106295999999888e-01	-2.607385655000000191e-01	-6.202618671999999833e-01	2.070841125000000005e-01	-2.444995028000000042e-02	-1.146268732000000012e+00	1.567151723000000052e+00	1.369375988000000044e+00	1.439784991000000014e+00	2.098929854999999900e-01	1.613751581999999907e+00	1.272248062999999929e+00	-8.272405592999999557e-01	1.633884523000000089e+00	-3.215913984000000059e-01	-3.638350486999999966e-01	8.712231126000000159e-02	7.491215055000000067e-01	-1.927074600999999943e+00	1.505351668000000087e+00	1.805252931999999921e+00	2.325019805999999911e-01	2.071001924999999952e-02	1.805255338000000043e+00	-2.870509160999999976e-01	-2.351479195000000022e+00	-1.281870732000000013e+00	-1.250575144999999999e+00	-1.307590723999999982e+00	-1.461598063999999919e+00	6.660054655999999573e-01	-8.330269517999999707e-01	5.217621874000000215e-02	8.451267247999999510e-01	-1.601936720000000092e+00	-1.595170998000000062e-01	7.917329015999999831e-01	4.190494261000000109e-01	1.239127172999999971e+00	1.840005056000000083e+00	1.895674225000000046e+00	-2.833050228999999809e-01
-1.860349932000000095e+00	-1.551576515999999906e+00	1.030862836999999921e+00	1.189755842999999924e+00	5.670355013000000222e-01	6.601318388000000370e-01	1.023642238999999954e+00	-1.976327713000000097e+00	1.158222832999999952e+00	-3.754994231000000071e-02	9.873107762999999704e-01	-7.970417994999999811e-01	1.274147254000000062e+00	1.830343118999999907e+00	1.376351294000000003e+00	-2.362032847000000019e-02	-2.956966086000000216e-01	-3.240477680000000138e-01	3.398382047999999878e-01	-2.223231301999999854e+00	-1.885645161000000014e+00	-5.785445044000000481e-01	8.565708401999999611e-02	1.375219238999999982e+00	-2.239521791999999900e-01	9.873334247999999980e-02	-4.937568779000000019e-01	1.469265311000000018e+00	3.439572949999999962e-01	-4.840219554999999896e-01	1.554431936000000070e+00	1.444802042999999925e+00	1.700037701999999928e+00	6.004388781999999702e-01	1.543203754999999955e+00	9.592735009999999729e-01	-7.652591397000000351e-01	1.609690341000000080e+00	-4.165393559000000190e-01	-6.844746467000000223e-01	-2.598563029000000024e-01	3.860704173000000239e-01	-2.191661921000000124e+00	1.277966869999999977e+00	1.203051091000000072e+00	4.617341563999999843e-01	-7.406872217000000369e-02	9.787017905999999545e-01	6.459045485999999336e-02	-1.890322185000000044e+00	1.079186275999999972e-01	7.154136539000000017e-01	1.667993706999999937e+00	-1.670585181999999946e+00	1.640711231000000048e+00	-5.322574745999999468e-01	2.817243307999999780e-01	2.527303777000000196e+00	-1.675886583999999901e+00	-1.579302095999999933e+00	1.613858342999999973e+00	1.348219582000000027e+00	-7.031089981999999461e-01	2.281895984000000155e+00	1.315238589000000013e+00	-2.366352438000000058e-01
-2.014797553999999824e+00	-1.627139592000000023e+00	1.077946668000000052e+00	1.147040636000000058e+00	5.924454458000000256e-01	6.841595633999999482e-01	9.797381000999999534e-01	-1.919654776000000007e+00	1.077536360000000082e+00	3.802246090999999995e-01	5.235412136000000549e-01	-1.045304028999999968e+00	9.285429320000000430e-01	1.746644926999999958e+00	1.858959519999999976e+00	-1.370358562000000002e-02	-1.187686369999999991e+00	7.758552583000000169e-01	2.087627696999999893e-01	-2.026845334999999970e+00	-1.663760600000000034e+00	-1.334389824000000058e+00	4.011784134999999973e-01	1.383122747000000041e+00	1.574622068000000041e-01	8.458021081000000052e-01	-2.108089200000000107e-01	5.765546442000000216e-01	1.814876547000000007e-01	-8.698506231000000533e-01	1.719880523000000050e+00	1.588819156000000010e+00	1.229503417000000098e+00	9.341503746000000552e-01	8.161627825999999697e-01	1.448528819999999939e+00	-8.313923277000000445e-01	1.323192711999999993e+00	-4.719992755999999900e-01	-5.565124085000000553e-01	-9.258973772999999630e-02	7.170652749000000492e-01	-1.031110718999999953e+00	8.844704302000000462e-01	9.743730855000000135e-01	7.186763752999999477e-01	3.176997313000000100e-01	9.079557687000000543e-01	1.131290195000000054e+00	-1.437881449000000034e+00	-9.093932420000000461e-01	1.439559760999999938e+00	-3.074538524000000050e-01	-1.379389310000000091e+00	6.376961559999999585e-01	-1.146823861000000111e+00	9.167740447000000126e-02	5.678873921999999519e-01	-7.055112515000000473e-01	-6.957400271000000469e-01	9.275857691000000127e-01	5.028780300999999842e-01	4.169878797000000081e-01	1.282772950000000023e+00	1.762587754999999978e+00	3.681349908000000060e-01
-1.886342790999999908e+00	-1.588120329000000108e+00	8.882686344000000345e-01	1.186742202000000024e+00	7.842316281000000222e-01	4.644379245999999961e-01	1.084047442999999999e+00	-1.704066955000000050e+00	1.113794394999999993e+00	-4.736208601999999934e-01	1.865674713999999901e-01	3.987811736999999912e-01	8.825508405999999972e-01	1.650053229999999926e+00	1.210487523000000065e+00	3.075937072000000105e-01	-1.490806054999999963e+00	1.370799313000000019e+00	2.356979059000000043e-01	-2.303359402999999972e+00	-1.595268740999999935e+00	-7.854505685999999542e-01	5.272364805000000487e-01	9.614056466999999495e-01	3.425614429000000127e-01	9.538452575000000433e-01	-3.823771939999999758e-01	1.216311847000000057e+00	9.304309606999999760e-01	-8.159791559000000305e-01	1.231245184000000048e+00	1.496814528000000033e+00	2.141414237000000220e+00	1.118895533000000109e+00	1.332296072999999970e+00	1.546106509999999989e+00	-6.357816419999999802e-01	1.460742057000000038e+00	-6.380678823000000000e-01	-7.725978741000000261e-01	2.833758757000000017e-01	1.033412677999999918e+00	-1.378191125999999933e+00	1.115684252000000098e+00	7.195759835999999965e-02	2.658981098000000043e-01	1.612074799999999863e-01	1.601866897000000067e+00	1.403480110000000058e+00	-1.552141374999999934e+00	-6.425657474999999508e-01	2.146181046000000148e+00	9.735585427999999819e-01	-2.000353227999999817e+00	6.423121243999999619e-01	-1.012835039999999909e+00	3.910408302000000225e-01	1.547790035000000008e+00	-1.996482900000000060e-01	-2.058495730000000190e+00	1.116102900000000009e+00	-1.407317019000000058e-01	-6.645446103000000049e-01	7.833051716000000164e-01	1.662724859000000110e+00	-8.268847121000000300e-01
-1.787500517000000011e+00	-1.528150228000000110e+00	9.484215096000000456e-01	1.299279067000000065e+00	6.297829884000000211e-01	7.620964144999999856e-01	1.095796175999999900e+00	-1.516933996999999978e+00	1.159862882999999956e+00	3.421652886000000060e-01	7.475624873000000226e-02	1.519486402999999930e+00	1.201871354999999975e+00	1.558458370000000093e+00	9.245800122999999759e-01	5.076120573000000302e-01	-6.640972665000000053e-01	1.450916705000000029e+00	2.961726445999999791e-01	-2.201466829000000125e+00	-1.972164024000000015e+00	-2.508272094999999813e-01	7.237630740999999590e-01	8.481336793999999513e-01	6.936088314999999671e-01	1.164681019999999956e+00	-3.649205628000000146e-01	1.971073155000000021e+00	1.065571934000000054e+00	-6.074005032999999498e-01	2.190603086999999949e+00	1.798721867000000030e+00	2.756719075000000144e-02	1.442191530999999971e+00	1.433330183999999896e+00	1.293626836999999918e+00	-7.602526321000000475e-01	1.333465592000000033e+00	-5.828088385999999690e-03	-1.002185907999999959e+00	7.174317860000000158e-01	9.312689627000000359e-01	-2.389978446000000201e+00	1.356153613999999896e+00	-3.460723679000000247e-02	3.499664209000000192e-01	4.578848092000000203e-01	1.138143858000000064e+00	5.113950821999999619e-01	-4.064408447999999785e-01	1.318985464999999913e-01	1.757040681999999965e+00	1.622814535999999919e+00	-8.985764465000000145e-01	1.736188496999999942e-01	-7.450381720000000263e-02	4.628652802000000066e-01	2.535082886000000091e+00	-9.719628258000000409e-01	-7.147264911999999804e-01	1.245166065000000044e+00	-2.503109150999999755e-01	5.806574866000000501e-01	8.605280755999999975e-01	8.078627443000000463e-01	-6.592413325999999518e-01
-1.976673603000000057e+00	-1.566992568000000086e+00	1.104999524999999982e+00	1.251829002000000024e+00	6.481288584000000075e-01	6.036438373000000412e-01	9.900068807999999887e-01	-1.621871062999999946e+00	1.187191356999999892e+00	-2.988745458000000021e-01	-2.664238299999999726e-01	1.617039797999999973e+00	1.314174034000000102e+00	1.559914768000000063e+00	1.207076795000000091e+00	3.824240400999999734e-01	1.125822788000000019e+00	7.867024363000000298e-01	4.656751976999999876e-01	-1.557405946999999902e+00	-1.778175971000000022e+00	-8.101196150999999679e-01	4.402829510999999862e-01	9.693384291000000097e-01	1.039424992000000048e+00	1.956934979999999991e+00	-3.517358118999999728e-01	1.332658847000000035e+00	5.904481086999999739e-01	-7.331186729999999985e-01	2.880775386999999910e+00	2.379065060999999925e+00	6.820301013999999773e-01	1.171690321000000035e+00	1.249778056000000026e+00	1.158624670000000023e+00	-8.146098581999999810e-01	2.931794811999999806e-01	5.135158007000000246e-01	-4.352598017000000041e-01	1.182176101000000035e+00	1.471561644999999974e+00	-1.213941458999999945e+00	1.295882610000000046e+00	-6.310470451999999897e-01	1.910670156000000008e-01	1.207224773999999945e+00	7.513909809000000051e-01	4.265122027000000093e-01	7.763495180999999690e-01	1.196884854999999970e-01	7.686233859000000113e-01	1.117642075999999984e-02	-1.544697326000000093e+00	5.841318851000000256e-01	-1.719325706000000009e+00	1.272349530000000062e+00	5.534443873000000069e-01	-1.216813750000000027e+00	-1.220858184999999985e+00	4.386357636999999726e-02	-7.265886095000000378e-01	-2.385153050000000108e-01	2.207345958999999969e-01	8.308622366000000259e-01	-3.921622976999999954e-01
-1.844000695999999939e+00	-1.584029413000000108e+00	8.136264269999999854e-01	1.261285604000000005e+00	7.782266513000000163e-01	6.415190033000000014e-01	1.035949704000000082e+00	-1.712430273000000058e+00	1.183533670000000093e+00	-2.960382804000000201e-01	-2.865819056999999725e-01	1.355275873999999936e+00	2.108354536999999862e+00	1.683286663000000072e+00	9.725615093999999683e-01	3.686226484999999831e-01	1.536489945000000024e+00	2.373599403999999968e-01	9.473565962000000118e-01	-1.380906709000000010e+00	-1.644453393000000041e+00	7.655395316999999977e-01	2.925057517999999912e-01	7.872558310999999698e-01	1.091481815000000077e+00	1.832659562999999991e+00	-9.119618807999999577e-01	1.542092341000000033e+00	6.358463461000000150e-01	-9.826421185000000502e-01	1.628119587000000035e+00	2.267126165000000082e+00	1.186371644000000058e+00	1.164431562000000087e+00	2.159650865000000142e+00	9.814624966999999645e-01	-1.316221370000000057e+00	3.212188428000000151e-01	6.595782410999999623e-01	-3.129442708999999878e-01	1.372927280000000083e+00	1.174610920999999975e+00	-1.681154738000000037e+00	1.608109822000000078e+00	8.041053318999999977e-01	-4.253940296000000010e-01	5.355601698999999938e-01	5.989016242000000378e-01	-7.586087618000000310e-01	-3.534852760999999954e-02	1.779909712000000033e+00	8.034645846000000591e-02	-1.177573122000000055e-01	-1.332405395999999964e+00	-1.072027403999999962e+00	-6.698271415000000076e-03	1.161862568000000095e+00	2.069623517000000135e+00	-1.027038563000000071e+00	-5.140608244000000049e-01	1.115522695999999980e+00	5.055089920999999986e-01	2.259339267000000026e-02	-1.278732563999999960e-01	1.276281581999999970e+00	-2.771521344000000275e-01
-1.804898955000000083e+00	-1.548405763999999962e+00	1.008752706000000110e+00	1.212945029999999980e+00	7.076372311999999942e-01	6.692248399000000347e-01	1.019066903999999996e+00	-1.901969897000000076e+00	1.431211717000000050e+00	1.281498343999999956e-01	1.394208748000000109e-01	3.215189837999999911e-01	1.029633057999999934e+00	1.717690885999999972e+00	1.021787063999999967e+00	6.250827515000000334e-01	1.281326842999999993e+00	-6.354515687999999773e-01	7.190809865999999717e-01	-1.053220692000000014e+00	-1.782092398999999938e+00	1.872651709000000109e+00	2.087201367000000030e-01	1.072874410999999917e+00	1.015316928000000063e+00	1.816655074999999897e+00	-9.284385324999999689e-01	2.243564005000000083e+00	4.500377555000000251e-01	-4.400985591000000086e-01	2.417027243999999797e+00	2.461931239000000105e+00	1.294796762000000045e+00	8.324178059000000296e-01	1.623242936000000025e+00	7.212992526000000515e-02	-1.082795181999999912e+00	8.575475545000000796e-03	9.426899393000000016e-01	-3.258002033999999880e-01	5.913832542000000414e-01	8.978814201000000494e-01	-1.772483588999999915e+00	2.077883341000000161e+00	1.453071967999999936e+00	-8.831113492000000620e-02	2.556436155000000113e-02	1.164542965000000097e+00	-2.997299647999999817e+00	-9.894836996000000440e-01	1.394616465999999999e+00	3.152426556999999852e-01	4.558918589000000021e-01	-1.950703182000000036e+00	7.497390330000000547e-02	1.221180954999999901e+00	1.700561677000000049e+00	3.627144573999999899e+00	-1.303069054999999921e+00	1.000398222000000059e+00	-4.635864881000000270e-01	9.345349954999999653e-01	-1.055408918999999925e-02	2.184985613999999909e+00	6.904356182999999980e-01	-1.372125378000000062e-01
-1.966109676999999945e+00	-1.569257120000000061e+00	9.567732810000000310e-01	1.143462256000000066e+00	6.384029879000000518e-01	7.833100181000000051e-01	9.667395736999999656e-01	-1.972979561000000048e+00	1.575534894000000019e+00	-1.057637294000000061e-01	2.920598249999999951e-01	-4.121008348999999904e-01	1.228572883000000004e+00	1.833138874000000085e+00	1.356026839000000095e+00	5.124709909000000341e-01	3.197330314999999867e-01	-1.013814023999999980e+00	8.210137042999999801e-01	-8.797202277000000237e-01	-2.349090853999999950e+00	1.008199971000000028e-01	2.111587453999999864e-01	1.405045137000000111e+00	1.166170786999999986e+00	1.954077045000000012e+00	-3.895666736000000241e-01	1.336883448999999890e+00	2.272072344999999938e-01	-5.443755519999999848e-01	1.771076352999999992e+00	1.956606661999999996e+00	1.944356050999999974e+00	3.873072633999999903e-01	2.246230563000000124e+00	-9.213630470000000461e-02	-8.453034407999999722e-01	-1.224409275999999991e-01	8.031400643999999645e-01	-5.829370526000000191e-02	1.345751551999999907e-01	1.184203896000000089e+00	-1.167999382999999947e+00	1.758620827000000109e+00	1.723006599000000083e+00	7.856756404000000416e-01	1.107711262999999891e+00	-3.228267439999999988e-01	-1.800403312000000033e+00	3.179368340000000015e-01	-1.469796754000000094e+00	-7.364651280999999772e-01	-4.720943492999999935e-01	-7.869732606999999547e-01	6.395378039000000348e-01	-1.515808846000000099e+00	1.461141870999999925e+00	2.269536383999999796e+00	-4.994173693000000247e-01	1.422395937999999971e+00	1.130457609000000030e+00	1.165788177000000037e+00	4.966254305000000202e-01	2.559889247000000090e+00	1.089164865999999954e+00	9.724089270000000340e-01
-1.907850964000000094e+00	-1.579596543999999936e+00	8.057766119000000504e-01	1.270624286000000103e+00	8.945652413000000358e-01	7.799402964999999632e-01	1.158983286000000001e+00	-1.920961539000000107e+00	1.349532294999999937e+00	3.449188502000000156e-01	6.470713958999999571e-01	-1.089841749000000082e+00	1.016644679000000107e+00	1.754471536000000054e+00	1.184674285000000049e+00	5.551523565000000549e-01	-1.323996214000000005e-01	-1.155646654000000023e-01	5.554937985000000245e-01	-1.067267114000000072e+00	-2.201546142000000206e+00	-5.292661352999999957e-01	-3.301938917000000161e-03	1.616924435999999909e+00	1.152134911000000095e+00	1.804054389000000036e+00	-7.390631884999999679e-01	1.290176111000000070e+00	6.612020173999999528e-01	-4.762716076999999881e-01	1.982387357999999988e+00	1.450839400000000001e+00	2.126588512000000097e+00	-1.524285239000000014e-01	2.285624182999999920e+00	-4.038731374999999790e-01	-2.260857716999999933e-01	8.078575835000000038e-02	7.567831136999999542e-01	-1.264669087999999997e-01	-3.537831645999999775e-01	4.134123547999999926e-01	-2.116507168000000050e+00	1.019039569999999895e+00	1.847096545000000090e+00	7.961806342999999675e-01	-1.102383027999999932e-01	1.142106440999999917e+00	-4.549926207000000167e-01	-1.768989479000000031e+00	6.666473323999999590e-01	7.658636854000000493e-01	-1.015301527000000009e-01	-1.313580234000000013e+00	1.163805575999999897e+00	-2.582725287000000036e-01	1.737286813999999957e+00	1.842749576999999972e+00	9.742831517000000163e-02	-7.264194287999999888e-01	1.310714230000000091e+00	1.434933782000000102e+00	-1.010614040000000102e+00	2.615324359000000154e+00	1.209658042999999905e+00	1.364371699000000104e+00
-1.924410133999999939e+00	-1.597338769999999908e+00	1.017789674000000089e+00	1.298331485000000063e+00	6.534147693999999840e-01	7.861990737999999812e-01	1.071903822999999978e+00	-1.709074613000000076e+00	1.593682054000000070e+00	-1.356048038000000067e-01	6.427501858999999929e-01	-2.068286756000000115e-01	1.194800013000000050e+00	1.794831040000000044e+00	1.153525107999999966e+00	5.845492732000000524e-01	-1.387894245000000026e+00	1.529116270000000055e+00	-1.524817532999999947e-01	-1.068468876000000067e+00	-2.333491958000000199e+00	-4.409538492000000254e-01	4.265878030999999959e-01	1.763399257000000109e+00	1.407263477999999957e+00	1.684615235999999960e+00	-7.511574417999999920e-01	1.906706701000000059e+00	8.416402096999999749e-01	-2.014238874000000012e-01	1.866245750999999897e+00	9.254641355999999597e-01	1.933761896999999896e+00	1.475361820999999962e-01	1.857949105000000101e+00	-7.660754394000000023e-01	2.006758325999999926e-01	4.080926648000000045e-01	1.012870828000000056e+00	-4.283451424999999979e-01	-4.386665243999999797e-01	-9.169211837999999837e-01	2.398310844000000053e-01	1.166049276000000079e+00	1.366921733999999944e+00	1.434231393999999993e+00	1.360303690999999926e-01	1.155440040000000002e+00	4.560253478999999888e-01	-1.635299856000000052e+00	-5.065267554000000283e-01	1.286832551999999907e+00	9.109516697999999746e-01	-1.009066004999999988e+00	9.890588284000000341e-01	-5.547940305999999877e-01	1.545922668000000000e+00	1.913150699000000010e+00	-1.240626797000000080e-02	9.485252056999999848e-01	7.987543056000000474e-01	2.322314524999999907e+00	1.650942222000000070e+00	2.882296747999999909e+00	7.288744003999999554e-01	9.661857023000000044e-01
-2.032435267999999962e+00	-1.585052090000000025e+00	9.007207917999999758e-01	1.336219263999999907e+00	9.667809225000000284e-01	5.988904527999999727e-01	1.047816748000000020e+00	-1.697505365999999905e+00	1.596852511000000030e+00	-2.992612736999999967e-01	4.333918326000000265e-01	1.052047058999999951e+00	1.067240822000000033e+00	1.588971383999999931e+00	1.046733635000000051e+00	4.037852914000000237e-01	-1.390283453999999974e+00	1.347365026000000077e+00	-2.424875645000000024e-01	-8.400702183999999573e-01	-2.221312574000000151e+00	-3.588530864000000209e-01	-7.076004787000000212e-03	1.782740973999999978e+00	9.874309899000000001e-01	1.440466020999999985e+00	-3.737145864000000067e-02	9.710609921999999727e-01	5.894123466999999783e-01	-3.675996163999999955e-01	2.416022825000000207e+00	9.916063740999999654e-01	2.796024064000000031e+00	-2.448513565999999864e-01	2.113728577999999914e+00	-6.026004843000000166e-01	6.606198366000000100e-01	1.459783229999999932e-01	7.887366346999999944e-01	1.238166024000000032e-01	-1.095654710000000032e+00	-1.001952538999999920e+00	-1.333248347000000056e+00	6.877727321000000060e-01	8.059256688000000501e-01	1.136971100000000012e+00	1.154380592000000094e+00	5.058971410999999474e-01	8.906995529000000245e-01	-1.939981335000000029e-01	1.552072093000000097e-01	4.843907767000000253e-01	1.985736589000000052e-01	-1.351437618000000063e+00	9.658213718999999475e-01	-3.261330543000000026e-01	1.188318999000000042e+00	5.242958165000000115e-01	-4.766585049000000157e-02	9.251959512999999857e-01	1.656289101999999902e+00	-1.909687280000000043e-01	7.159246149000000337e-01	8.725045898000000077e-01	1.695165172000000053e+00	9.774940267999999710e-01
-1.893541318999999890e+00	-1.533679459000000023e+00	8.843017935000000440e-01	1.309734275000000059e+00	7.144831880999999996e-01	8.544490102999999781e-01	1.200129380999999995e+00	-1.495131930000000109e+00	1.606640861000000031e+00	8.365866458999999811e-01	3.699634145999999846e-01	1.642318259000000058e+00	1.511283369999999904e+00	1.594653759000000059e+00	6.428406274000000309e-01	2.785866084999999992e-01	-4.727013580000000159e-01	1.592453090000000016e+00	-7.111718632000000317e-01	-1.117431489999999972e+00	-2.421421081000000086e+00	6.209511969000000020e-01	1.400470506999999983e-02	1.878934021000000065e+00	7.166849183000000290e-01	6.817779464000000011e-01	-2.724441129999999878e-01	1.754910103999999915e+00	7.219440244999999479e-01	-4.805864165000000021e-01	2.557333154000000164e+00	-1.273402969000000072e-02	1.161075284000000041e+00	-3.382676149000000132e-01	2.406785450000000104e+00	-3.294721521999999791e-01	6.647359411000000051e-01	8.383218927000000154e-01	5.780257639000000447e-01	1.613305171999999954e-01	-1.160765923000000033e+00	-1.784196396000000018e+00	-1.864992560999999993e+00	5.291502462999999601e-01	7.423624389999999851e-01	7.921985365000000501e-01	7.370486410000000044e-01	8.394056556000000224e-01	8.072295055999999525e-01	-3.937571966000000256e-01	3.604649408999999749e-01	1.159753231999999912e+00	1.301387947000000045e+00	-1.757063492000000005e-01	4.697536692000000014e-01	-1.491112838000000052e+00	8.947487762000000400e-01	1.259071051999999913e+00	-1.780149863999999915e-01	-1.361136308000000072e+00	8.315054337999999712e-01	1.407300173000000099e+00	1.235685407999999930e+00	1.502631832999999917e+00	9.198224699999999476e-01	5.906653446999999835e-01
-2.052727685999999885e+00	-1.573822727999999893e+00	1.159775079999999958e+00	1.361474931000000055e+00	5.397753913999999709e-01	6.187587508999999875e-01	1.052510814999999988e+00	-1.488447070999999955e+00	1.520601912000000056e+00	-1.425205531000000025e-01	8.997135773000000669e-02	1.663726733000000069e+00	1.122530191999999927e+00	1.302929259999999978e+00	8.453463144999999734e-01	1.007611365000000009e-01	9.190645121999999612e-01	1.086775213999999989e+00	-9.228855186000000099e-01	-8.918612355999999686e-01	-2.498237737999999819e+00	3.631728562000000049e-01	-3.622901237000000080e-02	1.538195312000000037e+00	3.566971936000000176e-01	8.012501177999999946e-01	-5.714175769000000293e-02	1.145979373000000079e+00	3.517448959000000208e-01	-5.089231630999999645e-01	4.043789547000000262e+00	1.071351197000000033e-01	8.975464643999999659e-01	-1.572771937999999925e-01	1.497796453999999944e+00	-5.645829936999999799e-01	1.031713050000000020e+00	-8.477950895999999958e-02	7.006170863999999776e-01	3.227832606000000104e-01	-1.092047285999999895e+00	-1.356916481999999924e+00	-3.996664656000000204e-01	4.480963598000000103e-01	5.179560377999999909e-01	9.799767866999999910e-01	1.547162010999999948e+00	1.759253973999999943e+00	5.180177045999999619e-01	2.121174172999999996e-01	1.276903246999999908e+00	5.746788280000000304e-01	9.493563023000000101e-01	-2.358550435000000001e-01	7.875682764000000446e-01	-7.568454773999999663e-01	6.198241637000000415e-01	-3.349512919000000033e-01	-4.861970038000000272e-01	-5.941349345999999976e-01	1.244276860000000040e+00	5.593071932000000246e-02	4.185551892000000107e-01	1.259158776000000035e+00	6.191506607000000217e-01	2.168545119999999993e-01
-2.150292088000000046e+00	-1.596318275000000009e+00	9.843555788000000195e-01	1.252366802999999917e+00	6.663867610999999469e-01	5.559122995999999928e-01	1.007655600000000096e+00	-1.430371577000000061e+00	1.508215226999999992e+00	-5.315094475999999624e-01	-1.018523707999999944e-01	1.575885097000000012e+00	1.648620522000000088e+00	1.234022756000000109e+00	8.661997866999999740e-01	-3.566704009000000175e-01	1.695467137999999929e+00	8.493424241999999458e-01	-6.925112679999999576e-01	-1.294386590000000004e+00	-2.215481609999999879e+00	6.917078593000000053e-01	-2.402678329999999862e-01	1.177631953999999981e+00	4.633004017999999835e-01	6.635282706999999780e-01	-5.612401477999999777e-01	3.868269980999999857e-02	4.338919513000000228e-01	-1.263031266000000041e+00	2.909012329999999924e+00	-3.905786197999999709e-02	1.348516714000000061e+00	-8.535436390999999456e-02	2.341028885000000059e+00	-6.445033457000000077e-01	4.405445450000000096e-01	1.445134322999999943e-01	1.926147957000000077e-01	4.822352837999999836e-02	-8.314358160999999470e-01	-7.868396403999999844e-01	-1.654891727999999951e+00	3.948396361000000021e-01	6.164408389000000099e-01	6.549274002999999622e-01	1.006308301000000016e+00	6.773517003000000258e-01	5.314457814000000252e-02	-4.341249776000000171e-01	1.260157755999999907e+00	-1.348836545000000053e-01	-7.378636556000000013e-01	-5.113224301000000027e-01	7.056430046999999650e-01	-1.109022176000000082e+00	1.591028290000000012e-01	-1.667686401000000040e-01	-2.626696861999999744e-01	-7.210306568000000027e-01	5.528228746000000138e-01	1.521673591000000103e+00	1.970864222000000110e+00	9.026972392000000012e-01	6.976793860000000125e-01	-3.763589284000000146e-01
-1.959541023000000104e+00	-1.596833549000000074e+00	9.360042723999999481e-01	1.259568075000000009e+00	5.603539760000000314e-01	5.002668075999999742e-01	1.033667730999999979e+00	-1.607246057000000006e+00	1.290915366999999980e+00	8.877348742000000514e-02	-1.848384042000000144e-02	1.127817440999999921e+00	1.574094069000000040e+00	1.264773222000000086e+00	4.172703595000000210e-01	-3.789022718999999761e-01	1.860416677999999990e+00	-1.806923450000000042e-01	-4.187758055999999951e-01	-1.347345373000000013e+00	-2.056117459999999841e+00	2.112148894999999804e+00	-4.228406794999999829e-01	1.047719601000000056e+00	3.052861480999999877e-01	4.050014147000000064e-01	-7.716621131999999994e-01	1.297659219000000030e+00	3.513890559999999774e-01	-9.788303483000000416e-01	1.581471142000000052e+00	2.749092978000000076e-01	1.489411245999999966e+00	-8.516998691999999593e-02	1.572712317999999998e+00	-9.762954014000000402e-01	7.852027380999999917e-02	6.571634284999999798e-01	-1.055005415999999974e-01	8.536507574000000431e-02	-9.480752786999999682e-01	-7.130993716000000315e-01	-1.736242776999999959e+00	9.819659347000000427e-01	1.557115758000000016e-01	-3.279582871000000233e-02	7.179406177999999583e-01	9.015728832999999609e-01	-2.312292460000000105e+00	-1.639621613999999949e+00	2.464804621999999945e+00	9.251966199000000168e-02	1.961628762999999998e+00	9.174483964000000602e-02	-1.116505137999999953e+00	-1.326336055000000014e-01	-1.520644885999999918e-01	2.140842139000000088e+00	-9.104814965999999954e-01	-2.504166592000000024e-01	7.689377921000000171e-01	-9.819711688000000160e-01	1.526842502999999907e+00	1.765094098000000056e+00	9.748201127000000188e-01	9.324309873000000137e-02
-2.100364497999999802e+00	-1.618647965000000077e+00	1.116152939000000011e+00	1.098272072000000099e+00	5.487388230999999950e-01	3.065778492999999827e-01	8.291304270999999559e-01	-1.919387860000000057e+00	1.355922501000000002e+00	8.910923139000000159e-02	3.579349853000000220e-02	2.058560691999999914e-01	7.699803938999999486e-01	1.318531345000000021e+00	6.461787399999999737e-01	-3.358076949000000089e-01	1.521079738000000070e+00	-6.745211801999999590e-01	-6.574238398999999733e-01	-1.378900752000000063e+00	-2.363312227000000210e+00	1.504138028999999932e+00	-4.306406403999999966e-01	7.463025997000000133e-01	1.400813911999999883e-01	5.879352689000000298e-01	-4.760559367000000153e-01	4.179133800000000010e-01	1.160625227999999981e-01	-7.295012703000000043e-01	1.956920548000000037e+00	6.279451060999999834e-01	1.280857904000000103e+00	8.697530096000000155e-02	1.345346627999999933e+00	-7.987709176999999716e-01	2.299355737000000066e-01	5.771219259000000268e-02	-2.057892739000000137e-01	2.206906210000000035e-01	-8.281849725000000051e-01	-5.276861449999999953e-01	-6.016301624000000015e-01	1.232335600000000086e+00	7.746565626000000426e-01	-2.621687614000000124e-02	5.323197711999999582e-01	4.042717130999999853e-01	-1.394020499000000024e+00	-1.013086954999999900e+00	5.305468825000000388e-01	-8.975556621000000401e-01	-2.417775809000000109e-01	-1.303212773000000047e+00	7.297797948999999729e-02	1.639963084999999932e-01	-3.417028517999999848e-01	1.008688811999999935e+00	-1.630475777000000015e-01	1.421762879000000090e+00	-2.719120297000000019e-01	1.607635101999999927e+00	-7.485747664999999884e-01	2.936251304999999867e+00	1.041857937999999928e+00	3.574249919999999969e-01
-2.114895381999999824e+00	-1.617251922999999980e+00	8.820559678999999598e-01	1.051231562999999980e+00	7.254901304999999967e-01	3.625948862000000217e-01	8.030647623000000124e-01	-2.010491828999999786e+00	1.279485954000000092e+00	-6.411891366999999953e-02	-7.685351330000000404e-03	-4.385747519000000039e-01	1.041935204000000059e+00	1.264324433000000081e+00	1.149081149999999996e+00	-4.966660585000000072e-01	6.513770975999999546e-01	-1.137503150999999990e+00	-6.562043703000000061e-01	-1.815868570999999987e+00	-2.147518993999999903e+00	5.192945842999999728e-01	-6.052241766999999495e-01	6.311712926000000445e-01	2.570216936999999979e-01	4.682504975999999819e-01	-4.369524862999999981e-01	-8.561041894000000207e-02	6.560312062999999749e-02	-1.217596056000000093e+00	1.389186736000000089e+00	4.328870626999999915e-01	1.529833913000000045e+00	-3.316423426999999813e-01	1.758649123000000092e+00	-5.678251058000000073e-01	5.620560059000000441e-01	2.989439990000000158e-01	-7.914403760999999538e-01	3.875257716000000130e-01	-1.167450912000000063e+00	-2.192990330000000043e-01	-1.451794824999999900e+00	8.758028260000000342e-01	1.307463102000000044e+00	-6.362688334999999640e-01	-7.547217535000000366e-02	1.682027171999999959e+00	-5.612191547999999530e-01	-1.600217682000000030e+00	-1.434088043999999895e+00	-9.473931416999999966e-01	-2.978561883999999993e-01	-7.224187796000000050e-01	5.104322918999999459e-01	-9.645389474000000130e-01	-4.319519360999999891e-01	7.857036664000000004e-01	-1.728986096000000083e+00	9.054318233999999466e-01	1.674693111000000068e+00	-1.541229788999999920e-02	2.331975647000000124e-02	2.375653971999999836e+00	1.339772152000000105e+00	1.094140907999999968e+00
-1.957029598999999953e+00	-1.546410480000000032e+00	9.818871711000000113e-01	1.086727422999999915e+00	5.150065192999999653e-01	5.010015512000000060e-01	9.374930336000000253e-01	-1.963793099000000097e+00	1.258587764000000053e+00	8.200834090000000409e-02	2.569913032999999736e-01	-7.767901602000000238e-01	1.146280793999999936e+00	1.002899937000000019e+00	8.557732676999999510e-01	-3.783437112999999963e-01	-4.597722685999999781e-02	-1.266042283999999941e-02	-6.358290145999999643e-01	-2.047546679999999952e+00	-2.289734227999999927e+00	-6.114799873999999802e-01	-8.367622826999999708e-01	5.758416286999999967e-01	5.156520635000000352e-01	3.079016971999999908e-01	-5.133238025999999898e-01	1.392756995000000053e+00	6.162220336000000520e-01	-4.279606255000000248e-01	5.249312603000000355e-01	1.448258316999999906e-01	1.499753184000000017e+00	-2.815845195000000190e-01	2.056353971000000058e+00	-4.747957312000000152e-01	7.781900180999999916e-01	8.725927017000000285e-01	-5.687635148999999890e-01	-1.968215765999999922e-01	-1.062129153000000104e+00	-8.710075462999999907e-01	-2.113151357000000008e+00	2.827940776999999795e-01	1.067348136999999975e+00	-1.153658020000000034e-01	-3.037580375999999749e-01	6.138249559999999772e-01	-1.091124138000000077e+00	-1.367437583999999928e+00	1.351029531999999866e-01	1.477782082000000052e+00	1.115720389000000035e+00	-2.615540252999999926e-01	1.247408936000000024e+00	-4.079541273000000245e-01	1.494701321000000138e-01	2.081913849000000205e+00	-1.202520484999999972e+00	-1.261740529999999971e+00	1.142574221000000056e+00	2.044735570999999918e+00	-4.734778689000000013e-02	2.538546144000000115e+00	4.701793389999999739e-01	1.101658153999999890e+00
-2.206566427999999913e+00	-1.625348972000000058e+00	1.052151877000000013e+00	1.090534729999999897e+00	5.625355309999999776e-01	4.803864927000000007e-01	7.886564974999999977e-01	-1.913742229999999989e+00	1.226753772999999992e+00	1.659688572999999945e-01	-4.181112407999999780e-02	-7.824746312000000481e-01	8.232279283000000225e-01	8.339160084000000195e-01	1.282082488999999992e+00	-4.132203278000000091e-01	-1.251651652999999920e+00	1.219768018999999981e+00	-4.872868672999999817e-01	-1.829495590999999921e+00	-1.959919385999999930e+00	-1.047941938999999989e+00	-8.774314451000000403e-01	5.071164567000000511e-01	6.912973984000000405e-01	4.329175330999999738e-01	-2.280149625000000013e-01	5.299986393000000184e-01	3.532313315999999759e-01	-9.492365238000000094e-01	9.694559704999999861e-01	2.062289331999999920e-01	1.020749778999999968e+00	-4.049482830999999727e-01	1.596327934000000059e+00	-5.119690167999999542e-01	5.698686611000000068e-01	4.406281452999999959e-01	-6.147967822000000027e-01	-6.541007586000000540e-01	-8.857772015999999526e-01	-1.095913252999999976e+00	-1.408701528000000092e-01	1.069003891000000067e-01	8.783405049000000409e-01	-2.907024034999999840e-02	6.916349249000000587e-02	9.678642938000000528e-01	2.114104249000000046e-01	-8.487387782999999963e-01	-8.685430988000000241e-01	1.452526486000000006e+00	-7.099642185000000494e-02	-4.332304471000000268e-01	4.659145343000000161e-01	-1.447612786000000096e+00	1.576344358000000001e-01	-3.959649532000000249e-01	-2.024657099000000127e-01	1.743716845999999931e-01	4.310919449999999764e-01	3.626592852000000144e-01	-7.725493399999999733e-01	1.685096224000000031e+00	1.210749016999999927e+00	1.529342707999999940e+00
-2.026083068999999792e+00	-1.603056056000000007e+00	8.685160196000000221e-01	1.138842391000000065e+00	6.908727751000000028e-01	3.143190197999999880e-01	9.245118436000000495e-01	-1.743673953000000054e+00	1.143618188000000035e+00	-7.106945116999999756e-01	1.545140185999999971e-01	7.282166663000000373e-01	9.312851275000000317e-01	7.979537464999999496e-01	8.392706161999999859e-01	-3.633716880999999788e-01	-1.358130317000000087e+00	1.672210741000000001e+00	-6.808250016000000349e-01	-1.931966269999999986e+00	-1.891566607999999983e+00	-4.291144001000000152e-01	-8.403018459000000107e-01	1.886501388999999862e-01	6.027643620000000535e-01	1.389594523000000081e-01	-5.132350680999999692e-01	4.147853216999999870e-01	9.810648569000000041e-01	-1.387824718000000068e+00	3.620154170000000060e-01	-1.816237699999999899e-01	1.762450666000000110e+00	-3.624213794000000211e-02	2.350990157000000025e+00	-6.303075130999999942e-01	3.238114510999999807e-01	3.350745977999999847e-01	-7.513334182999999999e-01	-9.752038433999999922e-01	-1.044271414000000009e+00	-1.071135626000000007e+00	-1.199963866999999906e+00	-8.386037676999999468e-02	5.390088720000000277e-01	-2.410159185000000093e-01	-2.195943860999999969e-02	7.629328976999999457e-01	4.597992859999999737e-01	-3.022769444999999777e-01	-4.987662708999999750e-01	1.817166944000000006e+00	3.843440410999999779e-01	-9.159319339000000504e-01	3.637566415999999858e-01	-1.560873656000000054e+00	1.323719439000000109e-01	5.450780370000000152e-01	5.418875539999999935e-01	-1.594620536999999949e+00	1.841664192000000089e+00	7.926757240999999787e-01	-1.072917466999999903e+00	1.305669562999999922e+00	1.068703858999999978e+00	5.034827724999999532e-01
-1.997346902999999951e+00	-1.580148608000000010e+00	9.645462921999999883e-01	1.181062013000000022e+00	4.920667000000000235e-01	4.113870243000000149e-01	8.849728015000000170e-01	-1.573782350000000108e+00	1.131229091000000020e+00	-1.750781768999999932e-01	1.206898373000000052e-01	1.618040554000000020e+00	1.132119827999999995e+00	6.392923274999999794e-01	7.318370204999999906e-01	-2.016711613999999930e-01	-3.470588836999999871e-01	1.397197967000000096e+00	-1.069506424000000067e+00	-1.443407533000000020e+00	-2.075013729000000140e+00	-4.123805184999999873e-02	-9.251825710000000091e-01	2.942522155999999778e-01	4.987799206999999901e-01	-2.647554939000000274e-01	-2.547968957000000256e-01	1.694189335999999990e+00	1.408065134999999968e+00	-1.464409555000000029e+00	1.465188068000000010e+00	9.580629706000000009e-03	-3.438244652999999929e-01	3.230232820999999754e-01	1.757985973000000035e+00	-1.040723413000000042e+00	6.014151549999999929e-02	4.381811454000000272e-01	9.724712594999999904e-02	-1.193527781000000010e+00	-1.361003605000000061e+00	-1.483947600000000033e+00	-1.875444780000000033e+00	1.020208766999999989e-01	1.396923439999999961e-01	-4.238063611999999813e-01	6.950173001999999656e-01	9.371463454999999776e-01	-7.988906848000000283e-01	-2.431684424999999983e-01	2.639791266000000025e-01	1.872628119999999896e+00	1.908846113999999927e+00	4.264827459000000154e-01	9.248579010000000655e-02	-1.278508425000000059e-01	-7.479722311000000512e-02	1.865315078999999931e+00	-6.621810021999999796e-01	-9.669753501000000195e-01	8.031131076999999951e-01	3.275670594999999796e-01	2.441322766000000172e-02	1.163108554999999988e+00	4.074939681999999869e-02	-6.478281266999999510e-02
-2.240967026999999945e+00	-1.628088705999999997e+00	1.033458057000000041e+00	1.118072611000000105e+00	4.328661924000000161e-01	2.448073172999999936e-01	7.435751804000000353e-01	-1.637410244000000015e+00	1.144914140000000025e+00	-5.831480628999999860e-01	-2.906005157000000061e-01	1.679385796000000042e+00	1.185104005999999988e+00	8.574869075000000063e-01	8.981774850999999504e-01	-6.815224896999999560e-01	1.164281117999999893e+00	9.748702127999999689e-01	-1.110061901999999989e+00	-1.062896543999999999e+00	-2.150594921999999798e+00	-7.785307703999999607e-01	-1.173379157999999922e+00	3.626201997999999871e-01	4.864925250000000090e-01	-2.910549836999999987e-02	-1.706675873999999871e-01	5.304772883999999689e-01	1.350444038000000013e+00	-1.753906715999999921e+00	1.687952880000000100e+00	4.099484284000000089e-01	-1.227559817999999969e-01	2.209814424000000055e-01	1.644645922000000038e+00	-8.095463947000000049e-01	-1.501277847999999970e-01	-8.858111602000000306e-02	8.644105751999999754e-01	-7.140334554999999694e-01	-1.024868690999999998e+00	-1.342659676000000024e+00	-1.040913787999999895e+00	6.699582831000000516e-02	-8.064892151000000453e-01	-2.028722252999999864e-01	1.271777799000000098e+00	2.556039552000000104e-01	-4.481152328999999934e-01	1.188742602999999898e+00	2.682394329999999820e-03	8.701292762000000236e-01	3.759557244000000242e-01	-4.045988461000000341e-02	5.559691258000000191e-01	-2.251502011999999997e+00	-1.070691098000000063e-01	-7.701480550999999508e-01	-1.804521258000000017e-01	-6.950774069999999805e-01	2.210436738999999873e-01	6.800752371000000351e-02	-6.781403031999999609e-01	1.249107844999999939e+00	3.696279572999999763e-01	2.196356902999999916e-01
-2.152482131000000187e+00	-1.638439962999999944e+00	7.662180957999999986e-01	1.085458653999999967e+00	6.260590739000000404e-01	1.773676235999999962e-01	7.757855540000000438e-01	-1.856200338999999921e+00	1.021269830999999906e+00	-4.527161753000000233e-01	-3.157698382999999942e-01	1.216811666999999986e+00	1.828722374999999900e+00	1.054636370999999961e+00	8.220916351000000510e-01	-9.144884036000000549e-01	1.666560183000000084e+00	-1.221928771000000032e-02	-6.346019103000000161e-01	-1.086458466000000067e+00	-1.738735759000000103e+00	7.647233347999999875e-01	-1.489261922000000071e+00	2.803188838999999821e-01	2.427815021999999989e-01	-2.938569406000000050e-01	-3.873293661000000165e-01	4.177065642000000190e-01	1.261175911999999899e+00	-2.182285138000000124e+00	6.056896314999999920e-01	7.358306301999999466e-01	5.012747579999999870e-01	3.792872433000000210e-01	2.007958764000000063e+00	-7.281163352999999727e-01	-5.138476690000000069e-01	3.099257148999999892e-02	8.091626897999999457e-01	-8.656822475000000017e-01	-1.237089816999999980e+00	-1.904853974999999977e+00	-1.553040168999999970e+00	6.449607472999999702e-01	8.185247131999999481e-02	-6.573631412999999535e-01	-1.754587699000000056e-01	1.663280687000000091e+00	-1.298544370999999975e+00	-5.545716902999999753e-01	1.421095679000000001e+00	7.866789357999999510e-02	8.291549614000000012e-01	-6.308630980999999638e-01	-7.331966272000000062e-01	-6.931587514000000505e-01	-4.401025062999999737e-01	3.196371637000000043e-01	-6.634825501000000125e-01	4.729712958999999772e-01	6.667325562000000483e-01	6.353886182000000327e-01	-4.008364558999999994e-01	2.503958392000000047e-02	1.030456384000000059e+00	-4.015439775999999905e-01
-2.086383822000000166e+00	-1.646931815000000077e+00	1.022854208000000042e+00	1.081476158000000076e+00	4.480023188000000212e-01	1.827527884000000047e-01	6.574891359000000213e-01	-2.055468432000000067e+00	1.207495336999999891e+00	-3.689761471999999931e-01	1.411656206999999941e-01	3.966820441999999725e-01	7.298945140000000498e-01	1.180711725000000101e+00	5.718937308000000552e-01	-8.754402495999999978e-01	1.266551277999999892e+00	-8.249949830999999678e-01	-7.577937966000000136e-01	-8.682553571000000137e-01	-2.062908794000000157e+00	1.843276812000000042e+00	-1.303355233000000002e+00	5.079086526999999629e-01	4.276812832000000120e-02	-3.290331670000000153e-01	-5.855158399000000014e-01	1.171775540000000060e+00	7.677797586000000285e-01	-1.374837166999999916e+00	1.131657628999999998e+00	1.120178785000000010e+00	3.800153822999999820e-01	4.612501860000000065e-01	1.839116758999999934e+00	-1.089671703000000047e+00	-5.600172193000000354e-01	2.138357668999999947e-02	3.628021627999999943e-01	-1.043907087000000011e+00	-1.237711983000000071e+00	-2.047258430999999934e+00	-1.252675873000000051e+00	1.111229484999999961e+00	7.111709950000000280e-01	-2.356800920999999882e-01	-5.104365355000000104e-01	1.321382314999999918e+00	-2.909901420000000183e+00	-5.864926070999999519e-01	1.093487421999999931e+00	3.301969263999999793e-01	9.582569775999999484e-02	-7.857012566000000087e-01	4.208736907999999777e-01	1.373816338999999997e+00	-4.054682141000000017e-01	1.330412826000000104e+00	-8.311963142999999610e-01	9.161332543000000328e-01	8.531639352000000009e-01	1.444608129999999990e+00	8.856765215999999608e-02	2.281467573000000026e+00	-1.943160197000000089e-01	-6.157318251000000187e-01
-2.236487916000000187e+00	-1.690862517000000009e+00	9.132857291999999516e-01	1.114310828999999892e+00	4.728518680000000085e-01	2.054767896999999954e-01	5.549225488000000261e-01	-2.094669521000000145e+00	1.166015892000000109e+00	-1.954282763999999895e-01	2.255718848999999915e-01	-3.816464578000000052e-01	1.494647583999999974e+00	1.378892315999999951e+00	1.041642280000000031e+00	-1.226011702000000092e+00	7.273024116999999844e-01	-1.281537214999999952e+00	-6.400184168000000451e-01	-4.975468726000000230e-01	-2.120542711000000136e+00	6.577072924000000320e-01	-1.520916901999999959e+00	5.645396362000000279e-01	-1.013321018000000046e-01	-1.786054670999999983e-01	-6.558088086000000150e-01	7.613197037999999695e-02	2.275647885000000037e-01	-1.809204373000000032e+00	9.409887787999999809e-01	9.340877252000000519e-01	9.401887815999999676e-01	6.899364709999999956e-02	2.057478740000000084e+00	-9.342124682000000346e-01	-9.352387945000000258e-01	-1.885281400999999912e-01	-4.017476327000000236e-01	-9.828595969000000210e-01	-1.773852047000000098e+00	-1.422310656999999923e+00	-1.881222863000000078e+00	9.442908557000000425e-01	8.158273284000000514e-01	-2.662070212000000047e-01	-6.693809308000000513e-01	6.576869083999999921e-01	-2.040864199000000045e+00	-1.516568869999999902e-01	-1.601281638999999979e+00	-1.110310263999999991e+00	-9.703577727999999902e-02	2.703882859999999777e-01	3.802635811999999782e-01	-1.029543665999999913e+00	-3.332506433999999906e-01	8.997044573000000101e-02	-1.219729191999999962e+00	1.687685936000000053e+00	-2.201746395999999995e-01	1.408130217999999934e-01	2.612603843999999897e-01	2.312162820000000174e+00	7.077453083000000422e-01	8.109198969000000479e-02
-2.096368688000000091e+00	-1.634772802000000080e+00	8.298628783000000508e-01	1.010293996999999999e+00	5.431949644000000355e-01	1.325360979999999911e-01	8.424311012999999848e-01	-2.089614279000000074e+00	9.989507142000000339e-01	-2.052245954999999955e-01	4.692529354000000152e-01	-7.832238030999999490e-01	1.001635250000000088e+00	1.389016167999999940e+00	9.660374122999999535e-01	-1.338258831000000093e+00	5.062587671999999733e-02	-4.972036588000000035e-01	-7.588689311999999854e-01	-9.410860231000000020e-01	-2.455704960999999908e+00	-4.040856415999999895e-01	-1.920714527999999977e+00	5.572118043999999548e-01	-2.612414370000000208e-01	-2.963398470999999978e-01	-1.334144012999999962e+00	1.033594168000000035e+00	5.074156449000000180e-01	-1.715512817000000023e+00	6.237814645000000491e-01	7.676787927999999539e-01	1.011647916000000036e+00	-8.937444865999999433e-02	2.560139121000000184e+00	-1.007404178000000039e+00	-8.421904153000000504e-01	-9.830421596999999734e-02	-7.490337640999999991e-01	-1.208538437000000076e+00	-2.051556415999999938e+00	-1.990809676000000028e+00	-1.548113529999999960e+00	3.820321736000000246e-01	1.507718188999999986e+00	-3.895572702999999803e-01	-1.383484058999999933e+00	8.666221913999999638e-01	-1.842611809000000100e+00	-9.916608139000000488e-01	4.047929916999999933e-01	4.262502605999999861e-01	1.507334026000000105e+00	-2.826750705000000141e-02	1.212699825999999925e+00	-1.755124657999999949e+00	-2.101374565999999944e-02	1.152866948000000002e+00	7.553864583999999605e-01	-1.223680636999999960e+00	1.323015175000000099e+00	1.860061717000000003e+00	-7.756112511999999626e-01	3.258337249999999852e+00	3.164179494000000092e-01	-3.447148481999999792e-01
-2.168536421000000214e+00	-1.631695689999999921e+00	1.037243115000000104e+00	1.054335647000000042e+00	4.084427248999999982e-01	1.716165178000000069e-01	7.554359904999999875e-01	-2.089490555999999888e+00	9.717329111000000408e-01	-1.382050156999999925e-03	2.667215271999999748e-01	-1.136695202000000071e+00	1.066528812999999909e+00	1.252548702999999986e+00	1.008272067999999910e+00	-1.683835838999999890e+00	-9.527259656000000021e-01	1.017664638999999926e+00	-9.618244442000000172e-01	-5.593320416999999489e-01	-2.144959096000000009e+00	-7.927845825999999541e-01	-1.884114727999999905e+00	5.362870333999999461e-01	-3.074119233000000007e-01	-3.233883667999999934e-01	-1.882692349000000043e+00	7.878781942000000482e-01	9.472585064999999860e-02	-1.681413000999999907e+00	8.927741725000000184e-01	5.278605937000000470e-01	1.855903674000000114e-01	-2.289642721000000047e-01	1.639519954999999918e+00	-7.971406228999999843e-01	-8.465531550999999544e-01	-1.882510732999999881e-01	-7.071180792000000270e-01	-1.615622330999999967e+00	-1.639135827999999906e+00	-2.590996720999999781e+00	-2.671643136999999890e-01	2.573678004000000130e-01	1.491413372000000015e+00	-5.707070693000000361e-01	-1.312123452000000023e+00	1.030512375999999897e+00	-6.650115209000000416e-01	-1.284207807999999895e+00	-9.834941319000000126e-01	1.318792280999999900e+00	4.073067921999999896e-01	-8.896423007999999522e-01	5.574277794999999980e-01	-2.420554075999999943e-01	1.160837014000000028e-01	-1.678575339000000152e-02	2.602153405000000030e-01	-3.394036536000000215e-02	1.312104630999999966e+00	1.608832299999999993e+00	4.944908338999999819e-01	1.820837258000000070e+00	9.071240131000000151e-01	-8.019194398000000223e-01
-2.159988216999999988e+00	-1.654806671000000007e+00	8.650362915000000541e-01	9.862979756999999958e-01	5.971387783999999588e-01	-8.197787262000000297e-02	7.771457743999999890e-01	-1.865636182000000032e+00	1.225851816000000039e+00	-8.433303985000000225e-01	1.881416213999999865e-01	3.566407319000000076e-01	6.516318957000000189e-01	1.320848068999999958e+00	6.958439360999999490e-01	-2.018632564999999879e+00	-1.447072992000000058e+00	1.099681314999999993e+00	-8.853624747999999656e-01	-9.371644470000000116e-01	-1.974313825999999938e+00	-7.504598095000000191e-01	-1.841591527000000061e+00	6.227107814000000241e-01	-4.871827056999999961e-01	-6.588155622000000378e-01	-1.833926587000000108e+00	1.943666118000000054e-01	3.011744096999999787e-01	-1.681896550999999906e+00	1.029332307000000030e-01	3.357428490000000099e-01	1.035348023000000062e+00	-9.432172390999999934e-01	2.169160032000000182e+00	-8.482096593000000295e-01	-4.470115353999999930e-01	-4.022945414999999914e-01	-3.456981002000000247e-01	-1.880576723999999977e+00	-1.201687297999999959e+00	-2.478681982999999978e+00	-1.971562905000000088e+00	3.163892958000000255e-02	9.685131453999999973e-01	-7.473540198000000467e-01	-6.562415356999999894e-01	1.636237147999999975e+00	-2.886097056999999966e-01	-1.051139376999999930e+00	-1.847723377999999916e-01	1.085678169999999998e+00	-1.261946995999999876e-01	-9.745035627000000478e-01	7.824227374000000124e-01	-1.361591961000000017e+00	3.231735436000000017e-01	-9.195591804999999619e-01	7.262626439999999572e-01	-5.207668295999999808e-01	5.512631558999999681e-01	3.904236483000000230e-02	4.577032335999999813e-01	1.104868085000000111e+00	1.451009208000000106e+00	-1.608833936999999992e+00
-2.018727535000000017e+00	-1.549329394999999998e+00	9.480867702999999924e-01	1.088226319999999969e+00	4.142202562000000254e-01	1.764782776000000108e-01	7.852928067000000123e-01	-1.704635421000000095e+00	1.264461354000000037e+00	-6.266639551999999558e-01	5.248368637000000447e-01	1.384472721999999933e+00	1.078209105000000001e+00	1.058969016000000041e+00	5.665233404999999722e-01	-2.219697937999999926e+00	-3.875785326000000253e-02	1.455078278000000003e+00	-7.702076529000000393e-01	-1.120950024999999961e+00	-2.188036926000000104e+00	-1.325456620999999890e-01	-1.832481849000000107e+00	6.487679900999999694e-01	-5.332263431999999526e-01	-1.047062812000000065e+00	-1.635635173999999914e+00	1.302974534999999934e+00	1.066902476999999960e+00	-1.217473167000000078e+00	7.840895334999999911e-01	-1.381466774000000008e-01	-1.150008195000000066e+00	-6.781612619000000342e-01	1.784454364999999987e+00	-1.181440897999999962e+00	-3.650068148999999762e-01	4.367031420999999969e-01	5.435040286000000220e-01	-2.217595052000000067e+00	-1.337342188999999903e+00	-2.547855390000000053e+00	-1.922697051000000101e+00	-1.582677353999999981e-01	7.846671696999999446e-01	-7.563423393999999522e-01	2.136836726000000131e-01	5.875611761000000266e-01	-8.516572248999999539e-01	-4.648747015999999954e-01	-5.071304733000000509e-01	1.400008173000000022e+00	2.888968418000000149e+00	2.330292828999999954e-01	3.196360873999999908e-01	-1.227022566999999981e-01	-1.085548372999999983e-01	1.498762920999999970e+00	-2.244966217999999902e-01	-6.292029298000000326e-01	1.983802469000000013e-01	2.659186257999999747e-01	7.356101404999999538e-01	1.191537237999999999e+00	5.677761079000000211e-02	-1.426780308999999969e+00
-2.223157513999999946e+00	-1.622183396000000055e+00	1.032297750999999986e+00	9.934509100999999731e-01	3.749047153000000243e-01	5.336939283000000089e-02	6.348824706000000262e-01	-1.819623275999999956e+00	1.347158097999999971e+00	-5.717194445000000069e-01	3.083125374999999835e-01	1.530820365000000072e+00	1.291776432999999891e+00	1.337151259999999953e+00	5.883772453000000180e-01	-1.964027954000000076e+00	1.403067378000000032e+00	6.197315221000000429e-01	-5.778341690999999614e-01	-7.225264621000000442e-01	-2.114686428000000173e+00	-8.022886074999999728e-01	-1.800418845999999906e+00	9.076072890999999920e-01	-4.435793011999999980e-01	-6.073651529000000382e-01	-8.327425304000000139e-01	3.244185783999999906e-01	8.022647862999999768e-01	-1.708114002000000076e+00	5.589192882000000306e-01	8.579423220000000072e-02	-1.049458282000000020e+00	-1.021291170000000026e+00	1.525663632999999964e+00	-1.390861400999999997e+00	-3.816212791999999965e-01	7.427122093999999342e-02	8.417320838999999832e-01	-1.919191882000000016e+00	-1.211930014000000000e+00	-1.937145297999999904e+00	-1.122438894999999937e+00	-3.052253749000000127e-02	-8.650160385999999813e-01	-7.296151100000000111e-01	4.940394748999999974e-01	9.736086505000000058e-01	-1.622847332999999947e+00	6.986864402000000362e-01	9.011246513999999763e-01	4.552131985000000269e-01	6.201806164999999760e-02	-7.580916801000000538e-01	7.385174850000000291e-01	-2.086668782999999916e+00	-8.505901105999999490e-02	-8.548936947999999925e-01	6.327780734000000296e-01	-6.741145406999999867e-01	-7.025811496999999628e-01	-6.989390558000000420e-01	-7.254113367000000201e-01	4.785546461999999890e-01	-9.874439919999999926e-02	-6.646466657999999805e-01
-2.129876579999999908e+00	-1.623452402999999933e+00	8.151411443999999618e-01	1.054251177000000039e+00	5.094730772000000130e-01	1.326511075000000039e-01	6.591296850000000207e-01	-2.059822443999999919e+00	1.190819612999999944e+00	-7.693054973999999824e-01	5.012578713999999991e-01	8.237619543999999960e-01	8.262389879000000548e-01	1.531524392999999984e+00	5.702744965999999582e-01	-1.593479105999999978e+00	2.112265977999999933e+00	2.154262347000000105e-02	-3.193324735999999997e-01	-1.139085612999999997e+00	-1.640606240000000104e+00	1.100940677000000090e+00	-2.098798064999999990e+00	8.984581077000000082e-01	-3.959453052999999945e-01	-7.934275549999999511e-01	-8.984284741000000407e-01	1.215597057000000064e-01	1.103538630000000076e+00	-1.907932565999999941e+00	-5.936594612000000160e-01	-3.146614490999999902e-01	-5.006386818000000405e-01	-7.451659671000000484e-01	1.457076854999999949e+00	-9.786705368000000460e-01	-8.251882723000000253e-01	6.353343040000000164e-01	8.702090125000000453e-01	-1.528124401999999993e+00	-1.698526398999999909e+00	-1.468443944999999973e+00	-1.826340333000000093e+00	3.351851022999999818e-01	3.103144409999999964e-01	-1.113109893000000072e+00	-6.556244841999999684e-01	3.405947229999999881e-01	-1.731318168999999907e+00	-5.637128077999999931e-01	-1.597271757000000014e-01	-5.034088868999999633e-01	1.508158512999999923e+00	-5.227367150999999712e-01	-8.687315123000000083e-01	-9.070463516000000226e-01	-7.438382110000000269e-01	4.260334027000000079e-01	-9.582309456000000225e-02	9.274876290000000356e-01	6.202707606999999790e-01	1.381351785000000110e+00	5.662734659000000503e-01	5.387227111000000290e-01	3.746343605999999937e-01	-1.558835349000000092e-01
-2.012558074000000197e+00	-1.609244705000000053e+00	1.049279864999999923e+00	9.440371469999999654e-01	4.387254723999999828e-01	-5.071231895000000156e-02	6.420317201999999890e-01	-2.221931088999999915e+00	1.292477528999999903e+00	-3.834708169000000111e-01	9.121536560999999876e-01	1.999734219000000035e-01	1.027636481999999907e+00	1.608328922000000105e+00	6.287160687999999720e-01	-9.366031157999999968e-01	8.958815204000000199e-01	-9.454273492000000445e-01	-5.802528054000000157e-01	-1.113487686999999893e+00	-2.232613095000000047e+00	6.591552764000000453e-01	-1.766669484999999984e+00	1.173335497000000061e+00	-5.698136938000000068e-02	-6.394731929000000425e-01	-6.630915509000000485e-01	1.300153861999999938e+00	8.264233039999999697e-01	-1.536969655000000046e+00	-4.879947668000000210e-02	2.453461343000000114e-02	1.310271698999999901e-01	-5.430919932000000117e-01	1.312674781999999984e+00	-1.186997979000000036e+00	-6.246643321000000526e-01	9.865228879999999867e-01	8.782964581000000104e-01	-1.514762066999999934e+00	-1.998911917999999899e+00	-1.170959040999999923e+00	-8.453414702999999530e-01	5.312116762999999908e-01	1.752492380999999932e+00	-8.959080087999999886e-01	-1.203472939999999936e+00	1.549307554999999947e+00	-3.217128284999999810e+00	-1.598116470999999983e+00	-9.548493275999999641e-01	2.564575472000000245e-01	6.354133962000000357e-01	-1.013237989999999922e+00	1.408886069999999990e-01	1.359344553999999983e+00	-4.373786128000000106e-01	1.904953474999999896e+00	1.844842553999999912e-01	4.813362306999999785e-01	5.963597311999999651e-01	5.772979335000000267e-01	4.107327079999999880e-02	1.330694636000000042e+00	-7.573708296000000173e-01	5.832985808999999744e-01
-2.130486326999999847e+00	-1.630803140000000040e+00	1.010177802999999930e+00	1.049386820999999914e+00	4.966708517999999795e-01	3.938878086000000001e-02	6.705558783999999717e-01	-2.308887965999999903e+00	1.227199469999999959e+00	-6.293239929999999704e-01	9.264373719999999812e-01	-1.029456646999999947e+00	7.304204895999999447e-01	1.574975205000000100e+00	8.129993411000000503e-01	-8.706217774000000187e-01	-5.177355819000000435e-04	-9.982752034999999857e-01	-9.161433274000000404e-01	-1.013453544999999956e+00	-2.158026965999999991e+00	-1.035355741999999912e+00	-1.955753553000000089e+00	1.385219495000000078e+00	1.099051072000000046e-01	-4.285616742999999729e-01	-2.654602102999999991e-01	1.235884943000000041e-01	4.983602683000000200e-01	-1.578261461999999948e+00	2.106090005000000043e-01	-1.257178278999999954e-01	1.202946071000000061e-01	-7.563147821000000270e-01	1.631299846999999970e+00	-6.547020862000000330e-01	2.365356391000000003e-01	2.481788664000000033e-01	6.443958906000000209e-01	-1.244600106000000039e+00	-1.809221033000000034e+00	-5.328401350000000480e-01	-2.316990377999999851e+00	2.209968323000000012e-01	9.512468885999999513e-01	-3.825660893999999757e-01	-1.128431533999999958e+00	3.089179236999999856e-01	-1.220499715999999957e+00	-3.220939478000000022e-01	-6.809824488000000287e-01	9.563542814999999309e-02	9.696305423000000090e-01	-3.387875188000000204e-01	1.790897461999999996e+00	-1.374220570000000086e+00	-7.259728492999999450e-01	7.818583312999999313e-02	-1.197047863999999961e+00	2.350393539999999781e+00	1.041204508000000084e+00	1.119557640000000021e+00	-7.795969607999999607e-01	3.468927956999999784e-01	-8.986702326999999879e-02	1.394270487000000003e+00
-2.104257943999999991e+00	-1.591815959000000058e+00	8.846978060000000310e-01	1.050496665000000052e+00	6.564054254000000199e-01	6.043368039000000108e-02	8.365686955000000147e-01	-2.013212443000000018e+00	1.407952075999999941e+00	-4.939184459000000027e-01	6.242150216999999834e-01	-7.311895293000000295e-01	7.997733420999999510e-01	1.532999022999999905e+00	9.813145954999999976e-01	-6.890673978000000366e-01	-1.054315134999999959e+00	3.335195742000000019e-01	-9.882852358999999476e-01	-1.341724759000000100e+00	-2.647900434999999941e+00	-5.567526568999999759e-01	-2.264891888999999825e+00	1.251886357000000061e+00	3.235639456000000136e-01	-9.829159674999999874e-01	-7.684421555999999542e-01	1.065839543000000056e+00	8.938701688000000312e-01	-1.202088856999999900e+00	-2.453824192999999876e-01	-4.408398500999999858e-01	3.366879877999999771e-01	-4.987626957999999888e-01	1.990476101000000053e+00	-8.122723819999999595e-01	7.971228640999999948e-01	8.928223749000000486e-01	8.898246224000000426e-01	-1.295059621999999910e+00	-1.196816204999999966e+00	-1.194796358000000058e+00	5.880286208999999653e-01	-8.669220293999999605e-01	1.014567377000000103e+00	-9.486382925999999882e-01	-1.063062065000000000e+00	6.546998075000000084e-01	-2.374769532999999877e-01	-1.210325537999999979e-01	-6.271188713999999997e-01	1.680910332999999923e+00	1.073472721999999990e+00	-6.990991941999999959e-01	9.046658674999999983e-01	-1.221825366999999968e-01	-6.780210669999999773e-01	4.662800778000000257e-01	8.720310315999999506e-01	-9.249457988000000519e-01	1.565441467999999947e+00	1.088406900999999927e+00	6.025187051999999488e-01	7.765522028000000354e-01	-4.134257980000000110e-01	-2.903794375000000039e-01
-2.150540630000000064e+00	-1.566999728999999952e+00	1.136390253999999933e+00	1.091359146000000058e+00	3.888286082999999893e-01	4.156144224999999692e-02	7.278057300000000396e-01	-1.787244059000000052e+00	1.345532437999999997e+00	-1.344650165000000064e-01	7.039444916999999524e-01	9.229436247000000204e-01	1.008040158000000019e+00	1.583277056000000016e+00	6.977926003000000099e-01	-7.377913081000000428e-01	-9.876606288999999483e-01	1.148022351999999913e+00	-8.411667669000000291e-01	-1.006890308000000012e+00	-2.763155451999999901e+00	-1.074484599999999901e+00	-1.736935676999999956e+00	1.372042476000000066e+00	6.213578661999999975e-01	-1.240226472000000024e+00	-2.701675360999999942e-01	1.488244888999999960e+00	6.782394551999999521e-01	-7.901633683000000019e-01	6.377522911999999877e-01	-9.762218297000000433e-01	-1.318087298000000018e+00	-6.287683632999999661e-01	1.661897096999999990e+00	-3.560499603999999763e-01	8.623877018000000172e-01	7.040547952000000276e-01	1.681176822999999931e+00	-1.366858066999999899e+00	-7.292167574000000263e-01	-2.332144517000000139e+00	-8.511800679000000036e-01	-1.062425149999999929e+00	1.765999775000000049e-01	-4.224998939999999870e-01	5.167893502999999500e-01	1.759590972999999892e+00	2.859058762000000198e-01	-2.023341381000000050e-01	-8.567846900000000154e-01	1.049398249000000005e+00	1.228896736999999906e+00	-2.784724820999999739e-01	3.320719849000000057e-01	-7.935901344000000357e-01	-7.387022488000000164e-01	-8.467332007000000216e-01	5.835530276999999905e-02	3.265767210000000143e-01	6.048569457000000371e-01	1.152508349000000099e+00	-3.030992504999999726e-01	1.323532770999999997e+00	-5.766909718999999601e-01	-5.343640409000000036e-01
-2.191192704000000102e+00	-1.559798330000000011e+00	9.720168207999999588e-01	1.104382033000000041e+00	5.861425738000000107e-01	-5.483794810999999964e-02	7.790172182000000278e-01	-1.821143828000000076e+00	1.455211950000000032e+00	-8.342688217000000517e-01	6.038329073999999519e-01	1.404189292999999950e+00	1.692871854999999925e+00	1.766287374000000021e+00	9.740583944999999799e-01	-1.016348604999999905e+00	1.040331069999999913e+00	3.764089706000000035e-01	-2.221232113999999924e-01	-8.544502497000000529e-01	-2.074350573999999892e+00	-2.390595322999999883e-01	-1.686787749000000058e+00	1.631227200000000099e+00	3.318214820000000009e-01	-1.486914626999999989e+00	1.711682640999999949e-01	6.457830579000000126e-01	3.419508718000000003e-01	-6.451730051999999827e-01	7.375255453000000294e-01	-1.230439341000000075e+00	-5.804154969000000497e-01	-1.055508176000000020e+00	1.930430497999999995e+00	-1.633314046000000075e-01	6.070068685999999714e-01	7.825764361000000502e-01	1.820796276999999908e+00	-8.174480863999999958e-01	-3.033074385000000261e-01	-2.858951456999999863e+00	-1.715883365999999910e+00	-7.622683794000000290e-01	7.529991058999999654e-01	-9.753794520999999884e-01	4.834090099999999723e-01	1.585804664999999947e+00	-1.274216537999999899e+00	4.200594744999999741e-01	1.249568838999999931e+00	1.124231232999999941e+00	1.526092049999999978e-01	-1.562369447000000022e+00	1.473432926999999948e+00	-6.004439488999999686e-01	-6.206150766000000374e-01	-1.312835030000000014e+00	-1.118402214999999922e+00	-5.877874050000000405e-01	6.627329036000000340e-01	5.840035873000000155e-01	-3.105378187999999762e-01	-6.654691444000000455e-01	-4.665839936999999771e-01	-5.954334709999999919e-01
-2.154808973999999822e+00	-1.568213795999999993e+00	1.153142703999999963e+00	1.107404599999999961e+00	4.287845617000000109e-01	1.191024155000000029e-01	6.646382064000000423e-01	-1.970166770000000067e+00	1.570655783000000083e+00	-3.371885641999999850e-01	9.204479081999999979e-01	6.305072431999999560e-01	7.815694912999999744e-01	2.033951372999999840e+00	7.981487372000000136e-01	-8.922065112000000520e-01	1.342899786999999900e+00	-3.514531061999999761e-01	-6.913967305000000285e-02	-6.778835878000000204e-01	-2.238818392999999851e+00	1.561926809000000027e+00	-1.452534553000000006e+00	2.079695081000000112e+00	2.238493653999999999e-01	-2.376697646999999858e+00	4.463281417000000140e-01	1.048736778000000092e+00	6.219240534000000098e-01	3.148834662000000173e-01	-5.820382196999999980e-02	-1.865542510000000043e+00	-1.935536602000000050e-01	-9.416690927999999960e-01	1.951537875000000088e+00	-2.707751636999999878e-01	5.983917032000000136e-01	7.549660777000000156e-01	2.134800191000000069e+00	-1.161431703000000093e+00	-2.042716423000000003e-01	-3.210015590999999890e+00	-1.816253767999999935e+00	-7.568315217000000095e-01	8.699561091999999940e-01	-3.050050346000000023e-01	4.069858073000000021e-01	1.198611421999999926e+00	-2.608890554999999889e+00	-2.862146936000000141e-01	9.033324380999999681e-01	1.335673786000000085e+00	8.692819501999999865e-01	-4.348076539999999879e-01	6.503171639000000503e-01	2.252837890000000121e-01	-4.606095553999999814e-01	1.949151206999999997e-01	-8.989309333999999652e-01	1.321920315999999929e+00	-6.406145916000000051e-02	2.257325865999999959e+00	6.176937920999999720e-01	1.323271695000000081e+00	-4.936718897999999855e-01	-4.608517905000000248e-01
-2.292686007999999998e+00	-1.591703845999999922e+00	1.150946644000000019e+00	1.212046292999999997e+00	5.021371408999999453e-01	1.633216845000000084e-01	5.474633512000000035e-01	-2.092175393000000216e+00	1.459088184999999926e+00	-1.876557115999999970e-01	9.488376021000000105e-01	-4.665651965999999956e-02	1.221275917000000044e+00	2.028157882999999995e+00	1.078303468000000098e+00	-1.100214068000000101e+00	5.673915250000000077e-01	-1.279725588000000025e+00	-1.661620671000000049e-01	-3.823444750000000170e-01	-2.344727767999999823e+00	4.799873331000000243e-01	-1.423121583999999995e+00	2.302897762000000181e+00	2.296174105999999882e-01	-2.400955085000000100e+00	7.427551621000000326e-01	7.572214565999999536e-01	5.288479798999999870e-01	-4.490349665999999740e-01	6.940129731999999940e-01	-1.828209957000000108e+00	7.017753607000000171e-01	-1.345304878000000093e+00	1.703577761000000024e+00	-4.559346691000000229e-01	3.883456262000000159e-01	1.246321680999999959e-01	1.814228964000000000e+00	-9.990699506000000341e-01	-7.890139395999999916e-01	-2.353017549000000042e+00	-8.047417787999999739e-01	-1.026325370999999986e+00	9.938321616999999941e-01	2.867779987999999891e-01	1.212484701000000054e-01	1.233224429000000066e+00	-2.003054586999999831e+00	2.539038170999999844e-01	-1.746631604000000060e+00	-7.116099280000000027e-01	3.269598525999999894e-01	-1.486651616999999925e-01	8.215220635000000104e-01	-9.360360839000000377e-01	-6.307924261999999782e-01	-7.263758830000000000e-01	-1.727918065000000059e-01	1.558842832000000067e+00	6.150251288000000427e-01	8.327483838000000471e-01	-5.894232224000000089e-03	1.384390991999999931e+00	-1.486076876999999907e-01	-1.706203317999999969e-01
-2.189402719999999913e+00	-1.580138908999999980e+00	9.975603174999999601e-01	1.137045960000000022e+00	5.739213604999999774e-01	8.655942446000000623e-02	8.086926340000000213e-01	-2.146445390999999869e+00	1.261176545000000093e+00	-2.838719207999999827e-02	7.318035022000000112e-01	-9.694835863999999859e-01	1.054229859999999963e+00	1.917808106999999929e+00	9.455410333999999528e-01	-1.024464658000000084e+00	1.444613123000000054e-01	-5.294352196999999594e-01	-6.722706246999999857e-01	-7.341115585999999915e-01	-2.379616775000000128e+00	-3.966681415000000155e-01	-1.993572283000000001e+00	2.192778436000000220e+00	2.721357524999999944e-01	-2.316460563000000139e+00	5.763880133000000294e-02	1.168199761999999975e+00	8.521046774999999629e-01	-1.028816570000000041e+00	6.919526327999999671e-01	-1.579990350999999960e+00	8.842696201999999950e-01	-1.023689813999999920e+00	2.299036177000000070e+00	-5.170481469000000052e-01	8.289399941999999744e-01	1.652748732000000054e-01	1.401384447999999949e+00	-1.024649979999999960e+00	-1.311601537999999900e+00	-2.004471112000000055e+00	-2.030277518000000114e+00	-9.857101864999999741e-01	7.797402814999999654e-01	5.018506569999999778e-01	-1.385531268000000038e+00	2.007802764000000018e+00	-1.231140104000000068e+00	-8.675741712000000216e-01	3.119262800000000002e-01	-1.529688350999999953e-02	1.685242284000000090e+00	-3.583884036000000162e-01	1.766238103000000059e+00	-9.759930240999999951e-01	-3.705552093000000213e-01	-4.488668974999999728e-01	8.730731063000000125e-01	-1.849369891000000043e-01	8.179540311999999869e-01	3.024840014000000021e+00	-9.101050278000000215e-01	1.778486825000000104e+00	5.030468701000000431e-01	-5.735832785000000156e-01
-2.191565613999999940e+00	-1.615016328000000057e+00	1.207593853000000106e+00	1.161499175999999967e+00	4.595730574999999929e-01	1.147461749999999919e-02	6.463384330000000455e-01	-2.001131798999999933e+00	1.359803292000000052e+00	-5.530566138000000409e-01	2.342171365999999866e-01	-4.171645379000000209e-01	9.901863953999999746e-01	1.471772619000000004e+00	8.624754110000000251e-01	-6.389212220000000109e-01	-1.301438861999999919e+00	7.124585299000000260e-01	-1.107692334000000001e+00	-7.509517423999999552e-01	-2.224774833000000118e+00	-7.768004491000000122e-01	-2.039660354000000009e+00	1.995357706999999925e+00	4.385749877999999824e-01	-2.015289135999999814e+00	-2.766527218000000010e-01	1.393360747000000011e+00	5.349841963999999450e-01	-1.153804622000000002e+00	4.034089790000000009e-01	-1.060941713000000064e+00	8.387385137999999740e-01	-2.814341711000000190e-01	1.655192580000000024e+00	-3.858421009999999929e-01	7.611049240999999688e-01	9.934419227000000283e-03	6.370803782999999720e-01	-1.161701418000000041e+00	-9.508425691999999874e-01	-1.930886745000000015e+00	-1.346150102999999973e-02	-6.853830556000000129e-01	5.551543776999999791e-01	9.703422927000000531e-01	-1.418577849000000057e+00	1.400924653999999991e+00	1.887820178999999876e-01	-1.248996064999999961e-01	-3.211503546000000209e-01	8.904352436000000370e-01	1.037548659000000040e+00	-7.694177003000000070e-01	1.024445110000000048e+00	5.042707822999999978e-01	-5.348797671999999670e-01	-2.350778366999999869e-01	7.325970399000000244e-01	-2.805175543999999799e-01	1.798042123999999964e+00	2.997756984000000013e+00	1.902156662000000109e+00	1.855497165999999920e+00	-4.510416317000000008e-01	-1.610598066999999967e+00
-2.275085085000000173e+00	-1.638339011000000012e+00	9.901958238000000412e-01	1.129537602000000085e+00	5.303148674000000007e-01	-5.318015279999999817e-02	6.306982368000000339e-01	-1.835228029000000038e+00	1.227301996000000006e+00	-1.961804481999999961e-01	-2.005107760000000017e-01	1.038807357000000042e+00	1.176235689000000084e+00	1.528993711000000033e+00	5.801826820000000051e-01	-3.778480473999999978e-01	-9.458700748999999686e-01	9.429384298999999858e-01	-6.799508123999999931e-01	-1.018928115000000023e+00	-2.294840004000000100e+00	-8.084359943000000159e-01	-2.260192183000000021e+00	1.888112945000000042e+00	8.021192381000000204e-02	-1.803254061000000075e+00	2.383034427999999871e-01	6.544710318999999998e-01	-1.361853027999999910e-01	-1.519036346999999898e+00	1.109802701000000003e+00	-7.793064353999999971e-01	-6.895508147000000143e-01	-5.811038739999999786e-02	1.931576847000000097e+00	7.094122629000000346e-01	1.776291568999999876e-02	-2.682527549000000011e-01	-3.370467480000000071e-01	-7.388676196000000251e-01	-2.880766818999999992e-02	-1.652477889999999894e+00	-2.135885966000000025e+00	-5.452784695000000292e-01	-1.017964821999999936e+00	1.005916352000000069e+00	-5.719774619999999921e-01	1.144204737999999999e+00	6.813552475999999913e-01	6.009652988000000473e-01	-1.423907765999999908e-01	6.981134797000000392e-01	1.071818874999999949e+00	6.502463230999999677e-01	1.396986950000000061e+00	-2.011384848999999975e-01	-5.395657949000000064e-01	-8.359785084999999949e-01	6.286612825000000015e-02	4.759102995000000225e-02	1.537429791000000101e-01	-4.830970332999999783e-01	-1.828050710999999939e-01	3.678711053000000009e-01	-2.262296400000000096e-01	-1.737531205000000023e+00
-2.160556742999999891e+00	-1.583186226000000030e+00	9.756404070999999956e-01	1.116833159000000020e+00	5.390144505999999724e-01	1.207251439999999960e-02	7.119803077999999896e-01	-1.893122490999999963e+00	1.330669695000000097e+00	-3.656888252000000117e-01	-3.111322096999999953e-01	1.386107882999999985e+00	1.732795679999999949e+00	1.249460041999999937e+00	1.622559500999999904e-01	1.376406440000000064e-01	1.151088376999999996e+00	4.953566303999999976e-01	-3.936496965999999875e-01	-1.218642862000000049e+00	-2.233902324000000217e+00	3.794591757999999926e-01	-2.177447449000000201e+00	1.968021771999999947e+00	-3.714504549000000044e-01	-1.741824095999999988e+00	-3.572413101999999951e-01	1.318229286000000000e+00	-5.782894407999999986e-01	-8.315766842999999797e-01	1.155805423000000109e+00	-6.377376862000000424e-01	-5.558550867999999534e-01	7.838210355000000407e-01	1.605733547000000039e+00	8.663240812000000401e-01	-7.373532179999999769e-01	-6.450216697999999749e-01	-1.022652281999999913e+00	-5.344724771000000096e-01	3.174432750999999775e-01	-1.804307080999999924e+00	-1.783462791000000047e+00	-2.759725648999999947e-01	-8.743574683999999486e-01	1.226603813999999959e+00	-7.067677574999999823e-01	1.710574054000000066e+00	-9.701413326000000170e-01	5.158330917000000237e-01	8.632175801000000481e-01	1.885123054999999992e+00	1.078833952999999957e+00	-3.405895078000000242e-01	2.017551593999999948e+00	-9.519429592999999468e-01	1.344175441999999887e-01	9.624620284999999553e-01	-1.586454482999999915e-01	-9.079773463000000433e-01	-8.249526987999999950e-02	9.215131614999999554e-01	1.114870459000000036e+00	-4.761119949999999962e-03	-1.470911362000000056e+00	-1.630125674000000080e+00
-2.218499303000000200e+00	-1.645628724000000043e+00	1.000135827000000033e+00	1.206742463999999959e+00	3.860039364000000250e-01	-2.170817422999999843e-03	5.481399917000000510e-01	-1.980451358999999911e+00	1.139686458999999985e+00	-2.291883188999999932e-01	-6.115312232999999820e-01	7.705593987000000089e-01	9.619436005000000511e-01	1.033591546000000028e+00	1.713446577999999942e-01	1.283368706000000137e-01	1.658085054999999919e+00	-2.644746286999999918e-01	-1.071996070000000023e-01	-1.050927568999999950e+00	-1.870587891000000003e+00	1.495372533000000059e+00	-2.285520872000000203e+00	1.691755357999999987e+00	-7.224784628000000541e-01	-1.578205749999999963e+00	-4.696678284999999953e-01	1.045326782999999926e+00	-8.318375142999999694e-01	-9.193047460000000060e-01	1.501955643000000007e-01	-1.286617654999999971e-01	2.854752535999999785e-01	1.049358028000000109e+00	1.027664723000000002e+00	8.097754122000000443e-01	-1.490334188999999920e+00	-1.552335312000000078e+00	-1.685748366000000109e+00	-3.599055495999999854e-01	3.543043379999999964e-01	-1.210247384999999953e+00	-1.621828046999999939e+00	5.231476650999999922e-02	-1.084852546999999889e+00	9.463473888000000223e-01	-4.916895318999999764e-01	1.005316075999999947e+00	-8.300506027999999814e-01	9.768954286000000042e-01	1.643256943999999997e+00	-3.245235300000000045e-01	1.270644566999999947e+00	1.533861162000000056e-01	-8.822063342000000530e-01	-3.840332001000000273e-01	5.513284383000000011e-01	1.628793706000000036e-02	-1.881564976000000000e-01	5.327509519999999998e-01	-4.639341418999999855e-01	6.569775902000000167e-01	1.840751923000000012e+00	6.901905466000000100e-01	-1.710314984000000038e+00	-1.447861494999999943e+00
-2.184957251999999794e+00	-1.633572680000000110e+00	7.480785478999999460e-01	1.037308504999999936e+00	5.976931559999999477e-01	-2.371487488000000032e-01	6.254801005000000247e-01	-2.232403519000000003e+00	9.551912852999999703e-01	-2.675186915000000165e-01	-5.127221494000000490e-01	4.160342723000000076e-01	9.060225795999999887e-01	9.026460419999999818e-01	6.519789570999999784e-01	4.534116199000000069e-01	1.210154009999999891e+00	-1.131803117000000025e+00	6.129320765000000060e-02	-1.213294869999999914e+00	-2.397934075999999859e+00	5.694603392000000541e-01	-2.492633397000000084e+00	1.607745677000000040e+00	-1.197981748999999985e+00	-1.531463836999999995e+00	-7.276442458999999863e-01	1.173949585999999989e+00	-1.000451965999999970e+00	-1.121212630000000043e+00	5.572940577999999645e-01	1.580352194999999974e-02	6.056245080000000058e-01	1.033277486000000023e+00	1.343326076000000091e+00	9.592761873999999800e-01	-1.757391928999999964e+00	-1.748243371000000046e+00	-2.394006706999999956e+00	-2.695189935000000259e-01	3.002201816000000245e-01	-5.921164696999999810e-01	-1.437021148999999998e+00	3.797032446999999977e-01	3.402769972999999948e-01	4.828990756000000051e-01	-1.482659445999999992e+00	1.832567732000000005e+00	-2.118048792000000180e+00	-8.301965505000000189e-02	4.036581680999999922e-01	-5.018634100000000098e-01	-1.485170563000000055e-01	-6.897290106000000254e-01	5.321915560000000101e-01	1.117374984000000016e+00	4.345492668000000003e-01	1.195875081000000062e+00	2.908959595999999759e-01	-6.450048078000000240e-01	-6.023307148999999805e-02	1.100326378999999966e+00	4.771407663999999854e-02	7.536922227000000252e-01	-1.643343156000000027e+00	-1.122555554000000066e+00
-2.098843652999999865e+00	-1.595834658000000017e+00	9.059961439999999477e-01	1.087961305000000101e+00	3.236772801999999727e-01	2.008360768000000060e-02	6.278593309000000122e-01	-2.289462524000000165e+00	9.806267247000000076e-01	-3.703809688999999961e-01	-1.219767625999999966e-01	-8.013322273999999856e-01	8.876131594999999708e-01	7.610028420000000127e-01	4.765312158000000187e-01	5.551950798000000464e-01	-1.828159256000000121e-01	-9.659438885000000141e-01	-1.990952571999999865e-01	-1.193645985999999937e+00	-2.328829402999999854e+00	-9.832955856999999744e-01	-2.146146563999999923e+00	1.702950270000000099e+00	-1.155701772000000016e+00	-1.335139797000000073e+00	-9.831453180000000458e-01	1.822424433999999982e+00	-8.335909834000000407e-01	-8.465411765999999449e-01	-4.446985758999999656e-03	-3.002124125000000046e-02	2.711401411000000095e-01	1.368086772999999923e+00	1.135324443000000016e+00	4.454599027000000211e-01	-1.550845350999999983e+00	-1.852761271000000098e+00	-2.350741520000000140e+00	-6.519204761000000348e-01	1.880082804000000052e-01	-4.572988707000000264e-01	-2.108979704999999871e+00	3.904026219000000242e-01	-1.497088430999999886e-01	6.469810137000000516e-01	-2.015561411000000192e+00	1.688607146000000059e+00	-1.330278054999999959e+00	-1.199765221000000048e+00	-2.924406351000000126e-01	3.717856073999999955e-01	1.008469940999999981e+00	-7.639850825999999762e-01	1.450518519000000062e+00	-5.393654251999999844e-02	8.481851795999999499e-01	1.454682049000000088e+00	2.339020093999999994e-01	7.384539877000000363e-01	4.704080454999999827e-01	3.002732652000000169e+00	1.269348527000000004e+00	7.055487154999999788e-01	-1.781770679999999940e+00	-1.291287261999999991e+00
-2.165978652999999809e+00	-1.623439961999999959e+00	8.092610417000000167e-01	1.072673484999999927e+00	4.838746044000000190e-01	-6.074518319999999694e-02	6.368262064999999916e-01	-2.135721603999999996e+00	8.637627264999999666e-01	-8.842639958000000355e-01	-6.313591809999999915e-01	-6.783889562999999567e-01	7.790579888999999980e-01	6.994148060999999528e-01	8.908315481999999896e-01	5.930205795999999863e-01	-1.272565842999999974e+00	2.885769793999999888e-01	-1.647198143999999836e-02	-1.350345018999999924e+00	-2.211926935999999788e+00	-1.413361993000000094e+00	-2.199003976000000193e+00	1.732906406999999982e+00	-1.070188936999999951e+00	-1.023163150000000021e+00	-1.056695034999999949e+00	1.109471950000000096e+00	-8.300125616000000317e-01	-1.076588125000000007e+00	-5.884724953000000092e-01	-1.852145253999999963e-01	3.558173331999999744e-01	1.695580383000000024e+00	1.344033142000000014e+00	7.374585386999999992e-01	-1.640901940000000003e+00	-1.656997134999999899e+00	-2.053010309999999894e+00	-6.044114471000000544e-01	8.719809940999999620e-01	1.957942974999999919e-01	-1.055809245999999924e+00	2.155259572000000137e-02	8.190816878999999939e-02	6.143692405999999773e-01	-1.556729642000000080e+00	-4.292787216000000239e-01	2.351017800000000102e-01	8.123432724000000382e-01	-6.010877932999999507e-01	1.214999018999999958e+00	6.025358401000000530e-01	-4.892451758999999956e-01	7.742321400999999659e-01	1.200246080000000048e-01	8.864466345999999497e-01	2.957644758999999901e-01	5.702539930000000146e-01	6.991292463999999873e-02	1.068997663000000042e-01	8.619921301999999841e-01	7.819058903000000171e-01	3.068447052000000119e-01	-1.290223016999999972e+00	-1.340986132000000053e+00
-2.098986625999999855e+00	-1.596304345000000069e+00	6.527581108000000132e-01	1.155459938999999991e+00	5.109251164000000456e-01	5.648437016999999921e-02	7.573511599000000150e-01	-1.890989564999999928e+00	9.114205533000000470e-01	-1.791360556999999909e-01	-5.081565815999999902e-01	8.548125258000000004e-01	7.593103882999999721e-01	8.338285693000000443e-01	4.553315511000000093e-01	9.087900329000000443e-01	-1.045111735999999958e+00	7.531387295000000481e-01	6.994845701000000637e-02	-1.640749564999999910e+00	-2.459626983999999794e+00	-9.680889717999999755e-01	-1.869050133000000002e+00	1.720071101000000047e+00	-8.787405409999999861e-01	-9.715719762000000204e-01	-8.990528086000000307e-01	1.572567134000000033e+00	-5.049678998000000085e-01	-7.838925409000000455e-01	1.044927276999999960e-01	-3.213619792999999891e-01	-1.215112329000000102e+00	1.851588498999999999e+00	1.472494646999999990e+00	1.119828006000000098e+00	-1.547580833999999905e+00	-1.566420836999999899e+00	-1.325660770000000044e+00	-6.064038247999999909e-01	7.701108596000000306e-01	3.141817983999999897e-01	-1.489302571000000075e+00	3.161711415000000025e-02	-7.048928557000000428e-01	3.514524891999999956e-01	-1.400962182000000000e+00	1.684493886999999912e+00	3.314877171000000233e-01	-8.676235510999999456e-02	-7.017971697999999536e-01	1.525154611999999910e+00	1.761412117999999971e+00	-2.414134571000000062e-01	7.842001560000000371e-01	-8.147914147999999468e-01	1.344016150000000076e+00	1.325059670999999994e+00	1.113625579999999893e+00	-3.399814312000000172e-01	-4.772658882999999963e-01	-8.670597133000000623e-02	-1.591924476999999893e-01	1.854697678999999988e-01	-1.161226552000000023e+00	-1.548969824000000051e+00
-2.092296634000000211e+00	-1.568996341000000072e+00	8.949583097000000098e-01	1.141053835999999988e+00	3.465304609000000036e-01	2.528453324000000044e-02	6.604756015999999619e-01	-1.819534062000000008e+00	1.115009978000000013e+00	-8.063669208999999505e-01	-4.845693974999999987e-01	1.403762656999999914e+00	1.221673067000000001e+00	8.801472447000000532e-01	3.254440145999999978e-01	1.113207186999999987e+00	1.028113476999999998e+00	5.458366671000000059e-01	-1.716179831000000100e-01	-1.206819037000000039e+00	-2.280122024000000192e+00	-4.581278069999999980e-01	-1.740617365000000083e+00	1.795442817999999940e+00	-6.002027021000000406e-01	-8.433657930000000302e-01	-1.050758631999999970e+00	1.725509415000000102e+00	-8.695075003000000136e-01	-2.320884702000000077e-01	6.800850627000000204e-01	2.726353535000000106e-01	-1.016609749999999979e+00	1.894177849000000080e+00	9.983656367000000031e-01	5.251194221999999634e-01	-1.406850664000000029e+00	-2.055087309999999778e+00	-8.370098703999999668e-01	-3.619550979000000224e-01	7.172776830000000547e-01	3.703776280999999948e-02	-1.666158937999999923e+00	3.728077980999999763e-01	-7.691276186000000070e-01	4.120138220999999823e-01	-9.355957594999999571e-01	1.912547216000000105e+00	-5.535629917000000066e-01	7.950414426999999895e-01	6.736596100999999726e-01	1.536092564999999910e+00	4.871668824000000009e-01	-1.530604097000000108e+00	1.843288177000000028e+00	-2.866798423999999956e-01	1.603521533999999971e+00	4.618848856000000169e-01	-2.084717899999999902e-01	-5.150757941000000395e-01	1.623312917999999994e-01	1.695962286000000097e+00	1.006438004000000053e+00	-2.885390017000000196e-01	-2.258016667999999783e+00	-1.675591728999999974e+00
-2.220368183999999800e+00	-1.627135825999999952e+00	7.408056399000000347e-01	1.143787356000000033e+00	4.286337224999999806e-01	4.681642561999999758e-02	5.357574605999999573e-01	-2.081802753999999922e+00	9.427235707000000131e-01	-9.241093861000000409e-01	-5.754946050000000479e-01	1.013132668999999986e+00	1.161843675000000076e+00	1.053420513999999919e+00	6.698097536999999546e-01	8.000068291999999914e-01	1.677005295999999923e+00	-2.116968546000000118e-01	4.666361702999999861e-01	-9.788631617999999923e-01	-1.739191179000000087e+00	9.082067874000000485e-01	-1.933013204000000096e+00	1.897516745999999976e+00	-4.239574634000000120e-01	-1.407149081000000024e+00	-1.047683958999999998e+00	1.032970694000000078e+00	-1.128100257999999911e+00	-3.715458081999999940e-01	-5.342556402000000482e-01	4.286153705999999793e-03	-7.090578124999999399e-02	1.425005974999999925e+00	9.833674945000000500e-01	1.051884754000000033e+00	-1.376972040000000064e+00	-1.931783875999999900e+00	-9.848353499999999983e-01	2.011644637999999985e-01	4.119594522000000203e-01	1.641865238999999921e-01	-1.989968940000000019e+00	3.929286041999999757e-01	-9.917607309999999787e-02	-3.532545613000000195e-02	-3.742309596000000238e-01	6.743649122000000551e-01	-8.646344827999999927e-01	2.882989975999999954e-01	3.768303991999999991e-01	-4.527386657999999953e-01	1.347001239999999989e+00	1.517906740999999948e-01	-3.910298364999999915e-02	-6.015884366999999511e-01	1.651761283999999996e+00	-1.629675684000000124e-01	7.815423596999999944e-02	3.280020530999999906e+00	-9.446931416999999609e-01	5.822161096000000313e-01	2.166053477999999810e+00	-1.255299806000000074e-01	-4.703429352999999868e-01	-5.000064026999999633e-01
-2.083462978000000021e+00	-1.570375797999999934e+00	7.437443659000000373e-01	1.058292714000000023e+00	5.389018345999999626e-01	3.195109242000000044e-02	6.752398555999999941e-01	-2.227041548999999954e+00	9.531358817999999733e-01	-1.262672062000000095e-01	-3.808904139000000022e-01	3.838666487999999877e-01	1.099531977000000049e+00	1.004245194999999979e+00	8.066995008999999772e-01	8.278584554000000262e-01	1.142359247999999994e+00	-8.427565660000000403e-01	3.869155168999999783e-01	-1.013749116000000061e+00	-2.233291829000000117e+00	8.374835697000000412e-01	-2.107314398999999838e+00	1.804327052999999959e+00	-7.717184897000000099e-01	-1.802402561999999930e+00	-1.116944592999999930e+00	1.892461528999999976e+00	-8.598920920999999495e-01	1.416574328000000035e-02	3.079433902000000001e-01	-3.974687194000000034e-01	6.304243574000000239e-01	1.187367257000000009e+00	9.927909057999999565e-01	8.188922427999999476e-01	-9.589515973000000137e-01	-1.672671178000000092e+00	-1.436073415999999936e+00	4.555830276000000234e-02	-3.272605782999999935e-01	-1.422131290999999909e+00	-1.365963577000000040e+00	8.916308673999999712e-01	2.011110090999999933e+00	1.204309073999999986e-02	-1.304150938999999898e+00	1.599382579000000026e+00	-1.349427249000000106e+00	3.311167729999999754e-01	-3.675580661000000249e-01	1.526936842999999933e-02	1.501555946999999946e+00	-1.189932430999999902e+00	6.106383413999999510e-01	1.226774427999999917e+00	1.757874300999999972e+00	1.618250025999999897e+00	-2.667812970999999811e-01	-9.345423236000000022e-01	5.801583067000000149e-01	1.131670479999999923e+00	8.768665521000000573e-02	-1.867113603000000038e-02	-6.421492862000000024e-01	-2.433512794999999895e-01
-2.100910573000000170e+00	-1.610437423999999895e+00	9.275070887999999902e-01	1.128928380000000065e+00	2.788202055999999818e-01	1.009497548999999939e-01	6.539567441000000425e-01	-2.299348097000000202e+00	9.526937640999999513e-01	-5.292459588000000131e-02	-1.135639776000000045e-01	-6.975311684999999651e-01	8.317537399000000109e-01	1.114391230999999927e+00	1.167772577000000034e+00	5.469518302000000443e-01	-3.451652477000000108e-01	-4.500478403000000016e-01	1.991285138999999982e-01	-8.232527245999999854e-01	-2.261604855999999941e+00	-1.219111929999999955e+00	-1.601764707000000065e+00	2.247783012000000191e+00	-6.124763729000000101e-01	-1.844291711999999972e+00	-1.352946933999999990e+00	2.064757093999999960e+00	-1.111218040000000018e+00	-2.075282223999999967e-02	1.784863434999999984e-02	-7.809705082000000242e-01	6.480378413999999809e-01	3.748318583999999953e-01	1.065247609000000040e+00	5.076989815000000350e-01	-4.583148478999999886e-01	-1.738135623000000018e+00	-1.996860945000000109e+00	-2.166816876999999864e-01	-3.008164315999999894e-01	-2.050337357000000083e+00	-1.702800287999999940e+00	-9.592358260000000136e-02	1.198247191000000100e+00	7.306117230999999990e-01	-9.296509874999999701e-01	1.809321439000000087e+00	-8.920518146000000481e-01	-1.559622384000000084e+00	-4.289725571999999931e-02	1.018645283999999984e+00	-7.364031543000000568e-02	-3.159509500000000082e-01	1.582791121999999939e+00	-7.223278953999999752e-01	2.059513558999999994e+00	-3.917980299000000111e-01	8.092850762000000087e-01	-2.852051111000000055e-02	6.787819437000000011e-01	2.067273289000000069e+00	2.544912071000000053e-01	7.591916619999999893e-01	-1.746339474999999974e-01	7.240124776999999900e-01
-2.026328474000000046e+00	-1.599584759999999939e+00	8.879242676999999917e-01	1.133077011999999995e+00	5.965098222000000394e-01	1.174306256999999992e-01	7.415424292000000195e-01	-2.075030455999999912e+00	8.621854483999999985e-01	-9.851952832000000493e-01	-3.562278566000000035e-01	-2.502609332999999880e-02	6.674444186000000334e-01	9.990668810999999705e-01	1.016587144000000054e+00	1.473373929000000027e-01	-1.278713097000000021e+00	1.009178689000000073e+00	4.039228462000000186e-01	-7.687154259999999795e-01	-2.002539309999999961e+00	-6.626850935000000442e-01	-1.478105038000000038e+00	1.670569777000000089e+00	-1.097803569999999951e+00	-2.191681549000000118e+00	-1.501443660999999929e+00	1.797071810000000047e+00	-3.798432480999999750e-01	-2.797396629000000190e-01	-1.778918537999999924e-02	-9.454658666999999905e-01	1.162775541000000024e+00	1.700292576999999916e-01	8.244746160999999463e-01	6.119468367000000519e-01	-4.671142382999999842e-01	-1.508766894000000081e+00	-2.021215247000000215e+00	-6.617108738000000434e-01	-5.141058722000000358e-01	-2.472443768999999847e+00	-8.069951018000000031e-01	9.751565846000000148e-02	1.424056702999999979e+00	8.209508005000000219e-01	-1.133768665999999925e+00	1.250550081999999952e+00	1.195062451999999942e+00	-4.785471580999999808e-01	-1.664740973000000124e-01	7.566391277999999776e-01	1.053489144000000044e+00	-1.339676163999999892e+00	1.023255389000000015e+00	3.615852160000000010e-02	1.825389550999999999e+00	-7.313234618999999714e-01	9.098811376000000284e-02	4.371503750999999709e-03	3.869865610000000067e-01	2.230005181000000114e+00	4.728260639999999904e-01	-9.096065601999999729e-04	4.258377190000000034e-01	-9.145254595999999792e-01
