6.714603090999999857e-01	3.789665723000000264e-01	1.249826133000000034e-01	-1.693911644999999966e-01	6.276425799000000527e-01	3.964306229999999820e-01	6.487337859999999790e-01	2.230925712999999866e-01	2.983868654999999870e-01	-7.799670257000000141e-03	1.539970847000000087e-01	2.243889682999999913e-01	2.073483426999999935e-01	8.648128863999999805e-01	9.554217863999999727e-01	1.829968028000000108e-02	1.269246169000000091e-01	-4.150971508999999893e-01	2.091302583999999909e-01	-1.985657644999999916e-01	-4.890960207000000226e-02	7.432582364999999920e-03	2.932756550000000240e-01	-1.267713185000000076e-01	2.134482461999999969e-01	-6.652965360999999467e-01	-1.356136133999999993e-01	1.086302201000000078e+00	-4.964745676000000274e-01	-1.784315496999999917e+00	-2.792356377999999917e-01	1.820067978000000086e-01	8.080827962000000086e-01	5.895115142000000308e-01	3.900712178999999891e-01	3.749543712999999778e-01	7.549107884000000324e-01	1.332824902000000034e+00	1.245271315999999934e-01	-6.176411064000000145e-02	1.671719790999999858e-02	-3.786087015999999861e-01	-9.971114212999999671e-01	-5.334025197999999746e-01	-3.897594527000000086e-01	2.201117369999999962e+00	7.726051696000000302e-01	1.161537338000000030e+00	1.330995386999999974e+00	9.239282353000000114e-01	-2.048384175999999890e-01	-8.439566420999999874e-01	-4.784839552999999857e-01	1.428480455000000093e+00	-4.698050100999999756e-01	7.325050746000000279e-01	2.003857881000000063e+00	1.020548132000000052e+00
6.193379977999999841e-01	3.334401773999999818e-01	1.739280810999999927e-01	-2.270602851000000089e-01	5.696392663999999550e-01	2.321183958999999963e-01	6.403260449000000021e-01	2.153362184000000012e-01	1.670720454999999882e-01	2.959971422000000074e-01	1.808558054000000137e-01	8.866110346000000142e-02	1.343950039000000041e-01	9.947752273000000089e-01	3.418679508999999950e-01	5.221746287999999847e-01	1.306326609000000027e-01	1.394371980000000122e-01	1.723454188999999914e-01	-3.567609847000000056e-01	1.626456685999999943e-02	4.495459187999999995e-01	-4.757157667999999638e-03	-7.418035370000000128e-01	2.816496401999999954e-01	-2.083879941000000013e-01	-1.226822848999999938e-01	1.602190663000000015e+00	-7.749059685000000419e-01	-1.923472185000000056e+00	-2.910219145999999868e-01	5.020941341000000335e-01	5.173110308999999685e-01	-3.146394666999999812e-01	6.817337380000000335e-01	5.616016981000000047e-02	6.269971785000000297e-01	-1.743853342000000004e-03	2.316184008000000127e-01	-1.406689513000000114e-01	-3.944896325000000342e-02	-4.482866566999999663e-02	-1.246919711999999958e+00	9.402963609000000028e-03	-2.510023701999999912e-01	1.789087600000000000e+00	7.291655551000000290e-01	1.205938262999999955e+00	1.214577360000000050e+00	1.506731193000000024e+00	2.368165520999999940e-01	-7.279121339999999885e-01	1.078698884000000024e+00	-1.489157862999999971e+00	3.688178201000000267e-01	3.835423306999999893e-01	1.811334146999999950e+00	1.241526708999999978e-01
5.542222910999999863e-01	3.859515316000000085e-01	2.374028753999999908e-01	-2.261252242000000023e-01	5.445977652000000280e-01	3.719245996000000165e-01	5.619400582000000366e-01	3.195435474000000164e-01	3.799199806999999929e-01	2.684422110999999944e-01	2.661066434000000092e-01	1.560790579000000122e-01	2.292217739000000087e-01	8.406948542000000080e-01	7.390725196999999858e-01	3.047101589999999804e-01	2.382668965999999999e-01	-6.815647789999999817e-02	1.186728611999999933e-01	-1.480539087999999948e-01	1.258031733999999957e-01	-5.560012686000000148e-02	2.050581042999999881e-01	-3.227603477000000054e-01	2.567191339000000072e-01	-3.564229178000000164e-01	1.941692986999999926e-01	1.087115129000000069e+00	-5.758883055000000306e-01	-1.583571513999999958e+00	-4.048716175000000028e-01	2.437030041000000091e-01	8.155012892999999874e-01	-1.051795283000000053e-01	6.081942867999999836e-01	1.984057119000000036e-01	7.043166587000000423e-01	8.629210665000000002e-01	6.740932352999999544e-02	-1.197738185999999982e-01	-5.947419695000000228e-02	-3.176467504000000108e-01	-1.186260864999999942e+00	8.145466804000000005e-01	-6.362409802999999808e-01	2.070163099000000173e+00	5.391115536999999680e-01	1.293704809999999927e+00	1.198813942999999993e+00	1.033612771000000041e+00	3.439392545000000134e-01	-7.049279724000000469e-01	4.334696152999999996e-01	-7.620229490000000050e-01	-5.986596847999999665e-02	3.193469424000000001e-01	2.011658476000000029e+00	-9.084572593999999945e-01
6.061210835000000463e-01	3.114280629000000244e-01	1.968425598999999915e-01	-1.820515099999999997e-01	5.759508721999999636e-01	1.511702772000000083e-01	5.882998833000000483e-01	2.030781624000000118e-01	2.567211754000000082e-02	6.533643880999999431e-02	3.561615036999999928e-01	-2.924081201999999963e-02	1.022720708000000034e-01	8.049193754000000256e-01	7.284044463000000080e-01	4.363051773000000133e-01	3.724704105000000154e-01	-2.779560702000000161e-02	3.829076951000000006e-01	-1.377078214000000134e-01	5.212615406999999978e-02	2.450419357999999992e-01	2.897040564000000207e-01	-4.944379502999999842e-01	7.292902765000000564e-02	-3.590076434999999733e-01	-2.429280109999999993e-01	1.262288421999999910e+00	-7.003200473999999787e-01	-1.885905071000000044e+00	-2.315080521000000002e-01	6.661565109999999512e-01	9.331603769999999853e-01	-3.183042825999999881e-01	1.089367690000000000e+00	9.584128934999999738e-02	3.870518957999999898e-01	5.428580172000000426e-01	1.860383877000000019e-01	-4.471154545000000091e-01	-6.805931967999999388e-02	8.029764589000000508e-02	-1.202904927000000068e+00	1.168558965999999977e+00	-1.001454767000000023e+00	1.990119895999999944e+00	1.493690644000000012e-01	1.187629384000000066e+00	1.310796416999999936e+00	-6.929324667000000271e-02	-6.059256257000000118e-02	-6.173746643999999950e-01	3.832429453000000263e-01	1.409704438000000115e-01	1.571092191000000027e-01	-7.553316065000000024e-02	1.550792965999999939e+00	3.880991514000000087e-01
5.626425781999999653e-01	3.317566907999999759e-01	3.356119933000000222e-01	-2.218059320000000112e-01	5.306569312000000149e-01	3.731304596000000195e-01	5.483567383999999878e-01	3.337686852000000259e-01	2.722275191999999899e-01	2.940472746000000193e-01	2.994214170999999758e-01	4.477148118999999676e-02	3.418175347999999891e-01	7.899647763999999572e-01	4.406594607000000052e-01	4.720392330000000025e-01	2.693413614999999872e-01	-7.700350946999999502e-02	6.747183514000000548e-02	-3.096242578000000245e-01	1.657024635000000079e-01	-2.094382472999999911e-01	3.827403617999999841e-01	-3.880063636000000149e-01	3.596658434000000182e-01	-3.214061163999999970e-01	-2.317707357000000079e-01	9.475113465000000179e-01	-9.106641086000000218e-01	-1.790075137999999955e+00	-3.759468712999999851e-01	5.044486087999999757e-01	6.466828440999999872e-01	1.244887239000000076e-02	1.203284894000000049e+00	-5.129064934999999492e-01	4.091873085000000132e-01	8.886349755000000350e-01	-1.084623353999999984e-01	-1.821193714999999880e-01	-2.042276956000000088e-01	-5.463112771000000478e-01	-1.087996109000000100e+00	-3.381518180000000172e-03	-8.549469526999999847e-01	1.968611112999999913e+00	-1.300454667000000009e-01	1.346914858000000104e+00	1.283847589000000067e+00	-1.425428251999999896e+00	2.090902984999999936e-01	-7.791665542000000277e-01	8.441172832000000403e-02	4.342265394000000001e-01	-4.581031815000000118e-02	9.250870294999999702e-03	1.442062509000000103e+00	1.012459854999999909e+00
5.289550276000000162e-01	2.150818620000000125e-01	2.614574887000000181e-01	-1.745145478000000028e-01	5.290105507000000262e-01	1.541703264000000018e-01	6.538113020000000386e-01	2.102882540000000078e-01	-1.363373297999999900e-01	5.255378329000000293e-02	2.482374434999999879e-01	-1.213818873000000083e-02	1.771607560000000026e-01	7.551232030000000206e-01	6.309496132999999896e-01	5.264601786000000505e-01	3.374066857999999947e-01	-1.784897434999999921e-01	2.787878301999999753e-01	-7.964730640000000639e-02	-7.071059914999999751e-02	4.563917450000000153e-01	2.481711390999999933e-01	-4.343895694000000085e-01	-1.563824084999999864e-02	-2.838107644999999790e-01	-1.559753946999999918e-01	1.042117175000000007e+00	-9.279492810999999675e-01	-1.783652519000000103e+00	-3.440590640000000255e-01	6.604310655999999780e-01	7.027032281999999741e-01	-5.666412057999999918e-01	8.788618783999999629e-01	8.291066694000000237e-02	3.206069111000000027e-01	4.939663834999999947e-01	-1.176648599999999961e-01	-3.449944581000000121e-01	-9.521420602999999816e-02	8.625242052999999853e-02	-1.278638734000000055e+00	-1.059285298000000042e-01	-5.849018614000000005e-01	1.710610189999999919e+00	-8.069576011000000049e-02	1.058918234000000069e+00	1.202928492999999932e+00	-7.813033885000000289e-01	9.566759369999999763e-02	-6.785573769999999616e-01	6.269969415999999685e-01	1.628598757000000008e+00	4.254018929000000226e-02	-8.040958445000000177e-02	1.099770482000000049e+00	1.370478913999999993e+00
5.759818480999999712e-01	3.075816538000000211e-01	2.254140175999999884e-01	-2.383867943999999905e-01	5.088358118000000374e-01	3.308903543999999752e-01	6.444464734999999500e-01	2.774439014000000259e-01	1.119192274999999959e-01	1.544299248999999874e-01	2.311937842000000021e-01	5.665723663000000326e-02	3.053031860000000042e-01	5.733271060000000308e-01	5.173747533000000454e-01	5.194061824000000271e-01	3.456608321999999900e-01	-4.709542516999999928e-01	3.287788866999999948e-01	-2.106563731999999967e-01	1.101740415000000001e-01	4.307115263999999888e-02	6.341464456999999777e-02	-3.494732943000000147e-01	5.523970691999999794e-01	-1.604623173999999985e-01	-2.618188955999999901e-01	6.437694204999999670e-01	-1.079082104999999903e+00	-1.889627350000000039e+00	-3.640331757999999973e-01	6.277067750000000501e-01	7.143177672999999617e-01	3.187701442000000218e-02	7.118016124999999583e-01	-1.977816598000000092e-01	5.028977994000000118e-01	9.435669805999999937e-01	-6.121217895999999659e-01	-3.733776940999999905e-01	-2.721691283000000072e-01	-5.464113869000000179e-01	-1.123145226000000108e+00	-8.448621863999999926e-01	-6.720759398000000218e-01	1.590475695000000078e+00	-3.918339272999999956e-01	1.079595960000000021e+00	1.180996836999999910e+00	2.015917580000000098e-01	2.028161068999999872e-01	-6.586637953999999739e-01	3.332996094999999825e-01	1.840867873000000099e+00	1.240987343999999937e-01	-5.299458352000000483e-01	7.236035048000000192e-01	9.103779209000000261e-01
5.432623935999999487e-01	2.275704828000000013e-01	1.908816915000000058e-01	-2.423463416999999953e-01	4.941251226999999746e-01	1.751865982999999960e-01	6.345241481000000183e-01	1.493233324999999889e-01	-4.823699684999999820e-02	3.164486983999999919e-02	2.028777266000000024e-01	5.825343890999999663e-02	9.398025441000000535e-02	5.647588907999999686e-01	2.866126346999999797e-01	7.036553529000000307e-01	2.491174483999999967e-01	-1.469721029000000123e-01	3.036435121000000126e-02	-3.263792631999999916e-01	-1.557065082000000100e-01	5.074934962999999577e-01	1.775170454999999980e-01	-4.521778598999999788e-01	3.391273925999999800e-02	-1.263320487000000047e-01	-1.066595557000000055e-01	9.966017834000000519e-01	-1.212847342999999967e+00	-1.886094010000000099e+00	-4.990499382999999956e-01	5.952300266000000173e-01	6.383804843999999479e-01	-3.544260839999999746e-01	2.276494314999999991e-01	-1.901369109000000113e-01	2.649147090000000260e-01	1.210761800999999999e-01	-2.525753404000000146e-01	-3.565903031000000056e-01	-7.435603037999999332e-02	-1.160503492999999942e-01	-1.453897288000000065e+00	-1.177598243999999905e+00	-3.039399293999999752e-01	1.416119912999999952e+00	-1.033424532999999979e-01	8.893549131000000330e-01	1.101098420000000022e+00	8.949648191000000308e-01	-2.746068969000000082e-01	-7.286723379999999750e-01	3.961977326000000188e-01	9.142141507000000056e-01	2.365360228999999898e-02	-4.919844037000000170e-01	1.597645934999999962e-01	5.157900136999999940e-01
5.174490424000000033e-01	2.750808081000000183e-01	1.879887604999999906e-01	-1.773450397999999928e-01	4.447900525999999854e-01	2.990623847000000168e-01	6.523743485999999869e-01	2.044417581000000095e-01	1.922946796999999985e-01	1.412746142999999899e-01	1.225399880999999969e-01	6.829916565999999412e-02	2.605612915000000140e-01	3.601227269999999758e-01	5.870869060000000195e-01	4.087407679000000238e-01	2.198514343000000093e-01	-4.375887982000000176e-01	-3.857666608000000219e-02	-1.762522542999999942e-01	7.188760966999999807e-03	8.372290357000000682e-02	-6.588101076999999806e-02	-3.151746818999999755e-01	4.838021321000000041e-01	-1.360046048000000118e-01	-1.791715923999999960e-01	8.053440599000000200e-01	-9.968546723000000220e-01	-1.819937520999999947e+00	-3.656022279000000208e-01	4.739854486000000255e-01	3.037532012999999975e-01	-1.435998625000000084e-01	-4.858273250999999709e-02	-5.654315515999999708e-02	8.135300584000000335e-01	6.617207210000000117e-01	-6.070424098000000157e-01	-3.219637820999999844e-01	-2.180935784999999960e-01	-5.951858933000000462e-01	-1.355373774999999892e+00	-9.466860651999999821e-01	-5.862786091999999671e-01	1.463274060999999904e+00	2.865742894000000013e-02	8.974165822999999875e-01	1.033124737999999931e+00	1.148169548999999900e+00	4.357627574999999864e-01	-7.042168200999999739e-01	5.154380187999999530e-01	1.077337380999999983e+00	8.203773049000000206e-02	-6.018828009000000145e-01	2.293967493000000080e-01	1.773117030999999955e-01
5.697367184999999612e-01	2.988596164000000277e-01	1.376859816000000070e-01	-2.078801802999999948e-01	4.740650017999999966e-01	9.948682888000000279e-02	6.297147215999999714e-01	7.898618894999999418e-02	7.029095786000000290e-03	-3.708454525999999984e-03	1.848736279000000038e-01	-4.911487006999999683e-02	1.871060974999999918e-02	3.566877484000000043e-01	4.523884938000000133e-01	4.856345669000000087e-01	2.162596595000000066e-01	-1.515948166999999958e-01	1.564826574000000026e-01	-2.295646936000000082e-01	-2.344964323000000017e-01	5.915961319000000440e-01	-1.004378997999999940e-01	-4.589401217999999893e-01	-1.948589804999999869e-02	-1.479709488000000017e-01	-6.073806555999999857e-02	1.177855145999999964e+00	-1.007258221999999925e+00	-2.067020263999999941e+00	-3.369357309000000078e-01	4.887017640999999912e-01	6.378714529000000244e-01	-4.479664279000000193e-01	-3.717529454999999872e-01	-1.311057992000000116e-01	4.921295520999999784e-01	9.835685920999999443e-02	-3.751388616999999925e-01	-4.754727978000000133e-01	-9.383583280000000471e-02	-8.040790589000000599e-02	-1.597820081999999919e+00	-1.744133548000000034e-01	-4.814524383000000074e-01	1.311415188000000009e+00	3.022872205000000090e-01	6.946860352000000516e-01	1.042798565000000011e+00	1.558182978000000052e+00	-1.831629257999999871e-01	-7.727961491999999488e-01	6.805462492999999613e-01	-4.785489129000000119e-01	1.300927108999999915e-01	-6.779670342000000405e-01	-8.188166107000000027e-02	-3.418520871999999877e-01
5.250830423000000247e-01	3.663151285999999840e-01	1.896319170999999915e-01	-2.416730836000000049e-01	4.220401910000000090e-01	3.257474987000000266e-01	5.840743940999999495e-01	2.323880795999999915e-01	3.270710014000000054e-01	2.871439380999999957e-01	1.729035364000000019e-01	1.155404294999999998e-01	2.468651675999999906e-01	2.309082940999999944e-01	4.193539700000000203e-01	3.570370935000000134e-01	1.703778207999999961e-01	-1.703890275999999926e-01	-2.051319014999999912e-01	-2.823683570000000143e-01	3.336321601000000192e-02	-1.043851543999999992e-01	9.828419334999999313e-02	-3.587714439999999949e-01	4.395438661000000136e-01	-7.808016348000000606e-02	-3.211261487000000026e-02	9.436211570000000437e-01	-9.958492122000000002e-01	-1.775242930000000108e+00	-3.937029879000000232e-01	2.536825877000000173e-01	4.517913727000000268e-01	8.011271693999999499e-02	-5.685344880999999573e-01	-1.443209772000000057e-01	6.025421663000000150e-01	4.548787945000000166e-01	-4.384839001999999986e-01	-3.006520068999999906e-01	-9.709408662000000578e-02	-4.467758461999999930e-01	-1.480225354000000104e+00	-2.571373583000000074e-02	-4.687642569000000092e-01	1.402358892999999940e+00	5.303088594000000544e-01	8.686474550999999655e-01	9.204440578999999456e-01	8.929190351000000359e-01	1.561233220999999893e-01	-9.142673082000000173e-01	2.919327412000000121e-01	-1.131245975999999986e+00	-6.297428480000000217e-02	-3.513948975000000252e-01	1.785792931999999889e-01	-1.114382106000000094e+00
5.292098833999999696e-01	2.506743311999999890e-01	1.398637503999999865e-01	-1.149975642999999936e-01	5.120971193000000143e-01	8.610831707999999640e-02	7.310567778000000017e-01	1.250427867999999998e-01	2.133135417000000048e-02	5.868659002999999930e-02	1.987182782999999953e-01	-7.881146507000000301e-02	7.902693286999999678e-02	1.781192434999999963e-01	6.262184665000000150e-01	3.466337975000000071e-01	3.114819534000000112e-01	3.324640552000000110e-02	-9.204976748000000264e-02	-6.973701921000000081e-02	-8.966436523000000103e-02	4.289706174999999844e-01	6.332734450999999432e-02	-3.973292885999999968e-01	1.976557179999999941e-02	-1.255644062000000061e-01	1.171515223000000050e-01	1.208689979999999942e+00	-9.122974409999999867e-01	-1.962805939999999971e+00	-1.397112118000000125e-01	4.057779355999999726e-01	4.734100643999999969e-01	-3.825786005999999850e-01	-7.526110511000000391e-01	1.479063285999999977e-01	5.816184175999999928e-01	2.131401445000000172e-02	-2.608352782000000203e-01	-4.700229452999999946e-01	-3.405135809999999819e-02	3.708292112000000085e-02	-1.509707013000000098e+00	4.449522806999999802e-01	-2.824251774000000048e-01	1.338501866000000096e+00	7.826481004999999991e-01	6.505007909000000144e-01	8.854384770000000016e-01	1.229361380999999920e+00	9.382449530000000482e-02	-8.621404079000000165e-01	7.622262819999999772e-01	-8.594892738999999615e-01	1.086707999000000036e-01	-4.871065166999999918e-01	5.213055016999999791e-02	-1.055623865000000050e+00
5.393275979999999636e-01	3.995661032999999751e-01	1.862906478999999949e-01	-2.414373220999999903e-01	4.539196919999999857e-01	2.785381941000000250e-01	6.119635339000000229e-01	2.994096075000000079e-01	3.785938597999999877e-01	2.644135561000000023e-01	1.978243964999999993e-01	-2.029490920999999989e-02	4.484251322999999734e-01	1.728208954999999880e-01	5.527367775999999511e-01	2.161894528999999954e-01	3.509114153999999819e-01	-4.828737025000000294e-02	-1.063891901999999973e-01	-2.273970378000000070e-01	1.194140776999999959e-01	-1.824139723000000046e-01	7.384545051999999443e-02	-1.709581493000000008e-01	2.773378786999999845e-01	-1.345063509999999962e-01	1.593061804000000040e-03	7.368674766999999681e-01	-8.016565820000000064e-01	-1.728714096999999894e+00	-3.766113003000000070e-01	2.526528814999999817e-01	6.267652481000000053e-01	-1.745863965999999989e-01	-4.428212175999999833e-01	-3.375567501000000248e-01	5.979756872000000500e-01	5.374919058999999555e-01	-4.928262842999999727e-01	-3.231068852000000269e-01	-2.304978243999999954e-01	-4.388892288999999836e-01	-1.431130331999999949e+00	1.010336281000000058e+00	-4.728714882000000230e-01	1.646023251999999992e+00	5.261174096999999827e-01	9.139603739999999643e-01	8.896716532999999760e-01	4.559038033999999739e-01	2.524704816000000185e-01	-8.561899035000000158e-01	3.728508360000000188e-01	-1.068429153000000076e+00	1.738404178999999883e-01	-6.245862140000000284e-01	-1.316635879999999981e-01	-1.026400489000000027e+00
5.033863432999999832e-01	2.755893379000000087e-01	1.264288831000000002e-01	-1.992405130999999885e-01	4.974060993000000153e-01	3.408444651999999880e-02	6.631897397999999555e-01	1.639233764999999954e-01	8.298384121000000613e-02	1.018828858999999976e-01	2.381070995000000023e-01	-5.085649568000000231e-02	2.170304382999999893e-01	3.178819704999999995e-01	5.766594618000000505e-01	4.591010127999999857e-01	6.266270302999999986e-01	3.129662878000000203e-01	-1.108738090000000037e-01	-1.816199109999999950e-01	-1.369436762000000030e-01	3.064268674000000248e-01	2.312198035999999957e-01	-4.346141754999999773e-01	-2.006761281999999980e-01	-2.017135479999999925e-01	-5.587226039999999665e-03	8.899804960999999626e-01	-1.040399872000000059e+00	-1.683132558000000056e+00	-4.109423316999999964e-01	4.239785904000000216e-01	8.164325789999999916e-01	-3.811578842000000189e-01	-4.096098228000000230e-01	-1.053504158999999940e-01	3.502814998000000069e-01	-5.755025916999999963e-02	-1.648727476999999886e-01	-4.301038605999999986e-01	7.540817822000000191e-03	1.292188017000000036e-02	-1.510101016999999990e+00	1.061154321000000067e+00	-1.404598283000000059e-01	1.536321287999999896e+00	7.915621040000000441e-01	7.238159074000000137e-01	9.632943847999999587e-01	-8.203578377999999616e-02	-2.432204950999999893e-01	-8.398156800999999616e-01	5.004373869999999558e-01	-1.395054087999999970e+00	4.086943172000000180e-02	-5.892704398000000454e-01	-3.059834650000000100e-01	-6.693394377000000395e-01
5.313069716999999637e-01	3.509811233999999835e-01	2.065250567999999953e-01	-1.508248591000000138e-01	5.118728726000000284e-01	2.942998973000000018e-01	5.822524717000000516e-01	2.938636920000000097e-01	3.120202020000000243e-01	3.189521670000000086e-01	2.074650309999999942e-01	-9.466878345000000194e-02	5.588111171999999849e-01	2.135962342999999930e-01	6.844427973000000165e-01	1.128528082999999960e-01	7.722994940999999836e-01	4.104779387000000168e-02	-1.942184694999999905e-01	-3.590867104999999771e-04	3.201812883999999859e-01	-2.874594373000000092e-01	1.829471363999999878e-01	-1.001626048999999935e-01	3.054623572999999870e-01	-1.754953739000000013e-01	-1.235730233000000011e-01	4.762569522999999805e-01	-8.115219098999999492e-01	-1.554725222999999934e+00	-3.616193003000000017e-01	3.688610633000000139e-01	5.948394017999999450e-01	-2.466833824000000119e-01	-1.701720844999999871e-01	-2.327425434000000015e-01	7.686248340000000345e-01	6.852021007999999913e-01	-4.932698802000000105e-01	-3.705202128999999789e-01	-2.367872248000000013e-01	-5.756877902000000491e-01	-1.204496554999999969e+00	1.272283258999999944e+00	-6.510612368000000538e-01	1.728434859000000046e+00	3.572827693000000249e-01	8.696237473000000273e-01	1.017287014999999961e+00	-1.166323472999999944e-02	5.327568554999999595e-01	-7.803849627000000178e-01	2.046768428000000084e-01	-3.859006167999999848e-01	1.706308706000000119e-01	-6.574957865999999651e-01	-1.938603265000000131e-01	-9.024650574999999453e-01
4.740666410000000108e-01	2.696128830999999781e-01	1.888595564999999976e-01	-2.169290698999999933e-01	5.333331733999999713e-01	6.055054689000000101e-02	6.193790947999999741e-01	1.390900956999999993e-01	-1.429207434000000047e-02	1.499545714999999946e-01	2.479876947999999914e-01	-1.964659113999999984e-01	3.192504097000000152e-01	3.552572222000000002e-01	4.508981423999999794e-01	4.343636774999999894e-01	8.351202884999999743e-01	3.161800719999999787e-01	4.315869354000000102e-02	-1.761236700999999905e-01	-1.921111836000000128e-01	3.308560906999999940e-01	3.233719764000000246e-02	-2.650937333999999757e-01	-3.456821089000000069e-01	-2.678110023999999978e-01	-1.663734061000000097e-01	6.587621911000000052e-01	-1.003635188000000067e+00	-1.731320658000000012e+00	-4.648308956000000158e-01	5.520453673999999866e-01	8.387402575000000304e-01	-6.455298319000000173e-01	2.768688765999999940e-02	-4.759519581000000166e-01	2.410730902999999870e-01	6.632592485999999621e-02	-2.045972426999999871e-01	-5.056657491999999587e-01	-1.510527388000000026e-01	-1.176798738000000011e-01	-1.379906403999999975e+00	1.279538690000000090e+00	-6.460821370999999536e-01	1.537870137999999942e+00	3.747617295999999820e-01	7.711788442000000465e-01	9.409484432000000398e-01	-8.005640254000000455e-01	-1.498410116999999986e-01	-9.121473288000000457e-01	4.283437440999999790e-01	-7.168008715000000475e-01	2.097252441999999939e-01	-6.937861856999999466e-01	-5.592023905999999878e-01	-1.561873626999999917e-02
4.302050782999999878e-01	2.802400921000000045e-01	1.962698969999999987e-01	-2.339170032000000010e-01	4.574103394999999850e-01	3.049259475000000164e-01	5.016393788999999881e-01	2.952802720000000103e-01	3.697846689000000020e-01	4.109636995000000015e-01	1.389301242000000047e-01	-7.430266196000000212e-02	7.007943328000000305e-01	3.123921437000000134e-01	6.618815877000000514e-01	1.577101218999999999e-01	7.951931747999999578e-01	1.215186047999999991e-01	-1.068401545000000064e-01	-8.968425972000000634e-02	2.161695962999999887e-01	-3.928188447000000028e-01	1.627130904999999905e-01	-4.037792792000000075e-02	3.222977121999999750e-01	-2.841327155999999743e-01	-3.335030695000000267e-01	2.410964714000000120e-01	-1.076618228999999927e+00	-1.485488241000000098e+00	-5.388284451999999503e-01	4.354485169999999794e-01	6.185593610999999825e-01	-6.447088509999999821e-03	1.204674475000000050e-01	-3.521985402000000209e-01	5.984333465000000185e-01	7.766583092000000077e-01	-5.769058164999999461e-01	-3.545548733000000174e-01	-1.799348877999999985e-01	-6.452988097999999839e-01	-1.171987055000000000e+00	8.804735726000000318e-01	-8.284336176000000052e-01	1.571350467000000029e+00	1.574725234999999890e-01	9.881120534999999760e-01	1.037384448000000070e+00	-1.478431052999999995e+00	3.852407199999999809e-01	-8.335853444999999917e-01	3.780801296999999894e-02	-3.141520691999999948e-01	-2.202932218999999886e-02	-3.293361309000000237e-01	-4.395769757999999916e-01	-5.991315316999999696e-02
4.731314258000000050e-01	1.906440439000000042e-01	1.521953608000000124e-01	-1.056497787000000022e-01	5.941437509000000450e-01	4.309843230000000303e-02	6.888751396000000193e-01	1.312283348999999932e-01	-1.727099508000000117e-01	9.722664386000000325e-02	2.078994683000000010e-01	-2.765354790999999812e-01	3.574895305999999939e-01	4.388123968000000041e-01	6.676334953000000461e-01	3.005666146000000039e-01	8.960388475999999658e-01	2.582789759999999935e-01	6.272108544000000452e-02	2.076365009999999942e-02	-3.799264018000000215e-02	4.211048091999999854e-01	2.304100541999999918e-01	-3.335759434999999856e-02	-1.000168580999999945e-01	-2.908566604000000222e-01	-2.392934528000000005e-01	5.470535215999999812e-01	-1.064355932000000005e+00	-1.721242989000000057e+00	-2.706142342000000256e-01	6.642119705000000263e-01	8.179302107999999460e-01	-5.362243111000000173e-01	5.566568893999999934e-02	-1.588327023999999976e-01	2.516836481999999986e-01	1.386519863000000019e-01	-2.997398876999999850e-01	-6.043320873999999954e-01	-9.368900986000000541e-02	-7.344595631000000457e-02	-1.204466682999999927e+00	7.573379930000000426e-01	-5.748006780000000093e-01	1.439433522999999937e+00	6.322706030999999949e-02	7.119089380999999994e-01	8.537072572999999664e-01	-1.212030272000000020e+00	-8.552266353000000099e-02	-9.499167519000000226e-01	3.408874273999999982e-01	9.410852414999999471e-01	-2.789587881999999741e-01	-3.818963738999999746e-01	-4.967007198999999762e-01	7.685704464000000513e-01
4.637189388999999884e-01	3.112646632000000135e-01	2.582079492000000087e-01	-2.395072410999999901e-01	4.684519329999999870e-01	4.770235486000000136e-01	5.379474086000000099e-01	4.067110507000000208e-01	2.737085919000000200e-01	3.369255447000000236e-01	1.232533928000000001e-01	-6.179689297000000303e-02	7.578288785000000249e-01	4.945562790999999958e-01	4.200098046999999890e-01	3.420424342999999756e-01	6.036560173999999668e-01	-6.425087845000000686e-02	-1.677772376999999981e-01	-1.877506644999999974e-01	2.143736586999999971e-01	-2.916550366999999810e-01	7.585354694000000231e-02	1.212957513000000043e-02	4.902742460999999774e-01	-2.035018464999999999e-01	-4.238734250000000259e-01	3.596203074000000055e-01	-1.091838206000000033e+00	-1.465441168999999988e+00	-5.911457658000000004e-01	3.896014924999999796e-01	4.134801428000000056e-01	-8.749119345000000436e-02	4.913895870999999971e-02	-5.237787522000000306e-01	4.788276099000000063e-01	7.626281516999999788e-01	-5.591022221000000458e-01	-1.959979169999999937e-01	-2.941571908000000235e-01	-5.626478422999999784e-01	-1.169283303000000052e+00	-8.637671223999999759e-01	-3.881883016000000075e-01	1.599185488999999905e+00	-3.547972776000000161e-01	1.036131177999999986e+00	9.730715635000000141e-01	-1.078829757000000056e+00	3.571041769000000143e-01	-8.713995020000000480e-01	1.062516238999999946e-01	7.414854119999999549e-01	-1.593629072999999952e-01	-3.421748519000000072e-02	-2.358594803000000073e-01	1.081892279000000068e+00
4.441220753999999826e-01	1.745117616000000094e-01	2.325153061000000132e-01	-1.750532664999999988e-01	5.559100585999999788e-01	1.630329910999999965e-01	7.564124876000000164e-01	2.558371488000000249e-01	-1.909039640999999898e-01	6.130223302999999839e-03	2.287404152999999996e-01	-1.923326629000000065e-01	3.511809912000000145e-01	5.218353767000000198e-01	5.131367211999999789e-01	6.656720222999999992e-01	5.237932515000000011e-01	1.136514393000000039e-01	7.137142784000000129e-02	-5.815031170999999943e-02	-6.961974506000000174e-02	7.596094777999999881e-01	2.291224158000000066e-01	-1.788820114999999933e-01	-8.274349628999999595e-02	-2.666656311000000223e-01	5.980178473000000335e-03	8.151784398000000431e-01	-1.113140926000000031e+00	-1.742618626000000059e+00	-2.963847916999999832e-01	4.585977802999999797e-01	7.977281318000000176e-01	-5.758707307999999525e-01	-4.689559496000000188e-02	-1.029737431999999953e-01	2.058834421000000081e-01	7.734727892000000174e-03	-1.885327270999999916e-01	-3.473615483999999975e-01	-1.170784160999999990e-01	-8.386964180000000546e-02	-1.228761855999999986e+00	-9.045287173999999597e-01	1.296942303999999990e-01	1.389968961999999975e+00	-8.493816600999999633e-02	8.944803074999999604e-01	7.703716312999999705e-01	-6.502532527000000062e-01	-1.222775024000000016e-01	-9.694135717999999846e-01	7.516525765999999553e-01	1.122338193999999900e+00	-3.428350721999999795e-01	2.410920247999999988e-01	1.059540409999999988e-01	1.177160793999999955e+00
4.934732377000000114e-01	3.237453723000000005e-01	2.221243683000000135e-01	-2.092616662000000016e-01	4.374521297999999780e-01	5.841099009000000342e-01	6.453485289999999486e-01	5.376519803000000541e-01	1.648907672000000102e-01	1.165432564999999976e-01	1.375849949999999877e-01	-3.170163823000000242e-02	6.915688797000000276e-01	2.594038198999999989e-01	6.118594955999999696e-01	4.119402421999999730e-01	3.743934398000000052e-01	-3.021158346000000217e-01	1.361040236999999931e-01	9.508810776999999936e-02	3.543641006000000093e-01	-2.783333702999999937e-01	1.937068627999999999e-03	-2.077981205999999970e-01	6.995934133000000221e-01	-1.012354309000000063e-01	-3.017109767999999748e-01	5.275339462000000479e-01	-9.949363669999999882e-01	-1.515208346000000095e+00	-3.578338365000000021e-01	3.965307600999999904e-01	6.718885869999999816e-01	6.001800095999999807e-02	2.463428926000000019e-01	-4.711695725000000085e-02	6.678502834999999749e-01	1.189432255000000049e+00	-7.654977003999999807e-01	-2.890950010000000181e-01	-1.916548583999999888e-01	-3.511075310999999810e-01	-1.065002924000000073e+00	-9.305235890999999926e-01	-4.761091444000000172e-01	1.396350036000000072e+00	-5.426941222000000176e-01	1.120809925000000096e+00	1.021494821999999969e+00	-1.018144153999999968e-01	3.389426845999999882e-01	-7.968248676000000419e-01	1.427499456999999916e-01	1.747177836999999956e+00	1.131141781000000041e-01	1.149755105999999971e-01	4.311230569999999762e-01	8.700226672999999966e-01
5.120352452999999970e-01	2.437880084000000058e-01	2.238855452000000079e-01	-2.630057950999999949e-01	5.444161244999999871e-01	2.462170615000000007e-01	7.504522451999999788e-01	2.983987174000000131e-01	-2.974903590999999903e-01	-8.581706807000000214e-02	2.152900322999999894e-01	-1.996079376000000072e-01	1.609160788000000009e-01	3.645085231999999897e-01	3.662636451999999876e-01	7.830433987999999568e-01	2.216130890999999936e-01	2.210697672999999974e-01	2.460489200000000043e-01	-1.781004110999999945e-01	-2.595241275999999875e-01	7.844557178000000075e-01	-1.317931632999999880e-01	-5.801329491000000171e-01	-1.501278825000000039e-01	-2.526351244999999746e-01	-5.058287157000000006e-02	1.214489487000000034e+00	-1.130401591999999900e+00	-1.832640258999999938e+00	-2.914482063000000123e-01	5.739634446000000390e-01	1.018973007000000042e+00	-5.759309096000000405e-01	1.660951142000000047e-01	-1.213157819999999970e-01	2.401687047999999935e-01	1.685505555999999849e-02	-2.088710722000000075e-01	-4.491123894999999866e-01	-6.397563181000000265e-02	4.632990332999999961e-01	-1.241705113000000082e+00	-1.030027094999999893e+00	-3.842473718000000149e-01	1.122804338999999985e+00	-2.614920633999999744e-01	8.871452169000000332e-01	9.352658848999999552e-01	6.003806385000000079e-01	-3.135152595999999847e-01	-9.983173333000000538e-01	8.393099015999999635e-01	9.677225301999999862e-01	2.479591072000000007e-01	1.481253707000000086e-01	6.025983550999999827e-02	5.275872874000000490e-01
4.546238539999999939e-01	3.583910037999999965e-01	2.820621880999999997e-01	-2.100088428000000118e-01	4.361109986999999744e-01	6.369124012000000334e-01	6.396250783000000384e-01	5.348130342000000370e-01	2.073924819000000086e-01	1.970341502000000078e-01	8.958733970000000435e-02	-5.283607995999999724e-02	6.678837039999999670e-01	7.987809066999999874e-02	5.337929701000000415e-01	4.621535477000000003e-01	4.996235687999999765e-03	-2.025560660000000068e-01	-2.207294274999999917e-01	-1.240578852999999968e-02	4.865715560000000162e-01	-2.851349805000000237e-01	-2.706722980999999861e-01	-2.892287343000000122e-01	7.488103093000000321e-01	-1.216066783000000068e-01	-3.977249085999999823e-01	5.490397110000000414e-01	-9.840183091999999965e-01	-1.342610131999999901e+00	-4.638382954999999974e-01	3.761860522000000095e-01	2.333738733000000065e-01	-4.781976983000000257e-03	2.181659771999999997e-01	-1.633752007000000006e-01	8.614105294999999662e-01	1.201289959999999990e+00	-8.319715112000000135e-01	-2.306767429000000091e-01	-2.487579886999999879e-01	-5.954733026999999845e-01	-9.555071829000000294e-01	-1.428667904000000100e+00	-9.244352370999999735e-01	1.325856479000000032e+00	-3.321592697999999899e-01	1.243474600999999957e+00	9.259313703999999534e-01	6.483008102999999744e-01	7.600785199999999797e-01	-1.042915808000000055e+00	1.001993134000000035e-01	1.229856057999999974e+00	-1.509167905000000087e-01	3.687651673999999824e-01	3.433216942000000271e-01	-6.926517215999999921e-02
5.127796101999999578e-01	1.928332561999999972e-01	1.099281721999999933e-01	-2.327709490000000048e-01	5.198413317000000200e-01	7.754331916999999963e-02	7.459252259999999968e-01	2.471905906000000097e-01	-3.263112148000000268e-01	-1.509094666999999945e-01	1.591240290000000002e-01	-1.833509425000000026e-01	2.196736925000000035e-02	2.289194424000000061e-01	7.084484281999999800e-01	6.492347749000000334e-01	1.169845788000000025e-01	1.932812442999999880e-01	3.930085765999999925e-01	-8.377745502000000233e-02	-4.316697100999999925e-01	9.383859033000000460e-01	-2.549988330999999886e-01	-6.229803904999999808e-01	-2.586304112000000210e-01	-2.885361935999999905e-01	-1.009710829999999927e-02	1.371972296999999896e+00	-1.029827035999999918e+00	-2.041964552000000044e+00	-1.559266774999999994e-01	5.090297526000000516e-01	1.077871083000000008e+00	-7.520351355000000071e-01	-4.052180586999999945e-01	1.493644581999999943e-01	2.739495990999999964e-01	-1.821813885999999938e-01	-3.217555138000000037e-01	-6.688217744000000131e-01	-5.914802355999999872e-02	6.470771441999999540e-01	-1.458009837999999947e+00	-5.960680557999999962e-01	-6.425580886999999741e-01	1.027216815000000061e+00	-2.702276764000000053e-02	5.786856713000000374e-01	8.228070376999999658e-01	1.478952488000000010e+00	-4.824052974999999965e-01	-1.136460494000000043e+00	9.990641617000000085e-01	4.841841902999999836e-01	6.023910359000000242e-02	2.894250272000000179e-01	-1.588799738999999989e-01	2.186158256000000077e-01
5.750576359000000304e-01	4.280299800999999849e-01	2.621462896000000264e-01	-2.368878557000000107e-01	4.328118384999999901e-01	7.194292267999999879e-01	4.833228352000000227e-01	5.596252572000000036e-01	4.603407360999999809e-01	3.004568739999999849e-01	1.086156008000000034e-01	5.366339459000000339e-02	5.712955924999999491e-01	1.007571787000000052e-01	3.240311888999999890e-01	4.007130758999999931e-01	-8.941666405999999789e-02	-8.103678920000000063e-02	-4.525549479000000042e-01	-2.038103401999999953e-01	5.118795795999999676e-01	-6.136475600999999891e-01	-2.398808785000000054e-01	-2.843888394999999902e-01	8.583926124999999852e-01	9.303234385999999828e-03	-4.962037195999999817e-01	6.871723657999999624e-01	-1.161863901000000032e+00	-1.507574748999999992e+00	-5.234224855000000343e-01	2.760064783999999771e-01	1.689281796000000058e-01	2.970701962000000251e-01	-3.008489943000000055e-01	-4.035895317000000038e-01	9.210370959000000468e-01	1.292132081999999960e+00	-9.347070705000000146e-01	-1.590431250999999879e-01	-2.393073998999999952e-01	-7.994340943000000088e-01	-1.149560268000000107e+00	-8.458917040000000220e-01	-1.037569237000000033e+00	1.312597401000000108e+00	-2.490036375000000135e-01	1.173708087999999927e+00	1.069556278000000082e+00	8.822213655999999737e-01	5.560308159000000305e-01	-1.132220467000000008e+00	-9.711278418999999551e-02	-8.201149199999999695e-01	5.462481243000000264e-02	5.149992522999999878e-01	4.211610567999999888e-01	-9.867562519000000476e-01
5.158038594999999615e-01	1.440588667999999906e-01	2.226145737000000124e-01	-1.647736381999999888e-01	6.005511894999999711e-01	-8.233787440999999763e-03	7.556208576999999815e-01	1.587805758999999983e-01	-3.541069063999999766e-01	-8.006181340000000091e-02	2.694633182999999765e-01	-2.572081162000000032e-01	-6.741559152999999915e-02	5.487272722999999575e-01	7.108784266000000018e-01	6.060712345000000001e-01	1.877291366000000128e-01	3.666758468999999909e-01	3.040216647999999799e-01	-5.014236342000000235e-02	-5.406943410000000227e-01	1.288717254000000034e+00	-1.276220862999999928e-01	-6.118531385000000045e-01	-4.430981923999999794e-01	-4.086608192000000250e-01	2.878486161000000099e-01	1.813128679999999937e+00	-1.035139075000000020e+00	-2.183713373999999874e+00	-9.770169457000000765e-03	2.978007623999999742e-01	1.054128793000000064e+00	-1.157947280999999995e+00	-7.417138553000000023e-01	2.790066232000000257e-01	3.737229519999999972e-01	-6.953129528999999476e-01	2.079494927000000160e-02	-5.809652736000000539e-01	-3.933853879000000220e-02	7.822369008999999762e-01	-1.546506732000000106e+00	1.485050900999999868e-01	-3.527674156999999755e-01	9.833720354999999635e-01	3.110959879999999900e-01	6.081096603000000211e-01	5.943977209999999900e-01	1.375563043000000096e+00	-4.023197815999999816e-01	-1.264633915000000108e+00	1.435986871999999970e+00	-9.657380716000000254e-01	-2.099921865999999915e-02	7.694349038000000141e-01	3.673874306000000090e-01	-6.019473494999999508e-01
6.282848316000000377e-01	5.368067962000000470e-01	2.380449698999999864e-01	-2.111846200999999978e-01	3.657314532000000007e-01	7.278216924999999504e-01	3.790323848000000106e-01	5.981321907000000104e-01	6.301762048000000282e-01	2.531203042999999875e-01	1.241434004000000063e-01	-1.677222155000000076e-02	7.152766757999999836e-01	2.022892674000000002e-01	4.777326572000000215e-01	1.223809237000000050e-01	-2.522227151000000153e-02	-4.190357239999999983e-01	-5.897024311999999879e-01	-1.206115180999999953e-01	7.124757184000000132e-01	-1.321506488999999895e+00	-2.981449621999999744e-01	-8.067144112999999339e-02	9.986764444000000296e-01	7.806420833999999642e-02	-7.541282456000000245e-01	2.657839825000000156e-01	-1.001811003999999894e+00	-1.329583629999999905e+00	-6.024221118999999458e-01	3.449626808999999850e-01	9.159774027000000540e-02	5.438328876000000367e-01	-2.621856423000000214e-01	-2.726422856999999866e-01	9.939315642999999589e-01	2.187556008000000052e+00	-1.194083427999999891e+00	-2.391427408999999976e-02	-4.264069773999999979e-01	-1.151327819999999891e+00	-1.048849759000000104e+00	3.666187014000000244e-01	-1.383079176999999937e+00	1.651020890999999935e+00	-3.053721080999999837e-01	1.390620323999999908e+00	1.367716399999999943e+00	4.999909759000000231e-01	7.007427255999999494e-01	-8.506838772000000493e-01	-7.929921939999999836e-01	-1.000776297000000037e+00	-6.091654942000000045e-02	5.469769759999999481e-01	1.000001235000000044e+00	-1.002032398000000102e+00
4.783718162000000218e-01	1.664688599999999963e-02	3.269759825999999925e-01	-2.145037104999999999e-01	6.746250897000000135e-01	-2.037428806999999897e-01	8.497035296999999598e-01	8.444177509999999456e-03	-5.113784247999999533e-01	-6.452325124999999661e-02	3.350992528999999776e-01	-3.724827933000000035e-01	-2.563742556999999977e-01	8.886708494999999708e-01	6.946147999999999767e-01	7.372319874999999634e-01	5.568760860000000479e-01	1.018099555000000045e+00	9.414513905000000404e-01	-2.180228079000000041e-01	-1.190445495000000076e+00	2.006168531000000144e+00	2.950440646999999972e-01	-7.851828329000000162e-01	-8.883970160999999921e-01	-7.295866510999999832e-01	9.063902135000000415e-01	2.597405512999999999e+00	-1.002195229000000021e+00	-2.433494204000000050e+00	5.082342984000000063e-01	-1.175347325000000026e-02	1.519527215000000098e+00	-1.594409855000000098e+00	-7.489212514999999959e-01	1.193554824000000042e-01	-3.024569771999999906e-02	-1.951656392999999934e+00	8.741354717000000552e-01	-7.588657036000000522e-01	1.028009804000000055e-01	2.057556151000000000e+00	-1.769812093999999947e+00	1.406101526999999907e+00	-2.575074243000000096e-01	9.256538867000000392e-01	4.949643491999999867e-01	3.017995504000000051e-01	2.482173980000000058e-01	-5.623230063999999917e-01	-1.041160732000000033e+00	-1.535723590999999999e+00	1.866976932000000033e+00	-1.712409835000000102e+00	9.908426326000000506e-01	7.836867204999999892e-01	4.907438089999999753e-01	1.313701522000000066e-01
-1.293760369999999993e+00	1.586504702000000044e+00	-1.208341732999999918e+00	-1.051461108000000033e+00	-2.345857992000000003e+00	-9.566172847999999673e-01	-1.499649763000000080e+00	4.259786870000000225e-01	1.204378541000000080e+00	8.767919599000000286e-01	-1.822140753000000002e+00	6.968278575999999891e-01	4.308369282000000244e-01	-2.376649073999999917e+00	-8.068682229000000428e-01	-1.836626035999999962e+00	-1.304729216999999997e+00	-3.018701255999999833e-01	-2.880306839000000174e+00	-5.255561826000000325e-01	-8.250796841999999964e-01	-4.244901300000000433e+00	-1.776069654000000053e+00	1.086779417000000025e+00	1.260329057000000086e+00	3.608073204000000089e+00	-2.838037262999999921e+00	-1.161679297999999916e+00	7.254435500999999453e-01	2.316176518999999878e+00	-2.669674781999999968e+00	2.040633162999999861e+00	-2.842947282999999992e+00	-1.139338439000000092e+00	-2.216335727000000144e+00	-6.397450365000000305e-01	2.861996929000000023e+00	6.322591184000000197e+00	-2.593248315999999942e+00	1.502700928000000102e+00	-5.894761645999999633e-01	-1.893034713000000036e+00	1.035569586999999903e+00	-2.974204724999999772e-01	-1.002820236999999892e+00	2.409907940000000082e+00	-2.148065154999999837e+00	1.993607026000000060e+00	2.828789984000000146e+00	-1.450761229999999902e+00	3.208312564999999950e+00	1.615280201000000027e+00	-4.706519714999999771e+00	-2.016305615999999912e+00	4.251695652000000436e+00	1.940503909000000082e-01	3.004213884999999973e+00	-6.503307364999999507e-01
-1.920635888999999930e+00	1.779581054000000107e+00	-9.102577310999999227e+00	-2.773723278999999931e+00	-2.963003116999999964e+00	-8.211125907999999640e+00	-2.322820511000000199e+00	-7.690919821999999684e+00	1.349444051999999949e+00	-1.309190410000000027e+00	-4.061216881000000001e+00	1.196964227000000047e+00	-9.619435360000000657e+00	-5.018608515000000381e+00	-9.133331957000000445e-01	-4.857209404999999758e-01	-8.744299107999999876e+00	4.491024219999999900e+00	-6.373337795000000305e+00	-8.425488743000000280e-01	-7.260597931000000393e+00	1.004123418999999906e+00	3.319238350000000004e-01	-3.474206187000000168e-01	-3.804438010999999786e+00	1.211571407000000100e+00	3.336306125000000122e+00	-9.001566818000000580e+00	9.315856413999999974e-01	5.843327139999999753e-01	-1.203821339000000101e+00	1.333618535999999910e+00	-9.444495151999999782e-01	-8.705173513000000085e+00	5.709119231000000516e-01	2.340672180999999963e+00	2.570589732999999821e+00	6.609499711999999860e+00	1.577506595000000011e+00	3.185160214000000156e+00	-4.519688272999999867e+00	1.225946401999999935e+00	2.593353796000000155e+00	-1.350905911999999987e+00	1.866387712000000088e+00	4.020093770999999983e+00	1.889915462999999907e+00	3.396002483000000183e+00	1.091007134999999906e+00	-8.595259238000000357e-01	-1.370047918999999892e+00	1.575288900000000103e+00	1.339878216000000011e+00	-1.414314148000000104e+00	2.881253037999999961e-02	3.946850186999999899e+00	-3.750385115999999908e+00	1.516558236000000059e+00
8.126435427999999517e-01	-2.125046331000000066e+00	-1.058181032000000021e+00	1.119208785000000095e+00	2.442168051999999978e+00	-6.481785767999999948e+00	1.401841244999999958e+00	3.029674908000000055e+00	-1.851562522000000099e-01	-4.892359491999999754e+00	5.436610702000000295e+00	-1.626879138000000058e+00	-2.460627295000000103e+00	-4.617065014999999772e-01	-6.484054809000000530e-01	-8.341797589999999651e-01	4.903685395999999863e-01	-2.881918109000000117e-01	-2.818101598000000152e+00	-1.475889465999999928e+00	-3.346850664000000197e+00	3.004472429000000222e+00	-5.590998775000000087e+00	2.385076332000000132e-01	-1.878091603000000109e+00	-2.257364239000000161e+00	6.034525937999999812e+00	3.049624442000000157e-01	-1.190877503999999920e+00	-1.658816386000000032e+00	1.790514675000000056e+00	-2.576292663999999899e+00	6.536869077000000416e+00	4.473070969999999869e-01	5.792052567000000041e-01	7.263841574999999606e-01	-1.543876816000000041e+00	-4.010920436000000144e+00	-4.904893837999999562e+00	-1.446500848999999977e+00	1.822306940000000042e+00	-1.605127312000000028e+00	2.892145939999999804e+00	1.326718701999999972e+00	6.546146859999999457e-01	-2.819399204999999964e-01	-1.801502825999999891e+00	1.581844575999999947e+00	7.636538442000000426e-01	-1.536991064999999879e-01	3.260232276999999734e-01	8.361329419999999901e-01	3.114487737000000145e+00	2.277852049000000101e-01	-2.435015031999999913e+00	6.775302938999999691e-01	1.432843308000000038e+00	1.053900432000000054e+00
8.126527343999999375e-02	-4.864409109000000231e-01	4.240950253999999781e-02	7.790479733999999823e-01	4.092022155000000216e-01	3.083248259999999963e-01	2.429926256000000118e-01	2.296326506999999850e+00	1.315429774000000052e+00	-1.511052040999999901e+00	1.985756593999999930e+00	1.384234302000000083e+00	3.974736449999999865e-01	-7.477828307999999646e-01	-6.439387034999999315e-02	-1.282279036999999899e+00	1.573556485999999976e+00	-2.184484346999999993e-01	-2.188096467999999906e+00	4.191979712000000191e-01	1.552423789999999970e+00	-2.579157923999999991e+00	-1.655151290000000053e+00	2.851551258000000200e+00	-3.668639542999999836e+00	-4.914290426000000184e-02	1.497775147999999890e+00	-1.683624884000000099e+00	-4.363702163000000023e-01	-4.059275226999999736e-02	-7.252791954999999735e-01	3.574347221999999991e-01	-2.160306650999999967e+00	1.462551954000000043e+00	7.765617400000000004e-01	-2.334480189999999844e+00	1.520301217000000094e+00	2.117142122000000182e+00	-1.056769169999999924e+00	1.563694101999999919e+00	2.371933451999999942e+00	1.675945285999999923e+00	9.009939562999999541e-02	-8.912166638999999835e-01	-3.789112733000000177e-01	-8.625505514000000318e-01	-2.274744558000000083e+00	3.763158561000000124e-01	1.717400349999999909e+00	-1.068992219999999937e+00	8.918641499999999667e-01	1.708092444000000043e+00	4.885239663000000010e-01	9.635933989999999338e-02	-1.265593828000000087e+00	-8.843808551999999823e-01	1.789996348000000070e+00	-2.704046779000000011e-01
2.856984078999999857e-02	-1.317367489000000003e+00	1.014950829999999998e-01	5.766098938000000507e-01	6.672846849000000358e-01	-5.750823653000000091e-01	9.078761770000000064e-01	4.018194967000000006e-01	5.442842247000000133e-03	-9.671610271999999675e-01	7.530071760000000003e-01	9.458500189999999308e-02	-4.070273380000000163e-02	-2.192620398000000026e-01	1.810568119000000031e+00	-5.904400882000000461e-01	5.492587631999999997e-01	-5.489092773999999508e-01	1.780142302000000010e+00	-6.774763401000000185e-01	-1.861013892999999975e+00	1.146217237999999972e+00	3.370035880000000206e-01	9.453864344000000031e-02	1.432417856999999906e+00	-1.269926088000000064e+00	1.589971315999999968e+00	9.990493857000000422e-02	-1.284686181000000094e+00	-4.230084941000000209e-01	1.461002845999999911e-01	-2.859195812999999919e+00	3.054100709000000080e+00	6.258567393999999728e-01	3.038991984000000146e-01	-5.771634981000000053e-01	8.641204996000000360e-01	-1.066146449999999968e+00	-4.223168735000000229e-01	2.473048102000000026e-01	-3.287581418000000144e-01	8.819436719000000036e-01	2.048833107000000084e-02	-1.327869711000000119e-01	8.686201260000000479e-01	-7.963082920999999814e-01	-1.359130120999999969e+00	-4.985891655999999950e-01	-1.263336185000000000e+00	-7.819113237000000494e-01	1.048952823000000034e+00	-1.179324749000000061e+00	2.083245608999999998e+00	2.020942275999999982e+00	-4.742619234000000072e-01	-6.864567914000000437e-01	9.306792624000000125e-02	6.107337514999999772e-01
-3.094310921999999797e-01	-8.436958085000000329e-01	-2.902293904000000091e-01	4.206856884999999879e-01	8.347195002000000474e-02	-4.455557542000000010e-02	4.202515620000000229e-01	-6.496746661000000200e-01	-7.168048192999999513e-01	8.527444704999999348e-02	-2.573038000999999797e-01	3.550929005999999832e-01	-2.459532555000000009e+00	-1.775698688000000081e+00	-2.957269332999999945e-01	-4.166960380999999991e-01	4.120777861000000097e-01	1.261323876000000066e+00	-2.051036643000000215e+00	4.280455543999999724e-01	1.523981156000000059e+00	-1.074992200000000064e+00	3.723551869999999764e-01	2.623066737999999898e+00	-6.922703551999999760e+00	1.340095966000000027e+00	6.630309878000000268e-01	-5.156929917000000474e-01	-2.833356908999999924e-01	7.569001495999999607e-02	-1.617489484000000033e+00	4.404288911000000084e+00	-1.236590128000000011e+00	-7.518643431000000543e-01	-2.846835597999999856e-01	-9.441183016999999955e-01	-2.067723307000000066e+00	1.354073837999999919e+00	-1.080965412000000070e+00	2.499707318000000122e-01	2.290773167999999860e+00	1.776001114999999908e+00	-1.368445794999999965e+00	-4.829397979999999757e-01	1.225864325999999949e+00	-5.514283494999999702e-01	-1.905617966000000107e+00	-8.066434130999999841e-01	2.893375268999999861e+00	1.529570201999999934e+00	-2.160857629000000113e+00	4.721459671999999941e+00	-6.805931428999999477e-01	4.047009538000000128e-02	8.953773921000000025e-01	-4.907962035999999806e-01	3.150540031999999879e-01	2.871982835999999928e+00
-1.062146585999999893e+00	-2.866564134999999847e-01	1.329281021000000007e-01	4.616050688000000041e-02	-8.154522999999999633e-02	-1.296200080000000088e-01	8.852710224000000239e-02	-2.865526994000000105e+00	-1.868648081000000016e-01	-3.000122905000000006e-01	-1.083753613000000060e+00	2.861036517000000168e-01	-3.156688851999999823e+00	-2.039672422000000207e+00	-6.543027535000000006e-01	-1.063583245000000010e+00	-3.876701713999999854e-01	1.028130524000000046e+00	1.123507706999999911e+00	-1.529489470999999989e+00	5.089730930000000431e-01	4.422378542000000023e-01	-7.873101021999999727e-01	2.763002675000000075e+00	-3.318310335000000055e+00	2.140148360999999944e-01	6.121549672999999636e-01	4.479907408000000091e-01	2.667598017000000210e-01	8.369381795000000457e-01	1.516815892000000110e+00	4.866885547999999950e+00	-1.148274084000000084e+00	-7.767920260000000354e+00	-1.000154495000000088e+00	-1.662198542999999917e+00	-4.592894657999999630e+00	-6.139566203999999860e-01	-4.063138091999999868e-01	-8.655469010999999879e-02	4.898448112999999715e+00	-1.726640761999999940e+00	-1.158866414000000011e+00	-3.448409394999999988e-01	2.156487271000000039e+00	2.452473749999999897e-01	-1.989295008999999892e+00	-1.246284245999999957e-01	3.182323236999999860e+00	2.456401755999999992e+00	-1.437282691000000057e+00	2.347541638000000042e+00	1.053493811999999918e+00	4.094218833999999779e-02	1.919170591999999897e-01	3.176774728000000270e-01	-1.200106896000000090e+00	2.338707263999999952e+00
-1.348988466999999913e-01	-6.470084546000000325e-02	7.922584066000000202e-01	2.902623655000000080e-01	3.010635812999999938e-01	6.965107161000000380e-01	2.033102918999999953e-01	-2.064452254999999958e-01	-2.421674554000000090e-01	-1.209801872999999972e+00	-8.248073984999999553e-01	1.153742325999999929e+00	8.858067911000000461e-01	-1.723259523000000015e-01	5.685987576000000043e-01	-1.150103660999999944e+00	1.586215216999999900e-01	-3.398887164000000127e-01	6.040872401000000336e-01	-4.266316063000000214e-01	4.828787653000000124e-01	-4.070153047000000246e-01	1.281046413000000106e+00	-8.613490230000000469e-01	1.679413446000000087e+00	1.823560215999999942e-02	-1.179633196000000050e-01	7.351495837000000533e-01	-4.720120399000000133e-01	1.180382513000000078e+00	-7.841811379999999998e-01	-3.564343694999999812e+00	2.240889487000000124e-02	1.230686112000000110e+00	-2.780408840999999964e-01	-3.592731163000000005e-02	1.133098841000000023e+00	6.627318787000000544e-01	-9.864353433000000448e-02	5.050866754000000319e-02	-1.621489251999999881e-01	5.437507457000000100e-02	-6.662242480000000189e-01	-1.025301881999999942e+00	3.322044144999999893e-01	-9.683440103999999549e-01	-1.151440274000000041e+00	1.726038951000000043e+00	1.224298831000000032e+00	5.823025304000000180e-01	-1.519433999000000091e+00	-4.809151076000000025e-01	-1.477917434000000085e+00	1.047218922000000108e+00	-1.373159214000000128e-01	-1.377296982000000058e+00	-1.223508819999999941e+00	-5.351679741000000545e-01
-2.307071363000000042e-01	-6.147589838999999445e-01	2.361986134999999876e-01	2.995108851000000127e-01	3.883357096000000230e-01	1.086818199000000040e-01	5.064543844000000128e-01	-2.291164807999999942e-01	-4.506892021000000192e-01	3.576598385000000213e-02	-1.761628463000000089e-01	2.874525299999999839e-01	-6.074643213000000541e-01	-2.027963382999999897e-01	-2.650529880999999977e-01	-1.605463757999999949e-02	2.236566120000000046e-01	2.823585424999999760e-01	4.137496353999999821e-01	6.604796887999999644e-01	3.717044507000000220e-01	3.130042241000000058e-01	9.548847963000000050e-01	2.161227256999999902e-01	-1.851596846000000074e+00	2.258306248999999988e-01	9.399183702000000196e-01	1.217737335000000032e+00	2.463217343999999920e-01	9.205206889000000503e-02	-7.140746687000000259e-01	-7.491534751999999742e-01	2.338471986000000002e-02	-2.363437826999999825e+00	-8.537620696000000065e-01	3.438512055999999872e-01	-1.340922176000000077e+00	-8.302641854000000210e-01	-5.298705455000000120e-01	-1.037012274999999928e+00	1.375869090999999989e+00	6.442914906000000164e-01	-1.403057060999999939e+00	4.228541033000000060e-01	1.177157848000000007e+00	-1.347169043000000066e+00	-4.814724663000000127e-01	5.589596680999999734e-01	1.270794165999999947e+00	7.179233027000000433e-01	-1.734593338999999901e+00	1.716005881000000066e+00	1.424980850000000077e+00	-1.792285601999999978e+00	3.531141574999999838e-02	-2.255231799000000092e-02	-7.349262377999999929e-01	-6.023654199000000320e-01
-4.953761951999999802e-01	-1.183789635000000035e-01	3.412643297999999881e-01	3.709129005999999840e-01	1.294263599000000098e-01	4.495366823999999983e-01	-3.419145595999999870e-02	3.333756270000000077e-01	-2.938802650999999821e-01	-5.625642879000000152e-01	3.430534972000000016e-01	-5.892980131000000177e-02	5.587542376999999894e-01	9.857434219999999803e-02	5.847511720000000413e-01	-7.584050610999999720e-02	3.719930037999999994e-01	-5.677250689999999711e-01	-6.653866900999999556e-02	5.982902268999999995e-01	6.626599361999999660e-01	-6.217864323999999776e-02	5.460063339999999821e-01	-5.501466968999999679e-02	2.314877629000000048e-01	-1.314114050999999894e-01	6.314020451000000589e-02	4.912328390999999850e-01	2.310793271999999898e-01	1.976531897999999898e-01	-7.855805231000000388e-01	-2.315745966999999794e+00	-4.079859894999999792e-01	6.066295139999999808e-02	-5.505858181999999656e-01	1.120850310999999960e-01	3.623816385999999862e-02	1.222742420999999996e-01	-5.766527482000000093e-01	-3.147367388999999793e-01	2.850070104999999909e-01	-4.013217699000000138e-01	3.346929043999999909e-01	5.892689251999999600e-01	1.505457572000000077e+00	-3.505220480999999833e-01	-5.074565651000000344e-01	1.857800031000000018e+00	1.578787254000000084e+00	-4.007780315000000204e-01	-5.915923964000000534e-01	1.732654123000000046e-01	-4.999874149999999906e-01	3.556283267000000248e-02	-1.030312023000000021e+00	-7.873330670999999503e-01	9.251275449000000151e-02	-6.774435251999999519e-01
-3.946778256999999845e-01	-3.975832742000000031e-01	4.656064914000000027e-02	2.304630124000000002e-01	3.514690186000000161e-01	1.330778009999999956e-01	3.429601116000000061e-01	2.918997076000000128e-03	-1.899159535000000121e-01	1.077850939999999980e-01	1.299716562999999880e-01	1.204567235999999958e-01	-1.417363912999999864e-01	1.778279418000000001e-01	1.944261245999999999e-01	2.435395941000000064e-01	2.350652682000000104e-01	-3.246645778999999732e-01	1.908676584000000009e-01	8.319745467000000394e-01	6.703538741000000245e-01	2.224976338999999914e-01	4.722989619999999888e-01	5.598516799999999627e-01	-1.049339516000000083e+00	-3.896194414000000300e-02	8.873012091999999962e-01	5.022336453000000311e-01	6.228390249999999906e-01	8.635617713000000306e-02	-5.938149322000000341e-01	-1.028259758999999995e+00	4.054342848999999971e-01	-1.820694081000000075e+00	-1.420238289999999903e-01	-2.850445583999999810e-01	-9.558199067999999521e-01	-5.125989139000000083e-01	-4.503455541999999978e-01	-7.001298398999999950e-01	1.070526550999999937e+00	9.148431870000000021e-01	-4.178969085999999916e-02	-4.394569508999999763e-01	1.383659446000000015e+00	-9.568638168999999971e-01	-5.857571091000000063e-01	1.377403984999999942e+00	1.839147188999999960e+00	9.248224904999999829e-01	-1.446266714000000064e+00	1.477515944999999942e+00	4.673476174999999788e-01	4.173577701000000251e-01	-5.400782023000000320e-01	-1.293268226000000021e-01	-3.510724449000000025e-01	4.832410437999999919e-01
-4.094157051000000269e-01	-3.183741518000000048e-01	3.551898666000000149e-01	3.266173242000000032e-01	2.315164419999999890e-01	4.368957105999999868e-01	6.839633683000000131e-02	4.186215938000000247e-01	-3.011281458999999772e-01	-3.884730802999999955e-01	3.256853862999999905e-01	3.180265016000000111e-02	4.638891742999999845e-01	1.982932320000000137e-01	3.359702465000000138e-01	2.510514799999999935e-01	3.654307907000000077e-01	-5.028700748000000109e-01	-2.118559754999999878e-01	1.356268489999999938e-01	4.414387873000000240e-01	2.237474627999999910e-01	4.850577025999999736e-02	-3.961905978999999967e-01	-1.973588736999999926e-01	7.941322002999999519e-02	1.754018793000000076e-01	7.340756343000000295e-02	1.724405578000000050e-01	3.264073161000000112e-01	-1.218850782999999938e+00	-1.889542819999999956e+00	-6.155150475999999760e-01	-5.828471109000000344e-02	4.342750750000000104e-01	-5.628993781000000141e-01	-2.014480929999999947e-01	-1.422219796999999938e-02	-3.350834128999999884e-01	-2.147716950999999930e-01	5.687927108000000453e-01	1.872532900999999972e-01	2.162736503000000088e-01	-5.197625917000000539e-01	1.330111161000000042e+00	-7.819169623999999708e-01	-8.560809848000000555e-01	2.027265400000000106e+00	2.279365115000000053e+00	1.399819219999999920e+00	-9.655135835000000499e-01	5.398641095999999751e-01	-1.602847862000000012e-01	-3.459965452000000052e-01	8.470824427999999739e-02	-1.374990179000000090e+00	1.721495164999999883e-01	-7.814681419000000240e-01
-4.735262791000000027e-01	-4.767940670999999964e-01	1.273468493999999895e-01	2.283927421999999985e-01	2.401972072999999930e-01	2.831389834999999966e-01	1.267206405000000091e-01	1.104313900000000043e-01	-8.155635307000000389e-02	2.008527646999999916e-01	1.700910707000000133e-01	9.908041046000000407e-02	-1.695155509999999865e-01	3.983814521000000192e-02	3.743907203999999878e-01	2.620359514999999750e-01	1.035852508000000005e-01	-6.733266611999999540e-01	3.033499236000000154e-01	8.251823369999999880e-01	6.623194649000000434e-01	1.435942303999999947e-01	-5.114180651999999938e-02	2.500697668999999901e-01	-8.106376746000000244e-01	3.014079550000000121e-02	8.395715634999999510e-01	1.423038125999999959e-01	6.784025101999999752e-01	7.267260205999999390e-02	-5.650187999000000350e-01	-9.285262117999999454e-01	3.976242139000000231e-01	-1.608544073000000019e+00	5.665691465000000093e-01	-6.026199080999999902e-01	-8.187053521999999584e-01	-4.046059639999999846e-01	-5.602653328000000155e-01	-4.938507273000000142e-01	9.566735684999999600e-01	4.738113413000000218e-01	2.365842206000000059e-01	-1.461962517000000017e-01	4.027207273999999781e-01	-1.260945827000000019e+00	-1.384821110000000077e+00	1.736396494999999929e+00	2.227929120999999846e+00	1.785888702000000050e+00	-1.070644441000000002e+00	1.230181345999999953e+00	8.938474776000000510e-01	1.170809766000000085e+00	1.301051802999999944e-02	-1.171455147999999946e+00	-5.309997227999999625e-01	-4.744831686000000048e-01
-4.695596512999999916e-01	-2.896821522999999954e-01	2.089252278000000018e-01	3.721216480999999798e-01	7.905502798999999858e-02	2.369796493000000115e-01	-7.888730816000000257e-02	3.261165031000000103e-01	-5.715227512999999648e-01	-5.422090631999999522e-01	1.622183091000000132e-01	-2.121430840000000095e-01	8.928993473999999320e-02	-2.266893295000000086e-01	4.945349667999999754e-01	3.532906753000000094e-02	-8.164873420000000326e-02	-6.795633566000000014e-01	-2.517591073000000068e-01	3.034677023999999834e-01	4.005252847999999921e-01	2.801290501999999932e-02	-2.936000967999999878e-01	-4.527287923000000158e-01	-2.897376355999999875e-01	2.314462355000000138e-01	-6.693323355999999946e-02	-1.878198550000000078e-01	2.970361683000000141e-01	1.192035268000000009e-01	-1.052077670000000076e+00	-1.567380119000000072e+00	-8.785172132999999883e-01	-5.323477004999999790e-02	5.920575947999999755e-01	-6.734906406999999762e-01	-4.462449675999999865e-01	1.368681999999999954e-01	-3.240236998000000090e-01	-3.389343109999999881e-01	8.804655408999999544e-01	5.881432345999999534e-01	3.757480180000000169e-01	9.501350700999999788e-01	-3.472440371000000137e-01	-1.161558107000000062e+00	-1.657648927999999966e+00	2.000098535999999871e+00	2.618158583000000039e+00	1.474229687000000011e+00	-1.495984034999999990e+00	4.281597840999999960e-01	-7.190633718000000174e-01	4.364338395999999842e-01	2.392109195000000077e-01	-2.577943776000000131e+00	-1.022857657999999947e+00	-9.762149357999999610e-01
-4.749020137000000141e-01	-4.859620001000000133e-01	5.388348704999999794e-02	2.282641253000000092e-01	1.535455567000000021e-01	2.033341724000000128e-01	2.779551547000000205e-04	1.205792299000000012e-01	2.038553710999999879e-01	3.785779412999999982e-01	6.692428848999999735e-02	1.866735670999999930e-01	-2.194943527999999866e-01	-3.279187792000000101e-01	8.786719056000000250e-02	6.299217328999999477e-02	-5.306292766000000327e-01	-6.079978984999999669e-01	-1.130248177999999964e-01	6.022783713999999566e-01	5.982480003000000268e-01	-1.424138913999999922e-01	1.041994975000000018e-01	4.767011581000000220e-01	-9.815882392000000456e-01	4.748180453999999856e-02	9.941627432999999847e-01	1.629110162999999889e-01	4.479004269999999899e-01	1.124400747000000034e-01	-7.060236287000000166e-01	-1.153563946000000007e+00	5.709622911000000398e-03	-1.673004707999999896e+00	-2.616219289999999753e-01	-9.473901566000000329e-01	-9.104957419000000440e-01	-7.295506228999999454e-01	-6.098546218000000518e-01	-4.732803253999999793e-01	8.215985949999999871e-01	1.560129026000000030e-01	-1.132955348000000001e-01	1.321759145999999996e+00	-1.957942839000000046e-01	-1.401076414999999908e+00	-1.539893283999999918e+00	1.394796906999999919e+00	1.898843837999999895e+00	9.442317678999999353e-02	-1.153790069000000029e+00	1.061459946999999904e+00	9.982645332999999788e-01	-1.326852731000000007e+00	-1.156747955000000071e-02	-1.058519178999999921e+00	-1.803079976000000029e+00	-1.396804160999999933e+00
-4.566241637999999825e-01	-3.714015163000000119e-01	1.536261560000000137e-01	4.018170160999999796e-01	1.075848670999999951e-01	5.497329679000000080e-02	-1.751717533000000104e-01	3.227448043999999738e-01	-5.004324267999999964e-01	-5.108460349000000233e-01	2.198392393999999972e-01	-1.814553007999999967e-01	5.607601896000000141e-03	-4.384752739000000177e-01	3.433329004999999823e-01	-2.822974377999999951e-01	-2.989744093999999741e-01	-5.671197649000000451e-01	-6.562196784999999588e-01	2.559943512999999782e-01	3.477774448000000018e-01	-2.168976410999999896e-02	2.256511734999999963e-01	-1.081434992000000067e-01	-6.949133667000000347e-01	1.857529319000000012e-01	-6.097023474999999776e-02	1.104242893999999968e-02	-2.603615100000000043e-02	5.773367078999999680e-02	-1.149746393000000033e+00	-1.780839639000000085e+00	-8.855720594999999529e-01	-1.669802374999999894e-01	-1.110557038000000052e+00	-4.111633996999999874e-01	-5.587912756999999786e-01	-2.703636508000000216e-01	3.401627607999999775e-02	-1.658408944000000149e-02	9.365509410000000257e-01	1.073909640999999998e-01	-4.875903832000000326e-02	1.342640964999999964e+00	2.543061113999999789e-01	-1.048494623999999931e+00	-1.028855727999999914e+00	1.554019092999999963e+00	2.145041024999999824e+00	-2.449689950999999963e-02	-1.734622759999999930e+00	2.327854122999999942e-01	-3.405727296000000126e-01	-8.249651347999999995e-01	-3.891650336999999960e-01	-1.764684751999999968e+00	-1.287660317000000054e+00	-1.419759229999999928e+00
-3.588924949999999781e-01	-4.109103752000000109e-01	-5.368712207000000264e-02	2.175515040000000067e-01	2.838549857000000065e-01	1.368803070000000066e-01	7.264995428999999894e-02	4.099739433999999988e-02	4.646864519000000193e-01	4.812707399000000219e-01	1.757105029999999832e-02	1.989914801999999872e-01	-6.366671668999999978e-02	-2.514272378999999891e-01	3.484886575000000208e-01	-2.412661257000000004e-01	-5.438563874999999825e-01	-8.527698183999999904e-01	2.594438919000000010e-02	9.225258924000000471e-01	8.878608153999999475e-01	-5.387381183999999656e-01	3.411967045000000032e-01	8.746234684000000481e-01	-6.456513458999999511e-01	-1.847752699000000109e-01	1.040554967999999914e+00	2.634830341000000131e-01	5.554007937999999589e-01	2.019191556000000110e-01	-4.118798940999999769e-01	-1.323055670000000017e+00	3.404928621000000155e-01	-1.575552288999999995e+00	-1.417434953000000109e+00	-5.419669842000000015e-01	-7.865760477000000028e-01	-4.671550072000000275e-01	-5.504194810000000437e-01	-4.634726019000000030e-01	7.623488337999999587e-01	1.015415872999999997e-01	-3.378907608000000229e-01	1.425636244000000108e+00	-2.456475550999999979e-01	-1.372545906999999898e+00	-1.190578257999999945e+00	1.254838211999999897e+00	1.509432445000000067e+00	-4.870523668000000250e-01	-8.477573327999999853e-01	1.309036977999999962e+00	1.013918447000000000e+00	-2.213437601999999893e-01	-4.819292122000000123e-01	-1.348787304000000076e-01	-1.670399621999999917e+00	-5.005708545999999481e-01
-3.613637358999999827e-01	-3.186827707000000065e-01	2.854308179999999751e-01	4.522425388999999907e-01	1.642524408000000102e-01	-8.047908733000000425e-02	-1.077139009000000064e-01	3.650393887999999754e-01	-8.938664734000000278e-01	-8.105907468999999921e-01	2.600730702999999866e-01	-4.626353417999999884e-01	4.526260182999999881e-02	-1.916615259999999987e-02	9.574768641000000469e-02	-2.553098939999999817e-01	-2.256210385999999901e-01	-9.466588219999999554e-02	-8.666040068999999457e-01	-1.464996423999999908e-01	-2.569613918000000080e-02	3.212198252999999837e-01	4.432796688000000263e-01	-3.511574336000000129e-01	-9.895691180000000253e-01	1.642522446999999941e-01	-2.896431602000000272e-01	1.945419438999999862e-01	-1.829659563000000100e-01	5.040465213999999888e-02	-1.375588043000000038e+00	-1.929606464999999993e+00	-1.356943333999999890e+00	9.591211114000000593e-02	-1.164482173999999981e+00	-5.883000139999999822e-01	-9.676551152000000267e-01	-2.754609573999999839e-01	4.499553841000000221e-01	-2.010144372000000068e-01	1.252263903000000012e+00	8.073174605999999809e-01	-4.486145943000000025e-01	8.486211809999999467e-01	5.465617310999999479e-01	-7.984960558999999458e-01	-4.436346830999999824e-01	1.476565026999999919e+00	2.048995378999999950e+00	-1.653778055999999941e+00	-2.481109293999999910e+00	8.240630771000000132e-02	-9.545709034999999565e-01	-9.316377036999999861e-01	-6.983012711999999622e-01	-1.407610537000000051e+00	-7.781524662000000037e-01	3.739705720000000011e-01
-5.585609272000000014e-02	-5.058824167000000038e-01	-4.033572138000000029e-01	3.450444995000000181e-02	6.590364965999999658e-01	1.958961968000000053e-01	3.791696234999999970e-01	-3.454943352000000023e-01	1.626926850999999896e+00	1.447407759000000071e+00	3.941465371999999801e-02	8.509264108999999854e-01	-9.098438458999999479e-02	2.210506912000000102e-02	5.147921387999999654e-01	-7.615780818999999535e-02	-7.084806604000000174e-01	-1.981390282000000003e+00	3.894167393999999893e-01	1.553059758999999929e+00	9.961502764999999870e-01	-1.405684001000000016e+00	1.414748708999999938e-01	1.253584371999999947e+00	-7.347865418000000259e-01	-4.152745667000000140e-01	1.259599989000000031e+00	4.483467938999999847e-01	1.026044112999999980e+00	6.287710926999999783e-01	1.579085530999999876e-01	-1.395061260999999941e+00	1.213474527000000025e+00	-2.444670539000000087e+00	-9.734099831000000425e-01	-3.598522346999999955e-01	-6.442581866000000046e-01	-7.201069724000000449e-02	-1.058183257999999904e+00	-3.500858372999999801e-01	-1.230280760999999945e-01	-4.469235798000000259e-01	-6.816918997000000202e-02	-6.925448275000000153e-01	2.263638017000000058e-01	-9.462641254000000446e-01	-7.425052880000000410e-01	1.368899668000000069e+00	5.686747978999999731e-01	-1.913803440999999994e+00	1.172932942000000089e+00	2.116952195000000092e+00	3.039871982000000195e+00	4.536152341999999948e-01	-1.501739978000000031e+00	2.005321531999999962e+00	-1.017341897000000106e+00	9.029993561000000390e-01
1.967343641000000032e+00	-2.122836575000000003e+00	1.863987474999999894e-01	1.097736862999999952e+00	1.349712036999999976e+00	-3.343032251999999982e+00	1.719675703999999916e+00	-5.969736064000000120e+00	-3.175519250999999876e+00	-2.834277516000000219e+00	5.823839881000000274e-01	-3.589113204999999862e+00	-4.690660712999999760e+00	-2.882763219000000099e+00	-1.319211702999999902e+00	4.683757991999999981e-01	-1.628941643999999966e+00	-1.168427397000000034e-01	2.797807538999999899e+00	-3.679899237999999961e+00	1.204989190000000043e+00	1.028359314000000024e+00	-2.845251507000000069e-01	-5.516211779999999898e-01	-1.339200661000000014e+00	1.518710556999999906e+00	-2.330782212999999992e+00	-2.787377011999999876e+00	-1.736143015999999983e+00	-1.814377652999999979e+00	-6.513843836000000387e+00	-3.518699568999999805e+00	1.778757549999999910e+00	-2.222992500000000149e+00	-1.461492875000000025e+00	-6.333714645000000643e-02	8.728019996000000447e-01	-2.110409456000000183e+00	3.308128532000000011e+00	8.915646208999999933e-02	1.689018995000000078e+00	1.035234946000000100e+00	-2.560615229000000159e+00	-1.298964486000000029e+00	3.276412746000000098e+00	3.335194754000000206e+00	4.671546309999999869e-01	-6.112656578999999812e-01	1.496136579000000077e+00	-1.275252676000000029e+00	-3.647254563000000172e+00	-1.455204100000000000e+00	-7.030474815999999683e-01	3.417465877999999790e+00	1.319634965999999965e+00	-2.699137229000000193e+00	4.429868892000000002e+00	1.673974912000000037e+00
1.479905213000000108e+00	-1.498842052000000091e+00	1.048489661999999933e+00	6.270156897999999979e-01	7.535625500999999504e-01	1.841165318999999911e-01	8.685802783999999610e-01	-1.852342802999999982e+00	-2.002971610999999985e+00	1.204343796000000077e+00	-1.637517686000000028e+00	-7.093631549000000369e+00	-3.756634598000000214e+00	-1.853458786000000025e+00	1.369143366999999945e+00	-2.104007031000000083e+00	7.547865265000000545e-02	1.418336730000000045e+00	1.520169067999999957e+00	-1.695957912999999984e+00	-3.724510537000000010e+00	1.890463583000000058e+00	7.431281526000000248e+00	-4.596061059000000171e+00	-3.100232655000000115e+00	1.665630581999999915e+00	-2.542561681000000018e+00	-6.140978388000000177e-01	-1.164513246000000057e+00	1.043854016999999912e+00	-2.647604428999999815e+00	-2.638574536000000137e+00	-2.196520464999999867e+00	-1.962706475999999922e+00	-2.512875477999999829e-02	5.197692685999999451e-01	-6.377752605999999602e+00	7.479992350999999928e-01	2.784815587000000203e+00	3.232132776000000152e-01	1.010976630000000043e+00	4.799880568999999930e+00	8.272940716000000139e-01	-7.992229089000000286e-01	1.033333531000000027e+00	1.486699175000000039e+00	-4.614379608999999993e-01	1.464407816999999890e+00	-8.334005986000000421e-01	1.283205114000000036e+00	-6.907636402000000286e-01	-2.255841425999999927e+00	-5.008431134999999923e-01	1.263657275999999996e+00	-5.554588577000000305e-01	-3.455032012999999846e+00	7.858030770999999692e-01	1.600409165000000078e+00
1.122254128000000017e+00	-1.393466274999999976e+00	8.113551175000000004e-01	5.163586997000000345e-01	1.056433871000000080e+00	1.349546635999999911e+00	1.176252440999999926e+00	-1.095805103000000030e-01	3.184408946000000018e+00	1.396507064999999992e+00	-8.734700716000000087e-01	-2.812845061999999854e-02	-5.551630579999999870e-01	-5.001891468000000396e-01	1.055031744000000105e+00	-9.984569373999999664e-01	7.825053092999999516e-01	1.006915015999999968e-01	1.682383785999999937e+00	1.590462355000000105e+00	2.013430153999999916e+00	-1.442998229000000132e-01	3.361741501000000021e+00	8.769491700999999528e-01	2.943932673999999916e-01	-4.184869833000000039e-01	1.665832570000000068e+00	4.647635627999999741e-01	-1.375217211999999911e+00	1.761707972999999872e-01	-3.567489550999999870e-01	-1.291448125999999919e+00	-4.388606867000000022e-02	-1.797539532000000051e+00	4.993734710000000132e-01	-1.162811966999999891e+00	-1.503285313000000123e-01	-4.583034395000000205e-01	-1.700391841000000070e+00	1.922841100000000081e-01	-4.031268923999999781e-02	-7.345154540999999648e-01	1.656467139000000088e+00	-6.535807957000000501e-01	-8.354234077000000092e-01	-9.559322128999999668e-01	-1.259318222000000098e+00	2.024141050999999969e+00	-2.144609319000000180e+00	1.238361749000000067e+00	3.024766067999999919e+00	6.872284363999999757e-01	6.409165529999999444e-02	-1.270978991000000002e+00	-8.386760632000000342e-04	9.423975396999999532e-01	5.839329330000000429e-01	-1.512417659000000025e+00
7.805227860000000240e-01	-1.687560442000000105e+00	4.552362534000000127e-01	6.508262660000000421e-01	7.875623673999999630e-01	-3.447596908000000182e-01	1.099994061999999939e+00	-4.243951194999999732e-01	-6.195196718000000047e-01	-2.476215250999999895e-01	3.306475001999999996e-01	-5.250199705000000439e-01	-7.280816611000000549e-01	-6.094721910999999492e-01	6.212386873999999892e-01	-5.183071982000000272e-02	8.861811715999999839e-01	7.621912265000000408e-01	2.296163398999999938e-01	-8.106334084999999856e-01	-8.933088943000000448e-01	5.974145688999999981e-01	1.601313157000000098e+00	-7.220534626000000289e-01	-1.959787281999999964e+00	-2.451495507000000032e-02	4.761598210999999914e-01	-4.039164276000000164e-01	-1.740475604000000009e+00	-4.261298975999999739e-01	-2.503644797999999838e+00	-1.522384006000000012e+00	-1.561050068000000013e-01	-9.991775146000000385e-01	1.448535724999999996e-01	-6.952152914000000461e-01	-1.442375495000000063e+00	-5.715017704000000531e-01	2.022717908999999981e-01	3.420722332999999726e-01	1.415028438000000000e+00	1.253065824999999966e+00	7.746148169000000028e-01	1.299987605000000102e+00	1.964356030999999891e+00	1.503939388999999960e-01	-6.333704585999999637e-01	1.206231609000000038e+00	-1.189041060999999955e+00	9.406795704000000535e-01	-2.850216409999999922e-01	-1.865432559000000101e-01	6.753144655999999690e-01	-1.140942560000000050e+00	5.045450514999999525e-01	-7.510367409000000549e-01	1.183588218999999997e+00	-1.636913449999999881e-01
7.833326763000000303e-01	-1.562259891999999928e+00	3.054624615000000043e-01	5.411087915000000192e-01	9.290125546999999928e-01	4.065837484000000002e-01	1.100090114999999980e+00	-1.353360967999999998e-01	1.101653868000000092e+00	1.183257050000000032e-01	1.873821116000000120e-01	8.460765032999999491e-01	-1.913486694000000043e-01	-5.050031724000000333e-01	7.314648472000000456e-01	-8.960271337000000336e-02	9.695966141999999843e-01	5.321860869000000216e-02	8.888110875000000410e-01	6.135196084999999799e-01	8.858887049000000458e-01	-1.211180238999999964e-01	1.269957908000000080e+00	4.690385657000000208e-01	-9.215325061000000373e-01	-4.939970525999999862e-01	1.357603179999999909e+00	-2.319052611000000097e-01	-1.876732024000000054e+00	-2.434180240000000106e-01	-1.625557759999999963e+00	-1.260054468999999955e+00	4.584003410999999972e-01	-1.270327874999999995e+00	9.708140375999999572e-01	-1.263231162000000074e+00	1.029221790000000025e-01	-2.409080885999999866e-01	-1.427730291999999901e+00	4.636090924999999863e-01	5.768567112000000385e-01	-9.577421391999999534e-01	1.697362593999999891e+00	1.432924545000000105e+00	5.954933744999999501e-01	-5.052870434999999771e-01	-1.507008544999999922e+00	1.706253669999999945e+00	-1.409524081000000040e+00	1.446114729999999904e+00	1.423784474000000078e+00	3.656249515000000172e-01	3.948992123000000243e-01	5.282955660000000081e-02	3.371645140000000263e-01	-3.540450160999999984e-01	7.619666421999999883e-01	-8.251947181000000020e-01
7.284707282000000284e-01	-1.739079996999999933e+00	3.400331227000000234e-01	6.089532696999999661e-01	7.994783316000000362e-01	-4.192861714000000184e-01	1.071585411999999904e+00	-4.263059425999999874e-01	-4.778634714000000172e-01	-3.634087665999999883e-01	4.144890627999999744e-01	9.638037346000000172e-02	-6.085068738000000144e-01	-7.965129102000000350e-01	5.806330677000000051e-01	9.428342085999999456e-02	6.842363976999999986e-01	3.848264650000000064e-01	2.135330521000000092e-01	-6.551425174999999657e-01	-6.318508937000000270e-01	4.695625984999999836e-01	8.132849701000000042e-01	-6.457243525000000428e-01	-1.838525769000000087e+00	-1.032459223000000009e-01	7.469025731999999751e-01	-6.561340367000000340e-01	-1.987550740999999954e+00	-6.013901642000000214e-01	-2.482891829999999800e+00	-1.191763083999999973e+00	1.530420039000000010e-01	-1.104403119000000100e+00	7.666331108999999699e-01	-9.207067576999999892e-01	-9.228040127000000092e-01	-4.109762597000000128e-01	-4.040115324999999924e-01	3.001718584999999995e-01	1.395629401000000103e+00	9.586224773999999504e-01	1.047400901000000051e+00	1.871313148999999898e+00	7.881471728000000176e-01	-3.151572583999999733e-01	-1.389202749999999931e+00	1.168568822999999979e+00	-9.089460937000000129e-01	1.542737003000000051e+00	-4.374205966999999973e-01	-2.696832923000000090e-02	2.804483709000000213e-01	4.296129496000000159e-01	8.235354952000000228e-01	-1.366677536000000082e+00	3.072102070000000129e-01	-3.737147996999999888e-01
7.468314032999999741e-01	-1.621021682999999936e+00	2.569636981999999792e-01	6.619915863999999983e-01	8.613545649999999609e-01	2.210869447999999904e-01	1.039217209999999891e+00	-2.124064753999999888e-01	6.051894920000000511e-01	-4.044155425999999831e-02	2.408274789000000027e-01	7.797960623999999896e-01	-4.226277263000000062e-01	-8.583899095000000479e-01	8.475940818999999626e-01	-1.641201207999999911e-01	4.150114999999999776e-01	-3.049967384000000226e-01	6.910909546000000292e-01	2.438823592000000096e-01	5.045303588999999755e-01	1.226651101999999965e-01	6.103594701000000233e-01	1.949230487999999983e-01	-1.022536251000000007e+00	-4.704873714000000207e-01	1.121834846000000052e+00	-8.334948965999999793e-02	-2.017163821000000024e+00	-5.326854713999999991e-01	-1.892873711000000014e+00	-1.199579093000000096e+00	4.209667931000000279e-02	-1.310945698999999909e+00	6.451635336000000054e-01	-1.037837655999999997e+00	2.156267780999999994e-02	-2.774423388000000212e-01	-1.416306561000000075e+00	4.638499702000000169e-01	7.598214263000000468e-01	-4.498895925999999990e-01	1.415778516999999903e+00	1.731140209000000096e+00	-5.289183148999999640e-01	-8.470364537000000249e-01	-1.570010539999999954e+00	1.306178073999999967e+00	-1.249948956999999972e+00	1.189538138000000078e+00	1.155207944000000042e+00	1.912769230999999959e-01	7.644582749000000677e-02	8.770325234000000414e-01	3.698870646999999900e-01	-5.855925330000000262e-01	-1.617027349000000058e-01	-1.008658649000000018e+00
7.539774168999999748e-01	-1.667193004999999895e+00	3.042816084000000143e-01	6.539184573999999861e-01	7.755617370999999816e-01	-3.628684494000000149e-01	1.034431276000000066e+00	-4.909142971000000077e-01	-3.159091559000000160e-01	-2.563979801999999864e-01	4.138054968000000056e-01	2.041743658000000072e-01	-7.686501827999999703e-01	-9.250546081999999615e-01	5.913600660000000175e-01	-2.444842556000000056e-01	-1.094138238999999985e-01	-3.650682561000000159e-02	1.580917430000000068e-01	-6.157389398999999486e-01	-5.058786834999999815e-01	2.915780223000000171e-01	4.125769948999999936e-01	-2.308776599000000040e-01	-1.651608865000000037e+00	-2.937998495999999959e-01	6.196204255999999688e-01	-4.640516993000000090e-01	-1.899848910000000002e+00	-8.193558890000000039e-01	-2.386129045000000115e+00	-1.240408146000000045e+00	-6.080302907000000034e-02	-1.258140835999999929e+00	-7.910206783999999824e-02	-1.225126071999999899e+00	-6.284553899999999471e-01	-3.605180353999999920e-01	-5.749639303000000368e-01	3.374702627000000232e-01	1.342593193999999990e+00	8.204305887999999714e-01	1.026790703999999943e+00	1.952404111000000109e+00	-6.621670605999999681e-01	-5.823133230999999466e-01	-1.339552713000000006e+00	8.456883196000000158e-01	-1.233989154999999949e+00	2.384965857000000133e-01	-2.869296396000000082e-01	-5.254419839999999869e-02	4.632424824999999829e-02	8.035670572999999983e-01	1.662331227999999939e-01	-7.911099408999999749e-01	-2.454085860000000119e-01	1.162057717000000018e-01
7.589049445000000116e-01	-1.641382727000000097e+00	2.840036783000000065e-01	6.941307182000000520e-01	8.359275962000000115e-01	2.140858905999999950e-01	9.763834862000000392e-01	-2.050627109000000003e-01	5.230176496999999758e-01	-2.318275694000000026e-02	2.881024059000000248e-01	6.674410853000000143e-01	-4.141078517999999820e-01	-7.043904724999999756e-01	5.926010684000000417e-01	-2.387897210999999908e-01	-2.499078584999999963e-01	-1.215562356000000066e-01	4.970805417999999976e-01	-4.045955504999999841e-02	4.409553386000000241e-01	-7.607857590000000232e-03	6.616283855000000269e-01	3.477975810000000223e-01	-1.020747263000000071e+00	-5.357235502999999621e-01	8.559312907999999664e-01	2.328958255999999949e-01	-2.198171942000000101e+00	-7.480205413999999609e-01	-2.115563127999999793e+00	-1.393605014000000031e+00	-3.043899897999999826e-01	-1.153534948999999976e+00	-3.755728810000000251e-01	-1.284255791999999952e+00	4.556892483000000299e-02	-5.298776572000000185e-01	-1.156458744000000038e+00	5.722283000000000230e-01	8.938241059000000543e-01	-4.012884326999999751e-01	1.140156246000000095e+00	1.134250895999999953e+00	-1.029892556999999931e+00	-9.379525958000000108e-01	-1.304785091999999924e+00	9.504517070000000345e-01	-1.517709004000000084e+00	-8.762018025000000154e-01	8.531152942999999933e-01	3.372412877000000031e-02	-2.284202783000000014e-02	-1.796678512999999866e-01	-2.474237655000000036e-01	1.222273896999999943e-01	-1.766621130999999900e-01	1.592174110000000031e-01
7.349462722999999809e-01	-1.703782523999999965e+00	3.575466550999999993e-01	6.900044262000000206e-01	8.036801746999999718e-01	-3.305217221999999788e-01	9.310472273000000021e-01	-4.077063101000000245e-01	-2.010165847000000006e-01	-9.924954941999999947e-02	4.832468195999999883e-01	2.251026302999999951e-01	-6.968486045999999767e-01	-7.760022452000000515e-01	7.448769876999999928e-01	-3.628669593000000138e-01	-1.907525969999999960e-01	4.300667200000000273e-02	4.349192828000000149e-02	-5.866234963999999996e-01	-4.793494313000000173e-01	1.892794720000000042e-01	5.944025765999999544e-01	-1.052102976000000075e-03	-1.580558834999999940e+00	-3.799128197000000151e-01	6.836512368999999589e-01	-3.496752650000000129e-01	-1.946752757999999917e+00	-8.633476096000000100e-01	-2.315003436000000026e+00	-1.299982825999999925e+00	-1.199616708000000032e-01	-1.220942447999999958e+00	-1.133126698000000099e+00	-9.581661679999999848e-01	-5.458620606999999847e-01	-5.147146130999999958e-01	-6.864664857000000175e-01	6.014413301000000045e-01	1.347804508999999928e+00	6.058661656999999590e-01	8.547561681999999994e-01	1.730784429999999929e+00	-5.971714278999999959e-01	-5.633776780999999456e-01	-1.061055242999999981e+00	6.953686848000000253e-01	-1.455279122000000092e+00	-3.518695354999999969e-01	-1.157954362000000043e-01	-1.427986548999999883e-01	2.553976884999999974e-01	5.293064275000000096e-01	-4.104087201000000129e-01	-1.278859704999999944e-02	3.925858038999999744e-01	6.239408759000000249e-01
7.817427157999999876e-01	-1.645676136000000067e+00	2.636397744999999793e-01	7.559304606000000204e-01	8.597292075000000366e-01	1.387931544999999878e-01	9.243398438000000050e-01	-3.133196880999999934e-01	3.425571484000000111e-01	-1.369661870999999975e-01	3.717941732999999749e-01	5.996870879000000265e-01	-4.683728126999999741e-01	-5.301832908000000399e-01	8.738356617000000437e-01	-4.208989865000000163e-01	-1.661395726000000073e-01	-1.672590401000000060e-01	7.758291349000000503e-01	3.295766296000000178e-02	2.242370788999999975e-01	-2.393436822999999922e-02	5.425997177000000393e-01	2.769114035999999945e-01	-1.073931489000000017e+00	-5.887113548000000307e-01	4.669386499000000024e-01	2.208862950999999908e-01	-2.070075897000000165e+00	-6.739580923000000334e-01	-2.092144890000000146e+00	-1.259045428000000078e+00	-7.575520799000000360e-02	-1.125203868999999912e+00	-7.842203871999999798e-01	-1.156211807000000036e+00	8.747901848000000369e-02	-3.130090403999999937e-01	-1.183127491999999892e+00	5.085319494000000162e-01	9.203290438000000240e-01	-2.647737414999999997e-02	1.164278155000000092e+00	1.274234910000000109e+00	-1.532162240999999980e+00	-9.586327774999999773e-01	-1.235940617000000019e+00	9.847407116999999932e-01	-1.437636896999999969e+00	-3.393658829000000265e-01	7.502641248000000429e-01	-1.144052091000000021e-01	-3.209999008000000154e-01	3.009757799000000178e-01	-5.298468239000000413e-01	1.899661166999999928e-01	2.279885194000000059e-01	2.824459717000000203e-01
7.749345989000000490e-01	-1.677831566000000052e+00	3.964270621000000050e-01	6.920275222999999754e-01	7.997753497999999794e-01	-3.218115994999999896e-01	9.341273037999999751e-01	-4.825504702999999784e-01	-2.140316587999999964e-01	-4.371115202999999866e-02	4.922589440999999844e-01	2.271780563999999947e-01	-7.454486209999999780e-01	-4.996473778000000143e-01	6.146789681000000005e-01	-4.251246649000000044e-01	-3.092663633000000134e-01	1.348527103000000116e-01	5.027687005999999931e-02	-7.515227304999999580e-01	-5.624542083000000359e-01	8.126029439000000132e-02	5.181367351000000232e-01	6.326769140000000624e-02	-1.461386376000000098e+00	-3.693391961999999973e-01	5.235373845999999887e-01	-2.858923309999999995e-01	-1.907385480000000078e+00	-8.353362009000000477e-01	-2.253368022000000082e+00	-1.263014517000000003e+00	-3.242280297999999839e-01	-1.043852605999999961e+00	-8.140784945000000272e-01	-1.263542120999999963e+00	-4.498501966999999824e-01	-5.366304575000000465e-01	-9.072438706000000019e-01	4.747245382999999985e-01	1.374688753999999902e+00	5.847881252000000085e-01	8.283590359000000403e-01	9.035784636999999453e-01	-1.015021356000000097e+00	-4.981355731000000064e-01	-1.117633236000000085e+00	7.083609767999999862e-01	-1.436863997999999976e+00	-9.094978710000000133e-01	-1.208364796999999990e-01	-2.082415212000000015e-01	1.501164460999999950e-01	-2.130721375000000084e-01	-6.742930496000000273e-01	1.978412147999999982e-01	5.670486908999999853e-01	1.089077102000000075e+00
7.626660088000000171e-01	-1.694271861999999906e+00	2.967065930000000185e-01	7.998661886000000276e-01	8.738239447000000215e-01	1.724940500999999904e-01	9.205466444000000026e-01	-2.846248121000000131e-01	3.073017184999999873e-01	-1.050900567000000035e-01	4.172121144000000004e-01	5.866655962000000279e-01	-4.233528742000000067e-01	-4.242009513000000176e-01	1.008868187000000027e+00	-5.104603005000000193e-01	-1.831847597000000119e-02	-8.253090030000000132e-02	8.652683426999999705e-01	2.791765883000000073e-02	1.959044987999999932e-01	9.783622973000000167e-02	6.947256317000000125e-01	3.551254137000000033e-01	-1.151766276000000033e+00	-6.549132960000000336e-01	5.883778102000000176e-01	3.951627460000000092e-01	-2.170785210000000021e+00	-5.609713815000000325e-01	-2.108736744999999857e+00	-1.318488134000000089e+00	-2.905208326000000008e-01	-1.186949905999999944e+00	-7.782784864999999774e-01	-9.420542726999999728e-01	1.119309440999999988e-01	-3.550310171000000126e-01	-1.271591606000000096e+00	7.362890480999999543e-01	7.925417535000000013e-01	-7.913218509000000123e-02	1.125796280000000094e+00	1.156524260000000082e+00	-1.012792270000000050e+00	-8.940397302000000490e-01	-1.016247091000000102e+00	1.012575027000000016e+00	-1.419427476000000077e+00	-6.751729020000000192e-01	1.094406557999999974e+00	-2.149547934999999910e-01	-2.353443618000000126e-01	3.096195414999999840e-01	-7.277895416999999867e-01	3.605549757000000022e-01	5.031569982000000385e-01	4.946913714999999767e-01
7.403758684000000256e-01	-1.668115285000000059e+00	4.214087878000000176e-01	6.762543964999999657e-01	8.194806149000000151e-01	-3.129874850000000097e-01	9.822641413999999571e-01	-5.049805712999999585e-01	-2.407511965999999948e-01	-5.704710898999999780e-02	5.279811934000000484e-01	1.893933242999999988e-01	-7.174080606999999610e-01	-6.047476340999999866e-01	7.686806586000000108e-01	-4.647787567000000175e-01	-1.273213558999999884e-01	1.126814022999999970e-01	9.027160334999999314e-02	-5.789740761999999652e-01	-4.585290484999999805e-01	1.426754081000000118e-01	5.434158338000000255e-01	1.520040867999999934e-01	-1.269855860999999919e+00	-4.117000529000000020e-01	6.511313200999999662e-01	-5.625703231999999998e-01	-1.886840598999999896e+00	-7.933904122999999586e-01	-2.036710144999999805e+00	-1.209163117999999981e+00	-3.801894676999999917e-02	-1.008002402000000020e+00	-8.645023733000000155e-01	-1.117984721000000015e+00	-2.891021505999999963e-01	-3.928100181999999996e-01	-9.463735565999999988e-01	4.483729795999999990e-01	1.303853157999999901e+00	4.949991205000000005e-01	1.079539290000000040e+00	1.005340984000000049e+00	-8.146349400000000296e-01	-3.549129809000000080e-01	-1.069816941000000021e+00	7.294604600999999855e-01	-1.412382105000000054e+00	-4.220673788000000037e-01	-1.834817713000000128e-01	-6.780490962999999316e-02	-4.620080951000000297e-02	6.906942656000000236e-01	-7.213427115999999639e-01	-9.207819207999999589e-02	7.923091810000000290e-01	1.332309925999999978e+00
6.972579702000000212e-01	-1.746033648999999910e+00	2.953060130999999866e-01	7.818931349000000086e-01	8.810252392999999849e-01	2.064765691000000070e-01	9.306182997999999928e-01	-1.151537992999999982e-01	2.969686609000000144e-01	-2.228245967999999966e-01	4.242084193999999808e-01	5.573746665000000045e-01	-2.880330976000000098e-01	-6.147741904000000313e-01	8.374408143999999554e-01	-2.578123111000000245e-01	1.520822960999999862e-01	1.121640913000000045e-01	9.821062283000000503e-01	7.508320467000000054e-02	3.993296071999999919e-01	1.716237321999999899e-01	9.225633090000000536e-01	4.543153032000000202e-01	-1.125171375999999945e+00	-6.447760341999999589e-01	6.330084424999999904e-01	5.644976141999999975e-01	-2.446750295999999825e+00	-4.947287060000000181e-01	-2.140119407999999890e+00	-1.250011478000000009e+00	-3.120882614000000110e-01	-1.296740608999999989e+00	-4.461652218000000114e-01	-9.885656449999999928e-01	-7.004099739999999907e-02	-5.225029498000000050e-01	-8.799118423999999772e-01	7.009631539999999772e-01	7.034952239999999746e-01	-2.558630044999999839e-02	1.270003275999999959e+00	6.030037324000000476e-01	-8.126068583000000123e-01	-8.954648616000000505e-01	-8.790275249000000235e-01	9.230758597999999537e-01	-1.399467202000000077e+00	-1.078274981999999937e+00	1.102149209000000019e+00	-4.505051628000000113e-02	-2.852981251999999746e-01	3.161927411000000077e-01	-3.864180939999999898e-01	-1.725421458999999991e-01	2.658545323000000016e-01	5.034653331999999759e-01
6.610598462000000231e-01	-1.631573592000000072e+00	5.618847617000000128e-01	6.045533677000000106e-01	7.955583075000000060e-01	-3.831905954000000003e-01	9.774178991999999955e-01	-5.010491712000000319e-01	-2.765180492000000045e-01	6.062927222000000227e-02	6.139547578999999811e-01	1.863368725000000004e-01	-7.190450265000000174e-01	-1.123152681999999958e+00	9.708369191000000287e-01	-4.497406299999999746e-01	3.537450649999999974e-02	-3.536982555000000097e-03	-5.518358318999999623e-01	-6.606281683000000404e-01	-4.537629603000000178e-01	1.720702111000000090e-01	6.258159221000000327e-01	9.115381222000000505e-03	-1.045149539999999933e+00	-1.774788787000000090e-01	1.163063764999999972e+00	-1.076519824000000014e+00	-1.873397933999999987e+00	-8.025513011999999557e-01	-1.972111804000000079e+00	-1.213423880999999982e+00	-8.307141645000000116e-03	-7.812794476000000099e-01	-7.987530362000000439e-01	-9.224979193000000244e-01	-7.701214687000000614e-02	-3.390869235000000259e-01	-1.180345077999999992e+00	5.644314946999999805e-01	1.066709024999999977e+00	2.805975631000000026e-01	1.064763745000000039e+00	1.471686054999999937e+00	-6.843626154999999933e-01	8.944935554999999816e-02	-9.667841218999999597e-01	5.152409575999999936e-01	-1.431607083999999919e+00	-4.056560637000000136e-01	-4.014445396999999915e-01	3.173971468999999823e-01	1.832911517999999962e-01	7.424236003999999944e-01	-6.990228025000000400e-01	-6.632361621000000262e-01	8.354278711000000524e-01	1.599446855999999917e+00
3.387706837000000193e-01	-1.371735017000000001e+00	4.882191231999999936e-01	4.858979129000000063e-01	6.604640739999999566e-01	2.805248651000000204e-01	9.860387006999999926e-01	-2.275784895999999891e-01	-2.638044542999999978e-02	-9.029712947000000378e-01	7.003549753000000155e-01	3.418619165999999820e-01	-9.477324094000000310e-02	-1.412723854000000001e+00	1.432062583000000000e+00	-5.402511708999999662e-01	5.858460509999999927e-02	-1.438885667000000090e+00	2.672470561999999994e+00	3.018339005999999825e-01	-9.625168649000000187e-02	3.813021294999999755e-01	1.460171494999999986e+00	-1.165458861000000068e+00	-1.489391067999999985e+00	-7.545471668000000021e-01	2.291653106000000051e+00	1.274552805999999983e+00	-2.260786008999999819e+00	-1.344930602999999891e+00	-1.729367003999999985e+00	7.204161821000000243e-01	-3.359450972999999951e-01	-4.803057084999999837e-01	-1.443457168999999984e+00	-1.875787663000000105e+00	8.238538007000000274e-01	1.752126095000000050e-01	-3.583151972999999990e-01	2.460137108999999878e-01	-4.097758445000000194e+00	1.253350370999999908e-01	7.295592797000000074e-01	6.176403583999999780e-01	-1.091993969000000009e+00	1.972805911000000134e-01	-2.129813223000000200e+00	1.967473023999999904e-01	-9.578148896999999495e-01	-1.920682200999999922e-01	1.097891563999999986e+00	1.909597782999999938e+00	-6.726611229000000192e-01	6.657345731999999572e-01	-3.680849661999999883e-03	4.585066212000000196e-01	2.898403225000000250e-01	2.802376087999999932e+00
-5.676679553000000267e-01	-7.420989503999999570e-01	-1.277334243000000091e-01	-4.008843766999999891e-01	2.077588290000000060e-01	-1.397258343000000069e+00	4.105553740999999812e-01	-9.591855728999999497e-01	5.275483780999999928e-01	4.556193685000000104e-01	-2.309050645000000068e-01	6.374221814999999625e-01	-3.251488530000000154e-01	-1.949832199999999904e+00	1.022927276999999968e+00	3.148105674000000187e-01	-2.035253653999999912e+00	1.756158536000000048e+00	7.781534788999999730e-01	-4.010797957000000302e+00	-6.980930267999999606e-01	7.651686431999999982e-01	-2.357191584000000173e+00	-7.447844730999999552e-01	-5.097406707999999620e-01	3.204204073000000097e+00	-2.357264455000000147e+00	-5.964783824999999595e+00	-2.204323603000000187e+00	-8.128082910999999688e-01	2.457295717000000046e+00	-2.266106015000000085e-01	1.733902988999999950e+00	-2.302054018999999840e+00	-9.161878384999999625e-01	-1.842454117000000002e-01	2.323663386000000219e+00	4.724609509000000235e-02	9.288227095000000100e-01	1.843310452999999960e+00	3.255247814000000073e+00	-1.201961821000000041e+00	-1.274726398000000094e+00	1.075386443999999941e-01	9.517513263000000334e-01	2.499210403000000191e+00	-2.083302765000000001e+00	-1.794416366000000096e-01	-3.921313176999999817e-01	-1.296694071999999975e+00	8.990929443999999826e-01	2.397209083999999990e+00	-1.216846217999999924e+00	-9.034860923999999960e-01	-3.834710668000000044e+00	1.495040268999999977e+00	-9.736056972000000087e-01	2.218327064999999987e+00
-3.507699562999999892e-03	-6.774775418999999799e-01	3.547541312999999974e-01	8.191772175000000544e-02	3.687253683999999754e-01	-2.244901478000000117e-01	9.551833397000000225e-01	-9.878871782000000490e-01	-1.458958331000000108e-01	3.138002885000000242e-01	1.754325562999999866e-01	6.788930499999999979e-01	-8.373806890999999641e-01	-1.532539502000000109e+00	1.335775681000000104e+00	-5.192976643000000170e-01	-8.912377272000000517e-01	1.035830742999999998e+00	-2.410116652000000137e+00	-1.347825936000000002e+00	-1.500217461000000085e+00	7.901979468000000506e-02	6.182380863999999837e-02	7.984000876000000302e-01	1.957061589999999907e+00	1.929713966000000003e+00	-1.217442398000000009e-01	-2.714943385999999848e+00	-1.860645045000000053e+00	-7.577034742999999573e-01	-3.101272303000000008e-01	-2.874354076999999785e-01	-1.534342644999999949e+00	7.457450931000000338e-01	-4.957407410999999930e-01	-1.225131015999999962e+00	4.414922735999999848e-01	-6.159351553999999895e-01	-7.925539186000000180e-01	6.730774211000000173e-01	-1.282617694000000030e+00	4.325268268999999943e-01	-8.543657874000000207e-01	7.345859289999999708e-01	1.673265496000000130e-01	2.545840981000000003e+00	-1.726732378999999984e+00	-1.056748897000000076e+00	-8.625820557000000166e-01	-4.106736964000000101e-01	-1.006126623999999969e+00	1.721638030999999902e+00	-1.552179616999999956e+00	-1.026209267999999897e+00	-2.779208121000000253e-01	1.178114679000000109e+00	-7.567072239000000033e-02	2.756745727000000201e+00
2.899474557999999758e-01	-1.186186935999999914e+00	-1.656354083000000088e-01	3.806459296999999964e-01	5.233920842000000517e-01	-1.845356331999999933e-01	9.818289103999999767e-01	-1.430363052999999995e-01	3.344804241000000067e-01	-6.548547902000000365e-01	1.215020958999999956e-01	-1.835338767999999954e-01	1.024240807000000031e-01	-5.467363673999999785e-01	1.091015470999999959e+00	-3.277686819999999779e-01	-4.123700618999999734e-01	7.015524698999999753e-01	1.704821216000000028e+00	-1.109729579999999993e+00	-1.102198390999999944e+00	1.521388995999999882e-01	7.180304686999999797e-01	-2.087651490999999915e-01	-5.856589917000000201e-01	2.653178037000000211e-01	2.279793424000000068e-01	9.566904389000000508e-01	-2.315707911000000063e+00	-4.870616852999999913e-01	-4.799787911999999768e-01	1.638579824999999990e-01	-4.288233539999999899e-01	-4.781311086999999738e-01	-6.167594626000000302e-01	-1.361917496000000005e+00	5.441747455000000011e-01	-6.000558791000000225e-01	5.639942644000000005e-01	2.539088547999999723e-01	-2.244849341000000109e+00	3.993330766000000032e-01	-5.489916813999999867e-01	6.190059422000000477e-01	6.277441272999999544e-01	-2.033857250999999977e-01	-1.655608645999999906e+00	-9.768040812999999600e-01	-7.856050503000000518e-02	-1.207874721999999901e+00	2.324935652999999824e+00	5.940792004999999598e-01	5.931448133000000178e-01	-2.680283757999999961e-01	5.305802193999999972e-01	3.790216090999999898e-01	-7.506645153000000015e-01	4.476700457000000188e-01
2.596371876999999939e-01	-7.794031349000000164e-01	1.680964902000000039e-01	2.386785272999999985e-01	4.761871865999999787e-01	-1.451800960999999890e-01	1.154170853000000108e+00	-3.066412139999999953e-01	4.895480477999999969e-01	-1.869178830999999874e-01	1.599949294000000133e-01	-3.730919538000000008e-02	-3.321540953000000074e-01	-5.649432578999999954e-01	1.449642888000000074e+00	-3.966452193000000181e-01	-3.326061278999999926e-01	7.891444116000000120e-02	-7.301197227000000289e-01	-1.498086422000000084e+00	-1.338889250000000031e+00	2.663206001999999795e-01	3.356471712999999912e-01	2.287524009999999941e-01	1.038275607000000100e+00	6.842338935999999761e-01	4.643533919000000232e-01	-1.077320966999999907e+00	-1.400826592999999898e+00	-7.768462672000000513e-01	-6.361061973999999897e-02	1.480540700999999904e-01	-2.274362450000000091e-01	5.016254263999999630e-01	-5.968768456999999916e-01	-1.541801020999999938e+00	9.174988893000000090e-01	-3.291502546000000251e-01	-1.606157896000000029e-01	3.657133919999999705e-02	-2.076955100000000165e+00	-6.503655444999999480e-01	-1.197754627000000016e-01	6.365876459000000542e-01	3.479081869000000271e-01	1.156885211999999941e+00	-1.594492881999999945e+00	-1.182904772999999965e+00	-2.336316710999999935e-01	-6.011175867000000395e-01	1.241596221000000000e+00	7.038949022999999583e-01	3.190293907999999790e-02	8.001946810000000188e-01	-5.812390553999999820e-01	5.604824174000000436e-01	2.412034546000000057e-01	8.662176444000000419e-01
3.722714428000000186e-01	-1.100280683000000037e+00	4.405244534000000295e-02	3.275530580000000080e-01	5.033044658999999976e-01	-1.502212084000000003e-01	1.164539135999999919e+00	-2.530846010000000201e-01	1.232359754999999973e-01	-5.898246933999999886e-01	2.446507351999999968e-01	3.458746397000000104e-03	-5.764735175999999989e-02	-2.870891341999999846e-01	1.184677186000000049e+00	-2.628637697999999800e-01	-1.364432894000000007e-01	-2.599545648999999903e-02	9.977443930999999600e-01	-1.348512949999999933e+00	-1.262393531999999929e+00	4.962826195000000218e-01	8.938174252999999680e-01	-1.530902825999999883e-01	-4.105640872999999913e-01	2.319641957999999948e-01	3.502549865000000040e-02	2.472672988000000072e-01	-2.015606559000000075e+00	-7.553692933000000220e-01	-7.673055265999999541e-01	-1.440467406000000075e-02	2.496220278999999875e-02	-1.223568453999999972e-01	-6.075970625000000069e-01	-1.510110419999999953e+00	6.371717673000000248e-01	-6.588891009999999770e-01	4.331383616000000214e-01	8.631296725999999808e-02	-2.056822630000000096e+00	-3.255731484000000120e-01	-1.301576797000000008e-01	-7.414711202999999529e-01	9.507839529999999595e-01	4.056688518000000077e-01	-1.042359626999999955e+00	-1.113423669999999976e+00	-1.336442753000000039e-01	3.138928451999999925e-01	1.519987895999999949e+00	2.486531134999999948e-01	3.841815164999999865e-01	9.935141947000000195e-01	-1.995019584000000124e-01	8.608922280999999899e-01	-3.164381632000000111e-01	6.017056884999999467e-01
2.626951402000000102e-01	-9.941886492000000519e-01	2.241240596000000085e-01	2.550191930999999856e-01	4.654137641000000158e-01	8.500674631000000245e-03	1.200029167999999924e+00	-2.245565412999999955e-01	3.802061840000000026e-01	-2.468321628000000045e-01	2.363099690000000086e-01	2.705870317999999886e-01	-1.114465533999999952e-01	-3.924342429000000076e-01	1.202617971000000008e+00	-2.962973419000000108e-01	-6.871687124000000479e-02	-2.440370758000000029e-01	-4.503306635000000058e-01	-1.622139640999999965e+00	-9.915937350000000317e-01	3.320874543999999817e-01	7.889211784999999866e-01	-7.665335033999999548e-02	7.523413553000000142e-01	5.055886317000000130e-01	4.087253905000000076e-01	-4.010249309000000206e-01	-1.737222876999999999e+00	-7.201711152999999976e-01	-4.961112032000000172e-01	-1.783335164000000028e-01	-1.299605175000000112e-01	5.614977684999999941e-01	-1.640547729000000066e-01	-1.396284593000000074e+00	8.799320892999999977e-01	-9.264153422999999998e-01	1.736363288999999976e-01	3.177350769000000241e-01	-1.935360844000000080e+00	-8.474156171000000182e-01	-1.001230973999999996e-01	-1.027670706999999961e+00	1.264873016999999988e+00	1.039302799999999971e+00	-7.127650848000000039e-01	-1.169692721000000102e+00	-1.950413759000000080e-01	8.342008586000000392e-01	1.285557048999999896e+00	5.685420102999999559e-01	-5.851158198999999865e-02	5.815829289999999707e-01	-4.093309360999999869e-01	1.474578712000000014e+00	3.857104068000000163e-01	5.336043390000000386e-01
1.828956572000000058e-01	-1.091847736999999929e+00	7.300129402999999684e-02	3.025541868000000134e-01	4.317762352000000248e-01	-1.437571928999999971e-01	1.148148742000000055e+00	-1.665354635999999888e-01	1.207371753999999936e-01	-4.442691075999999906e-01	2.305252942000000083e-01	1.115350652000000053e-01	-1.366523054000000070e-01	-4.206729767999999869e-01	1.545389628999999987e+00	-5.701173641000000236e-01	-8.991343080000000279e-03	-4.308079671000000221e-01	7.471227531999999893e-01	-1.290770194000000037e+00	-1.186241600000000007e+00	3.928380136999999883e-01	5.652777565000000060e-01	-3.338166874999999867e-01	-2.448095442000000066e-01	3.031156729999999744e-01	2.842606371999999992e-01	3.153519189999999806e-01	-1.698651461000000085e+00	-7.168992728999999953e-01	-6.176593396999999763e-01	-2.861042934000000010e-02	-5.365261294999999764e-02	-8.465826378000000652e-02	4.187935309000000161e-02	-1.186626256999999907e+00	6.743823463000000462e-01	-6.414894112000000259e-01	6.071298638000000025e-01	3.380401181000000088e-01	-1.922250264999999958e+00	-1.008690366000000033e-01	-1.063283968000000024e-01	-3.480399701999999929e-01	1.016186178999999967e+00	5.632206873999999752e-01	-5.266560718999999668e-01	-1.143404325999999971e+00	1.708666557999999891e-01	5.750469490999999822e-01	1.789041160000000019e+00	4.249334627999999947e-01	6.353577750000000135e-01	1.802512523999999949e+00	5.527745675000000219e-02	1.128684449000000090e+00	2.954100142000000151e-01	8.966970571000000279e-01
1.666726023000000001e-01	-9.380150604000000447e-01	2.076525941000000042e-01	2.812484419999999874e-01	3.740535690999999829e-01	3.734441374999999952e-02	1.128009752000000088e+00	-2.170070880999999952e-01	2.574188678000000063e-01	-3.157448105999999810e-01	3.088215217999999984e-01	2.841070612000000106e-01	-1.794240819000000042e-01	-5.054171192999999951e-01	1.502952159999999981e+00	-5.892511759999999876e-01	-1.146408896999999982e-01	-7.078410460999999820e-01	-1.040068135000000032e-01	-1.520796309000000068e+00	-1.086108515999999913e+00	2.171242513999999957e-01	3.878274190000000066e-01	-3.743611176000000151e-01	7.057199884000000534e-01	3.816475869000000021e-01	1.885846436999999987e-01	-1.866060710000000122e-01	-1.548997390000000030e+00	-7.854053735999999564e-01	-3.950944088000000187e-01	9.753693864999999491e-03	3.582270031999999771e-02	4.111657665999999822e-01	5.567259248000000493e-01	-1.710015492999999998e+00	1.185284240999999961e+00	-7.091902605000000026e-01	1.059050700000000039e-01	2.936096027000000275e-01	-2.110722883999999855e+00	-5.448236776999999531e-01	1.214648888999999982e-01	-7.185415299999999839e-01	1.401620366000000117e-01	7.920758482999999961e-01	-7.543005608999999723e-01	-1.166811543999999978e+00	2.251461971000000006e-01	1.356765640000000106e+00	1.439937725000000057e+00	5.952485832999999671e-01	4.386856604000000104e-02	1.013330539000000030e+00	-1.905962264000000128e-01	1.213286928999999903e+00	5.073021852000000331e-01	4.783229129000000079e-01
1.769411640999999924e-01	-1.051831960999999982e+00	9.475599698000000681e-02	2.895380147000000126e-01	4.364250915999999814e-01	-7.405111861999999490e-02	1.057895118000000023e+00	-1.490819119000000026e-01	1.300568324999999970e-01	-3.318915266999999947e-01	2.618592771000000097e-01	1.715542003999999954e-01	-2.157268884999999914e-01	-3.840767258000000184e-01	1.423600176000000106e+00	-5.554144756000000127e-01	-2.177065176999999907e-01	-3.067348685999999880e-01	6.120191898000000297e-01	-1.553428575999999950e+00	-1.127306295999999985e+00	2.233584230000000004e-01	6.767267193999999542e-01	-3.329051250999999767e-01	-2.717394472999999921e-01	1.534533543999999916e-01	1.313366726999999901e-01	2.973153405999999777e-01	-1.601872648000000066e+00	-6.260171235000000500e-01	-7.351306812000000246e-01	1.301969364999999990e-01	-4.236300503999999856e-02	-1.007995586999999998e-01	4.162151457000000110e-01	-1.678771664999999969e+00	8.024931748000000420e-01	-6.534678788000000127e-01	6.941399759999999919e-01	3.633053820000000100e-01	-1.699674450000000059e+00	-2.900235003000000145e-01	-1.620307568000000087e-01	-8.697272211000000031e-01	4.062434491999999953e-01	5.208468324999999677e-01	-5.590560656999999933e-01	-1.167324207999999919e+00	3.403089383999999828e-01	5.742603108999999595e-01	1.666616660000000083e+00	1.923179448000000014e-01	3.543910397000000212e-01	1.201239576999999947e+00	-2.469088678999999953e-01	1.382360454000000072e+00	2.578889348000000248e-01	4.121990772999999941e-01
1.272719992999999938e-01	-8.755834665999999711e-01	3.232084302000000076e-01	3.440446616000000235e-01	4.147635530000000070e-01	7.414621826999999443e-02	1.070198004000000092e+00	-1.759206170000000014e-01	7.199047174000000604e-02	-2.660669474999999840e-01	2.014745304999999986e-01	3.717403036999999966e-01	-1.776657325999999870e-01	-2.765980651000000123e-01	1.708842353000000092e+00	-5.824870574999999606e-01	-9.940178166999999454e-02	-4.994046798999999814e-01	1.157473400000000041e-01	-1.333844945000000060e+00	-7.390528173000000534e-01	4.658690140000000257e-01	4.237570320999999862e-01	2.619269053000000125e-01	4.938450629999999730e-01	2.532555456000000205e-01	-1.262974594000000061e-01	-1.142840521000000054e-01	-1.326786932999999946e+00	-5.506154473000000049e-01	-6.768255588999999572e-01	-2.074810917000000088e-01	-2.499582210999999887e-01	-3.272748393000000228e-02	2.252637429000000080e-01	-1.437080058999999910e+00	9.045622323999999992e-01	-4.805212486000000061e-01	-9.070171437999999253e-03	3.105664030999999992e-01	-1.093121062000000032e+00	-6.464560631000000335e-01	-1.631383067000000131e-01	-7.881363795000000394e-01	2.898754410000000115e-01	6.029037039000000320e-01	-5.645277859999999759e-01	-1.090775982000000033e+00	6.643449227000000623e-02	1.059939983000000030e+00	9.654947901999999527e-01	-1.287651637999999987e-01	2.297360018000000129e-02	1.165223955999999950e+00	-4.728126916000000013e-01	1.531893495999999910e+00	5.969811661999999686e-01	8.229440690999999530e-01
3.074995508000000211e-01	-1.087262809000000052e+00	1.264604759000000078e-01	3.349340460999999936e-01	4.721247670000000007e-01	-8.480161214999999697e-02	1.075344818000000036e+00	-1.479128952000000052e-01	-1.692905139999999892e-02	-4.345941168999999937e-01	2.017441665999999967e-01	2.858893130999999865e-01	-4.390713672999999734e-02	-5.545299439999999691e-02	1.416229763999999891e+00	-4.745473833000000141e-01	7.299295397999999713e-02	-3.611731998000000110e-01	7.525791186000000410e-01	-1.349421403000000019e+00	-1.149494776999999912e+00	4.237788584000000136e-01	6.811354410000000081e-01	-5.689757282999999971e-02	-2.024422730999999864e-01	1.780688535999999933e-01	-1.970973666999999933e-03	4.067457669999999803e-01	-1.669312324000000070e+00	-5.026771280999999814e-01	-9.356941609000000160e-01	-1.591707735000000012e-01	2.066940090999999924e-01	-4.899976210000000360e-03	7.737544964999999719e-02	-1.327466663000000047e+00	7.750118344999999964e-01	-7.063173985999999793e-01	3.985391315999999851e-01	2.337050682000000046e-01	-1.576587050999999962e+00	-2.127353807000000041e-01	-8.581697309999999912e-02	-1.052563303999999977e+00	6.130464290999999566e-01	3.121807478999999996e-01	-5.383223558999999936e-01	-1.084664915999999923e+00	-1.097681155999999936e-01	1.598442044000000006e+00	1.211513432999999917e+00	4.664610771000000239e-02	6.890851721999999846e-01	4.254112022000000048e-01	-2.527605189000000085e-01	1.567510147999999992e+00	4.252431983000000137e-01	1.635033348000000109e-01
1.850112597000000136e-01	-9.982096621999999586e-01	2.686843394999999801e-01	3.413068570000000190e-01	4.491114194999999976e-01	9.384595797000000461e-02	1.062017892000000074e+00	4.193318570999999585e-03	2.533243197000000224e-01	-2.292893993000000019e-01	3.451895943000000133e-01	3.396446086000000086e-01	1.896169999000000064e-02	-1.075167182999999943e-01	1.336953153999999921e+00	-5.196398934999999497e-01	2.645030505000000032e-01	-3.467615862999999798e-01	-4.309610343999999843e-02	-1.258631272999999995e+00	-5.938819252000000493e-01	3.932346734000000121e-01	7.919585359999999907e-01	2.004620639999999954e-01	3.808046292000000221e-01	3.078720287999999750e-01	2.293028544999999863e-01	1.288011899000000016e-01	-1.557475230000000099e+00	-6.165989146000000476e-01	-7.235593678999999723e-01	-3.046541199999999727e-01	8.799875289000000378e-02	1.851338747999999867e-01	3.102758639000000040e-01	-1.256141710999999939e+00	8.435417956999999856e-01	-8.300714982000000353e-01	2.508357493999999743e-01	4.743633228999999951e-01	-1.435567704999999972e+00	-6.188704659000000552e-01	-1.662056945000000008e-01	-1.002161641999999908e+00	9.823790699000000126e-01	6.946602680000000252e-01	-3.304688333999999950e-01	-1.003941055999999943e+00	-8.282541335000000865e-03	1.493999544000000013e+00	1.012243811999999910e+00	1.416768479000000136e-01	-3.802496893000000162e-03	2.823954283999999815e-01	-2.847385445999999765e-01	1.643564406000000089e+00	1.155608771999999895e+00	-2.496948886000000065e-03
1.726443672999999901e-01	-1.017819631999999919e+00	1.473066895000000043e-01	3.392629393000000104e-01	4.188048945999999773e-01	-9.019455384999999770e-02	1.030629642000000068e+00	1.995199959000000089e-03	4.955897129999999734e-02	-3.282506290000000160e-01	2.552628145999999987e-01	2.570900536999999875e-01	-4.815904618999999887e-02	-2.605423338999999783e-01	1.684316185999999993e+00	-5.804387489000000233e-01	4.311713227000000259e-01	-4.258395439000000060e-01	5.152216160999999461e-01	-1.111209136999999902e+00	-9.356328897000000255e-01	3.732435351999999762e-01	5.008131427999999996e-01	-1.633244786999999976e-01	-2.233440854000000031e-01	3.198229685999999794e-01	1.774100204000000069e-01	3.876329783999999945e-01	-1.487045034000000099e+00	-5.407649398999999635e-01	-7.210877140000000463e-01	-1.611321104000000004e-01	1.642650404999999869e-01	-2.221457105000000098e-01	5.263975217999999900e-01	-9.000914929000000120e-01	6.392826297000000491e-01	-5.667522326999999693e-01	5.284763090999999857e-01	5.648391659000000509e-01	-1.541964635000000028e+00	9.701989857999999967e-02	-1.154342227999999998e-01	-4.114597651999999939e-01	9.799602407999999931e-01	5.823124917999999983e-01	-1.055438633999999931e-01	-8.945829343000000211e-01	3.697123165999999794e-01	1.748177952000000035e+00	1.461962983999999910e+00	3.129288729999999963e-01	6.316409953999999605e-01	8.180023570000000133e-01	5.474838903999999784e-02	1.059760809999999998e+00	9.644249463999999827e-01	3.067620820999999998e-01
1.792743981000000097e-01	-8.713692639000000240e-01	2.480850302000000007e-01	3.190100794999999878e-01	4.282493351000000170e-01	8.263122267000000409e-02	1.046467985999999906e+00	1.142430235999999932e-01	2.755102342999999898e-01	-2.027108797999999934e-01	3.292621106999999991e-01	3.973589787999999845e-01	7.891186155000000368e-02	-4.292891303999999963e-01	1.456532061999999961e+00	-5.016476783000000106e-01	5.017312064000000182e-01	-3.797283922999999950e-01	9.144389075000000644e-02	-1.182584909000000017e+00	-5.379376503999999670e-01	4.149076966999999949e-01	3.582888037999999997e-01	-4.665551287999999963e-02	3.520294197000000125e-01	4.776704802999999777e-01	9.336317243000000210e-02	-4.218599241999999860e-02	-1.398066690000000056e+00	-5.427966360000000545e-01	-6.135231581000000212e-01	-1.915534480999999956e-01	1.549825022000000108e-01	-1.094615059999999931e-02	9.105917948999999734e-01	-1.371427852999999919e+00	8.182406746000000508e-01	-6.235668108999999903e-01	2.224998917000000076e-01	4.099230604999999916e-01	-1.590036317000000032e+00	-3.517071210000000114e-01	3.789588214999999732e-02	1.069784151000000016e-01	3.455901844000000001e-01	7.592459491999999921e-01	2.886018489000000131e-01	-8.298594993000000253e-01	2.792592289999999977e-01	2.149949099000000086e+00	1.012672752999999926e+00	4.312703661999999771e-01	3.938809110000000002e-01	-5.044344676999999999e-01	3.128346406999999996e-01	6.408431395000000474e-01	1.047306241000000027e+00	-6.065371213000000372e-01
1.921342537999999878e-01	-9.874547556999999642e-01	1.726150018000000008e-01	2.814019399000000088e-01	4.211543684999999870e-01	-7.324310052000000681e-02	1.004537478000000039e+00	1.762559456999999996e-01	1.690980343000000052e-01	-2.205848296000000042e-01	3.807192661000000089e-01	3.096770122999999986e-01	4.766627110999999833e-02	-6.439440603999999624e-01	1.557760130999999992e+00	-3.726827176999999991e-01	4.888918836000000212e-01	-2.272936606000000026e-01	4.512130347000000152e-01	-1.216255502000000099e+00	-8.143744460999999824e-01	2.266652832999999923e-01	3.588710011999999838e-01	-2.841667574999999779e-01	-2.520114381999999931e-01	4.022782310999999944e-01	2.856302155000000065e-01	3.520430618000000011e-01	-1.429183477000000035e+00	-4.851959599999999817e-01	-6.964379716999999914e-01	-6.409661893000000166e-02	4.005737717000000253e-01	-1.720092591000000060e-01	1.020464142000000018e+00	-1.090190256000000080e+00	6.191778918000000465e-01	-5.758601698999999963e-01	7.479977045000000269e-01	5.646434248999999683e-01	-1.554134579000000072e+00	-4.251485683000000293e-02	1.021903465999999920e-02	4.883940088000000013e-01	4.739590998000000055e-01	7.558611829000000393e-01	7.309014692999999951e-01	-7.985621719000000063e-01	4.289605499999999960e-01	1.821571446000000094e+00	1.433667122999999988e+00	4.829235298999999815e-01	1.041905649999999905e+00	-5.450754669999999802e-01	2.983679622000000031e-01	3.197551835999999925e-01	1.106386429000000060e+00	-1.132445874000000074e+00
1.837036600999999991e-01	-8.949281528000000430e-01	2.845016805999999732e-01	3.557108748999999737e-01	4.360185919999999826e-01	4.417589086999999803e-02	1.080959701000000051e+00	2.115756572999999974e-01	2.688894446999999799e-01	-2.354567401000000060e-01	4.186973618000000008e-01	3.380478047000000097e-01	5.856254162999999929e-02	-8.485312346000000172e-01	1.802433358000000041e+00	-5.650829059999999959e-01	4.068239538999999794e-01	-2.412989567000000113e-01	4.268038519000000308e-02	-1.086057105999999939e+00	-3.110555220999999815e-01	1.986304634000000124e-01	2.402765363000000098e-01	-5.074397708000000229e-02	4.657473503999999820e-01	4.462591562000000067e-01	3.011496573999999926e-01	8.201444284999999390e-02	-1.282856674999999891e+00	-5.490045842999999870e-01	-4.546087104000000045e-01	-1.469365716999999905e-01	1.958361982999999862e-01	6.289315621999999606e-02	1.208070949999999977e+00	-1.272306267999999907e+00	8.588379581999999735e-01	-4.489280413999999775e-01	5.406536800000000254e-01	5.413441570999999453e-01	-1.466915734000000082e+00	-9.565496659000000124e-02	1.767287925000000093e-01	1.390675144999999890e+00	-3.076177863999999818e-01	9.497303338999999456e-01	6.463654639999999452e-01	-7.314246542000000240e-01	3.784612679000000091e-01	1.929930099999999982e+00	1.125022997000000080e+00	5.184503020999999823e-01	2.066278575000000117e-01	-2.580287475999999969e-01	5.513829835000000346e-01	1.853051559999999987e-01	1.079842148000000002e+00	-9.910943411999999508e-01
2.794249555000000163e-01	-9.640091627000000329e-01	1.545976283000000118e-01	2.662530893000000232e-01	4.365812486999999797e-01	-1.206809954999999990e-01	9.865790580000000087e-01	1.236574052999999951e-01	2.114452673999999976e-01	-2.210341650000000047e-01	4.392320993000000118e-01	2.744401439999999970e-01	-2.451755270000000042e-02	-5.950257115000000541e-01	1.531213366000000020e+00	-4.081003646999999956e-01	8.960651860000000413e-02	-9.107164077000000357e-02	6.367119311000000170e-01	-1.317901162999999931e+00	-8.616442555000000114e-01	2.016418522999999935e-03	3.026544541999999782e-01	-2.101359673000000039e-01	-2.924536031000000147e-01	3.218173447000000076e-01	1.650380059999999871e-01	2.554144096000000030e-01	-1.346442568000000062e+00	-4.209802502000000168e-01	-8.042637545999999915e-01	3.086859628000000050e-02	4.070602032000000259e-01	-1.546558142999999996e-01	1.241240117999999892e+00	-1.574139321999999952e+00	5.808763445000000303e-01	-3.270473381999999818e-01	8.147334661999999783e-01	4.037386062000000164e-01	-1.573241062999999995e+00	-7.851580367000000199e-03	6.689409026999999786e-02	1.618233065999999942e+00	-1.807405679999999903e-01	8.716748209000000358e-01	3.470576804000000126e-01	-7.554136669000000026e-01	3.964186610000000055e-01	5.744559703999999600e-01	1.532623878000000106e+00	3.789818777000000249e-01	1.064245349999999979e+00	-7.283603062000000294e-01	4.866885445999999948e-01	1.085791643999999972e-01	9.328726935000000164e-01	-8.062668817999999460e-01
2.075109968000000138e-01	-9.425066946000000279e-01	2.835855547000000199e-01	3.609824395999999824e-01	4.457166298999999943e-01	-1.392323818000000026e-02	1.009291251999999917e+00	1.010248294999999963e-01	3.017110061000000121e-01	-2.081386825000000051e-01	4.840336692000000163e-01	3.721480187000000273e-01	-3.490087193000000060e-02	-4.638162571000000178e-01	1.714118758999999992e+00	-4.208599449000000048e-01	-3.424383037999999962e-02	-1.320997460999999984e-01	2.662131159999999927e-02	-1.253827699999999989e+00	-4.020755825999999811e-01	1.174049164999999978e-01	2.943484598000000174e-01	-5.101410475999999805e-02	3.949505128999999948e-01	3.600504246999999824e-01	2.559675015999999803e-01	-1.332281238000000007e-02	-1.451385190999999963e+00	-4.745816703999999886e-01	-7.276836734999999612e-01	-1.191218014999999991e-01	9.040436050000000279e-02	8.547114961000000510e-02	1.184189173999999900e+00	-1.305131994999999989e+00	6.892270377000000448e-01	-4.274413163999999932e-01	4.758757458999999801e-01	5.316613903000000363e-01	-1.510363581000000011e+00	-1.943951737000000068e-01	6.518240986999999931e-02	1.886714323999999943e+00	-1.209115993000000056e-01	9.185902038000000047e-01	-2.240331222999999896e-03	-7.230436525000000225e-01	3.137263537000000158e-01	6.548143051999999464e-01	1.135338771000000024e+00	1.966112069000000018e-01	-7.285316032999999969e-02	-5.647789831999999732e-01	2.001252635000000113e-01	5.943868002000000095e-01	1.276134722000000110e+00	-6.147626830000000320e-01
3.164447769000000021e-01	-1.038844024000000088e+00	8.300337801000000348e-02	3.336947236000000205e-01	4.399572346000000245e-01	-2.101692524000000062e-01	9.689278663000000513e-01	-8.871386222999999571e-02	9.175071757000000106e-02	-2.890137327999999783e-01	4.485197935999999941e-01	1.490794826999999878e-01	-2.085145335999999960e-01	-2.817670679000000011e-01	1.718426859000000029e+00	-6.091347458000000437e-01	-2.132150262999999990e-01	-1.753743969000000069e-01	6.674308820000000031e-01	-1.341130353999999913e+00	-1.005826714999999982e+00	-9.628257507000000104e-02	4.266848952000000250e-01	-3.866430087000000126e-02	-2.510373831000000111e-01	2.857403843999999915e-01	3.178152064999999887e-02	1.343296673999999913e-01	-1.461130867999999916e+00	-4.952289355000000226e-01	-6.651035842000000420e-01	-8.019324519999999207e-03	3.995498202000000165e-01	-1.850163251999999842e-02	1.046977741000000073e+00	-1.289995460999999954e+00	4.687488156999999878e-01	-1.026005970000000017e-01	7.516498640000000009e-01	4.578709291999999986e-01	-1.560309874000000097e+00	2.316277569000000092e-01	4.586546964000000337e-02	1.933686991000000077e+00	-2.164817109999999933e-01	7.246883401999999474e-01	-5.023969377000000458e-01	-7.633284238999999971e-01	3.276196049999999804e-01	1.318035728999999989e-01	1.495407635000000068e+00	2.392462805999999997e-01	6.632435530000000412e-01	5.839122633000000118e-01	2.725893647000000031e-01	6.469520556000000200e-01	1.151807312999999944e+00	9.779693714999999204e-03
2.280328322999999879e-01	-9.362255488999999820e-01	2.831732607999999929e-01	3.762186301000000066e-01	4.379761562000000219e-01	-6.469735786000000224e-03	9.934636285000000289e-01	-2.629590265999999857e-02	2.473655401000000031e-01	-2.246008519000000092e-01	4.520272048000000265e-01	2.721560073000000024e-01	-7.445174068000000311e-02	-1.216230570000000066e-01	1.518280053000000018e+00	-5.280648243000000130e-01	-2.464347449000000023e-01	-1.513594885000000001e-01	6.266908558000000573e-02	-1.447727050999999987e+00	-5.726025268000000112e-01	1.077399552000000010e-01	3.715551408000000166e-01	2.511494762000000130e-02	4.630505627000000013e-01	3.657745609999999981e-01	1.360437660999999979e-02	-1.997246428000000115e-02	-1.558702891000000035e+00	-5.623879477000000016e-01	-7.710194398999999921e-01	-9.173364532000000127e-02	-3.209234887999999897e-01	1.386386931999999961e-01	1.276506265999999945e+00	-1.578255409999999914e+00	5.722743587999999937e-01	-4.626831469000000086e-01	2.805342353999999983e-01	4.397516059000000088e-01	-1.545151608000000065e+00	-1.397521330000000006e-01	-4.556874632999999980e-02	1.416208453000000089e+00	-3.478481120999999954e-01	8.456939967000000058e-01	-4.792691116999999723e-01	-7.743157121000000531e-01	2.246286863999999994e-01	-4.743189894000000018e-01	9.655063769999999712e-01	2.225561155999999929e-01	-4.714281108999999748e-01	-1.867630191999999911e-01	1.063310482999999945e-01	9.571677427000000460e-01	1.154996718000000033e+00	5.068081584000000417e-01
2.797521244000000240e-01	-1.094763162000000012e+00	1.273811555999999900e-01	3.393828049000000013e-01	4.055518685999999762e-01	-1.944022981999999899e-01	9.538914263000000116e-01	-1.585071399999999908e-01	1.102291583000000047e-01	-1.897328400999999942e-01	4.190005640000000198e-01	1.329784327999999904e-01	-2.143402070000000048e-01	-2.626407647999999817e-01	1.591255491000000077e+00	-7.208631350999999965e-01	-1.352631470000000002e-01	-4.416576063000000052e-01	6.245190537999999458e-01	-1.396030649999999929e+00	-1.219653995999999907e+00	-3.447782246999999810e-03	5.525344906000000389e-01	4.676702752999999796e-02	-3.961707515999999818e-01	3.074971248999999740e-01	7.400278638000000464e-02	1.027588093000000036e-01	-1.583938228999999920e+00	-7.024556513999999918e-01	-6.574911210999999644e-01	-9.850405795000000131e-02	3.190040205999999934e-01	-2.030135378000000046e-01	8.448891376999999592e-01	-1.303687746000000036e+00	4.132971944000000120e-01	-2.266165089000000132e-01	5.058947468000000169e-01	5.978528858999999640e-01	-1.623259003000000034e+00	2.247000656999999929e-02	3.037740386000000229e-04	1.278388005999999910e+00	1.762382933000000013e-02	5.809697239000000124e-01	-4.334478630999999971e-01	-8.506709313000000439e-01	2.486949485999999931e-01	-9.150091730999999617e-01	1.654968363999999914e+00	2.246116978000000097e-01	9.977778524000000537e-01	9.495368087000000124e-01	-1.169026209999999982e-01	9.230230944999999743e-01	1.209934829000000045e+00	7.540670258999999653e-01
2.599859137000000153e-01	-9.377527590999999996e-01	2.770714409000000211e-01	4.525123524999999924e-01	4.781494257000000192e-01	6.795480261000000355e-02	1.112596856999999995e+00	3.975054050999999797e-03	1.526832147999999945e-01	-2.683383052000000157e-01	4.368785091999999870e-01	2.513554369000000066e-01	-3.014208233000000015e-02	-2.207766610000000129e-01	1.647694645999999929e+00	-6.491667057000000129e-01	4.136992726000000148e-02	-3.950710372999999831e-01	8.849090320999999926e-02	-1.254459267000000100e+00	-4.264871514999999946e-01	3.919095006000000159e-01	4.767935918000000273e-01	1.765329159000000037e-01	7.064483863999999613e-01	4.652542767999999773e-01	-2.515618519000000219e-01	-1.374880672999999887e-01	-1.648299363000000017e+00	-7.514912402000000213e-01	-6.024976371000000386e-01	-1.615796793000000009e-01	-3.131830059999999860e-01	8.199659253999999620e-02	9.507308736999999788e-01	-1.296949241999999947e+00	4.949149476999999964e-01	-5.241346498000000187e-01	1.696768334000000045e-01	4.395960420999999729e-01	-1.656638005000000025e+00	-1.354923929999999888e-01	1.369152989999999903e-01	5.449872102999999690e-01	-3.212197475999999940e-01	7.818212287000000371e-01	-7.926841953999999579e-02	-8.672196853000000427e-01	1.757395843000000013e-01	-4.667815203000000301e-02	7.374191410999999530e-01	2.135659635000000112e-01	-9.294748078000000246e-01	1.392500603000000003e+00	-2.479679640000000129e-01	1.031600352000000109e+00	9.938209444000000170e-01	1.099997376999999998e+00
3.629708964000000204e-01	-1.100954093999999994e+00	1.112525280000000033e-01	2.381874656999999895e-01	4.275553328999999736e-01	-1.195484985999999972e-01	1.012598455000000008e+00	-9.500084896999999584e-02	1.002878189000000059e-01	-8.785180501000000586e-02	3.562841424000000035e-01	1.984186900999999892e-01	-1.624727840999999895e-01	-3.434047103000000267e-01	1.334325384000000003e+00	-5.771613759000000510e-01	-5.351025874999999765e-02	-4.391683356000000149e-01	6.828304036000000243e-01	-1.594787308999999986e+00	-1.488734820999999986e+00	2.047661843999999953e-01	5.124226725999999621e-01	-6.517165703000000337e-03	-6.268938405999999741e-01	4.775248109999999935e-01	-2.451979635000000116e-02	1.246320484999999950e-01	-1.577028142999999938e+00	-7.196770834000000283e-01	-7.480614581000000207e-01	-1.584138324999999903e-01	4.220318813999999752e-01	-1.258155827999999921e-01	5.816801422999999804e-01	-1.418072722000000008e+00	3.549423903000000213e-01	-3.648387955999999877e-01	5.417522793000000281e-01	4.996548976999999891e-01	-1.565364857999999915e+00	-6.865258922000000430e-02	-1.085597893000000008e-01	-5.631166292999999490e-01	2.751869907000000226e-01	7.338710610999999995e-01	-1.446868873999999916e-01	-9.088043983000000381e-01	3.261135447999999881e-01	-2.473643255999999901e-01	1.729589500999999974e+00	3.080688697000000253e-01	1.578084076999999974e+00	1.446398244000000055e+00	-6.383217834000000368e-02	1.271379719000000019e+00	9.756755986999999797e-01	8.531648412000000237e-01
9.465915519999999750e-02	-8.865324137000000215e-01	4.447133341000000240e-01	5.523364697000000545e-01	4.545709772000000037e-01	2.956781748000000265e-01	1.190662335999999932e+00	1.064102672000000055e-01	8.038135297000000012e-02	-2.610051211000000149e-01	3.786899786999999851e-01	3.341636607999999842e-01	6.496097071999999695e-02	-3.779569583999999871e-01	1.952734873999999898e+00	-6.665871532999999571e-01	1.069547487000000047e-01	-1.211175416999999976e-01	-2.780531728000000258e-01	-1.069631175999999906e+00	1.189894415999999955e-01	6.108670046999999936e-01	5.382444226999999470e-01	7.112500010000000206e-02	1.228791865999999899e+00	5.468455005000000257e-01	-1.605811884999999994e-01	-4.558862696999999714e-02	-1.698857609000000046e+00	-7.206064515000000226e-01	-5.003850066999999679e-01	-3.144075771000000019e-01	-7.309524955999999740e-01	1.743920747999999979e-03	8.583451823000000092e-01	-9.173595481999999857e-01	3.428712557999999966e-01	-8.382169514999999738e-01	2.928735135000000087e-02	6.112676244000000425e-01	-1.724469942999999894e+00	-1.692977180000000137e-01	8.752283327000000279e-02	-2.296839516999999997e-01	-6.910084650999999412e-02	7.937382830000000444e-01	3.384876057000000271e-01	-8.983932502999999459e-01	4.829859621999999658e-02	9.182664781999999581e-01	4.721436406999999780e-01	2.636585191999999897e-02	-1.860492095999999984e+00	1.505585570000000040e+00	-4.236668963999999926e-01	1.370019238000000028e+00	8.694133128000000044e-01	8.604242383000000327e-01
1.949176980999999920e+00	-1.269995591999999895e+00	-1.007558744999999950e-01	1.938720274000000077e-01	1.079097082999999957e+00	-1.064328559000000007e+00	9.423177565000000477e-01	-1.662142457999999934e+00	3.862957438999999882e-01	3.810812503000000073e-01	-9.447244137000000430e-01	5.550437486999999503e-01	-9.188657513000000332e-01	-1.162411555999999901e+00	8.494994607000000419e-01	-1.153482966999999970e+00	-8.151293494000000361e-01	-6.415647113000000346e-01	9.043001766999999580e-01	-1.957879289999999939e+00	-1.429438356999999993e+00	4.698482328999999957e-01	-1.001649668000000049e-01	-5.918611386000000030e-01	-1.351965241999999900e+00	8.019968647999999867e-01	5.751667874000000458e-01	6.183025023999999537e-01	-1.141707642000000078e+00	-3.121769758999999936e-03	-1.219073582000000044e+00	1.240099506999999962e-01	-1.761503620000000048e+00	2.843397101999999843e-01	3.641940642000000006e-01	6.753951608999999578e-01	4.337597120000000195e-01	1.298225117999999956e+00	1.112008636999999966e+00	1.177919682999999940e-01	-3.761406872999999984e-01	9.986584822999999833e-01	2.992238311000000039e-01	-4.585462149999999792e-01	7.390899643999999657e-01	5.497150530000000090e-01	-4.793923319999999766e-01	1.383021741999999943e+00	8.661009516000000019e-01	1.362923128999999900e+00	2.165333681999999982e+00	1.145769229000000028e-01	2.621986516999999850e+00	1.174905059999999946e+00	8.584209801000000084e-01	1.177189875000000052e+00	-9.964685122999999978e-02	1.872173822000000043e-01
3.147986990999999790e+00	-1.823913989000000013e+00	1.587154286000000081e+00	5.346515518000000133e-01	1.150636007999999988e+00	-6.187246929999999923e-01	1.128008243000000022e+00	-9.656799269000000407e-01	4.513191939999999791e-02	6.051017927999999962e-02	4.934229244000000181e-01	4.649182854999999726e-01	-5.393524127999999723e-02	-9.123465990000000359e-01	1.635205008000000015e+00	4.498473489000000269e-02	8.407930834000000575e-02	8.942469446000000585e-03	1.908339704000000081e+00	-2.346725968999999967e+00	-8.073013096999999416e-02	1.937607048000000054e+00	2.236886073999999891e-01	3.991093237000000182e-01	-7.734302050000000373e-01	-7.677092341999999792e-02	2.036453964000000116e+00	1.031848018000000033e+00	-1.169163546999999914e+00	-1.397873890000000063e+00	-2.170682306999999867e+00	-1.216115335000000020e+00	8.486164274999999924e-01	-7.224881546000000432e-01	1.553545884999999904e+00	4.572347746000000046e-01	-2.740044118000000140e-01	6.201186493000000466e-01	-6.946333406000000654e-02	-1.314530026000000074e-01	-1.133576555999999957e+00	9.920843566999999474e-01	4.205154629999999782e-01	6.942210679000000439e-01	1.138527757000000085e+00	4.457612543999999732e-01	-7.744942559999999920e-01	1.430207766000000102e+00	2.495775698999999903e-01	4.589021621000000106e-01	9.944556139000000350e-01	8.949422492000000048e-03	-5.448102983999999482e-01	-1.105496913999999942e+00	-2.199966627999999869e+00	1.349920320999999923e+00	1.105634502000000019e+00	-1.689672712999999993e+00
2.866504051999999803e+00	-1.100082216999999973e+00	7.394901369999999918e-01	3.046716479000000088e-01	7.425540042999999590e-01	-1.775146106000000112e-01	1.131679247000000110e+00	-6.701851454999999680e-01	5.246735472000000344e-01	3.691131194999999754e-01	4.076112472000000264e-01	5.376471425000000082e-01	-1.282716388000000096e+00	-4.168969982999999879e-01	1.165226325999999979e+00	2.954729595999999736e-01	1.053367460000000033e+00	5.166985683000000495e-01	1.427879518999999986e+00	-2.078840696999999960e+00	-1.273854913000000089e+00	2.659475096000000205e-01	3.134365991999999990e-01	-4.627155464000000107e-01	-5.489508694000000411e-01	8.790617942999999490e-02	5.885580791000000200e-01	9.032951826999999767e-01	-5.636968597000000525e-01	-8.644560690999999464e-01	-1.257948483999999922e+00	-4.942377309000000052e-01	-5.595007637000000145e-01	1.584824141999999908e-02	2.410710325000000043e-01	-1.594433844999999961e+00	-5.517426048000000360e-01	1.223308389000000052e+00	9.046054282000000335e-02	-2.006499851000000112e-01	-9.377378409000000081e-01	1.374274578000000080e+00	4.280955748000000310e-02	-4.103587571999999795e-01	1.807237082000000106e+00	5.007240185000000343e-01	-1.043021841000000061e+00	2.617164292999999975e-01	3.745234694999999836e-01	-1.362395704000000096e+00	1.623299816000000062e+00	-1.067930536999999944e-02	4.367968490999999953e-01	-3.452416634000000095e-01	-1.039491270999999939e+00	1.586498688999999906e+00	1.617817322000000058e+00	8.788033641000000395e-01
2.940698300999999848e+00	-8.951819101000000334e-01	1.069748571999999953e+00	-4.018562914999999902e-02	7.749703678999999568e-01	-4.034818713000000168e-01	1.186162283999999900e+00	-1.036694795000000058e+00	4.226307913999999832e-01	-1.861775172000000034e-01	2.287484864999999867e-01	1.274389352999999891e+00	-8.243375210000000175e-01	1.980650019000000095e-01	1.377732790000000040e+00	1.833341126000000099e+00	9.799867804999999876e-01	-5.872384199000000304e-01	2.905029164000000108e+00	-1.545325869000000019e+00	-8.332800000000000207e-01	1.492537521000000034e+00	-3.230228674999999910e-02	1.304650092999999900e-01	-5.960030509999999504e-01	-1.253792989999999996e+00	1.313723702000000104e+00	2.006414059999999944e-01	-1.763797473000000005e-01	-1.036364939000000041e+00	-1.226057554999999910e+00	-6.822730109000000320e-01	2.116929944999999869e+00	3.306748831999999916e-01	4.859852001000000143e-01	-2.010409924000000181e+00	2.777180281000000139e-01	1.757799934999999980e+00	-1.464899752999999916e-02	2.177764550999999882e-01	-1.076195634000000068e+00	3.436665850999999772e-01	8.834504360999999584e-01	-1.107223816999999944e+00	2.860108949999999872e+00	4.175029122999999731e-01	-6.635131665000000289e-01	6.102010048999999547e-01	-2.325752161999999901e-01	-6.920055296999999550e-01	1.060544469999999961e+00	-3.977234501999999949e-01	-7.652329839000000522e-01	5.829610769999999942e-01	-3.297082952999999872e+00	1.217957305000000101e+00	2.141280375000000014e+00	1.010629275999999965e+00
2.062593441000000194e+00	-1.267522798999999978e+00	6.535864450999999686e-01	2.920505653000000090e-01	7.409494879000000367e-01	-2.726468509000000151e-01	1.171842679999999914e+00	-2.601266099999999803e-01	-4.936218970999999844e-01	-2.176815038999999896e-01	9.141581210000000457e-01	6.167397693999999708e-01	-1.024600119999999892e+00	-3.178060621000000086e-01	1.485700151000000080e+00	1.259457164999999934e+00	9.144022772000000021e-01	1.743434634000000094e-01	4.344563960000000225e-01	-1.710691777999999941e+00	-7.207153630000000533e-01	2.253980703000000030e-01	5.941715576999999637e-01	-4.384296556999999761e-01	-4.044178447999999815e-01	9.990458265000000393e-02	-1.583631087000000048e-01	1.135969302000000049e-02	4.034952846999999981e-02	-8.093903131999999889e-01	-7.068074206000000137e-01	-2.828616736999999826e-01	1.099879931000000005e-01	-5.246009104000000089e-01	1.682984537000000058e+00	-7.847892199999999541e-01	-3.190126547000000090e-01	7.854525038999999875e-01	3.300316905999999828e-01	-8.723236674000000024e-01	-1.332708382999999941e+00	1.848834000999999949e+00	-3.598662135999999845e-01	-2.977502530000000203e-01	2.300026041000000188e+00	1.067748542999999994e+00	-1.469638376000000024e+00	3.469574586999999988e-01	4.501460017999999730e-01	-9.501800612999999895e-01	-2.182315938999999927e-01	-8.449182190999999786e-01	-1.869343603999999992e+00	-4.183774932000000057e-01	-1.600690504000000167e-02	1.833502193999999863e-01	8.640242324000000362e-01	1.337473142999999975e+00
1.768146908000000073e+00	-1.039125744999999990e+00	6.592214601000000451e-01	1.861101514999999873e-01	6.533864134000000323e-01	-1.832609940000000104e-01	1.081696329999999984e+00	-5.700599222000000132e-01	-9.869175717000000514e-02	-6.938514463999999604e-01	4.818320622000000220e-01	9.617886105999999824e-01	-1.206713909999999945e+00	-9.353651651000000067e-02	5.930775394999999728e-01	1.826308797999999900e+00	9.499046499000000088e-01	-5.918479911999999787e-01	1.181620963999999940e+00	-1.180712109999999981e+00	-5.985274024000000193e-01	8.644374687000000446e-01	-2.093391830000000120e-01	-2.416314689000000071e-01	-1.142329029000000107e+00	1.924339416999999997e-01	-4.474957565000000081e-01	-4.485382591000000030e-01	-6.910231821000000219e-01	-8.629826978000000315e-01	-2.473859797999999888e-01	-5.814512175999999588e-01	1.429831754000000066e+00	-9.671740578999999949e-01	8.783522135000000342e-01	-3.008131765000000013e-01	-9.744261567999999984e-01	9.049065684999999526e-01	-1.368081359000000052e+00	-1.717050758000000066e+00	-1.638181928999999926e+00	-9.322343992999999607e-01	3.146268901999999673e-02	8.558093222999999528e-01	1.824984659000000065e+00	1.485667615999999969e+00	-1.389145222000000013e+00	1.985231004999999938e+00	-6.097435152000000302e-01	-8.948520442999999824e-01	-2.044379940999999923e-01	-1.427615435000000099e+00	-5.370827229000000314e-01	-2.227157644999999964e-01	-2.603966981000000125e+00	-3.568287768999999776e-01	6.805937502000000139e-01	6.447143505000000330e-01
2.135514990999999974e+00	-8.356968060999999670e-01	5.406263774999999772e-01	-4.097497669999999870e-02	7.962024288000000283e-01	-1.624587845000000086e-01	1.057675407000000067e+00	-3.212756869000000237e-01	4.056225059999999938e-01	-5.213270938999999826e-01	1.896905694000000087e-01	9.484228020999999620e-01	-1.431375378000000032e+00	2.198113600999999917e-01	-7.796750285000000336e-01	1.729834176000000001e+00	8.734752676000000493e-01	4.624863343999999765e-01	-3.581616995999999942e-01	-1.481326479000000029e+00	-1.461675808000000021e-01	-5.325314171000000013e-02	2.183352779999999937e-01	-9.660368002000000454e-01	2.936034677000000023e-02	-5.763683759000000073e-01	3.920589634000000157e-01	7.653501797999999745e-01	-1.376374642000000037e+00	-1.564004190999999988e+00	-1.512261468000000025e-02	-4.583112951999999962e-02	-6.888458176999999738e-01	-2.391824865000000133e-02	-1.822921741999999901e-01	-1.249579143999999920e+00	-1.695263260000000050e-01	3.473016579000000048e-01	-6.821730682000000101e-01	-7.302956083999999626e-01	-1.101123226999999982e+00	7.556652935000000015e-01	-4.858652364000000112e-01	8.956901983999999706e-01	2.861770496000000108e+00	-1.263061688999999876e-01	-9.188718219999999492e-01	1.415266826000000089e+00	6.111470518999999602e-01	-1.040878055999999940e+00	-1.273176591999999996e+00	-1.371247558999999949e+00	-3.182308658000000179e+00	-8.474447429999999448e-01	3.717266661999999999e-01	2.021211492999999970e-01	-7.757322808000000069e-01	1.787648123999999950e+00
2.123652529000000122e+00	-9.742240492000000529e-01	9.021998442999999979e-01	-8.765028069999999949e-02	6.939103156000000494e-01	3.369391051999999775e-01	8.605195140000000409e-01	-5.871546333999999590e-01	4.373544564999999884e-01	2.130379890000000109e-01	-1.257386641999999888e-01	4.765723648999999895e-01	-1.028099776999999992e+00	2.698659181999999990e-01	-3.620577850999999736e-01	1.557408284000000087e+00	1.052776699999999899e+00	4.936931539000000146e-01	9.157206019000000419e-01	-1.424976366000000105e+00	-1.263517283000000102e+00	1.209206424000000002e+00	7.268181981000000347e-01	-1.054845695000000028e+00	-4.127224863999999771e-01	-6.627808313999999923e-01	1.025562392000000100e+00	8.839035384000000217e-01	-1.235601772000000098e+00	-1.583328856000000062e+00	5.350658270000000494e-01	-3.576995832000000042e-01	1.956080945999999834e-02	-2.092776242999999925e-01	-9.335597928000000101e-01	-1.022877626999999956e+00	-3.660376798000000154e-01	6.782725963000000302e-01	-8.365572252999999847e-01	-9.344996673000000031e-01	-1.920094616999999948e+00	-5.706346047999999449e-01	-5.404847633999999568e-01	-1.813181848000000040e-01	3.403758776000000097e+00	3.043295941999999976e-01	-8.350490331000000044e-01	1.441336219000000085e+00	1.894380214999999978e-01	-2.269703556999999872e-01	6.043307449999999470e-01	-1.442481923000000110e+00	9.423921243999999753e-01	6.446047840999999945e-01	-2.889447647000000230e-01	2.760465415000000200e-01	4.896864576000000135e-01	4.922581139000000161e-01
1.890711961000000052e+00	-1.124695962000000105e+00	7.695211104000000413e-01	1.114919340999999953e-01	7.671109149999999488e-01	2.520048724000000240e-01	1.050985853000000025e+00	-3.026968071000000204e-01	4.202808719000000193e-01	-4.015329503999999772e-01	4.832996353999999828e-01	5.830085211000000101e-01	-8.372227856999999718e-01	4.093087866999999824e-01	-3.464483602000000273e-01	1.725262870999999976e+00	1.048921444000000092e+00	3.905081417999999860e-01	4.521699095000000085e-02	-1.147042512999999930e+00	-6.253123937000000521e-02	6.160333354000000483e-01	8.518934002000000394e-01	-1.266745879999999991e+00	-3.411576224000000268e-01	-5.343126604000000279e-01	9.633314671999999579e-01	6.465366505999999847e-01	-1.151717659000000005e+00	-1.491840727000000033e+00	3.208845424999999807e-01	-4.165866088999999883e-01	2.121883854999999930e-01	-3.264099435000000216e-01	-7.362512390000000018e-01	3.926657390000000136e-01	-6.251729821000000520e-01	-1.684918749000000049e-02	-2.543440451999999796e-01	-1.670682296000000067e+00	-1.900029447000000093e+00	2.380259826999999995e-01	1.861853129000000107e-01	7.480110892000000344e-01	2.782385180999999985e+00	9.572756803999999953e-01	5.543922620999999773e-02	1.747833822000000037e+00	-4.362879095000000151e-01	7.798980596000000542e-02	-9.793228806999999536e-01	-1.578162185999999911e+00	-2.648036466000000200e+00	-2.895845971000000074e-01	-1.216271292999999920e+00	4.741501770000000060e-01	4.464733506999999935e-01	-1.726673385999999977e-01
1.980534505000000056e+00	-1.067493980999999925e+00	9.117218409999999773e-01	1.775140292000000064e-01	7.526551986999999722e-01	5.275008114000000470e-01	1.023529848999999992e+00	-2.263664630999999983e-01	2.687318291999999942e-01	-1.046419271999999984e-01	3.370348866000000276e-01	3.113711435000000027e-01	-6.265699740000000295e-01	9.320428544000000648e-02	-1.703456379000000132e-01	1.393677080000000013e+00	1.105034859999999952e+00	9.591910541999999762e-02	5.879949084000000159e-01	-1.210181560000000101e+00	-5.400741508999999940e-01	8.988545182999999605e-01	4.416150911000000234e-01	-1.361852983999999989e+00	-3.942426135000000054e-01	-3.595967279000000238e-01	8.273280055999999716e-01	9.849285434000000228e-01	-6.689772617000000476e-01	-1.281483004999999897e+00	3.981598850999999994e-01	-1.605010068000000123e-01	-7.792679320999999770e-02	-2.372856291999999867e-01	-3.587126026999999939e-01	-2.548135905999999729e-01	-4.513638678000000265e-02	4.047133204999999734e-01	-5.983058733999999657e-01	-1.524702133999999987e+00	-1.453484812999999987e+00	-7.630441766999999931e-03	2.577839706000000231e-01	5.899889001000000466e-01	2.143463756000000053e+00	8.221368755000000306e-01	7.635548885000000008e-02	1.786300736000000056e+00	2.658273662999999926e-02	7.694167211999999867e-02	1.154446303000000035e-01	-1.173343862000000071e+00	4.820122192000000222e-02	1.130058881000000071e+00	2.643328515000000212e-01	4.313126826000000108e-02	7.315398803999999533e-01	4.207240788000000120e-01
1.847941735999999890e+00	-1.120101790999999958e+00	8.283945468000000201e-01	5.911874848999999765e-02	7.191093145000000408e-01	3.773682567000000154e-01	9.874992919999999730e-01	-4.636136326000000335e-02	2.966033267000000029e-01	-2.798663227000000031e-01	5.055510762999999574e-01	6.290113529999999953e-01	-6.424468206000000237e-01	-1.438354249999999890e-01	-9.821262139000000446e-02	1.741410407999999910e+00	8.662161911000000325e-01	-1.434501131999999998e-02	7.760840596000000424e-01	-1.308481634000000060e+00	-3.821467353999999927e-01	5.935591368999999506e-01	6.861008506999999312e-02	-1.700723463999999963e+00	-4.941146658000000191e-01	-6.202060173000000232e-01	9.022991723000000075e-01	6.031100134000000335e-01	-7.844479792999999868e-01	-1.448364653000000057e+00	-9.024440613999999607e-04	3.975169866000000107e-02	2.250891905999999887e-01	-4.290598393000000232e-01	2.026060493000000073e-01	-2.589157743000000123e-01	-2.383193291000000047e-01	3.008194197999999875e-01	-6.337566024999999881e-01	-1.728233708000000091e+00	-1.641405961000000024e+00	1.437158010000000041e-01	5.051304314000000240e-01	1.008396977999999944e+00	1.189281972000000076e+00	6.766138686999999541e-01	1.573663143000000042e-01	2.080973971000000144e+00	-3.709814789000000224e-02	6.829899849999999661e-01	-4.126626910000000259e-01	-1.217708097000000045e+00	-8.656630205999999994e-01	-2.759361239999999840e-02	-1.179840716000000039e-01	-3.274763090000000210e-01	4.251474856999999941e-01	-5.001458248000000273e-01
1.887718199000000041e+00	-1.197507563999999913e+00	9.105975097999999823e-01	1.432530163000000079e-01	7.649582635999999658e-01	4.736699938999999748e-01	8.911894084999999466e-01	-5.944423878999999938e-02	3.721999006999999748e-01	-2.034175806999999891e-01	3.567400431000000149e-01	3.551994529999999983e-01	-5.375475742999999973e-01	-3.136823731000000226e-01	-7.233237919000000404e-02	1.453027577000000070e+00	5.939788915999999475e-01	-7.850730405000000758e-03	5.479282559000000496e-01	-1.368852399999999969e+00	-3.712986164000000033e-01	5.367125539999999528e-01	7.031142221000000192e-02	-1.336442469000000077e+00	-5.602766678999999694e-01	-4.957571092999999984e-01	8.669370066999999569e-01	6.167372910999999736e-01	-5.604678182000000231e-01	-1.080164013999999950e+00	-2.042697272000000008e-01	-8.531262584000000315e-02	4.172567050000000055e-01	-4.037713105999999885e-01	5.864126944999999980e-01	-9.498808443999999795e-01	2.079523654000000055e-01	5.076507744999999572e-01	-2.691322740000000047e-01	-1.706296958999999891e+00	-1.405183279000000063e+00	-4.347686754999999931e-02	7.553725002000000188e-01	1.187107235000000038e+00	-2.300263604999999989e-01	8.901508160000000114e-01	-3.710749499000000062e-01	2.147939515000000021e+00	-1.916216212000000085e-01	-5.473811364999999762e-01	-3.088448965999999740e-01	-1.183434129999999973e+00	-4.424107083000000107e-01	8.575422783999999687e-01	-4.638270950000000226e-01	-1.145731108000000026e-01	4.793135085999999934e-01	-3.275416876999999727e-01
1.763403352999999951e+00	-1.201404525000000056e+00	7.373398495999999858e-01	1.734049316000000063e-01	7.317166992000000425e-01	3.666399932000000139e-01	8.960036879999999648e-01	8.678072716000000391e-04	1.060481991000000040e-01	-2.500606818000000175e-01	5.017715556999999826e-01	5.579962068999999580e-01	-6.641323390000000160e-01	-4.389767473000000253e-01	1.601827382000000147e-02	1.451946208999999932e+00	6.328863444000000227e-01	-2.131337687000000036e-01	6.599795813000000066e-01	-1.268014317000000002e+00	-3.886104766999999849e-01	1.848513018999999868e-01	1.859661390000000025e-01	-1.490089360000000029e+00	-4.645517956999999920e-01	-3.674991525999999897e-01	2.055533893000000001e-01	5.913189333999999686e-01	-7.269484112999999859e-01	-1.046361177000000087e+00	-3.343875888999999768e-01	3.084716485999999813e-01	1.339071051999999873e-01	-5.413097192000000391e-01	1.782294956999999902e-01	-6.402925452000000073e-01	-9.891905702000000633e-02	3.941843247999999855e-01	-3.199540269000000214e-01	-1.914988716999999951e+00	-1.412042414000000079e+00	2.584975322999999992e-01	9.695433208000000525e-01	-3.054697767999999813e-01	-1.233677995999999943e+00	7.050252047999999716e-01	-4.876793166999999762e-01	1.876280484000000026e+00	-4.278477420999999836e-01	1.026236704000000055e-01	-8.454509458000000199e-01	-1.583142099000000025e+00	-8.471910697000000212e-01	2.060868244999999987e+00	-4.878558673000000234e-01	2.967382297999999856e-03	1.245689796000000044e-01	3.898153978000000186e-01
1.735650083999999982e+00	-1.212578189000000028e+00	6.539464600000000072e-01	1.619809626000000002e-01	7.585195759999999732e-01	3.687540919000000250e-01	8.046405277999999495e-01	-7.878637223999999939e-02	2.501191252000000143e-01	-2.016929813999999987e-01	2.172383360000000041e-01	6.186031843000000530e-01	-6.849518413999999833e-01	-5.500271102999999551e-01	1.966046538999999954e-02	1.478163007000000029e+00	3.452332082999999829e-01	-3.885418480999999757e-01	5.065106422999999802e-01	-1.309089686999999946e+00	-5.432479928000000235e-01	5.242306879000000475e-01	2.987660382000000003e-02	-1.088404879999999908e+00	-4.842466954999999906e-01	-1.190484817999999945e-01	2.849985076000000062e-01	4.808723435999999740e-01	-7.488173183999999871e-01	-9.077087972999999810e-01	-5.911938879000000480e-01	6.947849247000000006e-02	9.525482818000000074e-02	-4.881716718999999927e-01	-4.320439844000000251e-01	-6.578464775000000264e-01	3.998077911999999845e-01	2.736203772999999950e-01	-4.056439559000000195e-01	-1.687122345999999995e+00	-1.189979726000000015e+00	-2.062451552000000021e-01	7.517421211999999464e-01	-7.012117965999999925e-01	-1.698978820000000001e+00	7.320772049999999531e-01	-4.952006239999999782e-01	1.685348032000000051e+00	-5.361396190999999645e-01	6.981454911000000152e-01	-6.971737510000000082e-01	-1.529638051999999915e+00	8.107685058999999222e-03	8.551280093999999998e-01	-8.581644284999999650e-01	2.023728317000000054e-01	1.203761549000000042e-01	-3.892070417999999865e-01
1.618991008999999925e+00	-1.278759360000000012e+00	5.077479210999999992e-01	2.739447074999999954e-01	7.528241486000000204e-01	1.014114500000000002e-01	8.338025656999999979e-01	-2.290054901000000004e-02	2.439410345999999952e-01	-2.433265114000000007e-01	2.612629999000000147e-01	5.553565520000000033e-01	-7.458988632999999924e-01	-5.946737843999999606e-01	2.759042273999999795e-01	1.118303129999999923e+00	2.660208324000000180e-01	-5.716387885000000224e-02	2.153913091000000113e-01	-1.266111741000000013e+00	-4.627877290999999893e-01	1.226053270999999945e-01	4.467924806999999665e-02	-8.729828995999999730e-01	-5.392312040000000195e-01	-1.110213777000000068e-01	4.681752055999999773e-01	5.189442552999999902e-01	-5.668545780999999506e-01	-8.744414673000000526e-01	-5.129563119000000171e-01	1.074850400000000039e-01	-5.204131236000000271e-01	-7.740410951999999734e-01	-1.014324736000000060e+00	-1.040733197999999943e-01	2.156483493999999945e-01	-1.892921444000000147e-02	8.301092405000000396e-02	-1.725891719999999907e+00	-1.219048190000000087e+00	8.267662182000000415e-02	5.507763957000000321e-01	2.643604943999999790e-01	-1.909281011000000028e+00	8.639699063000000345e-01	-3.149938138999999748e-01	1.491651947999999894e+00	-8.139510724999999836e-01	4.527132551999999976e-01	-6.237269822000000019e-01	-1.460294820999999965e+00	-4.429405733999999817e-01	1.471200873000000006e-02	-6.628165020999999824e-01	1.133827671999999981e-01	-2.505835860000000248e-01	-8.653732038000000459e-01
1.732287713000000062e+00	-1.231670108000000097e+00	6.411513960000000401e-01	2.979986173999999988e-01	7.700339081000000530e-01	2.606689951000000227e-01	7.986540966999999824e-01	-1.655667805999999909e-01	4.033210883000000191e-01	-1.923725042999999968e-01	1.602040432000000070e-01	4.628765288999999727e-01	-6.862876037999999790e-01	-5.441346907999999871e-01	-1.104494904999999971e-01	9.864620307000000476e-01	2.170924077999999979e-01	-2.832718629000000043e-01	4.180135232000000145e-01	-1.214634173000000095e+00	-5.492197897999999689e-01	5.048699106999999797e-01	3.071152600000000010e-01	-5.970404261999999740e-01	-5.021497177000000534e-01	-3.266091607000000119e-01	4.896871369999999946e-01	7.092229676000000316e-01	-7.517992704999999498e-01	-9.652240347999999637e-01	-2.947467046999999729e-01	-1.085471486999999985e-01	-1.271069867999999881e-01	-5.938164175000000267e-01	-1.423824873000000046e+00	-7.988542418999999839e-01	5.160325188000000063e-01	1.795113057000000123e-01	-1.040920300999999965e-01	-1.670885254000000097e+00	-1.251839015999999916e+00	-4.687563411999999818e-01	6.008035641000000204e-01	-1.662934927999999979e-01	-1.892405174999999939e+00	9.145918624000000108e-01	-6.327204536000000101e-02	1.424204071999999988e+00	-9.448390346999999689e-01	-8.789596428999999489e-01	-5.987751868999999783e-01	-1.337334089000000059e+00	1.587454837999999896e-02	4.748835354000000009e-01	-1.344713939000000025e+00	1.694674263000000014e-01	-8.662529458999999876e-02	2.095440927999999911e-02
1.729401390999999899e+00	-1.282907062000000042e+00	5.307276027999999757e-01	2.697884794000000031e-01	8.034528994999999840e-01	2.149305558999999866e-01	7.987382635999999980e-01	1.587546999999999917e-03	3.525172395000000236e-01	-2.375127864999999894e-02	2.582180128000000074e-01	6.663042904999999516e-01	-7.103770351999999511e-01	-4.463290440000000081e-01	-1.507823436999999878e-01	1.053333386000000038e+00	2.571826559000000012e-01	-1.515708654000000044e-01	1.942921143000000128e-01	-1.380478462999999989e+00	-5.076266495000000267e-01	2.678840719999999731e-01	4.627448088000000181e-01	-8.997461552000000085e-01	-5.012271695000000138e-01	-2.192944015999999940e-01	3.992337452999999980e-01	7.177605586999999954e-01	-8.061585513000000258e-01	-9.302137766000000418e-01	-4.732342022000000092e-01	-2.590403046000000140e-02	-5.511230263999999934e-01	-7.436742289000000117e-01	-1.934762582999999925e+00	-2.572788355999999776e-01	1.733629680000000062e-01	-2.380168636999999976e-01	1.834575189000000051e-01	-1.466816254000000042e+00	-1.260521664000000097e+00	-1.705490186999999991e-01	2.276941252999999943e-01	-1.350317466999999994e+00	-1.037159200000000059e+00	9.727021327999999523e-01	5.087946714000000092e-01	1.369955841999999979e+00	-9.158623894999999848e-01	-2.350440531000000111e-01	-7.982766843999999917e-01	-1.396014890000000008e+00	-3.095362068999999994e-01	9.904065450000000270e-01	-1.188630255999999941e+00	5.249123034999999549e-01	-9.018497855000000285e-02	5.940200343000000549e-01
1.677162988000000077e+00	-1.259478878999999996e+00	6.300338431999999989e-01	3.061609267000000023e-01	7.916931529999999828e-01	2.743831835000000163e-01	8.419411061999999557e-01	-1.508141842000000066e-01	3.529377778000000188e-01	-1.684297456999999942e-01	1.952222003999999900e-01	5.486060519000000024e-01	-7.034330877000000148e-01	-3.590929078999999802e-01	2.344408345000000005e-02	9.535980305000000268e-01	2.283540155999999877e-01	-4.648626354000000016e-01	3.534347823000000277e-01	-1.189841522000000040e+00	-6.128794562999999584e-01	8.842950203999999648e-01	1.736191186999999914e-01	-5.934669889000000476e-01	-4.769699248000000003e-01	-2.486432896999999920e-01	3.444429106999999934e-01	5.966688343999999589e-01	-6.428702437000000103e-01	-8.523966783999999963e-01	-3.244508177000000049e-01	-1.434435683999999989e-01	-1.724413374000000054e-01	-7.087851841000000208e-01	-1.643933340000000021e+00	-2.080711179999999993e-01	3.593757242000000240e-01	2.947109129000000105e-02	-1.025133587999999957e-01	-1.417383650999999967e+00	-1.170640942999999989e+00	-6.281047213999999546e-01	5.280634684999999662e-01	-9.608311717999999946e-01	-1.077121364999999997e+00	1.033493892999999941e+00	3.883057366000000066e-01	1.418135726000000041e+00	-9.566952043999999988e-01	1.078206669999999950e-01	-4.116128757999999999e-01	-1.353309142000000076e+00	2.225715229999999933e-01	1.730868858000000010e+00	-1.341584565000000007e+00	2.396230672000000117e-01	5.416442160000000117e-01	4.990635882000000190e-01
1.634498698000000028e+00	-1.286413143999999953e+00	4.307962600999999947e-01	3.165305865999999968e-01	7.422699449999999866e-01	8.520450209999999580e-02	8.998397040000000180e-01	-6.848379568000000084e-02	2.198788500999999951e-01	-1.746670184000000126e-01	2.293229073999999978e-01	6.911523824999999954e-01	-7.731832270999999812e-01	-4.017159368000000064e-01	1.607917711000000083e-01	7.997665258999999693e-01	1.554477036999999950e-01	-4.548914574999999849e-01	2.705102549000000245e-01	-1.226151310000000105e+00	-5.248298939000000107e-01	2.443455945000000129e-01	1.604103370999999945e-01	-9.278608429000000379e-01	-4.595898918999999916e-01	-1.439861282999999881e-01	1.042745399000000045e-01	4.382188302999999729e-01	-6.297346057999999580e-01	-8.505191312000000003e-01	-3.729352785000000226e-01	4.392134350000000131e-02	-4.191373908000000092e-01	-6.588335174999999655e-01	-1.529377492000000061e+00	1.274931025999999912e-01	8.555268733000000181e-02	-1.121795225000000035e-01	8.093891047000000005e-02	-1.570222766999999964e+00	-1.134936769000000067e+00	8.966486102000000014e-02	4.534013791000000015e-01	-6.725375591000000153e-01	-1.571998503000000103e+00	6.799818440999999547e-01	5.362182953999999890e-01	1.419265554000000096e+00	-8.147451752000000047e-01	1.010259408000000025e+00	-8.931491769999999608e-01	-1.367337607999999927e+00	-6.477002400000000382e-01	9.779537396999999910e-01	-9.551787928999999622e-01	5.269523799999999841e-02	-9.861105239999999605e-02	9.363210358000000066e-02
1.636979066000000094e+00	-1.237407957999999919e+00	6.086872569000000288e-01	3.288155395999999842e-01	7.453261863000000265e-01	2.351900241999999863e-01	8.265387958000000035e-01	-4.906464315999999742e-02	4.421945147999999937e-01	-1.637857158999999896e-01	1.555214944999999960e-01	5.931498473999999854e-01	-6.486229974999999648e-01	-3.227752420000000178e-01	-1.490026788999999907e-01	7.995576315000000323e-01	8.331891349999999419e-02	-4.993349467000000041e-01	2.364183197999999986e-01	-1.254206353000000052e+00	-6.063992812999999815e-01	7.656884037000000198e-01	-1.585961167000000116e-01	-7.164331847999999558e-01	-5.382239268999999826e-01	-2.111751236999999948e-01	3.602906492999999877e-01	6.100112900999999921e-01	-7.130670752000000112e-01	-8.713714610999999666e-01	-3.902358056999999936e-01	-1.722873212000000098e-01	-3.939281553000000269e-01	-5.323429789000000412e-01	-1.633516790999999913e+00	-2.681792493999999860e-01	4.032803885999999838e-01	-2.674242111999999838e-01	-3.687041659999999998e-01	-1.532255989999999901e+00	-9.996808424999999998e-01	-6.576235274999999714e-01	3.493979304000000008e-01	3.397635279999999813e-01	-1.350748783000000008e+00	7.889693476000000372e-01	7.010539078999999951e-01	1.339863497000000070e+00	-1.013768567000000065e+00	6.349180639000000514e-01	-3.594844007999999924e-01	-1.272388413000000051e+00	3.078541591999999771e-01	-1.420650369999999940e+00	-8.327863715000000111e-01	1.338699124999999934e-01	1.418625668999999867e-01	-9.977103791000000443e-01
1.555291493999999997e+00	-1.302928534000000083e+00	4.633229464999999991e-01	3.832955310999999754e-01	7.466994710000000035e-01	7.086712402000000521e-02	9.666314549000000200e-01	-3.010911378999999929e-02	4.663715037999999757e-01	-1.135426461999999997e-01	2.306116722999999868e-01	5.596959613999999972e-01	-5.470464401000000310e-01	-2.127103706000000038e-01	1.510610661000000021e-01	5.250266100999999574e-01	1.074264025000000039e-01	2.941117486000000003e-02	1.499577183999999952e-01	-1.104779163999999980e+00	-2.547476839999999743e-01	6.776745153999999549e-02	5.276817361000000206e-01	-4.594509652000000055e-01	-5.027222369999999607e-01	-3.036293152999999800e-01	6.261982324000000544e-01	6.171395738999999603e-01	-6.503492977000000508e-01	-7.863026505000000332e-01	-3.745881540000000065e-01	-2.801364914000000206e-01	-4.735181280999999909e-01	-6.632077656999999515e-01	-1.953090047999999967e+00	1.530731948000000064e-01	1.236800848000000064e-01	-3.334476150999999833e-01	5.070372676000000078e-01	-1.347787757999999947e+00	-9.790497874000000378e-01	-2.615002644000000154e-01	4.706761170000000050e-01	8.597624065000000204e-01	-7.332842644000000520e-01	9.388048458000000096e-01	1.054548881999999965e+00	1.280165784000000029e+00	-1.435154293000000081e+00	-3.285897631999999957e-01	-5.052705062000000247e-01	-1.305430319999999922e+00	-5.810652763000000443e-01	-1.322208588000000073e+00	-1.067996005999999998e+00	7.428965659999999804e-01	5.561208284000000029e-02	-1.023729061000000051e+00
1.633484873000000004e+00	-1.298758684000000052e+00	6.147932997999999705e-01	4.863793255000000149e-01	8.014759948999999883e-01	2.765067399000000203e-01	9.801734342000000266e-01	-8.239468330999999424e-02	3.828303070999999891e-01	-2.251943856999999993e-01	2.198074713000000013e-01	3.593486634999999985e-01	-4.620110560999999838e-01	-1.272181890000000093e-01	1.407041001000000069e-01	3.288427883000000218e-01	3.755331511000000178e-01	-3.887782050999999961e-01	2.982461621999999979e-01	-9.873484887000000265e-01	-2.536589864000000083e-01	6.144277317999999877e-01	6.252669412000000371e-01	-2.700599141999999731e-01	-3.720990762999999979e-01	-3.731401676000000167e-01	3.705050898999999731e-01	8.054411888000000408e-01	-5.932074936000000243e-01	-8.246601839999999628e-01	-1.893310353999999862e-01	-3.832941763000000113e-01	-9.538421955999999702e-02	-4.298322457000000041e-01	-1.581727319999999937e+00	-1.033736952999999986e-01	3.711095722000000152e-01	-7.976773083999999514e-02	2.614408629000000150e-01	-1.467879342999999892e+00	-9.705912984000000243e-01	-4.685738872999999916e-01	6.433513005000000007e-01	2.911061016000000001e-01	-6.694662298000000344e-01	1.171364748000000011e+00	1.056737143999999962e+00	1.362817680999999892e+00	-1.142021026000000106e+00	-1.074404493999999932e+00	-3.364363730000000108e-01	-1.069425958999999926e+00	-9.571687835999999339e-02	1.951685039999999927e-01	-1.273126439000000110e+00	7.463951805999999856e-01	5.907700495000000052e-01	4.049405750000000248e-01
1.557494959000000012e+00	-1.301600477000000033e+00	4.988882799000000090e-01	3.780212149000000132e-01	7.938438064999999710e-01	2.486136636999999872e-01	9.919781323999999900e-01	4.796187032000000239e-02	3.788808371999999869e-01	2.139396007999999974e-02	2.520561760000000207e-01	5.809523879000000335e-01	-3.921760857000000100e-01	-9.566577171000000337e-03	-1.249000062000000036e-02	5.644500878999999527e-01	3.645819918000000048e-01	-8.317671967999999694e-02	2.697704061000000264e-01	-1.178095665000000070e+00	-1.956640980000000085e-01	1.649548977999999999e-01	8.282011787999999930e-01	-6.041454253000000385e-01	-4.619492908000000231e-01	-3.162026541999999885e-01	3.065235205999999879e-01	8.192448596000000416e-01	-5.951035148000000108e-01	-7.216776378999999464e-01	-4.509597663000000090e-01	-3.089854662000000030e-01	-3.669885513000000210e-01	-5.480427661000000228e-01	-1.275224171000000073e+00	3.409354641999999894e-03	7.343556837999999642e-02	-4.422122519000000196e-01	5.914593522000000103e-01	-1.342560449999999905e+00	-9.104048923999999987e-01	-3.143877247999999902e-01	6.387793880000000035e-01	-1.377552976000000040e+00	-9.406818693000000564e-02	1.295735802999999908e+00	1.371129738000000042e+00	1.389432886999999894e+00	-1.190235074000000060e+00	-1.899986201999999957e-01	-4.696336980999999966e-01	-1.227673151000000074e+00	-3.329801139999999937e-01	6.908431523999999935e-02	-1.095673407999999904e+00	1.333585102000000022e+00	6.096550525999999692e-01	6.796012123000000349e-01
1.533201078000000050e+00	-1.265721432999999951e+00	6.422007137999999893e-01	4.539085748999999725e-01	8.516044570999999896e-01	3.588721932000000225e-01	1.067188717999999925e+00	9.485000194999999856e-02	4.546366850999999931e-01	-1.475007369000000124e-01	1.195132557000000012e-01	5.816880779999999973e-01	-2.842976817000000267e-01	-4.827432942999999865e-02	2.889515880999999897e-01	5.147034593000000546e-01	5.828902427000000053e-01	-3.415033049999999792e-01	2.814625431000000177e-01	-1.018958870000000072e+00	-1.919656197999999869e-01	8.597270075999999817e-01	4.006969655000000019e-01	-4.274229210000000112e-01	-3.746228911999999744e-01	-2.599966141000000230e-01	5.357507784999999689e-01	8.350736388999999704e-01	-4.423974660000000170e-01	-4.906654892999999795e-01	-4.234676715999999841e-01	-4.209410493999999892e-01	-2.295581979999999911e-01	-3.859384100000000095e-01	-7.583398161000000082e-01	2.993499175000000068e-01	5.270119772000000369e-01	-2.783414002999999859e-01	3.923781835999999856e-01	-1.203719997000000097e+00	-8.066215212999999773e-01	-6.819928363999999688e-01	8.539151444999999452e-01	-3.328143337000000201e-01	1.517963039000000125e-01	1.342936562000000000e+00	1.539463481000000078e+00	1.571612696000000087e+00	-1.085191610999999945e+00	1.366389185000000062e+00	-1.393538552999999958e-01	-1.021542849000000031e+00	5.204493277999999723e-01	-7.664569101999999523e-01	-1.082898238999999929e+00	1.152471895999999996e+00	1.404592201000000040e+00	-1.621134753000000039e-01
1.512379171000000078e+00	-1.269172618999999891e+00	4.988705071000000268e-01	3.296493684999999840e-01	8.207013107999999724e-01	2.480134609000000101e-01	9.992988017999999695e-01	1.524177978000000044e-01	5.022644145000000337e-01	-7.805163383999999538e-02	3.046112846999999846e-01	7.066777749999999525e-01	-2.797299992999999763e-01	5.852274057999999959e-03	3.443072106000000243e-01	4.656412812999999873e-01	6.515593965000000543e-01	-4.708967795999999956e-02	6.087909752000000285e-01	-1.054478001999999970e+00	-3.358355105000000035e-02	-9.833329269000000428e-02	5.145423264999999802e-01	-6.980460237000000179e-01	-4.162475825999999990e-01	-3.859545540000000052e-01	6.529299911000000511e-01	6.947630682000000002e-01	-3.271373663000000098e-01	-5.520167437999999871e-01	-3.898935971999999972e-01	-6.822457382999999598e-02	-1.878583084000000000e-02	-3.798387415999999739e-01	6.363833460000000060e-03	1.273074081999999996e-01	2.676392069999999901e-01	-5.571464135999999734e-02	8.656492759999999675e-01	-1.390662097999999958e+00	-9.241084094000000526e-01	-5.130008704999999836e-02	9.703359781999999489e-01	8.034116249999999626e-01	-2.512355103999999728e-01	1.567005688999999924e+00	1.370371672999999957e+00	1.713666369000000023e+00	-9.182622925000000214e-01	6.013189824000000350e-01	-3.947122048000000216e-01	-1.105915360000000014e+00	-3.022752803000000044e-01	-9.993382859999999646e-01	-7.027891898000000470e-01	7.471824353999999557e-01	1.354562484999999983e+00	-4.307692385999999929e-01
1.494040436999999999e+00	-1.254360220999999997e+00	6.529391092999999868e-01	3.342037699000000028e-01	8.175387008000000177e-01	4.027963668000000275e-01	9.186556790000000028e-01	1.312760618999999906e-01	4.514606763999999828e-01	-1.575489878000000121e-01	3.334716373000000122e-01	6.060677918000000330e-01	-2.173865121000000122e-01	-5.314407058000000100e-02	1.774882943999999962e-01	6.793585870999999665e-01	5.593784266000000338e-01	-1.338762269999999865e-01	5.421141723000000301e-01	-1.130748093000000010e+00	-7.443808831999999820e-02	3.906885574999999777e-01	3.371204344000000019e-01	-6.909142241000000295e-01	-4.596742446000000037e-01	-3.322337320000000038e-01	5.347803790999999807e-01	6.388791706999999986e-01	-3.700257135000000197e-01	-3.294297958999999887e-01	-4.993111888999999803e-01	-1.077656357999999953e-01	1.807889303999999919e-01	-2.345063438999999972e-01	7.948952820000000363e-01	-3.803367988999999949e-01	5.265168765000000084e-01	8.068490211999999884e-02	5.955385809000000030e-01	-1.359780779000000051e+00	-7.134517974999999845e-01	-3.419167955999999897e-01	1.113497729000000103e+00	1.437709868000000002e+00	-6.177127424999999672e-01	1.620870663999999906e+00	1.058608661999999923e+00	1.817072567999999944e+00	-7.915558789000000095e-01	-4.054624867000000132e-01	-2.676247975000000112e-01	-1.074360240000000077e+00	1.736088145999999943e-01	-9.912495674000000312e-01	-4.849085557999999740e-01	3.271460377000000030e-01	1.588436938999999937e+00	-4.318534059999999952e-01
1.450864133999999916e+00	-1.291425792999999933e+00	4.242211363000000235e-01	3.504143131999999938e-01	8.020617212999999746e-01	2.068243864000000043e-01	1.020004796999999908e+00	1.113278218999999986e-01	3.420553020000000055e-01	-1.227342084000000071e-03	3.741201167000000050e-01	5.911821822999999698e-01	-3.269072603000000021e-01	-1.858496061999999893e-01	5.373728476000000365e-01	5.218715294000000338e-01	3.740294108000000173e-01	-7.365710049000000204e-02	4.312033048999999729e-01	-1.062368970999999940e+00	-8.887948178000000532e-02	-2.107318038999999865e-01	5.288082814000000242e-01	-7.222843105999999791e-01	-5.698659577000000365e-01	-3.237162472999999818e-01	5.606481787000000550e-01	4.184171033999999900e-01	-9.839293429999999840e-02	-3.403504293999999875e-01	-5.394999847000000459e-01	1.062195633999999944e-01	-2.052725811999999983e-01	-6.361244246999999685e-01	8.391090568000000305e-01	-4.320130741999999788e-03	2.323069248000000087e-01	1.888685364999999894e-01	8.952437144999999541e-01	-1.415033285000000030e+00	-8.271712570999999459e-01	1.172310052000000019e-01	1.204916163000000040e+00	1.484453631999999912e+00	-8.546190301999999628e-01	1.521223076999999924e+00	8.837337395000000040e-01	1.797999718000000025e+00	-9.354496346999999767e-01	-2.578679065999999742e-01	-1.374308723000000065e-01	-1.236746305000000046e+00	-2.986329737999999789e-01	3.479033899000000263e-01	-3.091537292000000048e-01	3.039533539000000006e-02	9.390427262999999636e-01	-3.097590499999999802e-01
1.563612867000000017e+00	-1.293550935000000068e+00	5.410218797000000412e-01	3.868811443999999877e-01	8.232259201999999609e-01	3.280985386999999975e-01	9.872132958999999541e-01	-2.012704079999999909e-02	2.554967142999999830e-01	-2.522019343999999941e-01	2.134460947000000053e-01	4.440926795999999843e-01	-3.785954431999999925e-01	-2.431054227999999984e-01	2.991637998000000187e-01	5.982066907999999961e-01	2.650588228999999907e-01	-3.438219806999999739e-01	6.618831586000000211e-01	-1.029343338999999968e+00	-1.986937984999999907e-01	6.059909852999999513e-01	3.290681225000000043e-01	-4.014884006000000172e-01	-4.194997530999999835e-01	-4.240887200999999829e-01	3.652209920000000221e-01	4.516653346000000235e-01	-3.331260772999999897e-01	-4.909344442999999947e-01	-4.972982604999999778e-01	5.565593306000000268e-02	6.148343230000000159e-02	-4.005452487999999756e-01	7.524675991000000508e-01	-4.649773734000000047e-01	4.574447824999999801e-01	3.695319890000000052e-01	2.902032876999999789e-01	-1.694293698000000070e+00	-7.467961201999999687e-01	-4.439577766000000203e-01	1.222983036000000023e+00	9.440402084000000249e-01	-1.038315866999999892e+00	1.477428063999999930e+00	4.794123512999999837e-01	1.760817402000000031e+00	-8.048724552999999560e-01	-5.697976339000000445e-01	-2.933984068000000112e-01	-1.149306230000000095e+00	3.484482678000000010e-03	1.047161114999999976e+00	-7.004391711999999881e-01	-4.334827509999999995e-01	7.556885751999999901e-01	7.238775625000000158e-01
1.508181278999999986e+00	-1.365870412999999894e+00	3.941065840999999903e-01	3.418142205999999961e-01	7.749210967999999866e-01	2.533568635999999819e-01	9.823693328999999475e-01	2.893118751000000113e-02	3.460193143999999998e-01	1.027621490000000040e-02	2.491969880999999887e-01	6.168103933999999899e-01	-4.541825176000000019e-01	-1.038459882999999973e-01	1.732864759999999948e-01	7.387689570000000039e-01	1.570745712000000127e-01	6.166805697000000280e-02	3.109910821999999908e-01	-1.225662283999999991e+00	-1.378123958999999954e-01	-1.685511346999999938e-01	9.154676754999999666e-01	-6.364691992000000020e-01	-4.278194788999999942e-01	-3.533823990000000137e-01	4.543000636000000259e-01	4.988162740000000039e-01	-5.047262386999999961e-01	-4.678282139000000117e-01	-6.048018884000000428e-01	-6.142377560000000097e-02	-2.803767126000000220e-01	-5.916577549000000547e-01	6.660429748000000309e-03	-1.844837383000000053e-01	-2.315828450999999830e-02	-1.119948157000000000e-01	7.809076445999999505e-01	-1.472789459999999995e+00	-9.289428067999999650e-01	-9.677737486000000111e-02	9.436425952000000450e-01	-6.720548683999999495e-01	-2.858672590999999930e-01	1.442090870999999996e+00	5.243875383999999640e-01	1.519915939999999965e+00	-1.027191731999999913e+00	-1.048526636999999928e+00	-4.575201736999999769e-01	-1.441291403999999998e+00	-5.157138360999999893e-01	6.827782181999999533e-01	-1.034535465000000043e+00	2.704008206999999886e-01	2.402076878999999943e-01	1.169998998999999928e+00
1.524791430000000059e+00	-1.291447781000000017e+00	5.585693010000000180e-01	4.473081812999999962e-01	8.424634852000000285e-01	3.757377975999999786e-01	1.077332452000000051e+00	-5.635246673000000178e-02	2.269072943999999870e-01	-2.887491045999999728e-01	1.320334960000000002e-01	4.949554992999999903e-01	-3.784084575000000172e-01	-7.273753944999999943e-02	4.808116142000000148e-01	6.440010176999999558e-01	3.435785464000000178e-01	-4.861425199000000141e-01	2.755771753999999851e-01	-1.028759361000000094e+00	-2.954292518000000145e-01	9.939272064999999934e-01	5.253772804999999879e-01	-2.308000165000000103e-01	-4.073201322000000180e-01	-2.857989836000000006e-01	3.185141027000000236e-01	5.155736030999999997e-01	-4.776705477000000033e-01	-4.368788141000000125e-01	-6.457440890000000211e-01	-2.290330640999999889e-01	-1.708454529000000000e-01	-5.250952277999999529e-01	-3.913122701000000259e-01	8.434678285999999692e-02	4.485205112999999799e-01	-1.064074898000000047e-01	3.787706963999999954e-01	-1.327010008000000019e+00	-7.459931021000000273e-01	-6.533885216000000495e-01	9.066484862000000478e-01	-4.864579421999999931e-01	1.833792701999999997e-01	1.295563613999999975e+00	4.650703554000000239e-01	1.435676404000000073e+00	-1.041188771000000068e+00	-7.147986168999999335e-02	-1.218467035000000004e-01	-1.275029009000000046e+00	3.189943768999999874e-01	1.598640473999999978e+00	-9.540674609000000528e-01	4.667604665000000264e-01	8.703051452000000188e-01	1.313137840000000001e+00
1.464526361000000110e+00	-1.285274924000000096e+00	3.282564057999999840e-01	3.562410545999999956e-01	7.571825881000000535e-01	2.192984963999999870e-01	1.053471043000000051e+00	5.004581865999999796e-02	2.994068301999999737e-01	-1.065311889000000040e-01	2.042168505999999994e-01	5.992965445000000280e-01	-4.229212447999999847e-01	-3.659998552000000207e-03	4.386212116000000050e-01	5.145333111000000015e-01	4.963908510999999746e-01	-2.363604390000000055e-01	5.207893128999999677e-01	-1.025621050000000034e+00	-3.261644875999999971e-01	1.095043410000000050e-01	5.598897387000000281e-01	-6.079963489999999915e-01	-3.250934481000000154e-01	-2.161212533999999907e-01	3.655287576999999843e-01	4.690802391000000182e-01	-5.135962332000000297e-01	-5.021717757000000448e-01	-4.996545162000000095e-01	-4.998474846000000235e-03	-1.740942662999999946e-01	-5.479321504999999926e-01	-4.935373599999999805e-01	3.114668969000000120e-01	1.768373292000000041e-01	-2.222463191000000060e-01	5.344695225000000161e-01	-1.383411621999999896e+00	-8.810136571000000139e-01	-1.710280315999999912e-01	9.332992860000000057e-01	-6.886060183000000112e-01	1.623326043999999968e-01	1.048561249000000029e+00	4.317040336999999894e-01	1.364270834999999904e+00	-1.088928536000000058e+00	1.205766539000000082e+00	-3.694136531000000168e-01	-1.299551085999999911e+00	-5.996974112000000301e-02	8.480252619000000491e-01	-5.675155603000000548e-01	5.711608038000000054e-01	4.360940056000000009e-01	4.199886426000000172e-01
1.488835131999999950e+00	-1.208968320999999957e+00	6.098448448000000077e-01	4.016195047000000184e-01	8.261408469000000032e-01	4.236293830999999788e-01	1.007156034000000089e+00	5.361264955999999783e-03	3.244933432000000062e-01	-3.298334539000000176e-01	1.378500987000000066e-01	4.973111244000000264e-01	-2.705340451000000090e-01	-5.005113363999999683e-03	1.644475967000000038e-01	6.161857797999999997e-01	5.925949104000000078e-01	-4.156296604999999977e-01	2.753049387000000015e-01	-1.117206764000000074e+00	-2.822887036999999766e-01	9.889276920999999776e-01	3.014721814999999916e-01	-6.134783911000000201e-01	-3.818145960000000061e-01	-8.858842273000000489e-02	3.993907898999999873e-01	6.003442342000000487e-01	-6.120961556999999775e-01	-3.612168034000000083e-01	-6.857087467000000380e-01	-2.056651673000000069e-01	-7.542037030999999836e-02	-2.918801095999999928e-01	-2.523865294000000037e-01	-1.805196078999999898e-01	5.716312394000000463e-01	-3.452878704999999826e-01	3.024781100999999750e-01	-1.293156865000000044e+00	-6.645786801999999938e-01	-5.681947786000000056e-01	8.101519177999999544e-01	-2.235669238999999919e-01	1.665798718000000012e-01	1.102745220999999942e+00	6.056106424999999627e-01	1.346955804999999895e+00	-1.021855659000000083e+00	1.541855160999999974e+00	-3.072433619000000116e-01	-1.101642910000000031e+00	5.155615409999999565e-01	-2.584696026000000146e-01	-5.277331169000000211e-01	5.355194170000000531e-01	7.982536424999999713e-01	-4.143920200999999803e-01
1.420203289999999896e+00	-1.262405578999999944e+00	3.146915471000000242e-01	3.799896916000000124e-01	7.529329773999999809e-01	1.649777335000000011e-01	1.062127005000000013e+00	8.633960235000000261e-02	3.732224715999999942e-01	-3.066362581000000101e-02	2.170696540000000008e-01	6.622524413000000498e-01	-3.412748129000000019e-01	-1.461446539000000044e-01	5.211213095000000184e-01	3.741568974000000214e-01	6.762351263000000445e-01	-2.503567375999999900e-01	3.159621832999999769e-01	-9.948977261000000460e-01	-2.582843074999999766e-01	-1.701890243999999996e-01	5.417833261000000178e-01	-7.463750501999999454e-01	-5.372390832000000227e-01	-1.382725788999999983e-01	6.051946013000000235e-01	4.884957690999999769e-01	-3.585055261000000271e-01	-4.348831175999999799e-01	-5.450115703000000256e-01	-4.082749695000000012e-02	-2.811784553000000186e-01	-5.749687599999999676e-01	-2.550799771000000216e-01	3.889564810999999733e-01	1.901547060000000067e-01	-2.807166179999999733e-01	6.861727220000000127e-01	-1.276812078000000072e+00	-8.244560627999999447e-01	-4.848050391000000015e-02	9.193698014000000196e-01	6.294782264999999877e-02	9.899141124999999430e-02	1.036465833000000059e+00	8.732574904000000027e-01	1.382605357999999951e+00	-1.112924306000000030e+00	1.568912518999999950e+00	-4.537435658999999788e-02	-1.135353956999999969e+00	2.259409779999999868e-01	-2.096009095999999960e-01	-3.914406878999999728e-01	4.227881098999999865e-01	4.766059878000000194e-01	-6.720097645000000508e-01
1.483636774999999908e+00	-1.205236583000000028e+00	5.991170849000000409e-01	4.148026488000000067e-01	8.051534331999999905e-01	2.928810047000000027e-01	1.025931482000000061e+00	-2.657424212000000091e-02	3.058869437999999774e-01	-4.273257326000000078e-01	1.426538088000000037e-01	4.120687742999999958e-01	-2.428544612000000102e-01	-1.309881586999999958e-01	3.157443367000000167e-01	3.910952882000000019e-01	7.055873624999999816e-01	-4.044801252999999930e-01	5.138340010999999929e-01	-1.022102169999999921e+00	-2.605605267000000169e-01	9.046223467999999768e-01	5.685196423000000304e-02	-4.571619324000000262e-01	-4.379953196999999965e-01	-2.729485825999999893e-01	4.244887451000000089e-01	4.407816318000000178e-01	-4.909859109999999971e-01	-4.631877319000000104e-01	-5.384530781999999904e-01	-1.284252875999999932e-01	1.795250429999999953e-01	-2.619393280000000268e-01	8.278289047999999595e-02	-2.881971908000000027e-01	5.504982575000000322e-01	-1.271542865999999994e-01	1.717627351000000080e-01	-1.450004010000000010e+00	-7.479121963000000539e-01	-6.147193791999999712e-01	9.603196091000000267e-01	1.435976721999999928e+00	-2.058723030000000065e-01	1.229160645000000107e+00	8.795669168999999954e-01	1.486659313999999954e+00	-9.158149463000000434e-01	1.070234759999999952e+00	-2.907516419999999768e-01	-1.002992161999999965e+00	2.387546371000000001e-01	-5.981440268000000060e-01	-3.507251326999999974e-01	-9.729308130000000054e-02	5.890763445000000154e-01	-7.577922226000000094e-01
1.389184385000000077e+00	-1.290431136000000034e+00	2.813315182000000192e-01	2.927810088000000199e-01	7.058882785000000215e-01	7.125359776999999617e-02	9.898805635999999852e-01	5.876876913000000230e-02	4.431882117000000010e-01	1.019070025000000032e-02	2.912655049000000274e-01	6.269777871999999697e-01	-2.982548976000000129e-01	-1.123889849000000024e-01	3.309208424000000259e-01	3.844886161000000135e-01	5.154425057999999504e-01	-5.150441870999999949e-03	4.169778225999999921e-01	-1.138276765999999940e+00	-1.989098397999999879e-01	-5.342762537999999894e-01	7.471260284999999834e-01	-6.898117530999999802e-01	-5.807542747999999699e-01	-2.619699952000000276e-01	6.235341049000000524e-01	2.655277039999999755e-01	-4.691835941999999982e-01	-3.865139307000000080e-01	-6.565493982000000228e-01	4.426909019000000063e-03	-6.236181688999999778e-02	-3.951267802999999801e-01	4.493812485999999773e-02	-5.013789920000000233e-02	5.215822710000000278e-02	-1.995138482000000102e-01	7.905379363000000215e-01	-1.331608826999999939e+00	-7.793888879000000491e-01	-8.447929283000000025e-03	9.011154509000000035e-01	1.243253844000000052e+00	-1.589587564999999925e-01	1.201187119999999942e+00	9.445165290999999463e-01	1.407718003000000051e+00	-1.214661576999999992e+00	-4.180968019999999896e-01	-2.721802130000000042e-01	-1.068603339000000041e+00	-3.051705534999999969e-01	-1.134831437000000109e+00	-2.809450692000000083e-01	2.298265314999999864e-01	8.260023459000000179e-02	-7.696578213000000446e-01
1.447686964000000076e+00	-1.259235348999999893e+00	6.097569107000000432e-01	4.804380334000000197e-01	8.236347903999999831e-01	2.606390558000000190e-01	1.078273808000000056e+00	-6.439086613000000181e-02	2.297011120999999934e-01	-4.136879273999999884e-01	1.694702818999999916e-01	2.310326675000000107e-01	-2.284525589999999995e-01	-1.491307453000000061e-01	4.242212316000000261e-01	3.128057510999999735e-01	5.599455499000000058e-01	-3.542720556000000243e-01	2.463944996999999915e-01	-1.007946393000000107e+00	-2.205545764000000075e-01	9.113204155999999889e-01	3.677905219000000003e-01	-2.214209873000000106e-01	-4.800867502000000231e-01	-2.661641007000000170e-01	5.315923995000000346e-01	4.655961840999999768e-01	-4.595620128999999832e-01	-4.380859279000000051e-01	-6.287054249000000317e-01	-2.207117673000000002e-01	-5.610215152999999816e-02	-3.866817154000000145e-01	-8.967767775000000385e-02	-8.158288385999999670e-02	5.873805428999999689e-01	-1.537877188000000006e-01	2.399801944000000131e-01	-1.397625203000000038e+00	-6.194480249999999577e-01	-5.919430699000000073e-01	9.931514263999999814e-01	1.806023319999999988e+00	-2.369524225000000164e-02	1.301829579999999931e+00	7.095596078000000473e-01	1.403082753999999932e+00	-1.074504096000000075e+00	-2.198040434000000098e-01	-1.348820561000000084e-01	-9.102185642000000243e-01	1.297587360999999939e-01	3.564545702000000010e-02	-4.367748756000000010e-01	-1.017568734000000030e-01	4.654107271999999851e-01	-3.801476308999999776e-01
1.393448159999999936e+00	-1.294466509999999904e+00	2.343621575000000012e-01	3.067274797999999802e-01	7.269537235999999902e-01	7.342943866999999958e-02	1.045335724000000077e+00	-3.727843254999999717e-02	3.369669988999999810e-01	7.980145177000000714e-03	2.670425538000000265e-01	4.525061758000000212e-01	-3.426964309000000153e-01	1.282273498000000012e-02	3.794199682000000129e-01	2.155771569999999915e-01	2.805128162000000147e-01	-1.471979947000000011e-01	5.395764535999999501e-01	-1.007355071000000102e+00	-2.380835104000000035e-01	-5.443028122999999940e-01	7.546657774999999679e-01	-4.374063071000000025e-01	-5.569629793000000495e-01	-3.897037002000000028e-01	4.846112907999999830e-01	1.775371145999999900e-01	-3.987391580999999907e-01	-5.458533369000000413e-01	-6.247987601000000168e-01	5.458988181999999828e-02	-1.056370543000000051e-01	-5.267366206000000384e-01	-1.170185896000000003e-01	-1.179588818000000018e-02	-5.352185243999999648e-03	-5.588304129999999842e-02	5.975071750999999542e-01	-1.468590277000000111e+00	-8.862400437999999880e-01	-5.063870780000000182e-02	1.120353895999999905e+00	7.476559589000000283e-01	-1.228862413000000042e-01	1.203735784000000031e+00	2.667046148000000172e-01	1.287248363000000007e+00	-1.323886716999999935e+00	-7.274097376999999476e-01	-1.012051434000000028e-01	-1.035199119999999917e+00	-4.220371595999999892e-01	7.589733838000000121e-01	-4.751636519999999919e-01	1.541772627000000118e-01	-1.792534923000000113e-01	5.548758306000000085e-01
1.445775883999999900e+00	-1.292597728000000057e+00	6.500702912000000389e-01	4.447062636999999929e-01	8.267807641000000096e-01	3.785485209000000184e-01	1.029691227999999903e+00	-8.329391775000000164e-02	1.445885560999999875e-01	-5.175939166999999896e-01	1.531637046000000058e-01	2.289621072999999951e-01	-2.473704322999999983e-01	2.723414447999999988e-01	1.493101400000000079e-01	5.012316167000000489e-01	3.559054635000000189e-01	-3.264564858999999819e-01	3.286779993000000233e-01	-1.144806900000000072e+00	-2.923010471999999971e-01	1.114830132000000029e+00	4.708554206000000186e-01	-2.402002943000000057e-01	-3.802077848000000038e-01	-3.304362243999999782e-01	3.556108969999999814e-01	4.254526108999999723e-01	-6.787460762000000480e-01	-5.283044621000000385e-01	-7.985101673000000178e-01	-2.553989772999999963e-01	-6.516533865000000147e-02	-1.843132121999999928e-01	-9.439900733999999349e-02	-3.119630580000000153e-01	4.094834807000000132e-01	-2.508437825000000010e-01	1.684023685999999909e-01	-1.538136554999999905e+00	-5.844156624999999883e-01	-5.959393034000000089e-01	9.293617376999999680e-01	3.866664777000000108e-01	2.357205441999999929e-01	1.231984337999999957e+00	-6.315858262000000056e-02	1.284631363999999998e+00	-1.085842434999999995e+00	-1.110310582000000101e+00	-3.736002328999999955e-01	-9.037290405000000248e-01	-2.931734353000000071e-01	3.276285774000000095e-01	-8.083903441999999995e-01	3.187800934000000197e-01	3.826096264000000136e-01	1.028342059000000086e+00
1.368148010999999942e+00	-1.320894722000000021e+00	2.344521280999999902e-01	3.075871440999999873e-01	7.289340646999999951e-01	5.272300313000000127e-02	1.043182102000000055e+00	-2.850839277999999907e-02	3.209728280999999961e-01	6.873122662000000216e-02	3.493637776999999889e-01	4.338049744999999957e-01	-3.337903418000000011e-01	3.428003314999999995e-01	5.515631761000000521e-01	2.752702331999999918e-01	2.430009395999999933e-01	-8.259399488999999428e-02	4.166315199999999774e-01	-1.012710333000000018e+00	-4.002371822999999940e-01	-5.578955429999999938e-01	9.050094047000000197e-01	-4.452946360999999742e-01	-6.029758300999999987e-01	-3.251782162999999892e-01	4.951390178999999780e-01	1.250609299000000063e-01	-3.789280533000000117e-01	-5.702153849000000108e-01	-6.653073449999999944e-01	3.214344194000000147e-03	-3.523874263999999812e-01	-6.616527684999999881e-01	-2.859008496000000066e-01	1.115331016999999980e-01	-9.023861009000000433e-02	-1.287975030999999881e-01	6.745016923000000109e-01	-1.365445371999999935e+00	-9.525030173999999850e-01	1.211703283000000048e-01	1.061177599999999943e+00	3.043823268999999998e-01	2.655518746000000152e-01	1.067247598000000020e+00	-1.483129941000000118e-01	1.133558327999999893e+00	-1.455671238999999950e+00	-1.078272595000000056e+00	6.928869223000000237e-03	-1.052762849999999917e+00	-3.286669638999999976e-01	8.717063818000000408e-01	-4.643352662999999936e-01	5.412129045000000360e-01	1.010719218000000058e-01	1.021747257999999992e+00
1.485476505000000058e+00	-1.256798335000000044e+00	6.423061775999999723e-01	4.980709469999999861e-01	8.644576510000000491e-01	3.561299110000000212e-01	1.070019059000000050e+00	-2.114485883999999982e-01	7.252199458999999959e-02	-5.757918436000000195e-01	9.898426510999999706e-02	1.938073177000000091e-01	-3.772340453999999954e-01	3.893073611999999795e-01	2.457857008000000065e-01	4.229402992999999888e-01	4.552932325999999863e-01	-6.321200930999999468e-01	5.648990177999999585e-01	-1.030574231999999979e+00	-4.353213960999999799e-01	1.442486439999999925e+00	2.875953406999999795e-01	-1.643744054999999871e-01	-3.196086955999999923e-01	-3.305993392000000086e-01	1.112130949000000035e-01	4.703022154000000010e-01	-6.591791770999999578e-01	-6.146240621999999876e-01	-5.692248353000000094e-01	-2.250845029999999913e-01	1.194636173000000051e-01	-2.021596918999999937e-01	-1.715572106999999902e-01	-4.656029593000000077e-01	5.566234697999999925e-01	-1.439852303999999972e-02	-1.377722190000000013e-01	-1.686859976999999899e+00	-6.133567237999999477e-01	-8.072044664999999952e-01	1.044430211000000108e+00	2.276791459000000045e-02	-1.215606796999999933e-01	1.129270883000000003e+00	-1.499509176000000110e-01	1.277673891999999922e+00	-8.834250590000000125e-01	-2.107851272000000054e-01	-4.305049081000000277e-01	-1.013700873999999974e+00	-6.893108806000000643e-02	1.120275810000000094e+00	-9.287032507000000381e-01	2.163785950000000069e-01	5.561818820999999691e-01	1.292635752000000027e+00
1.440444535999999998e+00	-1.335483608000000100e+00	1.931697749000000075e-01	2.763538911000000264e-01	7.713645863000000436e-01	7.307044164999999813e-02	1.023747533999999959e+00	-1.104945157000000039e-01	4.770690409000000187e-01	2.174557849000000043e-01	2.603777643999999891e-01	6.271920502000000175e-01	-4.434018777000000022e-01	5.366984026000000130e-01	2.053475677999999915e-01	4.192933971000000204e-01	2.791969027000000270e-01	-3.518662231999999945e-02	4.893529093999999802e-01	-1.227803001999999921e+00	-3.992990101000000180e-01	-6.548482370000000552e-01	1.157886168999999965e+00	-5.784840144999999767e-01	-5.836509770000000152e-01	-3.286735674999999857e-01	5.621736322999999480e-01	3.276952195000000234e-01	-4.168039709999999953e-01	-5.602448047000000431e-01	-6.643316317999999887e-01	-1.024140491000000014e-01	-3.559184649000000089e-01	-5.080991108000000311e-01	-4.659483220000000259e-01	-1.029743615999999945e-01	-8.447719050999999424e-02	-3.361356971000000193e-01	8.514978497999999840e-01	-1.408758058999999951e+00	-9.441969260000000475e-01	-3.714299341999999921e-02	8.202505826000000555e-01	-1.479524885000000012e+00	4.781146976000000270e-01	1.169713320000000056e+00	1.713005653999999933e-01	1.170477133999999975e+00	-1.299965645999999975e+00	-1.728110838999999954e-01	-1.761943058000000062e-01	-1.247403057000000093e+00	-4.807455163000000087e-01	6.815023749999999936e-01	-8.463014179000000192e-01	1.113702305999999975e+00	-7.344093105999999899e-03	1.025521781999999993e+00
1.452084517999999935e+00	-1.248378135999999916e+00	7.385002926000000523e-01	5.581226625999999857e-01	8.979221231999999775e-01	4.119593228000000273e-01	1.137195608000000080e+00	-2.417832977999999911e-01	1.721319044000000145e-02	-6.769980327000000297e-01	5.873992556000000309e-02	2.371351053999999903e-01	-3.753852175999999874e-01	4.749516216999999929e-01	4.015417360999999907e-01	4.650887441000000067e-01	5.449001772999999549e-01	-6.800443032999999859e-01	3.185183400000000109e-01	-1.014751111999999900e+00	-4.272597112000000030e-01	1.859428386000000044e+00	3.939110090999999869e-01	-1.238612914000000037e-01	-3.345439104999999858e-01	-2.295192222999999920e-01	1.712956103999999924e-01	6.594728309999999816e-01	-5.172646461000000029e-01	-4.270772291000000109e-01	-6.744557672000000004e-01	-4.343387678000000252e-01	-1.218225700000000050e-01	-2.525124516000000208e-01	-2.190990774000000085e-01	-8.126086972000000352e-02	7.280636315999999830e-01	-2.539121529000000210e-01	-3.795545691999999832e-02	-1.484326124000000080e+00	-5.456768513999999959e-01	-1.039581008999999945e+00	9.061642640999999498e-01	-4.369209240999999966e-01	6.244305424999999632e-01	1.287555752999999914e+00	2.911708269000000127e-01	1.307685723000000078e+00	-9.346603749999999877e-01	6.235314694000000380e-01	-2.083536323000000079e-01	-1.010734271000000017e+00	1.308229411000000064e-01	1.151231627000000035e+00	-1.096032286000000022e+00	7.728010531000000238e-01	1.160667960999999915e+00	1.191151129000000086e+00
1.457778302999999998e+00	-1.275346880000000072e+00	6.066967991999999699e-02	2.686544895999999905e-01	7.405956840999999846e-01	1.816806986000000027e-02	1.070319124999999927e+00	-1.140354041000000013e-01	5.380018219000000101e-01	3.139536064999999820e-01	2.488876802999999971e-01	7.739971203000000077e-01	-4.689871822000000190e-01	6.104474967999999890e-01	4.026759294999999739e-01	3.014194658000000082e-01	4.584541319000000059e-01	-6.578296525000000561e-02	7.344711945999999880e-01	-1.053611053000000020e+00	-4.231144251000000245e-01	-9.788909690000000552e-01	9.929792655000000412e-01	-7.227498397999999602e-01	-5.365078718000000357e-01	-2.971570661999999863e-01	6.555758592000000551e-01	3.854944981000000270e-01	-2.132497804000000052e-01	-4.912948836000000097e-01	-4.538942550000000242e-01	-3.362014842000000253e-02	-3.411950074999999805e-01	-4.905954147000000098e-01	-3.051226973000000231e-01	3.018820322999999917e-01	1.813280587000000096e-02	-1.979702355999999885e-01	7.461738679999999624e-01	-1.539392829999999934e+00	-9.829756792999999604e-01	2.354985075999999899e-01	9.855817904000000462e-01	-1.145494994999999960e+00	6.105967530000000476e-01	1.051146254000000058e+00	2.334570760000000134e-01	1.417427205000000079e+00	-1.162483643999999927e+00	1.205352433000000056e+00	-3.481774482000000309e-02	-1.298784130000000037e+00	-2.207508990000000004e-01	4.476494134999999819e-01	-5.368576077000000168e-01	1.272653821000000018e+00	2.775144218000000218e-01	4.693483737999999961e-01
1.535984886999999910e+00	-1.219547745000000072e+00	8.291154402999999506e-01	5.431888159000000105e-01	9.381907536000000380e-01	5.180030528000000301e-01	1.075829026999999938e+00	-2.400885761000000063e-01	1.021192863999999950e-02	-8.399035286999999572e-01	1.852404275000000058e-02	1.905944605999999875e-01	-3.659240885000000221e-01	6.767798256000000512e-01	1.239060397999999959e-02	6.542893000999999709e-01	5.920126846000000054e-01	-5.084152161999999642e-01	4.092866144000000261e-01	-1.114944952000000100e+00	-4.365955570000000230e-01	2.207183313999999896e+00	1.751200733000000120e-01	-2.624388562000000147e-01	-3.199064372000000045e-01	-2.336438144999999911e-01	3.606237641999999743e-01	7.757913278000000412e-01	-6.922327245999999601e-01	-3.651243071999999978e-01	-7.999651434000000227e-01	-4.031688695999999794e-01	9.093452285000000468e-02	-2.648124542999999963e-03	1.908644915999999914e-01	-2.268967528999999983e-01	9.556681579000000371e-01	-2.222728451000000049e-01	-3.460057631999999828e-01	-1.665343347999999946e+00	-3.849067290000000030e-01	-1.274225026999999955e+00	9.415512172000000124e-01	-2.173492897000000035e-01	8.580163123999999808e-01	1.250062953999999893e+00	-6.728115721999999854e-02	1.574833055999999898e+00	-6.269459387000000383e-01	1.855938096999999898e+00	-2.847892870000000021e-01	-1.098617831000000100e+00	2.568581853999999942e-01	9.991539513000000095e-02	-9.318365034000000158e-01	8.093054888999999807e-01	1.604162993999999953e+00	-8.471637715999999485e-02
1.345107712999999983e+00	-1.303430174000000052e+00	-6.232461420999999696e-02	1.974109022999999963e-01	7.182718571999999746e-01	-1.002811583000000062e-01	1.085759375000000082e+00	-8.254161311999999584e-02	6.377125300000000552e-01	5.407925077999999885e-01	3.161788179000000198e-01	8.735935173000000109e-01	-4.603760780999999747e-01	7.508818324999999572e-01	6.480843853000000099e-01	2.086936037000000077e-01	3.959684515999999932e-01	4.125660345999999923e-02	6.671390172000000174e-01	-9.959010741999999583e-01	-3.951806660000000138e-01	-1.757815823000000055e+00	1.002074786000000106e+00	-8.533088290000000464e-01	-6.010702878000000471e-01	-2.335007068999999935e-01	9.810500108999999913e-01	2.337362984999999949e-01	-4.183385232000000342e-02	-3.064844710999999888e-01	-5.757553575999999618e-01	1.074420180999999946e-01	-5.587180926999999464e-01	-6.329655065999999497e-01	4.516847143000000259e-02	5.828311656000000340e-01	-1.991648042999999979e-01	-1.178895130999999957e-01	1.135632911999999939e+00	-1.325967753000000027e+00	-1.048852536000000057e+00	9.550720588000000122e-01	1.107726964999999897e+00	-1.132800725000000064e+00	6.317751415000000259e-01	8.940395558000000520e-01	-4.032339748000000057e-01	1.450111670000000075e+00	-1.255723165000000030e+00	1.445172139000000078e+00	2.478133292999999959e-01	-1.478494627999999977e+00	-3.164068346999999726e-01	7.127478317000000008e-01	-2.087358958999999958e-01	1.537005650000000001e+00	2.399335894999999885e-01	4.033362723000000205e-02
1.535702515999999962e+00	-1.138906737999999974e+00	1.082916038000000025e+00	5.946486215999999825e-01	9.289896560000000525e-01	5.804258253999999839e-01	1.082001760999999895e+00	-2.523219747000000068e-01	-2.788398615000000080e-01	-1.363521825000000076e+00	-9.963828292000000142e-02	-5.836081542000000344e-02	-3.613266175000000024e-01	5.770236126000000132e-01	-5.075594672000000029e-02	7.744507564999999483e-01	7.479850850999999468e-01	-7.508353693999999523e-01	4.354084765999999829e-01	-1.047382209000000008e+00	-4.956997852000000204e-01	3.320812829999999938e+00	-3.916680278999999931e-01	-5.202437507999999738e-02	-3.267693623999999852e-01	-9.200935030000000070e-02	2.711433851999999756e-01	6.122773557999999783e-01	-9.346492449000000091e-01	-2.433607100999999884e-01	-8.133751506999999936e-01	-4.221947578999999950e-01	4.483175781000000026e-01	5.109407998999999923e-02	5.237646642000000075e-01	-4.845583866000000017e-01	1.382158865000000070e+00	-8.170261356999999891e-02	-1.130372877000000109e+00	-1.911502057999999948e+00	-3.018584395000000198e-01	-1.811575721000000083e+00	1.016414664000000023e+00	1.184801046000000024e+00	5.257648917999999671e-01	1.191585675000000011e+00	-6.111433652000000105e-01	1.547610616999999911e+00	-3.340698604999999821e-01	2.247810304000000148e+00	-2.813304912999999852e-01	-1.006769279000000017e+00	5.347291620999999884e-01	-5.015126433000000050e-01	-7.831353735999999621e-01	5.354487966000000265e-02	1.898556348000000060e+00	-5.647700405000000146e-01
8.947725157999999457e-01	-1.362503306000000025e+00	-5.482272917999999606e-01	8.063445078000000543e-02	5.460214920999999499e-01	-4.038031315999999760e-01	9.431240898999999622e-01	3.333931034999999821e-02	1.033956698999999979e+00	1.336304571000000108e+00	6.485023806999999918e-01	1.208957335000000022e+00	-5.230724072000000335e-01	7.113770543999999862e-01	6.406151315000000457e-01	-6.064907769999999809e-02	4.754727952999999729e-01	9.588476632000000333e-01	6.042039090999999917e-01	-1.024488214000000008e+00	-4.258880668999999730e-01	-4.366680330000000332e+00	1.705276522999999989e+00	-1.364585557000000060e+00	-4.527501353999999756e-01	-4.880869645000000118e-02	1.326581291999999968e+00	3.154830485999999823e-01	-2.072371024000000117e-01	-3.092245962999999875e-01	-5.569312916999999974e-01	3.375114665999999763e-01	-8.473885227999999881e-01	-6.160052012000000188e-01	-7.695577563000000065e-01	8.414399555999999558e-01	-9.314406492000000259e-01	-5.749432894999999544e-01	2.428110103999999936e+00	-7.554061879000000257e-01	-1.066205537000000092e+00	2.994476447999999902e+00	5.325939140000000016e-01	-6.403219197999999723e-01	7.224484548999999811e-01	2.632153557999999949e-01	-8.202561272999999709e-01	5.552648650999999491e-01	-1.564280576000000034e+00	5.944551053000000085e-01	3.623332230999999903e-01	-1.555507843000000001e+00	-8.970587544000000468e-01	-1.452570721999999925e+00	1.599503877000000074e+00	1.981735240999999981e+00	-6.133585002000000452e-01	-1.206918480999999987e+00
-2.161338612000000214e+00	-1.563666646000000104e-01	-1.899497755000000065e+00	-4.527539552000000023e-01	-4.261452251999999774e+00	-1.746370715999999934e+00	-8.860039470999999667e-01	-1.696853559000000011e+00	-3.924965418000000206e+00	-3.022558935000000169e+00	9.423020262000000313e-01	-4.146463950000000231e+00	1.954278984000000108e+00	-2.298303220000000202e+00	-5.629867400000000188e+00	-1.198397853999999985e+00	-1.308709633999999955e+00	-1.758662098999999923e+00	-4.949578349000000266e+00	1.592444004999999940e+00	4.786245981999999621e+00	6.568389018000000412e+00	-2.756380721000000200e+00	-3.062612633999999834e-01	2.142898286999999957e+00	2.062067544000000030e+00	-2.494393189999999816e+00	-2.599029471999999785e+00	-2.366759827000000094e+00	8.862127670999999651e-01	1.054475111000000020e-01	1.981405980999999983e+00	-2.332377452999999934e-01	-1.029470281000000043e-01	2.057498615000000086e+00	-7.016571031999999652e-01	-1.519751853000000041e+00	9.676256936999999780e+00	-3.142797568999999847e+00	-2.769437049999999845e-01	8.343005768000000266e-01	-6.285576292000000009e+00	2.671582036000000215e+00	2.483864384999999952e+00	-3.067458370999999739e-01	2.050347930000000041e+00	-3.780183577999999933e+00	1.555889123999999901e+00	3.154912967000000013e+00	3.207199956000000185e+00	2.383327771999999900e+00	6.426827268999999454e-01	-1.714738281999999892e+00	-1.357582255999999932e+00	-7.759379233999999848e+00	-1.937435468999999966e+00	2.084790829000000123e+00	7.331407751999999833e-01
-2.200779348000000191e+00	2.223442115000000108e+00	-5.362991544999999860e+00	-1.763022426999999936e+01	-7.968616165000000251e+00	-1.482567967000000042e+00	-2.578801079999999857e+00	-6.470201602999999801e-01	-2.839286154999999923e+00	-3.524200366000000084e+00	-1.445716304000000063e+00	-1.874836184000000072e+00	-8.700816071000000429e-01	5.059880555000000335e-01	-7.051013191000000013e+00	-5.746864648999999936e+00	3.582628944999999843e-01	-3.572654177999999847e-01	-5.142739493999999745e+00	1.606627240999999984e+00	4.205938350999999936e-02	-7.647306105000000187e+00	5.454963311999999620e-01	3.148866646000000102e+00	2.989345932999999955e-01	6.644219539999999924e+00	3.745247475999999853e-01	-3.914649349999999917e+00	1.951611991000000046e+00	1.009965077000000022e+01	-2.703480596999999902e-02	5.069860349999999904e+00	-2.471579628000000195e+00	4.484129324000000194e-01	-3.820762778999999831e+00	8.122030042000000449e+00	2.931518717999999968e+00	2.443296516999999834e+00	-6.493689408999999912e+00	6.492719518000000356e+00	1.431634552000000005e+00	-9.017731888000000140e-01	-4.866268176999999917e-01	-3.783126923000000197e+00	-4.211355028999999917e+00	-1.637056726999999989e-01	7.387887886999999765e-01	-3.404610841999999860e+00	3.739892472000000190e+00	-1.201279318999999957e+00	3.049498064999999869e+00	3.130629370999999939e+00	-4.277270664999999639e+00	-3.864001072999999842e+00	5.375392866000000547e-01	-2.792802132999999909e+00	-2.576997910999999863e+00	-6.632645471000000459e-01
-1.443874413999999939e+00	4.328856261999999844e-01	-9.442775558999999319e+00	-2.255216840000000111e+00	-7.109170845000000405e+00	1.526069431999999892e+00	-1.532097505000000082e+00	-3.198402875000000201e+00	-4.526945429999999604e+00	-2.757701010000000036e-02	-5.052336679999999802e+00	-3.447137546999999858e-01	-2.298096534999999996e+00	-7.079733116999999964e+00	-1.704848818000000099e+00	-1.451414660999999917e+01	-2.252855804000000184e+00	6.014637267000000342e+00	-5.826924002000000158e+00	3.565856918000000153e+00	-2.529440136999999922e+00	-6.436233257000000263e-01	1.441049307999999973e+00	-2.106495059999999864e+00	-3.121325968999999922e+00	-1.778187093999999968e-01	-1.394024253000000074e-02	-9.950945944000000765e+00	2.252176522000000070e+00	-1.802134490999999894e+00	3.414193596000000053e+00	1.001693697999999966e+00	5.414136420000000172e+00	-4.232858430000000283e+00	1.635372733999999939e+00	-8.582377786999999536e-01	-2.022311215999999856e+00	-3.745373331000000139e+00	3.928559524999999830e+00	-2.769659206000000262e-01	-2.445709971999999954e+00	5.702324965999999717e-01	2.643276288000000029e+00	-9.454363602999999242e-03	9.386786451999999947e-01	1.157805151999999893e+00	-6.696264111999999713e+00	4.843288084999999854e-01	2.901390451999999787e+00	-7.762727163999999513e-01	3.412028515999999900e+00	-3.628923043999999987e+00	1.351411216000000026e+00	-2.331146884999999891e+00	5.418076682999999782e+00	-9.222460000999999963e+00	5.326830866999999969e+00	-4.256360671999999568e+00
-1.750176619000000100e+00	6.836085009000000268e-01	-1.468349506000000027e+00	3.531550291999999924e+00	-2.195668272999999893e+00	2.674883051000000123e+00	-8.715341464000000427e-01	1.528294685000000097e+00	-6.575809985000000246e+00	-1.646345662999999959e+00	1.020468778000000043e+01	-8.902986478000000092e-01	-1.761847761999999970e-02	1.084505140000000090e+00	8.503803567000000063e-01	-3.370128828999999993e+00	3.765825696999999916e+00	-8.450924703000000093e-01	-2.351636189999999793e+00	2.471496988000000172e+00	-4.483719009000000089e-01	4.740741865000000388e+00	3.928657316999999871e+00	-2.919691879000000156e+00	-1.465299267000000016e+00	1.774857998999999964e+00	-7.355813480000000126e+00	5.530939035999999920e-01	-3.172665230999999891e-02	2.737436894000000009e+00	4.536906887999999860e+00	-1.316231009000000007e+00	4.200997760999999997e+00	1.457146461000000004e+00	-1.078019346000000045e+00	1.991929134000000046e-01	1.903599891999999960e-01	-3.676060042000000028e+00	-2.751941385000000184e-01	1.176889469000000021e+00	2.249882355000000000e+00	-2.493665084999999948e+00	7.611472241000000194e-01	9.329305861000000144e-01	-1.231101629000000086e+00	5.054512293999999795e-01	-1.177213658999999968e+00	1.073147609000000058e+00	1.306802065000000068e+00	-9.621554834000000112e-01	-1.690001563999999901e+00	-2.153000459999999894e+00	-3.697488187999999898e-01	-2.046327982999999850e+00	4.142368864999999900e+00	1.509194563999999961e+00	-6.437006541999999998e-01	2.310486719000000022e+00
-1.414134360999999895e+00	9.249510614000000519e-01	-3.560751348000000260e-01	2.621812373999999890e-01	-2.028078867000000063e+00	1.114577310999999904e+00	-1.525699721000000064e+00	9.136423220999999595e-01	-3.975975888000000125e-01	1.630236621000000108e+00	-9.485364281000000508e-01	3.479634674000000039e-01	4.629326007999999826e-01	3.199450965999999785e-01	-6.806581744999999906e-01	-2.508274544999999911e+00	-3.651143809999999879e-01	1.126716178999999984e+00	2.302537591000000106e-01	1.077291929000000037e+00	5.106651867999999483e-01	-6.123959925000000304e+00	3.492142949000000218e+00	-8.556085585999999577e-01	5.771808882000000196e-01	4.873118188000000184e-01	-1.128735292000000001e+00	-1.243680312000000066e-01	3.759152575000000024e-02	2.373829961999999849e+00	1.668192904000000087e+00	1.009610463000000014e+00	-5.846368347000000520e-01	4.873179997000000041e-01	7.254783545999999861e-01	-4.475603973000000235e-02	1.691674136000000050e+00	-1.032220482000000050e+00	-6.012903742999999857e-01	1.571537559999999889e+00	-5.050347975000000211e-01	9.336797901000000177e-01	-1.110578480999999895e+00	3.080238713000000086e-02	6.352644235000000084e-01	7.780647822999999796e-01	-6.160822277999999930e-01	1.040565807999999981e+00	1.227428883999999998e-01	-1.590109165999999963e+00	1.296400417999999943e+00	6.350372018000000063e-01	1.177098661999999907e+00	-3.003491523999999857e-01	1.702068756999999932e+00	3.778495559000000226e-01	-6.309114549000000016e-01	5.408970161999999693e-01
-1.407991658999999895e+00	3.732393540999999759e-01	-4.613957658000000100e-02	6.916614093999999824e-01	-1.773236613999999989e+00	5.355456098999999970e-01	-1.082227794000000021e+00	8.144247085000000386e-01	-2.163425653000000004e+00	-1.380829952000000027e+00	2.108779549999999947e+00	-1.228624828000000058e+00	1.103834049999999900e+00	5.847384165000000245e-01	-2.981456121000000126e-01	-6.041793153000000194e-01	8.499430569999999463e-01	-8.773318726000000067e-01	-1.292936390999999997e-02	9.009272635999999723e-01	3.920623285000000013e-01	2.665592006999999874e+00	1.613642902000000101e-01	-4.139934759000000186e-01	6.005106224999999798e-01	-6.301448277000000209e-01	-1.361813708999999983e+00	5.694831654999999992e-01	-3.512878225000000132e-01	7.751476846999999504e-01	1.221361139000000096e+00	3.829838955000000045e-01	6.100057690000000310e-01	1.174608010999999896e+00	3.336077446999999863e-01	5.956150635000000415e-01	8.577220733000000541e-01	-1.035297574000000109e+00	-1.611508603000000095e+00	1.355795099000000059e-01	9.961242188000000164e-01	7.105162495000000300e-02	-5.425072942999999981e-01	-7.074852402000000318e-01	2.112753373999999962e+00	1.155830737999999913e+00	-1.418231484999999958e-01	7.300703847999999718e-01	5.923328621000000238e-01	6.844591084000000158e-01	-5.656951339000000356e-01	7.213939312999999576e-01	1.806383085000000110e-01	-7.439342198999999711e-01	1.170343595000000070e+00	3.786879290999999870e-01	-7.351757455999999857e-01	1.074008411000000107e+00
-1.724631430999999937e+00	1.207994463999999962e-02	3.836163039000000108e-01	4.385399442999999842e-01	-1.936497751000000100e+00	5.463147090000000095e-01	-9.852699901999999454e-01	7.383618841000000321e-01	-9.298399695999999548e-02	-4.351850144000000142e-01	-5.094439225000000349e-01	-7.883844888000000051e-01	6.896180495999999494e-01	-2.897553695999999790e-01	3.151808922000000068e-01	-1.253546900999999991e+00	1.421108406000000102e-01	-1.136684942000000031e+00	1.617490762999999943e+00	5.603839981999999553e-01	5.156960040000000411e-01	-2.200829720000000211e+00	-1.421487715000000041e+00	4.816408241999999840e-01	7.784135667999999564e-01	-3.756767279000000070e-01	3.223450972999999942e-01	-1.037375407999999999e-01	7.110032724999999498e-01	9.672661516999999654e-01	-1.890939034000000130e-01	6.768782157999999605e-01	-1.972960237999999977e-01	3.646039611999999930e-01	1.378169543000000052e+00	1.707467163000000010e+00	3.778010265000000256e-01	-5.475242519999999891e-01	-2.525278161000000132e+00	1.606494649000000052e+00	1.896894432000000019e-01	-6.313945407000000065e-01	-7.332936142000000546e-01	1.887636994999999929e-01	2.069604530999999970e+00	1.768401298999999982e+00	-5.915905541999999517e-01	-2.590525134000000174e-01	-5.367989709999999581e-01	1.378534484000000004e+00	1.929780555000000009e+00	8.307303052000000188e-01	1.916161124999999910e+00	-1.439815493000000002e+00	-2.207857950999999874e-01	-5.642776562000000329e-01	-9.772039117999999913e-01	1.217283452999999988e-01
-1.463939536999999902e+00	1.170472290999999970e-01	3.163404980000000255e-01	5.489031398999999478e-01	-1.570724247000000018e+00	5.941331387999999603e-01	-1.059269197999999967e+00	5.633415971999999883e-01	-1.369696908000000102e+00	-1.909417480999999972e+00	1.277994939000000052e+00	-9.053946942999999692e-01	1.013633427000000031e+00	1.108513832999999948e-01	-1.192183188000000005e-01	-7.027951665999999653e-01	5.517158450000000380e-01	-1.400234326000000085e+00	6.562455464999999988e-01	7.773730177000000019e-01	5.960212919999999803e-01	1.941029381999999970e+00	-9.113271599000000167e-01	7.591852745999999597e-01	4.968455261999999983e-01	-1.237702131000000039e+00	-6.884073635999999885e-01	2.506433680999999858e-01	2.571374834999999859e-01	3.064767055000000018e-01	6.099809254000000402e-01	-1.413138090999999964e-02	1.429711192999999936e+00	9.615473045000000329e-01	1.667545360999999948e+00	1.795332476000000010e-01	1.723443170999999996e+00	-6.962611134999999729e-01	-1.628172108000000007e+00	8.375141329999999940e-01	9.049216351000000103e-01	-8.651643516000000200e-02	-2.113688571000000085e-02	4.323729275000000039e-01	1.609008395999999896e+00	1.131542478999999934e+00	-2.682349883000000046e-02	-1.049467956999999979e-01	3.436748363000000084e-01	1.186626308999999962e-01	-8.644475312999999606e-01	5.201030904000000232e-01	-7.020762297999999513e-01	-1.080142379000000041e-01	1.001271612000000033e+00	1.163445033999999934e-01	-1.420629496999999963e+00	1.633327958999999940e-01
-1.551620685999999916e+00	-8.263769170000000858e-03	1.417411074000000104e-01	2.533852222999999904e-01	-1.951176758999999983e+00	6.985402440000000324e-01	-1.250044120999999953e+00	9.804973235999999703e-01	-1.183938308999999967e-01	-9.643764485000000386e-02	-3.567874824000000222e-01	-5.105556572999999654e-01	9.382188135000000262e-01	-9.191800341000000429e-02	4.147443821999999974e-02	-1.095246887000000058e+00	1.609257307999999997e-01	-5.255781169000000030e-01	7.746689682999999826e-01	7.361695225000000065e-01	4.610426282000000264e-01	-1.741756642999999993e+00	-7.000035350999999836e-03	1.181190252999999996e-01	6.829525478000000316e-01	-6.858748507999999910e-01	8.950414628000000206e-02	9.418806038999999464e-02	5.513686361999999841e-01	7.234552886999999766e-01	4.878270049000000275e-01	6.424102060999999919e-01	-9.733861293999999942e-02	7.061874112999999564e-01	1.700147663000000087e+00	6.620743951999999988e-01	1.273694769000000004e+00	-7.339468580000000353e-01	-1.473779232999999911e+00	1.386860412000000098e+00	3.895966684000000124e-01	1.120827025999999949e+00	-3.983925569999999805e-01	-9.476247693999999555e-01	1.016021816999999938e+00	1.045223033999999940e+00	1.759513159000000021e-02	-1.713697440999999988e-01	1.447843141000000056e-01	1.231422491999999980e-01	3.051500882000000026e-01	8.392258165999999520e-01	8.417355697999999720e-01	1.541818758000000067e-01	6.665701599000000144e-01	-2.077214864999999966e-01	-1.511838744000000068e+00	4.716950199000000121e-02
-1.476122554999999892e+00	1.402485583999999938e-02	1.451531199999999966e-01	5.284378992999999580e-01	-1.830218361000000016e+00	6.082351930999999601e-01	-1.116960289000000106e+00	7.347887186999999543e-01	-1.497791609000000079e+00	-1.107613457000000023e+00	1.027180524000000039e+00	-1.306565726999999955e+00	9.100846428000000099e-01	-2.723360481000000055e-01	1.479701589999999900e-01	-9.049322853000000277e-01	4.436950048000000146e-01	-1.151600705999999974e+00	5.745728225999999772e-01	8.704784767000000034e-01	4.412596257999999994e-01	1.586866523999999945e+00	-8.928692207999999741e-01	-1.376286661000000050e-02	6.987468340000000389e-01	-8.176599400999999823e-01	-3.451618558999999808e-01	1.598732539000000119e-01	4.196916168000000003e-01	3.321435815000000069e-01	7.903910920000000173e-01	3.723565951000000207e-01	5.200057318999999900e-01	8.880610104999999699e-01	1.416375090000000059e+00	5.483043435000000132e-01	1.047399382000000045e+00	-4.508214144000000090e-01	-1.440554866000000045e+00	8.341197395999999653e-01	9.916888914000000499e-01	3.405463686999999906e-01	-1.721533844999999924e-02	3.621198198000000201e-01	3.130347019999999980e-01	1.105877416000000002e+00	1.563178053000000012e-01	1.654849599000000060e-01	4.373261614999999769e-01	1.441768678000000081e+00	-3.832089168999999740e-01	7.614192123999999895e-01	3.646849078000000133e-01	2.566950116000000226e-01	1.366119083999999928e+00	-7.577342374000000103e-01	-1.743435376999999953e+00	-5.821753550999999582e-01
-1.392764308999999923e+00	1.124735082999999969e-01	1.139525386999999945e-01	2.081880667000000074e-01	-1.834392843000000051e+00	6.239783562999999811e-01	-1.447466233999999963e+00	1.146657988999999933e+00	-3.949052800999999779e-02	-4.289048510000000036e-02	-2.033911569000000086e-01	-7.011872554000000424e-01	9.436159428000000515e-01	-3.871753636999999970e-01	-6.934008685999999699e-02	-1.317884637999999997e+00	-2.437874787000000043e-01	-7.593006464999999539e-01	8.985264077000000293e-01	6.710417731000000163e-01	4.450679312999999970e-01	-1.553512197000000095e+00	-4.064103090000000251e-01	1.568299699000000047e-01	4.217880593000000178e-01	-7.673152750999999716e-01	3.986522272999999950e-01	-8.472736257000000604e-02	5.625807892999999948e-01	6.714257783999999507e-01	5.261299931999999790e-01	6.514521609000000213e-01	1.113307864999999938e-02	6.416826556000000403e-01	1.415634263000000059e+00	1.214528129999999963e-02	1.224729141999999937e+00	-7.160597131999999476e-01	-1.447450558999999970e+00	1.029578244999999947e+00	5.142629371000000393e-01	9.652098743000000480e-01	-4.844579336000000014e-01	1.044628338000000101e+00	-6.048401798000000440e-01	8.222316467000000406e-01	-3.015669157000000142e-02	-2.846416075000000045e-01	5.412153880000000056e-02	4.565348095999999800e-01	3.926513641000000110e-01	1.007559958999999949e+00	1.112781132000000062e+00	-7.711412548999999617e-01	9.327447272000000122e-01	-8.741908537000000479e-01	-2.132972161000000089e+00	-1.563600019999999979e+00
-1.425278048000000020e+00	-3.181705650999999690e-02	6.495973727999999892e-02	5.597365211999999479e-01	-1.836904620000000099e+00	5.297861295000000359e-01	-1.242397283000000074e+00	6.906054580999999581e-01	-1.490882682999999931e+00	-8.144798171999999559e-01	8.230652220999999935e-01	-1.301288411999999894e+00	7.527629196999999772e-01	-5.033492581999999826e-01	-2.083250781999999857e-02	-1.035477476999999924e+00	-4.759221414999999927e-02	-8.221365475999999894e-01	2.918931231999999931e-01	7.226947764000000163e-01	3.536346832999999745e-01	9.950809673999999605e-01	-1.609462087999999902e-01	2.161701951999999982e-01	5.102559973000000415e-01	-7.913934519999999972e-01	-1.608000291999999998e-01	2.985923644999999849e-01	3.460227141000000173e-01	4.488917819000000087e-01	7.415448164000000286e-01	2.372115854000000079e-01	6.113517644999999501e-01	4.626379561999999779e-01	8.949401763000000010e-01	2.250235811999999891e-01	7.263187934999999484e-01	-7.320696869999999690e-01	-1.045418616999999939e+00	8.812011171000000420e-01	8.578669406000000164e-01	5.225377169999999988e-02	-2.919064198999999915e-01	6.404515434999999979e-01	-4.301316285999999822e-01	1.273759732000000033e+00	3.661538782000000047e-01	-3.468132840000000272e-02	-6.334232355999999675e-02	-1.103426599000000063e+00	-3.017874287999999794e-01	6.844022728999999972e-01	1.863699977000000119e-01	6.709346260999999867e-01	6.955697701999999927e-01	-4.684892760000000100e-01	-2.307953448000000130e+00	-5.385283382000000119e-01
-1.515520801000000084e+00	-2.637458059000000166e-05	1.758690317000000114e-01	3.840827146999999941e-01	-1.973841940000000017e+00	5.678231221999999745e-01	-1.382969644000000109e+00	1.365251124999999899e+00	4.363618541000000017e-02	-1.528666727000000114e-01	-8.755783613999999770e-02	-5.683964570999999744e-01	1.142339363999999913e+00	-5.975261436000000037e-01	2.306289360000000066e-01	-1.514259315999999966e+00	-2.456764254999999897e-01	-9.608993581000000450e-01	9.144375394000000545e-01	9.175135957000000175e-01	7.456678992999999922e-01	-1.225759550000000031e+00	-5.023370071999999631e-01	4.060574817000000003e-01	7.050614357000000165e-01	-7.923430788999999974e-01	-4.634103889999999920e-02	7.932343209999999367e-02	5.737912110999999760e-01	4.005080757000000213e-01	6.617791390999999690e-01	7.678158964000000308e-01	-3.796621225999999849e-01	1.225910880000000036e+00	4.862298954000000006e-01	5.619710066999999976e-01	1.598881902000000022e+00	-7.884351343000000067e-01	-1.731253949000000070e+00	1.206966074000000111e+00	9.727236410999999805e-01	6.355156469999999613e-01	-4.800845758000000241e-01	-4.460080129999999810e-01	-8.991649379999999692e-01	6.313801332999999794e-01	3.703516298000000262e-01	-4.999900192999999771e-01	6.072684487999999853e-02	3.767703197000000226e-01	2.486509987999999949e-01	9.182683843000000179e-01	1.245532598000000046e+00	3.764070640000000134e-01	4.082470102999999906e-01	-8.518985262999999586e-01	-2.031121130999999913e+00	-1.514825603999999937e-01
-1.317472798999999917e+00	-2.783098520999999770e-01	-6.314912543999999794e-01	5.626279436000000134e-01	-1.500492166999999988e+00	3.215338393000000128e-01	-1.131170857999999946e+00	-2.537414119999999995e-01	-1.916870367000000019e+00	-5.148578443000000338e-01	5.864440401999999608e-01	-1.358285621000000054e+00	-5.158533722000000488e-01	-9.008354957999999968e-01	-2.883213439000000267e-01	-7.253915101000000254e-01	-3.451622046000000221e-01	-2.638642337000000060e-01	-1.703652059000000107e-01	6.088263253000000264e-01	-5.100317541000000121e-01	9.769191422999999874e-01	-6.271411412999999824e-02	3.289631170999999799e-01	2.738910267999999926e-01	-3.722159494999999763e-01	3.991840681000000113e-01	4.077916516999999796e-01	1.940664720999999981e-01	2.339691687000000075e-01	7.066762635000000126e-01	-1.619998584000000019e-01	7.620278085999999673e-01	-1.057735518999999957e+00	2.569359239999999961e-02	8.666469485000000139e-01	3.051303223999999870e-01	-1.277583987000000088e+00	-3.434355438000000205e-01	1.103127192999999950e+00	1.321308415999999930e-01	8.361171520000000301e-01	-2.312855095999999944e-01	2.629387579999999947e-01	-1.767011045999999919e-01	1.202942796999999953e+00	3.333820244999999849e-01	-1.725436937000000004e-01	-1.652173184999999878e-01	7.305053017000000537e-01	1.112706784000000032e-01	7.456166273000000011e-01	1.147817722999999956e+00	-1.565870896999999928e+00	1.173790086999999982e+00	-2.489280003999999880e-01	-2.475847412999999886e+00	-1.887682722999999951e+00
-7.017622631000000055e-01	-1.304874539000000055e+00	-9.955483446999999764e-01	1.510854115000000109e+00	3.409932484000000041e-01	4.133141214000000119e-01	-3.586300039999999745e-02	1.006626883000000028e+00	-9.257277404000000542e-01	-1.512675508999999918e+00	1.034866537999999947e+00	3.377494294999999758e-01	-2.761371152000000162e+00	-1.307114746999999966e+00	1.631702573999999906e-01	-4.298242018999999803e-01	1.131618204000000016e+00	-9.110017893999999838e-01	-2.923916710000000196e-01	-1.220919374000000029e-01	-5.517588219000000294e-01	-1.250229256999999983e+00	-2.560210429000000065e+00	1.337872130999999909e+00	-4.437065318999999786e-01	1.085002717999999922e+00	9.221279491999999633e-01	4.965284232000000131e-01	-1.005163122999999992e+00	1.166867293999999999e+00	-1.359323789000000116e-01	-1.599977304999999905e+00	-3.646000380000000152e-01	-1.890257926999999949e+00	2.926264959000000054e-01	2.543697270000000010e+00	-1.769902075000000075e+00	-3.510453903000000153e+00	-3.239990891000000151e+00	4.244120654999999909e-01	4.146054102000000241e-01	-7.778813044000000287e-01	-1.725385536000000108e+00	1.392962070999999913e+00	6.302405735999999647e-01	1.387318068999999987e+00	-1.188314993000000042e-01	-8.401978956000000220e-01	-1.686189841999999883e-01	7.672636937000000268e-01	2.784882753999999849e+00	2.108581107999999982e-01	1.764622721999999921e+00	-1.687852829000000110e+00	-1.407883806000000071e+00	-2.990576189999999968e-01	-3.152406662000000193e-01	-1.141529312000000074e+00
-1.196708150999999942e+00	-2.473082216999999972e-01	1.907611181999999961e-01	8.096133478000000494e-01	-5.431426282000000327e-01	1.480278116999999893e+00	-4.776660497999999921e-01	-1.093734496000000056e-01	-2.356903452000000065e+00	-1.551103461000000072e+00	8.637190902000000392e-01	-7.734719732999999486e-01	-1.293194235999999941e+00	-8.884769148000000172e-01	2.381023435000000077e-01	-1.210786356999999924e+00	5.247239564000000245e-01	-3.847338650000000082e-01	5.519526635999999487e-01	1.141057132999999890e+00	-3.179189863999999921e-01	8.040444851000000392e-01	-1.491023277999999896e+00	1.256488014000000097e+00	-6.997613133000000207e-01	-6.853106232000000242e-01	-8.434706597000000139e-01	1.908542722999999885e-01	-1.108129847000000057e+00	-5.767704298000000396e-01	7.993639641999999990e-01	-1.425659881000000073e+00	-1.013513692999999938e+00	6.576022457000000321e-01	-3.047953930999999783e-01	-3.955151289000000125e-01	7.459800426999999567e-01	9.426243246000000076e-01	-1.174428970999999988e+00	1.149819699000000028e+00	1.509220945999999897e+00	-4.246253249999999646e+00	2.162109044999999785e+00	1.513663049000000038e+00	5.273270816999999777e-01	5.767285635000000132e-01	-2.010417304000000072e-01	2.445074647000000212e+00	7.961505192000000175e-01	1.403734231999999915e+00	-4.889475146000000216e-01	-1.411707081000000086e+00	-3.121904193000000216e-01	-2.341871752999999945e-01	8.644356796999999593e-02	-1.474431830000000110e+00	-1.057566004999999976e+00	-1.883691111000000085e+00
-1.256878654999999956e+00	1.195491305000000004e+00	5.668245003999999865e-01	-5.508327823999999984e-01	-1.769087735000000050e+00	-2.714162278999999955e+00	-1.501521115999999934e+00	-5.762712085999999873e-02	-4.752617171999999890e+00	-2.394606914000000142e+00	-5.983362151000000129e-01	1.099526248000000095e+00	-8.214575678999999631e-02	8.891339266000000685e-02	-3.438364930999999736e-01	-1.354933721000000091e+00	-2.255751270999999836e+00	9.016561611000000198e-01	-9.126997362000000003e-02	6.395324331000000473e-02	-6.895125345999999489e-01	8.600820342999999646e-01	2.311944157000000111e+00	-1.708664048000000171e-02	-1.608438715999999991e+00	-1.190008375999999979e+00	-1.570126635000000048e+00	-1.146622183999999933e+00	2.983276912999999753e-01	3.889300359999999790e-01	5.718582345999999594e-01	-7.320718022000000103e-01	2.459183004999999866e+00	1.264207427999999966e+00	2.026719782999999997e-01	8.819707623000000440e-01	9.917584061999999978e-01	1.472920691999999976e+00	-1.492871469000000006e+00	-6.425696693999999320e-02	8.696921609000000108e-01	-4.223809143999999627e+00	1.149598695999999975e+00	7.356219395999999966e-01	9.228254871000000081e-01	5.566591455999999605e-01	4.570042719999999892e-01	1.666899088000000084e+00	2.304315224000000051e-01	-1.048886321999999982e+00	-3.037333670000000208e+00	-2.470980251999999877e-01	-2.080939629999999929e-01	1.073873880000000003e-01	1.009352207999999917e+00	-3.112979428000000048e-01	-2.397704854000000108e+00	-1.260583650999999916e+00
-9.641610725000000492e-01	1.735900176000000072e-01	6.645778014000000011e-01	3.570921228999999752e-01	-8.052667084000000308e-01	-6.887653617000000228e-01	-1.355413493999999996e+00	2.514620964000000125e+00	-6.817591117000000311e-01	-1.788356249000000009e+00	1.146576548000000084e+00	1.214923514000000093e+00	1.668897537999999958e+00	6.660946897999999727e-01	4.685421958000000019e-03	-1.186155505000000110e+00	2.198082754000000028e-01	-7.768943360000000187e-01	-5.083048618000000074e-01	6.184039113999999504e-01	1.398536430000000053e+00	1.150689217000000042e+00	1.778606015000000137e-02	5.426615136000000339e-01	-3.591125876999999855e-01	-7.910381564999999782e-01	-1.531179577000000069e+00	-5.174247480000000454e-01	1.209292086999999988e-01	6.181732872999999850e-01	3.093717905000000212e-01	4.113856837000000322e-02	2.387717554999999880e-01	1.889218011000000086e+00	1.163048534000000050e-01	4.923060971000000063e-01	1.660632262000000026e+00	-1.539375936999999972e+00	-2.097091933000000186e+00	-8.474801691000000137e-02	1.524368144000000092e+00	1.630574822000000035e+00	9.616443503999999587e-02	-5.313522563000000476e-01	3.609799154000000176e-01	-2.722982716999999830e-01	-1.932695751000000073e-01	-1.349152756000000064e+00	6.145601945999999982e-01	-1.335206678000000036e+00	-1.416661589000000054e+00	7.571870387000000369e-01	4.382226291999999912e-01	-2.018911243999999883e+00	-3.195501546000000248e-01	8.337496751999999844e-01	-1.379056620000000066e+00	1.604478332000000007e+00
-1.114786924999999984e+00	4.705706555999999985e-02	1.147107982000000054e-01	3.521716643999999730e-01	-8.328883879999999795e-01	2.218283567000000067e-01	-1.318678790000000101e+00	5.165649782000000245e-01	-1.252058950999999976e+00	-3.975169701999999861e-01	-2.459455336999999964e-01	-5.643379600000000273e-01	6.710301265000000459e-01	2.652542010999999755e-01	1.035253349999999961e-01	-9.202470754999999558e-01	-2.385613048999999930e-01	-1.044932969999999989e-01	4.029852796000000237e-01	9.686954060000000366e-01	6.282331048000000528e-01	-4.579584013999999925e-01	8.546360131000000360e-01	2.453784299000000002e-01	3.967599725000000022e-01	-6.551026536999999816e-01	-1.654762740000000065e-01	-6.641015817999999793e-02	6.134314659000000142e-02	4.626764554000000196e-01	6.746778712000000011e-01	3.821870735999999876e-03	-9.395277473999999462e-02	4.481619547999999842e-01	-1.878294134000000060e-01	8.134995354999999817e-01	4.835550222000000176e-01	-3.154119262999999784e-01	-9.881419479999999922e-01	4.315756521999999928e-01	5.981234168000000295e-01	-2.447029400000000077e-01	6.197687823999999956e-01	-5.027696152999999724e-01	1.461281894999999942e+00	8.023036478999999721e-01	-1.597895296000000076e-01	-6.776081924000000312e-01	3.023040470000000202e-01	-8.915599371000000328e-01	-4.239554224000000038e-01	5.036744918000000126e-01	4.867791128999999772e-01	4.508263196999999778e-01	-4.785051330000000269e-01	1.187319460000000049e-01	-1.177710161999999894e+00	4.235112292000000056e-01
-1.058645135999999987e+00	2.694644281999999946e-02	3.525527667000000198e-01	5.531508960000000030e-01	-6.466721345000000509e-01	4.165152335999999789e-01	-1.222099904000000015e+00	1.179392191000000034e+00	-7.090190518000000219e-01	-9.822350263000000359e-01	5.906176025999999579e-01	-6.821746489000000135e-01	1.229875507000000034e+00	3.975950724999999797e-01	3.242255156000000138e-01	-6.704386476000000483e-01	5.432996532999999628e-01	-6.326542162999999608e-01	3.323716298000000124e-01	1.149898078000000101e+00	1.059194205000000055e+00	9.427827165000000065e-01	-2.336385753999999926e-01	4.492700304999999728e-01	6.797174692999999879e-01	-6.664827347999999763e-01	-3.427188284000000085e-01	-4.571621099999999965e-02	8.547363428000000207e-02	2.322151299000000113e-01	6.405486638999999816e-01	1.879817036000000149e-02	-4.345863762999999796e-02	1.123893427000000056e+00	1.603828395999999934e-01	1.031179386999999892e+00	9.602364649000000307e-01	-9.873485352999999964e-01	-1.467912687999999966e+00	-8.504427567000000243e-02	1.181184918000000028e+00	8.729027458000000461e-01	6.952488686000000140e-01	-4.592956977000000052e-01	1.347520067999999904e+00	3.657591987000000100e-01	-7.165136848000000502e-02	-1.116406137000000021e+00	9.053895980999999704e-01	1.167639647999999974e+00	-4.870677793000000033e-01	6.595883981000000285e-01	5.009255076999999945e-01	-6.767754133000000172e-01	-1.117619683999999947e-01	-1.241640406999999953e-02	-5.481455114000000073e-01	4.682019735999999877e-01
-1.139972446000000028e+00	1.142300583000000064e-01	2.089017184999999999e-01	3.222614019999999746e-01	-8.095263503999999832e-01	6.929354896999999625e-01	-1.339350279000000032e+00	6.308563797999999778e-01	-8.302636531000000542e-01	-1.907846041000000048e-01	-1.726656292999999981e-02	-9.164290942999999690e-01	8.383089559999999940e-01	3.748114738000000168e-01	-3.971926438000000087e-02	-6.066751780000000371e-01	3.355064003000000072e-01	7.312710897999999404e-02	5.147043976999999826e-01	9.192471481999999749e-01	4.915388353999999849e-01	-3.320394039999999825e-01	3.298158192999999794e-01	2.498293299000000078e-01	4.262481893000000244e-01	-5.894344808999999463e-01	5.207826048000000485e-01	1.239131484999999970e-02	1.266906365000000090e-01	5.153182195000000076e-01	5.721966509999999451e-01	-1.686641486999999884e-01	1.558934392999999918e-01	3.212305583000000242e-01	4.790128839000000194e-01	5.912978704000000363e-01	4.444190686999999751e-01	-5.376854171999999599e-01	-9.011966867999999797e-01	2.480179636000000021e-01	5.684360063000000185e-01	3.167972975000000191e-01	6.153062327999999637e-01	4.715227490000000188e-01	1.600908256999999946e+00	8.384641334000000334e-01	-8.108779670000000606e-02	-8.084148893999999475e-01	5.228006800000000176e-01	1.294927305000000084e+00	-1.044905993999999949e-01	4.487283914999999901e-01	1.082308854000000098e+00	-1.791700290999999945e+00	3.296925506000000228e-01	-3.903884207999999863e-03	-8.067534196000000213e-01	-1.670655269000000054e+00
-1.115831811000000062e+00	3.415909698999999855e-02	3.422956473000000055e-01	4.552774908000000176e-01	-7.575374237999999982e-01	6.433091565999999872e-01	-1.337338928999999954e+00	1.095243956000000018e+00	-5.076873659999999733e-01	-7.029470611999999452e-01	5.878062058999999895e-01	-7.719784914999999748e-01	1.181809928000000065e+00	4.282778219999999747e-01	1.555070456000000045e-01	-6.568571501000000090e-01	7.186659976999999477e-01	-3.296641719000000248e-01	2.154693077000000012e-01	1.041333389000000054e+00	8.727159293999999790e-01	5.423508201000000195e-01	-2.443952457999999939e-01	2.849273017999999769e-01	4.118772531000000070e-01	-7.164966790000000252e-01	1.751113689000000084e-01	-3.450331432999999975e-02	1.420289956000000131e-01	6.290243854000000523e-01	5.727518167999999799e-01	-2.076372006999999964e-01	2.291017660999999928e-01	8.878232709000000167e-01	9.674642781000000191e-01	6.635754134000000359e-01	7.090369466000000509e-01	-7.096547678000000303e-01	-1.005845472999999934e+00	2.451209866999999876e-01	1.136868468999999937e+00	7.112306541999999787e-01	6.547013072999999794e-01	1.309885992999999971e+00	1.223048834000000085e+00	9.276960167000000146e-01	1.052987175999999941e-01	-8.263495130000000355e-01	9.239978287000000234e-01	8.922823121999999829e-01	-4.809095494000000248e-01	4.412510547999999866e-01	4.352104281999999991e-01	-1.683812625999999923e+00	3.318856357000000146e-01	2.313307867000000129e-01	-4.450904332000000241e-01	-1.262146822000000057e+00
-1.133646844000000042e+00	-5.420879364000000256e-03	9.919703806999999318e-02	3.663480756999999977e-01	-8.143384764000000109e-01	6.101171467999999543e-01	-1.349326677000000085e+00	6.752987383999999871e-01	-7.146827904000000453e-01	-1.524421856000000020e-01	3.546406271000000082e-02	-9.057004807999999851e-01	7.805590552000000182e-01	1.028858599999999957e-01	3.800244899999999926e-01	-8.685120750999999473e-01	3.603167838999999928e-01	-3.141373337999999737e-01	7.255217359000000199e-01	1.152367198000000093e+00	6.992488772999999602e-01	-7.393205003999999692e-01	1.159236374999999958e-01	-7.798938213000000674e-02	3.896752326999999849e-01	-7.577973795000000345e-01	4.574678394999999731e-01	4.905152410999999955e-03	3.742068040000000040e-01	6.238656157999999952e-01	6.965337839999999892e-01	6.501942158000000027e-02	-4.004913397999999847e-02	3.874322229000000117e-01	1.226602189999999926e+00	7.559566455999999768e-01	3.633673510000000051e-01	-1.030329829999999947e-01	-8.403334605000000179e-01	3.149867123000000269e-01	7.588662542999999872e-01	5.609354521999999621e-01	9.131057337000000329e-01	1.852328487999999940e+00	4.715239350000000051e-01	9.975195130999999771e-01	-1.057099772999999937e-01	-6.532130873999999476e-01	7.950070554000000511e-01	6.954448959000000263e-01	-5.148121723000000094e-02	5.297570839999999892e-01	7.536592788999999515e-01	-6.867618434000000160e-02	5.563941437999999629e-01	-3.088350923999999900e-02	-9.018692121000000395e-01	-1.347899957999999954e+00
-1.103681321999999909e+00	5.213861217000000103e-02	3.267043827000000178e-01	3.814649688999999788e-01	-8.529739400000000416e-01	6.068851377999999741e-01	-1.409816490999999949e+00	1.093497535000000020e+00	-7.213195534999999881e-01	-7.378199105999999619e-01	5.542709077999999900e-01	-8.606788510999999753e-01	1.107071759999999960e+00	1.750486672000000077e-01	2.006634466999999977e-01	-7.596397527999999566e-01	3.871754830999999952e-01	-7.906147500000000328e-01	5.695217136000000346e-01	9.876361890999999504e-01	8.205679459000000397e-01	3.691980854999999950e-01	-3.787689660999999930e-01	1.035537447999999999e-01	2.766508943000000054e-01	-8.788450186999999802e-01	-1.480277261000000066e-02	-1.054956338999999965e-01	2.978465037999999954e-01	5.587726738999999609e-01	5.018294883999999678e-01	2.474830769999999958e-02	3.431846182000000134e-01	6.411503740999999756e-01	1.574520144999999927e+00	1.982425026999999895e-01	3.625905923000000142e-01	-4.156538551999999775e-01	-1.009151356000000055e+00	-5.082884998000000015e-02	1.115410172000000033e+00	8.300598273000000527e-01	7.743122177000000272e-01	1.382309181999999970e+00	-2.395572306000000040e-01	8.364157142999999461e-01	-8.438774794999999440e-02	-8.587291675999999541e-01	7.829313796000000325e-01	-3.928358223000000260e-01	-5.280262104999999817e-01	4.622244972999999812e-01	1.840308514000000006e-01	2.210888736000000132e-01	1.768794703999999884e-01	-7.375691165000000660e-02	-9.877239874000000031e-01	-5.209517000000000175e-01
-1.113842653999999932e+00	-3.258693938000000161e-03	1.765084326999999953e-01	3.318609109999999807e-01	-8.914000671999999792e-01	6.530857343999999509e-01	-1.419537475000000049e+00	7.898848653000000164e-01	-7.231532581999999820e-01	-1.585105994000000074e-01	2.515619137000000075e-02	-7.342926543000000139e-01	8.456838798000000379e-01	-1.277192654999999982e-02	7.657252789000000559e-02	-6.815842008000000396e-01	-2.444624588999999917e-02	-3.420982562000000060e-01	3.914248524000000229e-01	9.600485317000000407e-01	6.746014390000000249e-01	-7.328431268999999748e-01	3.898142131999999815e-01	6.485469317000000511e-02	2.672302301999999741e-01	-7.913859547999999577e-01	1.988892537999999988e-01	7.767222829000000606e-02	2.217055277999999963e-01	6.531853797000000128e-01	4.890119651000000012e-01	1.730486292000000051e-02	8.203406354999999428e-02	2.677924891999999835e-01	1.147969787999999935e+00	3.465734295999999826e-01	2.446409921000000098e-01	-4.278809142000000176e-01	-6.654195547000000266e-01	3.996860308999999889e-01	7.631203036999999467e-01	5.954525873999999552e-01	6.145759012999999493e-01	4.564321679000000187e-01	1.479290219000000128e-01	9.710158966999999919e-01	1.541526414000000123e-01	-8.965387017000000514e-01	5.243417793000000326e-01	-1.456746184000000000e+00	-2.372936831000000135e-01	4.381935014000000184e-01	4.694743238999999901e-01	2.350983369000000101e-01	7.883947069999999377e-03	-2.559527358000000113e-02	-1.427164947000000073e+00	-9.672600880999999984e-02
-1.106710612999999954e+00	-6.540586512000000352e-02	2.590295898000000152e-01	4.806367234999999738e-01	-8.636246049000000369e-01	5.369580239000000255e-01	-1.388132150999999981e+00	1.016936676000000039e+00	-7.395670259000000080e-01	-6.480321714000000233e-01	5.173843287999999596e-01	-7.841304788999999831e-01	1.072461136000000037e+00	-1.695342092999999918e-03	4.080518157999999951e-01	-7.696292155999999718e-01	3.421991153000000230e-01	-8.147021526000000069e-01	4.690692438999999880e-01	1.164172127999999917e+00	9.186002000999999861e-01	4.759004118999999866e-01	-3.451467812999999829e-01	3.279164252999999807e-01	5.103457363000000191e-01	-9.301834060000000459e-01	-2.439432558000000084e-01	3.231152548999999957e-02	2.424915159999999903e-01	5.149602084000000080e-01	5.725296023000000512e-01	9.038401702999999954e-02	-9.163452066999999701e-02	5.916316177999999537e-01	7.068290367999999768e-01	6.806627483999999617e-01	3.987026308000000130e-01	-4.782433340999999727e-01	-1.076950740000000017e+00	2.699104520999999757e-01	1.172460872999999903e+00	6.262301090999999875e-01	6.813952913999999916e-01	2.561525574999999888e-01	1.034424307999999987e-01	8.330913496999999834e-01	4.738729230000000014e-01	-1.046262792000000053e+00	6.915815172999999483e-01	-6.636161861999999578e-01	-4.746265470000000097e-01	5.644402554999999877e-01	4.912257371000000039e-01	9.724974318000000340e-01	-1.022257679999999946e-01	-2.308862365000000083e-01	-1.211182570000000069e+00	6.691838796000000311e-01
-1.065684862999999982e+00	3.870387985999999836e-02	1.378530389000000023e-01	3.338917361000000028e-01	-8.189057155000000199e-01	5.810664604999999927e-01	-1.471666404999999900e+00	6.642380731999999455e-01	-6.914017384999999738e-01	-6.408399290999999831e-02	4.139786941000000303e-02	-6.786169217999999947e-01	8.388050942000000454e-01	4.130501034999999738e-02	6.617601162000000259e-02	-7.080898761999999680e-01	2.337581488000000096e-01	-6.335768891999999930e-01	6.095909863999999789e-01	9.671244030000000214e-01	5.984357339000000442e-01	-4.036382702999999905e-01	-1.516940706999999888e-01	1.482075221999999970e-01	4.281083237000000152e-01	-7.217913607000000509e-01	-7.602367608000000498e-02	9.579195028999999695e-02	1.521525163999999930e-01	5.499397525000000453e-01	4.586601886000000183e-01	1.543137200000000049e-02	1.074531643999999952e-01	1.704179694999999883e-01	5.519439237000000054e-01	4.091846017999999918e-01	4.090756352000000096e-01	-5.482778501999999721e-01	-9.849670260999999760e-01	3.412196350999999739e-01	7.642291879999999482e-01	4.958889792000000241e-01	6.702111746000000148e-01	-8.235009732000000415e-01	-5.913965961999999993e-02	5.690398491999999475e-01	7.066974351000000487e-01	-1.112832889000000103e+00	8.013661055999999894e-01	6.695571787999999858e-01	-1.884876812999999873e-01	5.591294742000000317e-01	9.936525587000000215e-01	3.940192102000000252e-01	-1.252829528999999942e-01	-2.742956536000000223e-01	-1.304050710999999918e+00	6.632582957999999529e-02
-1.057273839999999909e+00	-1.054174494000000017e-02	3.398868294999999873e-01	4.392204787999999804e-01	-7.518450090999999613e-01	6.215200210000000336e-01	-1.435900337000000082e+00	9.561980303999999542e-01	-6.089539293000000297e-01	-4.698548099000000033e-01	4.984848901000000221e-01	-6.364214804000000170e-01	1.014035186999999949e+00	2.573295711999999957e-01	1.337282495999999876e-01	-5.461865892999999694e-01	7.058961974999999889e-01	-7.355482750999999819e-01	2.136439576999999979e-01	1.064520472999999967e+00	7.932708791000000481e-01	6.156056090000000536e-01	-5.518962337999999690e-01	1.618966708000000032e-01	5.273656481999999812e-01	-8.586272018999999700e-01	-2.396342020999999989e-01	7.327772846999999756e-02	1.018429358000000062e-01	5.837892211999999859e-01	4.580333462000000244e-01	-4.726817238000000088e-02	-1.809386724999999946e-02	6.530801082999999618e-01	4.213053849999999767e-01	6.384394379000000175e-01	3.977128231000000014e-01	-8.264000792000000262e-01	-1.057751644000000102e+00	3.067726070999999832e-01	1.142495593999999892e+00	5.511803894000000259e-01	5.677855334000000420e-01	-1.109987374999999998e+00	1.215231088000000015e-01	6.411824955999999576e-01	1.135025694000000085e+00	-1.261171744000000094e+00	9.224415425999999973e-01	1.305386020000000036e+00	-5.511931973999999457e-01	5.039599667999999921e-01	4.612540967000000047e-01	-6.250111013000000382e-01	-3.364883468000000044e-01	-8.086264264999999674e-02	-8.531713734000000438e-01	-4.498543803000000230e-01
-1.109032991999999940e+00	-3.101417826000000058e-02	1.548030980000000001e-01	4.090190692999999822e-01	-8.147686052000000512e-01	5.892391074999999701e-01	-1.402528031999999980e+00	6.717317093000000350e-01	-6.255802463999999841e-01	-6.224636039999999898e-02	4.054252172000000209e-02	-8.130452454000000051e-01	8.353070443000000234e-01	1.225549969000000045e-01	3.280139302999999784e-01	-8.337956908000000444e-01	6.816691621999999562e-01	-4.943596243000000223e-01	5.976032522999999985e-01	1.109949016999999927e+00	6.288548832000000477e-01	-3.826213143000000150e-01	-4.891389291000000084e-01	1.316846751999999898e-01	5.962382009000000149e-01	-7.993226098000000279e-01	8.377604392999999164e-03	3.043462559000000012e-02	2.892806997999999852e-01	5.410764766000000225e-01	6.024381453999999581e-01	1.406028393000000043e-01	-1.495398789999999867e-01	3.260368952000000098e-01	4.408754100999999759e-01	8.971522111999999938e-01	4.927883245999999939e-01	-4.152014290000000107e-01	-9.907539944000000043e-01	4.449107679000000037e-01	8.604038391999999646e-01	7.118844755000000024e-01	7.449827648000000302e-01	-7.502319725000000661e-02	-1.660336977999999908e-01	6.129521191000000258e-01	9.537169469999999816e-01	-1.066122376000000038e+00	9.382527937000000318e-01	1.796698949999999906e+00	-8.205508564999999810e-02	6.052172759999999707e-01	9.857475682999999878e-01	-3.535070127000000118e-01	1.755727642999999893e-01	-3.807404992000000266e-01	-9.816574676000000554e-01	-9.338518976999999888e-01
-1.059347642000000089e+00	1.107992401999999960e-01	3.212530585999999744e-01	3.778108957999999906e-01	-7.634812471999999905e-01	6.035200585000000117e-01	-1.495607338999999980e+00	9.658200447000000466e-01	-6.453123758000000043e-01	-4.279751420999999834e-01	4.850597851999999821e-01	-7.845122005000000343e-01	1.042354961000000024e+00	2.302432527999999923e-01	1.472373156000000016e-01	-7.734499312000000515e-01	8.224453566999999632e-01	-4.782214418999999883e-01	4.548223866000000171e-01	9.741105611999999470e-01	5.867543514999999932e-01	4.250603816999999895e-01	-7.622263496000000194e-01	2.414807404000000046e-01	3.955977814000000148e-01	-9.148697537000000102e-01	-1.166425001999999989e-01	-1.644869636999999885e-01	1.632235119999999873e-01	6.917462045000000170e-01	4.451776116000000227e-01	1.997909243000000126e-02	2.969996514000000087e-01	5.189695865000000241e-01	5.861900467999999753e-01	3.441706326999999788e-01	3.884001957000000060e-01	-5.893550235000000193e-01	-1.140813099999999913e+00	1.025437582999999958e-01	1.048228184000000063e+00	6.014560534999999764e-01	6.454224004999999931e-01	8.564518209999999465e-01	-4.370994068999999871e-01	6.141028642000000426e-01	9.229785395999999809e-01	-1.129212317999999993e+00	1.038088987999999935e+00	1.404977412000000037e+00	-4.529132262000000186e-01	3.319309840999999928e-01	5.751363164999999666e-01	-1.453635618000000074e+00	2.202125944999999974e-01	-3.175523907000000201e-01	-8.429277642000000403e-01	-1.520465984000000104e+00
-1.140400732000000028e+00	3.346876282000000105e-03	1.465007732999999979e-01	3.846020452999999728e-01	-8.034317592999999924e-01	5.514508696000000043e-01	-1.471739737000000048e+00	7.708996236999999807e-01	-5.515729378000000516e-01	5.964869749000000290e-03	1.096045278999999983e-01	-7.809784766999999794e-01	8.493256403000000176e-01	5.521285764999999887e-03	2.295059080000000085e-01	-8.261826642999999804e-01	5.873746783000000082e-01	-1.586148943000000033e-01	4.005245888000000254e-01	1.086179631000000034e+00	6.608806472999999571e-01	-5.848248060999999831e-01	-2.867520697000000007e-01	2.751941860000000073e-01	3.523789300999999874e-01	-8.559030515000000117e-01	1.595358541999999935e-01	-1.936260519000000124e-01	2.084768237000000080e-01	8.858648799999999657e-01	5.435535051000000006e-01	9.725753243000000159e-02	1.193121486999999953e-01	3.608469612999999909e-01	6.090175279999999747e-01	6.038559931000000436e-01	3.215899785999999927e-01	-4.720970117000000132e-01	-7.787077932999999508e-01	4.895140584000000072e-01	8.733263585999999634e-01	6.437967886000000028e-01	6.796222318000000318e-01	1.307768338000000030e+00	-4.790126667999999865e-01	7.995019992999999880e-01	7.499518496999999506e-01	-1.018616501999999979e+00	8.107215704000000356e-01	3.066251119999999775e-01	-2.926440773000000273e-01	3.015392638000000125e-01	6.331353510999999656e-01	-1.110017500999999962e+00	1.501713201000000053e-01	-3.149581651000000204e-01	-1.140165526999999956e+00	-1.696213710000000097e+00
-1.046959184999999959e+00	2.258874588000000030e-02	2.498075147000000107e-01	5.122006134000000044e-01	-6.956628353999999570e-01	5.022269127999999805e-01	-1.454677951000000080e+00	9.799604267999999507e-01	-7.555607197999999469e-01	-4.887593753000000207e-01	4.906427136000000022e-01	-8.895349036999999903e-01	9.892333101000000406e-01	-2.189940230999999973e-02	4.304276993000000218e-01	-8.538239836000000027e-01	6.390530102999999462e-01	-3.597845174000000035e-01	3.855338824000000275e-01	1.214516630999999958e+00	8.548056156000000128e-01	2.768115272000000182e-01	-4.491165062999999957e-01	3.950916420999999734e-01	4.620873460000000099e-01	-9.583763209000000227e-01	-1.368660536999999899e-01	-2.767831602999999974e-01	1.655742437000000122e-01	9.256003688999999701e-01	5.357703418000000495e-01	9.820610153000000619e-02	3.566817442999999782e-02	5.426752766000000339e-01	5.350673744999999704e-01	5.300280857000000401e-01	2.616813539000000244e-01	-3.629709027999999948e-01	-9.077594006000000437e-01	2.314815188000000079e-01	1.185486468999999987e+00	8.051735003000000113e-01	8.070942193000000264e-01	1.490380545999999917e+00	-5.301247863000000393e-01	7.247192721999999865e-01	6.222165649999999992e-01	-9.646440634999999819e-01	9.594527111999999747e-01	-2.216615568000000064e-02	-4.038632435000000243e-01	3.550821679000000231e-01	1.758176744000000125e-01	2.324431302999999949e-01	1.308244369000000074e-01	-4.702264901000000052e-01	-1.249610506000000010e+00	-7.479587492999999476e-01
-1.030378484999999955e+00	7.929703745999999720e-02	1.584466472999999931e-01	3.581518958000000086e-01	-6.523636244999999612e-01	4.951244152000000009e-01	-1.471364241000000073e+00	7.074753621999999575e-01	-7.180087326999999853e-01	4.946951364000000059e-03	1.144720785000000046e-01	-7.811455764000000412e-01	8.196792835999999749e-01	5.291035401000000055e-02	1.251607503000000052e-02	-6.688532876999999655e-01	1.706811944000000136e-01	-2.353347708999999899e-01	5.308801603999999674e-01	9.888301980000000491e-01	6.199723303999999935e-01	-4.617656041000000045e-01	-1.922084564000000051e-01	4.553958489000000109e-01	2.700955891999999858e-01	-8.492722523000000301e-01	-2.998612739999999971e-02	-2.651099218999999896e-01	-6.537645570999999801e-03	9.703154443000000517e-01	4.284259263999999900e-01	6.711481917999999325e-02	7.769267265000000255e-02	7.318095900000000376e-02	7.071092185999999780e-01	-1.169767047000000032e-01	1.904478263000000116e-01	-3.143893423999999936e-01	-8.456514891999999950e-01	3.109837925000000225e-01	7.828013762000000098e-01	5.043168466999999877e-01	8.077260187000000480e-01	3.265345600999999820e-01	-4.276562206999999782e-01	5.538328259999999448e-01	5.148390936000000195e-01	-9.892457053000000000e-01	8.347726515000000180e-01	-8.794476289999999530e-01	5.397460067999999833e-02	1.643890204000000022e-01	8.887054586999999506e-01	2.303442569999999967e-01	3.616708700999999963e-03	-4.512421649000000201e-01	-1.316107404999999897e+00	1.982873844999999968e-01
-1.074032464000000076e+00	-6.758696563999999629e-02	2.872422800000000165e-01	4.876514039000000023e-01	-7.632356900000000222e-01	4.443165579999999726e-01	-1.443213121000000099e+00	8.599906425000000132e-01	-7.248638587000000300e-01	-4.285620498000000111e-01	5.609880766000000518e-01	-7.400070512999999961e-01	9.343791917999999530e-01	3.438001278999999744e-01	2.585006735000000000e-01	-5.118723568999999918e-01	3.239316642999999774e-01	-5.039447156999999899e-01	3.276080496000000064e-01	1.059811009999999998e+00	6.628847718000000500e-01	4.896208087000000209e-01	-3.687643681000000173e-01	4.252422679000000261e-01	5.189816078000000221e-01	-9.618805647000000514e-01	-2.332881856000000032e-01	-9.679822348000000076e-02	-7.041275133000000387e-03	7.614768997999999955e-01	5.176898222000000382e-01	-1.784241513000000071e-02	5.248666334999999711e-02	6.295040493000000348e-01	3.105843083000000004e-01	5.525931732000000096e-01	2.800151531000000249e-01	-6.269499424000000154e-01	-1.036108121000000049e+00	3.419761484000000129e-01	1.090445332999999906e+00	4.326035169999999930e-01	6.020965240000000218e-01	-7.581965962000000170e-01	9.006818515999999442e-02	6.549832654999999670e-01	7.590654825999999522e-01	-1.141186857000000110e+00	9.448836568999999797e-01	-6.588870554000000324e-01	-2.415914358000000040e-01	2.350802656000000046e-01	4.750156131000000115e-01	5.026052285000000008e-01	-2.462615365999999972e-01	-5.473072879000000224e-02	-7.141921180000000424e-01	5.095165228000000379e-01
-1.039895427999999900e+00	-3.149079425000000237e-02	9.308294894999999403e-02	4.560290625000000264e-01	-7.590398273999999779e-01	4.334909773999999771e-01	-1.398033440999999932e+00	5.084288450999999709e-01	-6.949569704000000403e-01	-7.106527779000000600e-02	6.862808660999999977e-02	-7.663625665000000087e-01	6.448390791000000455e-01	3.513403977999999817e-01	3.187326991000000165e-01	-7.974935893000000275e-01	6.146672947000000192e-02	-3.515044764999999960e-01	6.086398342000000072e-01	1.035052166999999912e+00	5.201024119999999584e-01	-2.552041648999999746e-01	-3.798459853000000219e-01	2.824252869000000166e-01	5.984858159000000510e-01	-7.700666508000000299e-01	-1.088093975000000019e-01	-6.476595324000000362e-03	1.884328875999999875e-01	7.289667382000000195e-01	6.661172882000000461e-01	6.841258625000000426e-02	-1.783274652999999876e-01	3.993724771000000118e-01	2.616294312999999927e-01	9.019079679999999488e-01	3.452791981000000177e-01	-4.557919760999999959e-01	-1.114841084000000038e+00	3.847758636999999982e-01	9.003002235000000519e-01	8.016515790999999558e-01	6.677102393999999608e-01	-1.708442401999999971e-01	-3.889921055999999953e-04	4.622003912000000048e-01	6.818789366999999935e-01	-1.124238011999999953e+00	1.006242338999999930e+00	9.107995250000000542e-01	-1.828383282000000110e-01	3.150435538999999951e-01	5.979596861999999513e-01	3.601320760000000232e-01	1.804835097999999902e-02	-2.575323493000000186e-01	-6.481859959000000337e-01	2.307356543999999898e-01
-9.247409119999999705e-01	1.164058367999999954e-01	2.694766583000000049e-01	4.163756350000000217e-01	-6.053223787999999495e-01	5.019177604000000237e-01	-1.431763185000000105e+00	7.124373806999999559e-01	-6.259463922000000347e-01	-3.568853275000000158e-01	5.677290481000000222e-01	-7.253464634999999827e-01	7.592738638999999568e-01	5.290282947000000124e-01	-9.338883648000000093e-03	-6.099833839999999618e-01	8.167249974000000134e-02	-3.833298634999999788e-01	4.227043833999999944e-01	8.086610558000000282e-01	3.098703886999999990e-01	4.876087966000000051e-01	-7.831212820999999824e-01	2.253961271000000099e-01	3.981139613999999938e-01	-7.978960428000000382e-01	-5.506033491000000141e-02	6.423359908999999590e-02	8.940305324999999956e-03	6.472985863000000339e-01	5.453112841999999683e-01	-1.161510723999999994e-01	-1.156549327000000044e-01	5.718460133999999639e-01	2.178081460999999885e-01	3.820362583999999950e-01	4.042619890999999965e-01	-5.631526963999999857e-01	-1.192497928999999957e+00	1.050312954000000021e-01	1.108531149000000049e+00	6.934340112000000333e-01	6.166954783000000440e-01	4.185613455000000149e-01	-1.359416283999999864e-01	2.901456223000000167e-01	9.498033939000000148e-01	-1.169773994000000039e+00	1.199877818999999901e+00	1.439625801999999899e+00	-2.628146210999999788e-01	2.208969342000000058e-01	7.394492330999999918e-01	-1.648914556000000031e+00	2.893714769999999881e-01	-2.285904125000000064e-01	-4.169901669000000144e-01	-8.407587595000000080e-01
-9.599460104000000493e-01	7.437902881999999653e-03	1.909784877000000047e-01	4.076317242999999979e-01	-6.794830602000000441e-01	5.319692861000000494e-01	-1.478505458000000106e+00	5.707289918000000295e-01	-4.879859563999999761e-01	-3.210181747000000196e-02	2.316516909000000124e-01	-7.920770636999999725e-01	6.907349671000000413e-01	3.682863835999999891e-01	1.975045139000000116e-01	-7.991863678999999721e-01	-9.237048952999999535e-04	-1.712389983000000004e-01	5.062453609999999493e-01	9.536645919999999776e-01	3.866540835000000231e-01	-3.871430247000000047e-01	-2.504466819999999760e-01	1.812798493999999982e-01	3.150387297999999725e-01	-8.293674873999999919e-01	2.803146911000000130e-01	2.096655054000000074e-01	1.977973896000000120e-01	7.381760091000000301e-01	7.352074942999999863e-01	-5.642620349000000007e-02	-1.948318020999999928e-02	4.082169004999999795e-01	1.863165903000000012e-01	7.940897216000000203e-01	2.189856032999999980e-01	-3.653925545000000219e-01	-8.616395900000000108e-01	4.742207292999999768e-01	8.756119601999999835e-01	7.357979620000000276e-01	5.804412932000000414e-01	1.373631056000000017e+00	-1.805893829000000117e-01	5.921736134999999734e-01	1.038009240999999916e+00	-1.123298246000000056e+00	9.646561663999999592e-01	5.553305217999999766e-01	-1.875082260000000001e-01	2.753589000000000175e-01	6.258691080999999601e-01	-1.283242341000000009e+00	1.018369180999999929e-02	-1.043081202000000068e-01	-2.805410023000000086e-01	-1.505192203000000006e+00
-8.997558401999999900e-01	8.895135540000000118e-02	2.919732425000000076e-01	4.919042397000000233e-01	-5.504913876000000483e-01	5.220922721999999849e-01	-1.437509182999999968e+00	8.150338386000000046e-01	-7.144847262000000310e-01	-4.927850701000000000e-01	6.117476963000000323e-01	-8.781398352000000518e-01	8.287916011999999499e-01	3.427412026000000167e-01	1.802489988000000043e-01	-8.707356931999999938e-01	1.500161049000000024e-01	-4.988951840999999998e-01	5.105074370000000084e-01	1.055514158000000036e+00	6.912539206000000158e-01	1.782528201999999951e-01	-5.093630308000000051e-01	2.509049727000000063e-01	4.396945559000000059e-01	-8.780822776000000163e-01	-2.021183380000000085e-01	4.231866201000000077e-02	1.754122790000000043e-01	5.587558879999999784e-01	8.162333026000000435e-01	2.934098670999999922e-04	3.800977855999999877e-02	6.197469542000000331e-01	5.101398000000000321e-01	5.030170322000000471e-01	1.503057097000000120e-01	-2.462127789000000122e-01	-1.010600267000000052e+00	1.864368315000000109e-01	1.152048053999999988e+00	4.672680900999999776e-01	8.854793495999999653e-01	1.568363114999999919e+00	-6.234481338999999789e-01	4.870325263999999987e-01	8.537794012999999627e-01	-9.257136760999999936e-01	1.145405808000000025e+00	2.455294334999999842e-02	-3.966216411999999858e-01	2.955526204000000212e-01	3.270877194999999987e-02	1.065002300999999957e-01	-7.364939721999999578e-02	-2.453370457000000060e-01	-2.475688987000000119e-01	-5.247378608999999638e-01
-8.995084394000000261e-01	7.829982583000000274e-02	2.566344960999999980e-01	3.750820134999999778e-01	-5.740191099000000463e-01	5.850855045999999726e-01	-1.470402474999999987e+00	6.685949905000000415e-01	-6.753632483000000519e-01	-1.100079496000000018e-01	1.755275343999999904e-01	-7.534438569000000419e-01	7.368896735000000087e-01	3.845938365000000081e-01	-9.547844034999999896e-02	-7.001213493000000287e-01	-1.217790593000000060e-01	-3.060092833999999984e-01	4.866936206999999959e-01	8.983872934000000088e-01	5.528661746999999904e-01	-4.298421505999999725e-01	-7.570422994999999322e-02	1.250834751999999883e-01	2.081501685000000101e-01	-7.954988964000000440e-01	-1.993496950000000004e-02	1.476635731000000007e-01	6.663652082000000310e-02	7.020528341999999755e-01	6.403424478999999447e-01	-7.418250479000000402e-04	-1.201364287000000058e-01	3.233769778999999733e-01	8.199580423000000229e-01	2.288924232000000003e-01	-6.001939560999999812e-02	-2.338926781000000010e-01	-8.057373273000000280e-01	2.150712275999999978e-01	9.068347691999999460e-01	7.576422522000000326e-01	7.087219560999999945e-01	5.814669201000000065e-01	-5.110904136999999681e-01	4.207561791000000162e-01	5.972997339000000183e-01	-9.701877477000000471e-01	9.491989441999999499e-01	-1.328679085000000093e+00	-2.727790158000000242e-01	1.944251096999999873e-01	4.056103892999999849e-01	-3.159759625999999932e-03	-1.459706789999999990e-02	1.660320577000000131e-01	-4.459002199000000055e-01	1.453584176000000117e-01
-9.543054165000000033e-01	8.889397808999999206e-03	3.391015317000000140e-01	4.798405928000000209e-01	-6.533697595999999885e-01	5.710185553000000080e-01	-1.445622940000000023e+00	9.076438400999999878e-01	-8.167520261999999809e-01	-5.230550699999999553e-01	5.506730958000000120e-01	-7.793077393999999769e-01	9.082531757999999789e-01	3.835934359000000016e-01	2.355999577000000011e-01	-7.123277893999999666e-01	5.969594052999999817e-02	-8.123238675999999714e-01	4.569805009999999834e-01	1.068711395000000008e+00	7.204323563000000208e-01	4.164285518999999991e-01	-4.408003784999999786e-01	1.208729131000000068e-01	4.952000315999999791e-01	-9.270677937000000313e-01	-4.423792449999999765e-01	8.882703402000000081e-02	5.133995650999999966e-02	5.426454241000000511e-01	6.982587089999999774e-01	-2.299590811999999845e-02	-1.228628705999999932e-01	5.323147250999999969e-01	6.397390222000000071e-01	6.388011649000000514e-01	6.810270507000000528e-02	-3.178097087000000265e-01	-1.112705690000000081e+00	2.848728231000000055e-01	1.055556386999999985e+00	4.613107919000000168e-01	8.809863225999999825e-01	-1.989901789999999893e-01	-2.527148236000000270e-01	4.356107882999999958e-01	4.974672010000000255e-01	-9.066669786000000064e-01	1.042012294999999922e+00	-7.156034519999999732e-01	-3.332858058000000012e-01	2.710272233000000086e-01	3.820803393000000159e-01	6.727160412999999561e-01	-4.493411547999999756e-01	3.969136670999999783e-01	-1.652582153999999914e-01	7.025484986000000154e-01
-8.980552338999999717e-01	6.528016094999999908e-02	1.672382259000000093e-01	3.956046482000000197e-01	-5.572599553000000538e-01	6.278458747999999812e-01	-1.402466052000000074e+00	7.375683033000000055e-01	-7.315865213000000145e-01	-1.725907963999999961e-01	1.117372630000000033e-01	-6.866909972000000417e-01	7.452956294999999454e-01	3.217643982999999763e-01	-2.551945112999999890e-02	-6.100256818000000525e-01	-7.898874224000000666e-02	-6.286053168999999885e-01	5.240775458999999969e-01	9.654136809000000152e-01	7.307877614000000133e-01	-2.258940581999999975e-01	-3.347661236999999734e-01	1.031301161000000022e-01	5.129492549999999929e-01	-7.089256144000000148e-01	-1.997208541999999920e-01	1.523290144999999984e-01	-2.912189536000000037e-02	6.139962498000000046e-01	6.396367588000000381e-01	-7.647811034000000230e-02	-2.053340560999999953e-01	3.287985100999999966e-01	5.418713347000000402e-01	6.056370183999999490e-01	7.612065112999999439e-02	-3.758372078000000172e-01	-1.041809701000000032e+00	2.660262743999999846e-01	8.547526863000000086e-01	7.896035393000000457e-01	9.118437463999999881e-01	-7.207899946000000391e-01	-3.422204663999999785e-01	2.195903983999999975e-01	5.066441693000000024e-01	-9.546874939999999699e-01	1.115486962000000082e+00	6.238067091000000230e-01	-4.789355102000000253e-01	2.266594446999999901e-01	4.966344602000000163e-01	1.434253755999999880e-01	-2.988558150000000246e-01	4.646443263000000212e-01	-3.359300278999999834e-01	3.195283933999999992e-01
-7.738452390000000181e-01	3.091571046000000100e-01	3.686895478000000170e-01	3.302646451999999844e-01	-3.869695756000000042e-01	7.028013467000000514e-01	-1.359100227999999966e+00	9.997041489000000336e-01	-6.109711008000000554e-01	-4.204228575999999773e-01	5.248498259999999638e-01	-5.480802559999999879e-01	8.005155470999999467e-01	3.897197726000000140e-01	-2.554323934000000129e-01	-3.136632112000000139e-01	-6.417046656000000016e-02	-8.340139397000000399e-01	2.769618895000000025e-01	1.020452036000000007e+00	6.758310050000000402e-01	4.394288391000000238e-01	-1.008359863999999995e+00	-1.583747534000000123e-01	4.785003301999999903e-01	-7.394637830000000411e-01	-2.698294665000000037e-01	2.559427044000000054e-02	-4.130748513999999982e-01	9.889244373000000143e-01	5.185044653000000503e-01	-2.327332213999999955e-01	-7.952828689999999479e-02	6.395401483000000553e-01	3.293173880999999970e-01	-1.431770123999999977e-01	-3.483286729000000248e-01	-3.246807791999999915e-01	-9.691399928999999691e-01	1.635568635999999909e-01	1.053151485000000109e+00	4.468203430000000087e-01	9.183099250999999796e-01	-6.811523568999999778e-01	-8.541615388999999892e-02	-2.586916730000000109e-01	1.065752515000000011e+00	-8.026327918000000228e-01	9.752275340999999598e-01	1.756326808999999933e+00	-1.789116924999999969e-01	-7.997722990000000198e-02	5.605779296999999772e-01	-1.677581938000000106e+00	-3.755750722999999791e-01	5.338864612999999482e-01	-3.607521208000000201e-02	-3.486845782999999921e-01
-8.067677240999999722e-01	3.649301084000000084e-01	3.419628484000000190e-01	1.645738411999999873e-01	-3.986385404000000188e-01	6.276683443999999668e-01	-1.380913880000000038e+00	8.234784067999999513e-01	-5.514433179000000074e-01	-2.392809116000000069e-01	2.452876686000000084e-01	-6.323329460000000068e-01	7.426086691000000073e-01	4.020632279999999947e-01	-4.183936905999999789e-01	-3.549196872000000003e-01	-1.155052211999999939e-01	-4.816417123999999772e-01	5.616515616999999683e-01	1.144292856999999941e+00	9.064161451000000147e-01	-3.358185077999999990e-01	-1.520851941999999957e-01	1.712163932999999916e-01	4.398278836999999775e-01	-9.742876060999999810e-01	3.139341062000000071e-01	2.433806752999999878e-01	-3.124233505999999827e-01	3.978138516999999985e-01	1.043261438999999902e+00	-1.085323155999999983e-01	5.214481512999999957e-01	7.766128514000000260e-01	1.652989277999999951e-01	9.016948491999999815e-01	1.110909538999999974e-01	-1.765849812999999990e-01	-4.213971885000000195e-01	-2.339251085999999868e-01	6.404618621000000012e-01	3.078525171000000005e-01	5.399155150000000125e-01	8.798528661000000195e-01	-3.771541031999999793e-01	-1.979657204999999975e-01	1.350748418000000006e+00	-8.866568196999999873e-01	8.209116323999999798e-01	3.547186686000000089e-01	2.967481252999999985e-01	-3.224466435000000186e-01	2.299608536999999953e-01	-1.260222637000000034e+00	1.834035766000000067e-01	1.001977539000000084e+00	6.076473448000000444e-01	-6.889186407999999817e-01
-8.738912733000000488e-01	2.820107712000000100e-01	3.817973236000000159e-01	3.300752935999999860e-01	-4.084585982999999754e-01	6.631280528999999868e-01	-1.322882729000000035e+00	9.726076261999999639e-01	-7.349049533999999495e-01	-5.307382659999999586e-01	4.097798059000000159e-01	-7.517061954000000545e-01	9.228143073000000252e-01	3.427381422999999927e-01	-4.535513657999999670e-02	-4.859522050000000259e-01	9.377951371999999897e-02	-6.031272085000000116e-01	4.140924539999999987e-01	1.390292478000000109e+00	1.088568844999999952e+00	1.508775323999999862e-01	-1.946990201999999892e-01	-7.364465293999999940e-02	7.744707342000000105e-01	-9.922073013000000108e-01	-7.815420929999999933e-02	3.519604518000000182e-01	-6.351615687999999371e-02	4.243451949000000001e-01	1.092990804999999899e+00	2.861786159000000163e-02	-5.815103046000000275e-02	1.070704502999999974e+00	5.422731424000000189e-01	1.252962632000000021e+00	1.265477666000000001e-01	-1.158859123999999990e-01	-5.529773502000000507e-01	-5.176640649999999511e-01	1.078844879000000034e+00	8.496187015999999703e-01	8.017106626000000125e-01	1.624187760999999952e-01	-5.888315184000000313e-01	1.052599067999999971e-01	1.564315122000000002e+00	-8.884045039000000310e-01	1.064640279000000023e+00	-2.261566284000000038e-01	1.393219336000000030e-01	-9.005027413999999730e-02	1.409798735999999997e-01	-1.044162718999999961e-01	1.636548315999999947e-01	9.293952210000000491e-01	7.003717338999999598e-01	4.229075160999999916e-01
-8.556596094999999735e-01	3.723207543000000008e-01	3.059953335999999746e-01	1.736941673000000075e-01	-4.065931715000000168e-01	7.539850329999999712e-01	-1.307928428999999948e+00	8.042777819999999966e-01	-5.948140251000000323e-01	-8.012088741999999486e-02	1.488831462000000105e-01	-6.401724434000000130e-01	8.829442893000000181e-01	3.755547229999999792e-01	-4.299706562999999759e-01	-3.092635193000000116e-01	6.211224607000000175e-02	-4.516040357000000172e-01	7.140799638999999477e-01	1.153376881000000020e+00	8.834413075000000504e-01	-2.949735640999999742e-01	-1.472109614999999871e-01	1.077635980000000021e-01	4.493054318999999963e-01	-8.203358308999999515e-01	3.613143500000000063e-01	3.551726668999999892e-01	-1.664886111999999974e-01	4.330590628000000053e-01	9.926305673999999968e-01	-2.096355458999999977e-01	3.851825744999999857e-01	6.659194068999999550e-01	6.023105559000000442e-01	7.567535064000000533e-01	2.266513750999999965e-01	-2.110324016000000025e-01	-5.154205416999999567e-01	-3.668783950999999766e-01	7.119244656000000004e-01	5.917042723000000004e-01	8.188203618999999600e-01	-2.448645426000000125e-01	-3.968622419000000234e-01	-1.352103759999999932e-01	1.775522846999999960e+00	-8.155038046999999457e-01	1.041207454999999893e+00	8.637584747000000007e-01	5.025398237000000545e-01	-1.683734631999999898e-01	9.260874799999999629e-01	-1.586519130000000111e+00	4.476414175000000273e-01	7.793698234999999475e-01	7.063360904000000051e-01	-2.422816225999999962e-01
-8.728765366999999831e-01	3.672511464000000059e-01	4.390434058000000084e-01	2.300737542000000080e-01	-4.429154753000000277e-01	7.796136446000000442e-01	-1.359680449999999929e+00	1.067880866000000095e+00	-5.978678759000000120e-01	-4.409985415000000075e-01	5.030398044999999652e-01	-7.287436124999999709e-01	9.945711475999999829e-01	5.261692648000000361e-01	-2.534152988000000217e-01	-3.471286947000000178e-01	4.446935451999999844e-01	-4.942856125999999795e-01	4.692882842000000165e-01	1.350899805999999925e+00	9.926052127000000169e-01	1.186359300999999949e-01	-4.523026965999999982e-01	-1.159111622999999952e-01	6.659079946000000527e-01	-9.532985337999999587e-01	3.800133041000000045e-01	2.116529229000000123e-01	-1.960237357000000069e-01	4.925034168999999906e-01	1.116279816000000036e+00	-5.871043844999999928e-02	2.735580712999999831e-01	1.100375314999999965e+00	7.032478755000000081e-01	1.023211308999999902e+00	1.553098042000000123e-01	-1.899210886000000098e-01	-4.842303785000000027e-01	-4.141207895999999833e-01	1.124194716999999955e+00	4.786349921999999979e-01	6.909765113000000403e-01	8.539872267000000461e-01	-3.729540697000000016e-01	8.539262365999999993e-02	1.767265179000000019e+00	-6.653263214000000314e-01	1.202902032999999982e+00	1.071800101000000005e+00	3.345331301999999729e-01	-8.067392554999999743e-02	3.946125497999999898e-01	-1.440199436000000111e+00	6.854577672999999649e-01	6.825245317999999450e-01	1.022600278000000085e+00	-1.048761883000000061e+00
-8.656507877000000351e-01	3.559137172999999876e-01	2.872993024000000117e-01	1.947059523000000125e-01	-4.299372519999999920e-01	6.618001850000000408e-01	-1.364513292000000044e+00	7.102882172000000160e-01	-7.300324914000000387e-01	-1.475472973999999993e-01	6.030823727000000217e-02	-7.967189366000000383e-01	7.874771345000000089e-01	4.466461937999999798e-01	-2.097971203000000007e-01	-5.013247772000000158e-01	3.602762420000000243e-01	-5.599399940999999492e-01	7.965303047999999775e-01	1.434847117999999977e+00	9.786401436999999648e-01	-5.458526452999999945e-01	-1.642108056999999899e-01	-2.129794560999999919e-01	4.379371067999999756e-01	-8.812976357999999788e-01	4.085495376000000123e-01	1.176559850999999990e-01	-6.931887352000000446e-02	4.435774570000000083e-01	1.160766176999999955e+00	6.327755473000000463e-02	3.775539947000000063e-01	7.673445557000000417e-01	1.008180059000000073e+00	9.216414688999999827e-01	1.500797372999999879e-01	1.542497871000000076e-01	-4.242619636000000138e-01	-5.183006685000000058e-01	8.041539061000000377e-01	6.646416466000000245e-01	8.346973990999999593e-01	1.546438235999999966e+00	-1.107999409999999907e+00	-1.569660090999999980e-01	1.209017164999999894e+00	-6.528197598999999629e-01	1.328411699999999973e+00	8.543806220999999868e-01	5.670010704000000290e-01	-1.290522939000000036e-01	3.187144930999999959e-01	-4.324934331999999992e-01	1.011042785000000110e+00	3.020526191999999832e-01	4.751611123000000214e-01	-8.468104382000000152e-01
-8.260997044000000233e-01	4.226932180999999900e-01	4.595195807999999937e-01	1.912639613000000072e-01	-4.258684032999999758e-01	6.190766120999999789e-01	-1.428685077999999997e+00	9.697550068000000412e-01	-7.388018092999999453e-01	-3.904362075999999737e-01	3.842236123000000170e-01	-8.407946523999999533e-01	9.132888093000000040e-01	6.132897090000000162e-01	-5.013143944000000296e-01	-4.392241397000000158e-01	4.993274999999999797e-01	-7.311758298999999628e-01	5.797045053999999586e-01	1.325609700000000002e+00	9.430065576999999699e-01	-2.730658967999999992e-02	-3.325666985999999881e-01	-4.611278482000000234e-02	3.308233463999999957e-01	-9.007793411000000194e-01	2.046095937999999892e-01	-2.188095810000000030e-01	-1.977017459000000033e-01	2.929605336000000171e-01	9.643752279999999732e-01	2.481889393999999957e-02	1.502954783999999877e-01	8.042329395999999742e-01	1.214142059000000051e+00	3.400079335999999786e-01	-1.487109634000000069e-01	-4.190606692999999938e-02	-5.976536413999999908e-01	-6.994547876000000164e-01	9.744176968000000105e-01	2.814547145999999889e-01	7.075126604999999458e-01	1.630284784000000098e+00	-1.437490527000000018e+00	-2.930322582000000065e-01	9.975528033999999655e-01	-6.054746966999999813e-01	1.237799016000000085e+00	-6.105737127000000486e-01	4.949022653999999855e-01	-1.886077563999999929e-01	1.181437347999999971e-01	-8.656396403999999656e-01	1.020613736000000049e+00	5.076301235000000300e-01	1.901373584999999922e-01	-4.520342965999999962e-01
-8.586726756000000460e-01	3.291338108999999901e-01	2.989221827999999914e-01	1.567588729999999930e-01	-5.380717271999999607e-01	5.628810835999999984e-01	-1.505572984999999919e+00	6.910583031000000487e-01	-6.628182373000000016e-01	-8.829741735000000424e-02	7.824973010999999867e-02	-7.333667785999999911e-01	7.441466158999999747e-01	5.996230013000000136e-01	-4.140129544000000217e-01	-4.863357727000000019e-01	3.931894691999999747e-01	-7.505150154999999934e-01	6.913770260999999584e-01	1.275525175999999927e+00	8.292689649000000163e-01	-6.429443808999999455e-01	-5.255525350999999679e-02	-2.809948287000000114e-02	2.393181840999999976e-01	-8.773929892999999813e-01	2.285677277000000007e-01	-1.379443989999999953e-01	-3.369071586999999868e-01	4.091177609000000159e-01	1.044841350000000002e+00	-9.177411526000000402e-03	3.202253910999999786e-01	7.171724220999999844e-01	7.557423701000000049e-01	5.616238011999999946e-01	-8.216748106000000551e-02	-1.215250855999999990e-01	-5.948558981999999551e-01	-4.802270203999999820e-01	8.103482193000000056e-01	3.908326400000000089e-01	4.877192611000000233e-01	1.401523526999999936e+00	-1.388761514000000030e+00	-3.267483731999999974e-01	9.879757651999999668e-01	-8.316603219999999519e-01	1.171934016000000023e+00	-8.208649484000000163e-01	4.092274591000000239e-01	-8.954907312000000286e-02	2.388957720000000062e-01	-8.201897593000000430e-01	7.201177649000000125e-01	6.407931625999999659e-01	-5.103954278000000233e-02	-3.087889891999999747e-01
-7.952518693000000249e-01	3.325353679999999978e-01	4.034872194999999939e-01	2.922780750000000261e-01	-4.038214452000000176e-01	5.165116659999999804e-01	-1.478979508999999970e+00	8.520971410000000024e-01	-7.674439943999999958e-01	-4.341991822999999862e-01	3.426072739000000089e-01	-8.838923711999999711e-01	8.711315619999999704e-01	6.561658333000000010e-01	-3.540472946000000065e-01	-6.777586345999999651e-01	5.890479538999999765e-01	-7.883014661999999673e-01	4.958597140000000070e-01	1.346953319000000038e+00	9.521260636999999694e-01	-4.908781337999999599e-03	-1.879100710000000118e-01	-3.276892255999999670e-02	5.473242767999999536e-01	-9.512887051999999732e-01	6.936909285999999508e-02	-1.342716706000000038e-01	-3.544570102999999861e-01	2.064000180999999989e-01	1.077451605999999895e+00	3.154153744999999703e-02	-1.328796512000000041e-01	9.336445026999999897e-01	4.572410368000000003e-01	6.785629024999999537e-01	-1.019524779000000048e-01	-1.551313159000000108e-01	-6.651686712000000057e-01	-7.262479996999999798e-01	9.831477338999999871e-01	3.509892364000000153e-01	5.711702089000000315e-01	1.451052588000000032e+00	-1.390434592000000080e+00	-3.117395942000000253e-01	9.554805817000000534e-01	-7.843414580999999997e-01	1.241771707000000058e+00	-1.006581473000000004e+00	3.455318231999999767e-01	6.708794768999999658e-03	-1.542107343000000130e-01	-2.282035344999999993e-01	6.083197124000000455e-01	6.117784652000000101e-01	-9.446392736000000512e-02	-1.969122385999999992e-03
-7.851101396999999871e-01	3.699232284000000259e-01	3.147928050000000089e-01	1.757010807000000119e-01	-4.090594810000000026e-01	4.997330898999999826e-01	-1.398897014000000105e+00	5.861341297000000061e-01	-7.233150342999999927e-01	-4.398424587000000080e-02	-3.839428887000000123e-02	-7.712673435000000355e-01	7.511596136999999507e-01	7.496771062999999513e-01	-7.463360203000000137e-01	-5.231866734000000241e-01	3.815302588999999744e-01	-8.742352642999999812e-01	7.610614430000000041e-01	1.223853995000000028e+00	8.981615855000000259e-01	-4.773451804000000132e-01	4.805946402999999867e-03	2.097175136999999967e-01	2.083999065999999900e-01	-7.929911781999999798e-01	8.465207045000000541e-02	-1.669229226000000163e-02	-3.296668678999999935e-01	2.018521677000000014e-01	1.043870303999999916e+00	-8.002249431999999829e-02	1.288219609000000043e-01	6.067706558000000028e-01	4.735971586000000122e-01	2.883179254000000080e-01	-2.406259420000000093e-01	-1.448672497000000059e-01	-5.855530841999999625e-01	-5.715812152999999451e-01	7.017480053000000328e-01	3.464554286000000316e-02	4.639743525999999729e-01	1.491630435000000088e-01	-1.264297425999999946e+00	-5.170445938000000075e-01	1.122222035999999923e+00	-8.735362152000000213e-01	9.533497763999999597e-01	-1.323857228999999913e+00	7.132333323999999752e-01	-1.533388344000000125e-01	4.056883200999999994e-01	-6.632344737999999740e-02	2.567689517000000254e-01	9.053228052999999775e-01	-1.794266915999999934e-01	8.711917755000000430e-01
-8.362052530000000372e-01	2.543768875999999901e-01	4.506165970000000076e-01	2.665845032999999975e-01	-4.859622402000000063e-01	5.369975504999999760e-01	-1.433844845000000090e+00	8.314376705999999562e-01	-6.675757602999999873e-01	-4.205128382000000165e-01	3.052081886999999938e-01	-7.552594872000000237e-01	9.503666971999999991e-01	8.062007573999999677e-01	-4.030338406999999790e-01	-5.713799346000000279e-01	5.515962894999999477e-01	-8.968326394000000201e-01	3.923011604000000152e-01	1.163843681999999990e+00	8.955320224999999690e-01	7.457114752000000568e-02	-1.520523483000000078e-02	1.716192822000000007e-01	4.863367835999999889e-01	-9.923008290000000509e-01	-6.671168967000000449e-02	-5.224599575999999690e-02	-3.730753614000000273e-01	2.814608442000000044e-01	1.007912469999999949e+00	-2.884088074000000224e-01	-1.472639522999999971e-02	9.961039379999999666e-01	2.368032617999999978e-01	7.365304974999999921e-01	-1.613171622000000027e-01	-4.370671744999999886e-01	-5.566363051999999589e-01	-5.425358579000000292e-01	8.894330928000000469e-01	3.973443221999999886e-01	4.058128424999999928e-01	-4.834383029000000054e-01	-7.348869462999999547e-01	-1.752577183000000038e-01	1.492810393000000069e+00	-9.140288098000000083e-01	1.034387251999999924e+00	-1.320546685999999914e+00	5.149566455999999848e-01	-1.555150542999999934e-02	-1.334415582000000045e-01	-1.645584743000000072e-01	1.049639371000000015e-01	1.475691878999999984e+00	7.632891404000000102e-02	9.741191460000000468e-01
-8.371499142999999643e-01	2.557173591999999940e-01	2.912510325000000067e-01	2.317158028000000092e-01	-4.210781906000000130e-01	5.464081974000000175e-01	-1.361169993999999939e+00	5.959682303000000125e-01	-7.227623280999999622e-01	-7.447275120000000637e-02	-6.925176913000000156e-03	-6.849341853999999508e-01	8.282956694999999980e-01	7.694384012999999634e-01	-4.307738009000000035e-01	-6.469038110999999480e-01	5.049328532000000314e-01	-9.543165693999999810e-01	8.213258289000000545e-01	1.344576895999999966e+00	1.048487605000000045e+00	-3.536834939999999872e-01	3.284564663999999662e-02	2.895067336000000102e-01	4.030608652000000069e-01	-8.520456544000000187e-01	-9.525674683999999686e-04	5.152574495000000060e-02	-2.699077873999999877e-01	3.331648072999999766e-01	1.128062364000000040e+00	-1.773485048000000008e-01	1.825146474999999879e-01	7.418978774000000165e-01	2.920039878999999838e-01	7.034776847999999472e-01	3.868583947999999773e-02	-2.742222488000000125e-01	-5.587784920999999683e-01	-4.090331742000000159e-01	7.298403868999999711e-01	3.621059307999999755e-01	5.808176012000000332e-01	-8.042327048999999839e-01	-7.065586565999999458e-01	-3.078028338000000086e-01	1.644185774999999960e+00	-9.442032244000000407e-01	1.031431500000000057e+00	-7.194385265999999612e-01	7.337207125000000385e-01	5.008363614999999935e-02	2.762899780999999999e-01	4.177856835000000046e-01	2.864749193000000124e-02	1.260552112999999919e+00	2.866316333000000216e-01	1.092536568000000097e+00
-8.591837768000000208e-01	3.172899626999999834e-01	5.733631649000000552e-01	2.600556106999999950e-01	-4.547505249000000083e-01	6.253618314000000122e-01	-1.400884409999999969e+00	8.842378402999999665e-01	-7.318076344999999705e-01	-3.277776298000000255e-01	3.509117415999999934e-01	-8.172858183000000221e-01	1.053358336999999922e+00	9.609022866999999968e-01	-5.630064458000000327e-01	-6.453190479000000535e-01	7.272137110999999932e-01	-7.796496719000000075e-01	3.861598286999999852e-01	1.277626872999999996e+00	1.035553345999999930e+00	3.248182513999999799e-01	-2.971480786999999846e-01	1.205402941000000006e-01	5.309060515000000313e-01	-9.430582450000000172e-01	-1.201921002999999932e-01	8.868109710999999562e-02	-2.565763356999999911e-01	3.446340025999999890e-01	1.030443943000000084e+00	-2.946296085999999814e-01	-1.601984102000000021e-01	9.403073889999999935e-01	7.343455880000000491e-01	4.608872082000000092e-01	-7.924372923000000402e-02	-4.072438722999999761e-01	-5.552058213999999658e-01	-4.313659556000000173e-01	1.066848344000000059e+00	3.381599382000000098e-01	5.187918863999999575e-01	-1.231462336000000102e+00	-6.120582849000000270e-01	-1.847104447000000038e-01	1.733796762999999963e+00	-7.590254649000000020e-01	1.184086892999999918e+00	-1.044547341000000018e-01	5.872186942999999548e-01	1.557440959999999985e-01	-3.066477160999999882e-02	-2.293873734000000109e-01	2.945789381999999734e-01	1.522013881999999985e+00	4.620494235000000005e-01	4.538360451999999823e-01
-9.441712382000000403e-01	2.662274581999999890e-01	3.915002805000000197e-01	2.612460493000000050e-01	-5.536331238999999682e-01	5.662560933000000407e-01	-1.429718620999999912e+00	6.288733022000000394e-01	-7.747791044999999821e-01	-6.291224497000000304e-02	5.283790470000000045e-02	-7.929235850000000418e-01	9.511263533999999575e-01	9.081993336000000472e-01	-2.304543156999999953e-01	-5.686948253000000397e-01	7.094747820000000260e-01	-9.321787750000000150e-01	8.161033715000000077e-01	1.398429139999999959e+00	1.145566681000000031e+00	-1.907549802999999877e-01	-5.344587038000000317e-02	2.528734959999999754e-01	4.440039176000000198e-01	-1.000322273999999956e+00	-2.772154236000000122e-03	1.299744230000000056e-01	-1.803807940000000110e-01	4.986382672999999932e-01	1.130171744000000089e+00	-1.601838891000000042e-01	1.947346181000000065e-01	6.186665410999999670e-01	9.431904467999999708e-01	8.969385867000000401e-01	7.130912293999999707e-02	-2.076428442999999902e-01	-6.746773645000000430e-01	-2.615882171999999728e-01	6.223424264000000372e-01	2.500007559999999907e-01	6.173347725000000175e-01	-1.251383270999999908e+00	-5.822520692999999525e-01	4.972014735000000046e-02	1.628353662999999951e+00	-7.936841249999999626e-01	1.058740189999999970e+00	-1.244921898999999943e-01	8.058745033999999974e-01	2.809095832999999875e-01	4.540205285999999729e-01	1.811250212000000137e-01	-2.047515577000000031e-01	1.559736628000000014e+00	6.330769013000000500e-01	4.367779876999999811e-01
-8.902425264000000116e-01	3.486587251000000109e-01	4.805365131000000067e-01	2.772261738999999836e-01	-4.563252756999999771e-01	6.255625455000000112e-01	-1.377180429999999900e+00	9.234863175999999951e-01	-8.189331372999999470e-01	-4.992119997000000198e-01	3.052297787000000096e-01	-7.980841121999999732e-01	1.102261353000000055e+00	1.069944049999999924e+00	-3.413189105000000168e-01	-6.369751245000000450e-01	1.000118244999999906e+00	-9.509891053000000261e-01	6.292215452999999625e-01	1.317162410999999977e+00	1.056060256999999947e+00	2.890983041999999892e-01	-5.700728713999999586e-01	1.915015542000000071e-01	7.191505969999999470e-01	-9.958777523999999826e-01	-2.053353698000000005e-01	-4.959122408000000287e-02	-2.170802928999999992e-01	3.159735888999999909e-01	1.000711450000000058e+00	-2.150531347999999898e-01	-4.843405055999999709e-02	1.065726265999999978e+00	1.098221858999999911e+00	7.984893535999999514e-01	8.635302267000000143e-02	-2.677765913999999858e-01	-7.317174537999999728e-01	-5.568164280999999827e-01	1.041692998999999897e+00	5.411555410999999705e-01	7.804887146000000220e-01	-1.408863972000000020e+00	-7.078843691999999743e-01	-2.259604800999999996e-01	1.435543706000000030e+00	-7.133171486999999589e-01	1.282679450000000054e+00	1.057486080999999967e+00	4.377785808999999917e-01	2.441245918999999931e-01	-1.997989473000000016e-01	-3.755494810000000183e-01	1.376596505999999887e-01	1.592231281999999970e+00	6.714725620000000506e-01	2.144100452000000101e-01
-8.939406087000000278e-01	3.423799511999999767e-01	4.318575820000000176e-01	1.984899858999999989e-01	-4.296987354999999842e-01	7.139985121999999906e-01	-1.386195625000000042e+00	6.792675109000000377e-01	-7.541821431999999881e-01	-1.849264885000000136e-02	1.969000687000000121e-03	-7.436827941000000441e-01	9.647153684000000506e-01	1.133477939000000045e+00	-5.519997781000000048e-01	-5.586807942999999499e-01	9.179234551999999603e-01	-6.570403926000000228e-01	7.140104597999999969e-01	1.299573545999999968e+00	1.067463272999999990e+00	-1.336703989999999953e-01	-2.153638518999999862e-01	1.852525402999999904e-01	4.352656254999999752e-01	-7.669861073999999501e-01	1.794245647999999915e-01	2.093529671999999897e-01	-2.889468164999999811e-01	4.803830485999999733e-01	1.024452185999999987e+00	-1.985294468000000090e-01	1.831530111000000127e-01	7.754107676000000504e-01	1.117558854000000101e+00	5.142285082999999979e-01	1.854508884000000135e-01	-3.103234463000000276e-01	-5.519379370000000451e-01	-2.821670365999999763e-01	7.671330068999999696e-01	5.168365539000000508e-01	6.647117117999999936e-01	-1.388955737999999940e+00	-4.463659676999999770e-01	-2.567407892999999941e-01	1.351058915999999943e+00	-5.961598703999999582e-01	1.112484561000000038e+00	1.069669321999999978e+00	7.874916999000000084e-01	1.019740434000000057e-01	5.391610433000000313e-01	-1.166484767000000033e+00	3.276106505999999974e-01	1.711088860000000045e+00	7.861308538000000290e-01	-4.493945587000000019e-01
-9.225539699999999455e-01	3.140478715000000198e-01	5.318070590000000264e-01	3.139236060999999745e-01	-4.573711657000000264e-01	6.849112156000000118e-01	-1.354538819000000061e+00	9.458698539000000016e-01	-7.568224380000000417e-01	-4.279959735000000154e-01	3.054329426999999875e-01	-8.768767816000000437e-01	1.156742377999999905e+00	1.119530797999999994e+00	-1.821134729999999979e-01	-6.610467230000000027e-01	1.212059511999999950e+00	-8.512461105999999944e-01	5.466765537000000119e-01	1.434641365000000057e+00	1.106763759999999985e+00	3.907325689000000213e-01	-6.663064667000000441e-01	-2.626370377000000061e-02	8.296114558999999611e-01	-1.062522441000000040e+00	9.599161016000000088e-03	3.424451483000000296e-02	-2.013206832999999973e-01	3.444194029000000046e-01	1.121199118999999911e+00	-1.707265564999999874e-01	-2.450635127999999940e-01	1.014250300999999910e+00	1.234804079999999971e+00	1.018638170000000009e+00	1.770371840999999946e-01	-1.890048564000000042e-01	-7.584686779000000545e-01	-4.831533190999999783e-01	9.921364336000000339e-01	5.410711194999999751e-01	9.145942797999999652e-01	-8.641912919999999998e-01	-3.517706999999999917e-01	-7.887583372999999731e-02	1.352777538000000002e+00	-4.970766347999999724e-01	1.389355024000000105e+00	1.612815453000000065e+00	6.177125837000000397e-01	2.888339542000000204e-01	9.785146681999999652e-02	-9.252136482999999689e-01	2.836640974999999898e-01	1.520810025999999926e+00	8.829752560000000416e-01	-5.763645914999999675e-01
-8.776690982999999502e-01	4.202650775999999810e-01	3.734665137000000024e-01	1.836553853000000014e-01	-3.906680191999999940e-01	6.932257831000000481e-01	-1.324316371000000103e+00	7.013898616999999502e-01	-7.049752819000000281e-01	-3.780792753000000034e-02	5.809922221000000248e-02	-8.127152192000000053e-01	9.848280776000000181e-01	1.100037747000000010e+00	-5.131158344999999787e-01	-5.102622626999999689e-01	1.165416642000000058e+00	-6.588954111999999474e-01	9.532077730000000360e-01	1.300696979999999892e+00	9.872196229999999906e-01	-2.126585407999999899e-01	-4.192770597000000099e-01	2.188274719999999951e-01	4.002891894999999756e-01	-7.947643705000000391e-01	3.720464465000000165e-01	6.126449904999999724e-02	-1.841688139000000057e-01	3.908778097000000229e-01	1.156554475999999942e+00	-2.165708560999999865e-01	4.024855830999999884e-01	7.465606030000000448e-01	1.263508502000000089e+00	6.657070334000000367e-01	1.399400527000000116e-01	-7.991616141000000562e-02	-5.712551026000000087e-01	-4.892056322000000179e-01	6.709145125000000043e-01	4.860734094999999977e-01	8.555284204999999975e-01	-1.174986308000000070e-02	-5.317125813999999950e-01	-3.348721760999999741e-01	1.416313536000000095e+00	-5.760352484999999856e-01	1.229040923999999979e+00	1.693635283999999963e+00	8.076292857000000325e-01	1.386728510000000136e-01	7.346593390000000223e-01	-1.727565247000000026e+00	6.328867689999999602e-01	1.368708851999999920e+00	9.098040290000000141e-01	-1.055027990999999998e+00
-8.966238472999999987e-01	4.247995330000000069e-01	5.394960115000000389e-01	2.558574866000000170e-01	-4.543233328999999876e-01	7.731098376999999688e-01	-1.357173895000000075e+00	1.032410182000000010e+00	-6.797952966000000430e-01	-4.204978026000000257e-01	4.234392150999999882e-01	-8.277377831000000130e-01	1.107343372000000103e+00	1.119959507999999992e+00	-3.199413607000000104e-01	-5.017502113999999791e-01	1.413166586000000002e+00	-6.019392563000000029e-01	4.478177434999999762e-01	1.351885266999999891e+00	9.916233076999999563e-01	1.517007999999999968e-01	-6.430149813000000103e-01	-1.096960686999999962e-01	7.675152490000000105e-01	-8.807468574000000272e-01	1.759196040000000072e-01	-1.004414094999999951e-01	-2.330244674999999988e-01	4.109033863000000064e-01	1.192173138000000021e+00	-2.216721714000000065e-01	1.212461524999999957e-01	1.194575779000000004e+00	1.374084204000000087e+00	7.740390453000000059e-01	7.441884581999999582e-02	-1.420358104999999982e-01	-6.306074593999999589e-01	-4.425688557999999939e-01	1.081287192000000008e+00	5.282795472000000325e-01	8.588681565000000351e-01	2.945774300999999817e-01	-4.984592405000000115e-01	-7.758896527000000432e-02	1.600061028000000052e+00	-4.054564660000000154e-01	1.414857642999999943e+00	1.423949351999999946e+00	5.039893662000000107e-01	2.027463000999999987e-01	4.709793201000000290e-02	-1.792305196000000045e+00	7.237301942999999627e-01	1.343805257999999947e+00	1.058950532999999972e+00	-1.384067179999999952e+00
-8.854851729999999588e-01	3.816171835000000123e-01	3.901598036999999741e-01	2.424414755000000032e-01	-4.478356639000000139e-01	6.974301899999999499e-01	-1.353851307000000004e+00	6.988738366000000202e-01	-7.848485942999999798e-01	-9.742888555999999756e-02	4.168928425000000167e-03	-9.114467876999999829e-01	9.450121425999999936e-01	9.625469050999999610e-01	-2.346931201999999939e-01	-6.950774844999999535e-01	1.197596483999999961e+00	-6.809091000000000449e-01	9.676702589000000243e-01	1.370764517000000016e+00	1.028919077999999931e+00	-4.466954946000000204e-01	-3.581600557999999879e-01	-4.535001912000000135e-02	4.412148029999999888e-01	-8.339456736999999453e-01	3.291928611000000116e-01	1.225742179000000043e-01	-7.918431093000000143e-02	5.015768640000000111e-01	1.337225005000000078e+00	-1.510414588000000002e-01	4.794536441999999732e-01	8.143440481000000508e-01	1.466455671999999932e+00	8.088538577999999646e-01	9.499544591000000371e-02	6.093967452000000062e-02	-4.761672551999999725e-01	-4.777163481999999739e-01	7.039041346000000088e-01	8.633606823999999680e-01	8.780700985999999597e-01	1.232724543000000006e+00	-1.118513416000000094e+00	-1.251232985999999880e-01	1.363418902000000044e+00	-5.738429443000000463e-01	1.454309311999999910e+00	1.099493397000000039e+00	6.475344762000000420e-01	7.655073921999999698e-02	3.480847850000000077e-01	-9.041275373999999587e-01	8.437288524999999595e-01	1.176024901999999983e+00	9.220866375999999809e-01	-1.145880814999999942e+00
-8.496340303999999621e-01	4.957218782999999740e-01	6.179993513999999522e-01	2.329479848999999880e-01	-4.115934656999999941e-01	7.466073572000000436e-01	-1.378545574999999968e+00	1.082144215000000020e+00	-7.353216347000000042e-01	-4.028140835999999836e-01	4.702577064999999834e-01	-8.987684379999999473e-01	1.098309369999999952e+00	1.023469528999999989e+00	-4.866799808000000227e-01	-5.410678302000000439e-01	1.202261116999999935e+00	-5.976610692999999586e-01	5.430155607000000106e-01	1.281839272999999890e+00	9.741182961000000029e-01	3.767278455999999859e-02	-6.144624148999999758e-01	-6.071449643000000063e-02	5.200562884999999635e-01	-8.733952485999999515e-01	-8.074209049999999527e-03	-1.585625212000000006e-01	-1.463295997999999876e-01	3.846278987999999788e-01	1.163773925999999959e+00	-2.478068431999999877e-01	9.166607291999999407e-02	9.928926959999999635e-01	1.795709132000000041e+00	3.160412308000000170e-01	-1.271322410000000069e-01	-2.160533766000000133e-02	-5.275513836999999873e-01	-6.380788872999999528e-01	1.044705076999999926e+00	3.276435632999999958e-01	9.261309332999999588e-01	1.437538583000000036e+00	-1.207171137000000005e+00	-1.281578463999999973e-01	1.555792405000000045e+00	-3.670089907999999901e-01	1.440259356999999962e+00	-1.609168062999999926e-01	5.673116824999999697e-01	-1.456253398000000032e-01	-5.216778351999999674e-02	-1.343875689000000095e+00	1.022133978000000054e+00	1.079151200000000088e+00	9.394288993999999615e-01	-8.099032894000000038e-01
-8.612523045000000099e-01	4.037750071999999801e-01	4.397599139999999740e-01	2.186089790999999893e-01	-4.799004749999999930e-01	6.587235644000000168e-01	-1.440361270999999999e+00	7.115616344999999843e-01	-8.068118337999999889e-01	-2.456922125999999942e-02	7.022709856000000639e-02	-8.812347897000000208e-01	9.703520605000000021e-01	9.871041074999999942e-01	-2.134351093999999893e-01	-6.136298759999999630e-01	9.785801444999999710e-01	-6.141115469000000271e-01	8.283566037999999798e-01	1.308556062000000075e+00	9.780702110000000227e-01	-4.653734106999999898e-01	-2.186514011000000035e-01	1.262712294999999985e-02	2.838047974999999834e-01	-9.243238592000000420e-01	1.227694396000000021e-01	2.827867249000000013e-02	-8.130102648999999737e-02	6.883749679999999760e-01	1.292515024999999929e+00	-1.232338337999999978e-01	3.598247813000000073e-01	7.084189119999999562e-01	1.628481306000000073e+00	5.298799200999999570e-01	-3.552151553999999961e-02	6.032597404000000080e-02	-4.393016793000000253e-01	-5.035921321999999867e-01	6.404071849000000372e-01	7.988828313000000403e-01	7.377186152000000385e-01	1.366080736000000018e+00	-1.240821563999999988e+00	-4.220410984999999754e-02	1.547767716000000071e+00	-5.162661166999999995e-01	1.301738030000000101e+00	-5.330451936000000224e-01	6.497523416999999579e-01	-5.238110600999999755e-02	3.850512106999999795e-01	-7.241952663999999817e-01	5.738690340000000001e-01	9.997349115000000452e-01	7.487232070999999545e-01	-4.454832235000000251e-01
-8.163455047000000020e-01	4.811213771999999778e-01	5.021473937999999526e-01	3.041844664000000198e-01	-3.087981150999999924e-01	6.001626743000000319e-01	-1.298942057000000094e+00	9.877089340000000384e-01	-9.231947579999999487e-01	-4.745680392000000136e-01	3.698851570999999727e-01	-9.672521791999999508e-01	1.083417438999999982e+00	1.053464638999999980e+00	-2.081361281000000119e-01	-5.320560818999999775e-01	1.089899901999999976e+00	-6.501912590999999741e-01	7.178746783999999659e-01	1.425819637999999889e+00	1.069817173999999982e+00	3.346368998000000088e-03	-5.424577527999999704e-01	1.734341701000000069e-01	7.842619976000000381e-01	-9.768369753000000211e-01	-3.114219055999999930e-01	-3.073141187999999802e-01	-7.273457377000000501e-02	3.696960810000000097e-01	1.221380029000000089e+00	-6.189720829999999924e-02	5.165575750000000327e-02	1.160632552999999900e+00	1.664545485000000102e+00	3.378003435999999970e-01	-1.473226139999999906e-01	2.252211567999999886e-01	-7.259625094999999639e-01	-7.845709602999999532e-01	1.050281175000000067e+00	1.803424742999999997e-01	1.074374305000000085e+00	7.064184640999999765e-01	-1.038274713999999932e+00	-1.942622506999999998e-01	1.486068582999999999e+00	-3.936538799000000033e-01	1.448043353999999949e+00	-7.726739993000000251e-01	7.317144211999999648e-01	-2.597328993999999946e-01	-6.593843729999999959e-02	5.698766892000000084e-01	4.183475194999999869e-01	9.943068950000000239e-01	7.314931421999999461e-01	7.020356234000000306e-01
-7.701822677999999867e-01	5.153974916000000350e-01	3.135461314999999916e-01	1.555420929999999924e-01	-2.505854109999999801e-01	6.133758638999999846e-01	-1.214307247999999895e+00	5.982959100000000419e-01	-8.588436071999999699e-01	5.524900255000000232e-02	-7.698360141000000489e-02	-7.695631952000000497e-01	9.012012518999999999e-01	1.249670107000000030e+00	-5.765918019000000339e-01	-2.696907080000000012e-01	8.571154274000000184e-01	-6.309334046000000251e-01	8.432778875999999979e-01	1.311091841000000091e+00	9.781716000000000300e-01	-3.544150405000000004e-01	-2.628309977000000131e-01	4.022760128999999796e-01	2.924099210000000171e-01	-6.358011454999999978e-01	-1.650384472000000075e-02	-1.101485794999999962e-01	-1.573121869999999922e-01	6.266998288999999778e-01	1.142697483999999930e+00	-1.614724898000000075e-01	3.666409641999999747e-01	7.940059697000000360e-01	1.589718197000000055e+00	-2.002615044999999927e-01	8.554128981999999798e-03	3.672204315000000135e-02	-4.256534842999999957e-01	-3.532191689999999995e-01	7.370986470000000512e-01	2.340909311999999909e-01	9.102837274999999728e-01	-1.004146141000000103e+00	-5.930424006000000192e-01	-5.230873663999999756e-01	1.544130521000000034e+00	-5.018599983000000542e-01	1.254205808999999894e+00	-2.591588102999999865e-01	9.415327571999999590e-01	-4.382300660999999820e-01	6.464373131999999744e-01	5.592976840000000310e-02	4.216255105999999753e-01	1.095862091000000094e+00	4.997592237999999853e-01	1.112651376999999941e+00
-6.924311537999999766e-01	4.706757972000000234e-01	4.815127469000000104e-01	3.467716878000000058e-01	-4.025565242000000293e-02	6.040482475999999767e-01	-9.912687664999999537e-01	8.932449033999999566e-01	-8.346985344999999779e-01	-4.881498437999999829e-01	3.790489584000000245e-01	-8.332708618999999928e-01	1.017321949000000059e+00	1.285410474000000081e+00	-2.958128049000000037e-01	-1.894052971000000085e-01	1.268388217999999901e+00	-7.072271772999999540e-01	4.171721211000000151e-01	1.509460712000000093e+00	1.090425095999999927e+00	2.658861080000000099e-01	-6.317131248999999782e-01	1.023352666999999966e-01	9.353357790999999866e-01	-8.483679491000000183e-01	-1.884011264000000074e-01	-2.515862457999999968e-01	-1.328494795000000062e-01	6.145340605000000345e-01	1.322656660000000040e+00	-1.300249058000000069e-01	-2.437041813999999973e-01	1.332740593000000029e+00	1.228993508000000068e+00	5.501325978000000116e-01	-7.257108366999999449e-02	2.169534333999999925e-02	-4.895439806999999921e-01	-6.468825473999999520e-01	1.192429243999999944e+00	1.028981536999999946e-01	1.264718524000000066e+00	-1.137085576999999903e+00	-2.634050464000000091e-01	-4.730673561000000027e-01	1.640701431000000099e+00	-3.458089154000000276e-01	1.651394709999999932e+00	5.670720889000000486e-01	9.184419889999999587e-01	-4.929620679999999755e-01	-1.160453297000000050e-01	2.196618207999999905e-01	3.173746602999999999e-01	1.110422451999999893e+00	9.216095148999999820e-01	9.077980089999999613e-01
-7.286184860000000096e-01	5.336169133999999481e-01	2.423485371000000110e-01	2.331868904000000131e-01	-1.314849351000000055e-01	6.005245374000000025e-01	-9.647312223999999770e-01	4.469174724000000154e-01	-8.463491442999999670e-01	-5.334262299000000311e-03	-1.348903338000000118e-01	-9.516892750000000012e-01	6.989358227999999951e-01	1.258040701999999955e+00	-2.615333243999999890e-01	-6.455286624999999334e-02	1.079368364000000025e+00	-3.853213938999999755e-01	1.020908444000000026e+00	1.610295247000000041e+00	1.090378317999999958e+00	-2.129150841000000127e-01	-4.591873860999999835e-01	2.624923975999999826e-01	7.035432059999999765e-01	-5.684473187999999899e-01	2.096674081000000078e-01	-1.858126787000000113e-02	3.961993159999999820e-02	5.623209727000000324e-01	1.571223814999999968e+00	-7.662885107999999924e-03	1.709918472999999994e-01	1.000348494999999893e+00	1.183603149999999937e+00	8.352087988999999935e-01	7.225556913000000248e-02	2.208784421999999970e-01	-2.997671353999999955e-01	-6.453129374999999612e-01	7.207057774999999777e-01	5.140168528999999875e-01	1.184148482999999974e+00	-2.435619528999999894e-01	-4.458856824999999913e-01	-7.514536534000000323e-01	1.557426329999999970e+00	-4.748644659999999851e-01	1.380112554000000102e+00	1.403794540999999896e+00	1.181719095000000053e+00	-6.018990457999999766e-01	6.020905250000000430e-01	-6.207069022000000214e-01	8.896940309999999963e-01	7.648051026000000086e-01	1.061076364000000050e+00	3.759579516000000066e-01
-7.632200759999999695e-01	7.070257634000000069e-01	5.417252597999999697e-01	1.864845129000000101e-01	-2.779796853000000012e-01	7.151853105000000044e-01	-1.197507405999999941e+00	9.570618234000000113e-01	-6.850295600000000373e-01	-3.320396655999999780e-01	5.008958155999999606e-01	-1.043645377000000041e+00	9.248450971999999659e-01	1.423035816000000064e+00	-4.873514615999999799e-01	-1.632703087000000053e-01	1.079322086999999986e+00	-2.151564853000000055e-01	3.888143470000000046e-01	1.426347940999999953e+00	8.219995466999999723e-01	1.038728460999999992e-01	-7.326000110999999482e-01	2.078687178999999996e-01	8.619592844000000254e-01	-7.376068661000000359e-01	1.564091780000000098e-01	-2.297190145000000128e-01	1.344166548000000072e-01	6.679088860999999877e-01	1.470006233000000107e+00	-2.568044179000000260e-01	7.289887310999999814e-02	1.284450354999999933e+00	1.308258289000000074e+00	7.478739764000000290e-02	-1.396914107999999988e-01	7.051944158999999546e-02	-2.383604035999999926e-01	-5.200958237999999678e-01	1.061228341999999936e+00	4.189549080999999814e-02	8.648870539999999885e-01	8.213974713999999677e-01	-3.172680332999999742e-01	-2.585137432999999874e-01	1.574963032000000096e+00	-2.739085897999999908e-01	1.378307790999999893e+00	7.766388201999999685e-01	1.203740059000000029e+00	-6.332956343000000210e-01	1.531920202000000009e-01	-2.078984263999999804e+00	1.294637036999999991e+00	8.809864456999999538e-01	1.260756650999999895e+00	-7.170515255999999615e-01
-8.929106485000000148e-01	6.585690965999999591e-01	3.184566856000000112e-01	8.933478501000000072e-02	-5.596474483000000166e-01	5.676894716000000507e-01	-1.365735946999999895e+00	6.181696062000000547e-01	-8.885620960000000235e-01	4.938197722999999872e-02	1.025692648999999984e-01	-9.970683446000000449e-01	6.955614370999999574e-01	1.232946493000000032e+00	-1.608353894000000006e-01	-5.606332144000000101e-02	6.214176127999999633e-01	-1.712175828999999982e-01	8.562030658999999488e-01	1.485558747000000013e+00	8.749176852000000171e-01	-2.823962662000000234e-01	-3.978722892000000066e-01	3.535416900999999723e-01	3.875345004999999898e-01	-5.826080661000000438e-01	4.570489390999999957e-01	6.297738165999999804e-02	1.395406482000000059e-01	8.800401540000000189e-01	1.514112732000000072e+00	-2.433442279000000083e-02	6.999434047999999464e-01	7.157253370999999698e-01	1.301358610999999943e+00	2.107865523000000130e-01	-2.773538098999999910e-02	2.200058163999999983e-01	8.127244720000000033e-02	-3.770088705999999901e-01	6.610777040999999965e-01	6.186599671000000411e-01	4.320860470999999814e-01	1.419853899000000030e+00	-1.554440005999999930e-01	-1.463126526000000094e-01	1.267414572999999933e+00	-2.822043465999999889e-01	1.106906844000000056e+00	3.941561137999999853e-01	1.203420804999999927e+00	-4.277592745000000085e-01	9.262323985000000537e-01	-7.961558333999999570e-01	1.525295805999999921e+00	4.233224042000000020e-01	1.128332729000000034e+00	-7.417006903999999734e-01
-1.174113307000000050e+00	9.999508509000000211e-01	3.802498207000000185e-01	1.439661016999999876e-01	-1.367280024000000038e+00	3.747401361000000097e-01	-1.600724419999999926e+00	1.194783523999999986e+00	-1.224533048000000068e+00	-5.749132391000000286e-01	5.533076691999999630e-01	-1.283993457000000005e+00	8.512232672999999750e-01	1.030387624999999918e+00	5.117908128999999473e-01	-2.527972687999999746e-01	2.544078446999999965e-01	-2.217480236999999910e-01	3.049172584000000019e-01	1.682139081999999952e+00	1.000729371999999895e+00	2.749737208999999960e-01	-1.060030762000000015e+00	4.275048396000000195e-01	1.305657526000000068e+00	-8.150689597000000397e-01	-3.314796016000000067e-01	-6.804341645999999466e-01	4.301642708999999787e-01	1.224271654000000042e+00	1.665498181000000022e+00	5.606648619999999861e-01	-1.037159690000000051e-01	1.236867147999999972e+00	1.539331277999999914e+00	7.875155274999999511e-02	-6.253315162000000482e-02	4.197682106000000246e-01	-1.300123337000000101e-01	-2.933064494000000022e-01	1.050308172999999901e+00	6.322805020999999748e-01	2.023558319000000050e-01	1.567518713999999980e+00	-4.956873976000000237e-01	4.219655924999999863e-01	5.810467744999999740e-01	1.043126245000000063e+00	1.046505352000000055e+00	2.163876859999999958e-01	1.314766727000000079e+00	2.266351702999999940e-01	-2.937476924999999836e-02	9.121255072999999713e-01	1.478104870999999987e+00	-5.789650576999999521e-01	5.326895908000000013e-01	-7.409711632000000048e-01
-1.416454601000000091e+00	1.253882047999999916e+00	5.294446495999999974e-02	-2.903410457000000014e-02	-1.976160962000000021e+00	5.000344601000000083e-02	-1.560090329000000109e+00	6.052837988999999475e-01	-1.435920571000000034e+00	-9.473401417000000546e-02	-2.237845428999999942e-01	-1.420960899000000000e+00	7.637265678000000335e-01	6.524705173999999497e-01	7.490259715000000540e-01	-2.358761450999999898e-01	-5.940922074000000164e-01	-5.674019770999999546e-01	6.774679981000000240e-01	1.730930429999999909e+00	1.132295030999999952e+00	-5.864207266000000252e-02	-1.149538796999999946e+00	8.779707226999999836e-01	7.706876152999999618e-01	-4.684704049999999786e-01	-4.306219730999999995e-01	-7.707695548999999868e-01	7.523780426999999715e-01	1.476393311999999902e+00	1.706270552000000107e+00	1.124993442999999926e+00	-3.791505612000000136e-01	6.563193491000000046e-01	1.444828411999999895e+00	5.266703713999999759e-02	4.923529010000000233e-02	6.241654080999999854e-01	-1.518833279000000036e-01	8.808304988000000002e-02	7.624944335000000128e-01	1.545227740999999932e+00	2.900845689000000061e-01	4.908935489999999846e-01	-7.777738354000000021e-01	2.034716967000000168e-02	-8.658621196000000630e-02	1.935286580000000090e+00	6.466531075000000461e-01	-5.107173192999999722e-01	1.115025970000000033e+00	8.031233919000000387e-01	1.523395059000000051e+00	1.390707809000000017e+00	1.174750624999999937e+00	-1.233881347000000073e+00	-9.401638911999999904e-01	2.035812443999999999e-01
-1.347455419999999959e+00	1.020017455000000073e+00	2.074394343000000029e-01	7.613066206000000669e-02	-1.940533806999999999e+00	2.573223604000000053e-01	-1.450538832999999972e+00	1.382377087000000060e+00	-1.099877371000000048e+00	-5.944496805000000217e-01	5.302290513999999844e-01	-1.417164212999999950e+00	1.062190557000000091e+00	6.793063121000000315e-01	2.936495827000000225e-01	-1.667108955000000114e-01	-1.948277793000000035e-01	-7.320078299000000177e-01	2.521536650999999796e-01	1.557544604000000055e+00	9.210596859999999886e-01	7.304644348000000065e-01	-1.425776879999999913e+00	1.027467944999999938e+00	1.379347359000000051e+00	-6.307607230999999759e-01	-4.403733215999999784e-01	-1.056078697000000011e+00	1.112588365999999940e-01	6.898668403000000060e-01	1.349480972999999917e+00	9.013017379000000107e-01	1.427141482000000017e-01	1.446611603000000024e+00	8.207448021000000038e-01	-5.735324653999999966e-02	1.739238881000000070e-01	-1.911713780000000029e-01	-6.720092556000000217e-01	-1.411625337999999896e-01	1.058497795000000075e+00	2.966531377000000136e-01	-4.760640109000000009e-02	-1.056717895000000018e+00	2.544655164999999886e-01	-1.136565298000000029e-01	-7.291599090000000505e-02	1.364862443999999897e+00	5.098590695000000395e-01	7.411240829000000085e-02	1.295468316000000009e+00	8.108794563000000233e-01	1.127610680999999948e+00	7.172702757000000151e-01	8.305630023000000195e-01	-1.228523910000000052e+00	-1.410269232999999955e+00	-3.553745943000000129e-01
-1.100487463000000110e+00	7.232507791000000186e-01	1.447107089999999929e-01	1.348098788000000048e-01	-1.226556946000000092e+00	5.806410252000000494e-01	-1.437391435999999967e+00	5.897397317000000472e-01	-9.679424587999999607e-01	-2.242332092000000054e-01	-1.450849973999999987e-01	-8.812535492999999942e-01	7.047289545999999572e-01	5.343448552999999768e-01	-4.117980186999999903e-01	4.356209875000000183e-03	-3.008265345999999729e-01	-3.731848445000000014e-01	1.526871432999999945e-01	1.338117621999999951e+00	1.104349720999999951e+00	-5.811270316000000102e-02	-2.325494640999999918e-01	8.388711499000000016e-01	4.194916552999999881e-01	-1.541243217999999915e-01	1.164862606000000023e-01	-3.522244021000000003e-01	-3.372398481000000170e-01	8.318058513999999626e-01	1.232108688999999924e+00	2.879750913999999939e-01	6.514066018999999930e-01	6.572687182999999989e-01	8.282193109999999581e-02	-2.957057260000000021e-01	3.871959721999999882e-02	-2.578085809999999811e-01	-4.220755547000000218e-01	-1.969982864000000000e-02	7.914883402000000290e-01	2.641640744000000041e-01	-9.039402987000000333e-01	-9.088070493000000027e-01	1.074507281000000036e+00	-6.090427054999999479e-01	3.445990093999999893e-01	3.172544322999999999e-01	3.254094345999999915e-01	9.720438835000000388e-01	4.464316851999999836e-01	2.018395325000000018e-01	4.017320133000000237e-01	4.815721284000000213e-01	1.223571503000000060e+00	-1.107069276999999907e+00	-1.536493810999999932e+00	4.082682040000000234e-01
-1.023756528000000054e+00	9.168820717000000231e-01	3.450041661000000093e-01	3.039870874000000049e-03	-1.159503803000000000e+00	5.124445291000000458e-01	-1.548018420000000006e+00	1.129015451999999975e+00	-7.727685667999999453e-01	-7.101029585000000477e-01	4.340593694000000058e-01	-8.273094272000000027e-01	1.024329531000000015e+00	8.568921258999999679e-01	-4.995761846999999811e-01	-9.189444607999999737e-02	-1.845848810999999867e-01	-6.794421426000000208e-01	-3.447701998000000240e-02	1.449001796999999980e+00	4.664574665999999814e-01	3.985970710999999778e-01	-9.776219160000000352e-01	-8.352028892000000829e-03	1.120043620999999989e+00	-5.370949203999999533e-01	-2.877031308999999926e-01	-9.336794364999999596e-01	-3.329480271999999963e-01	9.782314719000000380e-01	9.831294855000000110e-01	3.957425245999999786e-01	-1.399282548000000126e-01	1.214492976999999918e+00	7.712039876000000016e-02	-1.115173889999999890e+00	-5.031103650999999566e-01	1.344707168000000008e-01	-4.717404508999999968e-01	-1.404044936999999937e-01	8.609644908000000374e-01	-8.002235207999999766e-02	-7.244569911999999556e-01	-1.041398151000000105e+00	1.137457779000000002e+00	-1.047513667999999898e+00	5.097774750000000354e-01	7.843395879000000237e-01	9.487073682999999646e-02	1.763365383000000008e+00	9.831292761000000047e-01	7.329733414000000336e-02	3.558987593999999866e-01	-4.075857496999999996e-01	1.633376069999999958e+00	-1.212815433999999915e+00	-1.733659937999999956e+00	4.091373180999999803e-01
-9.974553887999999535e-01	7.196682895999999552e-01	1.926573282000000054e-01	-7.629809709000000273e-02	-1.006101925999999924e+00	3.041529928999999743e-01	-1.404494925999999921e+00	2.793869072999999870e-01	-7.964305475999999828e-01	-2.270999226000000037e-01	-2.304004463000000058e-01	-7.685598170999999867e-01	5.266854617999999766e-01	1.056446623000000029e+00	-7.570398224000000065e-01	1.144255046999999997e-01	-4.227720124000000079e-01	-7.252855216000000382e-01	5.768590166999999491e-01	1.177787727999999978e+00	8.894235832000000341e-01	-1.005636436000000022e-01	-2.755682239000000200e-01	4.601750164000000254e-01	-1.459759077000000009e-02	-3.986593063000000159e-01	4.666596044999999915e-01	-2.899774507999999806e-01	-1.381591261000000015e-01	5.064201327999999780e-01	1.165407588000000105e+00	1.666450878000000080e-01	1.020730622999999948e+00	7.254972665000000154e-01	-2.721700667999999990e-01	-1.951701116000000014e-01	1.368481846000000057e-01	2.724753465000000208e-03	-6.504142975000000160e-01	-3.296099941999999783e-01	5.323528006000000090e-01	-2.181419106999999968e-01	-1.038117603000000111e+00	3.724918744999999864e-01	1.012549367000000089e+00	-9.329264346000000208e-01	4.505622173000000119e-01	-2.207927867000000072e-02	3.010679283000000095e-01	1.643260989999999921e+00	8.031000633000000555e-01	-2.647929083000000183e-01	4.584700588000000243e-01	-6.180867887000000005e-01	1.326508550000000008e+00	-7.836616214999999608e-01	-1.099816611999999916e+00	-2.416828283999999938e-01
-9.474686542000000378e-01	6.640279136000000193e-01	4.684961900999999873e-01	6.452000907999999590e-02	-9.780946826999999955e-01	4.320161542000000021e-01	-1.535648118999999978e+00	9.962729028000000264e-01	-6.951808613000000081e-01	-9.529588748999999748e-01	6.272081025000000309e-01	-9.604592353999999998e-01	8.660437087000000256e-01	1.292326517000000008e+00	-4.138993315999999756e-01	-1.956440497999999972e-01	-1.201633200000000040e-01	-3.129732162000000151e-01	1.687149217999999937e-02	1.226061775000000020e+00	4.746923020000000104e-01	2.975238134000000034e-01	-4.084775675999999800e-01	-7.089541105999999995e-03	1.245524638000000017e+00	-9.250865068000000413e-01	-2.209961424999999924e-01	-8.017038095999999836e-01	-1.868538751999999914e-01	1.136651035999999976e-01	1.152304586000000075e+00	9.580777993000000325e-02	-1.048164297000000050e-01	1.289860438999999914e+00	7.021097541000000108e-02	-7.602671950000000622e-02	-1.427715129999999888e-01	5.390071340000000127e-02	-7.486667238999999974e-01	-7.967562862999999496e-01	8.625051894999999913e-01	-4.274430315000000286e-02	-6.647238375999999782e-01	9.853810562000000495e-01	6.832790177999999992e-01	-4.985753434999999900e-01	3.785834730000000037e-01	1.692584973000000048e-01	3.757888222999999916e-01	1.628095327999999897e-01	9.757729242999999553e-01	-1.110820644999999940e-01	-3.858760730999999944e-01	1.951392775000000135e-01	1.582874781999999980e+00	-4.081116745000000212e-01	-7.279487967000000115e-01	-3.205307993000000022e-01
-9.999617843000000450e-01	5.952778132999999583e-01	1.059746452000000054e-02	1.269664517999999909e-01	-1.017701884999999917e+00	3.300750697000000011e-01	-1.445179068999999927e+00	4.902043907999999867e-02	-1.071519727000000088e+00	-1.106518232999999934e-02	-2.947457239999999867e-01	-8.036140333000000302e-01	2.924826497999999941e-01	1.163078225000000021e+00	-4.097084668000000041e-01	9.283274507000000009e-02	-6.234964803000000444e-01	-7.490835131999999952e-01	7.134464972999999821e-01	1.280358367999999913e+00	8.211042356000000098e-01	-3.726665734999999868e-01	-1.156066654000000027e-01	2.813544830999999968e-01	-2.248011317999999981e-01	-3.484110568000000074e-01	2.840821177999999780e-01	5.251908403999999697e-02	-7.469507705000000275e-02	6.188931440999999589e-01	1.332827521000000015e+00	3.574511966000000207e-01	9.488609582000000486e-01	4.298864002000000184e-01	2.976262912999999913e-02	3.447753787000000236e-01	5.346605684999999886e-02	9.765264580000000347e-03	-7.434049305000000052e-01	-3.964581119999999737e-01	6.531702994000000428e-01	9.981076182000000463e-01	-9.241957791999999561e-01	1.306261962999999970e-01	4.377744089000000227e-01	-9.180399201000000176e-01	4.740765242000000157e-01	-3.226227016000000059e-01	6.829202011999999655e-01	4.451714305000000205e-01	5.848290325999999650e-01	-1.421974436000000008e-01	3.783280974000000074e-01	1.160470683000000003e+00	1.158972007000000026e+00	-8.321486207999999607e-01	-6.353916312999999816e-01	7.575536594999999762e-01
-9.787517897999999938e-01	7.121602514999999523e-01	5.301188632000000123e-01	6.576603575999999396e-02	-1.052713498999999997e+00	6.388561392999999589e-01	-1.600371975000000058e+00	1.161459197999999970e+00	-8.292824608000000097e-01	-9.870258911999999496e-01	9.388127029999999706e-01	-1.030407053000000017e+00	8.859877168999999997e-01	1.211143297000000008e+00	-3.334486472000000035e-01	-3.732279780000000158e-02	-2.923869584000000077e-01	-6.093829307999999445e-01	1.137738013999999992e-01	1.195312743999999983e+00	1.508022827000000086e-02	4.546012905999999854e-01	-1.270981799000000079e+00	-4.030309189999999875e-01	1.622391109999999914e+00	-1.000238793000000070e+00	-4.879011813999999947e-01	-1.031589649000000053e+00	-4.037732532999999818e-02	9.835397794000000360e-02	9.950080742000000367e-01	2.939912358999999809e-01	-5.010532666000000468e-01	1.278030006000000052e+00	2.782429189999999775e-01	-2.092824678999999910e-01	-2.248696685000000084e-01	1.290866417000000044e-01	-1.045470855999999893e+00	-7.699388470000000373e-01	1.057428129999999911e+00	2.375344701000000058e-01	-3.184204746000000030e-01	5.977800838000000283e-01	-3.393278384000000258e-01	-8.160177217999999844e-01	2.114723564000000056e-01	3.960944063999999876e-01	6.952152807000000490e-01	1.600815308999999909e+00	1.106753826000000052e+00	-3.218058803999999939e-02	-4.252742218999999713e-02	-5.313483895999999707e-01	2.038447532000000173e+00	-1.373601464999999910e+00	-5.614677112000000525e-01	-6.527918772999999897e-01
-9.667729936000000190e-01	5.352675404000000192e-01	-2.227548630000000113e-02	8.109648738999999940e-02	-9.655863432000000302e-01	4.214245558999999974e-01	-1.506899613000000082e+00	3.910921942000000068e-02	-1.079038860000000044e+00	2.408334639999999971e-01	-3.607039844000000106e-01	-9.470682093000000190e-01	7.868288127000000465e-02	9.800694436000000342e-01	-6.428324031000000049e-01	2.027298225999999981e-01	-7.939448448999999464e-01	-4.842817560000000077e-01	7.746629344000000028e-01	1.276199244999999927e+00	1.084940556999999917e+00	-5.959173397999999455e-01	-3.439847833999999938e-01	5.412092192999999885e-01	-1.070713108000000080e+00	-1.479072657999999929e-01	7.061189126000000371e-01	1.150208053999999952e-01	-2.116973554000000091e-01	6.568332507999999903e-01	1.548148306999999946e+00	5.635962805999999992e-01	1.605914454999999963e+00	3.487716811000000083e-01	-1.265553436999999892e-01	-4.068209258000000106e-01	6.322907276000000465e-02	-7.317646934999999520e-02	-7.883179243000000280e-01	-2.402048980000000000e-01	5.935036879999999737e-01	5.016275376000000064e-01	-8.789639652999999830e-01	1.369629023999999973e+00	-1.239171457000000087e+00	-1.183391859000000101e+00	-2.139543020999999934e-01	-5.401502798999999744e-01	7.431653611999999853e-01	4.246967112000000211e-01	2.986963550999999772e-01	-2.798067978000000067e-01	4.366458368999999728e-01	5.679655258000000373e-01	1.629709569000000080e+00	-1.893938048999999957e+00	-9.824469541000000472e-01	-5.410677678999999962e-01
-1.045725022999999920e+00	7.071096525000000188e-01	7.947267542000000518e-01	2.477390083000000076e-02	-1.290990244999999925e+00	5.922477720000000057e-01	-1.857465337000000050e+00	1.341844303000000016e+00	-8.066827264000000497e-01	-1.372806431999999965e+00	1.300374721999999927e+00	-9.898542500000000466e-01	1.126585705999999965e+00	5.379199802999999891e-01	-5.226256732000000155e-02	-2.244864728000000031e-01	-4.273458788999999758e-01	-4.875845636000000205e-01	-1.112716197000000046e-01	1.410400432000000093e+00	-4.745079252000000136e-01	6.108584750000000119e-01	-1.177481943999999947e+00	-8.835232374000000499e-01	2.766457781999999810e+00	-1.621567640000000088e+00	-8.528377146000000186e-01	-1.587757950999999945e+00	-8.513639321999999510e-02	1.762560192000000026e-01	6.791935050999999834e-01	5.119914407000000223e-01	-1.760476974999999999e+00	4.900924741000000084e-01	1.031643047999999951e-01	-4.182525302999999806e-01	-6.831618097999999639e-01	5.305343384999999801e-01	-6.892066839999999583e-01	-1.166968734999999979e+00	1.858498465000000044e+00	1.619286356000000093e-01	-7.152255963999999688e-02	1.130169245000000044e+00	-1.577505863999999924e+00	-5.979875091999999892e-01	-7.164510920000000116e-01	1.082951196000000005e+00	8.515907596999999774e-01	3.839472147999999918e-01	1.433109882999999973e+00	3.071714043000000061e-01	-3.275305357000000139e-01	1.360303660000000026e+00	2.441032684000000064e+00	-2.122731182999999966e+00	-1.641209155000000086e+00	-1.135999245999999907e+00
-2.164174507999999886e+00	1.389146242999999892e+00	-7.117200422999999665e-01	-7.477403743999999630e-01	-3.750308593999999829e+00	-1.560683169000000037e+00	-1.558709742000000009e+00	-2.270725748999999904e+00	4.832459527999999893e-01	1.454594766999999900e+00	-2.221910529000000079e+00	-4.496841328999999776e-01	-4.082430752999999801e-01	-1.763547273999999943e-01	-2.041392096000000170e-02	-6.290252581999999926e-01	-2.336569405000000099e+00	3.480776015000000001e-01	-1.251645174999999943e+00	-1.879804993000000035e+00	2.853290835000000136e+00	-8.158648172000000365e-01	-1.216454192000000045e+00	-4.385121104999999964e-01	-2.776693496000000039e+00	1.306526188999999949e+00	1.564454028000000108e+00	1.042839269999999985e+00	-6.824060136999999804e-01	3.288584755000000026e+00	-1.985556046999999852e-02	1.440238748000000069e+00	3.265800092000000099e+00	2.106382341000000213e+00	-1.835908832000000102e+00	1.877059856000000027e+00	-5.927527851999999653e-01	-6.692611964000000357e-01	-9.398444894999999910e-01	-4.385210851000000132e-02	-1.035100141000000057e-01	8.631031526000000342e-01	1.639123670999999893e+00	-1.125480245000000101e+00	-3.597050883000000088e+00	-3.647380726000000184e-01	-1.815209711000000059e+00	-2.590440533999999739e-01	2.088396672000000009e+00	-2.446896074000000088e+00	2.534765091999999775e-01	1.007535158999999902e+00	4.817549561999999730e-01	6.740475384999999875e-01	-6.442091039999999769e-01	-5.238093655000000126e+00	-2.562761575000000125e+00	-1.215507762999999963e-01
-1.714208661000000022e+00	8.851398165999999623e-01	4.257975428999999923e-01	1.567080087000000121e-01	-4.545499670999999964e+00	8.158466404999999977e-01	-9.794597620999999643e-01	-8.068123085999999722e-01	-9.732632959000000472e-01	-2.492801891000000047e+00	1.024323813999999944e+00	-1.173289520999999946e-01	-1.393502290000000032e+00	-2.278511416999999817e+00	-2.724103578999999886e+00	-1.296778296999999913e+00	-7.774417595000000514e-01	-1.038127907000000016e+00	-3.843349957000000039e+00	7.980770385999999661e+00	-3.825793628000000002e+00	-1.877347140999999997e+00	-5.515935284999999855e-01	-3.643844501999999874e-01	1.356561775999999941e+00	3.254336627999999898e+00	-7.896541016000000468e-01	-3.123918919999999932e+00	-7.110726135999999586e-01	7.925498888000000186e-02	2.126670844000000116e-01	9.520757233999999514e+00	-3.280027033000000092e+00	-3.664257185999999944e+00	-4.300212131000000215e-01	-2.782107087999999839e-01	-1.736085776999999997e+00	-2.275322216999999814e+00	1.676185972999999940e+00	1.572598750999999906e+00	5.849312774999999576e+00	-3.687590889999999844e-01	-4.819519758999999959e-01	-1.481357483000000030e+00	-2.111725932000000139e+00	-5.355203499999999783e-01	-1.713847013000000086e+00	-1.983107248999999905e+00	4.339184516999999630e+00	-6.408131661999999507e-01	-2.499359806000000184e+00	1.262723328000000089e+00	-5.337580346000000198e+00	-1.723034162000000036e+00	-1.741364201999999972e+00	-3.919272247000000209e-01	-1.976513481000000017e+00	-1.019210181999999909e+00
-1.663866478999999954e+00	7.737391708999999951e-01	-3.597652270999999846e+00	-1.148494085999999914e+00	-1.746385693999999988e+00	-2.494446289999999955e+00	-2.071165827999999820e+00	-7.371766680000000349e+00	1.142444494999999977e-01	1.213527723999999974e+00	-3.909094375000000010e+00	2.068973898999999950e+00	-4.300406739999999672e+00	-4.355775235000000301e+00	-7.970424484999999448e-01	-4.115445153999999772e-02	-5.728133032999999763e+00	-3.905041279999999837e+00	-3.630013615000000193e+00	-1.111601317999999949e+00	-7.135820994000000361e+00	-5.692352078999999954e+00	3.670221932000000020e+00	-1.329052890000000042e+00	9.807338496999999933e-01	-9.923414547000000141e-01	-3.173077403999999824e+00	-2.615649107999999945e+00	1.721829150999999891e+00	2.628611462999999926e+00	-4.974486899000000184e-01	1.022169550000000093e+00	1.740295552999999940e+00	-2.652374098000000124e+00	-1.350340300000000049e+00	1.209450504999999954e+00	2.095775535000000023e+00	2.604394667999999857e+00	3.177573717000000020e+00	2.729182960999999796e+00	-5.675125276000000163e+00	3.343460676999999936e+00	1.404946695000000023e+00	-3.530239169000000121e+00	-2.366956011000000137e-01	1.627762665000000109e+00	-2.725990283999999875e+00	1.437252994000000061e+00	-1.917038188000000032e+00	-1.756761121000000037e+00	4.525487552000000413e+00	2.288914742999999863e+00	7.181566627999999675e+00	-4.314429392999999946e-01	1.006796886000000057e+00	-4.970257694999999920e-01	-3.730913328999999834e+00	1.558767969999999892e+00
3.627181644999999843e+00	-1.361862168000000040e+00	-5.696182621000000168e+00	-1.433153691999999868e-01	1.842354915000000037e+00	-9.501825211999999965e+00	1.462503692000000077e+00	-2.778654647999999838e+00	-1.749984036999999937e+00	-5.896072503000000076e+00	2.529946750000000133e+00	-1.518891736000000048e+00	-1.978187965999999909e+00	-3.551168504000000059e+00	-2.549755997000000107e+00	6.099630484000000408e+00	-2.621085890999999890e+00	-2.240682280000000137e+00	-6.061677515999999599e+00	-1.455222317999999904e+00	-5.964285173999999579e+00	-2.529233057999999978e+00	-5.947959302000000115e+00	2.489670811999999955e+00	-7.709004254999999972e+00	-2.664571823000000172e+00	5.842755205999999646e+00	7.608525255000000431e-01	-7.436246962000000460e-01	-2.055701832000000007e+00	8.985702976999999647e-01	-1.581325204000000095e+00	7.292466383999999913e+00	-7.723836662999999936e-01	-6.094504429999999737e-03	6.559459693000000424e-01	-3.121607264000000104e+00	-5.087573589999999868e+00	-6.385673966999999784e+00	-3.262199896999999904e+00	1.130872971999999921e+00	-6.339719054999999770e+00	7.561774392000000233e-01	2.800338686000000132e-01	4.886753805999999756e+00	1.150822382999999949e+00	-1.588644146999999895e+00	1.177666909999999900e+00	6.741865237999999927e-01	2.912358751999999940e-01	5.756804089000000513e-01	1.353037561000000055e+00	-2.139777737000000180e+00	3.823815418000000022e-01	-2.089897684999999949e+00	1.365695236000000090e+00	2.509011847000000017e+00	2.233623602000000208e+00
1.020468410000000103e+00	-2.793172769000000222e-01	1.582495486000000007e+00	1.064085627999999950e+00	6.328725524999999630e-01	-3.795063067000000179e-01	7.454458580999999695e-01	2.621995529999999963e+00	1.873610452999999954e+00	-4.892961761999999659e+00	3.819334215000000032e+00	2.068030783999999844e+00	1.816026200999999896e+00	9.447151354999999695e-01	-2.097445953000000030e-01	1.166955479000000018e-01	3.054349070000000221e+00	-7.872823168000000482e-01	-2.523862263999999911e+00	-1.758155568000000057e+00	6.799899904999999745e-01	-2.672506131000000007e+00	-3.878942507000000095e+00	-7.563921823999999461e-01	-3.190633258000000194e-01	-1.896952575000000030e+00	9.147229226999999963e-01	-1.238753773000000002e+00	-2.475712481000000020e-01	-9.898514086999999906e-01	8.672413368000000400e-01	1.268303624000000074e-01	-3.139069995999999918e+00	2.295797750999999831e+00	-2.012690491999999942e+00	-5.017038602000000180e-01	3.109641573000000214e+00	7.159875790999999934e-01	-2.275931667000000047e+00	-1.440124658000000002e+00	1.406776502000000040e+00	1.588436565000000134e-01	3.334933819000000105e-02	1.106499928999999938e+00	-1.009411440999999909e+00	-1.551861850999999959e+00	-2.511253636999999816e+00	-1.235263677000000060e+00	-9.015184158000000281e-01	-1.033853566999999973e+00	1.227683234999999984e+00	5.491063434999999826e-01	8.927471476999999656e-01	3.040299926000000208e-01	1.033743193000000060e+00	-7.759118059999999817e-01	9.887258974000000533e-01	-1.758225968999999944e+00
1.151838909000000077e+00	-9.630821866000000009e-01	-4.123821341000000196e-01	6.130529574999999953e-01	7.107119841000000271e-01	-1.687386455999999868e-01	1.057884459000000055e+00	-7.476739862000000292e-01	4.107168513000000187e-01	-5.507702989999999632e-01	-2.157878822000000030e-01	5.415571801999999879e-01	-1.264706480000000077e+00	1.834529122999999928e-01	-1.702675859999999985e-01	7.002431668999999914e-01	3.799544510000000264e-01	-1.192124732999999992e+00	1.774484011000000139e-01	2.842442531000000105e-01	-1.341787046000000094e+00	-6.522061547999999931e-01	1.567238511000000001e+00	-4.675143857999999875e-01	-1.976309464999999932e+00	-1.242906394000000025e+00	2.129922971000000054e+00	9.777171077999999849e-01	-5.415373571999999580e-01	4.676148171000000242e-01	4.041324295000000011e-01	-2.463917190000000090e-01	1.173629468999999981e+00	-1.180205828000000068e+00	-1.554343312999999949e+00	-2.099679661999999947e-01	1.623557697000000077e+00	-2.419835442000000114e-01	9.261656283000000434e-01	-1.186843896999999926e+00	-1.864343022999999988e+00	6.149231469000000505e-01	3.604354611000000208e-01	-1.700763061999999992e-01	-2.031140888999999894e-01	-1.332336656000000064e+00	-2.291764274000000157e+00	-1.827750419000000015e+00	-2.057256307999999922e+00	-9.456674525999999581e-01	-2.309422616000000039e-01	-6.371255713000000265e-01	-1.320159818999999901e+00	9.823876051000000054e-01	-1.406674860999999943e+00	-1.537544688000000104e+00	-9.277037596999999636e-01	5.650292554000000411e-01
1.026956846000000034e+00	-8.814354170000000543e-01	1.017669936999999969e+00	4.934945155000000083e-01	6.738016021999999605e-01	2.086110327000000042e-01	9.389545279000000022e-01	5.412015802999999847e-01	3.635913806000000137e-01	-1.516323416000000091e+00	6.801261569000000007e-01	3.655898724000000155e-01	4.341260001999999729e-01	2.535619772000000105e-01	-9.272005275000000379e-02	3.207997181000000197e-01	6.858174672000000305e-01	-1.106306540999999921e+00	-2.585629945999999846e-01	-1.528574902999999985e+00	-3.266353934999999820e-01	2.430281125000000042e-01	3.081910273999999839e-01	-1.693620710999999890e+00	4.013596202999999973e-01	-1.532261335000000058e+00	9.378794924000000144e-01	-8.543584680000000375e-01	-7.519097255000000146e-01	-1.559173921000000032e-02	-6.356570057999999523e-01	1.450318057999999966e-01	-1.105053271999999920e+00	4.740425179000000155e-01	-1.426816464999999923e+00	-1.208656218000000032e-01	1.329693016000000005e+00	1.575881849000000112e-01	-2.048643386000000011e-01	-1.519919376999999905e+00	1.497662707000000093e-01	-1.037614363000000095e+00	8.973120091000000298e-02	-1.307634723000000054e+00	1.036041774000000082e+00	-1.278598018999999919e+00	-1.878737115999999929e+00	-1.046224728999999964e+00	-1.416233630000000021e+00	-5.925114819999999921e-02	4.050039898000000194e-01	6.773834920000000592e-02	-4.030685605000000060e-01	6.633644088000000272e-01	6.363367624000000333e-01	-9.122696794000000331e-01	-9.085289516000000232e-01	2.855017320000000081e-01
8.081316256999999670e-01	-1.057422757000000102e+00	4.674026669999999800e-02	5.400908192000000163e-01	6.444731816000000002e-01	7.043452944000000437e-02	9.927789823999999541e-01	-4.340620250000000180e-01	-8.339426665000000682e-02	-4.688767173000000232e-01	-1.842438630000000077e-01	5.781434002000000044e-02	-6.928121179999999768e-01	-6.533435814000000674e-02	3.886866720000000108e-01	6.808022852999999763e-01	2.229031851999999925e-01	-1.362381207999999955e+00	3.358660826000000044e-01	-1.029463751999999954e-01	-1.090816223000000029e+00	3.634486909999999904e-01	1.350556851999999974e+00	-1.049218927999999940e+00	-1.192309736999999981e+00	-1.100040880999999970e+00	1.775350771000000050e+00	7.022065883000000452e-01	-4.674489720000000181e-01	4.131959973000000064e-01	-2.899427733000000118e-01	-9.399330027999999726e-02	9.845373792999999596e-01	-8.954638202000000380e-01	-1.494414402999999947e+00	5.098523807000000518e-01	1.413499381000000055e+00	-6.666273051000000116e-01	6.597538266000000373e-01	-9.732841414999999774e-01	-1.234159030999999906e+00	-2.829021096000000068e-01	-4.067519732000000054e-01	-3.731146162000000266e-01	9.343145943999999758e-01	-1.623125767999999969e+00	-1.797820454000000012e+00	-1.665442276000000055e+00	-1.665387189000000046e+00	1.023914025000000061e+00	2.807848981000000133e-01	-4.199231680000000133e-01	-1.324050274000000138e-01	3.414816891999999937e-01	-3.220561295999999768e-02	-1.114880421000000066e+00	-5.948803459999999488e-01	-1.202248103000000054e-02
8.012427072000000150e-01	-9.178106703999999727e-01	7.715915971000000262e-01	5.665571683000000247e-01	6.457923666999999535e-01	2.226678488000000122e-01	9.345911033999999562e-01	3.289971572000000011e-01	9.389126836000000198e-02	-1.219543226000000091e+00	4.978305299999999933e-01	-8.813274752999999961e-02	2.396561668999999950e-01	7.941098793999999683e-02	5.809934315000000460e-01	5.341486403000000188e-02	5.226877529000000244e-01	-9.917508168999999985e-01	-2.568775136000000028e-02	-9.744270362000000407e-01	-4.011405652000000210e-01	9.176230600000000182e-02	4.406876611000000166e-01	-1.534585313000000006e+00	3.579254904999999987e-01	-1.401380306999999936e+00	9.392282835999999913e-01	-3.629230573000000182e-01	-4.351670746999999895e-01	-8.714840842000000365e-02	-4.110699170000000069e-01	5.080311780999999943e-02	-5.904358039999999530e-01	1.384153850000000019e-01	-9.683972794999999856e-01	-2.872269027000000016e-02	1.380677833000000021e+00	2.701240419000000004e-01	2.196040400000000004e-01	-1.336653450000000021e+00	-4.700872398000000008e-02	-7.086012390000000494e-01	1.220605243000000006e-01	7.902147640000000139e-01	1.396242881999999914e-02	-1.361863100000000104e+00	-1.927496753000000007e+00	-1.048273656000000109e+00	-1.200997539999999919e+00	1.249611954000000025e-01	7.042556974000000469e-01	2.359348538000000106e-02	-3.015962580000000059e-01	-1.323403318999999967e-01	9.746745946999999521e-01	-8.760538348999999947e-01	-7.841482533000000421e-01	-6.695205914999999841e-01
9.713130679000000489e-01	-1.030852853000000069e+00	2.195387792999999865e-01	5.014512093999999864e-01	7.621422107999999973e-01	1.657425912999999917e-01	9.873819351999999494e-01	-2.383095477999999934e-01	-9.018240402999999974e-03	-3.505634094999999784e-01	-2.272941782000000022e-02	3.895313474999999998e-02	-5.230741393000000183e-01	2.256134539999999911e-01	7.697749233999999496e-02	5.962410769999999527e-01	1.503553002000000138e-01	-1.197057242999999938e+00	4.032850747000000236e-01	-3.671072705000000269e-01	-7.672307150999999603e-01	1.833242622000000044e-01	1.542717093999999900e+00	-9.823179398000000395e-01	-1.092975022999999934e+00	-1.301035801000000047e+00	1.505960878000000003e+00	5.770998497999999532e-01	-6.726421464999999822e-01	2.514604689000000115e-01	-4.753986855999999817e-01	-1.022164889999999937e-01	6.709756570999999559e-01	-7.146679647000000468e-01	-9.098502574000000287e-01	-1.358682474000000029e-01	1.283101108999999962e+00	-3.852713436999999908e-01	7.935792782999999684e-01	-1.345345046999999905e+00	-1.109757273000000044e+00	-6.210750003999999658e-01	1.987365691999999906e-01	-2.730883990999999900e-01	6.887497414000000318e-02	-1.050739300000000043e+00	-1.469849777000000079e+00	-1.435619176999999969e+00	-1.753753195999999903e+00	-1.148400011999999970e+00	8.727674884000000133e-02	-2.885930011000000239e-01	-1.748364011999999912e-01	2.919107623000000151e-01	-2.781521664000000116e-01	-5.393352959999999641e-01	-7.043299320999999447e-01	8.003768571999999581e-01
9.493381430999999759e-01	-1.048001804999999953e+00	7.065835673999999456e-01	4.651213263000000264e-01	7.140851957999999611e-01	3.043602927999999874e-01	8.994525760999999564e-01	3.179127286000000274e-01	1.866876749999999974e-01	-8.835263486000000110e-01	4.916644361999999990e-01	1.326221808999999974e-01	1.443489752000000070e-01	2.806798116999999898e-02	2.417097477000000050e-01	1.815040468999999934e-01	2.886531863999999836e-01	-1.201763582000000108e+00	1.709911511999999967e-01	-1.093581726999999892e+00	-2.958875220000000139e-01	-1.540760015000000073e-02	8.467793373999999984e-01	-1.484470077999999971e+00	1.239541532000000001e-01	-1.534667573999999979e+00	9.439438628999999858e-01	-2.202342905000000128e-01	-7.254991983999999894e-01	8.540616469999999516e-02	-6.881971340000000437e-01	3.846612638000000001e-02	-4.289525806999999746e-01	-2.496122690999999852e-02	-6.805740679999999765e-01	-1.211842686000000058e-01	1.205735707000000101e+00	7.824898086999999836e-02	6.377826159999999689e-01	-1.287435727999999946e+00	-2.149279179999999956e-01	-1.142178128999999931e+00	4.092169580000000195e-01	1.790945167999999921e-01	-1.914742899999999914e-01	-8.161445395999999963e-01	-1.153920993999999922e+00	-1.006070465000000080e+00	-1.505673628999999902e+00	-1.309687961000000067e+00	4.968219047999999916e-01	7.678870545999999520e-02	-2.337476957000000077e-01	7.978460897000000385e-01	4.764803477999999815e-01	-5.595249978999999874e-01	-3.467301411000000000e-01	7.487465779999999960e-01
9.465689455000000363e-01	-1.098963169999999989e+00	2.573440184999999936e-01	4.476661310000000227e-01	7.042084328000000060e-01	9.750399558000000244e-02	9.137229235999999588e-01	-1.332038923999999958e-01	4.662075501000000066e-02	-3.698367485999999871e-01	7.129259410999999602e-02	1.187105564000000002e-01	-4.513052958000000059e-01	-2.451756753000000066e-01	1.791563039000000079e-01	4.180244516000000132e-01	-7.357703864999999566e-02	-1.311534210000000034e+00	3.276888673999999724e-01	-4.539237703999999818e-01	-5.831680321000000111e-01	-6.162248244999999833e-03	1.234871486999999934e+00	-1.266889487000000036e+00	-1.052480386000000045e+00	-1.315215615999999921e+00	1.414922956000000065e+00	4.813807587000000221e-01	-6.390037758000000068e-01	3.801441218000000122e-01	-6.457030017999999538e-01	6.603631242999999894e-03	3.514555253000000157e-01	-7.260540166000000184e-01	-5.286468689000000110e-01	-6.694642366000000400e-02	1.207717208999999903e+00	-3.415314836000000187e-01	9.614504118000000155e-01	-1.203523477000000064e+00	-8.880248403999999596e-01	-5.440308968999999495e-01	3.107306973999999777e-01	5.311385714999999896e-01	-9.816349465999999468e-01	-9.629885494000000046e-01	-9.765165123000000280e-01	-1.379269765000000092e+00	-1.640438590999999890e+00	-1.238388416999999908e+00	5.369160636999999875e-02	-1.492331400999999946e-01	-3.482476012999999870e-01	3.513025552999999856e-01	8.830002983000000139e-02	-1.033834617999999983e+00	-5.413348779000000111e-01	9.450465515000000538e-01
8.671867975999999478e-01	-1.075953115999999987e+00	6.009078730000000368e-01	4.616849523000000066e-01	6.376638519999999755e-01	1.927959083999999934e-01	8.349227970000000498e-01	3.197737466000000195e-01	1.505775444000000129e-01	-7.436116113999999833e-01	4.433670827999999786e-01	1.198484971000000066e-01	8.628836339999999827e-02	-4.539300010000000274e-01	5.408082488000000021e-01	1.348948849000000116e-01	1.870851533999999886e-02	-1.243170427999999994e+00	2.254903538999999957e-01	-9.234624629000000029e-01	-3.028387107000000134e-01	1.513679356999999941e-02	7.166939430000000000e-01	-1.490404081000000103e+00	6.194561464000000045e-02	-1.525071869000000024e+00	9.827765331000000160e-01	-1.927647725999999950e-01	-6.650735143999999543e-01	8.633005671000000547e-02	-6.517246924999999802e-01	2.373715869999999950e-01	-5.640435449999999795e-01	-1.746122757000000136e-01	-6.367287699000000467e-01	-4.876011412000000322e-02	1.196044141000000005e+00	1.257308484000000115e-01	5.418275850999999532e-01	-1.269710764999999908e+00	-2.308319736999999983e-01	-1.193350695999999989e+00	3.996086574000000113e-01	5.067362562999999653e-01	-1.003083029999999987e+00	-9.984796576000000146e-01	-9.964046348999999747e-01	-1.097470219000000080e+00	-1.505237788000000076e+00	-1.370719417000000107e+00	6.421255386999999981e-01	1.474306632000000061e-01	9.395070512000000540e-02	4.385299223999999940e-01	4.067629041999999973e-01	-1.182367052999999890e+00	-7.544645071000000147e-01	4.367403793999999895e-01
9.740860156999999742e-01	-1.076531268000000097e+00	2.420108451999999910e-01	4.898327525000000238e-01	6.771815930000000261e-01	5.971292202000000326e-02	9.498311430000000444e-01	-1.046637158999999956e-01	5.596244921000000094e-02	-4.269494175999999919e-01	3.289499153000000065e-02	1.291294979000000009e-01	-4.393934540000000166e-01	-4.432688509000000110e-01	1.921237194000000037e-01	3.041632136999999902e-01	-2.340444019000000042e-01	-1.458119425000000025e+00	3.895542342000000158e-01	-4.850082964999999913e-01	-5.022589754999999823e-01	1.101615811000000028e-01	1.180536720999999956e+00	-1.000339657999999909e+00	-8.502423410999999653e-01	-1.397021867000000084e+00	1.314672242999999963e+00	3.646916785000000050e-01	-7.017719353000000382e-01	2.193397507000000024e-01	-5.091824688999999626e-01	6.412908591999999519e-02	3.491441189999999750e-01	-5.972130114999999462e-01	-9.569322648000000431e-01	-1.887589852999999873e-01	1.288520856999999964e+00	-3.464574167000000204e-01	8.124607402000000311e-01	-1.330167360999999993e+00	-8.975893309000000375e-01	-8.854950689999999680e-01	3.527177318999999978e-01	1.348644948000000121e-01	-1.134320774000000087e+00	-9.731848310999999807e-01	-8.144780119000000207e-01	-1.432694847000000049e+00	-1.876436788999999994e+00	-1.249645918999999994e+00	5.671340710000000174e-02	-9.973945797000000058e-02	-3.422690226999999807e-01	4.645685022000000108e-01	-3.956041676000000007e-01	-1.330102356000000041e+00	-1.097309467999999955e+00	1.083074078999999967e+00
9.559595013999999669e-01	-1.106941039999999932e+00	5.656561347999999878e-01	4.879710715000000198e-01	6.613528252000000496e-01	2.652237057999999870e-01	8.796597857000000298e-01	2.886739767000000012e-01	2.760743829999999788e-01	-6.021617297000000368e-01	3.159175708999999999e-01	1.700802989000000098e-01	9.388185945999999449e-02	-3.963736432000000143e-01	1.871511892999999926e-01	1.139569725000000033e-01	-4.101528564999999682e-02	-9.989421148999999556e-01	-2.631939676999999964e-02	-9.983132078999999992e-01	-1.472582276999999940e-01	-5.966807690999999941e-02	1.254032867000000051e+00	-1.417192296000000074e+00	4.277542737000000067e-02	-1.533072109999999988e+00	9.695512649999999955e-01	6.996800341999999395e-02	-8.345539430999999730e-01	4.744234232999999801e-02	-6.263186577999999560e-01	-6.664904704999999319e-02	-6.011301698000000027e-01	-1.881786243999999941e-01	-1.334309887000000083e+00	-1.134891824999999937e-01	1.222483470000000016e+00	-2.762294305999999922e-01	8.828305622000000019e-01	-1.176876443000000050e+00	-3.693689748000000272e-01	-1.320246161999999890e+00	3.282135519000000112e-01	-6.089978664999999847e-01	-4.860416748999999981e-01	-8.247246154999999801e-01	-4.042296772000000260e-01	-1.171527822999999913e+00	-1.739159686999999899e+00	-1.620739236999999999e+00	4.709214379000000172e-01	6.522725952999999799e-02	-2.382224273999999919e-01	9.657108351000000257e-02	-1.690939231999999959e-01	-4.914714014000000075e-01	-9.588567631000000091e-01	1.109013060999999967e+00
9.359561473999999937e-01	-1.098603323999999937e+00	2.812651207999999903e-01	5.230784071999999840e-01	7.400382443999999893e-01	1.494897655000000103e-01	9.328025365000000013e-01	8.757522643000000689e-03	1.208902183999999991e-01	-3.001764214000000042e-01	8.778427369999999841e-02	1.468180612999999968e-01	-2.612414004999999984e-01	-4.052338716000000174e-01	3.685946319000000249e-01	7.894459678000000091e-02	-5.706798223000000142e-02	-1.336749921000000008e+00	1.907882103999999912e-01	-3.808870677999999788e-01	-2.911569212999999823e-01	1.043119529000000045e-01	1.410228028999999994e+00	-9.403222288999999456e-01	-7.140626350000000011e-01	-1.470371945999999985e+00	1.421383250000000098e+00	6.294037961999999764e-01	-5.891740825000000292e-01	3.591144517000000036e-01	-5.483084073999999752e-01	-1.459643065000000017e-01	1.311302299000000060e-01	-5.700178559999999894e-01	-1.422797762000000077e+00	3.330221024000000196e-01	1.266299298999999934e+00	-4.981470666999999741e-01	1.110011043999999947e+00	-9.661530138999999684e-01	-7.481558133000000277e-01	-9.990812513000000283e-01	2.936496222000000156e-01	-5.328181953000000332e-02	-3.888717995000000038e-01	-8.123717490999999846e-01	1.307973249999999921e-01	-1.358205300000000060e+00	-1.883354605999999931e+00	-1.295201218000000098e+00	3.179744876000000220e-01	-8.747795517999999715e-02	-4.654634401999999810e-02	4.354435944000000225e-01	-5.357910736000000007e-01	-3.681265689000000063e-01	-2.703281703000000036e-01	1.410693251000000092e+00
9.433867239000000016e-01	-1.036596483999999929e+00	5.606307447999999694e-01	4.698124611000000228e-01	6.997409357999999635e-01	3.042988777000000256e-01	9.034563695999999755e-01	2.748282577000000226e-01	2.118604222000000092e-01	-5.619602446999999446e-01	3.176068058000000027e-01	1.998027940000000058e-01	4.425430889999999728e-02	-3.287987862000000261e-01	2.188075089000000029e-01	-4.831784117000000392e-03	4.887019865000000185e-02	-1.338655844999999900e+00	3.145416630999999796e-01	-8.536879786000000081e-01	-1.722129047000000024e-01	-4.438915514999999812e-02	1.050553894000000099e+00	-1.415031351999999965e+00	-2.332130802000000058e-02	-1.627521302999999975e+00	1.167922485000000066e+00	2.767269982000000184e-01	-5.622949462999999870e-01	1.560633087999999946e-01	-5.049433921000000547e-01	-6.071540505999999809e-02	-2.282564203999999930e-01	-2.457467486000000090e-01	-9.756324401000000535e-01	3.328730693000000324e-02	1.286298377999999909e+00	-8.405503778999999509e-02	8.947804953000000339e-01	-1.187318123000000059e+00	-2.833154585000000059e-01	-1.294822713999999930e+00	5.278266942999999545e-01	-2.131107949999999918e-01	-6.737514936999999815e-01	-6.494907929000000024e-01	1.555175320000000139e-01	-1.160329230999999961e+00	-1.636788498999999897e+00	-1.211400441000000106e+00	5.851842228000000423e-01	3.309882547000000258e-02	6.526157382000000173e-02	4.065210027999999753e-01	-8.906767538000000262e-02	-2.723098418000000076e-01	3.832351587999999892e-02	1.133961465999999918e+00
9.373179375000000313e-01	-1.063960339999999949e+00	3.466960919000000030e-01	5.067272398000000067e-01	7.285321853999999764e-01	2.396445497999999952e-01	9.428160472000000070e-01	9.627979188999999383e-02	7.888403638999999523e-02	-3.594929749999999924e-01	1.183351534999999982e-01	1.905165617000000033e-01	-2.108786745000000018e-01	-3.671988359999999729e-01	2.538854267000000275e-01	1.680902133999999937e-01	-1.575292932000000035e-01	-1.275018795999999899e+00	1.888087444000000059e-01	-5.448541818000000037e-01	-1.752617285999999996e-01	-3.372246448999999952e-02	1.388734050999999914e+00	-1.195476050999999984e+00	-6.941462081000000506e-01	-1.458252059000000100e+00	1.289802569999999982e+00	7.700733808999999930e-01	-5.268438396000000301e-01	3.350272859999999797e-01	-5.565110683999999752e-01	-1.975470400999999876e-01	2.223358012999999966e-01	-4.762095839000000108e-01	-5.728520343999999875e-01	2.113250550999999922e-01	1.279318509000000104e+00	-4.224206074999999894e-01	1.269632450000000023e+00	-1.050215496999999942e+00	-6.851061026000000442e-01	-8.016562592000000542e-01	5.011090986999999775e-01	-2.672124040000000145e-01	-8.765904705999999491e-01	-5.666069121000000264e-01	2.770922916999999930e-01	-1.262753476000000097e+00	-1.699230065000000067e+00	-1.308281363999999947e+00	1.809069209999999983e-01	-2.428289963999999967e-01	-3.802597808000000024e-01	2.742499942000000135e-01	-6.481878597000000353e-01	5.520679290999999655e-02	1.828731795999999910e-01	1.493888938000000000e+00
9.055512055000000116e-01	-1.017575120999999916e+00	5.484405394000000378e-01	5.500985013000000423e-01	7.122116954999999638e-01	3.772590985000000008e-01	9.365479588999999772e-01	3.614262811999999769e-01	1.136563310999999937e-01	-4.988236991000000176e-01	2.852772373999999944e-01	1.355250971999999998e-01	6.414133408000000092e-02	-4.937365217999999945e-01	5.864824795999999951e-01	-9.570806934999999405e-02	6.477538526999999935e-02	-1.335528204999999913e+00	2.108537396000000064e-01	-7.298857481999999619e-01	-1.784410197000000156e-02	-9.436058833999999562e-02	1.060608213999999938e+00	-1.436398534999999921e+00	7.465256708999999657e-02	-1.519142726999999971e+00	9.537867464999999489e-01	5.022845809999999522e-01	-4.310137788999999775e-01	2.109053556000000107e-01	-4.106649070000000235e-01	-5.264734045999999723e-02	-5.278643506000000318e-01	-2.704121881000000061e-01	-4.039210626999999998e-01	3.470461525999999908e-01	1.415132086000000067e+00	3.353863287000000137e-02	9.264167972000000306e-01	-9.793475042999999491e-01	-2.201216990000000040e-01	-1.126425011999999892e+00	8.004673210999999622e-01	-4.078566218999999937e-01	-8.279426117000000529e-01	-6.726451870999999860e-01	2.951135530999999812e-01	-9.662510527000000016e-01	-1.397991162999999926e+00	-1.046115193999999970e+00	7.760672826000000191e-01	-1.624450119999999997e-01	2.545063644000000180e-01	8.478233939999999524e-01	-2.417447564999999909e-01	3.031231145000000127e-01	5.371472522000000360e-01	1.480473291000000025e+00
9.816190023999999958e-01	-9.807302874000000115e-01	3.600162988000000230e-01	4.953676403999999756e-01	7.464853511000000275e-01	3.416004606999999971e-01	9.938640112000000082e-01	1.926182124999999967e-01	3.084190948999999959e-02	-3.797623600000000210e-01	4.785245305000000032e-02	2.412525956000000082e-01	-2.323257234999999976e-01	-3.933994545999999759e-01	3.566815473000000125e-01	1.879602197999999946e-01	6.397231555000000569e-02	-1.602342235000000059e+00	4.633074926999999898e-01	-4.498963154999999770e-01	-1.594267629999999991e-01	1.650315232000000021e-01	1.165222815999999995e+00	-1.158099388999999979e+00	-5.216257928999999960e-01	-1.469455504999999995e+00	1.312601144000000053e+00	8.693672912000000030e-01	-4.336404649000000222e-01	3.230237625999999862e-01	-4.591272489000000068e-01	-2.016314774000000087e-01	2.690134942999999890e-01	-4.726649376000000013e-01	-4.939051188999999953e-01	4.040682152999999777e-01	1.434220186999999980e+00	-3.807025945999999994e-01	1.113061139999999893e+00	-1.039133021999999906e+00	-6.520478952999999578e-01	-9.037417804999999804e-01	7.425870840999999611e-01	-1.324168508999999938e+00	-8.227861436000000195e-01	-6.735983043000000059e-01	3.655613927999999957e-01	-1.227596292000000089e+00	-1.544068274000000018e+00	3.578179725000000255e-01	2.277592679999999870e-01	-3.012244459999999791e-01	1.482262371999999995e-01	6.954247540000000338e-01	-6.577260756999999680e-01	5.271114609999999479e-01	5.752925224999999587e-01	1.202523702999999999e+00
9.356036985000000250e-01	-9.891468889000000209e-01	5.732865876999999610e-01	4.536712044999999804e-01	7.122063046000000064e-01	4.716665639000000021e-01	8.955668439999999730e-01	4.681466776000000052e-01	2.075664603000000052e-01	-5.128570536000000013e-01	2.457998117000000093e-01	2.847315863000000058e-01	1.975131166000000105e-01	-3.291392490999999754e-01	3.685366554999999766e-01	1.492133136999999887e-01	2.437284983000000127e-01	-1.109941732000000014e+00	2.062374864000000030e-01	-8.537703666000000524e-01	-5.612851144000000070e-02	5.533425314999999844e-02	1.128842799000000063e+00	-1.569268920000000067e+00	2.518943900999999833e-02	-1.503152633000000016e+00	1.266364204000000049e+00	6.494084500000000260e-01	-5.588774162999999850e-01	4.165247206000000091e-01	-6.224277930999999597e-01	-1.869868390999999963e-01	-2.985433734999999866e-01	-1.904182392999999862e-01	-4.127662456999999785e-01	6.371387889999999832e-01	1.494041968999999970e+00	-1.525636112000000044e-01	1.231282060999999928e+00	-7.943856944999999614e-01	-2.790355116000000080e-01	-9.442042850999999848e-01	6.319685022000000041e-01	-1.526660351999999943e+00	3.944808857999999863e-02	-6.335419112000000297e-01	2.845590051999999925e-01	-9.013050876000000544e-01	-1.382283463000000046e+00	9.303367648000000489e-01	7.822023837999999563e-01	-1.483287625999999970e-01	3.331470487000000036e-01	-1.012111053000000066e-01	-1.324932144000000034e-01	9.091316243999999491e-01	9.735402866000000266e-01	2.171933249999999926e-01
9.119723558000000230e-01	-1.006032758999999999e+00	4.132828221000000024e-01	5.532053873000000177e-01	7.689684847000000101e-01	3.156267657999999865e-01	1.036601085999999894e+00	2.769693846999999876e-01	1.770726087000000157e-02	-4.510059941999999822e-01	6.561990917000000423e-02	2.158902031999999915e-01	-1.486108146000000019e-01	-3.280319125000000224e-01	6.420219014000000390e-01	1.967644040000000039e-01	3.643029571999999994e-01	-1.398697325000000102e+00	3.117209569000000124e-01	-2.510671398000000054e-01	-6.392208873999999375e-02	2.988217452999999968e-01	1.022009476000000028e+00	-1.183911052000000019e+00	-4.576516994000000005e-01	-1.357403088000000091e+00	1.599983270000000068e+00	7.996865700999999937e-01	-3.936030665999999956e-01	5.217354923999999450e-01	-4.033263208000000266e-01	-2.056230085000000096e-01	1.471943525999999947e-01	-4.370408680000000268e-01	-1.730007107000000044e-01	1.000702903999999949e+00	1.547397605000000009e+00	-2.520986667999999820e-01	1.158318143000000022e+00	-7.646680478999999808e-01	-6.356705016000000485e-01	-7.993398620999999649e-01	8.227794384000000072e-01	-5.863246014999999867e-01	6.653320583999999815e-02	-7.346954637000000510e-01	7.317102779999999640e-02	-8.559180942999999875e-01	-1.346458294999999916e+00	1.606218927000000019e+00	6.889234011000000546e-01	-3.460012638000000140e-01	3.427427404999999760e-01	1.622477645000000024e-01	-2.626703115999999838e-01	6.106697926999999915e-01	1.393789278000000076e+00	3.626937224999999820e-01
9.885444728000000181e-01	-9.792380388000000435e-01	6.016447214000000265e-01	4.520600390999999774e-01	7.278822786999999961e-01	3.943496579999999918e-01	9.506058255999999540e-01	4.881722406999999819e-01	1.819289863000000118e-01	-6.757852201999999808e-01	3.489680864999999965e-01	2.285029682999999978e-01	1.662540892000000103e-01	-1.922137841999999874e-01	4.279162093000000167e-01	2.281427325000000006e-01	5.453029556999999805e-01	-1.230647129999999922e+00	5.958288341999999904e-01	-6.663520013999999492e-01	-6.074574463000000091e-02	-1.559050038999999950e-02	7.941151572000000325e-01	-1.653186457999999970e+00	-6.442369178000000030e-02	-1.501258910000000002e+00	1.405198015999999939e+00	4.056947302000000199e-01	-5.138564221000000432e-01	4.541330927000000184e-01	-4.723445159999999921e-01	-2.556341355000000051e-02	8.129006822999999826e-02	-1.063829916000000042e-01	2.002277303999999980e-01	5.850749173999999497e-01	1.579059301000000026e+00	1.866027587999999904e-01	1.053204680999999976e+00	-1.045250118000000006e+00	-3.986137928999999858e-01	-8.350026302999999928e-01	1.021656928999999936e+00	4.256115831999999766e-01	-1.275834554999999981e-01	-6.344719716000000176e-01	-2.033800501999999955e-01	-5.159438047000000083e-01	-1.176027138000000027e+00	1.173860072999999948e+00	8.606684446000000266e-01	-1.358076713999999963e-01	4.066656986000000140e-01	-9.763498103000000095e-01	5.096933140999999612e-01	2.788581056000000169e-01	1.214057363000000000e+00	-3.970185472000000160e-01
9.330385112000000314e-01	-1.043548729000000064e+00	5.134632695999999941e-01	4.562143854999999859e-01	7.665680840999999912e-01	3.181738519999999792e-01	9.439505049999999953e-01	3.288360826000000237e-01	1.200377559999999955e-01	-4.916639178000000165e-01	2.855088684000000043e-01	2.031693092000000089e-01	-8.077338543999999787e-02	-2.731903834000000142e-01	4.632995073999999769e-01	3.508370210999999794e-01	4.456444972999999976e-01	-1.172756563999999946e+00	3.249746989000000252e-01	-4.383374105000000243e-01	-2.427216206999999876e-02	-4.624979724000000125e-02	1.133599895999999996e+00	-1.350859932000000097e+00	-6.560096215999999814e-01	-1.404694499999999957e+00	1.703886698000000033e+00	7.088486279000000279e-01	-4.737361144000000190e-01	5.251067475999999790e-01	-5.264125263000000166e-01	-1.828680129999999959e-01	4.827586113999999817e-01	-4.012616460000000274e-01	6.281067057000000453e-01	4.955982375999999912e-01	1.538459669999999946e+00	-1.205651316000000001e-01	1.378330432000000050e+00	-8.204212439000000412e-01	-6.789515688999999687e-01	-7.245409317000000016e-01	8.833644802000000240e-01	1.141539593000000075e+00	-1.729716474000000115e-01	-5.364978189000000341e-01	-1.112197855999999957e-01	-6.946626798999999686e-01	-1.308394956999999970e+00	3.777516511999999826e-01	4.591914999000000219e-01	-2.667618730999999910e-01	2.013713021999999908e-01	-1.087038689999999974e+00	2.177874462000000122e-01	2.451837769999999916e-01	1.333718479000000068e+00	-5.570496255000000341e-01
1.015346164000000106e+00	-1.042505403999999913e+00	6.074200295999999666e-01	4.723995985000000175e-01	7.535898077999999556e-01	3.916519870999999875e-01	9.383215313999999641e-01	3.984297801000000194e-01	1.707050146000000101e-01	-6.215619813999999632e-01	3.386800000999999893e-01	9.518795159000000006e-02	1.366453481999999886e-01	-2.813741196999999805e-01	5.225726209000000066e-01	-4.606090119000000316e-02	6.052105437999999449e-01	-1.266169988999999996e+00	5.586305014000000346e-01	-6.360920209000000547e-01	2.470344165999999869e-02	-2.794315262000000022e-01	1.103920738000000012e+00	-1.570843929000000028e+00	-9.839360014999999626e-02	-1.668189546000000023e+00	1.420643574000000076e+00	4.760311577999999932e-01	-3.908856232999999847e-01	3.558597834000000182e-01	-4.026208540999999808e-01	-3.479911338000000326e-02	1.539771558999999956e-01	-1.654889371999999914e-01	8.599947884999999959e-01	2.196003169999999893e-01	1.414522883999999925e+00	3.896304064000000178e-01	1.407055109999999942e+00	-1.008890497000000108e+00	-3.597642697999999806e-01	-6.235595573000000114e-01	1.163968493000000048e+00	1.191616607999999911e+00	-6.883995586000000166e-01	-5.268613662000000142e-01	-5.759903345999999730e-02	-5.015512962999999491e-01	-1.186685205000000076e+00	-2.266184441999999910e-01	6.906247174999999849e-01	1.949274483999999946e-02	1.629512257999999880e-01	3.324567512000000113e-01	5.114739297000000517e-01	-1.258180589000000016e-01	1.034818943999999963e+00	1.123887997999999944e-01
1.013599605000000015e+00	-1.017423216000000075e+00	5.081557960000000485e-01	4.614028197999999747e-01	7.763288337000000539e-01	3.027108258000000274e-01	9.572210880999999505e-01	2.433971223999999989e-01	1.167716226999999940e-01	-3.789546460000000061e-01	2.200962156000000058e-01	1.878824292999999868e-01	-1.051050360999999933e-01	-2.356896528000000102e-01	1.781817350000000078e-01	2.241574725999999906e-01	3.206821087000000237e-01	-1.289987476000000077e+00	3.844168917999999935e-01	-6.103086450000000385e-01	-6.326673039999999859e-02	-1.863428917999999934e-01	1.218659919000000036e+00	-1.401296724999999910e+00	-6.684211644999999979e-01	-1.506459624000000108e+00	1.552404147999999928e+00	7.098677824000000358e-01	-3.909350910000000123e-01	4.705430261999999919e-01	-5.169044022000000016e-01	-3.383944767000000159e-02	2.611281158000000047e-01	-4.577164953000000258e-01	1.103057705000000110e+00	-3.196475485999999977e-02	1.382705942000000077e+00	-6.496897756000000190e-02	1.349027680000000062e+00	-1.041608775000000042e+00	-5.812572529999999738e-01	-7.304415443999999757e-01	1.023336934000000031e+00	8.856176414999999968e-01	-7.047769056999999560e-01	-4.174808874000000003e-01	7.507614198999999766e-02	-7.219853521000000329e-01	-1.373697538000000051e+00	-1.026665211999999938e+00	3.124250368000000000e-01	-1.508718071000000049e-01	-7.806333946000000579e-02	-1.358418204000000074e-01	2.543698200000000242e-01	-3.174318372000000110e-01	7.297706421999999860e-01	8.309678160000000258e-01
9.897166846999999601e-01	-1.053711977000000077e+00	5.818360491999999828e-01	5.078207976999999929e-01	7.263988836000000449e-01	3.396247893000000073e-01	8.854627591999999492e-01	2.754938841999999832e-01	1.036299044000000003e-01	-5.025696536999999520e-01	3.227323724000000227e-01	1.112662405999999965e-01	1.395562593999999943e-03	-2.759798918999999962e-01	5.919518641000000025e-01	-6.980929555999999814e-02	3.710508667999999899e-01	-1.426153168999999998e+00	5.042933937000000366e-01	-7.406620461999999794e-01	-1.100897901000000012e-01	-1.837138097000000081e-01	1.158819645999999981e+00	-1.485305601000000086e+00	-1.447469950999999977e-01	-1.648262486999999998e+00	1.283376995000000020e+00	4.451864850000000207e-01	-3.745512280000000138e-01	2.897558970999999928e-01	-5.218032494000000021e-01	1.746646221999999943e-02	-1.194477124000000029e-01	-3.678846861999999773e-01	7.813880238000000533e-01	2.436810469000000035e-01	1.255738787000000078e+00	2.618972430000000018e-01	1.246187723000000025e+00	-9.346022704999999986e-01	-3.002385980999999759e-01	-1.000971150000000032e+00	1.078934182000000019e+00	6.950604760999999909e-01	-5.675727870000000230e-01	-5.206095812000000045e-01	3.861398870999999816e-02	-6.309793602000000057e-01	-1.260458273000000018e+00	-1.135992144999999898e+00	7.007184048000000276e-01	-3.984432428000000276e-02	4.482604821999999767e-01	9.625990651000000398e-01	3.093272302000000043e-02	-3.093791175000000226e-01	9.229914636999999589e-01	1.091863122999999991e+00
1.099017925000000062e+00	-9.956608904000000537e-01	4.482542747000000105e-01	5.257023865000000074e-01	8.071181263000000161e-01	2.557559365000000029e-01	1.002220977999999985e+00	8.168547855999999663e-02	1.712771529999999875e-02	-4.192662952999999804e-01	1.470640170999999996e-01	2.402665362999999998e-01	-2.946882209000000197e-01	-8.399421078999999568e-02	1.845211257000000105e-01	1.019930356000000038e-01	3.176526108000000126e-01	-1.743862025000000093e+00	4.820298749999999965e-01	-5.151545580999999929e-01	-1.691208606999999864e-01	8.433538218000000142e-02	1.174505016999999985e+00	-1.202781670000000025e+00	-6.134116290000000138e-01	-1.562552758999999902e+00	1.188035626000000011e+00	7.369493687000000515e-01	-3.337911567999999884e-01	3.508925674000000217e-01	-4.698864738999999902e-01	-6.380732764999999529e-02	3.614461048000000010e-01	-5.977301001999999475e-01	5.223612487000000026e-01	2.382953341999999863e-01	1.348202665999999939e+00	-1.532750519999999950e-01	1.114275565000000023e+00	-1.140207536999999993e+00	-5.747085660999999845e-01	-9.682300769999999668e-01	9.953163082999999522e-01	-4.622594604999999968e-01	-5.793859087999999602e-01	-5.473713811999999512e-01	2.773886687000000073e-01	-8.970357626999999612e-01	-1.339626779000000045e+00	-2.419403934999999894e-01	1.406798645000000014e-01	-3.073448349999999829e-01	-5.255730097999999906e-02	1.345062326000000086e+00	-3.669362784999999905e-01	-7.227647528000000210e-02	5.787285896999999624e-01	1.650101915000000030e+00
1.021507305000000088e+00	-1.036016451999999921e+00	5.570515675999999639e-01	4.710732765999999794e-01	7.362190401999999523e-01	4.155127437000000201e-01	8.831553316000000375e-01	2.741923119999999936e-01	1.553998980999999890e-01	-4.551822170000000001e-01	2.724069586000000265e-01	2.332285997000000111e-01	-1.012536879999999945e-02	-2.086187584000000032e-03	2.585388914999999788e-01	1.225769146999999976e-01	4.697219262999999811e-01	-1.492376111000000005e+00	3.597448122999999942e-01	-9.214886573999999664e-01	-2.395874718000000070e-01	3.293533637999999930e-02	1.202940045000000069e+00	-1.561089511000000041e+00	-1.378091409999999961e-01	-1.594534112999999920e+00	1.075074956999999998e+00	6.238376371999999614e-01	-4.451534026000000255e-01	2.482939812000000135e-01	-6.098238463999999803e-01	-1.564998707999999961e-01	-1.238762151000000061e-01	-2.715090215000000029e-01	1.469310188999999878e-01	3.602435656999999902e-01	1.324616513999999912e+00	-1.890238683000000086e-01	1.138805639999999952e+00	-7.592835988999999675e-01	-2.816956870999999807e-01	-1.322253665999999939e+00	7.468812508000000072e-01	-1.602294633999999940e+00	9.433051474999999686e-02	-5.819709255999999664e-01	3.323530916999999918e-01	-8.284926168999999785e-01	-1.278443274000000018e+00	3.374363906000000246e-01	7.084529015999999624e-01	-4.612040600999999657e-02	5.976241812000000486e-01	5.319613703000000138e-01	-2.817535125999999779e-01	5.580400869999999625e-01	9.406398208999999788e-01	1.070297454999999953e+00
9.857222185999999775e-01	-9.220057426000000111e-01	4.166716013999999801e-01	5.895120485000000521e-01	7.778021769999999835e-01	2.766317763000000207e-01	9.756541065999999596e-01	1.973195289000000130e-01	6.772144841999999665e-02	-5.158133365000000525e-01	8.160218474000000000e-02	2.248973754999999963e-01	-1.521588569000000002e-01	1.959173951000000094e-02	4.814042895000000266e-01	-6.458303545999999340e-02	5.742916474999999465e-01	-1.585071726000000014e+00	1.794304734999999928e-01	-3.783477615999999988e-01	-1.535924550999999971e-01	2.376410026000000120e-01	9.773129487999999698e-01	-1.278257559000000043e+00	-4.487578287999999804e-01	-1.448788761999999952e+00	1.324742859000000106e+00	8.815497427999999802e-01	-2.768745362000000210e-01	5.066199741000000367e-01	-4.451514972999999764e-01	-1.540667306000000070e-01	3.610272780999999875e-02	-4.132244708999999738e-01	1.010702036999999998e-01	1.076106792999999895e+00	1.364138171000000010e+00	-3.828045408999999899e-01	1.192037333999999893e+00	-7.372322936999999854e-01	-4.186322990999999938e-01	-8.768735319999999556e-01	7.723686722999999477e-01	-4.145426875000000067e-01	1.034184241999999976e-01	-8.887230271999999598e-01	5.772726528999999607e-01	-8.215117530000000112e-01	-1.291394916000000004e+00	1.679602583000000093e+00	1.210268389000000028e-01	-2.183808619000000006e-01	-2.238079258000000016e-01	9.587520796000000012e-02	-3.822650475000000103e-01	3.722031516000000040e-01	1.197436444999999905e+00	9.356123696000000489e-01
1.118128161000000009e+00	-8.255743986000000367e-01	5.635354796000000555e-01	4.589287940999999815e-01	7.535062573999999902e-01	4.102370473999999989e-01	7.948900746999999489e-01	3.233036731999999747e-01	3.491529951999999826e-01	-5.100759938000000160e-01	2.392064234999999872e-01	2.841180348999999827e-01	5.756984283000000230e-02	2.229179793000000132e-01	2.988211962999999805e-01	-5.690466331999999988e-02	7.906284538000000195e-01	-1.314196386000000105e+00	6.645062376999999465e-01	-8.558752741999999802e-01	-4.488948106999999799e-01	-1.407432751000000093e-01	5.442192794000000333e-01	-1.979456730000000109e+00	-2.267582710000000112e-01	-1.593822142999999913e+00	1.243925758999999909e+00	5.805289240000000017e-01	-5.047212210999999504e-01	9.598940227000000158e-01	-6.014884742999999645e-01	-5.669130965000000050e-02	-1.037642909000000002e-01	-7.135795990000000366e-02	3.498685051000000046e-01	-3.015226149999999938e-02	8.625320744000000150e-01	3.115083572999999828e-01	1.265722363999999933e+00	-8.018638683000000045e-01	-1.317992917999999958e-01	-4.437203510000000128e-01	6.212822312000000347e-01	4.824294196000000201e-01	2.492254181999999929e-01	-8.907508013999999585e-01	7.195951134000000415e-01	-4.318530871999999854e-01	-1.249129091999999996e+00	8.913128924000000008e-01	7.279905799000000455e-01	-9.007503523000000289e-02	3.743640120999999765e-01	-1.767718399000000051e+00	3.053124277999999872e-02	5.649965664999999637e-01	9.220442695999999660e-01	9.000989953999999696e-03
1.191946914999999940e+00	-7.941835256999999482e-01	6.265262928000000509e-01	4.263875173000000185e-01	8.713399056999999726e-01	2.019788238999999930e-01	9.736635835000000405e-01	2.168528765000000136e-01	2.900798926000000000e-01	-3.639898824000000199e-01	1.570788274000000095e-01	2.085614715999999924e-01	-8.281996256000000167e-02	5.589561473999999919e-01	-2.880396236999999832e-02	2.521321094000000262e-01	7.501153919999999919e-01	-1.378161071999999931e+00	3.838397192999999930e-01	-5.743148252999999981e-01	-2.093215388999999926e-01	1.844140562999999899e-01	8.318795655999999816e-01	-1.231278397000000080e+00	-6.104593033999999863e-01	-1.781711218000000096e+00	1.650155736000000095e+00	8.877707209999999849e-01	-4.487062963999999821e-01	4.809902659999999996e-01	-3.247995906999999738e-01	-2.814656305000000081e-01	3.823732353000000028e-01	-1.652856565999999972e-01	7.603025479999999670e-01	4.891207431999999855e-01	1.196797856000000104e+00	-8.597775679999999920e-02	1.260250910999999974e+00	-1.002057149000000091e+00	-6.570546234999999902e-01	-8.890635704999999556e-01	8.121032485000000412e-01	7.165022453999999597e-01	6.577392874999999917e-01	-4.914120848999999902e-01	8.652969431000000489e-01	-5.710743794999999512e-01	-1.529090097999999953e+00	-4.409260367000000236e-01	4.474016210999999799e-01	-2.635395610999999860e-01	-1.022663714000000001e-01	-1.533334849000000055e+00	-2.161782774999999879e-01	9.450814655000000508e-01	1.489702233000000042e+00	8.898713255000000322e-01
1.157018558000000086e+00	-1.549303467999999961e+00	7.058356393000000395e-01	8.726231813999999476e-01	9.232343733000000219e-01	2.795910603000000272e-01	1.069522811999999989e+00	1.535536201000000101e-01	9.176368332999999822e-02	-6.264930297999999897e-01	5.962657070000000337e-01	-4.422401953000000274e-01	-7.382263908000000208e-02	-1.134251433000000031e-01	4.793679576000000053e-01	-4.088574670999999827e-01	1.480085389000000085e+00	-8.163110713000000240e-01	5.041604538999999718e-01	-1.090514972000000027e+00	-1.146742642000000006e-01	2.301533715000000091e-01	1.247050696999999930e+00	-1.100883846999999971e+00	-2.609448005000000181e-01	-1.749956531999999898e+00	1.874135281999999902e+00	3.049581169999999730e-01	-1.370373760999999968e+00	5.097362318999999753e-02	-6.409211285999999452e-01	-4.806114262999999776e-01	-2.770785323000000133e-01	-3.408841966999999751e-01	1.060137789000000108e+00	5.795680155000000333e-01	6.553869109000000082e-01	-2.846230283999999777e-01	1.053976310999999999e+00	5.264198861000000118e-01	-3.782837923999999852e-01	-6.174176933999999672e-01	1.725878078000000038e+00	1.892833197000000078e-01	1.143602792000000035e+00	-9.468034151999999981e-01	2.725961339999999899e-01	1.327320556999999956e+00	-9.499591594999999833e-01	-3.027119521000000146e-01	1.359613659000000085e+00	1.515855493999999914e-01	6.821602304000000047e-03	2.576679951999999996e-01	-8.135910102000000199e-01	1.026198197999999895e+00	2.575536421999999881e+00	1.663777602999999994e+00
9.788935023999999485e-01	-1.740081063000000094e+00	8.143691921000000278e-01	1.201934865999999991e+00	9.876388711000000376e-01	2.386139079000000052e-01	1.106207557999999924e+00	7.999578870999999800e-03	-5.068262580000000295e-01	-6.141197565999999552e-01	6.065707527999999460e-01	-1.263337505999999888e-01	-4.084059883000000224e-01	-5.101225997999999651e-01	8.050870796000000329e-01	-8.181982306999999732e-01	1.729554947000000009e+00	-1.431207542000000110e+00	3.715202582000000087e-01	-1.185980103999999979e+00	-3.469707082999999859e-01	5.101851615000000395e-01	6.565290268000000262e-01	-1.214474032000000037e+00	-7.828971954000000233e-01	-1.476080816999999934e+00	1.665349830000000031e+00	-2.124791745999999870e-01	-1.423194907000000065e+00	4.361768129999999966e-01	-9.608423517999999941e-01	-6.266959814000000462e-01	7.129189161000000496e-02	-7.994713292999999776e-01	1.954499200000000103e+00	1.123878694000000067e+00	4.910825695000000102e-01	-6.382061748999999784e-01	2.396278249999999888e-01	1.156911669999999948e+00	-5.805655333999999446e-01	8.637743928999999654e-02	1.471639042000000064e+00	4.635677992000000192e-01	7.123891369999999501e-01	-1.204155550000000074e+00	-2.439664785999999877e-02	2.344063617999999849e+00	-8.407038007999999563e-01	1.563211045000000077e+00	1.019028448999999892e+00	4.833363754000000179e-02	-5.471286513999999990e-01	6.497852674999999856e-01	-1.221035617999999934e+00	5.349760365000000295e-01	2.428143028000000037e+00	1.256376721000000085e+00
9.228234134999999672e-01	-1.758807124000000055e+00	7.654571947999999626e-01	9.812525535999999660e-01	8.595045997000000382e-01	3.008418299999999768e-01	1.070710688999999993e+00	-1.856895664999999931e-02	-2.681757364999999838e-01	-7.056381868000000113e-01	6.656836914999999522e-01	-1.110417206999999955e-02	-2.820930958000000266e-01	-3.615912130999999752e-01	4.976570236999999786e-01	-4.358707148000000031e-01	1.798965007000000060e+00	-1.225805020999999995e+00	8.648392660000000509e-01	-1.036681433000000041e+00	-3.670750671999999937e-01	3.500382430000000267e-01	4.884394971000000085e-01	-1.035866100000000012e+00	-5.466156237999999501e-01	-1.493988751999999920e+00	1.383120007000000040e+00	-4.615124754000000107e-01	-1.869417831000000030e+00	-1.615801731000000019e-01	-9.732330908999999863e-01	-2.439513023999999863e-01	1.116934078999999996e-01	-5.518202752999999960e-01	1.975828616999999898e+00	4.065910194999999838e-01	8.065895007000000172e-01	-3.597937652000000042e-01	-3.196838388000000086e-01	6.217918005000000470e-01	-3.553603577000000180e-01	-6.034076202000000499e-01	1.800473938999999968e+00	1.088222580000000050e+00	4.166539857000000069e-01	-1.731684543999999937e+00	-7.558161906000000485e-01	2.075209543999999795e+00	-8.109340658999999452e-01	1.469119260000000038e+00	1.439433508000000028e+00	6.612780097999999829e-02	8.168759267999999851e-01	-7.162731102999999599e-01	2.071046696000000131e-01	1.870293792000000122e-01	2.403407522000000185e+00	4.749184758999999700e-02
9.055647999999999476e-01	-1.764490115000000081e+00	7.605254818000000139e-01	1.051326457000000048e+00	9.475771495999999461e-01	2.604626196000000005e-01	1.012177367999999911e+00	-3.110787162000000147e-02	-3.833754663999999757e-01	-7.660473808000000107e-01	6.649718658000000060e-01	-4.869511925000000185e-02	-2.658718328999999936e-01	-1.943450206000000013e-01	4.826561681000000048e-01	-4.549180647000000133e-01	1.656001322999999914e+00	-1.220524283000000043e+00	3.145164145000000078e-01	-1.068014384000000039e+00	-1.275434896000000040e-01	2.835970714000000115e-01	6.565549037000000254e-01	-9.376073609999999725e-01	-8.377774472000000250e-01	-1.411533315000000011e+00	1.699249449999999939e+00	-6.296446408000000439e-01	-2.008695246999999906e+00	1.107130694000000026e-01	-1.080429917000000017e+00	-4.601288266999999932e-01	2.453593149999999945e-01	-5.788162829999999870e-01	1.986754305999999914e+00	8.310803556000000425e-01	5.867065430000000248e-01	-6.550312643000000268e-01	-2.608921666999999833e-02	9.983860001000000040e-01	-3.861689546000000028e-01	-1.306269375000000121e-01	1.553655092000000071e+00	1.592720737000000053e+00	6.396322075999999468e-01	-1.707038924999999985e+00	-9.528660696999999846e-01	2.107879554999999794e+00	-9.375101093000000052e-01	1.338897887999999980e+00	6.148162851999999789e-01	-1.271341554000000040e-01	-5.774307284999999901e-01	-8.156005951999999448e-01	-4.669654657000000264e-01	3.828505509999999834e-01	1.940431251999999995e+00	-2.061747734999999915e-01
9.649286370999999862e-01	-1.808723271000000077e+00	7.324031404999999939e-01	1.015603462000000068e+00	8.832322017000000525e-01	3.032424935999999960e-01	1.042103108000000056e+00	-3.907993844000000327e-02	-2.748434091999999995e-01	-7.436762688000000399e-01	5.839448264000000055e-01	-2.355483005000000019e-01	-1.435813713999999908e-01	-3.382394867999999888e-01	5.428474304999999500e-01	-5.123777796999999801e-01	1.700227017000000007e+00	-1.072619658999999892e+00	6.063664131999999540e-01	-1.149630412999999907e+00	-3.173930822000000096e-01	1.875706587000000036e-01	6.153164127000000372e-01	-8.595416758999999685e-01	-4.612731413999999752e-01	-1.447958247999999948e+00	1.551356863000000086e+00	-7.308904896000000262e-01	-1.966844038999999933e+00	-2.436732742000000118e-01	-9.009997088000000209e-01	-2.338590499000000045e-01	-1.358707104999999915e-01	-5.573506582999999681e-01	1.630265053000000020e+00	5.962019664000000052e-01	6.490606864000000309e-01	-3.253991654000000233e-01	-2.313823381000000012e-01	6.918065236999999534e-01	-4.477732615000000194e-01	-2.240279597000000011e-01	1.747094638999999949e+00	2.286279009999999889e+00	2.808393412999999894e-01	-1.873756130000000075e+00	-1.531075366000000049e+00	2.075624560000000063e+00	-8.608726177000000090e-01	8.291258000000000239e-01	1.496633671000000110e+00	1.261369797999999931e-01	6.570644078999999804e-01	1.624340895999999979e-01	3.247138500000000261e-01	1.717622741000000008e-01	1.824765484000000049e+00	-2.722104331000000169e-02
1.005138654000000020e+00	-1.749192655000000096e+00	7.846684688999999713e-01	1.049617860999999985e+00	9.508140912000000444e-01	2.592110129999999901e-01	1.085540541999999942e+00	-1.408695473000000087e-01	-4.641924085999999949e-01	-8.016554731999999683e-01	5.451001710999999750e-01	-1.407051313999999886e-01	-3.469139267999999943e-01	-1.014980070999999956e-01	2.885116192000000135e-01	-5.275216100999999824e-01	1.401825137000000110e+00	-1.471682192999999916e+00	5.081123270999999830e-01	-9.151110479999999825e-01	1.030884321000000020e-01	1.968065907000000059e-01	8.891408965999999525e-01	-6.516760741999999551e-01	-7.743480525999999475e-01	-1.599237899000000018e+00	1.419537838000000107e+00	-5.632517975999999926e-01	-2.105302039000000125e+00	-5.095124035000000301e-02	-1.060600999999999905e+00	-6.149625981999999880e-01	3.198556006000000118e-01	-5.725981162000000069e-01	1.679526081999999976e+00	3.783356136000000092e-01	6.568173339999999749e-01	-6.253662578999999999e-01	-7.245665378000000316e-03	6.657288932999999576e-01	-3.970546313000000160e-01	-3.205848245999999846e-01	1.694408780000000059e+00	1.762966041000000095e+00	5.134482602999999867e-02	-1.779658962999999927e+00	-1.404377237000000056e+00	1.831096505000000096e+00	-1.119680484999999948e+00	-3.548567215000000274e-01	3.227881383999999798e-01	-3.563541136999999748e-01	-1.092910687999999908e+00	2.004174630999999984e-01	-4.417956352999999892e-01	4.381614124000000055e-01	1.083088156999999940e+00	7.813572726999999940e-01
9.521478612999999536e-01	-1.900623965999999943e+00	7.319494551999999876e-01	9.621936534999999679e-01	8.262338733999999851e-01	3.284537037999999964e-01	9.260361743999999673e-01	4.886739483000000425e-03	-1.423988327000000054e-01	-4.874887829999999811e-01	4.851438518000000255e-01	-2.827602120000000108e-01	-6.949165280999999861e-02	-3.263930117000000131e-01	4.388906249000000259e-01	-4.117701451999999929e-01	1.645993636000000038e+00	-9.984370112999999547e-01	5.113771657000000248e-01	-1.174886145999999965e+00	-3.329180744999999941e-01	2.418669153000000127e-01	1.301902037000000067e+00	-6.832406465999999456e-01	-5.626482718999999966e-01	-1.578786964999999931e+00	1.531520878999999891e+00	-6.197904841000000387e-01	-2.013562272000000153e+00	-3.583267207999999981e-01	-1.050200462999999917e+00	-3.945994009000000080e-01	-5.370060249000000452e-01	-6.149260057000000002e-01	1.013951695999999902e+00	5.499165267000000190e-01	4.079638360999999769e-01	-4.017173599000000150e-01	8.182804470000000496e-02	7.654219341000000343e-01	-3.449582869999999746e-01	1.726061299999999965e-01	1.561533387000000106e+00	9.800695339999999645e-01	5.853518164000000024e-01	-1.922996010999999950e+00	-1.452954048000000054e+00	1.695361738999999979e+00	-1.001861992000000035e+00	-1.340015036000000048e+00	1.363616825999999893e+00	2.961872234999999853e-01	8.927278473999999964e-01	4.250940408000000170e-01	-1.472269753999999944e-02	9.013685077999999962e-01	1.439130462999999915e+00	1.299274327000000007e+00
9.406538329000000420e-01	-1.260375199999999918e+00	9.221363257000000369e-01	1.128368226999999946e+00	1.036725957999999892e+00	4.913889928999999879e-01	1.117519412000000045e+00	-1.445047990000000032e-02	-1.284026061000000052e+00	-1.198508114000000013e+00	6.712178520999999565e-01	-8.248709801999999647e-02	-5.831302899000000428e-01	9.164726939999999489e-02	5.657787115000000311e-01	-6.298413429000000452e-01	1.663394054000000066e+00	-2.658103842000000050e+00	4.202367525999999853e-01	-5.165138201000000207e-01	5.080323621000000234e-01	4.114158137000000215e-01	5.345459295000000166e-01	-1.045205248999999892e+00	-4.662685073999999763e-01	-1.381542684000000021e+00	3.763157696000000163e-01	-3.850803530999999946e-01	-1.736548361999999956e+00	3.340499130999999844e-01	-5.499888171000000270e-01	-9.182568470999999954e-01	4.921494806999999749e-01	-9.403437517999999606e-01	1.125167513999999924e+00	1.020029335000000037e+00	1.083956249999999955e-01	-9.948168617000000546e-01	-4.403037061999999779e-01	4.109933238999999849e-01	-6.111782380000000403e-01	-2.043256809999999923e+00	1.554771295000000109e+00	3.444196716999999713e-02	4.811229450999999768e-01	-1.189923617999999905e+00	-6.743568385000000553e-01	1.322759237999999948e+00	-1.392220164000000038e+00	7.860075241000000212e-02	-1.018502287000000034e-01	-6.249799712000000396e-01	-1.782602486999999902e+00	1.734937702000000082e+00	-2.135293215999999994e+00	9.264324444999999519e-01	9.528531128999999655e-01	1.897430034999999959e+00
2.585472338000000203e+00	-9.761084892000000679e-02	8.933173036999999539e-01	1.421411209000000009e-01	7.292409615999999595e-01	1.050464207000000094e+00	9.145142992000000470e-01	-3.788532600000000250e-01	-4.746900025999999939e-01	-5.711037142999999539e-01	-7.584152986000000096e-01	1.398119415999999893e-01	-8.223267690000000130e-01	1.050140260000000048e+00	-8.535502888999999538e-01	8.716391955999999719e-02	2.298379376999999835e+00	-1.484646144999999917e+00	3.448035781000000077e-01	-5.116178357999999760e-01	5.821430288999999980e-02	-9.274188042000000021e-01	7.130570550999999480e-01	-3.554102564999999991e+00	4.434634002000000241e-01	-1.373536183999999993e+00	1.306903967999999971e-01	2.506232445999999836e+00	1.068946048999999954e-01	7.100416545000000010e-03	5.605352110000000332e-01	-3.307507315000000059e-01	-4.231479732000000271e-01	3.424612152000000020e-01	-9.454530494000000507e-02	-1.779398594999999972e+00	1.323406805999999936e+00	2.711849394999999996e-01	1.416321058999999938e+00	3.791271168000000247e-02	-2.732058827999999870e-02	2.062363121999999938e-01	3.387913864000000053e-02	-1.328258401999999894e-01	1.611697340000000089e+00	-1.564376744999999902e+00	-6.516817068000000379e-01	1.272027805000000011e+00	1.926405262000000063e+00	1.653500645000000047e+00	-2.228279924000000078e-01	-6.002656278000000345e-01	-1.884772045000000062e+00	-2.884106654999999964e-01	7.486930762000000295e-01	2.125793149000000160e+00	1.046759753999999959e-01	1.147230578999999917e+00
3.243601770999999800e+00	6.203998572000000156e-01	9.458885579000000376e-01	-1.789108088999999957e-01	3.949012469000000025e-01	7.899728690999999747e-01	1.197344133000000088e+00	-3.712954549999999965e-01	-2.619822056000000177e-01	4.450679123999999875e-01	-1.479740483999999912e+00	8.597148783000000405e-01	-6.127897330999999559e-01	1.958766449999999937e+00	1.252653122000000063e-01	1.436486512000000104e+00	2.626912277999999823e+00	4.634211414000000140e-01	1.448648785999999911e+00	-4.237174711000000205e-01	-3.911144483999999810e-01	-7.002756386999999805e-01	2.074454282000000038e+00	-3.604159360000000145e+00	4.391655085000000236e-01	-1.752991033999999893e+00	1.238393477000000020e+00	2.387947372999999818e+00	1.255867800000000090e+00	9.152804565000000059e-01	7.233204866000000344e-01	-1.495583704000000014e-01	8.167332022000000080e-01	7.458165748999999733e-01	-3.157941591999999797e-01	-3.432178353999999931e+00	1.296408803000000054e+00	1.742579928999999916e+00	1.716432720000000023e+00	-9.395156457000000128e-01	-6.559468564999999807e-02	8.473598060999999459e-01	-1.446491114999999938e+00	1.800419155999999909e-01	1.129691691999999970e+00	-2.236582360999999963e+00	-1.662925643000000009e-01	9.484390468000000185e-01	8.951600295999999624e-01	8.616799402999999469e-01	7.474206276999999510e-01	-7.365340494000000016e-01	-1.168178718000000060e+00	-1.804745556000000084e+00	-3.903514366999999985e-01	2.673616490000000123e+00	1.385406134999999983e+00	-3.793849546999999989e-01
3.065695026000000212e+00	5.742701040000000035e-01	9.378798469000000360e-01	-1.380395937999999989e-01	2.846994491000000016e-01	4.747441836999999887e-01	1.188386962000000047e+00	-1.401661116000000040e-01	-1.737133170000000060e-01	2.474691075999999879e-01	-7.899108304999999941e-01	-1.520879376000000005e-01	-2.729955407999999917e-01	2.006009992000000075e+00	6.408778760000000130e-01	1.619933268000000037e+00	2.641470721000000133e+00	-5.541155786000000472e-01	1.485055551999999945e+00	-3.280262650999999918e-01	-6.191581071999999741e-01	-7.139732547999999568e-01	3.575925052000000215e-01	-3.333676674999999978e+00	6.159566641000000509e-01	-1.986836467999999911e+00	7.647086199000000528e-01	1.751764700000000063e+00	1.809369935000000096e+00	2.299989781000000011e-01	8.882453559999999859e-01	6.455571898999999947e-01	1.963956309999999872e-01	8.896793501999999965e-01	5.741272058999999928e-01	-4.738415864000000255e+00	1.231257381000000040e+00	2.200178414999999887e+00	9.040289126999999647e-01	-1.338272812999999895e+00	4.113697809999999726e-03	1.114316231999999962e+00	-7.863782995000000442e-01	3.127949208999999953e-01	1.022315576000000004e+00	-2.155219686000000134e+00	-5.699281549000000391e-01	1.110281432999999929e+00	9.248018408999999496e-01	-9.868607711000000338e-01	1.834704051999999974e+00	-4.189306599000000020e-01	6.913924044000000491e-01	-2.247378477999999902e+00	1.162061752000000059e+00	2.558165671999999891e+00	1.488616581999999910e+00	6.505716177999999461e-01
2.705831165000000205e+00	4.727804231000000135e-01	9.148320842999999591e-01	-2.955352480999999809e-01	5.276252097000000418e-01	1.552212540000000029e-01	9.840845714999999494e-01	-6.712417732000000581e-02	1.703181404000000121e-01	3.475098741000000047e-01	-8.072038687000000490e-01	-2.229958003999999994e-01	-1.192064483999999980e-01	2.123804595000000184e+00	1.070002372000000035e+00	2.037681185999999922e+00	2.236562065000000210e+00	-1.057704600000000106e+00	1.772843995999999978e+00	-2.941419210999999811e-01	-2.057903745999999923e-01	6.222741908000000155e-01	-1.612923555999999925e-01	-2.351773865999999824e+00	3.408874733999999740e-01	-2.000389616000000093e+00	1.577288682000000053e+00	9.642575040999999958e-01	1.750271174999999957e+00	5.566125964000000481e-01	3.626815496999999944e-01	3.523666435000000208e-01	9.178979622999999810e-01	8.186577003999999658e-01	6.640872926999999981e-01	-4.235557664999999972e+00	5.607055335999999723e-02	2.322306295999999826e+00	8.628908302000000141e-01	-6.563124159000000013e-01	-7.602021933999999481e-01	8.349817143000000386e-02	7.228804896000000368e-02	-9.779900105000000066e-01	2.076384442000000163e+00	-1.384571567999999919e+00	-5.484105625999999845e-01	1.919936169000000081e+00	1.043004773000000052e+00	-1.316500309999999896e+00	1.996988097000000018e+00	-2.758144542000000032e-01	7.564335101000000394e-01	-1.065874087999999942e+00	-2.957261132000000181e+00	2.770876772999999904e+00	2.259165236999999937e+00	3.954468262999999983e-01
1.931953113999999916e+00	5.313215171999999958e-02	1.009841409000000079e+00	-1.234132319999999977e-01	7.624265065999999980e-01	2.164551298000000068e-01	8.933894967000000076e-01	3.833971153999999881e-01	7.032766609000000446e-02	-3.866273333999999950e-01	3.443816722999999691e-02	-2.513564152000000163e-01	-7.888075363999999534e-02	1.757568280999999955e+00	8.873576613000000446e-01	1.370756177999999936e+00	2.183243747000000123e+00	-1.479696287999999971e+00	5.325150364999999830e-01	-5.101859358000000039e-02	7.479343524999999548e-01	2.389090932000000056e-01	-5.662087273000000476e-01	-1.380955525999999933e+00	7.140970493999999613e-01	-2.017733772999999786e+00	5.867556875999999644e-01	9.351780253000000487e-01	6.886512618000000252e-01	-6.087121820999999988e-01	1.395475440000000011e+00	1.727680067000000041e-01	1.505743103999999943e-01	8.117205872999999627e-01	1.363413328999999896e+00	-2.107735774000000006e+00	7.073577003000000030e-01	9.658544104999999824e-01	4.900957340000000051e-01	4.543928352000000115e-01	-6.774879689999999677e-01	3.860727139999999835e-01	1.816156786000000078e+00	-1.788555993999999982e+00	2.761574643999999967e+00	-2.611134858999999975e-02	-8.325454514000000250e-01	1.294425788000000077e+00	1.183030612999999898e+00	7.171587084999999639e-01	7.975682831999999500e-01	-1.218271078999999979e+00	-1.926887070000000035e+00	-6.653828631000000549e-01	1.740330300000000052e-01	2.099088392000000081e+00	1.429243929999999940e+00	4.283552308999999947e-01
1.100681250000000055e+00	-1.140927528999999968e-01	6.927122999000000503e-01	-4.812909381999999972e-03	5.283826686000000494e-01	2.812954545999999945e-01	9.293178884999999667e-01	2.987585902999999928e-03	-3.200056481999999924e-01	-3.552406692000000255e-01	-1.023808610999999980e-01	-1.829620600999999902e-01	-2.325803049999999872e-01	1.385847548000000096e+00	3.240559190999999784e-01	7.420122294000000007e-01	1.889489253000000035e+00	-1.565326140999999893e+00	1.232425942000000108e+00	3.315562282000000249e-01	-2.033407117999999902e-01	5.884872406000000306e-02	-3.799202402999999895e-01	-1.718149126999999998e+00	-3.181448553999999818e-01	-1.560011013000000002e+00	2.707964064000000226e-01	4.507209356999999916e-01	-1.335751350000000115e-01	-1.992201724999999868e-01	8.767135553999999553e-01	5.147444519999999635e-01	1.128303834000000005e+00	3.103018466999999947e-01	2.234548875999999851e+00	-5.001205359000000517e-01	2.342126321000000122e-02	1.831822343000000020e+00	-4.096163634000000164e-01	-6.780623053000000011e-01	-6.458392291000000229e-01	-3.352099516000000001e-01	5.606323663000000179e-01	-1.689655962000000011e+00	1.044150877000000088e+00	-4.068868575000000182e-02	-1.231470585999999923e+00	-1.843190701000000098e-01	-4.562268767000000058e-01	-2.348723172999999942e-01	1.708386055000000070e+00	-6.320518126999999931e-01	5.862285020999999929e-01	6.702827580000000340e-01	4.526565707999999910e-01	1.235338607000000088e+00	1.662902096999999912e+00	3.600795690999999965e-02
8.496983982000000379e-01	-3.194280273999999809e-01	8.214121908999999500e-01	1.033411501000000010e-01	6.173172649999999484e-01	3.011923324999999929e-01	1.128716387999999959e+00	2.358728945000000132e-01	-2.227080159000000004e-01	-8.680940223999999983e-01	4.280885887000000084e-02	-1.741109523999999908e-01	2.189264254000000132e-01	1.417117841000000045e+00	2.522943429999999765e-01	4.714629844000000070e-01	1.630947836000000040e+00	-1.611831607999999916e+00	6.401564744000000085e-01	-2.392934845999999949e-01	-2.539996324000000083e-01	1.728959263000000024e-01	-4.912090738000000067e-01	-1.431739628999999958e+00	2.021960254000000068e-01	-1.675356268999999898e+00	7.118892299000000312e-01	5.750932336000000311e-02	-4.019324948999999925e-01	-1.332480011000000131e-01	4.538115309999999902e-01	1.665322552000000067e-01	9.144331624000000547e-01	6.018721646000000369e-01	2.587119686999999946e+00	1.938521350000000027e-03	5.229775688000000144e-01	1.189988991999999968e+00	-1.184522137000000030e-01	-1.161496902999999969e+00	-6.793183929000000398e-02	8.739995206999999766e-01	-1.613931551999999991e-01	-1.753640544000000023e+00	2.043759836000000052e-01	-6.526051693000000098e-01	-9.997174369000000338e-01	-2.524931236999999884e-01	-7.861088595999999873e-01	-2.454758066999999933e-01	3.446805393999999856e-01	-9.189961623000000301e-01	-1.860770065999999945e+00	1.067569999999999908e+00	1.515630188000000045e+00	1.217200494000000077e+00	9.033653170000000010e-01	2.678305118000000040e-01
7.508217114999999886e-01	-3.271192075000000088e-01	5.889235965000000350e-01	1.860458563999999870e-01	4.557037197000000095e-01	2.633735958999999793e-01	1.077935998000000062e+00	2.031952557000000006e-02	-5.726292965000000512e-01	-6.008520025000000375e-01	-2.839119429000000125e-02	-2.551876825000000126e-01	-1.005858974999999933e-02	1.184717132000000062e+00	4.268163751999999866e-01	7.687627597999999729e-01	1.512447711000000083e+00	-1.539640235000000024e+00	1.102317251000000109e+00	-6.692125782000000068e-04	-5.333886461000000301e-01	4.732574078999999823e-01	-1.008599577999999969e-01	-1.507944313999999952e+00	-2.246837724000000092e-01	-1.189300773000000033e+00	2.260137399000000102e-01	1.480842126999999953e-01	-3.698295004000000108e-01	-5.001109525999999916e-02	4.790055981999999934e-01	5.308928078000000328e-01	8.261470731000000178e-01	3.200914868999999996e-01	1.814624145000000022e+00	2.298875308999999978e-01	4.857539416000000165e-01	1.256146348999999995e+00	-7.301779071999999760e-01	-1.297758082000000091e+00	-2.743878570000000128e-01	4.360877113000000138e-02	-5.274363681999999498e-01	-1.329809980999999919e+00	4.337200460999999785e-01	-1.100472193999999959e+00	-8.233407569999999787e-01	-1.229272856000000053e-01	-6.211523687000000127e-01	1.977598695999999989e-01	1.265983757999999959e+00	-6.278356658000000534e-01	5.784807168000000166e-01	1.442462326000000017e+00	1.167639888999999931e+00	9.086128038999999879e-01	1.261435230000000018e+00	3.173654905000000137e-01
8.805546328000000145e-01	-4.029510640999999782e-01	5.819241751999999490e-01	2.796280830000000273e-01	5.286616110999999840e-01	2.921803770999999994e-01	1.119101821999999968e+00	1.662167033999999988e-01	-2.811493481999999822e-01	-9.483126172000000409e-01	2.048429807000000102e-01	-9.517695389999999978e-02	9.456221703999999340e-02	1.245997951000000104e+00	4.060521917000000092e-01	5.586462554000000136e-01	1.341583710000000096e+00	-1.528297229000000090e+00	8.880451547000000057e-01	-4.067859781000000008e-01	-6.487779455000000084e-01	9.532900800999999369e-02	-3.213343408000000068e-01	-1.290493910999999994e+00	5.509846875999999810e-02	-1.333985535999999916e+00	5.712063670999999454e-01	-6.916353901999999776e-02	-4.209338528000000079e-01	-1.721374880000000052e-01	5.280247721999999921e-01	2.636148862999999898e-02	1.090115380999999939e+00	5.270995866000000030e-01	1.365351994999999929e+00	2.763818902999999882e-01	7.553597666000000377e-01	7.685196125000000045e-01	-4.163560601999999888e-01	-1.391963389999999912e+00	-1.659541610999999972e-01	3.665994536000000137e-01	-4.956236909000000246e-01	-1.304619358999999923e-01	1.452014026000000013e-01	-9.875075585000000489e-01	-4.875794873000000029e-01	-6.708316304000000452e-01	-1.036870441999999892e+00	1.086921167000000077e+00	5.135634990999999872e-01	-9.336004437999999572e-01	-5.598851996000000497e-01	-1.340844788999999981e-01	1.563495322999999937e+00	7.515100808000000354e-01	6.299748424000000124e-01	-5.641785618000000335e-01
8.904293935999999521e-01	-5.563380982000000197e-01	6.161693954000000417e-01	3.328975808999999897e-01	5.362086122000000454e-01	3.929063230000000018e-01	1.061226522999999977e+00	-1.889015906000000161e-02	-1.938129543999999871e-01	-4.549666063999999732e-01	3.457709627999999875e-03	-3.275400234999999993e-01	-2.940982597999999837e-02	1.263049091000000068e+00	8.309003725999999923e-02	3.127147973000000136e-01	9.363982502000000041e-01	-6.862550630000000540e-01	5.527809362000000171e-01	-5.183145444000000213e-01	-7.028748984999999561e-01	8.874949269000000085e-02	5.558108349000000503e-01	-1.292858870999999965e+00	-4.860595216999999968e-01	-1.100686586999999994e+00	1.066175765999999969e+00	6.599038407999999745e-01	-3.820832533999999892e-01	-6.846989331000000178e-02	1.926625697000000081e-01	-1.299498050000000016e-01	6.469609415000000530e-01	3.885095082999999727e-01	1.038880830000000088e+00	-1.614614896999999882e-01	7.287051452999999679e-01	5.575149845000000326e-01	4.782190945999999915e-02	-1.235105050999999898e+00	-1.987759071999999905e-01	1.477862493000000055e-01	-8.545950003000000184e-01	7.276391388999999821e-01	7.636864949999999652e-01	-7.108598927000000511e-01	-2.913776643000000055e-01	-7.438997995999999668e-01	-1.023768054000000038e+00	-1.188734978999999914e+00	8.065275112999999996e-01	-7.154258092999999930e-01	-3.014976340999999879e-02	-7.269390135000000086e-01	1.272833324000000044e+00	1.194323765999999898e+00	9.701186326999999832e-01	-4.127335375000000250e-01
8.773611766000000145e-01	-4.916867455999999748e-01	6.266684584999999696e-01	4.371670371999999971e-01	5.967690032000000366e-01	4.538825309999999780e-01	1.118173668000000065e+00	6.554548162999999927e-02	-2.982341734000000244e-01	-6.038198891999999596e-01	1.041098079999999981e-01	-1.118833843999999939e-01	1.642284099000000108e-01	1.120761933999999904e+00	8.441488988999999998e-01	-3.477603813999999988e-02	8.115365257000000110e-01	-1.263831334999999889e+00	8.657993405999999670e-01	-4.314880254999999831e-01	-6.231432442000000016e-01	7.805686582000000151e-02	3.942124531000000265e-01	-1.571302680000000063e+00	3.561089465999999759e-01	-1.229481349999999917e+00	7.480049093999999732e-01	5.510578015999999524e-01	4.181414561999999974e-02	3.382865716999999828e-01	5.088093320000000030e-01	6.851135863000000492e-02	4.887727786000000130e-01	5.431379262000000097e-01	1.036478279000000002e+00	4.862893283999999983e-01	9.141489751000000386e-01	7.830465987000000405e-01	1.138084719999999939e-01	-1.213276280000000096e+00	-1.504608600000000018e-01	1.850639286999999911e-01	-5.709836120000000292e-01	-2.850688105999999999e-01	7.826227274999999484e-01	-6.120401550999999829e-01	2.227703199000000134e-01	-7.145661369000000374e-01	-1.017795071000000107e+00	-5.871386506000000338e-01	7.921771855999999445e-01	-7.859403101999999919e-01	-1.332334967999999897e-01	1.862570304999999982e+00	1.039772850999999942e+00	1.044661845999999894e+00	9.877838799999999475e-01	8.198792635999999634e-01
6.769542777999999483e-01	-4.276369254999999869e-01	3.976468249999999816e-01	4.394036794999999773e-01	4.232786452000000255e-01	3.395360259999999908e-01	1.124509479999999950e+00	6.987770122000000472e-02	-6.253296873999999450e-01	-5.510052280999999663e-01	6.331597898000000668e-02	-1.507702150000000130e-01	-1.938020612999999948e-01	7.204865231000000536e-01	1.104876793999999940e+00	3.151358897000000048e-01	6.103138594000000472e-01	-1.031480326000000058e+00	9.078266068000000466e-01	-2.350442956000000083e-01	-6.490943658000000172e-01	1.062394479000000058e-01	1.104082388999999970e-01	-1.165968928999999932e+00	8.580420582000000684e-02	-7.192427367000000515e-01	3.393924964999999738e-01	3.809392267000000221e-01	4.050077115999999866e-01	1.902141860999999878e-01	5.817507790999999484e-01	3.539665109999999837e-01	1.164555374000000088e+00	4.984890875999999915e-01	9.932641786000000472e-01	5.334830860000000508e-01	1.108486815000000014e+00	6.376521605999999620e-01	-1.033806778999999954e-01	-1.185223149000000031e+00	-2.329968474000000123e-01	1.836254411999999892e-01	-5.473332658999999767e-01	5.256738375999999713e-01	2.289893125999999945e-01	-8.512698350999999830e-01	-2.515372293000000051e-02	-7.678458615000000043e-01	-7.363431674000000537e-01	9.576394332000000009e-01	1.080222111999999957e+00	-6.653520268000000515e-01	5.874317127000000527e-01	9.660640190000000516e-01	1.247815668000000100e+00	1.514805794999999899e-01	1.379491441000000096e+00	-5.174580233000000140e-01
4.144579883000000242e-01	-3.507794895999999940e-01	4.485462752000000108e-01	4.762313503000000225e-01	4.644407536999999864e-01	3.426026980999999916e-01	1.023141703999999930e+00	2.452410862000000136e-01	-4.818211277000000181e-01	-8.137164153999999483e-01	4.684541213999999787e-01	-2.531990684000000047e-01	1.567781068999999916e-01	6.215055091000000198e-01	1.384124914000000039e+00	1.854304357000000070e-01	3.146333338999999785e-01	-9.216309664999999818e-01	3.583734968000000243e-01	-1.430666943999999996e-01	-2.299215289000000051e-01	-6.111369423000000134e-02	3.332127543000000247e-01	-1.111061418000000023e+00	4.791378550000000014e-01	-9.133169792999999981e-01	4.188908469000000023e-01	3.797277916999999836e-01	4.152707029000000105e-01	1.941095471000000017e-01	2.973613488999999888e-01	2.848638963999999829e-02	1.537592060000000094e-01	3.389109880999999769e-01	1.377492238999999952e+00	2.306803051000000104e-01	8.920409431000000389e-01	6.990403822999999850e-01	2.070410132999999930e-01	-1.317406821000000061e+00	-1.166113898000000065e-01	4.926461991000000151e-01	-8.621820339000000333e-01	7.655131996999999799e-01	-2.905758572000000095e-01	-7.851380466999999808e-01	-2.975231881000000023e-01	1.009301248000000067e-01	-5.815398138999999800e-01	-5.449169122000000476e-01	5.590491359000000493e-01	-5.885660864999999742e-01	-6.008630697000000298e-01	2.951374236000000040e-01	4.733002586000000234e-01	5.669523530000000200e-01	5.172060419999999770e-01	-4.026057592000000240e-01
5.766282776000000165e-01	-6.392272010999999754e-01	4.117426240000000015e-01	4.249837505999999876e-01	5.283735157000000182e-01	4.057584894999999858e-01	1.028745712999999951e+00	3.137034801999999956e-01	-4.147790383000000136e-01	-5.026251425000000106e-01	2.411593137999999970e-01	-1.709876475999999867e-01	1.851301258999999977e-01	2.867445858000000070e-01	8.540299869999999904e-01	3.206519268999999950e-01	4.378302594999999853e-01	-7.911659352000000034e-01	5.567373853999999511e-01	-4.354494656999999824e-01	-4.746632698000000095e-01	2.422515430999999941e-01	7.071162347999999653e-01	-9.511956392999999510e-01	-2.853599024999999845e-01	-7.088417717999999645e-01	6.269818902999999555e-01	3.244827825000000110e-01	-1.543109958999999975e-01	4.371264152000000069e-01	-2.856310418999999934e-01	2.285395715000000105e-01	7.699019316999999862e-01	2.481659719999999847e-02	8.541793302000000310e-01	-2.345723000000000114e-01	9.851241602000000430e-01	5.518986786999999783e-01	3.375001852000000246e-01	-1.086082674000000026e+00	-2.275905609999999968e-01	1.215760111000000060e-01	-9.199026582999999535e-01	-4.417162868000000242e-01	2.820980381000000037e-01	-8.159440317999999692e-01	-4.687120477000000229e-01	-4.573114468999999738e-01	-7.119933220999999923e-01	-8.926754077999999870e-01	9.131571616000000446e-01	-3.579296610000000101e-01	8.077935845999999476e-01	1.717709436000000034e+00	6.172931937000000202e-01	4.031040859000000198e-01	3.671540628000000139e-01	4.322291155999999912e-01
4.541024665000000238e-01	-7.062325079000000283e-01	4.889515425000000026e-01	4.056645059999999803e-01	5.346461576000000049e-01	4.518421643000000154e-01	9.874787775000000156e-01	4.010852815000000016e-01	-3.667737903000000133e-01	-7.624410215000000379e-01	3.061683808999999812e-01	-3.914492432999999716e-02	2.508387818000000213e-01	-2.580381786999999885e-02	1.059154378999999979e+00	2.846979009999999755e-01	3.790309275000000033e-01	-9.645327640999999952e-01	3.916249985999999961e-01	-4.915453390999999783e-01	-3.640080696999999921e-01	1.371069051999999899e-01	4.978345473999999937e-01	-1.340222441999999958e+00	2.667812724999999996e-01	-8.752213609000000227e-01	8.710625118999999472e-01	-2.047564702000000125e-02	-1.859751119999999980e-01	5.145109883999999800e-01	-3.886525381000000001e-01	1.097005664999999991e-01	5.800732242999999677e-01	-2.598462584999999998e-03	1.093078538000000099e+00	-1.169055211000000066e-01	7.623021232000000147e-01	6.322884855000000526e-01	3.737004378000000071e-01	-1.151297220000000010e+00	-1.219967002000000023e-01	2.549922748999999822e-01	-8.188193520000000003e-01	-3.126004479999999752e-01	-6.408003062999999971e-03	-8.907410860000000152e-01	-7.859099418999999642e-01	-3.977467422000000030e-01	-7.108554110000000481e-01	-4.012901663999999813e-01	3.683738489999999755e-01	-5.060175872000000075e-01	1.876111459999999995e-02	2.716353267000000127e+00	7.959366544000000543e-01	-1.610294952999999918e-01	1.079005853999999986e-01	7.236353983000000101e-01
4.877710469000000049e-01	-7.679486884999999763e-01	3.296990636000000086e-01	3.721885434000000159e-01	4.594348419000000017e-01	3.492230894999999724e-01	9.250387107999999969e-01	3.246584405999999867e-01	-4.328980379999999850e-01	-5.721527202999999728e-01	1.247287997999999981e-01	-1.153378689999999956e-01	2.293750102000000068e-02	-3.918534658999999754e-01	7.415528375000000061e-01	4.735360277999999812e-01	1.335961273000000060e-01	-9.957875297999999598e-01	3.797999403999999801e-01	-3.716682540999999840e-01	-4.794334471000000208e-01	2.419589474999999934e-01	4.975300444999999905e-01	-1.229185747999999911e+00	-2.608356424000000118e-01	-7.687550968999999901e-01	9.398541482000000169e-01	3.676506820000000064e-02	-2.696604766999999847e-01	4.976173312000000126e-01	-5.360437882999999903e-01	3.839068673000000098e-01	7.566489471999999772e-01	-9.625862040999999536e-02	8.559568759000000249e-01	-3.377215658000000120e-01	8.424532398999999838e-01	6.029039623999999931e-01	2.336577640999999983e-01	-1.083564482000000107e+00	-2.223870269000000066e-01	1.643622738999999944e-01	-8.391168829999999801e-01	-5.789112697999999613e-01	-6.388992964999999913e-01	-1.279326508000000029e+00	-1.073866546999999949e+00	-5.489601812000000081e-01	-7.399242005999999705e-01	-2.597311594999999751e-01	4.127608638999999968e-01	-3.542159952999999750e-01	7.702072357999999452e-01	2.549383038000000212e+00	8.159443960000000162e-01	-4.190876559999999751e-01	-1.528712430999999983e-01	5.432731706000000216e-01
3.950508406000000083e-01	-8.203168653000000310e-01	4.230914625000000151e-01	4.645803953000000042e-01	4.543563271000000126e-01	4.329681583000000167e-01	9.243306270000000158e-01	4.561020490000000094e-01	-4.226636375000000223e-01	-7.640257343999999895e-01	2.038953497999999864e-01	1.366176722000000086e-02	7.176370329999999520e-02	-6.119858776000000056e-01	1.222881910999999988e+00	3.359094224999999989e-01	4.461742914000000129e-03	-1.203927527000000053e+00	3.667246967000000191e-01	-4.245698878999999981e-01	-3.643248178999999864e-01	2.164641871000000106e-01	3.338213092999999798e-01	-1.350331375999999972e+00	3.216773075000000093e-01	-8.587855302000000357e-01	8.206216766999999690e-01	3.312453817000000217e-02	-2.202249785000000015e-01	4.709504469999999943e-01	-3.759980814000000171e-01	7.304758051000000141e-02	1.665201739999999930e-01	-1.500329593999999989e-01	3.343865885999999787e-01	9.099929230999999341e-02	7.475732899999999459e-01	5.562233788999999540e-01	1.022006664999999953e-01	-9.810932516000000492e-01	-6.206655112000000057e-02	1.157296406000000027e-01	-8.480944823999999604e-01	-7.231014666999999729e-01	-9.827990531000000418e-01	-1.530396045999999899e+00	-7.480300832999999816e-01	-6.627601197000000388e-01	-8.576050152999999954e-01	2.960123222000000109e-01	2.510752460999999824e-01	-4.961248238000000033e-01	2.281648867999999941e-01	2.191396780999999905e+00	5.958835162000000185e-01	-2.747502412999999755e-01	-3.245193941000000248e-01	2.358144063000000012e-01
5.323897360999999551e-01	-7.979188968999999521e-01	3.326202790000000187e-01	4.550383977999999940e-01	4.431962535999999786e-01	3.368052250999999941e-01	8.567551167000000412e-01	3.694092565000000050e-01	-3.594042246999999968e-01	-6.265661989999999903e-01	9.535599142999999500e-02	-1.994689335999999882e-02	-1.879344319999999915e-02	-6.630830063000000552e-01	8.098376469000000411e-01	2.660808251999999818e-01	-1.568467664000000039e-01	-1.156890061999999997e+00	3.249568029000000080e-01	-4.872924411999999816e-01	-6.534535962999999947e-01	3.499118318000000172e-01	3.345761650000000226e-02	-1.095568826999999912e+00	-3.394959759000000243e-01	-7.222142242000000323e-01	7.696967273000000498e-01	3.327327491000000026e-01	-2.324485872000000009e-01	3.204827870999999995e-01	-4.845398244999999937e-01	9.469819866999999725e-02	5.633568018000000288e-01	-2.838733247999999931e-01	-5.321163247000000318e-01	-2.028108372000000104e-01	9.370795210000000264e-01	2.685442949999999884e-01	1.015066958999999991e-01	-9.806048907000000092e-01	-2.216688038999999888e-01	1.012754030999999943e-01	-1.096868133999999939e+00	-3.874667714000000207e-01	-1.318658139999999923e+00	-1.576954375999999991e+00	-3.104577686000000170e-01	-1.074154846000000108e+00	-1.070554358000000095e+00	1.282353923000000062e+00	2.574804408999999961e-01	-3.791950947000000127e-01	1.059133093000000025e+00	1.114056296999999945e-01	5.779460020000000142e-01	-2.153555920999999929e-01	-3.097918215000000086e-01	-6.453780018000000451e-01
4.999135061000000158e-01	-7.948347988999999725e-01	5.366529163000000047e-01	4.719324053000000241e-01	5.077731525999999995e-01	4.686162059999999796e-01	8.919461748000000467e-01	5.092950936000000262e-01	-7.599103154000000360e-02	-6.853421189999999719e-01	3.194051098999999838e-01	-3.622590409999999761e-02	2.216662466000000054e-01	-4.563132482000000212e-01	1.005229426999999953e+00	9.721288176999999531e-02	-1.507268626000000111e-01	-7.402221902000000187e-01	1.244975930000000036e-01	-6.494536910999999524e-01	-5.261471016000000001e-01	9.536577756000000350e-02	2.989328511000000077e-01	-1.092530661999999930e+00	1.844734160000000012e-01	-1.027486971000000082e+00	9.874040835999999821e-01	6.300413831000000187e-01	-1.743113015999999960e-01	2.797769990000000262e-01	-2.983738035999999871e-01	-3.991232927999999736e-01	3.318566385999999757e-01	-1.355141921999999943e-01	-8.476874227999999789e-01	-1.468857563000000033e-01	8.620847695000000144e-01	2.049748705999999976e-01	5.465721062999999713e-01	-8.592505929000000542e-01	-1.490755652999999903e-01	2.423042833999999868e-01	-1.099773427999999997e+00	3.940472559000000041e-01	-1.005467569999999977e+00	-1.233692440000000001e+00	4.098881448000000205e-01	-1.005426506999999914e+00	-1.310004721999999955e+00	-1.014904783000000060e-01	2.754718030000000151e-01	-6.727900704000000509e-01	3.633470473000000034e-01	-1.268757418000000081e+00	3.278608398999999785e-01	5.318897241000000164e-01	1.371024956999999933e-01	-1.237012642000000051e+00
5.746177784999999538e-01	-8.296690758000000443e-01	4.381800692999999747e-01	4.984638994000000212e-01	5.480416677999999653e-01	3.462161053000000210e-01	8.835615919000000540e-01	4.168816332999999985e-01	-2.010818145999999917e-01	-5.652214133999999834e-01	3.219290948999999902e-01	-1.259879677000000087e-01	1.445408438999999934e-01	-4.713415900999999852e-01	1.056407644000000090e+00	5.948635781999999771e-04	-7.310237438000000143e-02	-8.174002500999999477e-01	2.624101260000000213e-01	-4.002511663000000164e-01	-4.929251048000000135e-01	6.656127989000000522e-02	3.759668078999999774e-01	-9.186239143000000107e-01	-3.939288872000000219e-01	-9.567695376000000529e-01	9.052977843999999719e-01	6.103292541999999488e-01	3.701697548999999862e-03	4.084551855999999925e-01	-2.469205861000000057e-01	-6.872629489999999841e-02	7.258872895000000325e-01	-1.201633787000000037e-01	-8.911603195999999727e-01	-1.383488116999999906e-01	8.061180463999999546e-01	4.610415756999999837e-01	6.637908423999999696e-01	-6.742088166999999910e-01	-2.116800597999999867e-01	3.174836286000000118e-01	-9.216071049999999820e-01	1.178326479999999954e+00	-1.069217599999999990e+00	-1.035682393999999951e+00	5.366289910000000551e-01	-9.347010995000000211e-01	-1.188678496000000084e+00	-5.632870407000000190e-01	3.801063834999999780e-01	-4.817357608999999763e-01	6.750614674999999565e-01	-8.686149783999999596e-02	5.429339669999999618e-01	4.975401063000000068e-01	6.966204367999999647e-01	-7.242819563000000294e-01
5.041512971999999593e-01	-7.399551538999999956e-01	5.077426633999999606e-01	4.607661012000000000e-01	5.217988032000000498e-01	4.159121259999999931e-01	9.029112948999999944e-01	4.655302644000000045e-01	-2.515800226000000084e-01	-6.739022485000000229e-01	4.672937327999999724e-01	-4.743306315999999689e-02	2.036583355000000095e-01	-3.280293940999999824e-01	1.160771999999999915e+00	6.539339755999999670e-02	-3.442616574000000040e-02	-1.016639352999999968e+00	4.283388398999999902e-01	-5.873934343000000169e-01	-5.788159387000000322e-01	-1.540241498999999903e-01	4.430361457999999752e-02	-1.318056107999999949e+00	1.217273175000000013e-01	-9.595239067999999927e-01	6.850217242999999678e-01	3.700379603000000239e-01	5.440060733000000315e-02	4.369500865000000012e-01	-2.660222866999999991e-01	-7.320536336999999838e-02	5.161349489000000013e-01	-1.120612945000000055e-01	-1.483597798999999884e-01	-2.837179391999999911e-01	6.693675235999999584e-01	5.761482076999999702e-01	3.072467588000000194e-01	-1.024408683000000098e+00	-8.179109716000000641e-02	3.229272118000000025e-01	-7.666177050000000381e-01	1.117441989000000024e+00	-1.571431685999999939e+00	-1.044677462999999973e+00	1.923194654000000003e-01	-8.067781220999999947e-01	-1.082117114999999963e+00	-4.806787316000000199e-01	3.129743360000000196e-01	-6.748133552999999729e-01	3.198978659000000224e-01	3.937783772000000293e-02	9.239760147000000146e-01	1.428954343999999932e-01	5.026625462999999572e-01	-7.279738676000000464e-01
4.998541096999999933e-01	-8.135785773000000498e-01	3.816854209000000164e-01	4.607055486000000144e-01	4.585259025999999793e-01	2.711534412000000116e-01	8.452722055000000401e-01	3.482568104000000053e-01	-3.245832633999999883e-01	-5.512674468999999577e-01	2.919248596999999834e-01	-1.708379137000000103e-01	1.446906180999999944e-02	-4.085475758000000068e-01	1.035360827000000095e+00	1.043902701999999960e-01	-1.827155668000000066e-01	-9.443500393999999520e-01	3.250393874999999988e-01	-4.859379041999999926e-01	-5.690787724000000436e-01	-3.619052697999999846e-02	2.945374565000000167e-01	-9.330613694999999597e-01	-4.690452911999999919e-01	-9.171315317999999550e-01	7.653942759999999845e-01	2.725993473000000167e-01	-2.396194565000000012e-02	4.802424097999999919e-01	-4.326012536000000130e-01	1.575923223000000040e-01	6.253265865999999562e-01	-1.425301418000000098e-01	2.556920256999999919e-01	-5.041670357999999963e-01	7.665708501000000341e-01	5.893266265000000059e-01	2.919564177999999788e-01	-9.292099359000000058e-01	-1.220995257000000028e-01	3.374409877999999807e-01	-8.113786613000000258e-01	9.522958142999999875e-01	-1.668521853000000110e+00	-1.362554116999999954e+00	-4.125655850000000124e-01	-8.378304374999999693e-01	-1.044616629999999935e+00	-1.176191369000000098e+00	3.859037869999999981e-01	-5.169770105000000004e-01	5.057257654000000269e-01	4.231579685999999896e-01	6.619593862000000550e-01	1.685618148999999955e-01	3.980646134000000169e-02	-6.174283052000000271e-01
4.880545958999999989e-01	-8.419959143999999895e-01	3.577168753000000145e-01	5.473190713000000152e-01	4.993404786999999789e-01	3.236874502000000042e-01	9.173814704999999625e-01	4.010901794000000242e-01	-3.317081496000000018e-01	-7.124423134999999796e-01	3.016626327999999968e-01	-1.451347064000000076e-01	1.379175632000000096e-01	-4.363553189000000110e-01	1.309003866999999932e+00	-1.505604953999999975e-02	-8.131371718999999554e-02	-1.012016921000000069e+00	4.343033553000000269e-01	-5.247514917000000167e-01	-5.218216700000000152e-01	-1.462510401999999876e-01	5.276191169999999708e-01	-9.890327026999999882e-01	3.227333296000000074e-01	-9.603362922000000523e-01	7.365491585000000230e-01	1.153813347999999989e-01	-1.869042942999999957e-01	4.135981347000000086e-01	-3.688607989000000087e-01	3.452635000999999815e-02	2.629721470999999977e-01	2.160949666000000144e-02	6.301455586000000338e-03	-2.620125336999999943e-01	7.239615899000000354e-01	5.819172920999999832e-01	2.482215762999999964e-01	-1.133272657000000017e+00	2.352825532000000011e-02	3.375079750000000156e-01	-7.323525288000000133e-01	3.562337032999999820e-01	-1.410791337999999895e+00	-1.485689591999999948e+00	-7.559668185000000262e-01	-8.554274970999999894e-01	-1.130240404999999893e+00	-1.219975731999999979e+00	2.194436247999999867e-01	-7.197771598000000104e-01	5.752319699999999814e-02	1.679686902999999898e+00	5.344358903999999466e-01	7.472041158000000682e-02	-4.666430557999999840e-01	1.920589862999999911e-03
4.700860467999999903e-01	-8.109887048999999681e-01	3.302351715999999882e-01	4.872390278000000019e-01	4.524472004999999797e-01	2.918284530999999959e-01	8.637606839000000480e-01	3.146508024999999931e-01	-3.272981845999999861e-01	-5.211625826000000350e-01	2.088727962999999965e-01	-1.171698058999999931e-01	1.567408118999999911e-03	-4.326056001999999956e-01	7.667203464999999829e-01	1.950921519000000104e-01	-2.477177617000000109e-01	-1.002513635999999986e+00	1.348721699000000052e-01	-5.058083477000000494e-01	-6.028361409000000393e-01	2.109323577999999977e-01	4.573921002999999930e-01	-7.178858839999999741e-01	-4.514088855000000233e-01	-7.549612795000000265e-01	8.124394928999999488e-01	1.695208215000000018e-01	-1.511111940000000042e-01	5.058996443000000065e-01	-6.808670996000000253e-01	1.657450152999999926e-01	2.877806446000000240e-01	-3.223053240000000041e-01	-5.012585625000000045e-01	-6.719232146000000405e-01	7.856587908000000064e-01	2.536996250999999925e-01	1.390137737000000095e-01	-9.644977126999999539e-01	-1.432424756000000021e-01	3.965367368000000114e-02	-1.097458878000000082e+00	-8.730972747999999894e-01	-9.348529449000000380e-01	-1.416018049000000056e+00	-7.613452552999999678e-01	-1.036674389000000085e+00	-1.131742489000000074e+00	-8.658654305999999856e-01	3.341276689000000077e-01	-5.534093272000000230e-01	7.494871755999999996e-01	1.231208239999999954e+00	1.807844029000000019e-01	-3.305355010000000232e-02	-5.551304719999999859e-01	5.152922428999999749e-01
4.242747231999999813e-01	-8.797727971000000036e-01	3.575663645000000113e-01	4.882520523000000168e-01	5.084915366000000159e-01	4.184782494000000019e-01	8.362660212000000426e-01	4.033423279000000194e-01	-2.209979475000000138e-01	-6.767084738999999960e-01	3.119431602000000137e-01	2.765830412999999849e-02	2.154135477999999937e-01	-4.045726065999999954e-01	1.178598644000000029e+00	2.259673871000000001e-01	-1.398904319000000007e-01	-8.768690204000000321e-01	3.298408124000000163e-01	-5.494438335000000340e-01	-5.627721048999999587e-01	1.838522696999999873e-01	7.116523484000000233e-01	-9.526805050000000108e-01	3.457743495000000222e-01	-9.490602128999999776e-01	8.607936055999999558e-01	2.330522288999999914e-01	-2.435714498999999866e-01	5.375558055000000390e-01	-4.993954302999999983e-01	-1.752886254000000088e-01	2.186051948999999939e-01	-7.536197880999999377e-02	-8.446251435999999613e-01	-1.555293554000000134e-01	7.258029572999999957e-01	2.224629166000000047e-01	3.262316122000000207e-01	-8.362307933999999499e-01	-6.988740757999999803e-03	6.577392643999999643e-03	-1.078843962999999961e+00	-1.293915718999999909e+00	-6.140084040000000076e-01	-1.438344359000000017e+00	-3.183556678999999723e-01	-9.758787450999999447e-01	-1.232592805999999985e+00	-4.986499095999999964e-01	2.069319475999999991e-01	-6.794467828000000376e-01	3.895347167000000055e-01	1.342974123000000075e+00	9.404934715000000389e-03	2.220642556000000101e-01	-2.476459887000000137e-01	3.987457734000000031e-01
5.158234317000000013e-01	-8.722343661000000470e-01	2.649087377000000076e-01	5.227043346999999951e-01	5.261163356000000402e-01	3.038691224999999774e-01	8.363329420999999764e-01	3.302785330999999935e-01	-3.377712710999999923e-01	-5.760886806999999665e-01	1.539049734000000058e-01	-6.228348495000000234e-02	-1.386542932999999984e-02	-5.159742562000000365e-01	9.918647967999999482e-01	1.097986100000000048e-01	-9.093614801999999608e-02	-9.077570043999999561e-01	1.543810072000000033e-01	-4.027278273000000075e-01	-6.144243842000000067e-01	2.620346853000000142e-01	3.838647124999999827e-01	-8.805174968000000213e-01	-3.250187545000000067e-01	-7.263687650000000273e-01	8.179480301999999536e-01	3.206311592000000155e-01	-9.917718605000000465e-02	6.103139823000000019e-01	-5.277382272999999735e-01	2.153191509999999864e-01	4.081740991999999735e-01	-1.347058431000000001e-01	-9.019567059999999969e-01	-1.066558395000000020e-01	8.205414107999999818e-01	2.600373500000000004e-01	2.437325026000000117e-01	-7.468571765000000529e-01	-2.182363970999999861e-02	2.960868687000000055e-01	-1.050276803000000037e+00	-6.341610962000000518e-01	-9.652281715999999623e-01	-1.481531727999999992e+00	-2.690187588999999879e-01	-1.154884698999999904e+00	-1.024055280000000012e+00	2.873890474999999944e-01	1.778885486000000016e-01	-4.355100697000000021e-01	7.522244262999999709e-01	1.516136866000000083e+00	2.313253147000000065e-01	-1.559670643000000134e-01	7.312164171000000087e-03	6.494122462000000429e-01
4.865962607000000051e-01	-8.093210094999999660e-01	3.593485269000000204e-01	4.560132463000000080e-01	5.141667403999999886e-01	4.875501697999999884e-01	7.880388938000000287e-01	3.912291546000000175e-01	-2.029321151000000045e-01	-6.583299917999999584e-01	2.696870407999999997e-01	9.629068092999999717e-02	1.987820681999999950e-01	-3.809218019999999760e-01	9.876286142000000323e-01	1.961833578999999939e-01	1.112647565999999935e-02	-8.356485193999999561e-01	5.152094592999999501e-01	-6.312506814999999660e-01	-8.214101047999999849e-01	2.029168040999999867e-01	3.051467755000000226e-01	-1.254526234999999934e+00	2.738848494000000189e-01	-8.937443244999999648e-01	8.785719019000000074e-01	3.712195801000000017e-01	-1.726744333000000131e-01	6.428563854000000077e-01	-5.086811894999999639e-01	-6.473592196999999882e-03	2.789663352999999790e-01	-1.848237882000000054e-01	-7.797950372999999935e-01	-1.337281520999999973e-01	8.338900231000000440e-01	2.338555119999999876e-01	1.100247193999999984e-01	-1.032761041999999962e+00	2.978276884000000124e-02	8.854940082999999962e-02	-1.043407001000000056e+00	-9.455184053999999838e-01	-1.177255195000000088e+00	-1.405417557999999900e+00	-2.906618168999999807e-01	-1.058491646000000008e+00	-1.237477222000000099e+00	1.002599953000000044e+00	1.871801851999999877e-01	-6.307003397999999539e-01	8.182309287000000264e-01	5.961516114999999560e-01	5.036150367999999711e-01	-1.603851668000000064e-01	-2.151576696999999913e-02	-3.817615999000000260e-01
4.858993953999999893e-01	-8.857068068000000238e-01	2.813540726000000047e-01	4.355447043999999823e-01	5.103208174000000152e-01	2.661699211999999926e-01	7.660574237999999703e-01	2.869394875999999872e-01	-2.710804459999999749e-01	-5.377042137999999971e-01	1.416229353000000024e-01	1.929184022999999928e-02	-4.407480429999999921e-02	-6.300564397000000261e-01	9.306109874000000337e-01	3.020971306999999939e-01	-1.008547300999999979e-01	-8.832675671999999922e-01	1.122754774000000039e-01	-4.784074911999999791e-01	-6.726834842000000148e-01	3.067041236999999976e-01	2.851199057000000092e-01	-8.674758546999999931e-01	-4.227981706000000228e-01	-7.285126079999999504e-01	1.012413468000000094e+00	2.244867010999999912e-01	-1.293325167000000109e-01	6.789390217999999866e-01	-7.102135766999999600e-01	3.049974630999999770e-01	4.626883669999999893e-01	-1.331065854000000048e-01	-6.674420486000000041e-01	-1.593176410999999904e-01	8.525249198000000028e-01	1.959874440000000106e-01	2.885988895000000110e-01	-7.275293877999999825e-01	-1.135805904999999949e-01	1.476563311999999906e-01	-1.044748776999999906e+00	-1.069032270999999978e+00	-1.063382553000000064e+00	-1.451051780000000013e+00	-3.529807812999999905e-01	-1.123442293000000092e+00	-1.095681204999999991e+00	9.421240982999999902e-01	1.391803718000000079e-01	-3.934370334000000247e-01	9.823415563999999822e-01	9.901172432000000523e-01	1.394066529000000110e-01	-2.931024757999999841e-01	-2.037996135000000042e-01	-4.220695154999999921e-01
4.628765165000000015e-01	-8.697764803999999961e-01	2.911678744999999791e-01	5.277616824999999956e-01	4.962681407999999794e-01	3.469707951000000068e-01	8.284647764000000469e-01	3.516305366999999960e-01	-2.524189084999999833e-01	-7.508576416000000142e-01	2.256035741000000094e-01	-5.880574053999999828e-02	1.455638415000000130e-01	-6.332355152999999959e-01	1.310187049000000048e+00	6.640372584999999772e-02	9.836623999000000673e-02	-9.113335980000000225e-01	4.945453228999999729e-01	-4.837747983999999835e-01	-7.301294104000000118e-01	3.015738184000000058e-02	2.595193085999999982e-01	-1.068418344999999992e+00	4.195561678999999988e-01	-8.740227072999999791e-01	8.667352781999999589e-01	1.797124474000000027e-01	-1.489724735999999883e-01	5.843705487999999448e-01	-3.281850778000000024e-01	-8.473937415999999168e-03	2.843964281999999955e-01	-3.448393606999999861e-02	-8.407202317999999952e-01	7.290995499999999852e-02	9.345656502000000421e-01	2.270841329999999936e-01	2.092680081999999941e-01	-1.021478348000000036e+00	2.713568373999999950e-02	8.937341848999999505e-02	-8.525819899000000035e-01	-2.018211551000000104e-01	-1.397977130999999984e+00	-1.635821358999999919e+00	-4.722975899999999894e-01	-1.114053753000000091e+00	-1.239363269999999906e+00	1.208723548000000036e+00	2.279309552999999877e-01	-6.844739475000000128e-01	6.066015926000000169e-01	6.917186953999999721e-01	5.909507808999999723e-01	-5.498141390999999878e-01	-6.048854761999999941e-01	-6.699436679000000394e-01
5.214807363000000251e-01	-7.689283530999999616e-01	3.061689937000000028e-01	4.389289076999999817e-01	4.941747877000000067e-01	1.666442935000000125e-01	7.700082799999999894e-01	2.979812419000000268e-01	-1.841944207000000000e-01	-4.794731741000000103e-01	1.661100507000000115e-01	-2.075869635000000130e-02	-7.111924055000000411e-02	-6.948739949000000138e-01	7.135086200000000378e-01	2.061866319000000003e-01	-6.327814049999999635e-02	-7.015864283999999618e-01	-4.970308068999999829e-02	-5.981559182000000252e-01	-7.983868530000000074e-01	1.463065632999999977e-01	1.771904202000000039e-01	-7.662949613999999743e-01	-7.379103667999999949e-01	-6.295100644000000134e-01	1.029981999000000092e+00	1.613656558999999879e-01	-1.425088603999999926e-01	7.241180796999999725e-01	-7.571062716999999997e-01	1.841187880000000054e-01	4.139479233999999730e-01	-2.667144680999999906e-01	-1.109905259000000033e+00	-4.153068303999999933e-01	9.312042613000000024e-01	8.002744353000000588e-02	2.378770620000000002e-01	-8.915002939999999709e-01	-1.932282043000000116e-01	2.249942880999999950e-01	-1.234408801000000055e+00	6.629659244000000173e-01	-1.267299262999999954e+00	-1.360418624000000021e+00	-4.749969578999999748e-02	-1.293259914000000066e+00	-1.323776217999999893e+00	2.375089361000000121e-01	1.703273948000000038e-01	-4.259359067999999859e-01	8.969936982999999753e-01	-1.211326169999999980e+00	3.889548455999999876e-01	-4.311843914999999861e-01	-7.974713984000000311e-01	-1.122904520999999933e+00
5.071318787999999911e-01	-8.638742916999999633e-01	3.852492840000000252e-01	4.681388093000000139e-01	5.041674126999999839e-01	3.896854993000000156e-01	7.715890573000000474e-01	4.196503850000000146e-01	-1.315867926000000021e-02	-6.448625180000000512e-01	3.344102714000000143e-01	6.358530303999999911e-02	2.964108731000000274e-01	-5.591179320000000397e-01	1.213041913999999943e+00	8.020187129000000414e-02	2.335618311999999863e-01	-6.702582785999999793e-01	4.490071928000000101e-01	-6.319618401000000052e-01	-6.961126597000000249e-01	-4.331563667999999839e-02	6.056695852000000269e-01	-9.354721325000000531e-01	3.746008559999999821e-01	-1.017092442999999902e+00	1.141785468999999997e+00	3.236408151999999872e-01	-3.710129246000000158e-01	5.930771495000000115e-01	-3.959670692999999742e-01	-3.161476491999999916e-01	4.075679361999999806e-01	-5.759403689999999937e-02	-1.342327665000000003e+00	-8.300720394999999696e-02	8.015884684999999843e-01	1.346523998999999971e-01	4.639011254000000029e-01	-7.386814968999999564e-01	-1.742027938000000054e-02	-7.705841316000000552e-02	-1.086614492000000043e+00	7.195032017000000391e-01	-8.069874935999999943e-01	-1.334939727000000076e+00	3.156986806000000034e-01	-1.109594060999999909e+00	-1.477093932999999915e+00	-1.729543399000000037e-01	2.472803010999999884e-01	-6.620796983000000191e-01	8.517931466000000507e-01	-1.084452589999999939e+00	3.123228074000000132e-01	-2.793898293000000171e-02	-3.743794185000000052e-01	-1.309477095999999952e+00
5.361486449000000265e-01	-8.357936179999999604e-01	3.425212610000000213e-01	5.394452000999999663e-01	5.617926538999999941e-01	1.691620144000000048e-01	8.110101430999999694e-01	3.603672531000000068e-01	-1.908098408999999995e-01	-4.895570725999999762e-01	2.232029490000000116e-01	-1.616300881000000134e-01	6.619202220000000580e-02	-5.927123747000000442e-01	9.298322463000000537e-01	-1.176932232000000023e-01	2.085186703999999946e-01	-5.945703411999999632e-01	-2.489994091000000132e-01	-3.578417088999999995e-01	-4.355832535999999977e-01	2.447220761999999855e-02	4.670792602000000127e-01	-6.285186115999999990e-01	-6.666387793000000395e-01	-7.825569620000000226e-01	1.002977870999999910e+00	3.072271704999999797e-01	-9.728715282000000020e-02	7.256320203999999663e-01	-5.148563395999999903e-01	1.404824454999999972e-01	4.720724886000000065e-01	-1.293132045000000008e-01	-1.139645637000000100e+00	-7.345357701999999378e-02	8.442763925999999808e-01	1.511779696999999978e-01	6.900972257999999915e-01	-5.209151348999999653e-01	-1.876008187000000049e-01	3.993940767999999975e-01	-1.021639465000000024e+00	1.267238730999999952e+00	-9.551395531999999911e-01	-1.128937298999999950e+00	2.500432470000000240e-01	-1.190772292999999982e+00	-1.160238654999999897e+00	-4.782396278000000112e-01	2.107494498999999966e-01	-2.829018719999999987e-01	3.626237776999999829e-01	-4.889595770999999869e-01	2.240363937000000027e-01	5.005218050000000141e-02	-1.643064331999999905e-01	-6.283750920999999767e-01
4.710474358999999778e-01	-8.239437109999999675e-01	4.530051455999999921e-01	4.704014385999999992e-01	5.332230852999999549e-01	5.186419090999999648e-01	8.000791860000000533e-01	4.872700065000000191e-01	-5.955662099000000320e-02	-5.697114343000000414e-01	3.658160416999999831e-01	-8.278586362999999781e-02	5.132162032000000540e-01	-2.915263461000000000e-01	1.148866863000000071e+00	-1.472817724999999911e-01	2.714065407999999846e-01	-7.338960626999999626e-01	7.861300093999999961e-01	-5.317409772000000201e-01	-5.435913842999999801e-01	-1.346904577999999963e-01	5.500921609000000156e-01	-9.666396678999999992e-01	4.598737844999999935e-01	-1.249337598000000105e+00	8.456497418999999738e-01	3.494618963000000189e-01	-2.171298416000000120e-01	5.849783817000000496e-01	-3.221222846999999834e-01	-3.489888485000000040e-01	3.077673564999999778e-01	-1.600735417999999965e-01	-5.489760487000000522e-01	-3.659613139999999820e-01	7.199660751999999997e-01	3.936779837000000115e-01	4.241150034000000235e-01	-8.710144886999999780e-01	-6.744597661000000140e-03	-1.779282389999999880e-01	-8.363552668999999495e-01	8.735242908000000472e-01	-1.003976591000000029e+00	-1.124822645000000065e+00	1.973163212000000055e-01	-8.894178075999999988e-01	-1.400060078000000097e+00	-1.434613884000000006e+00	4.516791471000000113e-01	-7.137966105999999922e-01	8.026307198000000032e-01	-4.235536214000000244e-01	5.774206173000000497e-01	3.165090247999999828e-01	6.727824905000000244e-02	7.228078205000000242e-03
4.666441034000000099e-01	-8.257663616999999512e-01	3.156919361000000146e-01	4.793068933999999892e-01	5.270382756999999474e-01	1.693600509000000032e-01	7.690067272999999703e-01	4.093362560000000094e-01	-2.768228931999999753e-01	-3.933833928000000091e-01	2.070239003000000078e-01	-1.342097418000000042e-01	7.151691347999999948e-02	-4.194524117999999802e-01	8.596159705999999456e-01	-8.662388924000000157e-02	1.738491208999999940e-02	-7.072134100000000423e-01	-3.946095971999999952e-01	-3.901767251000000103e-01	-2.938681307000000076e-01	-8.861520302000000515e-02	4.991300201000000158e-01	-5.727540351000000030e-01	-8.676380361000000097e-01	-8.563634309000000000e-01	8.622175012999999666e-01	1.684791827000000075e-01	3.063437791999999889e-03	8.332060374999999963e-01	-6.992646053000000084e-01	2.447017314000000110e-01	6.927778645000000068e-01	-4.756022941000000170e-02	-2.146261317000000002e-01	-2.975148826999999829e-01	7.695457302999999527e-01	2.262131991999999925e-01	6.147670988000000225e-01	-4.336737733000000095e-01	-1.995106946000000103e-01	2.864843080999999736e-01	-9.585046420999999706e-01	8.534622095999999658e-01	-7.758815722999999887e-01	-1.007465190000000010e+00	7.806987789000000011e-02	-9.301518506000000519e-01	-1.023168223000000099e+00	-1.441517181999999897e+00	3.003425824000000022e-01	-3.656882062999999849e-01	3.387209610999999954e-01	-2.610865285999999785e-01	-1.490570021000000023e-01	5.152887086999999866e-01	3.290967947999999810e-01	2.935521595000000206e-01
4.653057387999999794e-01	-8.843093620999999960e-01	3.833894095000000002e-01	5.655255882999999928e-01	5.875115812000000215e-01	6.076562247000000250e-01	8.806088896000000554e-01	4.293565723000000167e-01	-1.883116821999999968e-01	-7.155783607000000268e-01	3.844855669999999725e-01	-1.540613694000000089e-01	5.362027539999999481e-01	-1.778272991000000025e-01	1.575495569000000096e+00	-2.555504800999999770e-01	4.211636637999999766e-01	-8.137643959999999455e-01	1.080333514000000106e+00	-4.129566365999999822e-01	-4.511977536999999816e-01	-1.313996365000000000e-01	8.406719414000000112e-01	-1.004021505000000092e+00	1.005530892999999981e+00	-1.386212314000000001e+00	8.236438767000000549e-01	4.838026690000000185e-01	-1.828232350000000006e-01	6.050260764999999541e-01	-5.922190318000000037e-02	-3.243272700000000008e-01	3.017496364000000209e-01	-1.450853470000000034e-01	-1.746300828000000097e-02	2.155261471999999831e-02	7.268040909999999855e-01	6.103181372999999521e-01	4.798786199000000252e-01	-1.002582743000000054e+00	1.248269216999999959e-01	3.983265537999999828e-02	-3.873844389000000166e-01	7.288996366000000116e-01	-9.365082666999999805e-01	-1.202483232999999929e+00	-1.011261771000000059e-01	-7.488538675000000477e-01	-1.265895377000000099e+00	-1.382667756000000026e+00	5.201774488000000529e-01	-8.729807877999999910e-01	5.263974541000000507e-01	1.044375381999999908e+00	4.543440054999999811e-01	5.113591593999999851e-01	2.809738042000000102e-01	3.040601043000000225e-01
5.666943457999999989e-01	-7.523047709000000305e-01	2.840219379000000210e-01	4.321030835999999931e-01	5.913362904000000198e-01	1.895464335999999875e-02	8.716542029999999608e-01	3.585426547000000186e-01	-4.415727704999999892e-01	-2.826537198999999889e-01	2.969280353999999983e-02	-1.099751741000000033e-01	-1.263921175000000119e-01	-2.941548934000000060e-01	5.043059570000000269e-01	6.510457660000000535e-02	-3.749418202000000255e-02	-7.838395491999999853e-01	-7.157914783000000059e-01	-4.631685627000000083e-01	-3.485058918999999755e-01	1.907027283000000129e-01	8.641767906000000221e-02	-4.071740496999999848e-01	-1.413908767999999982e+00	-5.200900253000000362e-01	7.957242545999999583e-01	-6.600970903000000223e-02	8.349780629000000398e-02	1.001267576999999909e+00	-1.083954330999999938e+00	6.430515113000000449e-01	6.600600012999999766e-01	2.432706490000000055e-02	-4.447538859999999872e-02	-4.233462545000000188e-01	8.039971823999999545e-01	2.392406018000000079e-01	4.947640929000000076e-01	-6.853292681999999525e-01	-2.976052518999999785e-01	5.562932877999999803e-01	-9.129988376000000017e-01	-6.399522479000000486e-01	-7.300099200999999871e-01	-6.939560482000000086e-01	-1.650207579999999827e-02	-1.214720554999999980e+00	-1.056270110999999901e+00	-5.885176084000000030e-01	7.023929368999999590e-02	-1.393579082999999996e-01	3.126175359999999737e-01	1.034802428000000107e+00	-3.599940060999999858e-01	4.276487468999999875e-01	-9.203869305999999584e-02	1.130407249999999975e+00
3.937670864000000215e-01	-8.826200005000000015e-01	4.193222390999999938e-01	4.349846883999999858e-01	5.779535019000000551e-01	9.025186787000000210e-01	8.716174407000000235e-01	2.912849276999999737e-01	2.079705870999999998e-02	-7.469531627000000062e-01	3.775772526999999767e-01	4.630857708000000322e-02	7.101444286000000439e-01	-1.126011021000000029e-01	1.623096174999999919e+00	8.445876361000000110e-02	6.525686017999999811e-01	-7.668248683999999704e-01	2.279021080999999782e+00	-5.868030332000000460e-01	-6.061208296000000217e-01	1.304942604999999867e-01	1.200740420999999891e+00	-1.100111735999999896e+00	1.828644098999999912e+00	-1.688695773000000067e+00	1.091196614000000009e+00	7.408167216000000055e-01	-4.408519571000000248e-01	6.449092735000000465e-01	1.333520843000000067e-01	-7.310934153999999463e-01	7.596305211999999918e-02	-8.221929778000000022e-01	-2.501981243999999993e-01	-1.494148335000000105e-01	3.051175365000000084e-01	6.637781568999999715e-01	2.806569993999999957e-01	-1.310893542000000078e+00	7.163350736000000385e-01	-8.165415555999999686e-01	-4.325028624000000210e-01	-1.403408398999999918e+00	-3.375093855999999892e-01	-1.249470139999999896e+00	-1.467516997999999961e-01	-6.516532573000000106e-01	-1.357428905999999991e+00	-6.719111555000000235e-01	5.645825282999999972e-01	-1.279169423999999999e+00	1.346945016000000050e+00	1.534671579000000063e+00	7.573070054999999634e-01	8.403432496999999612e-01	7.345803168999999466e-02	2.717102490000000148e-01
-1.128799928000000063e+00	8.005892682000000093e-02	-5.586113639999999991e-01	-6.822236614000000143e-01	-7.962080272999999542e-01	-1.992396639000000080e+00	-9.327669478000000236e-01	-1.382643827999999964e+00	3.364414043000000243e-01	1.004259318999999984e+00	-1.107162908000000057e+00	1.252344850000000065e+00	-2.385383871000000156e+00	-1.550611388000000090e+00	7.505531157000000508e-01	-6.173216373000000035e-01	-1.928088500999999955e+00	2.006997285000000186e+00	-3.113943985000000136e+00	-4.934069177000000028e-01	1.342672390000000104e-01	-1.269643410000000083e-01	-2.972971884000000120e+00	1.071101440000000071e+00	-4.359316254000000335e+00	1.835537866999999990e+00	-2.185150640999999894e+00	-2.125229930000000156e+00	-1.112322771999999932e-01	2.296005309999999966e+00	-5.091101387000000145e+00	1.604681113000000048e+00	4.905395992999999955e+00	4.821555115999999863e+00	-1.117499585000000017e+00	1.682604672000000079e+00	-7.475535023999999584e-01	-4.061129223000000121e-01	1.360681639999999915e+00	3.764556009999999731e-01	-1.285954712000000055e-01	-1.663679841000000048e-01	2.847920179999999801e-01	-1.989557411999999914e+00	-4.243878314999999790e-01	4.348826458000000228e-01	-6.451292025000000541e-01	6.320451365999999460e-01	1.102218405999999984e+00	-1.682248777999999945e+00	-1.972106117999999908e+00	3.041688859999999828e+00	-1.313506738000000063e+00	1.349260388999999893e+00	-2.635055023000000052e+00	-1.931923342999999904e-01	-1.671440757000000055e+00	-3.168607299999999793e-01
-4.859277535000000037e-01	-2.414884264000000114e-01	1.000194224999999965e-01	4.600185719000000062e-01	3.937781786999999811e-01	9.791638143000000460e-02	-1.019105631999999984e-01	-1.355420062000000092e+00	-9.039907783999999724e-01	5.095859137999999566e-01	-4.198946941000000210e-01	3.946375126000000177e-01	-1.432829063000000014e+00	-1.632887658000000020e+00	6.973534312000000401e-01	-8.707627745999999558e-01	-4.106512579000000107e-01	3.288859949999999976e+00	-2.803945480999999962e+00	6.726477291999999331e-02	1.689436514999999916e+00	-4.760465127999999879e-01	-5.706767862999999608e-01	2.480089320999999902e+00	-3.805483467000000175e+00	1.276919232000000015e+00	-3.495504824999999816e+00	7.851515495999999983e-01	-2.191112832000000066e-01	2.395633526000000124e+00	-2.102601755999999877e-01	-5.637763722999999949e-02	-2.639594779999999918e+00	-2.999226162999999890e+00	-5.787212166999999852e-02	1.512545715999999985e-01	-1.478509089000000110e+00	-4.775896530000000029e-01	-1.431428297000000016e-01	1.065009066000000004e+00	1.837417403000000116e-01	8.310000408000000061e-01	-1.379523564999999952e+00	-5.342450380000000054e-01	3.929589605000000097e-01	-4.756297804999999879e-01	-1.243617651999999962e+00	3.636856467999999842e-01	1.627273771000000036e+00	2.342098980999999913e+00	-2.103680198000000168e+00	8.373772449999999923e-02	-1.741139361000000108e+00	9.746729752999999663e-02	8.349455118999999925e-01	-8.949919535000000481e-01	-1.836712373999999981e+00	3.331607496000000168e+00
-2.738763233000000019e-01	-7.788288403999999998e-01	3.432117286999999961e-01	4.496603076999999837e-01	3.513792626999999724e-01	5.695166216000000503e-01	7.780544980999999638e-02	-2.692236111999999904e-01	-3.364527165000000264e-02	7.911571226999999928e-02	-5.316595181000000059e-02	-2.658980344999999912e-01	4.582521024000000276e-01	-3.957239545999999830e-01	1.341844846000000091e+00	-2.112130258000000094e-01	2.718978689000000060e-01	3.469923039999999848e+00	1.446544167999999964e+00	-3.825090246999999777e-01	7.281006222999999999e-02	9.985884346999999994e-02	-6.501397862000000138e-01	8.636007216000000097e-01	1.848622361000000103e+00	2.816935657999999898e-01	-2.615431073999999967e+00	5.656676115000000005e-01	-2.125213357999999886e+00	1.380981419999999904e+00	-6.386188460000000178e-02	-1.124803352999999895e+00	-6.068367032000000494e-01	1.350318866000000118e-01	6.801490412999999791e-02	-8.916748310000000011e-02	-1.079120550000000067e+00	-2.633284077999999973e-01	-2.825924826999999875e-02	-2.342715260000000077e-01	-1.755693576000000033e-01	-1.758101152000000056e+00	-6.881129631000000302e-01	-1.030716189000000060e+00	5.598612461999999956e-01	-1.992444611000000032e+00	-1.308795616999999911e+00	1.329636422000000096e+00	9.890363712999999946e-01	3.809514853000000034e-01	-8.379994965999999490e-01	-4.049021670999999878e-02	2.142859607000000111e+00	-1.075378372999999943e+00	6.460435703000000363e-02	-1.838649127999999910e+00	-1.092185323999999902e+00	-5.812327121999999457e-01
-4.506836189999999798e-01	-4.209960991000000208e-01	1.715532666000000039e-01	2.857945533999999843e-01	4.243918084000000146e-01	-1.402563464000000093e-01	-5.649096098999999843e-02	-1.773331032000000085e-01	-4.713256903000000164e-02	4.669063480000000266e-01	4.141892770999999751e-01	-4.227308901999999868e-01	-3.536397547999999835e-01	-3.670028912000000143e-01	3.135380818999999875e-01	-2.551491124000000027e-02	-1.004144232000000053e-01	3.122871742000000062e+00	-1.946984728999999970e+00	3.165998233999999661e-02	9.460746703000000313e-01	4.539985999000000216e-01	-1.418488752000000019e+00	1.906678987999999908e+00	-1.473430924000000086e+00	6.832901887000000229e-01	-2.344796409000000192e+00	-3.428412081000000167e-01	-4.977280244999999770e-01	8.937885991999999780e-01	-5.731296599999999852e-01	-7.337715818000000167e-01	-1.364338797000000048e+00	-1.209432127999999995e+00	-4.651836824000000203e-01	7.293770397000000072e-01	-1.335343943000000033e+00	-6.450850821000000401e-01	7.074529185000000275e-02	1.049462924999999963e-01	-4.074065295000000031e-01	-3.471487252000000079e-01	-5.426677806999999909e-01	7.887980400999999864e-01	1.351397473000000016e+00	-7.385006398000000249e-01	-9.752390059000000111e-01	1.568965576000000084e+00	1.288533641999999979e+00	1.321470056999999976e+00	-1.993942931999999946e+00	1.001024074999999902e+00	-1.093258279999999916e+00	-1.407765959000000011e+00	-1.441781779999999902e+00	-7.951301227999999499e-01	-1.172624977999999984e+00	1.887705513999999862e-01
3.441981007000000092e-01	-4.813114473999999809e-01	2.727693507999999767e-01	3.942689279000000102e-01	6.793093007999999600e-01	3.715757920000000158e-01	7.595889692999999721e-01	-1.373619976000000076e-01	1.024069650000000026e-01	1.678809354999999948e-01	-7.607669637000000207e-02	-8.813426616999999741e-01	5.637486667000000118e-01	5.190747553000000236e-01	6.630696850999999725e-01	-4.592873854000000255e-01	5.515209254999999811e-01	3.386260118000000041e+00	9.145233910000000188e-01	-3.115350894999999731e-01	-4.164355659000000265e-01	5.940611506999999847e-01	-5.991085475999999854e-01	1.055657819999999969e+00	9.835895329999999603e-01	9.106475395999999445e-03	-1.086556754999999930e+00	6.550708685999999670e-01	-9.369476426999999719e-01	1.061225829000000065e+00	-1.795824223999999969e-01	-1.007656467999999972e+00	-6.284476835000000206e-01	-3.667273722000000125e-01	-1.051448984000000059e-01	3.376959270000000068e-01	-1.363214880999999989e+00	5.129076344999999870e-01	3.088722259000000192e-01	-8.599994110999999997e-01	1.938161348000000117e-01	-2.960791302999999930e-01	-1.208646879000000007e+00	3.598737853999999792e-01	1.194905917999999900e+00	-1.348715282999999987e+00	-8.400677414999999648e-01	7.604408065000000105e-01	4.035799961000000047e-01	-7.766632318999999729e-01	-1.322772652000000049e+00	1.291707374000000019e+00	1.438743251000000001e+00	4.558187146999999849e-03	5.616860173000000067e-01	-4.772359677999999938e-01	-6.854443615999999961e-01	1.941914657000000100e-01
3.563306647000000216e-01	-2.657298490000000180e-01	2.669428496999999845e-01	1.692660971999999930e-01	6.820157262999999581e-01	-2.313729084000000144e-02	8.551660106999999789e-01	-5.316925220999999674e-02	2.722319508999999915e-02	3.822348513000000114e-01	1.509675226999999953e-01	-4.981379070999999992e-01	1.425395648999999987e-01	4.558773105999999742e-01	8.046362218999999483e-01	1.736823901000000003e-01	2.864198124999999817e-01	2.393422092999999862e+00	-1.218479499999999913e-03	-1.049777350000000026e-01	-3.668784680000000131e-01	8.792628705999999683e-01	-1.696857755999999995e+00	1.145645073000000069e+00	-1.086060121999999906e+00	2.796698879000000248e-01	-1.103700671999999994e+00	-3.040116387999999836e-01	-1.148685901000000009e-01	9.789645339000000446e-01	-1.074893660999999945e+00	-9.499889892999999752e-01	1.535437333999999931e-01	-4.684122176000000137e-01	2.803053482000000263e-01	8.788374289000000505e-01	-1.323833438000000085e+00	7.159552636999999553e-01	-2.719495516000000057e-01	-8.186034097000000065e-01	-9.818887876000000070e-03	-4.222598003999999960e-02	-1.166273601000000104e+00	-4.651999596999999986e-01	1.470025815999999930e+00	-6.495983461000000014e-01	-5.290844821000000309e-01	2.276943680999999886e-01	1.574098670000000089e-01	7.428646770000000288e-01	-8.263733101000000358e-01	2.215171497000000045e+00	1.449733093999999944e+00	4.455350860000000246e-01	-3.598636507999999901e-01	-6.281725095000000314e-01	-2.581033569999999777e-01	6.183319978000000050e-02
3.575641752000000007e-01	-4.333689911999999977e-01	4.114958215000000252e-01	1.566256624000000042e-01	5.833164230999999811e-01	3.073801563999999931e-01	9.857776620000000545e-01	3.568624557999999780e-02	1.926227386999999902e-01	-2.911287227000000088e-01	4.285822926000000255e-01	-5.364667869999999450e-01	4.379772127000000070e-01	6.573212320000000330e-01	9.163886468999999924e-01	3.333744194000000105e-01	6.743343693000000139e-01	1.317673075999999943e+00	1.242149670000000095e+00	-1.648007848000000025e-02	-2.666483204999999801e-01	6.579699326000000292e-01	-1.415293931999999977e+00	9.936475406000000454e-01	-3.309958688999999898e-01	1.502897118000000032e-01	-1.314676444000000000e-01	2.592347375999999870e-01	-4.286682332999999789e-01	1.543451094000000134e-01	-8.507734930000000473e-01	-1.831128891000000092e+00	7.587943813999999954e-01	-6.973251584999999864e-01	8.253613932000000153e-01	3.278657346000000139e-01	-1.534650397999999916e+00	6.991963095000000017e-01	-6.161854064999999769e-01	-1.240069708000000048e+00	2.682131689999999735e-01	2.408190339999999874e-01	-9.706519247999999545e-01	6.175262229000000325e-01	8.905741516999999829e-01	-6.183857745999999933e-01	-7.335354760000000196e-01	-2.607861060000000175e-01	3.697457709000000203e-02	9.567994749000000021e-02	-1.590636998999999996e+00	2.070357034999999790e+00	9.793449287000000059e-01	-9.552403313999999757e-01	2.803177377000000137e-01	-4.335680880000000181e-01	-7.327173397000000254e-02	-8.032145147999999457e-01
2.635094944999999966e-01	-2.875576914999999900e-01	2.524199570999999809e-01	1.759751461999999878e-01	4.954536853000000018e-01	2.030842643000000114e-01	8.464164610000000089e-01	1.299343322000000023e-01	1.910625821999999974e-01	-1.329364691000000098e-01	4.749464480999999738e-01	-4.719427091000000241e-01	2.216154529999999831e-02	3.827388246000000271e-01	5.446634079000000073e-01	2.212932636999999925e-01	3.315285766000000134e-01	1.339694305999999946e+00	-1.068702913000000032e-01	5.960148380000000051e-02	-8.596831369000000611e-02	1.781252261999999864e-01	-1.029861971999999959e+00	1.024842170000000108e+00	-1.165515193000000060e+00	3.763331980999999882e-01	-2.768598393000000213e-01	1.306191278999999927e-01	-1.184828958000000015e-01	1.366201808999999989e-01	-1.023756308999999920e+00	-1.375895552000000022e+00	5.589236859999999751e-01	-1.084982381000000107e+00	9.412515128999999758e-01	-9.120795830000000270e-03	-1.351878228999999987e+00	5.470923873999999909e-01	2.449159325999999970e-02	-6.491280040000000362e-01	4.447894506999999775e-01	2.231050393000000021e-01	-9.794461884999999812e-01	1.468927969999999972e+00	9.184297474000000516e-01	-4.003151555000000195e-01	-8.436160418999999466e-01	1.697238339000000096e-01	6.787157079000000204e-01	1.176946799999999951e-03	-1.235912888999999959e+00	2.005667212000000088e+00	1.009687249999999953e-01	-8.412979784999999322e-02	7.483511528000000301e-02	-6.797875123000000075e-01	-1.293274796999999976e-01	-1.320897253999999910e+00
2.997907242999999777e-01	-4.383411576999999837e-01	2.103199384999999977e-01	2.853805838999999844e-01	4.510954314000000243e-01	2.404728872000000128e-01	9.016155634000000418e-01	-2.603205017000000121e-02	-7.326211186999999347e-02	-1.996271673999999996e-01	3.768526622000000215e-01	-4.980530915999999975e-01	2.030916204000000058e-01	3.445866603000000139e-01	1.066591572000000099e+00	-1.308412758999999981e-01	3.926272614999999910e-01	1.042032370000000041e+00	7.828322132999999683e-01	1.152106950999999962e-01	-3.039236920000000231e-01	2.553702590999999966e-01	-5.862224982000000528e-01	5.861145934999999474e-01	-4.701157132000000072e-01	7.962564188000000043e-02	-4.995323144000000104e-01	2.835211732999999845e-01	-2.431199549999999987e-01	-6.644090052999999940e-02	-7.402293457999999937e-01	-1.782650677999999989e+00	4.663706165000000015e-01	-9.326429519000000168e-01	9.442162304000000228e-01	-3.391409641999999780e-02	-1.381770759999999987e+00	7.157704307000000155e-01	-7.140348680999999975e-02	-9.807787137000000266e-01	4.512933525999999751e-01	4.184109375999999769e-01	-7.471123307999999463e-01	1.764658022000000104e+00	-2.107031496000000004e-01	-8.937977070000000523e-01	-1.165999797000000004e+00	7.645869668999999424e-02	5.671139689999999955e-01	-1.907591185999999994e-01	-1.684444856999999907e+00	1.869824753000000062e+00	1.210060010000000019e-01	9.064419635999999558e-01	3.261685834999999978e-01	-8.265632538999999612e-01	-5.092942772999999868e-01	-8.213954197999999707e-01
2.760999599999999776e-01	-4.309953883000000041e-01	1.989959779000000095e-01	2.629241661000000230e-01	4.093624928999999857e-01	7.132313308000000351e-02	8.070723931000000073e-01	5.233638891999999737e-02	-1.166513463999999944e-01	2.625883743999999839e-02	4.153173338000000214e-01	-3.273311831999999866e-01	-5.417043699000000101e-02	4.471055590999999940e-01	5.056042048000000122e-01	4.581145099000000220e-02	2.137091573999999952e-02	1.036205240999999999e+00	3.586725086999999895e-02	-1.512420413999999991e-01	-3.440752294000000155e-01	8.638227769999999583e-02	-7.620297284999999476e-01	8.641474992000000022e-01	-1.195882220000000107e+00	2.470529120999999939e-01	-7.777799574000000549e-01	-5.638677134000000257e-02	-2.240095182999999879e-01	-4.014966946000000231e-02	-1.174032466999999968e+00	-1.379970648000000022e+00	2.530094955000000145e-01	-9.677089668999999672e-01	8.045282589000000151e-01	-4.255402582000000211e-01	-1.446371968000000008e+00	4.494093627999999896e-01	-2.051236053000000115e-01	-8.705674811000000402e-01	5.359941298999999493e-01	5.929816331999999968e-02	-1.011097638999999937e+00	9.944283435999999865e-01	-2.225938322999999885e-01	-9.048130195000000375e-01	-1.063480750999999946e+00	-7.038099762999999731e-02	4.896737031999999767e-01	-1.380511679999999908e+00	-1.587897214000000057e+00	2.021725163999999797e+00	1.229190520999999953e-01	2.950361139000000077e-01	1.083004404999999976e-01	-5.714016415999999543e-01	-8.220087165999999668e-01	-1.073988320999999940e-01
2.388721379000000034e-01	-5.729956363000000552e-01	2.066799866000000041e-01	3.655895405999999848e-01	4.005629003000000243e-01	1.258650800999999986e-01	7.476028488000000527e-01	-2.893681114999999832e-02	-1.211649219000000000e-01	-8.245492406000000385e-02	3.762921255000000187e-01	-3.767158696999999834e-01	1.033954811000000057e-01	3.852705697000000096e-01	9.753887089999999649e-01	-9.456075033999999935e-02	3.270810175000000292e-02	8.948394095999999687e-01	5.208920072999999595e-01	-6.378387520999999338e-02	-3.543622699000000265e-01	3.287298280000000017e-01	-3.533508015999999863e-01	8.864387945999999685e-01	-4.993809751000000130e-01	5.053250619000000145e-03	-7.307607564000000444e-01	1.605541749999999934e-01	-3.393017850000000224e-01	2.161946346999999921e-02	-8.778012334000000472e-01	-1.869374571000000040e+00	2.130901300999999970e-01	-1.029043275000000035e+00	1.201790977000000010e-01	-8.767196945999999880e-02	-1.413786028000000083e+00	3.362851269000000087e-01	-8.530710585999999596e-02	-7.396170641000000545e-01	4.014357968000000221e-01	-4.384060800000000313e-02	-1.029529911000000020e+00	8.701987624000000476e-01	-2.226223179000000052e-01	-1.372932108000000095e+00	-8.954493392000000274e-01	-7.057845229999999692e-02	3.620799348000000029e-01	-1.610525882999999991e+00	-1.568780668000000045e+00	1.777667161999999967e+00	3.273613291999999952e-01	7.975366609999999801e-01	-4.758044175999999736e-01	-3.786785122999999920e-01	-6.061119013000000333e-01	-4.699707550999999983e-02
2.844467579000000135e-01	-5.067506948000000122e-01	1.189762540999999979e-01	4.169702591000000180e-01	4.113104705000000250e-01	3.577582354000000131e-02	8.167869325000000069e-01	1.707399811999999947e-02	-2.418334202999999905e-01	-4.933648910999999943e-02	3.245694995000000249e-01	-2.789040284000000036e-01	-9.489650723999999704e-02	3.757976116999999783e-01	7.010784333999999784e-01	-2.474960811999999954e-01	7.654418610999999539e-02	6.596061783000000123e-01	8.932699427000000136e-02	-2.688331944999999834e-02	-2.778267576999999822e-01	1.764768206000000006e-01	-4.517956456000000176e-01	9.969555493999999740e-01	-8.348154304999999553e-01	1.872848589999999980e-01	-1.132569938999999914e+00	1.187755172999999942e-01	-2.248559588000000053e-01	-3.468807851999999858e-02	-9.610468973000000359e-01	-1.535602149000000027e+00	2.217284847999999864e-01	-8.983353896000000338e-01	-3.473041924999999974e-01	1.044057208999999986e-01	-1.410963771999999894e+00	2.093537803999999947e-01	-2.077031343999999891e-01	-7.450573741999999555e-01	5.886349629999999555e-01	-9.864764360000000121e-03	-1.107713600999999937e+00	-4.637701298999999944e-01	-2.661547408000000114e-01	-1.296267432999999913e+00	-5.064963415000000024e-01	-4.119296778000000048e-01	3.939133718999999756e-01	-9.254071061999999959e-01	-1.699816812999999982e+00	2.047754921000000117e+00	1.267023341000000081e-01	1.332269903999999894e+00	-6.818305380000000415e-01	-7.914002014000000307e-02	-7.172854399000000436e-01	7.446526653999999690e-01
2.452053089000000019e-01	-5.860071005000000444e-01	2.445242129000000098e-01	3.946999706000000052e-01	3.888357343000000133e-01	2.537129163999999881e-01	8.394943942000000492e-01	8.846568807999999340e-02	-2.800312115000000088e-03	3.240438357000000047e-02	2.655505182999999825e-01	-1.717855342000000063e-01	1.850723873000000019e-01	5.518384127000000028e-01	5.892510549999999681e-01	-1.866366579000000026e-01	2.426520454999999965e-01	9.124463470000000465e-01	3.904380883999999940e-01	-1.429253211000000023e-01	-3.655315363000000151e-01	5.289023409999999981e-01	-3.753065575000000265e-01	9.310404569000000352e-01	-4.221188016999999904e-01	4.455608429999999807e-03	-5.748441931000000116e-01	5.803161788999999793e-01	-4.629978130999999886e-01	7.252371257999999654e-02	-9.048240082999999823e-01	-2.067104845999999885e+00	1.480754719000000053e-01	-7.150006368000000334e-01	-8.522164705000000451e-01	2.131948361000000070e-01	-1.193289939000000022e+00	-2.783488999000000019e-01	-2.051878152999999927e-01	-6.629506336999999583e-01	5.814069478000000180e-01	-2.427526492000000036e-01	-1.309905070999999976e+00	-9.347511144000000272e-01	4.247519967000000229e-01	-1.512596494999999930e+00	2.567151395999999752e-01	-4.130736264000000046e-01	1.274329144999999941e-01	3.486312218000000018e-01	-1.681585448999999954e+00	1.759784333000000034e+00	8.045120084000000338e-01	-1.115334284000000009e+00	-4.308042139000000104e-01	3.279568259999999791e-01	-2.158923794000000007e-01	-4.551056338000000201e-01
1.770223673999999914e-01	-4.780785499999999910e-01	3.423596892999999919e-01	4.383090528999999957e-01	4.676754616000000087e-01	1.989140353999999944e-01	8.695757209000000154e-01	2.321835908000000059e-01	-1.865122947999999989e-03	2.202086275999999912e-02	4.469792036999999940e-01	-2.857204922000000091e-01	2.085984052000000033e-01	4.998767729999999965e-01	8.667285605000000226e-01	-4.845338096999999844e-01	4.210550403000000164e-01	1.068901603000000033e+00	-1.256088106999999898e-01	7.621215252000000662e-02	2.404952112000000031e-02	3.348746381000000105e-01	-3.833800426000000261e-01	1.033289863000000031e+00	-8.209900063999999720e-01	3.158868115999999976e-02	-4.782027038000000174e-01	6.728993144999999565e-01	-3.843542861000000255e-02	5.807494660999999725e-02	-7.245322889999999960e-01	-1.944753691000000062e+00	2.682107806999999844e-01	-8.131964457000000479e-01	-6.618592180000000269e-01	5.148552104000000407e-01	-1.103258121000000092e+00	4.919777743999999980e-02	2.109691234000000137e-01	-2.520765562000000237e-01	5.138349974000000486e-01	-2.970140753000000133e-02	-9.783829347000000398e-01	8.227886366000000118e-01	8.711038307999999786e-01	-9.535026690000000249e-01	1.042162660000000018e+00	-6.265296531000000280e-02	3.425096404999999899e-01	2.573110779000000181e-01	-1.299294700999999996e+00	2.043694031999999883e+00	4.036224406000000209e-01	-1.455489331000000108e+00	-8.247094820999999465e-01	8.656543053999999904e-01	7.162081917999999492e-01	-7.275872882999999680e-01
2.438406328999999928e-01	-4.984233275000000130e-01	3.431822026999999942e-01	4.250630682000000049e-01	4.882760152000000242e-01	3.858601293000000210e-01	9.589097802999999587e-01	2.038329268000000083e-01	-9.481881663999999765e-02	6.663080860999999640e-03	4.643307831999999857e-01	-2.475795414999999999e-01	4.174662410000000157e-01	6.757348211999999466e-01	9.312085634000000223e-01	-3.704472403999999885e-01	5.913527064000000388e-01	9.699999124999999500e-01	7.442827698999999742e-01	8.928000075000000479e-02	-1.350991623999999933e-02	2.917467536000000194e-01	-1.689420121000000108e-01	9.632351091999999948e-01	-2.803883524999999932e-01	-8.804957746000000030e-02	-6.786261983000000386e-01	7.815553652000000184e-01	-2.245577069000000148e-02	1.302828686999999985e-01	-5.530928218999999757e-01	-2.133719544999999940e+00	9.017362598999999479e-01	-7.343835622000000063e-01	4.296748053000000178e-01	4.589061775000000121e-01	-1.280962670000000081e+00	4.603913152999999925e-01	2.429466899000000124e-01	-6.411500768000000239e-01	4.706229813000000206e-01	1.274380559000000135e-01	-7.634369092999999662e-01	3.251028843000000057e-01	2.494038786999999979e-01	-6.059601019000000477e-01	1.386504497000000002e+00	-1.216176055999999978e-01	3.572908692000000275e-01	-8.807806289999999816e-01	-1.473101242999999894e+00	1.881459647000000013e+00	5.512062087000000332e-01	-9.999303739999999829e-03	-5.738601127000000357e-01	7.378345533000000289e-01	1.421190230000000110e+00	4.210636958999999790e-01
1.910369490000000114e-01	-5.106858966999999749e-01	4.202065007999999935e-01	3.589770711999999975e-01	5.211879819000000413e-01	4.432665744000000019e-01	8.945477788000000263e-01	3.322149989000000025e-01	-2.245116028999999958e-01	1.560467305999999887e-01	5.276956836999999734e-01	-1.191446411999999982e-01	2.893276477999999763e-01	5.424042157999999780e-01	8.180143207000000194e-01	-1.546388912999999976e-01	4.520561315000000135e-01	1.124617026999999991e+00	2.494267196000000131e-01	6.924418382000000101e-03	1.232311653000000007e-01	6.820373798999999904e-02	-3.894878374999999893e-01	7.152575776999999801e-01	-6.746001995999999501e-01	3.060865776999999871e-02	-8.811470853999999742e-01	6.228425173999999620e-01	1.345740974000000090e-01	3.443319068999999844e-01	-7.372973542999999852e-01	-1.811895923000000019e+00	5.965008791000000477e-01	-6.816371668999999800e-01	1.349187531999999967e+00	2.501175096000000098e-01	-1.413650355999999997e+00	4.729787315000000270e-01	3.664707496999999869e-01	-3.321378856000000157e-01	6.586939555999999918e-01	1.109816896000000025e-01	-5.501067441000000446e-01	-7.071740360999999586e-01	7.235063471000000024e-02	-3.850364642999999920e-01	1.568262631999999934e+00	1.020769366000000011e-01	7.463219255999999913e-01	-8.997301823000000143e-01	-1.331326373000000007e+00	1.986013927999999984e+00	3.129079538999999799e-01	7.348367810999999472e-01	-4.790022488999999828e-01	5.004542683999999575e-01	1.784409219999999907e+00	8.166700291999999806e-01
1.617586400999999896e-01	-4.799182958000000054e-01	4.476298757000000128e-01	3.529957431999999895e-01	4.789004942000000264e-01	4.779059197000000148e-01	8.827466851999999919e-01	3.337742694999999982e-01	-3.474362091000000041e-01	3.424101075000000188e-02	4.757246231000000214e-01	-1.214895872999999932e-01	4.062976985999999791e-01	2.763218141000000072e-01	1.268008652000000014e+00	-1.647137828000000137e-01	4.683825207000000268e-01	6.100365891000000262e-01	8.253955709000000418e-01	1.686591121999999887e-01	5.889391361000000102e-02	2.852954993999999855e-01	-8.998682784000000545e-01	5.065599226000000455e-01	-2.596692863000000240e-01	-7.078654954999999416e-02	-9.432748391999999926e-01	6.095698165999999807e-01	2.904253931999999927e-01	3.316182877000000140e-01	-5.774804435000000513e-01	-1.734037088000000004e+00	5.574415003999999563e-01	-8.860407532999999836e-01	2.155155767000000111e+00	2.453073451999999988e-01	-1.335960511999999989e+00	9.271898670999999537e-01	4.479533078999999723e-02	-4.470893304999999929e-01	5.818027940000000120e-01	3.561346557999999773e-01	-2.681355733999999935e-01	-5.685432869999999805e-02	-1.007592869000000002e+00	-6.136997310999999788e-01	1.359648490000000098e+00	4.108616701000000204e-01	1.013285565999999971e+00	-4.800297997999999899e-01	-1.290273637000000084e+00	1.819516692999999963e+00	4.375840549000000190e-01	1.941042691999999903e+00	-3.039351165999999993e-01	-2.799781295000000059e-01	1.716034269999999973e+00	8.562134806000000209e-01
2.415227228000000059e-01	-3.996762401999999770e-01	3.680133628000000212e-01	2.783464371000000104e-01	4.588280106000000025e-01	4.730113002999999927e-01	8.736253818000000448e-01	3.626909308999999859e-01	-3.855185922000000098e-01	6.225361747000000140e-02	4.276765441000000001e-01	-6.601148266999999625e-03	1.517120268000000105e-01	8.142118862000000123e-02	8.606827783999999593e-01	3.209537972999999822e-02	2.454470448999999943e-01	5.470826589999999712e-01	5.613885933000000161e-01	7.665549124999999908e-02	7.741560825999999930e-03	9.983378220999999941e-02	-1.082464727999999932e+00	3.971198725000000262e-01	-5.330433706999999632e-01	1.315791048000000130e-01	-1.088314487000000108e+00	4.895347306999999759e-01	1.776352672000000021e-01	1.551930997000000034e-01	-7.535146742999999647e-01	-1.426764340999999936e+00	4.965429244999999825e-01	-8.778457604999999608e-01	1.997686641000000041e+00	1.504124970000000061e-01	-1.330451864999999900e+00	8.573772412000000287e-01	-1.451542825000000092e-01	-6.359229895000000354e-01	6.962018817999999776e-01	3.467193319999999912e-01	-3.343277029999999761e-01	-7.793387159000000342e-01	-1.730848044000000030e+00	-7.826451567000000109e-01	1.130256879999999908e+00	2.180209610999999936e-01	1.017638416000000046e+00	4.184061864999999991e-01	-1.473441838000000059e+00	2.048018450999999907e+00	5.208208926999999822e-01	1.686146675000000039e+00	7.009556771000000075e-02	-6.471510004999999621e-01	1.129578175000000018e+00	3.461946878000000116e-01
1.967115036000000039e-01	-5.164502364999999928e-01	3.853669291999999857e-01	2.917468354000000152e-01	3.877870433000000228e-01	5.878830429000000413e-01	8.210393049999999970e-01	4.417331092999999820e-01	-2.837739631000000262e-01	-1.136329343999999998e-02	4.294146541000000150e-01	2.101556469999999940e-02	3.060065449000000104e-01	-1.357662379000000065e-02	9.161901252999999912e-01	1.853709530000000050e-01	1.407006651999999913e-01	6.062566878999999798e-01	7.243552715000000086e-01	6.623527332000000122e-03	6.508722140000000080e-03	3.558027348999999728e-01	-9.080115265000000546e-01	4.714427192999999794e-01	-2.923946720999999749e-01	8.872199084000000416e-03	-8.429790471000000451e-01	6.993808565000000366e-01	-9.987078087999999576e-02	2.418951196000000137e-01	-7.391993247000000489e-01	-1.740615094999999890e+00	5.534016076000000117e-01	-8.452598523000000030e-01	1.450282384000000091e+00	2.102808824999999882e-01	-1.403658285999999977e+00	4.814625668999999997e-01	-8.088877138000000189e-02	-4.553200098999999890e-01	6.335502299999999920e-01	6.985565686000000385e-02	-6.530685671000000525e-01	-1.442620636000000012e+00	-1.335020864000000085e+00	-9.671536229999999623e-01	1.265348448999999986e+00	1.159899924999999998e-01	8.372404546999999697e-01	5.778508158999999811e-01	-1.592877676000000076e+00	1.738808772999999919e+00	6.235589156999999938e-01	9.966296073999999505e-01	-3.658995406000000172e-01	-4.535293662000000059e-01	9.911775572000000034e-01	-3.014176525999999745e-01
1.853002774999999991e-01	-4.537413095000000229e-01	2.904503221999999996e-01	3.671875789999999862e-01	4.033221543000000131e-01	3.762163954000000143e-01	8.260925529000000544e-01	4.328284780000000165e-01	-2.802256853999999797e-01	-5.920070622999999699e-02	3.465582258000000082e-01	-1.050287592999999964e-01	1.506624215000000044e-01	-2.091501141999999869e-01	1.038879469999999916e+00	-6.156631228000000039e-02	1.364482049000000086e-01	5.992107016000000064e-01	1.615054914000000064e-01	1.851534363000000016e-01	8.485466477000000798e-03	2.820205646000000232e-01	-1.225255513000000018e+00	4.805026048000000105e-01	-4.732888125999999973e-01	1.723363290999999908e-01	-9.303801963000000175e-01	6.126544141999999971e-01	1.477132717999999900e-01	1.641109592999999978e-01	-6.623073830000000273e-01	-1.540995821999999960e+00	7.305613906999999796e-02	-8.942298992999999641e-01	7.071581890000000481e-01	6.108466539000000362e-01	-1.257588568999999934e+00	4.247043200999999768e-01	-9.813998443999999433e-02	-4.142909273000000003e-01	6.605844402999999643e-01	4.014727317999999823e-01	-7.506195645000000027e-01	-4.599230945000000181e-01	-1.317056424000000003e+00	-1.074839929999999999e+00	1.193220549000000075e+00	1.653856643999999931e-01	8.490695387000000149e-01	1.331236754999999938e+00	-1.292869044999999995e+00	1.969990377000000015e+00	4.429803619000000081e-01	8.221711338999999619e-01	-1.710501315000000078e-01	-5.562497196000000255e-01	7.060042950999999567e-01	-1.623086876000000012e-01
2.620438824999999916e-01	-4.400065598999999827e-01	3.058568879999999934e-01	3.063705212000000233e-01	4.110660684999999925e-01	4.209892250999999752e-01	8.160271395999999511e-01	4.146684243000000047e-01	-2.458159558000000064e-02	-2.031751685000000168e-02	3.508722369000000230e-01	-5.588127208000000234e-02	3.116401335000000272e-01	-5.463366789000000112e-02	7.720468528999999691e-01	-5.890807470000000018e-02	7.116959058999999810e-02	6.921332240999999996e-01	7.002176392000000194e-01	1.225488262999999967e-01	-3.775448773000000206e-03	3.072168631000000150e-01	-9.570511310999999521e-01	7.474980184999999722e-01	-5.529562153000000535e-01	-1.755065411000000103e-02	-4.912406648000000042e-01	6.750729334999999720e-01	-1.028464892999999963e-01	1.335395406999999868e-01	-6.765953867999999760e-01	-1.867673581000000027e+00	6.213126182000000552e-01	-9.428771364000000377e-01	4.211294617999999934e-01	2.664230539999999925e-01	-1.217496036000000004e+00	4.523013806999999775e-01	8.507162719000000567e-03	-6.389101075999999990e-01	6.492568683999999646e-01	1.393240092999999957e-01	-9.289383072000000352e-01	6.050828282000000335e-01	-1.425644863999999901e+00	-1.090965924999999892e+00	1.332541629000000061e+00	-1.130869450999999991e-02	5.359266921999999989e-01	5.278961854000000509e-01	-1.613449654000000066e+00	1.695601037000000089e+00	9.889774548999999970e-01	-1.166859270000000004e+00	-4.481842402999999808e-02	-3.165884936999999733e-01	6.617779150999999471e-01	-1.358714221000000055e+00
1.738264015000000051e-01	-4.925755554999999841e-01	3.373638716999999843e-01	3.750953296000000270e-01	4.471543895000000268e-01	3.190127622999999746e-01	7.564974075999999492e-01	4.523177735000000199e-01	-2.945835163000000076e-02	4.078718799000000117e-02	4.663988998999999969e-01	-1.869754438000000019e-01	2.562621876999999770e-01	-1.503339120999999945e-01	8.505087984000000434e-01	-2.105345278000000098e-01	7.135581208999999814e-02	9.366935289000000164e-01	-1.221150743000000011e-01	3.570957367000000132e-02	1.369236669999999989e-01	-1.196267338999999937e-02	-7.470946975000000156e-01	6.705287770000000203e-01	-6.671326974000000298e-01	-1.110660203999999998e-02	-5.991426167000000191e-01	6.953987121000000382e-01	1.325243891999999986e-02	1.988610439999999868e-01	-7.141295828999999484e-01	-1.798285079000000009e+00	2.392297606999999882e-01	-8.459979329000000270e-01	2.596902063000000038e-01	3.236925532000000105e-01	-1.265729502999999978e+00	3.147283119000000018e-01	3.938516978000000113e-01	-2.145969657000000030e-01	6.218261106000000371e-01	2.716018458000000191e-01	-8.624539183999999636e-01	1.191827246999999979e+00	-9.802802409999999966e-01	-7.884690387999999661e-01	1.546989025000000018e+00	7.673672043000000220e-02	6.102419394000000441e-01	-6.698580398000000269e-01	-1.412940160000000001e+00	1.889402634000000081e+00	3.906092602999999830e-01	-9.866204966999999604e-01	-4.162220843000000170e-01	1.117877525999999982e-01	7.574404111000000439e-01	-8.850772971999999461e-01
2.384527774000000100e-01	-5.005469955000000359e-01	3.111056296999999971e-01	4.497412828999999834e-01	4.699936021000000186e-01	4.057275121999999734e-01	8.202914889000000320e-01	3.960082513000000026e-01	-1.092348323999999954e-01	6.283489829999999721e-02	3.903294715999999775e-01	-2.770921109000000215e-01	3.850667217000000031e-01	-8.954102261000000673e-02	1.037645715000000024e+00	-4.839420689000000220e-01	2.732054541000000225e-01	7.207146208000000387e-01	5.653998019000000541e-01	2.328395933000000084e-01	2.132288290999999891e-01	9.343319182999999806e-02	-4.068678727999999745e-01	9.007812049000000210e-01	-3.792576688000000029e-01	-6.867439021000000532e-02	-6.269902736000000365e-01	9.114665114000000123e-01	2.715798310000000146e-02	2.185085828999999980e-01	-5.085980052999999890e-01	-1.936147217999999892e+00	5.819332458999999513e-01	-8.926369554999999956e-01	3.949507553000000115e-01	3.543338662000000139e-01	-1.260566475000000075e+00	5.926255580000000522e-01	3.798352834000000011e-01	-4.018914114000000093e-01	5.615019041000000044e-01	2.369318051000000036e-01	-7.035332382000000218e-01	7.118913668999999889e-01	-1.083877927000000074e+00	-8.549180290000000237e-01	1.529595266000000064e+00	-2.261731658000000131e-02	5.305291993999999844e-01	-9.320807241999999881e-01	-1.488412840999999931e+00	1.860302286000000027e+00	6.996646876000000015e-01	7.630666299999999680e-01	-4.791218014999999997e-01	2.229951880000000108e-01	8.139282649000000314e-01	6.457387940000000603e-02
2.056120593999999913e-01	-4.246207945000000095e-01	3.180966203999999742e-01	3.520208552999999907e-01	4.911541173000000260e-01	4.583275492000000173e-01	8.503159874000000285e-01	4.846613370999999781e-01	-1.208663197000000022e-01	1.527543980000000134e-01	3.981739100999999725e-01	-8.754921146999999904e-02	3.188148874000000244e-01	-6.029807498999999876e-02	6.922518988000000428e-01	-1.996657581000000070e-01	2.383147832999999993e-01	7.538934427000000271e-01	1.853862105000000093e-01	2.887600263999999875e-02	1.639327338999999883e-01	1.155081881000000060e-01	-6.668482157999999771e-01	7.188525492999999766e-01	-5.279343177999999970e-01	4.729906818000000068e-02	-8.496224915000000211e-01	7.677202129000000319e-01	4.651326856000000121e-02	2.806553627999999745e-01	-8.065301110999999468e-01	-1.698015343000000010e+00	2.950033340000000059e-01	-8.783551252000000309e-01	5.115212478999999757e-01	2.064155705999999868e-01	-1.264747921999999969e+00	3.122918550000000071e-01	2.626355897000000050e-01	-4.133068167999999765e-01	6.686943720000000368e-01	5.399038306000000093e-02	-7.326639600000000030e-01	-1.082384889000000072e+00	-7.886806455000000549e-01	-5.775598356000000155e-01	1.723820753999999900e+00	3.876266367000000268e-02	5.009562401999999581e-01	-2.511460128999999930e-01	-1.417190428999999918e+00	2.021716093999999853e+00	8.532561200999999595e-01	6.990356565999999994e-01	-4.922812335000000261e-01	3.679465197999999826e-01	8.910204573000000128e-01	4.955526999000000044e-01
1.333042956000000112e-01	-5.041622582000000463e-01	3.620811053999999918e-01	3.505980495000000086e-01	4.483393304000000135e-01	4.762089454000000277e-01	8.435366922999999462e-01	5.070204753999999481e-01	-5.440552995999999725e-02	1.224042310000000022e-01	3.499535599999999969e-01	-8.724412434000000660e-02	4.961489862999999834e-01	-2.057485568999999903e-01	1.111555599999999977e+00	-1.638195269999999926e-01	4.441810520000000206e-01	7.025384569000000523e-01	5.419932752999999659e-01	1.613160831000000073e-01	2.903857628000000024e-01	4.351659438000000102e-01	-7.181854260000000156e-01	8.288969958999999887e-01	-2.973699329999999752e-01	-2.210602323000000063e-02	-6.121976175000000131e-01	8.515218019000000416e-01	6.950768612999999596e-02	3.822305804000000196e-01	-6.947061392000000168e-01	-1.933781651000000101e+00	5.495265469000000236e-01	-8.395366522999999637e-01	6.934091900000000086e-01	4.085443898000000185e-01	-1.136767215999999969e+00	3.317229118000000199e-01	2.876021373000000048e-01	-2.516572360000000064e-01	5.935383200999999609e-01	4.815892070000000330e-02	-5.674588314999999827e-01	-1.278688604000000062e+00	-6.230264926999999897e-01	-7.123354016999999816e-01	1.822531507999999967e+00	1.608821198000000008e-01	6.141542148999999950e-01	7.835055713999999893e-01	-1.397467843999999904e+00	1.861784681000000052e+00	1.073193733999999955e+00	3.968570437999999756e-01	-5.535737523999999521e-01	2.915525688999999754e-01	1.132963431999999937e+00	-2.674879776999999903e-01
1.192671916999999970e-01	-4.663330095000000064e-01	2.709346934999999901e-01	4.064327110000000021e-01	4.627723389000000243e-01	3.809363921000000208e-01	8.445682786000000553e-01	5.195935819000000455e-01	-1.812335927000000013e-01	9.443204204999999796e-03	3.716873125999999861e-01	-1.356421489999999896e-01	3.157837534999999862e-01	-3.951907181000000047e-01	1.139676158000000106e+00	-2.741340353000000229e-01	5.189378020999999563e-01	7.575538272999999823e-01	1.494309429000000022e-01	2.915085164999999812e-01	3.389224976999999916e-01	6.299354206000000456e-02	-8.796208886999999921e-01	5.577290596999999739e-01	-3.897977187000000177e-01	1.745415782999999998e-01	-8.058346625000000207e-01	6.007734487000000456e-01	2.922442706000000223e-01	3.227617249999999993e-01	-6.916493597999999743e-01	-1.587825701000000089e+00	3.668485952000000161e-01	-8.164456478999999600e-01	8.732935004999999862e-01	5.200701111000000099e-01	-1.036005419999999955e+00	3.484374154000000057e-01	3.113427790000000139e-01	-4.016698336000000258e-01	6.813244383000000015e-01	3.915364022999999749e-01	-4.545175839000000217e-01	-9.836093575000000311e-02	-1.161846068000000010e+00	-7.304190028999999473e-01	1.507000829000000097e+00	2.518286731000000112e-01	7.875857820999999648e-01	1.293823675000000062e+00	-1.260345614000000003e+00	2.052757886000000198e+00	7.820228202000000239e-01	2.424603999000000121e-01	-9.131134063000000134e-02	-3.588093916000000272e-01	9.423426111999999577e-01	-4.981209965000000239e-01
1.619135399999999947e-01	-4.275535765999999849e-01	3.566450480000000200e-01	3.403618494000000272e-01	4.581007967999999875e-01	4.100658893999999943e-01	7.959189060000000371e-01	5.441375024000000282e-01	-3.574044040999999755e-02	5.323301006000000224e-02	3.894362088000000166e-01	-1.553541300999999875e-01	4.703076848000000143e-01	-2.314756513000000016e-01	9.314481942000000236e-01	-1.806714138000000136e-01	4.521595037999999733e-01	8.849470133000000294e-01	5.523127482999999893e-01	2.367447954000000132e-01	2.610580511000000214e-01	2.402396025999999907e-01	-8.060868678999999482e-01	7.203327281000000415e-01	-5.335120686000000001e-01	3.195530376000000044e-03	-3.313881149999999831e-01	5.852547818000000124e-01	1.103069571000000054e-01	4.719752740000000002e-01	-8.631433439000000263e-01	-1.738574206000000011e+00	5.173018158000000088e-01	-9.339872474000000535e-01	9.558844530000000228e-01	4.142903676000000285e-02	-1.068996518000000062e+00	3.911246782999999727e-01	2.198513981999999922e-01	-6.131601339000000150e-01	6.300268180000000440e-01	1.250134267999999937e-01	-6.885649782999999635e-01	7.625208108000000040e-01	-1.193314545000000004e+00	-7.733011252999999474e-01	1.165054854999999945e+00	3.059351267000000041e-01	6.915050595999999716e-01	7.064777830999999786e-01	-1.511456090000000030e+00	1.825405235999999931e+00	1.161669022999999967e+00	-1.278839062999999943e+00	3.064910168999999962e-02	-7.116768911999999947e-01	6.409726891000000482e-01	-1.532107054999999995e+00
8.490558255999999804e-02	-4.860617997000000190e-01	2.876734801999999980e-01	3.744302722000000250e-01	4.848544736000000022e-01	2.764493067000000082e-01	7.119051158000000434e-01	5.155661182999999870e-01	-7.993241347000000496e-02	-3.881047706000000097e-03	5.556261327000000527e-01	-2.013836615000000052e-01	2.834782000000000135e-01	-2.567362562000000126e-01	1.124681024000000029e+00	-8.553790745000000584e-02	3.640991453999999905e-01	9.809908353999999830e-01	7.015399139000000166e-03	2.116316464999999925e-01	3.072052593999999859e-01	4.257594958000000124e-02	-6.712960291999999773e-01	6.994793465999999960e-01	-5.479842267000000211e-01	8.760295648999999463e-02	-5.059111803000000407e-01	3.497125046999999820e-01	1.614037147000000061e-01	4.711967112000000069e-01	-9.113016388000000356e-01	-1.532438082999999951e+00	2.287478337999999944e-01	-8.826977213000000155e-01	7.484524418000000345e-01	1.361519579999999896e-01	-1.115817049999999977e+00	3.244886170999999875e-01	4.821919110999999813e-01	-2.993616668999999897e-01	6.284473100999999895e-01	1.117509698000000024e-01	-5.967543200999999575e-01	1.243273572000000105e+00	-8.434378602000000003e-01	-5.773092098000000005e-01	8.069726516999999877e-01	4.225580891999999866e-01	7.814106663000000008e-01	1.262632431000000055e-01	-1.240042784999999981e+00	2.013902539000000047e+00	6.765552618000000296e-01	-5.063766360000000466e-01	-2.546735766000000067e-01	-8.904328850999999601e-01	4.906936501999999978e-01	-1.323935273000000024e+00
1.838743418000000074e-01	-5.036082007000000083e-01	2.533204557000000023e-01	4.534066596999999921e-01	5.076823431000000442e-01	2.625508442999999748e-01	7.507226591000000226e-01	3.753529527999999726e-01	-1.521331143000000108e-01	-6.244166404999999809e-02	4.325162687999999922e-01	-3.243535404999999816e-01	3.386795825999999732e-01	-1.185493645000000040e-01	1.215626359999999906e+00	-3.487686972999999857e-01	3.518853591000000169e-01	7.732282552000000475e-01	6.184846887999999598e-01	3.404161553000000229e-01	3.092320964999999977e-01	9.267857377999999535e-02	-4.274996034999999917e-01	1.018708165000000054e+00	-4.494782319999999776e-01	-8.717885274000000684e-02	-4.639198064000000232e-01	4.232566425000000021e-01	1.395848865000000050e-01	3.423931761999999823e-01	-7.850346728999999524e-01	-1.668850154000000030e+00	5.455214215000000477e-01	-9.634254244000000078e-01	7.514067426999999633e-01	1.144603255000000014e-01	-1.113072553999999936e+00	6.067973182000000465e-01	3.935961834999999742e-01	-5.445733245999999639e-01	5.936850532999999874e-01	4.603366788999999765e-02	-6.111240704000000523e-01	1.292077185999999989e+00	-1.222327383999999961e+00	-7.529489353999999635e-01	3.560130123999999952e-01	2.467049336999999898e-01	7.106752137999999830e-01	-3.945108010999999748e-01	-1.389061711000000088e+00	1.978086094000000017e+00	5.885004101999999904e-01	1.260098796000000076e+00	-3.501523382999999767e-01	-1.201589578999999963e+00	3.077885785000000207e-01	-3.327095011999999796e-01
1.593742535999999876e-01	-4.802983638000000166e-01	2.541179722999999946e-01	3.850082347000000071e-01	4.770098978999999795e-01	3.138069195000000033e-01	7.315246817999999651e-01	3.339780658000000013e-01	-1.694168463999999874e-01	-4.804019528999999705e-03	4.447548189000000152e-01	-1.147869259999999975e-01	1.914438843000000057e-01	6.632049471999999779e-02	8.110946682999999879e-01	-6.310200758999999493e-02	2.273098893999999925e-01	7.460659109999999705e-01	1.123672532000000029e-01	-1.057972283000000076e-02	4.434457490999999668e-02	4.584985910000000109e-02	-4.227492252000000228e-01	7.941620808999999559e-01	-5.450248419000000011e-01	9.545439930999999323e-02	-7.710427246000000068e-01	2.610294773999999873e-01	-2.050180055999999834e-02	3.740448659000000231e-01	-1.125484248000000020e+00	-1.433180863000000027e+00	1.100823836999999944e-01	-9.057894330000000327e-01	7.062052398999999481e-01	-1.409007815999999969e-01	-1.249738317999999904e+00	3.601781928000000188e-01	2.679152674999999983e-01	-5.269767672999999819e-01	6.421465375999999559e-01	6.058796575000000018e-02	-7.951734687000000523e-01	-3.563500884999999951e-01	-7.805569195999999543e-01	-6.959648711999999460e-01	1.935186399000000113e-01	1.520912376000000121e-01	6.510154070000000459e-01	-9.795718153000000372e-01	-1.405482931999999963e+00	2.058066119999999888e+00	6.167648971000000424e-01	8.997873310999999763e-01	-4.937973735999999780e-01	-9.892734167000000189e-01	8.030653378999999537e-02	7.104899189000000170e-01
1.371578250000000110e-01	-5.818343686000000403e-01	3.116901082999999906e-01	4.052691694000000178e-01	4.531854416000000163e-01	3.515231960999999905e-01	7.222040301000000051e-01	3.547667956000000178e-01	-9.685642178999999408e-02	2.038098225999999957e-02	4.572158358999999783e-01	-8.679562835000000087e-02	3.255535521999999848e-01	6.077282118999999955e-02	9.510805998000000372e-01	3.048299275000000176e-03	2.743486070999999749e-01	5.883465910999999826e-01	4.653822632999999875e-01	6.934020839000000491e-02	1.399026596999999872e-01	4.515066487000000128e-01	-2.145006198999999947e-01	9.660222475999999947e-01	-4.274294988999999823e-01	-2.592532668000000189e-03	-4.505851835999999944e-01	3.981131754000000189e-01	-1.530358391999999956e-01	2.827778648000000006e-01	-1.071554064000000084e+00	-1.786811654000000082e+00	3.644744180999999750e-01	-9.279571520999999601e-01	2.875087370000000142e-01	9.708166648999999593e-02	-1.138884766000000104e+00	1.735916463000000132e-01	1.688048822999999865e-01	-2.835722079999999923e-01	5.359358651000000195e-01	-2.991366692999999910e-01	-9.047112146000000354e-01	-1.042516449000000067e+00	-1.108127824000000039e-01	-1.012175403000000085e+00	1.419216463000000095e-01	1.664975496999999971e-01	6.992791148000000456e-01	-3.148115242999999785e-01	-1.422941597999999974e+00	1.847955758999999976e+00	8.787312254000000378e-01	1.328854809999999942e+00	-9.169380712000000377e-01	-5.066232939999999463e-01	4.743594950000000199e-01	5.651352530000000041e-01
1.008400234000000062e-01	-5.542428359000000082e-01	2.100013766000000115e-01	4.613888152000000242e-01	4.325462095000000007e-01	3.044633654000000189e-01	7.365443026000000337e-01	3.509204020000000201e-01	-2.025337329000000131e-01	-1.344038322999999979e-01	4.185992477000000100e-01	-1.109182251000000036e-01	1.516044121000000022e-01	-9.678532009000000158e-02	1.139503796000000069e+00	-1.496430222000000032e-01	3.614288321999999942e-01	6.085042057999999754e-01	8.392235614000000121e-02	1.247360510000000006e-01	8.724361156000000339e-02	2.868030650000000237e-01	-6.784648423000000372e-01	5.824724578000000097e-01	-3.306031663999999815e-01	1.795211478000000027e-01	-7.762398560000000058e-01	3.323220239999999936e-01	-3.256417972000000272e-02	2.520925489999999991e-01	-9.847861300000000373e-01	-1.420729826000000084e+00	-7.182213624000000074e-02	-8.568047147999999780e-01	3.391494851999999893e-01	4.210628256999999763e-01	-1.049744258000000041e+00	2.724212850000000130e-01	6.835808465999999861e-02	-2.882258697999999786e-01	6.742598491000000305e-01	2.782952752999999779e-01	-7.466618202999999454e-01	-5.258177818000000503e-01	-3.241920234999999817e-01	-1.096656633000000047e+00	-3.405600762000000198e-02	1.891933930999999958e-01	8.713991202999999963e-01	8.072035725999999745e-01	-1.213345968000000052e+00	2.139583109000000150e+00	5.279563498999999549e-01	1.258112852000000004e+00	-4.349053534000000276e-01	-8.114255639999999881e-01	3.344431427999999817e-01	4.926681875999999738e-01
1.688955766000000136e-01	-4.608864628000000074e-01	2.925660040999999989e-01	3.759595317000000159e-01	4.159130521000000136e-01	3.719033362999999981e-01	7.470536551999999997e-01	3.710085341000000092e-01	-1.395744200000000046e-01	-7.504027404000000040e-03	4.130935548999999929e-01	-9.179706327999999360e-02	2.824024837999999926e-01	-6.412353230999999487e-02	8.794022414000000065e-01	-5.838183473999999928e-02	3.445419652999999749e-01	6.599384026000000292e-01	6.382449499000000248e-01	1.586247748000000068e-01	3.007360551000000035e-02	4.801012109000000194e-01	-8.467638400000000454e-01	7.130239938000000333e-01	-5.131366389000000527e-01	1.844411404999999893e-01	-5.624141642000000108e-01	3.675266033999999848e-01	-2.761293881999999852e-02	2.627191383999999963e-01	-9.097622674999999992e-01	-1.708691446000000003e+00	4.614443017000000036e-01	-1.013252961999999924e+00	3.650428601999999856e-01	8.270047760000000248e-02	-1.167308153000000015e+00	2.597786449000000220e-01	-1.220077655999999983e-01	-6.424117797999999713e-01	5.561161521999999913e-01	-6.382316746999999908e-03	-9.038795163999999716e-01	-1.516147594000000036e-02	-7.249772529000000354e-01	-1.305213447000000082e+00	1.144215041999999960e-01	1.382260800000000012e-01	6.754871169999999703e-01	1.343876381000000064e+00	-1.579490979000000017e+00	1.819289643999999928e+00	1.257463192999999979e+00	-2.696603671999999730e-01	-2.116738100999999983e-01	-9.138990357999999814e-01	3.330344733999999751e-01	-1.040406351999999979e+00
1.379802313999999863e-01	-4.958550485000000063e-01	2.253746558999999983e-01	3.583858661000000057e-01	4.314058322000000056e-01	3.122168672999999783e-01	6.963991805999999452e-01	3.590552673999999889e-01	-1.201688971999999994e-01	-7.593143030000000515e-02	5.021120905999999495e-01	-2.323467996000000077e-02	1.364443301000000108e-01	-2.494803788000000133e-01	9.713046650000000115e-01	8.158338702999999581e-02	3.006584538000000029e-01	9.201347406000000007e-01	-1.422857653999999930e-02	4.510240002000000421e-03	-4.144877892999999924e-02	1.355566673999999971e-01	-8.468930664999999580e-01	4.601737582000000049e-01	-5.470410131999999814e-01	1.823035467999999937e-01	-7.397630551999999637e-01	2.689106204999999750e-01	-4.557529619999999698e-02	2.681782581000000110e-01	-9.640510427999999798e-01	-1.460011238999999961e+00	2.008690703999999883e-01	-7.037512862000000480e-01	2.274046678999999960e-01	2.606651227999999820e-01	-1.168661442000000106e+00	2.250216844000000049e-01	5.469766745000000097e-02	-3.795062943999999994e-01	6.556452687999999585e-01	1.608617528999999879e-01	-8.448727929999999553e-01	2.148392886999999918e-01	-6.444530784999999984e-01	-1.090346279000000029e+00	4.201626178999999794e-01	1.146461141999999961e-01	7.194932290000000119e-01	1.071941712999999963e+00	-1.339147022999999992e+00	2.027910611999999890e+00	6.888353779000000454e-01	-7.013415482000000534e-01	-2.070687170000000132e-01	-8.911009371000000456e-01	1.219042961000000036e-01	-1.437159628000000078e+00
2.191101370999999909e-01	-5.418832560999999881e-01	3.283590671000000127e-01	4.625127363000000047e-01	4.629703486999999784e-01	3.116256029000000205e-01	7.817382729999999835e-01	3.619877884000000101e-01	-1.601407475000000136e-01	-1.376941916999999960e-01	4.977995787999999755e-01	-2.451218581000000063e-01	2.735292699999999910e-01	-3.153440376000000156e-01	1.039447181000000109e+00	-1.933619770999999987e-01	3.638822186999999819e-01	6.970432022000000449e-01	5.079507080999999813e-01	2.444995010999999885e-01	1.598775860999999965e-01	2.660468621000000033e-01	-7.030238774000000523e-01	7.857813309000000190e-01	-5.357812772000000168e-01	7.806157927000000052e-02	-4.067734110999999819e-01	4.865859464000000245e-01	-1.782185068999999830e-02	1.524707270000000003e-01	-7.182189171999999733e-01	-1.809408608999999890e+00	6.213125417000000539e-01	-1.046216967999999969e+00	1.988366843000000106e-01	1.956900997000000086e-01	-1.280007655999999994e+00	2.822202725999999884e-01	4.756440829999999953e-02	-4.594951389999999969e-01	6.121393523000000503e-01	1.476838709000000138e-01	-8.763985381000000130e-01	1.264367958000000014e+00	-1.259856480999999917e+00	-1.186349144000000022e+00	3.280105975000000007e-01	-5.650913762999999757e-02	6.457659918999999471e-01	8.807226582999999609e-01	-1.653394277000000079e+00	1.736519860000000026e+00	5.999160924999999978e-01	2.639620858000000236e-01	-1.941119691000000036e-01	-9.886590624000000105e-01	3.270717086000000245e-02	-1.536267328000000099e+00
1.972089090999999961e-01	-4.714496230999999926e-01	2.445859082999999878e-01	3.686046218999999846e-01	4.231848670999999729e-01	3.299803359999999852e-01	7.250437280000000539e-01	3.252487557000000029e-01	-1.685480114000000029e-01	-5.041602379000000023e-02	5.141694821000000193e-01	-1.428791725000000123e-01	7.013865861000000146e-02	-3.013393107999999820e-01	7.810884491999999790e-01	-7.759501925999999494e-02	1.735103355000000014e-01	9.488470625999999575e-01	-7.699136103999999758e-02	-5.853916564000000156e-02	-1.073768501999999986e-01	-1.095738807999999953e-01	-6.244279085999999701e-01	5.633917125999999831e-01	-5.521842353000000481e-01	1.606784827999999943e-01	-7.784719986000000480e-01	3.087674991000000091e-01	-1.321961603000000041e-01	1.967564997000000038e-01	-9.463531760000000181e-01	-1.517031602000000090e+00	-1.251605387000000007e-02	-8.672736692000000414e-01	3.153197159000000194e-01	-9.772032598999999542e-02	-1.461393694999999937e+00	3.716412230000000205e-01	1.245595639999999976e-01	-5.522483747999999970e-01	6.479660806999999467e-01	2.934277248000000116e-01	-9.227907362999999696e-01	1.146800134000000027e+00	-1.356049413000000037e+00	-7.618021956999999622e-01	4.631790156999999741e-01	-1.364005528000000007e-03	4.777883008000000098e-01	-1.053777734000000077e+00	-1.516916756000000088e+00	2.123741204999999965e+00	2.698305281999999750e-01	-2.008266267999999910e-01	-4.523580165999999819e-02	-1.025253293000000010e+00	-3.981539680999999775e-01	-4.510145224000000064e-01
1.863893984999999975e-01	-5.625205114000000339e-01	3.678584214000000241e-01	4.091654679999999766e-01	4.450738678999999753e-01	2.782755886000000123e-01	7.473015940999999662e-01	3.685105161000000185e-01	-9.887317210000000356e-02	7.690408573000000192e-02	4.964582685999999745e-01	-2.335393743999999994e-01	3.843851949000000046e-01	-2.634661119000000218e-01	1.006412042000000007e+00	-2.684982670000000127e-01	2.343140347999999873e-01	6.839279139999999702e-01	5.434976143999999953e-01	1.380011483999999955e-01	1.584703098999999948e-01	3.111547987000000126e-01	-4.796461309999999756e-01	1.014727997000000048e+00	-6.550853992999999820e-01	5.492296168000000006e-03	-4.248045648000000063e-01	3.693495256000000060e-01	-1.118738799000000006e-01	2.505890402000000017e-01	-7.829391020999999506e-01	-1.939946541000000080e+00	4.909243615000000172e-01	-1.087761849999999919e+00	9.113602856999999946e-02	-2.391357401000000077e-02	-1.434411802999999930e+00	3.728866229999999726e-01	1.027135475000000020e-01	-3.698049634999999724e-01	5.036184031999999533e-01	-1.317214480999999993e-01	-9.782604693999999990e-01	6.807822385999999781e-01	-1.168976806999999951e+00	-1.002830813999999959e+00	8.365528913999999983e-01	-1.961189081000000098e-02	3.277448761999999793e-01	-1.449693067999999974e+00	-1.592604401000000003e+00	1.886808736000000097e+00	8.240646732999999946e-01	6.771307463000000304e-01	-7.810615493000000464e-01	-7.828202850000000046e-01	-1.596178996000000017e-01	-6.978275770000000322e-02
2.133025121999999885e-01	-5.364698602999999899e-01	1.950665859999999863e-01	4.380809581999999813e-01	4.905283906999999832e-01	2.556848143000000073e-01	7.966555357000000281e-01	2.626279849000000000e-01	-2.531355764000000064e-01	-7.084796791000000371e-02	4.716935879999999970e-01	-8.768661391000000249e-02	9.838337859000000074e-02	-2.725781536999999921e-01	9.309677092000000487e-01	-2.192551077999999876e-01	3.179954487000000163e-01	7.360533257000000384e-01	9.343954910999999197e-03	4.300365033999999781e-02	-3.832267183000000188e-02	7.264947464000000299e-02	-4.412395238999999858e-01	6.833829873000000221e-01	-2.943568837000000160e-01	1.485083044999999935e-01	-9.899990461000000019e-01	1.996784765999999878e-01	-1.581286293999999981e-01	2.375487561999999886e-01	-8.113762613999999651e-01	-1.488782285000000094e+00	2.166407784999999919e-01	-8.290550633000000058e-01	-1.038782636000000065e-01	1.980092250999999914e-01	-1.362621980999999982e+00	4.392668184999999892e-01	1.994357499999999950e-01	-4.932704781999999732e-01	6.696162925999999960e-01	1.232056383999999977e-01	-8.503449600000000386e-01	-2.514250311999999821e-01	-1.029907617999999969e+00	-6.773558174999999570e-01	1.072997691999999947e+00	-1.554061381999999880e-01	4.101889309999999789e-01	-9.777764627999999680e-01	-1.323617049000000101e+00	2.224397812999999946e+00	2.671350057999999916e-01	1.440515218999999902e+00	-5.756411508000000010e-01	-9.240834926000000005e-01	-3.278556995999999946e-01	7.496109007000000268e-01
2.080959961999999941e-01	-5.583163184999999640e-01	3.323022480999999750e-01	3.841262930000000075e-01	5.061244403000000336e-01	3.019767902000000115e-01	8.319924519000000407e-01	3.184412871999999783e-01	-9.260272426000000501e-02	2.134307542999999974e-01	3.586214099000000211e-01	-5.769833793000000294e-02	4.330534323999999935e-01	-1.105912723000000014e-01	7.082832061999999596e-01	-1.713487049999999901e-01	3.077170819999999751e-01	7.587003328000000435e-01	5.953309650000000453e-01	1.210140658000000008e-01	2.410687836000000028e-01	4.668459613000000008e-01	-4.559413768999999728e-01	1.071394563999999994e+00	-6.020780248999999529e-01	1.202329139000000019e-01	-4.353713545999999823e-01	3.241773058999999901e-01	-2.045275598000000083e-01	3.437164232000000097e-01	-8.484859429000000119e-01	-2.012504231999999948e+00	6.502542404000000165e-01	-9.266324749000000027e-01	4.430160619000000216e-02	-3.358267803000000024e-02	-1.444519910999999990e+00	1.215780404000000037e-01	3.124055111000000051e-02	-3.850627732999999941e-01	6.502201275000000225e-01	-3.755870571000000102e-01	-1.154655892000000073e+00	-1.154062987000000096e+00	-6.641498984000000494e-01	-9.634869087999999859e-01	1.373359438999999904e+00	-1.480034259999999935e-01	4.158555009000000080e-01	-9.390115877999999361e-02	-1.798493855999999891e+00	1.795750787000000015e+00	1.076555345999999913e+00	1.204920218000000043e+00	-5.807212751000000450e-01	-6.869805557000000507e-01	-2.397377776000000071e-01	2.833239133000000076e-01
8.819779989999999847e-02	-5.793642367000000348e-01	1.697838744000000066e-01	4.336571874999999854e-01	4.743729208999999947e-01	2.575674381999999984e-01	7.984196252999999910e-01	1.897280833999999972e-01	-3.046032282999999730e-01	-2.164856002999999973e-02	3.680666194000000169e-01	-2.313470309000000003e-02	1.538761353999999922e-02	-3.146465191000000217e-01	1.123673163999999947e+00	-1.656031839000000061e-01	3.623937854000000014e-01	8.121335517000000115e-01	-3.127916799000000081e-01	1.222946203999999981e-02	-1.124171833000000009e-01	2.235831101000000098e-01	-7.123859206999999527e-01	4.022433951000000119e-01	-2.306712753999999865e-01	2.200354958000000083e-01	-1.065085859000000079e+00	1.481018047999999865e-01	-7.062290657000000471e-02	4.666728222000000037e-01	-7.855798426000000223e-01	-1.387505012000000093e+00	-2.093234724999999963e-01	-8.700816216000000214e-01	1.044625913000000045e-01	4.428906651000000250e-01	-1.433595635000000090e+00	2.561511168000000227e-01	1.632046766999999954e-01	-2.556142538999999769e-01	7.132202302000000271e-01	2.420358491000000056e-01	-7.872311261000000115e-01	-8.155001204999999809e-01	-5.470777654999999795e-01	-7.453397608999999813e-01	1.340986967000000085e+00	-4.260162661999999933e-02	6.522917517999999859e-01	3.366937795000000122e-01	-9.073002042000000156e-01	2.321197870999999857e+00	3.452501183000000196e-01	1.493837767999999899e+00	-3.667130795999999915e-01	-1.005053304999999897e+00	-3.903933196000000105e-01	5.368641254999999557e-01
2.197781205999999876e-01	-5.187318766999999831e-01	3.230686534000000165e-01	3.782833498000000017e-01	4.756801942000000172e-01	2.472277086000000124e-01	8.086912289000000031e-01	3.597992466000000111e-01	-1.201832634999999982e-01	1.535542309000000050e-01	3.027343774999999848e-01	-5.344451221000000307e-02	4.801248329000000203e-01	-1.252508998999999901e-01	8.689713938999999998e-01	-2.945212884000000253e-01	3.111772493000000139e-01	4.483536281000000123e-01	1.055189366000000017e+00	3.455677437999999935e-01	2.508920165999999896e-01	6.816097376999999957e-01	-9.799865731000000357e-01	1.025240785999999904e+00	-7.166177891999999661e-01	9.660081230000000518e-02	-3.080240517999999761e-01	3.309619073000000244e-01	-7.342439872000000589e-02	4.238487805999999747e-01	-8.319209525999999855e-01	-1.957587014000000014e+00	8.902208594999999614e-01	-1.091572568999999993e+00	1.098402707000000061e-01	1.130122841999999933e-01	-1.463985254000000014e+00	2.757085170999999946e-01	-3.138692350000000242e-01	-6.229448619999999881e-01	7.132445490000000055e-01	-2.364051930000000135e-01	-1.166840526999999961e+00	-5.910497355999999591e-01	-1.134883392999999963e+00	-1.328305167999999981e+00	1.365654160999999922e+00	-2.097038149000000073e-01	5.258083101999999620e-01	1.323950053999999987e+00	-1.947232904999999903e+00	1.721361880999999983e+00	1.365297983999999909e+00	7.030937581999999741e-01	-4.319473242999999907e-01	-1.011790779999999890e+00	-2.103245474999999864e-01	-5.863547261999999538e-01
8.754070232999999757e-02	-5.277768023000000142e-01	1.379624799999999984e-01	3.770525596000000035e-01	4.338083716000000201e-01	3.208746364999999767e-01	6.903620101999999870e-01	1.564320805999999953e-01	-2.252439307999999918e-01	-8.256629262999999608e-02	4.303367864000000043e-01	5.489087572000000276e-02	-2.322947592000000061e-01	-4.093754765000000018e-01	8.100549771999999704e-01	-2.267697041000000038e-02	1.524787997000000006e-01	9.513609167000000033e-01	-8.426164412000000103e-01	-1.232745660000000021e-01	-2.528885135000000228e-01	-2.316283913999999874e-02	-7.955989989999999734e-01	4.442591310999999960e-02	-2.030519849000000099e-01	2.847232048000000182e-01	-1.236552024000000083e+00	1.634289488000000012e-01	-1.530617278999999997e-01	4.194746477999999890e-01	-8.946918119000000225e-01	-1.224110472000000005e+00	-4.440075732000000053e-01	-7.556725727999999975e-01	-8.772920685000000496e-02	3.271237208000000174e-01	-1.374306620999999895e+00	8.781874475999999763e-02	2.418408569000000119e-01	-3.116868266999999748e-01	8.111655611000000432e-01	5.321756422000000208e-01	-8.325510283000000511e-01	-3.361762052000000223e-01	-1.033378708000000090e+00	-7.513767402000000040e-01	1.363005762000000010e+00	5.749951863999999691e-02	8.129849931999999502e-01	1.063418508999999901e+00	-7.685461308000000047e-01	2.340902772999999826e+00	-3.319039161999999977e-03	-6.955122314999999666e-01	-1.661827557999999982e-01	-1.154103810000000063e+00	-2.537068418000000269e-01	-1.168335780000000046e+00
2.853219135000000239e-01	-5.644942165999999872e-01	4.964308713999999734e-01	4.677110554999999725e-01	5.111420129000000534e-01	2.092116167999999998e-01	8.526543599000000473e-01	5.014264944999999862e-01	-1.375435692000000036e-02	2.759256864999999892e-01	4.159660102000000137e-01	-2.084895042000000087e-01	7.045437700000000136e-01	-7.944899078000000614e-02	1.032090441000000025e+00	-5.420096025999999734e-01	2.681933284999999945e-01	2.899891538000000102e-01	1.740949282999999959e+00	6.999782193000000374e-01	7.887562493999999980e-01	7.705924041999999696e-01	-1.062768713000000087e+00	1.821611794999999923e+00	-1.141570500000000044e+00	-3.073385220999999903e-02	2.443675191000000135e-01	5.816556244999999681e-01	-1.557274744000000048e-03	3.115789751999999968e-01	-6.604475472999999930e-01	-2.521174355999999950e+00	1.397637126000000007e+00	-1.239649956999999914e+00	-9.291274670000000679e-02	1.451140579000000097e-01	-1.386172111999999901e+00	3.097491813000000094e-01	-5.133762105000000409e-01	-3.155613971999999823e-01	6.464788680999999926e-01	-6.394218444000000501e-01	-1.197393530000000039e+00	8.089936972000000281e-01	-1.546853806000000109e+00	-1.778467105000000048e+00	1.338905089000000048e+00	-2.640096290999999762e-01	3.657961985000000027e-01	1.238380601000000025e+00	-2.174297097000000178e+00	1.309085462999999949e+00	2.007545760999999818e+00	-1.168169081000000054e-01	-6.297324090999999457e-01	-6.682005972000000238e-01	1.558284206999999977e-01	-1.810370540999999944e+00
4.446292023000000260e-01	-5.658928127000000252e-01	-4.567535281999999808e-01	5.136501931000000409e-01	1.960812935000000035e-01	4.612262879000000176e-02	9.197932057000000050e-01	-2.208352044999999930e-01	-6.025833981999999533e-01	-1.197079570999999953e+00	-1.639679696000000131e-01	3.037162452000000123e-01	-2.007447696999999920e+00	-9.841796019999999867e-01	4.064875070000000257e-01	-1.440857614000000120e-01	3.108024336999999915e-01	1.468632284999999982e+00	-3.300987253999999815e+00	-1.295081080000000107e+00	-2.024272391999999865e+00	-1.264072177000000075e+00	5.761781578000000348e-01	-3.348785986999999742e-01	1.897573224000000058e+00	1.134340722999999995e+00	-2.173854775000000128e+00	-6.142396936999999779e-01	-2.423442114000000092e-01	3.611884870000000025e-01	-3.464304947999999884e-01	1.613230951000000024e+00	-5.157729248000000322e-01	-7.356323734999999919e-01	-8.390662711999999912e-01	4.540989937000000087e-01	-1.093718111999999909e+00	-3.511761950999999771e-01	2.475811277000000032e+00	1.920318158000000053e-01	3.075638426999999897e+00	3.288400513000000025e+00	-3.146574760000000071e-03	8.800729961000000046e-01	-1.347671027000000077e+00	1.011391479999999898e+00	3.875284928000000129e-01	-8.858742647999999775e-01	8.392127539000000525e-01	-8.335829674000000411e-01	2.541979769000000111e+00	3.408065822000000189e+00	-3.768079633999999789e+00	-5.006611035999999904e-02	1.517330067000000060e+00	-7.668488556000000456e-01	-7.156626385000000035e-01	-1.934951760999999992e+00
-2.497714719000000139e-01	3.950373596000000265e-01	-2.785994888000000169e-01	-4.354461683000000055e-02	2.885750577000000261e-01	-8.497879725000000162e-02	6.518120457999999895e-02	-1.088828573000000022e+00	3.645997837000000130e-01	6.996862522000000251e-01	-7.644997474000000404e-01	-3.459655113999999809e-01	-3.656697313000000227e-01	-1.431883942000000021e+00	1.473388015000000051e+00	-1.180573314000000096e+00	-4.852702456999999914e-01	-9.351050126000000073e-01	-9.337426070000000022e-01	3.890868969999999871e-01	-2.188155805000000065e+00	7.786286148000000351e-02	-1.962470458999999945e+00	-2.632099809000000068e+00	1.516851729999999954e+00	1.234586498000000088e+00	6.265505126999999508e-01	-8.905876287000000224e-02	2.821839393000000196e-01	6.266477185000000061e-01	5.242463574000000293e-01	-3.652230347999999710e-02	-4.598542848000000127e+00	3.341151345000000217e-01	-4.958656013000000140e-01	4.961270331000000033e-01	3.998396869999999992e-01	6.828101297999999986e-01	4.427231831999999812e-01	9.778275208000000163e-01	-3.162791495000000008e+00	2.001084140000000122e+00	-7.461134826000000164e-02	-7.097476201000000318e-01	-7.390218215999999618e-01	1.922749040000000020e+00	-8.974507174000000420e-01	1.859678197000000033e+00	-8.303342439999999991e-01	-1.690620664999999967e+00	4.170523876999999935e+00	3.298855769999999854e+00	1.682881550000000059e+00	-9.545706672999999531e-01	-9.797287176000000208e-01	-9.514107437999999584e-02	-1.192071333999999982e+00	1.209239433999999891e+00
8.060250468999999862e-01	2.532056723000000176e-01	4.775342825000000180e-01	-3.992311557000000066e-01	8.644499884999999884e-01	-8.860932574000000006e-01	7.982594468999999471e-01	1.169449911000000064e-01	1.051598508999999959e+00	2.226625422000000076e-01	-1.861151708999999876e-01	-4.984393547000000313e-02	1.299407313999999980e+00	-4.502459923999999752e-02	-5.406991087000000140e-02	-9.984129966999999439e-02	-1.309011992999999929e-01	-9.505983799999999651e-01	3.027335819000000150e+00	-1.039392333999999973e+00	-6.177702806999999519e-01	1.922400595999999906e+00	-1.266795745000000029e+00	6.959129978000000438e-01	-6.999991890000000216e-01	-8.141433692999999749e-01	3.137489943999999920e+00	-7.404509245999999489e-01	-2.826194908999999922e-01	1.095811482000000003e+00	-2.122174082000000128e-01	5.217122290000000273e-01	1.339433265999999900e+00	7.752772083000000203e-01	-6.677342399000000261e-01	-6.354558277999999838e-01	4.204969914999999725e-01	9.623403481000000204e-01	3.994009305999999815e-01	-2.099407078999999954e-01	-1.316816766000000083e+00	4.782730699000000141e-01	-1.587489318000000038e+00	-2.085741683999999818e+00	6.491312169999999826e-01	-1.063561499000000021e-01	6.108715649999999497e-01	5.379944824000000292e-01	-8.997960161000000401e-01	1.522955861999999994e-01	1.244012359000000068e+00	1.125191314999999914e+00	2.269675606999999928e+00	-1.251102756000000094e+00	-1.094637011999999965e+00	5.455057077999999615e-01	-1.729355063999999942e-01	-1.357734414000000056e+00
3.214658851000000150e-01	5.786660221999999631e-01	8.292201404999999595e-03	-6.265406177000000243e-01	5.436827239999999506e-01	-8.624303157999999581e-01	4.280769627000000077e-01	-9.703987010000000302e-01	8.882593181000000282e-01	3.068665077000000130e-01	-6.877002640999999583e-01	1.124636463999999947e+00	-1.225147679000000017e-01	-4.957791019000000188e-01	-6.493808886999999919e-01	7.690942400000000401e-02	-6.117262222999999555e-01	5.779894976000000267e-02	-2.030001858000000103e-01	-1.388125671000000061e+00	-1.510119752000000037e+00	5.327905741999999778e-01	-3.927051113000000204e-01	-9.286084972999999465e-01	-1.952594695000000047e-01	-2.419720837000000069e-01	8.908678880000000522e-01	-1.010607261000000090e+00	1.288144856000000005e-01	1.839087176000000046e+00	-1.185321021999999891e+00	7.765432453999999707e-01	-1.759764444999999955e-01	-2.645811141000000144e-01	-1.020460428000000003e-01	-1.303507234000000015e+00	9.674562186999999813e-01	7.273036430999999524e-01	1.191614697999999972e+00	4.922195959999999815e-01	-8.804632683999999987e-01	1.739849972000000022e+00	-1.426941993000000020e+00	-1.385644563000000051e+00	1.122078488999999957e+00	2.998785692000000003e-01	-2.723536537999999840e-01	1.406814366000000094e+00	-4.489475518000000109e-01	6.983602566000000067e-01	1.792620894999999992e+00	6.794811361999999466e-01	-1.254295978000000034e+00	-1.244709579000000010e+00	-1.100117701999999920e+00	-4.253020738000000134e-01	-2.124816139000000048e-01	-1.157887896999999944e+00
-3.282097316999999913e-03	4.263027662000000162e-01	2.841410574000000078e-01	-3.639920437999999980e-01	4.815024432000000187e-01	-5.926533325999999713e-01	5.984895022999999759e-01	-4.666447002999999927e-01	2.755907771000000173e-01	3.246245156000000104e-02	-2.581164459999999994e-01	6.803601819000000273e-01	3.670856644000000113e-01	-1.501599641999999957e-01	-6.812364394000000045e-01	2.659562905000000255e-01	-6.488944913999999953e-02	-1.133990041000000060e-01	1.416861336999999943e-01	-1.061270986000000027e+00	-2.757706048999999937e-01	7.113352062000000142e-01	6.693778607000000491e-01	-6.054412170999999843e-01	-3.559514377999999923e-01	-1.312659103999999910e-01	1.532302607000000094e+00	-5.672810260999999743e-01	4.604947290999999998e-01	1.032040301999999965e+00	-5.932211250000000158e-01	1.954024326000000089e-01	8.547826653000000219e-01	-7.108188347999999657e-01	3.559206717000000242e-01	-2.123807775000000064e-01	8.595976788000000424e-01	-4.634896524000000073e-01	4.254048428000000159e-01	-4.068826179999999737e-01	-1.468220419000000110e+00	1.273792143000000099e+00	-1.389791919000000098e+00	3.764300053999999895e-01	9.072787299000000250e-01	3.943122694000000122e-02	-7.607593688999999548e-01	1.249743897999999964e+00	1.979482709000000007e-01	1.044340389000000036e+00	1.194095856000000067e-01	-3.125271660000000229e-01	-1.901537113000000057e+00	-1.523059249000000004e-01	-1.796332226999999948e+00	-2.801538114000000079e-01	7.246755838999999755e-01	-1.394884999999999931e+00
-1.153664870000000037e-01	1.370119217999999917e-01	-1.532588324999999974e-01	-2.143867563999999892e-01	4.277986415000000209e-01	-1.506624776000000110e-01	4.470814985000000075e-01	-3.835516268999999978e-01	1.741190890000000047e-01	-2.538507958999999814e-01	-8.415558327000000061e-03	3.693956762000000227e-01	-3.567243259999999805e-02	-2.166483899999999962e-01	-4.188987436000000120e-01	6.372983212999999703e-01	9.172177293000000065e-02	-6.702109969000000222e-02	-6.526612910000000323e-01	-1.011291165000000047e+00	-1.022297251999999990e+00	-2.189152047000000045e-01	6.468831925000000371e-01	-1.646573185999999911e+00	6.568587776999999794e-02	-2.568930638999999960e-01	7.098313053999999456e-01	-2.778909231000000202e-01	1.894714012000000003e-01	7.137062951000000544e-01	-8.747315345999999714e-01	8.465312669000000234e-01	-8.881724341000000189e-01	-4.606827082000000129e-01	7.117071520000000096e-01	-7.408082205999999559e-02	7.365899813999999823e-01	-1.348368070000000030e-01	1.772829199000000022e-01	-7.024386845000000212e-01	-1.545729281000000066e+00	1.532183139000000027e+00	-8.571713844999999665e-01	8.672718054000000398e-01	1.158457319999999902e+00	2.300833932000000137e-01	-1.361824230000000080e+00	1.551135254999999935e+00	2.522544936000000182e-01	-5.741531544000000320e-01	8.981967897000000534e-01	3.341354745999999820e-01	-1.515195238000000000e+00	-2.715256126999999742e-01	-9.456805063000000011e-01	-1.976537462999999883e-01	-4.658285044999999763e-02	-3.638506798999999736e-01
3.417116036000000107e-02	2.886956688999999798e-01	1.283447691000000057e-01	-1.491254553999999954e-01	5.159595125000000504e-01	-7.398422610999999538e-02	6.129311939999999570e-01	-1.284862166000000083e-01	1.758325319000000053e-01	-2.042042380000000101e-01	5.355911613000000071e-02	3.319987623000000138e-02	4.734377049999999865e-01	1.806714537999999926e-01	-2.252266816999999866e-01	2.819956127000000090e-01	1.812648672999999933e-01	-7.159230161999999842e-01	5.842491967999999813e-01	-3.861061176999999733e-01	-2.763184666999999872e-01	2.416482765999999893e-01	5.633655678000000222e-01	-8.178897914999999630e-01	8.597391257000000508e-02	-5.661078982999999676e-01	1.158296940999999913e+00	-7.266372001000000191e-02	-3.438724809000000011e-03	1.094966557000000007e-01	-3.460389607000000090e-01	8.715225822000000067e-01	5.698339492999999756e-01	-1.125368669999999988e-01	6.634617994999999491e-01	-1.291027979000000103e-01	9.205855568999999905e-01	1.497226261999999863e-01	-4.161984128999999810e-01	-9.852225811000000499e-01	-1.217084827999999952e+00	2.515404697999999994e-01	-7.225513945999999521e-01	3.187123649999999975e-01	6.414038042999999911e-01	-3.289413925999999933e-01	-1.440698886000000067e+00	1.414346252999999942e+00	3.975477503000000024e-01	-7.673549106000000508e-01	5.425773576000000320e-01	-3.409412869999999818e-01	-4.685542972999999778e-01	2.227987204000000165e+00	-1.217168266000000054e+00	-8.240255112000000048e-02	1.180709946000000066e-01	-7.459768791000000177e-02
-9.387071751000000686e-02	2.328485341000000042e-01	-2.480602289000000127e-01	-1.605286687999999962e-01	4.502167423999999807e-01	-1.196255112000000065e-01	4.622974483000000245e-01	-5.530237309000000101e-01	-2.647650852000000068e-02	-3.004396911000000170e-01	6.965908187000000029e-02	4.718194052999999943e-01	-1.137316389000000011e-01	-1.540480214999999931e-01	-4.774789273000000223e-01	7.498576598999999732e-01	-3.253371428999999870e-01	-6.377286613999999521e-01	-5.113070237000000295e-01	-1.063439180999999900e+00	-1.121261810000000025e+00	3.607968461999999654e-02	8.621751439000000516e-01	-1.440921777000000015e+00	6.062195699000000326e-02	-3.773371935000000010e-01	4.288585353000000100e-01	-5.498683042999999993e-01	1.659400716999999970e-01	3.746846595000000169e-01	-7.707398860999999934e-01	8.794345136000000229e-01	-2.567517722000000058e-01	-1.381829425999999972e-01	2.182539263999999923e-01	2.376158792999999991e-01	1.139124245999999951e+00	-3.103774836000000037e-01	-8.653653834999999739e-02	-8.004861321999999779e-01	-1.629050877999999924e+00	1.026572027999999914e+00	-6.086689735000000434e-01	-7.091275143999999919e-01	7.880448732000000511e-01	-4.113215633999999787e-01	-1.324378400000000067e+00	1.625215448000000062e+00	2.352167035999999933e-01	-5.690872997000000211e-02	7.548116648999999567e-01	-4.397388601999999841e-02	-1.493773733999999909e+00	2.009319855000000210e+00	-1.293908698999999940e+00	2.606962238000000084e-02	-3.674935884000000152e-01	2.770151041000000133e-02
-1.837831352000000029e-01	-5.070010215000000237e-03	2.271837368000000079e-02	-1.238566351000000010e-01	4.162131519000000224e-01	-2.060979538000000111e-01	3.768436032999999963e-01	-3.239433688999999728e-01	8.688875894000000488e-02	2.796173994000000144e-04	-2.288575744000000134e-02	4.471348996000000242e-01	1.495242400000000027e-01	-5.560899319999999812e-02	-5.882327232999999822e-01	4.013469877999999991e-01	-5.597004284000000052e-01	-6.440289625999999767e-01	-2.270976824000000005e-01	-1.143685524999999981e+00	-8.548297887000000372e-01	5.780413990999999641e-01	4.102458559000000116e-01	-9.155788151999999513e-01	-2.634218241999999877e-01	-4.304603773000000022e-02	6.144356484999999868e-01	-3.186358995999999943e-01	3.224558370999999757e-01	3.212036828000000011e-01	-6.161669550999999689e-01	5.416221676000000373e-01	-2.781953764000000273e-01	-3.621659510999999942e-01	-6.401944090000000198e-02	-3.306435562999999848e-03	8.497878991999999743e-01	-9.999113388999999463e-01	-4.051067099999999810e-01	-6.968452210000000147e-01	-1.420956359999999918e+00	8.570023410999999536e-01	-1.123373084000000022e+00	-1.051241937999999987e+00	7.548485496000000294e-01	-9.889222396000000304e-01	-1.311740276999999955e+00	1.283645898999999924e+00	3.111723064999999955e-01	4.743700301000000064e-01	-3.020311863000000110e-02	-2.348805929999999986e-01	-1.081701508000000089e+00	1.418143284999999976e+00	-1.194236631999999965e+00	1.798142520000000077e-01	-2.382705212000000017e-01	-8.366160035999999911e-01
-2.729021944999999727e-01	-3.611064419999999997e-02	-2.580956721000000065e-01	-3.568273728000000145e-02	3.543133578000000061e-01	-1.227013240999999949e-01	3.244326768999999944e-01	-6.008424254999999992e-01	2.895337551000000051e-02	-1.517498997000000030e-02	-2.053094105000000114e-01	3.985003540000000011e-01	-3.806010985000000124e-01	-3.377942688000000193e-01	-4.267961460999999956e-01	2.019593791000000027e-01	-7.148059096000000112e-01	-5.612862237000000309e-01	-1.018692680000000017e+00	-1.179927834999999980e+00	-1.245550997999999909e+00	2.018393635000000075e-01	3.106433865000000072e-01	-1.285764783999999938e+00	1.865072775999999932e-01	3.007074216000000244e-01	1.783349577999999991e-02	-5.591138366000000248e-01	3.652650800000000197e-01	2.959130891000000263e-01	-4.303025957000000123e-01	6.520875064000000165e-01	-1.090396785999999896e+00	-5.064005850999999669e-01	-4.841351374999999790e-01	7.076532520000000659e-02	7.997430572000000515e-01	-1.039572401999999895e+00	-4.408039480000000010e-01	-5.828522014000000473e-01	-1.723838852000000088e+00	1.279918222000000050e+00	-1.071938032999999901e+00	-4.523823738000000150e-01	8.414078841000000031e-02	-8.750350483000000068e-01	-1.692154670999999944e+00	1.329413342000000053e+00	3.332840677999999723e-01	7.978194554999999966e-01	2.798240578000000256e-01	-8.528388557999999620e-02	-1.471407273000000071e+00	1.884067471000000049e+00	-1.085081300999999998e+00	-2.138313471000000132e-01	-6.579069522999999586e-01	-7.869601251000000186e-01
-2.303340744000000051e-01	-8.537176011000000009e-02	-1.333105544000000031e-01	-1.534134684999999970e-02	4.147264379000000223e-01	-2.336015486999999946e-01	3.713241653000000086e-01	-3.948628612999999787e-01	4.900708911999999973e-02	-3.346440308000000335e-02	-1.673513407999999841e-02	3.269853933999999906e-01	-7.898034013999999381e-02	-1.881469081000000099e-01	-3.228207677000000109e-01	2.746354341000000199e-01	-6.940148265000000150e-01	-7.392034042999999777e-01	1.556537832000000066e-01	-1.023863117999999961e+00	-1.032283966000000053e+00	4.498896624000000011e-01	1.343650197000000046e-02	-8.467007138000000044e-01	-1.036667572000000009e-01	2.267973812000000089e-01	3.234181824000000038e-02	-5.570644817000000026e-01	1.465584752999999907e-01	4.929040483000000222e-02	-4.598423813999999998e-01	6.014675524999999467e-01	-7.383855823999999624e-01	-4.782045486000000012e-01	-8.004963419999999719e-01	-1.029381384999999982e-01	6.657778319999999583e-01	-7.949281324000000426e-01	-8.780192946999999526e-01	-9.618941170999999457e-01	-1.459903858000000110e+00	6.774979868999999599e-01	-1.242904717000000048e+00	-5.815397574999999764e-01	-6.211576719000000413e-01	-1.444466572000000060e+00	-1.815907127000000010e+00	1.199205049999999995e+00	2.464391475000000109e-01	7.125395879999999460e-01	-6.858790579000000054e-02	-1.626165246999999869e-01	-5.844930857000000257e-01	1.456752013000000012e+00	-1.005181705999999897e+00	-4.392835789999999796e-01	-8.979894435999999924e-01	-1.303824007000000007e+00
-6.843144339000000187e-01	-1.346025685999999999e-01	-4.838191436000000012e-01	-1.947478770999999942e-01	1.155580389000000069e-02	-9.056742173999999812e-01	-4.261650793000000270e-01	-8.616087396999999592e-01	4.777676439999999913e-01	4.478841410000000134e-01	-1.911153022000000035e-01	6.753732856999999923e-01	-9.467776615999999867e-01	-1.017882522999999928e+00	-7.639959933000000092e-01	4.583721042000000190e-01	-1.586360291000000089e+00	-1.159166128999999934e-01	-6.009190647000000052e-01	-1.122993595999999927e+00	-7.057135651000000509e-01	4.000268817000000032e-01	-3.634663535000000056e-01	-1.729814216999999987e-01	2.710109628000000135e-03	7.974703883000000548e-01	-7.623483417999999956e-01	-1.349009278999999895e+00	3.499088708999999880e-02	-1.395649638000000074e-02	-2.202894790999999908e-01	4.939849552999999727e-01	-1.427465994999999932e+00	-1.387614387999999976e-01	-1.456300860000000030e+00	-5.400900500999999965e-02	5.479431023999999928e-01	-1.361204432999999936e+00	-7.950590020000000147e-01	1.106748414999999958e-01	-1.130007616999999964e+00	-1.039274151000000035e-01	6.936679892000000014e-02	-5.365994900999999651e-01	-1.930233617000000068e-01	-1.095984516999999991e+00	-1.919269322000000111e+00	1.169792251999999921e+00	-2.912118361000000128e-05	4.040238320999999799e-01	-2.347582426000000000e-01	1.102290206000000050e-01	-1.181807505999999952e+00	-3.141494222999999808e-01	-2.325593752000000070e+00	-7.855654619999999921e-01	-1.058073411000000075e+00	-2.628773257000000196e+00
-7.201525272000000033e-01	-1.174813291000000037e-01	-5.630719443999999685e-01	-2.400221411000000027e-01	-7.971996001999999415e-02	-1.140804217999999981e+00	-6.100522151999999698e-01	-7.782244793999999466e-01	8.606798141000000513e-01	8.121778974000000151e-01	-3.006609074000000104e-01	8.471597889999999964e-01	-1.002587494999999995e+00	-1.247861236000000096e+00	-1.026536203999999897e+00	-7.859064788000000301e-02	-1.591988710000000085e+00	-1.018991025000000050e-01	-1.261553775000000099e+00	-9.405362805000000437e-01	-4.626598782999999937e-01	2.026619832999999871e-01	-4.010760302999999971e-01	6.511332298999999990e-01	-3.782147481999999922e-02	7.351179133999999893e-01	-4.492455262999999754e-01	-1.048797568999999985e+00	3.083300722000000271e-01	-1.233591308999999921e-02	1.296852319000000031e-01	5.340730449999999685e-01	-2.139108192000000130e+00	-2.655413376999999908e-01	-2.148033204999999946e+00	1.484019788000000006e-01	6.234684007999999888e-01	-1.900606183000000060e+00	-6.324919928000000136e-01	5.600185990999999586e-01	-1.352457502000000034e+00	7.469445165000000442e-01	1.064991344999999950e-02	-4.368836246000000201e-01	-3.416124864999999788e-01	-1.024574238000000026e+00	-1.374812337000000051e+00	2.841337035000000011e-01	-4.683151789000000176e-01	5.598215430999999853e-01	-1.053014636999999976e+00	-6.852309097000000571e-02	-2.062849109000000070e+00	-1.288822522000000026e+00	-2.234878129999999796e+00	-7.224374017000000370e-01	-1.272144551000000012e+00	-2.896189340999999917e+00
-7.024778808999999624e-01	-6.073273721999999930e-02	-8.212145750999999549e-01	-1.617257390000000072e-01	-8.522855397999999638e-02	-8.821599123000000153e-01	-5.799424926999999785e-01	-9.506706033999999805e-01	9.077434180000000241e-01	8.117605323000000039e-01	-5.121849494000000336e-01	9.264453473999999522e-01	-1.095019901999999989e+00	-1.424453047000000083e+00	-9.006170512000000183e-01	-3.793767116999999939e-02	-1.345240350999999945e+00	3.551195282999999869e-01	-9.173463700999999748e-01	-8.496105040000000441e-01	-7.747399538999999447e-01	-3.523397155999999919e-01	1.720882612999999894e-01	3.301624102999999866e-01	3.411922676999999959e-01	8.955329963000000504e-01	-9.424191706000000224e-01	-8.643589683000000301e-01	-8.075509127999999301e-03	1.397116220000000075e-01	3.241977736000000165e-01	6.573022076000000213e-01	-2.228411953999999806e+00	-3.300242347000000021e-02	-2.906487459000000051e+00	2.486938059000000090e-01	5.898105110000000373e-01	-1.600121657999999947e+00	-7.379076286000000318e-01	2.663726411999999821e-01	-1.297554322000000093e+00	3.607845286999999956e-01	-3.746129569000000020e-02	-4.110476511000000222e-01	-1.925158177000000082e-01	-9.810531492999999825e-01	-8.268516312999999451e-01	3.110564370000000189e-01	-6.118336530000000328e-01	-2.738275526000000237e-01	-4.744384349999999917e-01	1.309633273999999958e-01	-1.358554011999999922e+00	-1.547735421000000056e+00	-2.055764298000000156e+00	-5.261304935999999710e-01	-1.012395514000000052e+00	-2.737834208999999852e+00
-5.543120720999999973e-01	4.577730632000000244e-02	-5.912036170000000146e-01	-9.492652867999999688e-02	1.647167579000000104e-01	-8.467208921000000110e-01	-3.958846189999999932e-01	-6.387657838000000421e-01	7.080730505000000230e-01	7.313618753999999722e-01	-3.535463131000000092e-01	7.880220623999999452e-01	-7.513032081999999612e-01	-1.039010431999999984e+00	-8.483365272999999762e-01	-2.405196918000000045e-02	-1.143723118000000039e+00	4.011721569000000209e-01	-8.527418906000000520e-01	-7.950400785000000248e-01	-5.220399989999999768e-01	7.940107774000000618e-02	4.077911735999999870e-02	5.248419664000000262e-01	1.927989016999999972e-01	8.893335313000000353e-01	-5.250123186999999803e-01	-8.368810919000000403e-01	1.374342407999999960e-01	2.916392166999999813e-01	3.722329853999999938e-01	3.526951703000000271e-01	-1.772411662999999971e+00	1.294363457000000106e-01	-2.936332451000000177e+00	3.283827121999999821e-01	2.937274919999999789e-01	-1.621368281999999938e+00	-5.293173974999999531e-01	2.444062942000000127e-01	-1.079154981000000069e+00	4.860127075999999824e-01	-2.189546484000000071e-01	-2.521611281000000204e-01	1.359444965000000116e-01	-9.941397342000000137e-01	-3.623662060999999768e-01	4.348036050999999902e-01	-4.128044935999999887e-01	1.375868725000000126e-01	-1.015789183000000095e+00	4.727270689000000192e-02	-1.519384775000000021e+00	-1.000700297000000072e+00	-2.314198413999999815e+00	-3.048561982999999920e-01	-5.485915820000000220e-01	-2.758202916000000116e+00
-5.193155438000000013e-01	1.601878287999999873e-01	-6.357350234999999961e-01	-1.186283877999999986e-01	2.298420221999999957e-01	-6.087076665999999747e-01	-1.867928246999999986e-01	-7.420036099000000274e-01	5.598827677000000058e-01	7.054809927999999841e-01	-3.052454130999999737e-01	6.888071971000000460e-01	-7.952926275999999683e-01	-9.688507558000000186e-01	-9.489091785000000057e-01	1.551004753000000125e-01	-1.086053774000000027e+00	4.062807471000000059e-01	-7.363952973999999818e-01	-7.566937281000000182e-01	-6.464637420000000079e-01	-4.928172947000000054e-02	-4.980056328000000143e-02	3.335543156999999925e-01	4.522718891999999991e-01	9.904811838999999507e-01	-8.673863252000000301e-01	-8.768527446999999642e-01	4.788057193999999822e-02	2.791303098999999843e-01	2.917667074999999999e-01	4.863931307000000093e-01	-1.931497849999999961e+00	-4.247401522000000124e-02	-2.488887597999999812e+00	-1.237165167000000010e-01	4.458530145999999861e-01	-1.372655361000000074e+00	-8.113766984000000404e-01	5.491593650999999909e-03	-1.108506932000000056e+00	1.882111799000000044e-02	-1.143341095999999973e-01	-3.700364509999999885e-01	8.532769938999999748e-02	-9.555455828000000151e-01	-5.010033001000000485e-01	8.356797040000000232e-01	-3.848579145000000090e-01	2.523702910000000244e-01	-3.090824991000000188e-01	1.030294236999999974e-01	-7.866210474000000508e-01	-9.565532139000000322e-01	-1.824535247000000027e+00	-2.771789852000000054e-01	-2.287598804000000041e-01	-2.431662151999999910e+00
-6.356454389000000260e-01	1.123778753999999935e-01	-4.534307342000000185e-01	-1.318809458000000101e-01	1.554517219000000061e-01	-6.084005032999999507e-01	-3.233280145999999911e-01	-5.386108341999999993e-01	5.373904127999999947e-01	6.870874934999999795e-01	-8.255233364000000296e-02	6.269529324999999487e-01	-6.324157714999999458e-01	-7.132358528000000142e-01	-9.249246924999999786e-01	1.768405791999999865e-01	-1.099085123999999913e+00	3.072581122999999970e-01	-8.603582142000000266e-01	-6.786269735000000081e-01	-2.891044150000000035e-01	2.203098890999999893e-01	-1.479813483999999901e-01	4.834779585000000268e-01	3.076847207999999778e-01	8.443565653000000282e-01	-7.235627273000000415e-01	-9.226829447000000073e-01	2.295641535000000066e-01	2.956799290000000080e-01	3.311905991999999910e-01	3.687979632999999757e-01	-1.771453417000000030e+00	-5.514297382999999719e-02	-2.061083004999999968e+00	-1.553242182000000027e-01	4.206395316000000051e-01	-1.590771691000000043e+00	-7.006300442999999767e-01	1.846424771999999881e-01	-1.155948294999999959e+00	1.055288726000000038e-01	1.929052672999999885e-01	-4.811245774999999836e-01	2.859598901000000026e-01	-8.680251834000000111e-01	-6.039064183000000252e-01	6.291421605000000472e-01	-3.425112822999999973e-01	4.301956784000000034e-01	-7.348140537999999777e-01	-2.681317785999999814e-01	-1.417353737000000002e+00	-7.793376950999999497e-01	-2.295508410000000055e+00	-7.334777717000000308e-02	-4.754660421000000275e-02	-2.550011609999999873e+00
-7.082394869000000481e-01	2.957761428999999831e-01	-5.280667905000000495e-01	-1.526915199999999972e-01	4.353366163999999872e-02	-6.538108666999999929e-01	-5.428295937999999543e-01	-6.517501821000000195e-01	4.038340718999999801e-01	6.744089221000000300e-01	-2.286851346999999868e-01	4.149710636999999758e-01	-5.919930131999999734e-01	-8.156925988000000016e-01	-5.732099093000000423e-01	4.965072734999999987e-02	-1.258950443000000030e+00	9.370058548000000098e-02	-1.079392670999999915e+00	-8.083614609000000506e-01	-5.079433250999999538e-01	1.926576667999999881e-01	-3.557990589999999731e-01	3.137371930000000253e-01	5.086967715000000334e-01	8.224169183999999744e-01	-7.381286691999999761e-01	-1.067392689999999922e+00	6.040503965000000308e-01	3.758259238000000169e-01	2.570501183000000189e-01	6.094839854000000390e-01	-2.287649710000000169e+00	-2.891926643000000130e-01	-1.893938096999999932e+00	-1.174845587999999996e-01	7.810934470000000518e-01	-1.306465940999999908e+00	-5.430020787999999543e-01	3.782533546999999885e-01	-1.375528255000000089e+00	5.949785323999999820e-01	4.409948029999999908e-01	-1.920511188000000036e-01	7.476886216000000474e-02	-6.434441204999999941e-01	-8.170856158999999508e-01	6.223132989999999864e-01	-2.313851067000000095e-01	8.182455846999999727e-01	8.408685019000000302e-03	5.189375648999999986e-03	-7.802854002000000344e-01	-7.681369207999999560e-01	-2.002469339000000126e+00	-7.726579211999999586e-02	-5.161488448000000062e-01	-2.545939032000000157e+00
-6.778790443000000110e-01	5.204510077999999762e-01	-3.788972901000000060e-01	-1.651720352999999919e-01	8.655350222999999565e-02	-6.623310295000000014e-01	-4.531360430999999966e-01	-4.580861164999999735e-01	2.582775132999999834e-01	5.346905280000000538e-01	-1.603321610000000008e-01	2.974097803999999901e-01	-3.108112156000000237e-01	-6.935887974000000122e-01	-1.702836249999999940e-01	-1.206677335999999934e-01	-1.074047865999999907e+00	1.944882180999999918e-02	-1.096189952000000023e+00	-8.783882653000000262e-01	-6.224276584000000279e-01	2.665747458000000125e-01	-3.072903425999999882e-01	7.418824580999999752e-01	3.379261795999999873e-01	7.026953519999999953e-01	-4.382355781999999755e-01	-9.196291758000000316e-01	1.064435234000000063e+00	3.008103317999999970e-01	3.037062209999999984e-01	4.655995473000000273e-01	-1.341184098999999907e+00	-5.331413289999999972e-01	-2.112696611000000058e+00	4.256002301999999848e-01	8.267947436000000483e-01	-1.424247215999999927e+00	-2.617885649999999731e-01	4.005156731000000109e-02	-1.691898722999999993e+00	1.230968749000000084e+00	2.042715072000000076e-01	7.204251578000000489e-01	-3.757963270999999938e-01	-5.241505172999999518e-01	-6.625884219000000019e-01	3.001625557000000000e-01	-1.683451166999999915e-01	3.939093797000000133e-03	6.091879727999999911e-02	-2.283794341999999949e-02	-1.099274964999999993e+00	-4.678852179999999916e-01	-2.110385368999999844e+00	1.192303106000000001e-01	-4.936346159000000178e-01	-2.701417301999999854e+00
-6.884435137000000093e-01	2.307493264000000099e-01	-4.701060803000000066e-01	-1.279478118000000053e-01	1.070981414999999937e-01	-5.993127781000000542e-01	-4.691918259000000258e-01	-5.645048403000000325e-01	5.221412699999999907e-01	5.928390112000000434e-01	-3.576846231999999959e-01	3.332901883000000121e-01	-3.060772068000000012e-01	-9.580668278999999732e-01	-3.243336726000000114e-01	-7.052516246999999960e-02	-9.504103485999999545e-01	5.659356551999999985e-01	-6.670384244000000518e-01	-6.236307975999999531e-01	-1.544928969000000096e-01	3.832538993000000199e-02	1.399609336000000037e-01	3.689466952000000077e-01	9.631611789999999784e-01	6.982444111000000175e-01	-6.620747154999999662e-01	-7.244265554000000051e-01	2.264446393000000002e-01	2.307008073000000048e-01	8.425494717000000522e-01	7.564423935999999848e-01	-2.152117801000000163e+00	4.121874253999999738e-01	-1.887236726000000031e+00	5.079664997999999709e-01	3.661328332000000074e-01	-1.038165704000000078e+00	-2.657453171999999975e-01	-7.554798700999999783e-02	-1.166628202999999919e+00	5.685097873000000135e-01	6.214312521999999506e-01	9.513877896000000334e-02	-1.498432543999999970e-02	-2.986010768999999843e-01	-1.143442974000000029e-01	4.499232713999999911e-01	-3.263538648000000042e-01	-2.234634853999999837e+00	-3.318464537999999964e-01	3.267647578000000275e-01	-1.559357305000000027e+00	-8.766515902999999499e-01	-2.087728695000000023e+00	1.332281412000000109e-01	-1.340050844000000019e-01	-1.626037557000000078e+00
-7.074964682000000060e-01	2.135133911000000051e-01	-3.259748143999999792e-01	-2.425249525000000017e-01	4.914269012999999964e-02	-6.023038867000000129e-01	-6.388083141999999492e-01	-2.372585514999999978e-01	6.502888392000000239e-01	7.091191182999999620e-01	-1.293323506000000067e-01	5.567080101000000392e-01	-1.174137757000000004e-01	-9.206756516999999862e-01	-4.595876745999999957e-01	-1.290041701999999901e-01	-8.785066227000000172e-01	1.088692547999999954e-01	-7.598353785000000471e-01	-5.164913634000000142e-01	-2.336196144000000086e-01	1.590237481999999883e-02	-1.255887940000000036e-01	1.889866879000000055e-01	5.215894086000000263e-01	6.601550193999999872e-01	-4.010267390000000209e-01	-6.672492960999999445e-01	1.440990327999999987e-01	3.853604199999999813e-01	6.888168271000000287e-01	6.078877070000000549e-01	-1.240816082000000042e+00	5.652848408999999741e-01	-1.772099061999999892e+00	3.979049190999999763e-01	3.576844109000000271e-01	-1.324237297000000035e+00	-1.979386777000000097e-01	2.699238299000000230e-01	-1.061995513000000058e+00	3.771413096999999826e-01	6.033031487000000137e-01	7.067758938000000546e-01	4.945575155999999972e-01	-1.500566145999999990e-01	5.616186185000000552e-01	5.489084808999999954e-02	-8.758428137000000280e-02	-1.691682780999999913e+00	-6.623831805000000017e-01	-4.272977649000000294e-02	-1.205237251000000009e+00	-8.647773734000000490e-01	-1.735132834999999929e+00	-3.137511582000000049e-02	4.752209797999999985e-01	-1.760407908999999993e+00
-9.631639923999999464e-01	3.714210513999999796e-01	-7.282788782000000349e-01	-3.675760096999999837e-01	-4.979836356999999825e-01	-7.670085891000000267e-01	-9.908614271000000251e-01	-6.594618159999999785e-01	6.100315875999999804e-01	7.987242773999999601e-01	-4.384746563999999958e-01	7.601884093999999870e-01	-5.725036534999999871e-01	-1.212717672999999996e+00	-4.700780379999999758e-01	-2.634003025000000026e-02	-9.050873046999999838e-01	5.278342967000000385e-01	-5.424202556999999647e-01	-3.949917157000000234e-01	-5.880272867000000403e-01	-1.505574433999999906e-01	-3.612218338999999973e-02	-9.159164716999999845e-02	6.267690780000000350e-01	7.601341457000000412e-01	-6.387078631000000506e-01	-5.407007199000000153e-01	1.837866592000000077e-01	8.102755820999999470e-01	8.916080065000000499e-01	9.410599768999999837e-01	-1.425085291999999892e+00	2.083571773000000016e-01	-1.696344448000000060e+00	4.925332888000000242e-01	2.392737104000000059e-01	-8.571387901000000475e-01	-1.442703037999999993e-01	4.148016554999999772e-01	-1.018890668000000055e+00	1.261913537999999946e+00	4.054764880000000238e-01	6.242323971000000027e-01	2.471958495999999894e-01	4.411834285999999619e-03	5.974742570000000086e-01	-6.827371107999999911e-01	-6.916239765999999678e-01	-7.340275305000000250e-01	-5.469252342999999517e-01	3.034488862999999981e-01	-1.186689117000000016e+00	-1.220139225999999910e+00	-8.881867614999999772e-01	-5.111322155999999950e-01	4.163993275000000271e-01	-2.208792943000000175e+00
-9.647903300000000293e-01	2.204144537000000126e-01	-1.244571953999999980e+00	-6.719973531999999805e-01	-6.826520789000000144e-01	-1.566085948000000005e+00	-1.128701594000000030e+00	-8.956321954000000529e-01	1.470400045999999961e+00	1.650857384000000039e+00	-1.202077339999999994e+00	1.639636902999999979e+00	-1.063487194999999996e+00	-1.468763172999999922e+00	-6.734860990000000047e-01	-2.735270027000000215e-01	-1.381964328000000020e+00	8.842981865000000274e-01	-2.278193840000000137e-01	-8.817573008000000045e-02	-4.553611150999999913e-01	-5.752449732000000093e-01	-9.660171571999999832e-03	7.694106185000000320e-01	3.622481518999999817e-01	7.882244223000000050e-01	-8.642291640999999469e-01	-7.824065903000000377e-01	6.655552400000000479e-02	7.375180436999999589e-01	1.002385813000000070e+00	9.112175326000000464e-01	-1.392856823000000022e+00	1.193867435000000032e+00	-1.484460070999999992e+00	9.846539083999999997e-01	1.008724203000000014e-01	-6.596271103999999941e-01	-1.912183861000000054e-02	7.337955782999999732e-01	5.306598447000000079e-02	7.503335213999999809e-01	-1.084278936999999998e-01	-9.938038701000000141e-02	1.442485206000000131e-01	9.538734806000000177e-02	7.098740526000000273e-01	-1.347019155999999995e+00	-8.870861214999999911e-01	-5.909184388999999538e-01	-1.432773295000000058e+00	4.932398445999999770e-01	-1.226966561000000011e+00	-5.733079282999999915e-01	-1.032100559999999945e+00	-2.016555569000000048e-01	3.526502311999999972e-01	-2.518918824000000001e+00
-1.016245756000000000e+00	3.625551340000000011e-01	-1.501601334000000065e+00	-8.913279007000000087e-01	-8.014304301000000352e-01	-1.676834240000000031e+00	-1.226350245999999977e+00	-1.618869212999999974e+00	1.780019626999999938e+00	1.879255389999999970e+00	-1.608896550999999953e+00	1.902368645999999996e+00	-1.557563314999999893e+00	-1.880860350000000070e+00	-1.089467372999999961e+00	-3.284614824000000044e-01	-1.746293303000000074e+00	1.073923718999999943e+00	-5.179581454999999668e-01	-2.097290481000000095e-01	-7.703611243000000330e-01	-6.816652372999999487e-01	3.651215172999999758e-01	7.871380562999999997e-01	9.756672108000000176e-02	7.500942147000000393e-01	-7.907270359000000415e-01	-7.054455930999999902e-01	4.348359137000000207e-01	7.792344051999999799e-01	4.348456104999999794e-01	9.298626533999999610e-01	-1.811930561999999911e+00	2.467108051999999940e-01	-1.787455704000000090e+00	7.244962316999999929e-01	6.081781461999999916e-01	-5.536054239000000043e-01	1.003317920000000030e-01	8.208854653999999584e-01	-3.343212441999999784e-01	1.072721795999999950e+00	-4.500825068000000040e-01	-9.014760734000000220e-01	9.621782415000000588e-02	3.833148786000000197e-01	2.761208001000000078e-01	-1.400455959000000083e+00	-8.403725271999999968e-01	-1.634671568999999935e-01	-6.249174034000000155e-01	5.180417659999999591e-01	-1.095058287999999935e+00	-5.324118692999999514e-01	-9.603210344999999482e-01	-7.339273858000000539e-02	-6.019678558000000207e-02	-2.344819721999999995e+00
-1.059857526000000050e+00	5.467091203999999705e-01	-1.787408466999999890e+00	-1.047010500000000066e+00	-1.069806527999999979e+00	-2.317175531000000177e+00	-1.442717275999999993e+00	-1.580863546000000008e+00	2.379734802999999843e+00	2.380019748000000046e+00	-1.833161486999999923e+00	2.712250291999999785e+00	-1.715689253000000081e+00	-1.930180495999999968e+00	-1.830655348999999932e+00	-5.498190640000000240e-01	-2.373185249000000052e+00	5.866427959000000136e-01	-6.484967471999999455e-01	-2.334636431000000067e-01	-7.289399159999999656e-01	-1.367595906000000028e+00	1.044306103000000041e+00	1.116540290000000102e+00	-7.727304874000000545e-01	5.568713255999999667e-01	-3.180469852000000208e-01	-4.790530168000000089e-01	7.092394281999999661e-01	8.352054027999999963e-01	-4.477995633999999892e-01	8.624649625000000430e-01	-5.934797013999999482e-01	9.562042322999999566e-01	-1.639646077000000091e+00	7.534673539999999781e-01	1.432730602999999991e+00	-1.069658943999999945e+00	5.920855369999999951e-01	1.349394592999999976e+00	4.547310761000000201e-01	5.518108413000000212e-01	-1.093575930999999946e+00	-2.017462212999999949e+00	3.583483996999999865e-01	2.510652221999999933e-01	9.537991027000000677e-02	-1.588704077999999908e+00	-5.322296019000000156e-01	-6.490774020999999783e-01	-8.077066590999999462e-01	2.443189929000000038e-01	-1.531064446000000023e+00	1.910721464000000036e-01	-1.607450459999999914e+00	6.119727613000000011e-01	-3.216728509999999819e-01	-2.040770004000000082e+00
-1.381387251000000038e+00	9.816541188999999834e-01	-2.156633020000000123e+00	-1.464028746000000103e+00	-1.853192810999999995e+00	-2.435671271999999998e+00	-1.572457390999999927e+00	-2.742736696999999779e+00	2.639261786000000054e+00	2.989309411999999888e+00	-2.528517636000000124e+00	3.222504919999999995e+00	-2.454732177999999987e+00	-2.435201034999999958e+00	-2.128540613000000192e+00	-6.497734239000000356e-01	-2.679706197999999873e+00	1.449069246000000089e+00	-2.299783832000000139e+00	-1.079641869999999892e+00	-2.399732784999999868e+00	-1.285504756999999998e+00	1.405010451999999965e+00	1.774409635999999901e+00	-1.302683642000000086e+00	7.405494402000000198e-01	-1.915979633000000071e-01	-8.436811057999999974e-01	2.195706797999999793e+00	2.012820608999999816e+00	-5.585579514999999828e-01	3.795887211999999789e-01	-1.920978368999999963e+00	-1.731335274999999951e+00	-2.721775459999999924e+00	1.152686874000000028e+00	1.496684300999999939e+00	-1.590606702999999955e+00	1.863242698000000086e+00	2.341912471000000107e+00	-1.390608247000000075e+00	3.189902174999999840e+00	-2.663231269000000179e+00	-2.424623158000000167e+00	8.999992441999999926e-01	1.433553209999999911e+00	-3.683441070999999845e-01	-1.597477411000000069e+00	-1.379913809999999907e+00	-4.344934615000000111e-01	4.359615497000000062e-01	5.403696935999999784e-01	-2.189525316000000110e+00	-6.696599797999999715e-02	-4.061180951999999733e-01	1.024186672999999992e+00	-6.604306334999999750e-01	-1.480014788000000081e+00
-1.582628519000000011e+00	5.894844469000000142e-01	-2.728041635999999937e+00	-1.617354842999999986e+00	-2.214701520000000201e+00	-3.282946877000000097e+00	-1.497533232000000103e+00	-2.705663289999999943e+00	3.588442183999999813e+00	3.324887282999999805e+00	-3.173594281999999822e+00	3.944148370000000181e+00	-2.543767934999999980e+00	-2.448784371999999987e+00	-1.937021679999999968e+00	-9.064847281000000256e-01	-2.680043126999999803e+00	1.614915687999999960e+00	-2.434089638999999972e-01	-7.555331668000000445e-01	-1.771368319000000024e+00	-1.857229640999999987e+00	1.781133947000000051e+00	2.267460507000000014e+00	-5.858306081999999915e-01	7.128691166999999718e-01	-1.772971355000000082e-01	-1.126088823999999988e+00	1.258866867999999917e+00	1.678620334000000103e+00	-1.321542122999999902e-01	6.759391832000000155e-01	-1.217771466000000080e+00	1.150788391999999938e+00	-2.632773418000000198e+00	2.813832670000000036e+00	9.811143590999999997e-01	-1.158221286000000072e+00	1.960703368999999974e+00	2.050662313000000125e+00	-5.842082493999999765e-02	2.162271899999999913e+00	-3.020359007999999790e+00	-2.827399473999999913e+00	6.344828036999999865e-01	1.327272288999999938e+00	-6.899688057999999735e-01	-1.471822506999999947e+00	-1.337774448000000005e+00	-1.536537395999999944e+00	-7.770653659999999796e-01	1.086006852999999994e+00	-1.614013181000000019e+00	-1.917212976999999874e-01	-1.033199377999999946e+00	1.123933505000000110e+00	-1.222262140999999941e-01	-9.238396795000000106e-01
-1.715189515999999914e+00	7.834620244000000122e-01	-3.125145831000000207e+00	-1.791654478999999967e+00	-2.517069852000000107e+00	-3.293371216999999795e+00	-1.443680840000000076e+00	-3.576097433000000159e+00	4.042948628000000433e+00	4.317015057999999961e+00	-3.669205674000000084e+00	4.412435364000000249e+00	-3.526578236999999838e+00	-3.150682458999999991e+00	-2.999225113000000054e+00	-1.113629717000000019e+00	-2.871944540999999962e+00	2.759712894000000194e+00	-2.554448524000000109e+00	1.300224191999999925e-02	-2.328040035999999979e+00	-2.384080178000000050e+00	2.498267677999999936e+00	2.504604366000000137e+00	-1.891325463000000040e+00	1.069976059999999896e+00	1.002586060000000036e-02	-1.560407271000000096e+00	1.882552044999999952e+00	2.233972474999999847e+00	-3.453189461000000238e-01	5.350256686000000039e-01	-1.907564495999999998e+00	-1.399483827000000125e-01	-3.023463785000000126e+00	3.111031790999999824e+00	1.095646896999999953e+00	-1.792421703999999893e+00	2.816626751999999900e+00	2.700572701000000020e+00	-3.133765169000000128e-01	2.185887784999999806e+00	-3.378452986000000102e+00	-2.873002902000000081e+00	8.852451692999999677e-01	2.201321628000000086e+00	-1.165160301000000009e+00	-1.507897499000000030e+00	-5.025418023000000067e-01	-1.734833789999999931e+00	1.455163235999999971e-01	9.181976775000000313e-01	-2.970530330999999968e+00	-3.858437644000000111e-01	-2.518002449999999781e-01	1.597705281999999949e+00	-2.109403029999999957e-01	-6.075088604999999697e-01
-2.038444111000000003e+00	1.529179268999999897e+00	-3.612653993999999980e+00	-2.223188810999999987e+00	-2.944122844999999877e+00	-3.772712803000000115e+00	-1.435982083999999936e+00	-4.240707015999999996e+00	4.678521246999999939e+00	4.834812361000000003e+00	-4.307166686000000411e+00	5.281620085000000131e+00	-3.419052685000000036e+00	-3.203871165999999882e+00	-3.504408632000000079e+00	-7.350851590000000435e-01	-3.294504442000000033e+00	2.905133812999999954e+00	-1.713624395999999939e+00	-7.495341532999999501e-01	-2.014731704999999984e+00	-2.880756643999999866e+00	2.994611150999999971e+00	3.334433527999999924e+00	-1.774837790000000082e+00	1.225597610999999976e+00	-8.200372548999999844e-02	-2.086294064000000059e+00	2.833076417000000014e+00	2.595224390999999908e+00	-1.291963506999999955e+00	-1.057689170999999984e-01	-2.792420136000000053e+00	-9.648039873999999516e-01	-2.938780372000000085e+00	4.130678586000000152e+00	1.131616152000000097e+00	-2.156842609999999993e+00	3.249044907000000038e+00	2.920299697999999999e+00	-7.140656169000000331e-01	3.416979275000000094e+00	-3.697360724000000154e+00	-2.489833002000000128e+00	1.426250528000000128e-01	2.590863699999999881e+00	-1.407977620999999901e+00	-7.538346636999999628e-01	-5.259540766000000422e-01	-1.851959715000000006e+00	1.735542075000000017e-01	9.371766178999999530e-01	-2.631799432000000216e+00	-5.732463403000000179e-02	-1.906102291000000060e+00	2.312908388999999953e+00	-9.805777606000000146e-01	1.641862195000000080e+00
-2.036619453000000135e+00	1.242045293999999966e+00	-3.560234606999999940e+00	-2.220756892999999899e+00	-2.904441647000000071e+00	-3.915778170999999919e+00	-1.481559864000000060e+00	-3.766213136000000183e+00	4.753118588999999616e+00	4.531932712999999779e+00	-4.120518195999999911e+00	5.153104090000000248e+00	-3.177729915000000016e+00	-3.114797271000000034e+00	-3.252536033000000160e+00	-6.753585251000000511e-01	-3.213535342000000128e+00	2.987650165999999885e+00	-1.078623930000000009e+00	-6.388195300000000243e-01	-2.056837375000000190e+00	-2.787517271000000019e+00	2.529776041999999947e+00	3.045153330999999852e+00	-1.487988418999999896e+00	8.839351828999999494e-01	-2.398349860000000000e-01	-2.510743263000000169e+00	2.001641010000000165e+00	2.490049672000000047e+00	-1.218669715000000098e+00	5.373743304000000442e-01	-1.974624193999999999e+00	6.183372901000000477e-01	-2.460117063000000215e+00	4.030984554999999858e+00	1.150891520999999917e+00	-1.625074295999999974e+00	3.002855115000000019e+00	2.416151751000000125e+00	-1.859258618999999890e-01	2.462139658999999980e+00	-3.101755129999999916e+00	-2.788480874999999859e+00	1.148610755000000067e-01	2.219357562999999978e+00	-1.457720225000000092e+00	-7.131593602000000365e-01	-3.003540792000000126e-01	-2.164699418000000097e+00	-3.526709961999999754e-01	1.380481795999999983e+00	-2.712205507000000182e+00	-2.502790301999999745e-01	-1.568451918000000056e+00	1.885860104999999898e+00	-1.004400022000000003e+00	7.583850323999999921e-01
-2.026666323000000158e+00	1.342790281999999946e+00	-3.493808758000000125e+00	-2.106103152999999839e+00	-2.860057652000000061e+00	-3.747531162000000027e+00	-1.344573376000000042e+00	-3.685223151999999835e+00	4.449521795999999974e+00	4.525421009000000439e+00	-3.826795903999999915e+00	4.907189607000000287e+00	-3.170401436000000128e+00	-2.975170245999999796e+00	-3.372953867000000105e+00	-5.007693884999999678e-01	-3.133029228999999916e+00	2.821687075999999905e+00	-1.522354525999999986e+00	-5.923102800999999751e-01	-1.834552495000000061e+00	-2.646982873999999875e+00	2.416451660999999973e+00	3.357597392000000180e+00	-1.358952087999999891e+00	1.088954626999999897e+00	-2.649204356000000038e-01	-2.585605687999999791e+00	2.356589408000000052e+00	2.420623375999999993e+00	-9.197688238000000238e-01	4.212560497000000237e-01	-2.128277102000000198e+00	2.852215800999999828e-01	-2.283984173999999978e+00	3.883495550000000129e+00	1.451690163999999950e+00	-2.117284048999999779e+00	3.027430960999999865e+00	2.614567475999999946e+00	-3.818942623000000092e-01	2.647498424000000128e+00	-3.178277280000000093e+00	-2.671776513000000186e+00	-9.727826789000000585e-02	2.415900242999999836e+00	-1.575560091000000051e+00	-6.470943910999999993e-01	-2.400349455999999937e-01	-2.043732517000000026e+00	-2.512739119000000076e-02	1.120871415000000093e+00	-2.693639592999999888e+00	3.404339122000000217e-01	-1.278957606999999941e+00	1.611383913999999917e+00	-8.971415806000000437e-01	1.071989081999999982e+00
-2.077773435000000113e+00	1.458291189999999959e+00	-3.406520548000000037e+00	-2.212404836000000152e+00	-3.075254118999999786e+00	-3.821772456999999790e+00	-1.471804361000000005e+00	-3.590713329000000176e+00	4.419430042000000114e+00	4.395649011999999800e+00	-3.908825569999999860e+00	4.850509585000000179e+00	-2.906637627999999918e+00	-3.130248346000000126e+00	-3.074611071000000084e+00	-5.873909161999999462e-01	-3.338212852999999924e+00	2.932668302999999810e+00	-1.119161563000000026e+00	-2.779156065999999758e-01	-1.741941964000000009e+00	-2.299007893000000191e+00	2.307567638000000088e+00	2.990913266000000181e+00	-1.069405262999999939e+00	9.762414895000000037e-01	-7.436336979999999541e-02	-2.751900022000000057e+00	1.988868942000000084e+00	2.307253042000000143e+00	-8.041398871999999587e-01	7.469217465999999916e-01	-2.936600573999999853e+00	6.484682878999999955e-01	-2.576595091999999809e+00	4.283079952999999662e+00	1.121574657000000030e+00	-1.410402276999999982e+00	2.624062095999999844e+00	2.252198227000000053e+00	-1.225292951000000047e-01	2.435255131999999989e+00	-2.211088227999999933e+00	-2.345107066999999823e+00	-7.996384755999999538e-02	2.116273226000000118e+00	-1.595532455000000072e+00	-4.007396592999999951e-01	-1.786541872000000086e-01	-1.332339044000000028e+00	-6.464952621999999760e-01	1.421486028999999984e+00	-2.531197232999999880e+00	-6.371151100999999928e-02	-9.616294507000000547e-01	1.281577324999999989e+00	-1.093234309000000071e+00	7.851332390999999911e-01
-2.230478866999999976e+00	1.582542329000000025e+00	-4.221357446999999929e+00	-2.470537820000000107e+00	-3.340651158000000009e+00	-4.266623141000000174e+00	-1.548179482999999967e+00	-4.557814805999999663e+00	5.215767723999999994e+00	5.030218012999999821e+00	-4.597017456999999752e+00	5.463666704999999624e+00	-3.565349621999999830e+00	-3.747369372000000087e+00	-3.817681639999999987e+00	-2.786943427999999945e-01	-4.057282965999999824e+00	3.945496077000000046e+00	-1.629946308999999927e+00	-1.248760628999999955e+00	-1.983917602000000002e+00	-2.838902950000000036e+00	2.523390339000000093e+00	3.255347689000000155e+00	-1.185263020000000056e+00	1.583328682000000098e+00	2.396734235000000102e-01	-2.703859072999999835e+00	2.366781698000000045e+00	3.113059128000000175e+00	-1.998103192000000083e+00	6.250117540999999832e-01	-2.318266046999999830e+00	-4.305956981999999877e-01	-2.506812651999999808e+00	5.092263356000000130e+00	1.952542148999999894e+00	-2.231568973999999983e+00	3.878611114999999998e+00	2.861808407999999915e+00	-8.548166254000000297e-01	3.375779429000000054e+00	-2.845920286000000132e+00	-2.912633399000000178e+00	5.004917338999999993e-02	1.952190011999999975e+00	-1.712904817999999940e+00	-1.250023088000000060e+00	-2.014536641000000128e-01	-9.478769544999999797e-01	1.492909693000000093e+00	9.862996636999999955e-01	-2.694802708000000102e+00	-1.289117548999999974e+00	-2.382407710999999928e+00	1.456725167000000098e+00	-1.900941851000000016e+00	8.884763368000000439e-01
-2.084015432000000168e+00	7.122014466999999627e-01	-4.044588363999999991e+00	-1.787146781999999989e+00	-2.688453634000000037e+00	-3.364011617000000065e+00	-1.255982359000000104e+00	-4.146819795999999947e+00	4.877086515000000233e+00	4.924865735000000022e+00	-4.120235065000000141e+00	4.734187835000000177e+00	-4.293856417999999842e+00	-4.066252666999999654e+00	-3.276322970999999917e+00	-4.665387646999999971e-01	-3.127019999999999911e+00	3.570198679000000208e+00	-1.098792384000000011e+00	-9.788298802999999548e-01	-2.651413799000000182e+00	-3.416478667999999885e+00	1.822906161999999997e+00	3.677708568999999983e+00	-1.209243464999999906e+00	1.523288785999999950e+00	3.617685354999999880e-01	-2.092580131000000065e+00	1.223993810999999932e+00	2.363418939999999857e+00	-1.286896209000000013e+00	4.576963438000000162e-01	-1.475972977000000075e+00	4.412768036999999977e-01	-2.316610959000000136e+00	4.410427197999999827e+00	1.627494760000000040e+00	-2.135798057000000139e+00	3.338538176000000135e+00	2.413422229000000030e+00	-2.804881357999999825e-01	2.031395473999999979e+00	-4.026458901999999895e+00	-2.874706438000000031e+00	1.298348223000000135e-01	1.991915059999999960e+00	-2.108003484000000149e+00	-1.739673537999999908e+00	-7.745399459999999792e-01	-1.255014988999999970e+00	1.793925726000000109e+00	1.133350201000000057e+00	-1.874844157999999927e+00	-6.466080871999999591e-01	-4.771141120999999874e-01	1.128040662000000083e+00	-1.111863019000000063e+00	4.535230064999999922e-01
-2.135024292999999851e+00	1.281313869000000105e+00	-3.650597669999999795e+00	-2.203010604000000150e+00	-2.941845484999999982e+00	-3.704616115999999959e+00	-1.343834232000000073e+00	-4.120524353000000417e+00	4.889074586999999639e+00	4.779801476000000271e+00	-3.927405960000000196e+00	5.006186231000000042e+00	-3.578718378000000033e+00	-3.792478796999999791e+00	-3.436192010000000074e+00	-6.419263443999999597e-01	-3.671052539000000170e+00	3.792790495999999845e+00	-1.710246399999999944e+00	-1.018226979000000032e+00	-2.557983386000000081e+00	-2.665468269999999862e+00	2.035239718999999781e+00	4.209726481999999770e+00	-1.938451377999999892e+00	1.079214429999999947e+00	-1.466553298000000116e-01	-2.931938559999999860e+00	2.126485216999999928e+00	2.189833593999999994e+00	-1.498309139000000068e+00	-1.028881883999999969e-01	-2.031227592000000026e+00	-8.524084267999999520e-01	-2.349838220000000089e+00	3.717850097999999992e+00	2.266183460000000149e+00	-2.017119870999999787e+00	3.585829402999999971e+00	2.945369603000000058e+00	-9.934431954000000342e-01	2.088426885000000066e+00	-3.498947434999999828e+00	-2.894680004000000029e+00	-1.144959554000000018e-01	1.890366933999999999e+00	-2.072776084000000019e+00	-7.646404284000000162e-01	-8.674316025999999624e-01	-3.734146061999999988e-01	1.438195507999999956e+00	5.138749049999999929e-01	-1.835381064999999978e+00	-2.339168735000000110e-01	-1.030063222999999972e+00	1.231780002999999901e+00	-1.678384144000000022e+00	8.920244040000000485e-01
-1.871295232000000031e+00	1.051115644000000016e+00	-3.302501192999999891e+00	-1.905981490999999917e+00	-2.516630108000000199e+00	-3.451738152999999976e+00	-1.404062378000000111e+00	-3.367427646999999968e+00	4.062800539000000377e+00	3.500869817999999967e+00	-3.489250745000000098e+00	3.826286608000000200e+00	-3.042592868999999922e+00	-3.002076773000000198e+00	-2.634885002999999948e+00	-2.801185513000000182e-01	-3.108824145999999899e+00	2.944996406000000011e+00	-7.973677998000000544e-01	-9.042482813000000119e-01	-1.830123245000000010e+00	-2.269962469999999843e+00	8.437469417999999832e-01	2.819984797000000043e+00	-4.828856465999999958e-01	8.955251962000000399e-01	-6.873772227000000123e-01	-2.294613835999999907e+00	1.131812245000000106e+00	2.674898769999999981e+00	-7.528202756999999856e-01	7.428246022000000170e-01	-2.044102434000000024e+00	3.323474322000000147e-01	-2.720549741000000132e+00	3.670387416000000069e+00	8.445289527999999546e-01	-1.108218646999999946e+00	2.406102703000000176e+00	1.934418530999999941e+00	-4.932004012000000270e-01	2.534173330999999862e+00	-3.182860369000000134e+00	-2.207764490000000190e+00	6.219514268000000401e-01	1.766815593000000018e+00	-1.976409585000000080e+00	-7.444757730000000073e-01	-8.649441667999999694e-01	-6.561804881999999672e-02	-1.018089244999999905e-03	1.718794815000000087e+00	-1.950717970999999995e+00	-1.102480086999999997e+00	-1.079249496000000086e+00	6.400117050000000418e-01	-1.546184006000000055e+00	3.670828931000000295e-02
-1.752132586000000103e+00	1.458617746999999909e+00	-2.100877544999999902e+00	-1.403569607000000108e+00	-2.368202385000000021e+00	-2.342634576000000024e+00	-1.409506345000000049e+00	-1.669913631000000009e+00	2.609673131000000090e+00	2.421179930000000091e+00	-2.043068526999999968e+00	2.295422615000000111e+00	-1.719222111999999969e+00	-1.727402853000000071e+00	-1.717709653000000003e+00	-5.169456431000000185e-01	-2.357722046000000127e+00	1.342792444000000085e+00	-6.532160804000000098e-01	5.695266856999999655e-02	-9.710518195999999769e-01	-1.339132897999999905e+00	-2.399178223000000137e-02	2.529650029999999994e+00	-2.760021290999999932e-01	1.001168424999999917e+00	-3.896332887999999772e-01	-1.633730522000000018e+00	6.068068853000000429e-01	1.923962713000000102e+00	-3.167292917000000263e-02	4.985030912999999786e-01	-6.118336350999999951e-01	9.292489338999999626e-01	-2.053788657000000129e+00	1.834350354999999988e+00	7.169813561000000224e-01	-1.166439428999999972e+00	1.175568710000000072e+00	1.636217054000000060e+00	3.607709611000000094e-01	1.504662804000000076e+00	-1.943849181000000037e+00	-1.336172590999999965e+00	9.195881200000000089e-01	1.231991040000000037e+00	-1.687815567999999988e+00	1.978722434000000086e-01	-7.315207147000000187e-01	3.008120150999999964e-01	-8.984112457999999801e-01	1.130068636000000071e+00	-1.015398548999999928e+00	-9.926042547000000216e-01	-1.065958678999999965e+00	4.624109156000000276e-01	-7.761184561999999731e-01	-1.764233791999999967e+00
-1.682034403000000067e+00	1.453020623000000011e+00	-1.692546791999999911e+00	-1.038934757999999903e+00	-2.289596412999999941e+00	-1.622100958000000093e+00	-1.382390765000000021e+00	-1.521181091999999957e+00	1.677870393000000071e+00	1.977321018000000041e+00	-1.752997098999999892e+00	1.499563522000000093e+00	-1.468604350999999975e+00	-1.261572324999999939e+00	-1.383612663999999937e+00	-6.781072192000000554e-01	-1.904002146999999923e+00	1.421550561999999962e+00	-1.575250197999999990e+00	6.112629997999999842e-01	-3.930820841000000065e-01	-1.290087020000000084e+00	2.271131110999999869e-01	2.071540010000000098e+00	-1.099919089000000044e-01	1.091724603000000071e+00	-7.858379722999999650e-01	-1.179046524000000096e+00	4.678745024000000030e-01	1.764378200999999979e+00	4.919051851999999836e-01	3.399231482000000248e-01	-1.663717898999999889e+00	2.082202780000000086e-01	-2.068799622999999865e+00	1.227358111999999890e+00	2.912270605999999762e-01	-1.150933119000000060e+00	1.030987541000000007e+00	1.293487118000000047e+00	2.247264720999999910e-01	1.902283063999999912e+00	-2.113983543999999881e+00	2.475402213000000018e-01	6.346087582999999643e-01	1.705258995999999971e+00	-1.551735373000000084e+00	3.224344901000000263e-01	-4.770361720999999888e-01	-1.915255214999999900e-01	-1.564015248000000025e+00	9.098631941000000500e-01	-2.055867187000000040e+00	-6.846338411000000290e-01	4.556164749000000264e-02	3.794100865000000211e-01	-8.544942631999999927e-01	-9.575600294999999651e-01
-1.416610016999999999e+00	1.168180092000000059e+00	-1.333264835999999898e+00	-1.018540210000000057e+00	-1.669352291000000044e+00	-1.544452638999999960e+00	-1.532837803000000054e+00	-1.098938316999999998e+00	1.495105385000000009e+00	1.665590391999999920e+00	-1.452455795000000105e+00	1.237724433999999984e+00	-9.460020004000000426e-01	-8.696906867999999458e-01	-1.215244604000000006e+00	-6.629130930000000088e-01	-1.675111811999999922e+00	1.523781092999999975e+00	-5.314552057000000440e-01	1.705311455000000087e-01	-6.076039197000000502e-01	-8.647661909999999619e-01	5.620096406000000266e-01	1.712245757999999896e+00	8.350094878000000054e-02	8.826087861000000423e-01	-5.180172237000000290e-01	-9.866682704000000470e-01	-3.076127913999999741e-01	1.328658705000000051e+00	7.848003533999999837e-01	3.560450144000000261e-01	-9.092951704999999718e-01	7.023035474000000056e-01	-1.502839558000000020e+00	9.396378985000000128e-01	-1.369169638999999938e-01	-4.578133449999999827e-01	9.297713263000000339e-01	5.907095545999999642e-01	2.003268243999999920e-01	1.016273911999999946e+00	-2.047882404000000101e+00	3.864402296000000181e-01	1.518094620000000061e+00	1.209295588000000032e+00	-1.018027911999999979e+00	3.358195257000000100e-01	-9.605469891000000260e-01	-1.699180731000000000e+00	-1.551617207000000054e+00	1.256694554999999935e+00	-2.188887042000000061e-01	-4.738135224000000201e-01	1.858800210999999869e-01	1.040488845000000051e+00	-5.562207278999999893e-01	-1.394613700999999928e+00
-1.300526378999999899e+00	9.443037424000000346e-01	-1.191419264999999950e+00	-9.042938594999999635e-01	-1.273713007000000008e+00	-1.264604454999999961e+00	-1.402723648999999906e+00	-6.833289116999999857e-01	1.127090890000000067e+00	1.363337024000000008e+00	-9.537930838000000522e-01	9.781331822000000065e-01	-6.247842890999999454e-01	-5.480285777000000191e-01	-8.320486438999999956e-01	-5.279186179000000534e-01	-1.135564851000000042e+00	1.154854660000000033e+00	-9.787762321999999848e-01	8.986283010999999987e-02	-6.359985922999999985e-01	-5.614647707000000043e-01	3.127334346999999792e-01	1.465997980000000034e+00	2.113962742999999922e-01	1.120442732999999969e+00	-4.165093237999999976e-01	-7.177563152000000501e-01	-4.351130852999999798e-01	1.106243255000000092e+00	8.552315648999999631e-01	2.571742268000000164e-01	-5.539681751999999682e-01	8.311330872000000092e-01	-8.010696201000000460e-01	5.849985463000000330e-01	-3.873772587000000045e-01	-4.125732975999999996e-01	8.483594648000000182e-01	3.728291041999999833e-01	-1.362178156999999945e-01	1.507307509999999962e+00	-1.869427912999999997e+00	-5.385088885999999610e-03	1.975824384000000045e+00	1.099274569999999951e+00	-7.547754892000000382e-01	-4.232436113999999971e-01	-1.451306969000000002e+00	-2.033257953000000118e+00	-1.515405667000000012e+00	1.231395545000000036e+00	-5.357332020999999722e-01	2.826103381000000248e-01	3.200597329999999886e-03	8.662839822000000245e-01	-1.046842617999999975e-01	-8.789493455000000344e-01
-1.127652598999999922e+00	9.846268841999999966e-01	-8.352218312000000422e-01	-6.233414202000000515e-01	-9.810664363000000110e-01	-9.133527115999999779e-01	-1.301206630000000031e+00	-4.354222587000000089e-01	6.036866275000000170e-01	1.048127720000000096e+00	-6.103845184999999729e-01	2.432231907999999887e-01	-2.426104223999999976e-01	-4.654819735999999875e-01	-5.835336195000000448e-01	-6.805823237000000470e-01	-9.377855817000000371e-01	5.424205755000000018e-01	-8.751092806000000390e-01	-1.892799799999999866e-01	-4.639473283000000170e-01	-1.679184304999999933e-01	-1.483115318000000071e-01	1.233884809999999943e+00	2.582360823000000027e-01	1.121814378000000056e+00	-1.675367128999999955e-01	-4.682322063000000090e-01	-5.402881051999999795e-02	9.713202581000000002e-01	3.649624496000000162e-01	5.200566493999999595e-01	-8.125479443999999996e-01	-5.929453793000000195e-02	-1.217904732999999934e-01	-2.497047528000000127e-02	-5.093038057000000007e-01	-3.217912721999999920e-02	3.952008770000000060e-01	4.063121505000000244e-01	-1.446145261000000015e-01	1.805347322000000032e+00	-7.683259318999999810e-01	-1.425907970999999996e-01	2.037974134000000159e+00	7.188083163999999803e-01	-6.982102352000000289e-01	-2.460467724000000023e-01	-1.205290100999999892e+00	-1.484669588000000040e+00	-1.168424617000000110e+00	1.225102327999999963e+00	-1.487574634000000118e-01	1.327636483000000034e+00	-3.000771100999999885e-01	9.030722433000000215e-01	-4.503577944000000111e-01	-3.496257155999999977e-01
-6.807774535999999710e-01	1.038507628999999932e+00	-6.121438311000000354e-01	-3.624495000999999883e-01	-9.226021725999999923e-02	-4.375105523999999746e-01	-5.975185629999999470e-01	-1.969290244999999939e-01	2.484370814000000094e-01	6.730032034999999802e-01	-2.118147179000000047e-01	2.046450579000000103e-01	-1.082216314000000040e-01	-2.604726567000000270e-01	-4.555787518000000147e-01	-3.383072035999999949e-01	-5.542134748000000499e-01	3.584079200999999992e-01	-7.190268043999999970e-01	-2.916052659000000213e-01	-2.215679224000000058e-01	-2.093597755999999921e-01	-4.902048200999999800e-02	7.998071978999999887e-01	2.956609500999999862e-01	1.539739887000000085e+00	-5.279864673999999924e-01	-9.692972195000000568e-02	-1.294401919000000012e-01	1.689602025999999979e-01	5.946953833000000189e-02	3.732570715999999900e-02	-1.392178005000000059e-02	2.146413363000000130e-01	3.213522036000000109e-02	-2.016532289000000089e-01	-1.526038314000000007e-01	-3.602005339000000084e-01	-1.023385841999999990e-01	-2.034061269999999921e-01	4.345633561000000061e-02	8.936360635000000219e-01	6.297841282999999679e-01	-2.293062542000000037e-01	1.852102590000000104e+00	-1.171967319000000035e-01	-3.872907367999999795e-01	-7.350801704999999631e-01	-8.416873860000000374e-01	-8.110341160999999521e-02	-3.987089777999999751e-01	1.163591568000000021e-01	-5.845684266999999767e-01	1.132189590000000079e+00	-6.151873084000000214e-01	5.348710100000000356e-01	-4.693871247999999996e-01	-7.940698232000000314e-03
-6.364781804000000376e-01	1.049896026999999954e+00	-4.464675671000000179e-01	-4.346145383999999723e-01	-6.366476730999999500e-02	-2.525600123000000252e-01	-4.026345035000000183e-01	-3.281019028000000115e-01	3.937623212999999955e-01	7.116264541000000277e-01	-3.928196071999999761e-01	3.518316859000000241e-01	-1.998317800999999949e-01	-2.816896807000000003e-01	-8.054985386999999886e-01	-8.283097006999999568e-02	-5.680912202000000244e-01	6.439496813999999736e-01	-9.495101686000000374e-01	-3.522316804000000245e-01	-1.734463356000000012e-01	-1.380227619999999933e-01	-1.123905738000000043e-01	6.227606151000000256e-01	1.058042733000000013e-01	1.450265314999999999e+00	-3.744528515000000168e-01	-7.236556152999999714e-02	3.716162432000000293e-02	3.751557828999999705e-02	-3.841790156000000067e-01	-7.278732467000000039e-02	-7.798434104000000477e-01	-2.949939780999999983e-01	-2.868528407000000002e-01	-2.128795333999999873e-01	-1.959525504000000085e-01	-4.306763223999999779e-01	-1.330122545000000100e-01	-1.782753289000000019e-01	-1.040840234000000031e-01	1.051040785999999949e+00	4.556189089000000081e-01	-3.048717221999999727e-01	1.985724609999999890e+00	-1.422631102999999952e-01	-6.042217172000000081e-02	-3.913900607999999948e-01	-8.547536182999999621e-01	8.815482097000000294e-01	-5.896208289000000047e-01	9.223509777999999715e-02	-4.702170479000000181e-01	-1.275923252999999979e+00	-4.582812572000000140e-01	6.225574078000000178e-01	-6.728539475999999464e-01	-8.377207003000000096e-01
-5.327732844000000467e-01	1.032647407000000017e+00	-3.419012861999999875e-01	-3.985264492000000214e-01	7.863840078000000622e-02	-1.859033670000000138e-01	-2.450690997999999954e-01	-1.903975004000000026e-01	4.564681701000000147e-01	6.617544629999999595e-01	-2.779066632000000148e-01	1.594266803999999926e-01	7.796011411999999308e-02	-6.871774107000000464e-02	-7.208565377000000218e-01	-2.215498978999999868e-01	-3.618660636000000097e-01	8.495646696999999969e-01	-7.611783527000000049e-01	-3.949404327000000103e-01	-1.125119259999999982e-01	-1.916375015000000015e-01	1.348074786000000025e-01	7.868929575999999981e-01	1.779115541999999883e-01	1.225346443999999924e+00	-1.284081364000000114e-01	1.059861580999999983e-02	2.795512372999999981e-02	-1.517241923000000048e-01	-2.829183109999999779e-01	-2.683865315000000251e-01	-2.235008162000000076e-01	-6.006141375999999796e-03	-3.962596521000000260e-01	-3.976791524000000133e-01	-1.045288520000000054e-01	-4.827300270000000060e-01	1.318521813999999903e-01	-2.238942371000000042e-01	-1.962905855000000033e-01	6.531411534000000074e-01	5.894785504999999759e-01	1.139486653000000072e+00	2.055343200999999898e+00	8.292574360000000422e-02	-3.584525835999999993e-02	-2.690754435000000111e-01	-8.226335930999999491e-01	-1.767524505999999995e-01	-2.925833915000000118e-01	-1.416379923999999957e-01	-3.766622766000000122e-01	-1.160807593999999998e+00	-3.267580247999999910e-01	8.849696056000000421e-01	-4.139766201000000256e-01	-7.273307410999999556e-01
-6.947863932000000187e-01	1.091250258000000084e+00	-2.804289738999999892e-01	-3.979373838999999968e-01	-8.534893761999999551e-02	-1.491830611999999945e-01	-4.168841496999999841e-01	-1.662994100999999891e-01	2.543721946999999983e-01	6.389031419999999795e-01	-3.045104613999999876e-01	6.785820284999999341e-02	1.403534935999999900e-01	-2.792876940000000099e-02	-5.953166880000000383e-01	-1.492319656999999966e-01	-3.160241403999999865e-01	8.169075228000000077e-01	-7.340204318999999922e-01	-2.390744138999999907e-02	2.171200278000000039e-01	-1.293128728999999866e-01	2.015366425000000017e-01	8.284600132999999644e-01	1.943669442000000025e-01	1.269235976999999904e+00	-3.340850589000000093e-01	-1.392552937000000012e-02	3.304889785999999829e-01	-1.132011993999999938e-01	-2.753018810000000260e-01	-1.189401986000000050e-02	-2.609293437999999909e-01	-4.042092872999999975e-01	1.252867853000000087e-01	-1.856502086000000051e-01	-2.517010539999999796e-01	-2.613397913000000128e-01	2.116879043000000071e-01	-8.811753682999999560e-02	-1.536862162000000032e-01	7.029413742000000243e-01	7.248994251999999472e-01	6.059458191000000049e-01	2.208453115000000189e+00	2.247869120000000054e-01	-1.494218247999999916e-01	-2.611507444999999761e-01	-7.986058954000000432e-01	-8.023165357000000553e-01	-2.882504095000000266e-01	-1.317716239000000025e-02	-3.208585071000000233e-01	7.411511482999999512e-01	-6.064956168999999786e-01	8.929629570999999544e-01	-1.690024756000000072e-01	2.884946811999999916e-01
-6.281910541999999875e-01	1.145699988000000058e+00	-4.311649265999999980e-01	-4.132315190999999999e-01	-7.043691907999999335e-02	-1.788129488999999905e-01	-3.939503648000000080e-01	-1.245422739000000001e-01	1.634699052999999958e-01	5.818546366000000303e-01	-3.581852110000000033e-01	1.265860568999999936e-01	1.676412706000000030e-01	-5.828306726000000160e-02	-4.329266602999999880e-01	-3.311431224000000069e-03	-2.644636720999999913e-01	5.255014110000000294e-01	-6.644018869000000160e-01	2.497526720000000158e-02	2.673412433999999838e-01	-2.067655723999999862e-01	-5.265850651000000132e-02	7.642984729999999782e-01	5.445745689000000000e-01	1.404065574000000094e+00	-4.160279130000000269e-01	-9.068703617999999966e-02	3.968812905999999918e-01	-3.266475562999999749e-01	-1.335907651000000085e-01	9.790724720000000547e-02	-2.695610602999999883e-01	9.838476173000000602e-02	4.119561393999999765e-01	9.775736522000000317e-02	-6.190500579000000198e-02	-1.346779996999999951e-01	1.002023764000000011e-01	-1.828097275999999993e-01	1.007599438000000014e-01	8.034043485999999845e-01	9.716781316000000501e-01	9.593496451999999897e-02	1.787658975999999900e+00	-8.364185583000000035e-02	-2.955365383999999929e-01	-3.090272064999999846e-01	-6.205673618999999475e-01	5.493177565000000317e-01	-2.024118410000000090e-01	-3.163781862000000084e-02	-3.854901385000000236e-01	6.936973604999999710e-01	-2.625494305000000139e-01	5.355641155000000486e-01	-2.057185896000000014e-01	3.529474652999999851e-01
-5.007984822000000058e-01	1.165316805000000011e+00	-2.379159740000000023e-01	-4.647623072000000022e-01	8.161367180999999638e-02	3.212797138000000191e-02	-1.634489644000000075e-01	-7.966930402999999883e-02	2.950375491000000183e-01	5.988402014999999468e-01	-2.050984468000000005e-01	7.684380271000000595e-02	1.369437086999999997e-01	-2.613641586000000142e-02	-8.264706831000000475e-01	4.295621501999999925e-01	-1.465411486000000041e-01	9.039688289999999737e-01	-6.700871323000000546e-01	-1.486136338000000057e-01	1.766211947999999921e-01	2.541675666000000125e-02	-3.255356167999999811e-03	6.391805728999999658e-01	2.329124848999999942e-01	1.302639791000000047e+00	-9.938707378000000148e-02	3.380162878000000232e-02	3.680784175999999852e-01	-3.909228323000000227e-01	-3.055858242999999752e-01	-7.575804695000000477e-02	-4.432027002999999743e-01	-2.266839236000000035e-01	1.565121284999999862e-01	-5.431033774000000418e-03	-2.334383614999999967e-01	-1.989369993000000003e-01	2.636796082999999791e-01	-5.216754699000000078e-02	-1.951415387000000057e-01	5.376308856999999497e-01	8.776287862999999634e-01	6.677301023999999696e-01	1.781846240999999997e+00	1.699901414000000097e-02	-1.447544275000000047e-01	2.280949925000000031e-02	-6.086914089999999611e-01	3.788195193000000183e-01	-2.587249977000000145e-01	-2.941152706999999866e-01	-1.149788484000000000e-01	-1.523643416999999944e+00	-8.072996070000000579e-02	8.141697549999999950e-01	-2.001724689999999918e-01	-3.503944722999999817e-01
-5.352086863999999666e-01	1.079391498999999977e+00	-1.061164921000000011e-01	-4.805835231999999735e-01	4.103407197000000228e-02	2.994625517999999903e-02	-3.785282083000000020e-01	1.550440914000000003e-01	2.966193713999999981e-01	5.731779666999999856e-01	-9.978373273000000487e-02	2.589425145999999997e-02	3.579393042999999830e-01	7.817155932999999418e-03	-6.090843003999999450e-01	2.370211123000000031e-01	-6.075345153000000220e-02	8.846389514000000398e-01	-5.031524375000000493e-01	-5.260628408000000283e-02	4.301681558000000072e-01	1.256021270000000009e-02	5.587533528000000055e-02	7.307866507000000400e-01	3.377159408000000029e-01	1.176357732999999905e+00	-1.163962966999999987e-01	9.445237335999999428e-02	2.235350661000000128e-01	-4.894954946999999779e-01	-2.035625366000000103e-01	-1.400786539999999969e-01	9.605256337999999727e-02	-1.202565612000000006e-01	3.900253094000000198e-01	-8.244089355000000507e-02	-4.272908133000000164e-01	-6.328477753000000261e-02	4.967095537999999810e-01	-4.319111963999999748e-02	-1.024627884999999988e-01	1.776422913000000048e-01	9.053686520000000515e-01	1.275797945000000100e+00	1.596864365000000063e+00	3.104290228000000096e-01	-5.935553651000000097e-02	3.499833377000000079e-02	-6.822862856000000420e-01	-9.347547841000000135e-01	-1.064834582000000057e-01	-9.355091996999999326e-02	5.326855284999999773e-02	1.782153164999999984e-01	-3.148309235999999789e-01	9.628228330000000446e-01	3.831806790000000240e-01	-1.580315407000000005e-01
-7.496638516000000418e-01	1.221387000000000000e+00	-2.357374842999999942e-01	-4.371784282000000244e-01	-2.773620897999999890e-01	-4.809361054999999885e-02	-6.800102505999999769e-01	1.591766568000000104e-01	-8.756343610000000277e-02	5.216752788999999835e-01	-2.229902170000000114e-02	-2.592437994999999967e-02	2.153543108000000039e-01	-2.736772201000000071e-01	-2.736113374999999959e-01	4.015379063000000248e-01	-1.606928475999999939e-01	5.394997964000000090e-01	-4.390059177000000257e-01	4.507923604999999889e-01	7.345309410999999455e-01	9.604931814000000623e-02	-2.783287998999999791e-01	6.345327017999999875e-01	6.201319481999999494e-01	1.421881509999999960e+00	-6.634312879000000551e-01	5.715957140000000117e-03	3.848568888000000188e-01	-4.066127123000000121e-01	2.027453312999999979e-01	8.799416292999999445e-02	9.135342771000000417e-02	-1.434086631000000001e-01	7.762664427000000034e-01	5.138058697999999813e-01	-6.547084121999999784e-01	8.444146585999999857e-03	4.040470151000000176e-01	-5.288559039000000073e-02	7.355941926999999547e-02	4.497406958999999871e-01	1.070683773000000061e+00	3.254395278000000308e-02	1.233608417999999984e+00	-5.270005567999999814e-03	1.517377322000000028e-01	-3.255805174999999996e-01	-7.135266478999999773e-01	-3.559837880999999760e-01	-3.466794648000000034e-01	5.432298929999999915e-02	-2.639896954000000018e-01	1.465740613999999997e+00	-4.641683493000000049e-01	7.304928140999999986e-01	5.003383098000000473e-01	6.878737995999999466e-01
-8.483841173999999707e-01	1.521209720999999959e+00	-2.543301298999999793e-01	-5.728579096999999454e-01	-6.048349553999999850e-01	1.145038324000000052e-02	-1.007809696000000033e+00	2.794731249999999889e-01	-4.634323237000000095e-02	4.062015666000000080e-01	-8.141712896000000144e-02	-1.835063084000000122e-01	2.212112320999999882e-01	-2.746184667000000079e-01	-5.534394698999999668e-02	2.271990459000000073e-01	-1.779644746000000055e-01	4.237355132000000246e-01	-5.712909463999999993e-01	4.662060156000000233e-01	6.153946833000000227e-01	-1.657155141999999970e-01	-9.561141437000000298e-01	8.197067314000000549e-01	8.394875374000000390e-01	1.741669396999999897e+00	-1.112689709999999943e+00	-1.829812197000000099e-02	6.464526750000000321e-01	-2.352701936000000105e-01	7.887091970999999813e-01	2.744248880999999862e-01	1.113842874000000038e-01	5.074894326000000122e-01	9.051388543999999703e-01	-1.673255463999999970e-01	-7.506196675999999846e-01	3.160457239000000196e-01	4.913125912999999900e-01	3.185670892999999948e-01	3.543533350999999998e-02	8.275145094000000423e-01	2.549230927000000202e-01	1.787231059999999927e-01	2.987532761000000203e-01	-2.734595363999999806e-01	1.567987204000000079e-01	-4.270833718000000001e-01	-8.727869958999999733e-01	4.844954700999999919e-01	-5.968515273000000176e-01	9.190955141999999911e-02	-2.221718715999999871e-01	-7.264184688000000500e-01	2.892086603999999839e-01	3.475881688999999941e-01	3.470528511000000038e-01	1.925096014000000078e-01
-6.988491320999999923e-01	1.651840914999999965e+00	-2.885983276999999902e-01	-5.905680053999999846e-01	-4.942605295999999981e-01	7.974518828000000392e-02	-8.851405192000000310e-01	1.072013683000000023e-01	2.543026009000000087e-01	5.172733110999999662e-01	-3.856431840000000277e-01	-8.699326652000000104e-02	2.223577898000000108e-01	-4.155698206999999811e-02	-7.397833066000000235e-01	1.623993536999999987e-01	-3.905248386999999877e-01	5.667860561999999991e-01	-7.719522467999999638e-01	6.000503179999999714e-01	8.919408187999999793e-01	-6.538563558000000109e-01	-5.145615250999999724e-01	6.781542949000000098e-01	7.030738667999999469e-01	1.548348387000000104e+00	-9.226428545000000536e-01	3.008473369999999925e-01	1.031510683000000039e+00	1.952450182000000090e-01	8.341209143000000159e-01	1.058221144999999946e-01	1.196845287000000008e-01	9.977736600000000622e-02	3.146415680999999909e-01	-8.813154569000000160e-01	-8.851675170999999676e-01	2.269098355999999983e-01	7.027935812000000171e-01	1.010481489000000010e+00	5.517622670999999812e-02	2.817486740999999850e-01	-6.431829886999999857e-02	1.174593351000000063e-01	7.853343735000000159e-01	-4.800363080000000227e-01	7.327168043999999769e-01	-3.694793854000000266e-01	-9.449101985000000203e-01	-7.891338511000000056e-01	-9.316079214000000386e-02	-4.640893638999999959e-01	-1.517411596000000085e-01	-1.042973136000000078e+00	-1.879212447000000105e-02	9.960178038000000456e-01	-1.185097848999999981e-01	1.299370764999999928e+00
-2.478766473000000026e-01	1.301406846999999978e+00	-3.664490263999999886e-01	-4.932865416000000169e-01	2.186980030000000019e-01	3.355803189000000075e-01	1.666639592999999975e-01	1.669803641000000005e-01	3.762517388000000129e-01	3.621055554000000010e-01	9.785376125000000078e-03	-7.768567193000000537e-02	3.007387622000000094e-01	1.045586309000000047e-01	-9.550862131999999782e-01	7.499215402000000141e-01	-1.036177518999999991e-01	6.593206857000000198e-01	-2.604853621000000063e-01	4.151778257000000028e-01	6.458572645000000279e-01	-6.080754740999999575e-01	-2.860099406999999996e-02	3.291857121999999802e-01	7.196963406999999924e-01	1.079420451999999919e+00	-5.852366454999999856e-01	5.930977587000000328e-01	8.496464051000000017e-01	-7.593349715999999638e-01	6.468591652999999830e-01	-3.316088133999999660e-02	5.846594742999999816e-01	6.359634293000000493e-01	-9.431383583999999876e-02	7.802694701000000288e-01	-5.179421027999999705e-01	2.774311590000000036e-02	3.189391131000000046e-01	7.323917629999999734e-01	-1.781064612999999908e-01	-2.629405046000000135e-01	1.080829319000000011e+00	1.070886590999999971e-01	1.445699693999999980e+00	1.201632947000000062e-01	1.326647978000000005e+00	-5.006676589999999732e-02	-3.890465659000000298e-02	-2.032504287000000062e-02	-3.072442766000000117e-02	-8.720651340999999723e-01	-2.533485399000000027e-01	-4.822339606000000112e-01	1.748448036999999955e-01	1.258532881999999908e+00	4.788911088000000205e-01	1.084281531000000021e+00
-1.706768693999999864e-01	1.308350976999999915e+00	-2.079873240999999956e-02	-5.677748392999999449e-01	2.344616565000000041e-01	2.969315408000000045e-01	2.361958486000000079e-01	1.422243142999999876e-01	3.420120353000000168e-01	5.383840983000000024e-01	-9.382721131000000547e-02	-1.525158541999999950e-01	4.282300493000000263e-01	1.285452591000000033e-01	-1.011508786000000049e+00	5.807348767000000134e-01	-2.255200648000000030e-01	9.670623430000000464e-01	-4.651439741000000239e-01	3.024932388000000083e-01	6.399506685000000417e-01	-1.617190450000000057e-01	-4.001391643999999831e-02	1.798144043000000081e-01	3.911117015999999724e-01	9.302064365000000112e-01	-4.628017436999999901e-01	6.362567469000000031e-01	9.537187579000000470e-01	-7.734763295000000038e-01	3.452338238000000059e-01	2.993771778000000050e-01	5.992087456999999756e-02	2.612274835999999767e-01	8.139814454999999560e-01	1.337588745000000134e-01	-4.320264356999999888e-01	4.746181301999999880e-01	3.084011434000000218e-01	7.512740045000000366e-01	-1.902064762000000020e-01	-2.999179660999999886e-01	1.174525368000000070e+00	2.111751749999999928e-01	1.336348389000000081e+00	4.558267237999999999e-01	9.591003061999999746e-01	4.554259762999999794e-01	1.679904992000000041e-01	-6.018108852000000342e-01	1.663246542000000050e-01	-8.109543543999999660e-01	-2.670095188000000119e-01	1.665624390000000066e-01	8.381721488000000164e-01	9.634792133999999786e-01	8.056840178999999935e-01	8.857587162000000180e-01
-4.093099942999999796e-01	1.319899421999999989e+00	-1.940910348000000063e-01	-5.701791452000000149e-01	-1.356400078000000002e-02	1.406452793999999895e-01	-1.090512809000000055e-01	1.896418404999999918e-01	1.420842182000000009e-01	4.156717279000000098e-01	5.930468106000000295e-02	-1.232143676999999937e-01	3.999757984000000266e-01	8.817176930999999496e-02	-4.388932155999999973e-01	5.546944400000000108e-01	-3.355562521000000076e-01	2.455319243999999901e-01	-1.197567556999999949e-01	6.343515000999999653e-01	8.216582854999999741e-01	-2.794978089999999860e-01	-4.610225577000000019e-01	3.703194542999999755e-02	8.362140893999999713e-01	1.078394088000000028e+00	-7.297668394999999864e-01	5.246364218000000301e-01	1.037355464000000005e+00	-1.024599567999999961e+00	3.952369089000000169e-01	7.126358446999999652e-01	4.223037716999999969e-01	3.764716792000000201e-01	1.436608131999999927e+00	4.818316335000000228e-01	-1.584911877000000080e-01	5.990254766999999481e-01	-4.300031496000000092e-02	4.982272922000000048e-01	-1.565776009000000024e-01	-1.987462684000000090e-01	1.513968098000000095e+00	-2.433586832000000089e-01	1.100444855000000111e+00	-9.009611266000000507e-02	6.708765308999999899e-01	1.553976669000000088e-01	1.701245507999999962e-01	8.132554549999999605e-01	5.727911484000000053e-01	-6.504241227000000514e-01	-9.139123794000000162e-03	1.178794456999999962e+00	5.014402985999999451e-01	1.669424492000000093e-01	9.474864978999999465e-01	9.167099815999999457e-01
-3.958064958999999994e-01	1.389329553000000050e+00	-1.478190342000000046e-01	-5.548800522000000290e-01	-3.029892351999999983e-02	1.870914693000000073e-01	-1.479092338999999923e-01	1.550150264000000055e-01	1.475038428999999873e-01	3.303166399999999947e-01	-1.378214658999999953e-01	-3.028691040000000001e-01	2.338748586000000129e-01	6.985202258000000608e-02	-5.460817838000000535e-01	4.119551758000000174e-01	-4.684796413999999798e-01	5.205828006999999591e-01	-3.397810994000000084e-01	4.507265094999999833e-01	6.842635934999999892e-01	-3.234187092999999957e-01	-5.948251946000000512e-01	1.402184974000000028e-01	5.572815899999999933e-01	9.650637012999999653e-01	-5.231012909000000155e-01	4.039553473999999977e-01	1.300879545999999998e+00	-8.244311355000000230e-01	2.455952821999999869e-01	7.307887424000000243e-01	1.842417516000000033e-02	2.973994616999999785e-01	1.419415346999999938e+00	-1.890299549999999856e-02	-1.649967690999999959e-01	6.234372049999999943e-01	1.264307285999999864e-01	3.368689501000000086e-01	6.043209126000000098e-02	1.570373329000000068e-02	1.398559834999999918e+00	1.172382084000000102e+00	2.058481097000000037e-01	-1.590023787000000022e-01	1.305200525000000111e-01	2.268849364999999951e-01	2.755735026999999726e-01	3.959128170999999807e-01	3.419309604999999919e-01	-8.211464370000000068e-01	-6.294865252000000355e-01	-1.782943700000000076e-01	8.455220561999999829e-01	-2.332867822999999952e-01	2.890788516999999724e-01	2.947507697999999787e-01
-3.968683564000000108e-01	1.378672914000000027e+00	-1.663375330999999901e-01	-5.983826569000000317e-01	-3.695776427999999947e-02	1.341977910000000107e-01	-3.103458798000000018e-01	1.986522156999999955e-01	1.830807477999999988e-01	5.183633017000000009e-01	-1.523176005000000111e-01	-1.787523474999999917e-01	3.799574982000000212e-01	1.335284676999999864e-01	-7.916972490000000473e-01	4.554011934000000150e-01	-4.598376737000000047e-01	5.125383276999999627e-01	-3.283942132000000069e-01	2.825123394999999871e-01	4.979283090000000134e-01	-2.767244473000000093e-01	-2.697537382999999900e-01	3.113124798999999943e-01	5.281040177000000391e-01	1.085767248000000018e+00	-6.494716531999999987e-01	4.458855547999999724e-01	1.071062887999999935e+00	-8.369636745999999849e-01	1.239715635000000066e-01	5.258861776000000043e-01	8.510596884000000417e-03	3.093292657000000223e-01	1.172040396000000095e+00	-1.849556309000000009e-01	-5.764444828000000465e-01	4.468985561000000106e-01	1.613507318999999884e-01	5.428608786999999936e-01	4.964899703000000275e-02	-1.997720282000000069e-01	1.339420746000000051e+00	2.338563386000000119e-02	1.504444926000000071e-01	-2.940029882999999900e-01	1.458864440000000040e-01	-7.389994146999999403e-02	-2.222917422000000032e-01	-8.846990406000000418e-01	-2.008856118000000024e-01	-7.662973201999999651e-01	-4.780079940999999721e-02	8.165177586999999848e-01	3.395875943000000174e-01	1.839860427999999992e-01	3.322312194999999663e-02	1.212329046000000021e+00
-5.086718315999999573e-01	1.364009274999999910e+00	-1.697327824000000041e-01	-5.535127301000000166e-01	-1.636553064000000057e-01	1.319479215000000094e-01	-4.911780963999999861e-01	1.860088128999999868e-01	1.941901302000000051e-01	5.326050613999999683e-01	-1.188311672999999985e-01	-9.927210000000000201e-02	2.480759245999999973e-01	7.315761755999999894e-02	-7.252030050000000116e-01	5.847199847999999811e-01	-4.082455240000000263e-01	4.473417910999999969e-01	-3.548860421999999737e-01	3.878460471999999881e-01	5.829008238999999758e-01	-5.632362353999999932e-02	-7.290595284999999981e-01	4.054517041999999849e-01	6.586946242000000229e-01	1.233795948999999892e+00	-8.389812503000000365e-01	3.422159850000000003e-01	9.446364154999999929e-01	-6.330328459999999824e-01	5.706459098999999702e-02	5.753389477000000474e-01	-9.285909984000000061e-02	1.903322749999999952e-01	5.028796361999999798e-01	1.983444054999999873e-01	-5.136032299999999662e-01	2.170698752000000120e-01	1.217890259000000003e-01	6.190558766000000546e-01	1.384856433999999969e-01	-1.952784644999999986e-01	9.046888956999999953e-01	-5.389256612999999696e-01	3.109364814999999727e-01	-5.575960083000000012e-01	5.878206851999999705e-01	-4.114422193000000227e-01	-2.151356490000000121e-01	7.748851319999999765e-01	-6.684659527000000323e-02	-5.971919634000000254e-01	-5.057764564000000185e-02	1.967337318999999862e-01	-3.131866822999999911e-02	1.130799266999999997e-01	3.177371484000000024e-01	8.784373010999999565e-01
-4.980824757000000269e-01	1.552901687000000086e+00	-2.410663566000000035e-01	-5.150601151000000488e-01	-1.263939933999999876e-01	-3.901931548999999950e-03	-6.106043643999999881e-01	4.890911072999999665e-02	1.043238291999999956e-01	4.028955041999999764e-01	-2.578305018000000004e-01	-2.692302925000000235e-01	1.656899172999999892e-01	1.235706300000000007e-01	-4.319777947999999812e-01	1.593914559000000064e-01	-4.906196411000000035e-01	3.712499301000000140e-01	-4.800324812000000274e-01	6.920318816999999623e-01	6.967597573999999572e-01	-3.237777050999999795e-01	-6.390214509999999626e-01	4.708006955999999854e-01	8.581457444000000212e-01	1.124705316000000010e+00	-7.747002522000000502e-01	1.597511705999999920e-01	1.558649959999999890e+00	-6.419184559999999706e-01	5.879685937999999945e-01	5.489173748000000241e-01	-1.772698062999999991e-01	4.220505493000000219e-01	3.104117236000000224e-01	6.483794626000000116e-02	-1.819831586000000001e-01	5.795120258999999496e-01	3.186296000000000128e-01	6.162184925000000479e-01	1.713389955000000076e-01	-7.659898141000000271e-02	1.072629475999999915e+00	7.577666712999999721e-01	-7.440457297000000469e-01	-5.300205165000000385e-01	4.295334842999999903e-01	-4.892499958000000038e-01	-1.813486259000000045e-01	5.216902539000000116e-01	2.762002570000000046e-01	-6.746887122000000403e-01	-7.496852987000000024e-01	1.119965740999999959e-01	1.279509624000000068e-01	-2.623203530000000061e-01	-6.009876123999999958e-02	1.304523280999999868e-01
-2.607997710000000136e-01	1.673092130999999982e+00	-3.693189049999999751e-01	-5.690617873000000104e-01	-5.680286500000000099e-02	-2.197763925000000007e-01	-4.267793557999999821e-01	-1.055667574000000025e-01	1.927269326999999921e-01	5.641235809000000323e-01	-5.991946349000000227e-01	1.001192823000000105e-03	3.324495982999999821e-01	3.284493387999999903e-01	-8.370243381999999954e-01	5.295188211000000367e-01	-7.450359533000000534e-01	7.821705307999999857e-01	-2.595205945999999875e-01	5.206549260999999706e-01	4.439168388999999992e-01	-3.822740185999999873e-01	-2.062485558000000108e-01	5.441964100999999721e-01	6.959999433000000346e-01	8.926393155999999829e-01	-9.675348617000000262e-01	1.717005332000000051e-01	1.904525731999999971e+00	-1.332933719999999933e-01	6.841269412999999577e-01	8.943514084999999447e-01	-4.227541155000000273e-01	6.411714725999999587e-01	-2.513601162999999916e-01	-3.955882171999999808e-01	-2.503267558999999753e-01	6.660986126000000285e-01	1.128394890999999955e-01	1.352395859000000033e+00	2.314306734999999893e-01	-3.569197874999999742e-01	8.550116053999999854e-01	-5.059619880000000292e-01	-4.215538831000000264e-01	-4.554099830000000182e-01	4.969742750999999736e-01	-5.232213733999999672e-01	-1.218363203000000054e-02	-6.882675533000000012e-01	-1.101968412000000064e-01	-9.550864312000000300e-01	-3.038549724999999868e-01	5.334965800000000119e-02	5.070402685999999548e-01	-1.644414362000000129e-01	-7.930008100000000004e-01	1.167319564999999892e+00
-3.927581199999999884e-01	1.467700165999999973e+00	-2.496817225000000084e-01	-4.492585451000000174e-01	-7.052903498000000215e-02	-7.837783703999999518e-02	-5.428982219000000331e-01	-8.760072413000000169e-02	1.305386041999999913e-01	4.908414928000000010e-01	-5.535469471999999724e-01	1.388504349999999943e-02	2.727982596999999898e-01	6.207118947999999969e-01	-8.845582057999999970e-01	6.760354575999999449e-01	-5.053776321999999821e-01	7.848298779000000280e-01	-4.163038548999999922e-01	5.982190360000000373e-01	4.291931420000000275e-01	-1.958503447000000119e-01	-3.232418463000000242e-01	4.252144003000000172e-01	8.317075561000000228e-01	1.056332424999999908e+00	-9.994831011999999459e-01	-3.509933191999999730e-02	1.640179700000000018e+00	-4.140954488000000294e-02	6.700202256999999717e-01	4.671685291000000073e-01	-1.737395478000000049e-01	7.120536050000000339e-01	-6.105606550000000077e-01	-7.047354547999999663e-02	-6.769294823000000516e-01	1.324939957000000057e-01	1.371203407000000096e-01	1.148973596000000041e+00	3.116941985000000193e-01	-4.134779162000000174e-01	4.546112970999999781e-01	-1.181094438999999996e+00	7.056561737000000001e-01	-5.639259439999999568e-01	6.891183596000000078e-01	-8.233658482000000278e-01	-3.178110279999999954e-01	2.367679438999999997e-01	1.205882077999999996e-01	-9.713314481999999472e-01	-1.036110471000000061e-01	-7.233678149000000168e-01	-2.360066747000000020e-01	-2.882789535999999986e-01	-3.140459488999999826e-01	7.570136719000000181e-01
-4.400480589999999914e-01	1.483454889000000110e+00	-2.620976380999999744e-01	-4.507284475000000179e-01	-4.097799208999999832e-02	1.391203386000000077e-02	-6.732933226999999743e-01	-1.011193905000000032e-01	2.988737352999999985e-01	3.717612603000000071e-01	-2.196277393000000133e-01	-6.314638497999999767e-02	1.649434194000000131e-01	6.459112202000000247e-01	-8.395328953999999788e-01	4.261372830999999861e-01	-4.082481942000000252e-01	2.915336244999999771e-01	-5.600774151999999839e-01	7.887597769999999953e-01	6.006992332999999684e-01	-3.964974524000000056e-01	-1.173461180000000104e+00	5.351068560999999724e-01	5.368171153999999889e-01	1.164346322000000100e+00	-7.931473415999999999e-01	-3.422660457000000211e-01	1.355869906999999985e+00	3.026901734999999927e-01	6.213851034999999801e-01	3.494383248999999858e-01	-1.533129876999999863e-01	4.331702242000000092e-01	-3.435640749000000160e-01	-1.211266984999999963e+00	-9.928966911000000062e-01	5.222471651000000215e-01	6.762302212000000090e-02	1.216023650999999983e+00	4.110483506000000009e-01	-3.810218853999999822e-01	3.905171127000000020e-01	-7.624971917999999460e-02	7.370161157000000296e-01	-6.348229630999999706e-01	7.206775464000000353e-01	-6.285972549999999659e-01	-4.364668623999999886e-01	1.311038632999999898e+00	-1.616720328000000040e-01	-8.967607924999999591e-01	-4.615574835999999848e-01	-2.041627339999999791e+00	3.629630996000000054e-01	-7.838313860000000188e-01	-3.163324373999999994e-01	3.325328636000000060e-01
-3.449360558999999826e-01	1.398272767999999999e+00	-2.501848301999999857e-01	-4.685019234000000199e-01	2.868119125999999894e-02	3.434294002999999790e-02	-5.429783004999999552e-01	-1.609882327000000113e-01	3.480649321000000018e-01	3.421239195999999927e-01	-2.059605948000000075e-01	-1.016125526000000029e-01	2.789749569000000151e-01	8.181981874000000543e-01	-1.064447943000000008e+00	3.204006755000000095e-01	-3.412903243000000031e-01	4.268267570000000011e-01	-3.772289005000000195e-01	8.236703380000000019e-01	5.872030955000000496e-01	-5.629271205000000444e-01	-2.750734215999999788e-01	1.107073048999999976e-01	5.421242243999999655e-01	8.140787373000000215e-01	-6.791759064000000290e-01	-1.421732048999999887e-01	1.460605887000000047e+00	-1.656860343000000069e-01	8.453467308000000013e-01	6.137643975000000029e-01	1.409935257999999914e-01	7.943403636000000434e-01	6.928673070999999406e-02	-9.914498483000000473e-01	-9.311823135000000251e-01	6.183647889000000175e-01	2.762919763000000195e-01	8.650107276999999817e-01	2.621292006000000008e-01	-4.240621453999999790e-01	4.176906069999999915e-01	7.174704850999999994e-01	4.411247426000000083e-01	-6.332174999999999887e-01	4.941046444000000148e-01	-4.647562073000000016e-01	-2.884269839999999974e-01	-5.901502509999999591e-01	-3.998068970000000222e-02	-1.039649327000000012e+00	-8.489519706000000498e-01	-2.643998983999999997e-01	6.869193488000000514e-01	-6.397261656999999602e-01	-5.445594768999999502e-01	6.591183983999999718e-01
-4.311467106999999910e-01	1.224752966999999915e+00	-2.543869711999999783e-01	-4.720112362000000172e-01	9.440518129000000092e-03	-6.653914358000000140e-02	-4.222458793000000155e-01	-1.102763999999999966e-01	2.302756583999999995e-01	3.841870001000000090e-01	-1.208455477000000000e-01	-1.727325286999999987e-01	3.642968551999999915e-01	7.153665551000000233e-01	-1.186294289999999974e+00	5.964963037999999607e-01	-3.787548249000000089e-01	4.140049435000000000e-01	-3.718318767000000080e-01	7.090624663000000272e-01	5.264051478000000284e-01	5.137100616999999703e-02	-2.933853001999999766e-01	5.325979951999999795e-02	4.857346075999999790e-01	9.851361672999999763e-01	-3.915228253999999963e-01	4.525963247999999911e-02	1.344615592000000026e+00	-8.441354850000000187e-01	6.568496940000000395e-01	6.186590414999999510e-01	-2.457381111999999979e-01	7.342350999000000211e-01	3.832730066999999741e-01	-2.360053253000000129e-01	-9.477298914999999768e-01	2.772557405000000141e-01	-9.690314990999999989e-02	4.598398443000000224e-01	2.479949281999999922e-01	-5.517329624000000265e-01	5.769945735999999492e-01	-4.217985197999999936e-01	1.231789921999999926e+00	-5.502745583999999468e-01	6.430714319000000456e-01	-5.478617116999999759e-01	-3.127543190000000028e-01	-1.795025386999999917e-01	-1.263529831000000103e-01	-8.172782514999999970e-01	-2.930578765999999891e-01	-1.607162668999999877e-01	5.895760106999999861e-01	-8.067030607999999825e-01	-6.217856616000000392e-01	9.856036500999999506e-01
-6.201982738000000328e-01	1.317599146000000054e+00	-1.986494883000000100e-01	-4.364193809999999951e-01	-1.848699564999999878e-01	-4.104101235999999681e-02	-7.366981527999999502e-01	-5.194343031999999749e-02	1.483536817999999979e-01	3.758444369999999757e-01	-4.732471324000000340e-02	-3.826700959000000068e-01	3.059338538999999968e-01	6.324318129999999538e-01	-7.440240142999999806e-01	4.139907436999999968e-01	-4.505981204999999767e-01	3.681518227000000199e-01	-3.602162623999999869e-01	8.199415438999999584e-01	8.339245812000000146e-01	-1.150821291999999940e-01	-4.820161709999999933e-01	3.858497518999999820e-01	7.490215604000000083e-01	1.134776903999999975e+00	-4.392427903000000189e-01	5.988247834999999714e-02	1.391942951999999956e+00	-7.687842407999999628e-01	9.257293404999999975e-01	4.268623853999999884e-01	3.019232101000000057e-01	6.143763591999999996e-01	3.228455583000000018e-01	-4.863873606999999932e-01	-5.424236716000000458e-01	3.700690656999999772e-01	-2.460803576000000076e-02	4.165127035999999783e-01	3.352089636000000206e-01	-9.769435145999999515e-01	4.082369995999999834e-01	4.001017633000000240e-01	1.087817054999999922e+00	-4.197201683999999822e-01	5.054327122999999755e-01	-4.870286068999999940e-01	-4.057648951000000226e-01	3.940564347000000134e-01	5.006743769000000510e-01	-6.807172463999999756e-01	-2.518211423999999754e-01	-5.145002119999999568e-01	4.049262936999999951e-01	-9.458950650999999876e-01	-2.251270428999999906e-01	-1.957088120000000098e-01
-5.354873687000000215e-01	1.275580630999999965e+00	-2.438911102999999914e-01	-3.545375857999999991e-01	-7.892243213999999840e-02	7.372251021000000154e-03	-6.461657986000000076e-01	-9.627019741999999491e-02	-8.383256143999999466e-02	1.870547160999999903e-01	-1.327036761000000009e-01	-2.481182859000000129e-01	2.766056706999999726e-01	4.416593415999999772e-01	-7.598912119999999826e-01	3.610518169999999971e-01	-4.987052110999999899e-01	7.620338296999999705e-02	-4.288499121000000081e-01	8.288472373999999920e-01	7.528359910999999904e-01	-3.259231422000000156e-01	-8.662650642999999984e-02	1.406413837999999916e-01	6.786878092999999446e-01	9.559649203000000206e-01	-6.580911229000000473e-01	2.242864800000000103e-01	1.563450355000000069e+00	-8.071364323999999923e-01	8.731326571999999953e-01	7.115775012999999705e-01	5.373151233000000165e-02	7.653233502999999827e-01	5.453659335999999636e-01	-2.398975650999999876e-01	-4.001817617999999799e-01	4.035705215000000012e-01	-9.732346707999999999e-03	3.278874674999999739e-01	4.257129544000000099e-01	-5.331595665999999678e-01	5.409854991000000446e-01	-3.999195668000000287e-02	5.321560959000000146e-01	-5.928358081000000279e-01	5.154338644999999497e-01	-4.896180522999999951e-01	-1.562618848000000005e-01	-3.894235843000000141e-01	3.484421475000000212e-01	-7.978352596000000130e-01	-8.235120186000000064e-01	1.175200859999999903e+00	5.520957288000000185e-01	-9.122998598999999542e-01	-5.612678813000000488e-01	9.191553424999999722e-01
-5.112340732000000276e-01	1.261663114000000085e+00	-1.664703396999999974e-01	-4.771909951000000150e-01	-9.221387615999999954e-02	8.616610549000000563e-02	-6.162776130999999546e-01	1.989389079000000032e-02	2.172664772000000022e-01	3.910402504000000112e-01	-1.211320552999999994e-01	-1.431955165999999890e-01	4.497575246000000138e-01	3.853908274999999772e-01	-9.627109860000000463e-01	5.047134348999999798e-01	-6.260331716999999463e-01	1.288120480999999928e-01	-4.285593051000000098e-01	5.847813473999999845e-01	5.461310535000000188e-01	-1.155505138000000043e-01	-5.466333691000000439e-01	-5.018643033999999753e-02	6.155621495999999970e-01	1.018291371999999972e+00	-4.541343350000000001e-01	2.915865555000000109e-01	1.379726333000000027e+00	-7.345952723999999989e-01	6.876251043000000118e-01	6.161512809000000424e-01	-3.451805620999999769e-01	6.773240493000000084e-01	2.344655830000000052e-01	-6.025335661999999814e-01	-2.313035434999999862e-01	2.177834559999999864e-01	-5.044858379000000115e-02	7.402502712999999845e-01	3.006153336999999870e-01	-5.402852979000000166e-01	5.311867712000000186e-01	-3.488597367999999865e-01	2.629307001999999782e-01	-7.161347281000000065e-01	8.768541582000000112e-01	-5.033523277000000462e-01	-2.333152904999999944e-01	6.170630587000000000e-01	3.103638697000000168e-01	-8.577682811000000296e-01	1.246033225000000022e-01	-1.373805189999999898e+00	1.103520446999999960e+00	-8.890978375000000433e-01	-7.099013066999999566e-01	2.892734543000000103e-02
-5.329705746999999771e-01	1.259188543000000049e+00	-1.706308183999999950e-01	-4.640007362999999940e-01	-7.236990851999999808e-02	-7.222592812000000126e-03	-7.259599518999999557e-01	9.367825822000000469e-02	1.499745251000000057e-01	4.484375911999999853e-01	-7.164053757999999661e-02	-3.067568956000000235e-01	3.185373872999999745e-01	1.931858042000000053e-01	-8.064871195999999687e-01	2.773240946000000151e-01	-4.707117054000000134e-01	2.744711290999999886e-01	-4.693647774999999966e-01	7.222225878000000376e-01	9.305487144999999849e-01	-1.724957725000000053e-01	-3.964980241000000127e-01	2.269292303000000066e-01	5.889010302999999613e-01	9.929725592000000489e-01	-3.427332782999999994e-01	2.211051441000000117e-01	1.370647286000000076e+00	-8.931935398000000470e-01	8.249183423999999487e-01	5.785336772000000405e-01	6.247712302999999801e-02	4.161199790999999815e-01	2.668283651000000201e-01	-5.360284065999999514e-01	-4.135356197000000233e-01	3.155680047000000155e-01	3.155301018000000179e-01	6.258572964999999932e-01	2.298415038000000132e-01	-8.809674325999999889e-01	5.677365558000000423e-01	7.611719564000000160e-01	-2.977996354999999928e-01	-2.952044628000000115e-01	8.818258883999999798e-01	-5.058333314999999830e-01	-2.905720183000000123e-01	-5.268909843000000315e-01	5.355905113000000162e-01	-5.182378251999999463e-01	-9.725749286000000271e-02	3.746141070999999823e-01	3.547972449999999833e-01	-7.351931807999999569e-01	-3.468064656000000023e-01	-3.654043388000000059e-01
-4.939422679000000094e-01	1.279205324000000088e+00	-2.160400388000000005e-01	-3.944650916999999923e-01	-3.430699311999999696e-02	1.607442649999999904e-02	-6.622588587000000082e-01	1.326989695000000136e-01	-2.494580886999999900e-02	3.873280598000000130e-01	-1.464729424000000002e-01	-9.673414911000000060e-02	3.792006528999999904e-01	5.311980216000000005e-02	-6.950336620999999493e-01	4.056930188000000270e-01	-2.466769612999999972e-01	-1.040526033999999989e-01	-3.356404306999999920e-01	7.322385784999999592e-01	8.571462117000000491e-01	-2.471096452000000054e-01	-4.448571379999999853e-01	-3.415502323999999954e-03	7.537280965999999527e-01	1.052152055999999947e+00	-8.365369417000000363e-01	1.057277293000000035e-01	1.410675270000000037e+00	-6.307713919999999863e-01	7.298738733999999839e-01	7.910695166000000222e-01	1.734507857999999930e-02	6.704063574999999942e-01	2.723845589000000178e-01	-2.581958196999999955e-01	-5.212949816999999930e-01	4.295314859000000096e-01	1.091332215999999966e-01	7.022987259999999843e-01	3.818283196999999740e-01	-6.573351468999999447e-01	7.207891444999999786e-01	-4.686721761000000042e-01	-9.221691959000000161e-01	-5.060168829000000201e-01	1.000408699000000068e+00	-6.207828235000000250e-01	-6.922999462999999964e-02	-3.356728379000000206e-01	3.366198514000000030e-01	-4.669366452000000001e-01	-3.687277029000000095e-01	1.446545718000000091e+00	4.221043646000000038e-01	-1.174797663000000103e+00	-7.380054440000000104e-01	8.424609601000000447e-01
-4.925066537000000189e-01	1.272882375000000010e+00	-2.038596156999999964e-01	-4.698590353000000053e-01	-8.696612607999999744e-02	2.324180404999999852e-02	-6.202628959999999525e-01	1.416696755999999890e-01	2.114551214000000012e-01	5.147828698999999952e-01	-2.548166679000000157e-01	-5.158291765999999806e-02	4.098157098999999914e-01	-2.279826135000000142e-02	-9.544185281000000520e-01	4.886448599000000059e-01	-2.309534322000000028e-01	2.990150033000000263e-01	-5.299266939000000232e-01	5.958628371999999951e-01	6.740373734000000283e-01	-5.163223104999999785e-02	-7.996163572000000164e-01	1.182040508000000018e-01	5.486643683999999910e-01	1.095467699000000072e+00	-6.372425402000000405e-01	-1.300706094999999965e-02	1.373740015999999953e+00	-6.150537253000000204e-01	5.011046578000000196e-01	7.124929277999999533e-01	-3.973031908999999917e-01	3.897312204999999752e-01	-2.541128471999999985e-02	-4.951713031000000154e-01	-5.407793127000000144e-01	1.639973410999999992e-01	8.764476385000000147e-02	9.777498985000000475e-01	3.347472683000000115e-01	-6.288024760000000546e-01	5.043887740000000397e-01	-6.233331501000000108e-01	-8.820049150000000004e-01	-4.444651814999999728e-01	1.213492942000000019e+00	-7.351612161999999673e-01	-1.391688017999999916e-01	8.244006874999999512e-01	-5.273127359000000236e-02	-4.679887591999999930e-01	-9.110215740999999534e-02	-1.085418366999999940e+00	6.290826278000000160e-01	-1.352619816999999891e+00	-1.222349088999999944e+00	-2.126898791999999871e-01
-5.451610358999999795e-01	1.231650118999999988e+00	-1.888625502999999872e-01	-4.270979406000000034e-01	-6.248727020000000021e-02	-2.581991150000000068e-02	-7.569068753000000038e-01	1.784908064999999877e-01	2.525026248999999723e-01	5.644111483999999512e-01	-1.854503322999999926e-01	-2.550823415999999844e-01	4.765013587999999967e-01	-5.044697827999999884e-02	-7.645129894000000093e-01	2.059478497999999991e-01	-8.159066597000000365e-02	3.933113066000000213e-01	-5.460201159999999998e-01	7.681298931000000163e-01	9.621325594999999842e-01	-1.487088189999999921e-01	-5.623592079000000465e-01	4.537785282999999836e-01	6.968710170999999898e-01	9.652553410999999972e-01	-4.046227386999999842e-01	-1.347372141000000023e-01	1.290160133000000098e+00	-6.475044918000000260e-01	7.008382622000000062e-01	5.941479545000000195e-01	-6.904753585999999499e-02	4.674333200999999938e-01	-3.596755821000000020e-01	-5.393349189999999682e-01	-3.217938074000000204e-01	1.644232086000000093e-01	3.892485592000000105e-01	7.829277557999999582e-01	1.981775436999999862e-01	-1.063453879999999963e+00	5.466262248000000046e-01	5.855196730999999710e-01	-7.015548485999999473e-01	-3.484136319000000204e-01	1.270740097000000013e+00	-6.528272222000000014e-01	-3.394436162999999729e-01	1.777374885999999932e-01	6.006143198000000183e-01	-5.085605393000000030e-01	-1.958616754999999848e-02	-1.062360417999999918e+00	3.187107478000000271e-01	-1.194900399000000002e+00	-1.068851511000000087e+00	-9.217541184999999970e-01
-5.185651638999999591e-01	1.251972032000000068e+00	-2.230868216999999931e-01	-3.455960873000000211e-01	6.595370885999999634e-03	-4.778615650999999687e-02	-6.557244894999999518e-01	1.422675891999999886e-01	9.812853374999999656e-02	5.221184384999999484e-01	-2.582588840999999746e-01	-2.643466198000000156e-01	4.923484234000000126e-01	-1.327191150000000056e-02	-7.606379492000000520e-01	8.417807301999999381e-02	1.093777338999999960e-01	3.562696954999999832e-01	-6.051214834999999459e-01	8.049549969000000527e-01	1.051799354999999991e+00	-2.671991570000000205e-01	-2.969556795000000138e-01	5.043883035999999764e-01	6.832641211000000103e-01	1.013997048000000012e+00	-6.947173286000000170e-01	-1.631532599999999944e-01	1.356528662000000107e+00	-6.966832225000000323e-01	7.008141083000000160e-01	6.606061084000000028e-01	-1.093644049999999979e-01	4.184234285000000275e-01	-2.466295896000000043e-01	-5.343166620000000533e-01	-6.379090148999999599e-01	3.163347378999999959e-01	3.934232068999999887e-01	6.908555404999999761e-01	3.238151022999999906e-01	-9.656196446999999461e-01	6.318641587000000115e-01	2.439271799000000129e-01	-7.301057895000000464e-01	-1.659248286999999988e-01	1.332688572999999987e+00	-6.668570509000000257e-01	-2.108526525999999957e-01	-9.904944466999999753e-01	1.847257838999999957e-01	-4.961586319999999883e-01	-4.361989003999999781e-01	6.361537113999999882e-01	4.607623465999999973e-02	-1.192272964999999907e+00	-1.261130059000000081e+00	6.371408114000000067e-01
-5.199143326999999815e-01	1.267189785000000013e+00	-2.018381123999999915e-01	-4.421739599000000243e-01	-2.236093738000000108e-02	3.569594866999999810e-02	-6.501323645000000040e-01	1.664208553000000035e-01	2.340775398000000118e-01	5.894459712999999823e-01	-3.091960317999999930e-01	-7.675309411000000304e-02	7.076908297999999764e-01	1.616595787000000006e-01	-9.247629662999999889e-01	2.941224742999999919e-01	9.265712946000000116e-02	2.573035309999999742e-01	-6.018378829999999624e-01	7.510282928000000524e-01	8.445065740999999626e-01	-8.230427289000000202e-02	-5.012430720999999645e-01	3.382785004000000151e-01	7.715361038000000393e-01	1.030118008000000085e+00	-7.582287654999999571e-01	-9.295240465000000063e-02	1.352313823000000026e+00	-4.775601394000000277e-01	5.506052746999999803e-01	6.993824462000000075e-01	-3.802860780999999801e-01	5.697931757999999958e-01	-2.257911261999999974e-01	-5.523244227000000395e-01	-5.116244869999999612e-01	1.177939592000000063e-01	2.415238497999999956e-01	1.047854771999999990e+00	3.111967354999999880e-01	-8.997859597999999792e-01	5.126805965999999826e-01	-1.294682174999999935e+00	-2.781006475000000200e-01	-3.453675265999999744e-01	1.780564510999999905e+00	-7.202246257000000096e-01	-3.417115971999999946e-01	-1.017358502999999997e-01	1.059396019999999938e-01	-4.870554699999999904e-01	1.753258894999999984e-01	-4.178833147000000081e-01	2.097581265000000028e-01	-1.187342268999999950e+00	-1.252592925000000079e+00	8.025733576000000369e-01
-5.846801014000000407e-01	1.243159023000000030e+00	-2.206443475000000043e-01	-4.196517119000000018e-01	-4.763249719999999854e-02	1.066452979999999925e-02	-7.756683089999999448e-01	1.730793057999999995e-01	1.847736164000000070e-01	6.153896356000000400e-01	-2.871410081999999919e-01	-1.536669984000000044e-01	5.746345118000000252e-01	1.518615231999999871e-01	-7.203521669000000349e-01	1.937823627999999965e-01	1.654461285000000115e-01	2.311769902999999959e-01	-5.904528800999999660e-01	8.604162979999999683e-01	1.080200599999999955e+00	1.111526110999999997e-02	-6.937386848000000050e-01	4.142648346000000203e-01	8.597579623000000115e-01	1.103556956000000033e+00	-6.033959774999999581e-01	-7.724784346999999385e-02	1.365762581000000031e+00	-5.920764867000000153e-01	6.529589818000000045e-01	6.666446595999999669e-01	-2.484610498000000001e-01	4.866472423000000047e-01	-1.018307796999999987e-01	-3.200938641000000140e-01	-3.510255718999999996e-01	1.362436217000000116e-01	3.023920220999999908e-01	8.875468767999999953e-01	3.333543650999999941e-01	-1.034570269999999903e+00	5.333196430000000099e-01	-9.946010196000000247e-01	-1.774953052999999892e-01	-2.710041931000000126e-01	1.840745253999999997e+00	-6.741373588000000305e-01	-2.037229583999999871e-01	1.102522591000000052e+00	4.298385542000000004e-01	-3.675845206999999726e-01	2.911812233000000139e-01	-5.679026038000000165e-01	-1.394975061000000051e-02	-9.196940126000000548e-01	-5.871965971999999478e-01	-1.412563818000000040e-02
-5.240428080000000266e-01	1.277859405999999920e+00	-2.591088704000000242e-01	-3.945133350000000205e-01	-1.131778509000000085e-02	7.665162731999999868e-02	-6.861833228000000506e-01	1.677404999000000063e-01	1.085954516000000036e-01	5.025440931000000333e-01	-3.142463334000000219e-01	-2.133316154999999881e-01	5.023697569999999724e-01	1.893230395000000121e-01	-5.969580929000000147e-01	1.011127465999999975e-01	1.928648131000000043e-01	1.508677806000000010e-01	-3.376769338000000231e-01	8.407459177999999644e-01	9.236210485000000414e-01	-2.990528234000000007e-01	-7.584418575000000384e-01	1.878072332999999872e-01	8.660888529000000391e-01	9.653329621999999777e-01	-6.441573841000000078e-01	-1.540112549000000053e-01	1.532073395999999921e+00	-5.070781960000000366e-01	6.814697990000000427e-01	7.489123246000000123e-01	-1.118288171000000053e-01	7.195019861000000461e-01	1.078556860000000062e-01	-3.977043869999999925e-01	-3.005751054999999949e-01	3.711920320000000051e-01	2.941807002999999865e-01	6.876893800000000168e-01	4.029525347999999840e-01	-6.118526187999999699e-01	7.180619212000000084e-01	2.318939513000000119e-01	-1.089769787999999906e+00	-3.291577226999999883e-01	1.501275629000000000e+00	-6.320117050000000347e-01	2.065755451000000215e-03	1.098707998000000075e+00	2.789058627000000068e-01	-5.279321259000000488e-01	-2.259034074999999864e-01	-3.423041519000000199e-01	4.166208319999999965e-01	-1.272272698000000091e+00	-7.185011118999999891e-01	-1.100415111000000029e-01
-5.273974061999999741e-01	1.309233129999999967e+00	-1.645253381000000015e-01	-4.620144259999999781e-01	-2.115521411000000074e-02	4.943012776999999858e-02	-7.200179626999999583e-01	1.570192434000000081e-01	2.693680126999999924e-01	6.403081583999999937e-01	-3.056287466000000008e-01	-3.034272418000000249e-01	5.715020040999999607e-01	3.738999142000000164e-01	-1.005849970000000093e+00	1.014967806000000028e-01	3.691976864000000302e-02	6.020034432999999963e-01	-6.165209328999999849e-01	7.334300745999999815e-01	8.547220997000000153e-01	-2.358576937000000096e-01	-5.362411782999999543e-01	3.734601544999999745e-01	5.346449490000000360e-01	9.706849217999999890e-01	-4.822256953999999873e-01	-1.878505276000000043e-02	1.563926818999999968e+00	-4.740475048000000191e-01	6.389496369999999592e-01	6.643886594000000256e-01	-4.102661628000000005e-01	4.744798172999999952e-01	3.227968180999999936e-01	-9.467945792999999943e-01	-4.604836078999999804e-01	1.551783297000000061e-01	3.540347683000000245e-01	8.765772680000000205e-01	3.701911719000000045e-01	-8.217261723000000018e-01	5.697253445000000083e-01	6.564568456999999579e-01	-1.051953386999999962e+00	-1.563536772000000130e-01	1.239691217999999928e+00	-6.780018539000000066e-01	-2.481976519000000103e-01	-9.906235063999999646e-01	1.409182337000000063e-01	-6.806859927999999726e-01	-8.706779789999999353e-02	-1.641539767000000039e+00	3.642581122999999921e-01	-8.188347509000000191e-01	-1.011117116000000093e+00	-2.161934379000000073e-01
-5.967893986000000206e-01	1.238910020000000056e+00	-1.824106278000000025e-01	-3.965285393999999908e-01	-5.001426256000000153e-02	2.490680752999999917e-03	-7.519344543000000547e-01	2.267377128999999991e-01	1.990770595999999948e-01	6.779511315999999788e-01	-3.044490498999999906e-01	-2.253523409000000033e-01	7.409629786000000440e-01	4.606577057999999836e-01	-7.332475897000000353e-01	1.809264311000000069e-01	8.936010159000000452e-02	4.557926252000000233e-01	-5.058047291999999695e-01	8.776469770000000503e-01	1.024787816999999990e+00	-2.566298814999999900e-01	-2.375558248999999900e-01	6.390885721000000297e-01	7.986733146000000172e-01	9.223718008000000301e-01	-6.588464108999999569e-01	-8.369266592999999310e-02	1.414022225999999938e+00	-4.290971574999999927e-01	6.755037377000000509e-01	6.113619165000000466e-01	-2.081536374000000078e-01	5.815758927999999939e-01	1.813734949999999957e-01	-7.453203251000000140e-01	-3.811699181000000047e-01	2.941449654000000136e-01	3.238982393000000015e-01	9.024040035999999487e-01	2.481650004000000020e-01	-1.079442978999999969e+00	6.936932126000000531e-01	-5.950832466000000043e-01	-4.370281270999999967e-01	-1.039519571000000059e-01	1.369353926000000055e+00	-5.825511289000000481e-01	-3.201031684999999793e-01	-1.343045204999999909e+00	5.360043225999999716e-01	-6.986591911999999738e-01	7.320216430000000066e-03	1.426778127999999979e-01	-2.291181627999999970e-01	-5.070564254999999632e-01	-6.023054067999999983e-01	1.154317794000000008e+00
-5.528659054000000239e-01	1.284916562999999901e+00	-2.618839835999999810e-01	-3.892750509999999831e-01	1.441887944000000074e-02	2.329912358000000086e-02	-6.427370792000000055e-01	1.674854205999999901e-01	7.922995894999999844e-02	5.592103178999999757e-01	-3.091865341999999739e-01	-1.617908131999999943e-01	6.444764509000000530e-01	5.332795956000000448e-01	-6.751428042999999546e-01	2.885600824999999814e-01	2.262232425000000047e-01	4.044777210000000123e-01	-4.028222631999999748e-01	8.609944569999999908e-01	9.620226482000000523e-01	-7.024362026000000037e-02	-5.403018161000000541e-01	4.579095444999999875e-01	7.979414970000000551e-01	9.818760581000000043e-01	-7.310202136000000239e-01	-1.623488555000000000e-01	1.522049407999999993e+00	-3.458629350999999907e-01	5.438022621000000445e-01	7.861757068000000404e-01	-2.242168720000000115e-01	5.594947915000000327e-01	2.238390057999999905e-01	-2.206195011000000039e-01	-4.856007156000000102e-01	3.195863704999999944e-01	2.190194762000000073e-01	8.552878752000000473e-01	4.193824033999999923e-01	-6.044237581000000414e-01	6.938337042000000121e-01	-8.036898415000000018e-01	-3.937503586000000166e-01	-1.651206893999999925e-01	1.364868046000000001e+00	-6.109227512999999554e-01	7.219486555000000083e-02	1.053828121000000007e-01	1.812248870000000012e-01	-6.405720829000000061e-01	-3.459543621000000235e-01	5.494692423999999464e-01	8.497846183999999137e-03	-8.178677191000000013e-01	-5.885699166000000204e-01	1.066694824999999902e+00
-5.132784814999999945e-01	1.271644929999999896e+00	-2.006965893000000056e-01	-4.798126377999999970e-01	8.935357369000000369e-03	5.903684657000000252e-02	-7.009021755000000020e-01	8.239744609000000664e-02	1.796251312000000100e-01	6.600956843999999935e-01	-3.277553743000000130e-01	-8.937027023999999376e-02	6.734095329000000518e-01	6.993101271999999646e-01	-8.725525065000000469e-01	3.863585755000000233e-01	4.298544812999999937e-02	4.587521788999999739e-01	-4.122316448000000189e-01	6.983154417000000391e-01	7.125004366999999617e-01	-7.615671829999999531e-02	-7.605478275999999482e-01	1.374924852999999947e-01	8.044441225999999778e-01	1.019556283000000008e+00	-6.059576423000000434e-01	-1.076055575999999986e-01	1.540676568999999940e+00	-1.734047082999999878e-01	5.356384485999999834e-01	8.891623910999999492e-01	-3.966651110000000147e-01	6.783451200000000236e-01	5.409930293000000390e-01	-6.310867111000000307e-01	-5.788530114000000060e-01	3.547781418000000020e-01	1.461943172999999874e-01	1.024435063999999951e+00	3.720654228999999980e-01	-5.563492924999999811e-01	6.222931315999999935e-01	-1.289171579000000012e+00	-6.650308587000000049e-01	-1.700314311999999994e-01	1.160371301999999938e+00	-6.112872882000000008e-01	8.421731371000000521e-02	5.369138774999999697e-01	1.905696179999999962e-01	-6.690823055000000297e-01	-1.505096763999999865e-01	5.092419638000000165e-02	4.627109281999999824e-01	-9.357530231999999781e-01	-5.699231381999999568e-01	3.699018524000000085e-01
-5.484531106000000156e-01	1.218457214000000066e+00	-2.633473667999999823e-01	-4.477736062000000072e-01	-4.049012535999999690e-02	-8.331255614999999448e-02	-8.056591400999999486e-01	-1.222200608999999931e-02	1.370928372000000117e-01	6.251110050000000529e-01	-2.737616174999999985e-01	-1.719713922999999978e-01	4.703551400000000049e-01	6.812803643000000520e-01	-7.642441457999999965e-01	3.883706571000000163e-01	-1.562048741000000018e-01	3.113142342999999923e-01	-3.521824682999999956e-01	8.442572603000000342e-01	8.549159677000000013e-01	4.078393428999999709e-02	-9.132231431999999760e-01	2.948832028000000216e-01	7.702667839000000294e-01	1.039340450000000082e+00	-7.124841579999999785e-01	-1.232869191000000031e-01	1.435708624999999961e+00	-5.104265753000000183e-01	6.225206327000000206e-01	8.471288514999999464e-01	-3.881047653999999958e-01	4.816659014999999933e-01	5.887034300000000275e-01	-5.378148492000000003e-01	-4.988659321000000202e-01	4.214020916999999811e-01	2.637309700999999895e-02	7.667917838000000152e-01	4.559741900000000014e-01	-9.687349413000000409e-01	6.427163358999999909e-01	-1.218322107000000099e+00	-7.544505887000000355e-01	-3.392397705999999902e-01	1.104245871999999906e+00	-5.452323783000000423e-01	1.351152586000000100e-01	9.729381685000000335e-01	4.313450394000000188e-01	-6.648498561000000251e-01	-1.482059940999999881e-01	3.835408202999999738e-01	8.661640698000000471e-02	-8.533090062000000531e-01	-3.728715452999999957e-01	4.080344598999999794e-01
-4.828000189000000164e-01	1.271586319000000076e+00	-3.422470361000000127e-01	-4.029773338000000038e-01	-3.038356015999999979e-02	-5.722260587999999926e-02	-6.957159991000000376e-01	-9.187227153999999452e-02	5.311980042000000179e-02	5.128278387000000382e-01	-4.015870034999999838e-01	-1.222831419999999975e-01	3.477327271999999803e-01	7.502560842000000063e-01	-6.973988120999999873e-01	3.164678233000000063e-01	-2.053781262000000107e-01	1.050601684000000008e-01	-2.187216452999999894e-01	7.015429622000000087e-01	5.652350291000000082e-01	-2.411462118999999904e-01	-9.460144825999999840e-01	1.658764329999999898e-01	8.794514532999999634e-01	1.050877045000000010e+00	-8.107693205999999542e-01	-2.052200174000000099e-01	1.548089492999999983e+00	-3.587400030999999823e-01	6.235457147999999838e-01	8.845327819999999619e-01	-2.520538958999999912e-01	8.407027846000000304e-01	3.603681485999999934e-01	-4.788148094999999937e-01	-6.066147686999999733e-01	4.202098268000000192e-01	-4.959398019999999851e-02	7.082965811000000445e-01	3.796104737000000062e-01	-6.280100406999999940e-01	6.185529467000000503e-01	-7.562139461000000340e-01	-1.122782965000000077e+00	-4.463140179999999790e-01	9.031644164000000030e-01	-7.379254419999999870e-01	8.616165334000000509e-02	1.175159049999999983e+00	1.186859970999999958e-01	-7.859399891999999666e-01	-4.923812516000000139e-01	5.027562866000000463e-01	2.660608394999999793e-01	-1.048051324000000006e+00	-6.212818876000000268e-01	5.191202324000000479e-01
-4.530526880999999895e-01	1.261030641000000063e+00	-2.885842015999999788e-01	-4.735781303000000109e-01	-6.244224093999999753e-02	-9.311688457000000252e-02	-7.442441622000000034e-01	-1.764085155000000016e-01	2.300250000999999878e-01	6.369486678000000346e-01	-3.381357214999999861e-01	-1.740618842999999971e-01	2.491374992000000010e-01	7.617618108000000499e-01	-1.101995405999999900e+00	4.057615247999999952e-01	-3.963082989000000222e-01	5.429698010000000297e-01	-4.835600954000000007e-01	6.027931053999999733e-01	4.509477087000000051e-01	-6.817774510999999663e-04	-9.860852655999999827e-01	2.490197057000000103e-01	6.536295162999999908e-01	1.129919408999999986e+00	-7.046510551000000344e-01	-3.891914567000000214e-02	1.380540963000000065e+00	-4.987067615999999926e-01	6.174455562999999758e-01	7.644492400000000298e-01	-5.959367416999999945e-01	6.032939159000000329e-01	-5.549662978000000080e-02	-6.539396589000000537e-01	-4.914649930000000166e-01	2.281138441999999988e-01	-2.187748278999999962e-02	8.019348927999999654e-01	4.674073509000000182e-01	-7.580283512000000057e-01	3.720285264000000036e-01	-3.433896566999999900e-01	-8.964664833000000055e-01	-6.089630919999999836e-01	7.953805765000000472e-01	-8.107794670000000314e-01	4.016109864999999751e-02	9.622956798999999783e-01	-4.535632888999999862e-02	-8.324325968000000353e-01	-1.805786722999999927e-01	-1.619655405000000048e+00	6.105237124000000293e-01	-1.073585366999999957e+00	-8.868537720000000402e-01	-6.068154205000000356e-01
-5.012768077000000488e-01	1.302854761000000083e+00	-2.156879148999999996e-01	-4.173740365999999979e-01	-6.833416275999999734e-02	-8.146523279999999534e-02	-8.054540065999999943e-01	-1.306761493999999968e-01	1.504570608999999948e-01	5.906888196999999785e-01	-3.029249412000000197e-01	-2.824445883000000213e-01	3.723555141000000068e-01	8.083245573999999767e-01	-7.767466710000000552e-01	2.056079184000000060e-01	-2.410001475000000115e-01	3.656783318999999866e-01	-5.338480544999999466e-01	6.851378941000000333e-01	5.244644097999999754e-01	-4.219256505999999934e-02	-6.493596282000000386e-01	4.284316141999999772e-01	8.616696829000000113e-01	9.360075606000000104e-01	-3.778730140000000071e-01	-7.296678533000000577e-02	1.436486230999999947e+00	-3.166848206000000276e-01	7.092393168999999720e-01	6.502787950999999733e-01	-3.509015422999999800e-01	6.244596449999999521e-01	-5.383719488999999525e-01	-4.271982465999999978e-01	-5.620667945999999748e-01	2.409956315000000016e-01	7.994287935999999650e-02	7.508046922000000123e-01	3.187304184999999873e-02	-8.682644940999999505e-01	2.567555427000000057e-01	5.171491152999999757e-02	-3.842300392999999925e-01	-4.498571009999999815e-01	9.802719424000000403e-01	-8.270299016000000059e-01	-3.768546192000000183e-01	9.895637187000000390e-01	4.012512696000000156e-01	-7.561978204000000536e-01	-2.335748129000000117e-01	-1.228850803000000047e+00	4.123575219000000236e-02	-7.453426669999999588e-01	-6.777441217999999878e-01	-9.269643319999999465e-01
-5.202845721000000090e-01	1.504036762999999999e+00	-3.644065525999999888e-01	-4.669895232999999868e-01	-1.382253901999999923e-01	-1.679736575999999926e-01	-6.973108220000000523e-01	-8.535095782000000353e-02	1.585707819000000129e-01	4.295307725999999993e-01	-1.900126286999999914e-01	-4.835442186000000198e-01	3.586726073000000015e-01	7.460971952999999601e-01	-4.937723598000000047e-01	2.638410083000000128e-01	-1.322595812000000037e-01	6.305427858000000052e-01	-5.658040630999999765e-01	7.146631394000000359e-01	7.509829128999999659e-01	-2.321262135999999920e-01	-1.043624410000000058e+00	7.355882730999999675e-01	7.158527708999999906e-01	1.407841955000000089e+00	-1.143942133999999999e+00	-8.286512480999999597e-02	1.443399155999999905e+00	-6.154889885000000005e-01	8.313784093999999625e-01	6.560773899999999825e-01	-9.273074672999999379e-02	5.576935403999999652e-01	-6.796633184999999466e-01	-5.907416577999999863e-01	-7.802437909999999643e-01	3.388344188999999895e-01	1.408481876999999882e-01	9.147833118000000541e-01	2.790434143000000144e-01	-7.882582724000000152e-01	2.735009728000000195e-01	8.696837986000000020e-01	-3.521589849999999799e-01	-5.588109029999999838e-02	7.388272227000000081e-01	-7.260981542000000122e-01	-1.637121608000000061e-01	-3.437053806999999794e-02	-1.742183874999999882e-01	-6.665985819999999951e-01	-6.645772179000000168e-01	-1.150467751000000094e+00	2.424604538000000031e-01	-6.598892564999999655e-01	-7.337958379000000253e-01	-2.533512923999999833e-01
-5.072098317000000023e-01	1.393587651999999899e+00	-1.757090880000000133e-01	-3.716946602999999794e-01	-1.170917286999999946e-01	-2.681001104999999884e-02	-8.717244619999999777e-01	3.985398852000000131e-02	8.627516917999999979e-02	4.669287898999999742e-01	-1.598755731000000013e-01	-6.759552547999999605e-01	5.828429035000000091e-01	9.547444797999999899e-01	-6.693563214000000094e-01	3.620881415999999825e-02	-2.634851772999999980e-02	4.131088086999999964e-01	-7.206566581000000138e-01	8.666491649999999991e-01	7.294679547000000319e-01	-1.992055544000000122e-01	-5.118853191000000136e-01	4.934957892999999873e-01	7.237877015000000469e-01	1.236652260000000059e+00	-6.389424652999999843e-01	1.004018566000000057e-01	1.321526114999999946e+00	-2.800090721999999865e-01	9.397249876000000057e-01	4.605971421000000232e-01	-4.522101671000000045e-01	8.027135759000000315e-01	-2.854783604999999724e-01	-7.615984070000000328e-01	-9.921303300999999575e-01	3.142256152999999830e-01	2.709153919999999771e-01	8.457485099999999534e-01	5.703035124999999983e-01	-5.286041689999999571e-01	2.514719471999999900e-01	5.275694553999999981e-01	1.637759016000000026e-02	-3.517141822000000029e-01	8.010951278000000286e-01	-6.651170038000000506e-01	-1.441942451000000069e-01	-1.356154054999999969e+00	-8.075525823000000158e-02	-5.706123415999999615e-01	-3.275142884999999726e-01	-1.618607286999999895e+00	2.709891475999999799e-01	-4.396565758000000046e-01	-6.410383228999999572e-01	5.247749427000000244e-01
-3.640422548000000202e-01	1.337632002999999958e+00	-1.727348551000000010e-01	-3.454126123999999853e-01	1.165621005999999960e-01	2.456036320999999828e-02	-4.378413067999999964e-01	1.025124179999999940e-01	1.268692807000000033e-01	3.776891437000000074e-01	-1.633542356999999889e-01	-5.143249340000000114e-01	6.827148804999999543e-01	1.290557766000000051e+00	-1.177244291000000054e+00	3.402452022999999937e-01	2.000849785000000103e-01	4.132011736000000268e-01	-2.369169436999999934e-01	7.547363183999999947e-01	6.632494201999999950e-01	-3.363644644000000211e-02	-1.264880140000000097e-01	3.313751804999999773e-01	6.521834706000000370e-01	9.151054672999999751e-01	-2.670381195000000041e-01	1.232305097999999988e-01	1.436377519999999963e+00	6.527296038999999550e-02	8.164910000999999751e-01	4.738070341999999768e-01	-2.881194651999999939e-02	7.942792288000000145e-01	-2.706865512000000140e-01	-8.305508064000000079e-01	-1.313409864000000038e+00	2.245019597000000033e-01	7.598550259000000362e-02	1.143395586000000019e+00	1.142709435999999940e-01	-9.381690806000000382e-01	5.112453500000000428e-01	8.125892037000000123e-02	7.245025894000000077e-01	-1.656175555999999938e-01	7.796581220999999617e-01	-7.463855673999999496e-01	-2.047206416000000029e-01	-1.311515530999999957e+00	-3.074593716999999837e-01	-8.677843697999999550e-01	1.751739761999999978e-01	-4.120087107000000026e-01	-5.544368378000000264e-02	-2.472416305000000036e-01	-2.693364631999999870e-01	1.644689587000000008e+00
-5.949521803999999747e-01	1.117421092999999921e+00	-8.745041116000000503e-02	-3.619573613000000023e-01	-5.198251905000000200e-02	1.092679525000000013e-01	-6.902484706999999498e-01	1.158756176999999922e-02	1.081842558999999981e-01	2.739101119999999834e-01	-1.310457906999999977e-01	-5.889746458000000295e-01	6.450629553000000183e-01	1.129102703000000041e+00	-8.541802048000000092e-01	6.226101952999999467e-01	4.396349447000000299e-02	4.972573490000000151e-01	-2.108553330999999864e-01	8.828352904999999806e-01	8.952713630999999950e-01	1.366362244999999864e-01	-1.702524088000000047e-01	4.668131562000000234e-01	9.883990838999999751e-01	9.877067443999999474e-01	-3.555572056999999897e-01	2.061217958000000072e-01	1.104213574999999947e+00	-7.589413744999999878e-01	8.013771113000000001e-01	5.400988494999999778e-01	-3.086514689000000033e-01	1.000582808999999962e+00	4.393608633000000152e-01	3.085320658999999854e-01	-5.840676941000000344e-01	3.769042867999999880e-01	-1.011522715000000017e-01	5.406624289000000472e-01	3.557793277999999892e-01	-1.238230466999999946e+00	4.973935548000000262e-01	-7.201209628000000418e-01	1.838937767000000001e+00	-9.916418141999999714e-02	5.555856777000000024e-01	-4.093444607999999763e-01	1.299313262000000024e-02	-2.709915762999999811e-01	5.544949510000000137e-01	-5.571787536000000207e-01	-1.490642084999999895e-01	1.391781203000000133e-01	-5.385533586999999983e-02	-3.628803888000000089e-01	7.849771477000000441e-01	1.346314749000000033e+00
-7.247596871000000496e-01	1.203753249000000025e+00	-8.993331101000000272e-02	-3.824049091000000233e-01	-1.956479312999999942e-01	8.254730354000000547e-02	-8.910327300000000506e-01	4.332628053999999784e-02	-9.769364751999999597e-02	3.479371092999999915e-02	-1.031128959999999956e-01	-8.468245358999999528e-01	6.426583323000000236e-01	1.038898075000000087e+00	-3.553307906000000016e-01	2.045683869999999904e-01	7.846611606999999433e-02	3.889230777000000083e-01	-1.098919275000000001e-01	9.640171339999999978e-01	8.442813505999999801e-01	3.987732610999999983e-01	-4.398870966999999799e-01	3.511150058999999990e-01	8.881292119000000485e-01	9.475655548000000428e-01	3.657189330999999904e-02	4.908057605999999878e-02	1.288833174000000081e+00	-8.255374627999999548e-01	1.073869479000000071e+00	6.499358482000000548e-01	-2.999979917000000218e-01	7.556691087000000362e-01	1.043472645000000032e+00	1.258432877000000005e-01	-2.395288674000000118e-01	5.575743939999999732e-01	8.567877556000000339e-02	1.796613199000000050e-01	2.720571052999999906e-01	-3.526914742000000214e-01	4.707308912000000012e-01	4.619428073999999884e-01	1.448203520000000077e+00	-1.672662652999999944e-01	1.788476901999999924e-01	-1.209988102000000010e-01	-7.037423305999999934e-02	1.012101856999999994e+00	6.147322157000000287e-01	-3.345335372000000085e-01	-1.513482884000000028e-01	-6.915074460000000256e-01	6.534804947000000253e-01	-7.880367781999999544e-01	5.227115012999999921e-01	5.182170147000000199e-02
-6.856304777999999711e-01	1.133954721000000054e+00	-1.023263720999999932e-01	-5.038384065000000023e-01	-1.863370309000000058e-01	1.447784843999999904e-01	-8.539363714000000050e-01	1.010974766999999941e-01	5.870719258999999857e-02	1.186667780000000005e-01	-1.882558712000000078e-01	-5.817471622000000009e-01	8.007715547000000544e-01	1.148151943000000008e+00	-7.574846422000000024e-01	3.171154715000000235e-01	9.040351494999999613e-03	5.043143583000000429e-01	-2.736733027000000200e-03	7.094561012000000222e-01	6.275220881999999945e-01	-1.395955590999999919e-02	9.392675973000000345e-02	2.359132325999999946e-01	7.915265294000000118e-01	9.202989916999999576e-01	-4.456043356000000122e-02	4.884747401999999655e-02	1.291488536999999992e+00	-7.400822195999999797e-01	8.463299234000000171e-01	7.302832325000000457e-01	4.402888960999999934e-01	9.843897995000000511e-01	1.284890644000000082e+00	-4.350720279999999995e-01	-3.131397988999999882e-01	5.853131883000000091e-01	1.105670234000000023e-02	3.316633133999999927e-01	1.631322637000000020e-01	-9.669625852000000021e-01	3.291963938999999950e-01	5.853526625999999622e-01	1.577352094000000093e+00	-2.100673047999999932e-01	-1.186119365999999953e-01	-2.310321214999999928e-01	-1.772398645999999911e-01	-8.243956258000000314e-01	4.733809173999999897e-01	-6.197138798000000337e-01	6.963530544000000322e-02	-4.282385463000000225e-01	8.003058816000000464e-01	-7.536147648000000032e-01	-2.359196553000000168e-02	4.440562004999999979e-01
-6.993782175999999629e-01	1.111067822999999954e+00	-1.055532141999999951e-01	-5.042441182000000355e-01	-1.446290897999999991e-01	1.465362651000000072e-01	-8.456216796000000091e-01	1.068586110000000061e-01	-3.290290058000000170e-03	6.470220488000000270e-02	-2.046923532000000101e-01	-4.900415814999999897e-01	7.523175589999999691e-01	1.126445021000000102e+00	-8.334828427999999567e-01	3.920672268000000016e-01	-1.065272508000000007e-01	4.529370193000000211e-01	-4.446337739999999816e-01	6.750654282000000395e-01	6.016344627999999917e-01	1.011219029000000047e-01	1.688757787000000066e-01	8.455968094999999352e-02	5.849300503000000040e-01	8.902588767000000347e-01	5.527989357000000215e-02	-1.487279621000000066e-02	1.317837772000000074e+00	-4.116603271000000008e-01	7.618555586999999907e-01	6.207850658000000355e-01	2.822777994999999818e-01	8.610696605000000003e-01	1.290599593999999906e+00	-3.710454590000000219e-01	-5.791329300999999985e-01	3.558797741999999986e-01	2.965829194999999863e-01	5.750638077999999931e-01	1.939311385999999970e-01	-6.361979695999999684e-01	1.221965289000000038e-01	-1.403031122000000059e-03	1.859241512000000096e+00	-8.365446762000000591e-02	2.305671847000000108e-01	-2.294159265999999864e-01	-1.980085924999999969e-01	-1.169114712999999917e+00	1.252785872999999939e-01	-7.652411697000000013e-01	-4.890241520999999980e-01	7.644119792000000357e-01	8.696329546000000077e-01	-6.583015929000000099e-01	-3.357267380000000245e-01	1.227528090000000072e+00
-7.350142507000000380e-01	1.111648720999999895e+00	-1.924347737000000058e-01	-4.861776270000000011e-01	-2.310698371000000084e-01	6.065532886000000144e-03	-9.473238231999999703e-01	5.575820455000000259e-02	-7.681198226999999545e-02	1.937538987000000101e-01	-1.351786577999999905e-01	-4.888136737000000065e-01	6.454917500000000308e-01	8.955248283000000198e-01	-5.817790778000000440e-01	3.536567736999999823e-01	-2.973854489000000156e-01	1.734465688000000061e-01	-1.767776677000000018e-01	7.752390534999999971e-01	7.179427919999999963e-01	-5.242128178000000222e-02	-1.702447420000000045e-01	9.780098395000000333e-02	7.509697177999999917e-01	9.846089720999999795e-01	-3.066493686999999801e-01	-2.174272925999999884e-01	1.308548397999999890e+00	-7.252203868000000053e-01	8.422424924000000424e-01	7.855887997999999595e-01	2.268456432000000023e-01	6.619372221999999528e-01	1.327425520000000025e+00	-3.848974896999999840e-01	-4.958921266999999911e-01	6.617139670999999668e-01	-6.209420236999999704e-02	2.945835169000000087e-01	1.825185101000000032e-01	-9.397681837000000371e-01	3.326095071999999875e-01	5.122442341999999815e-01	1.015680214999999942e+00	-2.987530362999999967e-01	1.114820839000000008e-01	-2.274381151000000045e-01	-1.503950695999999865e-01	-9.301818862999999826e-01	4.610905133000000045e-01	-5.574541303000000170e-01	2.191838195999999961e-01	1.832916344999999891e+00	1.021254585000000104e+00	-1.071931184000000092e+00	-3.438683893000000213e-01	1.352307190999999964e+00
-6.635617843000000127e-01	1.099501319999999893e+00	-2.740850717000000158e-01	-4.583200336000000097e-01	-2.268695515999999968e-01	8.863053968999999241e-03	-9.220831714999999651e-01	6.364706656999999379e-02	-1.358088802999999900e-01	8.003113149000000426e-02	-1.928430980999999989e-01	-3.997883778999999915e-01	4.837234154999999758e-01	7.856234078999999593e-01	-6.974703950999999735e-01	3.400372354000000263e-01	-3.897923829000000118e-01	-1.630481416000000017e-01	-2.122793883999999909e-01	6.100577134000000346e-01	5.645282642000000184e-01	4.886459678999999917e-02	-3.176014480000000084e-01	2.060089630999999977e-01	7.092084893000000223e-01	1.050140802000000040e+00	-4.773678491000000190e-01	-1.115459810000000024e-01	1.313495976000000010e+00	-7.734670854999999845e-01	7.047720811000000030e-01	8.319937104000000305e-01	2.894760698000000132e-01	8.408241524999999772e-01	1.023158656999999971e+00	-2.630122775000000024e-01	-7.034413540999999714e-01	3.784819385000000036e-01	-1.393312451000000007e-01	3.793430950000000190e-01	4.030971827000000007e-01	-8.072220705999999524e-01	1.224709477999999935e-01	-4.373622793999999980e-01	4.490049339000000139e-01	-5.607165499999999803e-01	1.434158828000000052e-01	-5.771200941999999889e-01	-1.908106726999999891e-01	-4.164279667999999934e-01	-1.007676557000000001e-01	-5.743882152999999491e-01	-1.607701377000000098e-01	1.789119298999999996e+00	6.427399683000000197e-01	-1.120294254000000045e+00	-9.268681974000000379e-01	1.224146331000000032e+00
-6.382423298999999606e-01	1.117590035999999953e+00	-2.330785210000000107e-01	-5.150067923000000158e-01	-2.517446556999999863e-01	8.509271243999999568e-02	-1.004108487999999966e+00	3.819421588000000006e-02	1.094760954999999952e-01	2.956340915999999819e-01	-2.494270158000000126e-01	-3.104024454000000044e-01	5.610628448000000157e-01	8.062741588999999820e-01	-9.530717153000000108e-01	2.907713435000000013e-01	-5.333608568000000050e-01	1.106233140999999948e-01	-4.842624586000000009e-01	5.643349036999999457e-01	4.784050555000000093e-01	-1.246786582000000004e-02	-3.571753784000000209e-01	1.399193974999999868e-01	7.050544016999999997e-01	1.172689231999999970e+00	-5.929646884999999479e-01	7.760158953000000082e-02	1.300738651999999940e+00	-6.920526134000000162e-01	6.653205155000000426e-01	7.211400849000000335e-01	-3.002420537000000111e-01	7.734619592000000488e-01	5.115551084999999665e-01	-4.613383172000000143e-01	-6.436573292999999696e-01	2.016254774000000027e-01	1.974130723999999865e-02	7.264662216999999700e-01	3.906069761000000029e-01	-8.970688648000000320e-01	-1.823784112999999873e-01	-1.200294637999999914e+00	2.702685384999999885e-01	-6.635838270999999677e-01	3.448623894000000245e-01	-6.084781311000000414e-01	-3.198814994999999994e-01	-3.818919808999999832e-01	-2.859955344999999885e-03	-5.309010489000000055e-01	1.033836601000000070e-02	7.606248789999999760e-01	7.846516740000000212e-01	-8.443325632999999497e-01	-1.138085204000000017e+00	7.979390044999999931e-01
-6.955779861999999980e-01	1.110193568999999991e+00	-2.691625337999999923e-01	-4.581336723000000166e-01	-3.313697673000000066e-01	-8.062846635000000747e-03	-1.088767709000000083e+00	5.767232022000000347e-02	2.537532661999999939e-02	2.495418192999999951e-01	-1.943748225999999968e-01	-4.233435910000000191e-01	5.096424560000000215e-01	8.147467881000000078e-01	-7.067158122000000153e-01	2.360869945000000081e-01	-5.358423495999999897e-01	-4.283691838999999918e-02	-4.042501788000000262e-01	5.882518903000000243e-01	5.974439611999999844e-01	1.723064736999999902e-01	-3.530039167999999838e-01	5.116983475999999920e-01	7.087286667000000095e-01	1.033175508000000020e+00	-5.673233491000000406e-01	7.596357715000000288e-02	1.202552000000000065e+00	-7.687328049999999635e-01	8.096461750000000235e-01	5.311881157000000186e-01	-7.822762508000000170e-02	6.488534660000000454e-01	-1.194771087000000009e-01	-1.569221727000000011e-01	-6.478256627999999795e-01	3.288091030999999720e-02	1.056129784000000016e-01	6.244064300999999650e-01	2.543482879999999779e-01	-1.075287510999999974e+00	-2.988670433000000237e-01	-1.105438177999999994e+00	3.736568345999999874e-01	-5.721721799000000219e-01	6.394210326999999472e-01	-7.234890551999999531e-01	-5.521991241000000494e-01	-1.910565318999999929e-01	2.300993262999999900e-01	-4.375555258000000114e-01	7.357992188999999683e-02	9.333004056999999465e-01	7.425480818999999344e-02	-3.305905658000000136e-01	-7.277103217000000512e-01	9.182605337999999451e-01
-6.511366684999999599e-01	1.172542860999999936e+00	-2.739769247000000130e-01	-4.264062981000000252e-01	-3.015596930000000175e-01	8.919833155999999652e-02	-1.021250470000000021e+00	1.073372207999999939e-01	1.897838783999999945e-02	2.521917345999999949e-01	-2.792063946000000185e-01	-3.704234282000000156e-01	5.564488543000000176e-01	8.832948224000000126e-01	-7.666962358000000144e-01	4.708120435999999659e-02	-5.882482573999999742e-01	-8.386672977999999612e-02	-4.127197315000000200e-01	6.076132589999999611e-01	6.142330482000000202e-01	-4.823315462999999692e-02	-5.589393969000000517e-01	3.948409869999999766e-01	8.641680063000000134e-01	1.102314199999999911e+00	-7.643393295000000531e-01	1.944597959000000098e-01	1.285159463000000057e+00	-7.308141715000000538e-01	7.971532136000000213e-01	5.578890610000000194e-01	-2.428874886000000066e-01	8.191140408999999512e-01	-2.584672285999999874e-01	-4.861844315000000277e-02	-5.432292734000000456e-01	1.062026860000000045e-01	3.038551558999999860e-02	7.556103887999999769e-01	4.110767021999999771e-01	-8.090482015000000082e-01	-2.008021560000000094e-01	-1.135631296999999984e+00	9.621473059000000549e-02	-6.792882772999999652e-01	8.299221035999999607e-01	-7.313392641000000527e-01	-3.307619568999999871e-01	6.361474714000000530e-01	1.125105463000000000e-01	-4.697383621999999814e-01	-3.022325945000000069e-01	5.600144388000000140e-01	2.845073517999999746e-01	-2.443170810999999998e-01	-5.377824943000000246e-01	9.006850178999999956e-01
-6.570806305999999930e-01	1.190000386999999993e+00	-2.026345505999999907e-01	-4.742147528999999806e-01	-3.012136706999999913e-01	1.153116522999999977e-01	-1.050785430999999992e+00	8.127025498999999875e-02	4.953928722999999951e-02	2.945760445999999755e-01	-2.258929796999999962e-01	-3.684967309000000135e-01	4.879293420999999964e-01	1.032078985000000060e+00	-9.735578728999999543e-01	6.251306148999999368e-02	-6.749062353000000458e-01	4.709977273999999686e-02	-4.632321388999999789e-01	5.675089608000000174e-01	5.144613368999999548e-01	1.732049686000000088e-01	-6.689970909000000354e-01	3.878741037999999808e-01	7.194151710999999727e-01	1.079789332999999907e+00	-6.116659067999999921e-01	4.890968619000000128e-01	1.356961094999999951e+00	-7.531709559000000498e-01	8.020313822000000314e-01	4.236513610000000041e-01	-2.734430697999999937e-01	6.938102825999999945e-01	-3.487095504000000123e-01	-1.251943999000000030e-01	-6.105160348999999487e-01	-3.505960550000000037e-02	8.261934293000000595e-02	9.282585400999999736e-01	3.871386229000000068e-01	-8.119432482999999756e-01	-3.851606531000000277e-01	-1.207959243999999988e+00	1.393265140000000124e-01	-5.859728190999999864e-01	9.831379525000000230e-01	-6.500555195999999647e-01	-3.592306886000000143e-01	9.417136716999999768e-01	6.161947465999999957e-02	-4.119328955000000070e-01	-1.606397848999999850e-02	-4.215943181999999845e-01	3.361724464999999995e-01	1.900884974000000005e-01	-7.550978910000000210e-02	2.556971277000000264e-01
-6.919969343999999856e-01	1.176828656999999945e+00	-1.981021403999999875e-01	-4.111303353999999910e-01	-2.899003620999999753e-01	1.462059444999999902e-01	-1.069477749999999894e+00	1.421932656000000073e-01	3.071304437000000123e-02	3.851388708999999855e-01	-1.977137197999999929e-01	-4.266091740999999882e-01	5.502111136999999763e-01	1.040332794000000005e+00	-7.806903082999999688e-01	-8.012629179999999560e-03	-8.532037346999999938e-01	1.139256039999999998e-01	-4.387938560999999904e-01	7.424138250999999800e-01	8.706664555999999999e-01	8.048535799000000601e-02	-6.575494179999999966e-01	4.992823544000000169e-01	1.040900533999999933e+00	1.061663129000000039e+00	-5.206642454000000031e-01	4.750171986000000235e-01	1.231837137999999943e+00	-7.969846280000000283e-01	9.849513232000000063e-01	3.792755024999999724e-01	-4.513724466999999851e-01	7.602370754999999702e-01	-5.581867674000000334e-02	-5.064000552000000321e-03	-3.989638731999999854e-01	2.110479671000000113e-01	1.710982668999999970e-02	8.974792864999999731e-01	3.896534067999999906e-01	-1.043108520000000095e+00	-4.582058071999999677e-02	-1.119822066000000005e+00	1.835210901999999866e-01	-5.326526295000000299e-01	1.110090275999999987e+00	-3.497594439999999749e-01	-3.204419285999999811e-01	1.166122974999999951e+00	4.918489623999999782e-01	-3.641760754000000211e-01	-3.126121082999999690e-02	-3.171407217000000167e-01	1.278562480999999862e-01	4.849264563999999833e-01	6.193794074999999788e-01	1.359185703999999939e-01
-6.811630357000000302e-01	1.220345425000000095e+00	-2.377991980999999977e-01	-4.180515159000000036e-01	-2.811068828000000130e-01	1.506310821999999883e-01	-9.872949215999999861e-01	1.667396710999999865e-01	-1.291153650999999902e-01	2.438182627000000102e-01	-2.173687034000000018e-01	-4.186211858000000174e-01	4.222887727999999896e-01	1.092181043000000074e+00	-6.390063327999999654e-01	4.077830394000000330e-02	-8.067465242000000369e-01	6.650514763999999801e-02	-1.891785292000000007e-01	6.579510970999999930e-01	5.854113384000000364e-01	7.521019702999999501e-02	-8.487624250999999953e-01	2.346045890000000023e-01	9.760822157999999860e-01	1.124829040000000058e+00	-6.046917235000000002e-01	4.914135409000000010e-01	1.459974037999999918e+00	-7.469444516000000034e-01	9.638683564000000148e-01	5.558552533999999712e-01	-1.378355324999999965e-01	8.583130892000000456e-01	2.266872446000000041e-01	1.500968611999999869e-01	-6.677873065999999636e-01	3.106469830999999959e-01	4.141944579000000209e-02	7.722533825999999824e-01	4.790604226999999882e-01	-3.845404163999999736e-01	-5.849973743999999781e-02	-7.894682861999999801e-01	-3.849789066000000037e-01	-4.858848530000000054e-01	8.882167407000000070e-01	-5.125493084000000144e-01	-1.222213592999999987e-01	1.214508691000000029e+00	1.118938004000000069e-01	-3.897828253999999770e-01	-2.861934700000000054e-01	3.756077590999999938e-01	4.302612369000000103e-01	3.370199900999999998e-01	7.547148880999999809e-01	4.615639362000000245e-01
-6.615809141999999810e-01	1.259945324999999894e+00	-1.246708143000000019e-01	-4.834293250000000208e-01	-2.883913759000000243e-01	2.504394361000000235e-01	-1.031511046999999959e+00	1.875222619999999951e-01	7.201759840000000398e-03	3.901151075000000024e-01	-1.506133223999999993e-01	-3.403984896000000204e-01	4.472938242000000231e-01	1.167550421999999921e+00	-8.757456219000000486e-01	2.002257930000000130e-01	-1.012511401000000033e+00	2.639622504999999952e-01	-3.281913304999999892e-01	5.984870174999999959e-01	5.760152154000000024e-01	1.133798426000000026e-01	-8.781932685000000127e-01	1.599901505999999918e-01	9.068389101999999591e-01	1.162824882000000004e+00	-5.668863930999999967e-01	6.305149893999999478e-01	1.435000687999999913e+00	-6.756562898000000317e-01	8.673101398000000462e-01	4.404909309999999745e-01	-4.142255651000000261e-01	7.917672077999999836e-01	4.757881918999999904e-01	-3.018104817999999745e-01	-5.920603425999999558e-01	2.668244686999999837e-01	1.735115809999999981e-02	8.500936969000000287e-01	5.066975585999999865e-01	-4.765626682999999919e-01	-3.884303741999999698e-02	-9.818452042999999962e-01	-6.281996497999999818e-01	-5.444164371999999918e-01	8.108012898999999996e-01	-3.704750157999999738e-01	-2.299377079000000101e-01	1.104746532999999920e+00	5.692471634000000058e-02	-4.611090865999999955e-01	-2.982079308999999873e-02	-9.981663281000000554e-01	7.425295117000000333e-01	3.337981977999999739e-01	7.373908916000000424e-01	-2.802669389999999927e-01
-7.413273067000000216e-01	1.226832356000000068e+00	-1.901952405000000013e-01	-4.689819472999999794e-01	-4.214283588000000136e-01	1.508934151999999917e-01	-1.128008472999999956e+00	2.367151613000000043e-01	-9.624036499999999439e-02	3.337555012999999793e-01	-1.207139787999999964e-01	-4.498618198000000068e-01	4.004607892000000002e-01	1.103597076000000010e+00	-5.319848466000000053e-01	8.806494751000000509e-02	-1.006287305999999937e+00	1.179554589999999986e-01	-1.927476627999999970e-01	7.072171924000000276e-01	6.517924644999999462e-01	8.297035613000000587e-02	-8.774374872000000325e-01	3.814509825999999881e-01	9.835377900999999756e-01	1.074132837999999923e+00	-4.328292482000000163e-01	6.470877295000000418e-01	1.363145221999999990e+00	-7.244949882000000230e-01	1.052843010999999995e+00	5.150526973000000286e-01	-1.318598105999999881e-01	8.460638587000000044e-01	3.566237099999999827e-01	-5.442270719000000256e-02	-4.096868037999999990e-01	2.215646782000000037e-01	1.516552902999999952e-01	6.390986194000000120e-01	5.243790069000000553e-01	-4.597973759000000271e-01	-1.303175525999999973e-01	-8.521138937000000135e-01	-4.910547968000000263e-01	-5.177366016000000126e-01	8.615430699999999664e-01	-3.425608606000000167e-01	-2.431903648000000029e-01	1.512899900000000075e+00	3.607116524000000268e-01	-3.844486532999999984e-01	2.089193397999999924e-01	-5.669096909999999934e-01	3.837467870999999864e-01	3.854139044000000069e-01	9.733769294999999877e-01	-5.964865000000000306e-01
-7.060290421999999566e-01	1.293472385999999918e+00	-1.794518486999999995e-01	-3.954441562000000077e-01	-3.325811691000000181e-01	1.940098342999999892e-01	-1.021050827999999910e+00	2.378541104999999933e-01	-9.338427437000000608e-02	2.991854863000000253e-01	-1.333198382000000126e-01	-5.895020401999999660e-01	4.341945313999999723e-01	1.032748865000000071e+00	-3.361508382000000239e-01	-1.500448369000000060e-02	-8.622713398000000362e-01	2.045597715999999955e-01	-2.425245333000000114e-01	8.034670837999999815e-01	7.925303916000000504e-01	-2.055432134999999882e-01	-7.961972422999999965e-01	3.679516487000000224e-01	1.104453255999999994e+00	1.108620209999999995e+00	-5.185063629999999701e-01	3.867714445000000056e-01	1.512697710000000084e+00	-6.955477894999999577e-01	1.180549113000000094e+00	5.443082408999999622e-01	-3.370652672000000183e-01	9.250305293999999678e-01	2.335430732000000065e-01	-3.612985552999999767e-02	-1.873609958999999936e-01	4.150000850000000185e-01	1.750295880000000137e-01	5.322631862000000158e-01	3.976167441999999830e-01	-3.192593179000000059e-01	1.259058899999999925e-01	3.739800634000000068e-01	-8.616603121000000476e-01	-4.728687608000000098e-01	6.079152623000000366e-01	-3.438845824000000273e-01	-1.417026010000000114e-01	1.294784696000000013e+00	5.076189452999999574e-01	-4.951461587000000053e-01	-2.313249824999999982e-01	-9.858003022000000337e-01	7.223571119999999679e-01	6.997586741000000332e-02	7.854117847999999569e-01	-6.180988061000000089e-01
-6.882471027000000019e-01	1.272558518999999944e+00	-8.960234605000000352e-02	-4.516056759000000032e-01	-3.115361964999999733e-01	1.718686446999999895e-01	-1.033561868999999911e+00	2.943465330000000213e-01	-1.574510528000000117e-02	2.848014656000000255e-01	-9.223084507999999848e-02	-5.587440692999999792e-01	5.943231750999999896e-01	1.044723784999999960e+00	-6.715798519000000244e-01	1.265220053999999983e-01	-6.703173770999999448e-01	4.156841713000000160e-01	-2.413392185000000079e-01	6.299327734999999873e-01	6.649553661999999532e-01	-3.545928017000000293e-02	-3.172556649000000117e-01	5.306518036999999799e-01	8.616433421000000425e-01	1.111248041999999936e+00	-2.873835916999999962e-01	4.264340731999999856e-01	1.436603497999999979e+00	-6.575516842999999945e-01	1.067956206000000074e+00	3.916219920999999826e-01	-1.614386915000000089e-01	7.999395602000000105e-01	1.808042045000000098e-01	-3.216726978000000181e-01	-4.202261472000000109e-01	2.367120463000000063e-01	3.235347799000000135e-01	6.342584273000000383e-01	1.542749962999999946e-01	-6.405402140000000522e-01	1.695096324999999932e-02	5.762226500999999557e-01	-4.122929940999999765e-01	-3.444147891000000072e-01	5.432655559000000300e-01	-2.357877134999999957e-01	-3.580711079000000185e-01	-8.719118957999999475e-01	3.207351948000000119e-01	-5.696235922000000285e-01	2.867982812000000048e-01	-1.358361565000000049e+00	5.406354893999999467e-01	3.410640804000000248e-01	5.805297950000000151e-01	-1.270627019999999996e-01
-7.283210315999999462e-01	1.219110608000000040e+00	-5.567185166000000046e-02	-4.484800478000000035e-01	-2.869764942999999957e-01	2.535442412000000201e-01	-9.968642975000000517e-01	4.068074566000000059e-01	5.084838753999999794e-02	3.275095673000000263e-01	-9.085172812000000264e-02	-3.392442440999999809e-01	8.486636877000000023e-01	9.725161839999999502e-01	-7.099767261999999635e-01	3.175004697000000098e-01	-2.950158615999999845e-01	5.261059298000000384e-01	-4.481812573999999771e-01	8.261322029000000011e-01	9.773361467000000191e-01	-1.908517222999999985e-01	6.316270334000000097e-02	6.360052627000000181e-01	9.714957298999999935e-01	1.197021997000000004e+00	-4.125984562000000189e-01	2.966585165000000246e-01	1.159141417999999923e+00	-3.809874900999999925e-01	1.025158575999999933e+00	3.664124566999999999e-01	1.152191956000000045e-01	8.949310352999999552e-01	3.291368418999999768e-01	-1.376023020000000097e-01	-4.596975491999999996e-01	2.443149209000000099e-01	3.771835681999999856e-01	1.028543140000000022e+00	1.056904107999999953e-01	-1.104802690000000087e+00	1.014675357999999944e-01	-5.795615382000000038e-01	8.892298308999999623e-01	-1.019631956000000006e-01	6.716520614000000000e-01	-2.320694050000000064e-01	-2.479651117999999987e-01	-1.151890016999999933e+00	4.107967278999999916e-01	-5.186946185999999903e-01	4.128593796999999871e-02	5.679279269999999713e-02	3.039013353999999723e-01	1.634380461000000118e-01	8.479769564000000370e-01	1.209134485000000092e+00
-7.366694418000000466e-01	1.290260356000000108e+00	-1.546613243000000137e-01	-5.119147280000000411e-01	-2.704740409999999984e-01	1.184600675999999964e-01	-9.560685809000000202e-01	3.319028245999999793e-01	-1.854948284999999863e-01	1.264564941000000109e-01	-1.508637925000000102e-01	-4.549503169999999930e-01	8.185514269000000454e-01	8.048020470000000204e-01	-3.099014875000000169e-01	4.214403232999999749e-01	-9.039298850999999413e-02	5.430747477999999795e-01	-1.475912883999999925e-01	9.468915743000000385e-01	9.239837540999999987e-01	6.872833178999999959e-02	-4.555941117999999790e-01	4.917140924000000246e-01	9.606569842000000081e-01	1.293022611999999905e+00	-5.096387553000000237e-01	-1.726729902999999955e-01	1.384782686999999957e+00	-2.533566268999999926e-01	9.798774734999999847e-01	7.899138388999999982e-01	1.115294616000000044e-01	7.310377654999999919e-01	1.005222083000000044e+00	4.297468357999999905e-02	-7.727823674999999559e-01	6.657251535999999525e-01	4.086879795000000204e-01	9.652203636999999725e-01	2.071159401999999872e-01	-5.763439538000000306e-01	1.791099878999999895e-01	1.465265299000000077e-01	6.387450134000000057e-01	8.509855665000000402e-02	2.584084333000000178e-01	-8.548451053000000188e-02	-2.581111662000000126e-02	-5.379951068999999642e-01	1.273485840999999952e-01	-2.192140679000000036e-01	4.177309364000000164e-02	1.618633833000000077e+00	9.861972007000000540e-01	-6.781817638999999565e-01	5.568127035000000058e-01	1.530358289999999899e+00
-7.150289158000000533e-01	1.275077776999999912e+00	-1.826324984999999901e-01	-5.684039550999999690e-01	-3.025354793000000209e-01	1.643427074999999904e-01	-9.916715261999999864e-01	3.325788624000000082e-01	-7.485521377999999892e-02	1.998460830000000077e-01	-2.089953780999999899e-01	-3.776446122000000072e-01	8.827137314999999873e-01	8.162655632999999966e-01	-6.737477246999999947e-01	5.953242039999999680e-01	-7.831056271000000346e-02	3.295354911000000220e-01	-1.528068172000000002e-01	7.500602901999999794e-01	7.097251925999999989e-01	-8.816703161000000177e-02	-6.546144353999999721e-01	2.742772298000000220e-01	8.955396321999999909e-01	1.253758681000000097e+00	-5.968029474999999584e-01	-3.439117314999999842e-01	1.380873374000000098e+00	-2.089100936999999936e-01	7.366452530999999526e-01	8.907264464999999909e-01	3.044618959000000014e-01	7.518589725000000001e-01	1.402358994000000081e+00	-7.159063191000000215e-01	-8.723153696000000012e-01	6.538733340000000283e-01	1.748907447999999976e-01	1.006381498999999957e+00	1.722885777000000007e-01	-7.029133416999999717e-01	2.630824426999999743e-01	-5.307246061999999487e-01	8.920442712999999968e-02	-2.622923717999999793e-01	-2.304501112000000018e-01	-2.305183255000000098e-01	-1.340332770999999867e-01	-6.367051272000000539e-01	8.509151212000000408e-02	-3.784432668000000111e-01	2.280637718999999897e-01	1.011936514000000065e+00	9.636846832000000029e-01	-1.128172624999999929e+00	-2.489844046999999949e-01	1.123316852000000088e+00
-7.177491919999999803e-01	1.191708919999999949e+00	-2.125108910000000073e-01	-5.173907715000000129e-01	-2.842816948999999926e-01	1.298289247999999951e-01	-1.015633577000000010e+00	3.135462609999999928e-01	-1.775172960999999924e-02	1.614506216999999910e-01	-2.195553699999999997e-01	-3.890079761999999941e-01	7.888802958999999726e-01	7.638473822000000357e-01	-6.997656548999999782e-01	5.031121116000000226e-01	-4.785505979000000132e-02	2.474112122000000080e-01	-3.747720532000000104e-01	7.901067768999999741e-01	8.554353471000000209e-01	-2.036572840000000148e-02	-4.358936903999999779e-01	4.283462760999999785e-01	7.900258863000000353e-01	1.137111001999999926e+00	-5.753588809999999887e-01	-3.015989232999999881e-01	1.250515983999999969e+00	-4.887690001000000173e-01	7.328013378000000078e-01	8.377528090000000427e-01	2.001728262999999952e-01	8.518249498000000086e-01	1.191422479999999950e+00	-5.736937679000000401e-01	-8.938547732999999607e-01	3.235377132000000211e-01	1.655127278999999896e-01	8.946575800999999606e-01	2.842167738999999971e-01	-1.021602231999999999e+00	3.845830095000000309e-02	-8.019645362999999749e-01	1.266214950000000006e-01	-2.993217307000000105e-01	1.928217247000000092e-02	-3.456841915000000154e-01	-2.318308414999999956e-01	-1.101799312999999891e+00	-1.699797926999999931e-01	-5.653604271000000070e-01	-1.513278711999999915e-01	9.147307404000000197e-01	5.563789623999999545e-01	-7.813857722000000505e-01	-5.083464653999999472e-01	1.075934935000000037e+00
-6.872874006000000424e-01	1.238039600000000018e+00	-3.065743073000000152e-01	-4.992619557999999902e-01	-2.859076338000000050e-01	1.014981350000000032e-01	-1.009269763000000042e+00	1.885553007000000114e-01	-3.685182917000000280e-02	2.918664457999999851e-01	-3.096263475000000098e-01	-4.242237157000000036e-01	8.010457347999999644e-01	6.830604409999999627e-01	-5.344782858000000081e-01	2.565449678999999761e-01	-1.826070867000000042e-01	2.698398461000000026e-01	-3.498791005999999926e-01	7.917357882000000124e-01	7.532935021000000120e-01	-8.975008378000000342e-02	-6.619442949999999604e-01	4.095451670999999960e-01	9.364231350999999703e-01	1.341574566000000024e+00	-8.396656091999999960e-01	-3.879024994999999976e-01	1.323601715999999984e+00	-5.520968373000000318e-01	8.055212169000000033e-01	8.692843932999999579e-01	-2.060104476999999878e-01	6.844712300999999943e-01	7.131720043999999481e-01	-5.571990533999999773e-01	-7.382906759999999791e-01	4.388123518000000001e-01	2.164215302999999806e-03	8.844012669999999909e-01	3.032548447000000258e-01	-6.791577897999999669e-01	-2.148462816999999886e-02	-3.434885024000000064e-01	9.274507261999999363e-03	-5.264825991999999566e-01	1.395252676000000025e-01	-3.669777627999999958e-01	-3.006919487999999974e-01	-5.961418101000000025e-01	-7.886161309000000452e-02	-5.192379396999999841e-01	1.907714329999999903e-01	1.466308015000000076e+00	9.108467896999999924e-01	-8.606437931999999513e-01	-8.358690694000000532e-01	1.482042676999999919e+00
-6.176669200000000082e-01	1.296893673000000025e+00	-3.519192032999999831e-01	-5.346135016999999934e-01	-2.636432378999999937e-01	2.807802330999999846e-02	-9.545036394999999452e-01	9.522312004999999857e-02	-1.062581089999999930e-02	2.730825749999999941e-01	-3.842278916999999905e-01	-3.612398216000000106e-01	6.732122175000000430e-01	8.226151467000000217e-01	-8.203466584999999922e-01	3.202258970999999899e-01	-2.628015076999999922e-01	1.685598558999999996e-01	-2.884494438999999910e-01	5.887260438000000429e-01	5.424141661000000392e-01	1.105344503000000034e-01	-8.754267489000000513e-01	2.966516354000000022e-01	8.158739557999999947e-01	1.255300684000000055e+00	-8.537190249999999647e-01	-3.311436347999999752e-01	1.389840970000000064e+00	-2.832882883999999768e-01	6.600388130000000020e-01	8.524900614999999515e-01	1.138703073000000010e-01	6.223712342999999647e-01	2.577342277999999931e-01	-7.785974576999999952e-01	-1.079635045999999932e+00	1.834702648000000047e-01	-1.891696476999999987e-01	1.124266564000000024e+00	3.558914126000000122e-01	-8.279609412999999751e-01	-2.264912303999999932e-01	-1.111777516999999937e+00	-5.605202808999999731e-02	-6.658330493999999877e-01	3.899793921999999968e-01	-6.541864267000000455e-01	-3.302311010999999796e-01	1.906954141999999963e-01	-3.247877898000000041e-01	-5.890252884000000133e-01	2.008187908000000077e-01	8.065986536000000484e-01	5.090273307999999552e-01	-1.028359650999999930e+00	-1.235967693999999950e+00	8.151004295999999538e-01
-6.151123858999999472e-01	1.296392304000000051e+00	-3.426497988000000161e-01	-5.447935188000000428e-01	-2.897080282999999756e-01	4.675777121000000008e-02	-9.773347131999999826e-01	1.422952828000000058e-02	1.701280919000000003e-01	3.980809725000000188e-01	-4.327189835999999956e-01	-2.845262095000000158e-01	6.997550698000000180e-01	8.336465225000000423e-01	-7.747965507999999835e-01	2.725467038000000120e-01	-2.806123308999999844e-01	3.412836235000000218e-01	-7.557627078999999970e-01	5.788506569000000379e-01	5.284368527999999676e-01	1.031693353999999993e-02	-7.728835789000000345e-01	4.045605922000000132e-01	8.869844654999999856e-01	1.347971215000000056e+00	-9.148866590999999993e-01	-3.137584857999999866e-01	1.385357372999999948e+00	-3.024949930999999981e-01	7.065306554000000405e-01	7.176436415000000402e-01	-3.327914625999999765e-01	7.878431017999999453e-01	-1.088579997999999938e-01	-5.093431029999999637e-01	-1.057629098000000045e+00	7.185091691999999364e-02	5.422918084000000194e-02	1.354917289999999941e+00	3.322374853999999766e-01	-7.248469274000000073e-01	-4.664120722999999802e-01	-1.355645731000000076e+00	2.697191251000000123e-01	-6.281864871000000239e-01	7.714109769000000449e-01	-7.007383528999999722e-01	-3.654509932000000183e-01	3.768123333000000241e-01	-5.559867528999999919e-01	-5.904381323999999820e-01	-3.200352845000000168e-01	3.178362500999999951e-01	6.750416150000000393e-01	-9.725385719000000373e-01	-1.301521629000000013e+00	5.198360468999999595e-01
-6.406535103999999592e-01	1.196669360000000015e+00	-3.192329828000000091e-01	-4.463272825999999860e-01	-2.400792023999999969e-01	-1.051402220999999998e-01	-9.285214044999999805e-01	-3.859830178999999750e-02	-2.155801723000000045e-02	2.800832446000000031e-01	-3.820134859000000049e-01	-4.594836804999999913e-01	6.377580144000000173e-01	7.267835015000000398e-01	-6.638929862000000348e-01	1.272316306999999869e-01	-1.899169551000000067e-01	1.484743887999999956e-01	-3.890837837000000188e-01	7.392577366999999455e-01	5.934307570000000309e-01	3.495648646999999776e-01	-8.860719055000000344e-01	3.816335046000000064e-01	8.634472558000000353e-01	1.174698156000000049e+00	-7.942902306000000356e-01	-2.350763653000000064e-01	1.348250825999999902e+00	-5.310995715999999867e-01	7.954677795000000273e-01	7.684711717000000109e-01	-3.712551201000000023e-01	5.430668659999999814e-01	-2.899803235999999784e-01	-2.228590474000000099e-01	-9.809286064000000138e-01	7.750547262000000159e-02	-7.493248300999999501e-02	1.025817294999999962e+00	3.099549376999999883e-01	-8.006329240999999763e-01	-2.854013202999999832e-01	-9.217896925999999880e-01	3.658707961000000064e-01	-6.761188204000000423e-01	9.607644457999999776e-01	-7.128054314999999752e-01	-2.653730796000000058e-01	7.623047526999999768e-01	-6.286723271999999918e-02	-4.127187816999999814e-01	2.751086427000000167e-01	8.707112044999999467e-01	5.777110057000000021e-01	-1.425071572000000009e+00	-1.306944322999999963e+00	6.444197268000000367e-01
-5.058467586999999543e-01	1.273771532000000040e+00	-2.834667611999999726e-01	-4.487359430999999788e-01	-8.876612871000000293e-02	1.791104750999999995e-02	-7.086825264999999652e-01	1.691845138000000123e-02	1.708995871000000000e-01	3.227387868000000104e-01	-2.620688820000000030e-01	-3.726825436999999797e-01	6.124263820999999997e-01	7.431727074999999738e-01	-1.009813054000000099e+00	2.195784137000000025e-01	-1.286598482999999904e-01	2.286206557000000084e-01	-5.844054147999999671e-01	6.947731312999999576e-01	6.107034902000000320e-01	3.599368247999999715e-02	-8.306628786999999958e-01	2.923239532999999946e-01	8.755318737999999712e-01	1.153458376999999979e+00	-7.266942888999999850e-01	-4.416959478999999966e-01	1.217376019000000031e+00	-3.396857645999999953e-01	9.532897849999999451e-01	5.776110345999999618e-01	-1.510211183999999873e-01	8.326177580000000411e-01	-6.069187261999999805e-01	-6.522857753999999897e-01	-1.032452010999999947e+00	1.384165035999999904e-01	-1.609903901999999998e-01	1.112930439999999965e+00	2.647011195999999789e-01	-1.066126386000000092e+00	-1.080746835999999919e-02	-3.615190476999999847e-01	4.580512478000000054e-01	-9.138947070999999811e-01	1.211867682000000057e+00	-7.781661391999999955e-01	-3.933983077000000050e-01	1.198953200999999913e+00	-4.203357540000000059e-01	-7.610638377999999760e-01	-2.387558227000000088e-01	-1.318228914000000085e+00	7.182268078000000333e-01	-1.607997074000000026e+00	-1.411305822000000099e+00	-3.638292167999999938e-02
-4.353447206000000125e-01	1.376891144000000011e+00	-2.644831836000000047e-01	-4.823765655000000208e-01	-5.080054517999999658e-02	2.920345570999999946e-02	-6.462094844000000338e-01	-9.512324306999999160e-03	3.043984993000000139e-01	3.178921336000000153e-01	-3.016478919999999730e-01	-4.976033066000000171e-01	6.164888043999999789e-01	9.978428150000000496e-01	-1.102530545999999889e+00	1.549243505000000021e-01	1.121935490000000035e-01	5.374272530999999464e-01	-6.181161107000000543e-01	7.428293460999999542e-01	5.735190289999999580e-01	-4.652981559000000239e-02	-3.234941588999999951e-01	2.601489933000000199e-01	7.456133246999999686e-01	9.726071107000000548e-01	-3.522425840999999780e-01	-2.139072847000000055e-01	1.398472386999999983e+00	-2.249832331000000130e-01	1.161885229999999991e+00	6.214902132999999829e-01	-5.522208840000000091e-02	8.947931636999999494e-01	-7.408794362999999716e-01	-7.427044426000000144e-01	-1.107027575000000041e+00	1.021674451999999983e-01	2.058025112999999906e-01	1.243379318999999983e+00	3.239390528000000297e-02	-8.421549861999999553e-01	-1.419097381999999963e-01	6.255255883000000461e-01	9.188313439999999943e-01	-4.980400012000000265e-01	1.214494482000000097e+00	-7.552895089000000173e-01	-3.671634277999999973e-01	-1.960202749999999938e-01	-4.417526440999999804e-01	-8.885074837999999975e-01	-9.809603012999999760e-02	-1.818759390000000087e+00	7.029804433999999880e-01	-9.029496826999999781e-01	-1.152360024000000038e+00	-3.021145138999999924e-01
-4.563039881000000020e-01	1.325593365000000023e+00	-2.150780914000000044e-01	-4.796757905999999849e-01	6.457600850000000045e-03	8.344773965000000515e-02	-4.602759986000000136e-01	2.171489111999999957e-02	2.720222519000000116e-01	3.718344688999999925e-01	-3.389084237000000166e-01	-4.357985314000000221e-01	8.277824195999999857e-01	1.159036382999999892e+00	-1.181962693000000009e+00	3.477526643000000139e-01	1.480493496999999992e-01	1.023041982000000072e+00	-5.548902009999999718e-01	6.964553835000000248e-01	6.743118538000000273e-01	-3.967717309999999747e-02	2.014140551999999973e-01	3.248846644000000228e-01	9.068151191000000111e-01	9.720214004999999657e-01	-4.714824528000000070e-01	7.270854991000000322e-02	1.512071299999999896e+00	-4.758238732999999776e-01	1.188552682999999943e+00	4.145355683999999985e-01	-1.021981381999999966e-01	9.414171268000000037e-01	-5.274394886000000060e-01	1.201470055000000009e-01	-1.084928040000000093e+00	1.389647328999999987e-01	1.195093688000000015e-01	1.280393325999999998e+00	4.193053374999999861e-02	-1.090318652999999971e+00	1.240950118000000019e-01	1.366826025000000000e-01	1.712332578000000050e+00	9.173369770000000534e-02	1.246711232000000003e+00	-6.744303753999999484e-01	-2.433365312999999919e-01	-1.056989530000000066e+00	-5.033246742000000440e-01	-7.424572049000000007e-01	-4.724654394000000202e-01	-7.010001801999999893e-01	3.737442564999999828e-01	-3.391151385000000240e-01	-4.582980064000000131e-01	7.097718455999999509e-01
-2.585666833999999970e-01	1.419350190999999928e+00	-2.724695395000000242e-01	-4.371138202000000028e-01	1.548184310000000063e-01	9.082689810999999835e-02	-1.337752718999999924e-01	4.320388000000000006e-02	4.527196047999999806e-02	2.770182140999999931e-01	-2.297018909999999914e-01	-3.289816569999999829e-01	6.858094500000000426e-01	1.240860026000000005e+00	-9.746645181999999963e-01	9.294371614999999975e-01	1.024267497999999943e-01	8.007974459000000156e-01	-1.374816145999999961e-01	8.674136646000000228e-01	8.120690161000000407e-01	1.355887954999999978e-01	-2.260305572000000096e-01	-1.203771960000000057e-01	1.026235943999999956e+00	9.241413936000000273e-01	-5.853344393999999618e-01	3.116623987999999831e-02	1.636147685999999934e+00	-5.287308375000000088e-02	1.175256561000000088e+00	7.221647288000000442e-01	-9.040399955000000265e-02	1.137005569999999910e+00	-6.332396397999999482e-02	2.847742464999999945e-01	-1.165322514000000087e+00	3.834322430000000059e-01	-2.198781156999999875e-01	1.375336957000000027e+00	1.810014590000000034e-01	-7.912093145999999910e-01	6.739902518999999481e-01	-3.624948686000000198e-01	1.876236736000000072e+00	2.005551278999999909e-01	1.167939075999999909e+00	-5.220523170999999962e-01	2.636785549999999811e-01	6.415842321000000403e-01	-5.128688747999999853e-01	-7.378184424000000519e-01	1.094189036000000059e-01	1.010760901000000017e-01	7.176287581000000415e-01	-4.231250386000000030e-01	7.769205916999999406e-02	6.379330724999999758e-01
-9.167519330999999994e-02	1.536667672999999956e+00	-2.407608210999999943e-01	-5.355566935000000139e-01	1.630420546000000137e-01	6.781050142000000225e-02	7.774203453000000374e-02	3.797240050999999700e-02	1.876463080999999852e-02	2.511878858000000103e-01	-4.188934195999999832e-01	-3.922693441999999808e-01	5.741190731999999963e-01	1.182939576999999964e+00	-8.502483602000000529e-01	1.076922390000000007e+00	-3.027957239999999883e-01	5.441515311000000299e-01	1.421320154999999863e-01	7.693144062000000227e-01	6.417202745000000208e-01	-8.080218556000000329e-02	-6.160483275999999453e-01	-3.750742749000000043e-01	1.020671013000000071e+00	4.417428449999999951e-01	-4.377045113999999959e-01	-2.525427335000000051e-01	1.979195014000000086e+00	3.607364811000000060e-01	1.253618362999999958e+00	1.080321381999999941e+00	4.770468638000000200e-04	1.421488147000000035e+00	6.539980408000000134e-01	-1.723199730999999957e-01	-8.266353360000000539e-01	7.485574007999999946e-01	-3.544358893999999816e-01	1.364146853999999909e+00	1.960807217999999963e-01	-3.163912570999999896e-01	1.100106712000000098e+00	6.602336783000000153e-01	8.636251292000000079e-01	2.656007651000000247e-01	2.351776329999999970e-01	-2.674986200000000203e-01	7.276531670000000451e-01	6.321985046000000441e-01	-3.532736716000000055e-01	-9.782728116000000140e-01	2.285897778999999852e-02	2.872336987999999924e-01	1.658761315000000014e+00	-9.511683497999999792e-01	-1.784714577000000024e-01	-3.520674605999999929e-01
-4.002704697000000408e-03	1.576341527999999936e+00	-2.846914106000000277e-01	-5.948263764000000231e-01	1.581772808999999946e-01	4.837502993000000057e-02	1.486086564000000110e-01	8.828561285000000036e-02	5.722200524999999927e-02	3.251738274000000040e-01	-4.722007662000000106e-01	-3.596005125999999774e-01	3.880255005000000090e-01	1.109086578999999961e+00	-1.038203857000000063e+00	1.211530988000000031e+00	-5.689721381000000244e-01	6.070617647999999589e-01	-1.082198684000000022e-01	7.675002482999999653e-01	6.730734166999999823e-01	-1.753050225999999989e-01	-7.421729284000000426e-01	-2.559086731999999920e-01	6.657308734000000339e-01	3.590287039999999763e-01	-5.544948222000000149e-01	-4.680222126999999954e-01	1.799708193000000067e+00	4.701906071999999992e-01	1.157779748000000053e+00	1.048091775000000059e+00	5.745923273999999775e-02	1.094365811999999938e+00	6.546690643000000476e-01	-6.955496782000000211e-01	-1.230746257999999926e+00	6.152842269999999614e-01	-3.031650014000000226e-01	1.338894876999999983e+00	1.565517593000000096e-01	-1.565696270999999973e-01	1.141431485000000023e+00	9.415854069000000326e-01	1.415876442000000013e-01	3.530485932999999910e-01	-2.212978518000000006e-01	-3.559331512000000197e-01	5.797281243999999889e-01	-5.762749419999999567e-01	-9.448006758000000449e-01	-1.131871306999999938e+00	-3.677212189999999881e-01	-5.129707666999999693e-01	1.413716669999999898e+00	-6.568603333000000433e-01	-6.690988438999999621e-01	-9.330592199999999670e-01
-4.149218438999999897e-02	1.522445988999999944e+00	-2.743242382000000146e-01	-6.370581559000000338e-01	1.097254993000000012e-01	8.229715730999999368e-02	3.282606228999999931e-02	1.582415722000000136e-01	1.375941893000000027e-01	4.342994051999999883e-01	-5.289119078999999779e-01	-3.067250214999999725e-01	4.436790505000000051e-01	9.678011072000000103e-01	-1.029528376000000023e+00	1.248654574999999989e+00	-7.662428809000000340e-01	7.305181978000000464e-01	-3.270042262999999783e-01	7.208082864000000534e-01	6.723241931000000227e-01	-1.094613973999999934e-01	-7.421584987999999550e-01	-3.076919383000000230e-01	8.592741587000000125e-01	3.690160091999999947e-01	-5.641467151000000291e-01	-5.556590993000000145e-01	1.556582888999999970e+00	5.887608707999999469e-01	1.162677485999999982e+00	1.002434671999999916e+00	-4.101880220999999938e-01	1.151409069999999923e+00	2.291937259000000060e-01	-6.385737720999999922e-01	-1.340606740999999991e+00	6.227875163999999630e-01	-1.012446387000000003e-01	1.442163491999999936e+00	8.012185434000000661e-02	-8.910682953000000073e-02	1.065662659000000012e+00	8.767605233999999914e-01	-1.607200095999999911e-01	3.806638413999999804e-01	-3.559680445999999776e-01	-4.671271620999999930e-01	5.363510167999999689e-01	-9.809111515999999753e-01	-9.766415972999999973e-01	-1.161735481000000014e+00	-4.008510443000000145e-01	-4.573168286000000027e-01	1.775963356999999965e+00	-5.138038897000000160e-01	-8.891701404999999836e-01	-1.144922616999999976e+00
-6.994838073999999628e-02	1.521392705000000012e+00	-3.920192473999999927e-01	-6.298377545000000133e-01	3.204469642999999840e-02	-7.820164788000000256e-02	-8.473816206999999767e-02	9.049900788999999668e-02	6.290697806999999420e-02	4.313907072000000009e-01	-3.587648719000000042e-01	-3.986562318999999910e-01	2.785312799999999922e-01	9.279501101999999557e-01	-9.966338851999999582e-01	1.390351016999999967e+00	-8.202582214000000427e-01	3.986158533999999976e-01	-1.732604393999999937e-01	8.212128963000000503e-01	7.029135981999999894e-01	1.430014873000000006e-02	-1.092920695999999969e+00	-3.355961035999999870e-02	7.511765433000000547e-01	4.730034631999999739e-01	-7.098430768000000279e-01	-6.759539442999999981e-01	1.510179464999999999e+00	3.772316705000000048e-01	1.134237971999999983e+00	1.043738612999999926e+00	1.650776345999999950e-01	8.345555977999999930e-01	-4.057103142999999856e-01	-5.246764001000000510e-01	-1.601998873999999962e+00	4.527002253999999892e-01	-3.220245084000000202e-01	1.432130874000000054e+00	-7.386036197999999720e-02	-4.902178028999999992e-01	7.969421500000000158e-01	9.710805386999999955e-01	-3.308455683000000036e-01	1.468681296999999886e-01	-4.899071568000000210e-01	-7.286667901000000169e-01	3.703596626999999808e-01	-4.800150959000000217e-01	-6.344158373999999601e-01	-1.112959287000000019e+00	3.705669516000000274e-01	1.036642071999999970e-01	1.227358849999999890e+00	-5.251225773000000041e-01	-9.891595606999999957e-01	-1.152183390000000029e+00
1.098616273000000004e-01	1.598787753000000089e+00	-2.771764619000000041e-01	-5.088841478000000196e-01	9.314484101999999377e-02	6.982798787999999583e-03	1.831434433999999944e-01	6.031133555999999840e-02	-7.593660422999999604e-02	2.288810263000000123e-01	-5.173456946000000167e-01	-3.566774738999999861e-01	1.570830393000000047e-01	9.224161344000000318e-01	-9.077375906000000327e-01	1.285983045000000047e+00	-7.674457144999999869e-01	7.213790182999999523e-01	-4.821195354999999738e-01	7.943657253000000473e-01	7.312020132000000006e-01	-2.975370045000000005e-02	-6.149842085000000180e-01	7.223830471999999336e-02	9.566460444000000063e-01	3.114241347999999743e-01	-8.916802448999999742e-01	-5.684881373000000293e-01	1.273187043999999934e+00	4.999137712000000233e-01	1.418244448000000046e+00	9.405960191000000137e-01	-1.312107000000000134e-01	1.227380383999999935e+00	-1.077201306999999941e+00	-5.062642257999999673e-01	-1.168031100999999961e+00	5.541162470999999590e-01	-2.322930824999999977e-01	1.353249318999999895e+00	2.188217795000000077e-01	-4.032885914000000072e-01	8.802829996000000046e-01	1.024549770999999998e+00	-5.539988721999999921e-01	2.643541407000000176e-01	-7.850115226999999640e-01	-6.493822662999999551e-01	6.892436818999999604e-01	-9.062773356000000113e-01	-1.117796937999999907e+00	-1.272247809000000007e+00	-1.373990961999999927e+00	7.557507149000000091e-01	1.617391923000000009e+00	-5.625381820000000532e-01	-1.520135554000000111e+00	-1.276157704000000059e+00
-1.426845253000000036e-01	1.465943103000000081e+00	-1.511721678999999874e-01	-5.516918121999999647e-01	-9.643062662000000118e-02	-1.093091273999999974e-01	-1.809508371000000115e-01	-3.198066707999999703e-02	-7.848324191000000116e-02	3.499821296000000248e-01	-5.651045994000000183e-01	-4.240268162999999979e-01	3.570152724999999805e-01	9.466572197000000521e-01	-1.168066521999999940e+00	1.111840887000000055e+00	-7.916023754000000023e-01	9.334196967000000233e-01	-4.569529479000000172e-01	7.338401890000000316e-01	5.328680867999999737e-01	2.686843388999999860e-01	-4.154833743999999940e-01	-1.052050010000000063e-01	6.566463965000000069e-01	6.765877314999999559e-01	-9.948646931000000304e-01	-2.928876059000000143e-01	1.285890100999999897e+00	-6.554762694999999306e-02	1.198063716999999917e+00	8.544439059999999753e-01	-8.978011703999999593e-01	7.244659244000000164e-01	-1.240714225000000059e+00	-5.125707605999999528e-01	-1.633838313000000042e+00	2.118683433000000116e-01	-2.478421148000000129e-01	1.330459116999999969e+00	-5.156533498000000215e-02	-5.303384223999999536e-01	3.827552900999999785e-01	7.639620961999999960e-01	-2.785429186999999751e-01	-1.460552702000000036e-01	-8.450938305999999844e-01	-1.009079459999999928e+00	2.166275338000000009e-03	-2.163893768999999967e+00	-1.139079004999999922e+00	-1.075450809999999979e+00	7.859629274000000387e-02	-7.672517851000000277e-01	1.647605253000000047e+00	-4.191333161999999946e-01	-2.020067250999999953e+00	-4.528481438999999997e-01
-2.770068468999999922e-01	1.402327000000000101e+00	-2.734737294999999846e-01	-4.940638247999999955e-01	-1.412171554999999967e-01	-6.299050993999999459e-02	-3.524439360000000132e-01	3.036425691000000163e-02	1.407896111999999977e-01	3.780122935999999934e-01	-5.008026045000000259e-01	-4.403344008999999781e-01	4.021782052000000274e-01	1.065465373000000104e+00	-1.134362501000000023e+00	1.041945977999999995e+00	-5.689228167000000003e-01	6.649985711000000466e-01	-5.988193976000000252e-01	7.216485028000000357e-01	7.828772028999999577e-01	-8.349806902999999669e-02	-2.153545474999999931e-01	3.812198320999999890e-01	9.623977943999999507e-01	8.787655384000000458e-01	-9.173195267000000541e-01	-4.255455034999999775e-01	1.319094557999999973e+00	-1.260610091999999904e-01	1.281817256999999932e+00	5.477920313999999902e-01	-1.295241143000000006e-03	9.799274539000000228e-01	-1.806400559999999933e+00	-2.481418032999999912e-01	-1.567542612000000002e+00	-3.288611688000000338e-02	-1.750381977999999894e-01	1.419290525999999941e+00	-1.925574543999999944e-01	-1.193722248000000041e+00	-3.174912193999999879e-03	4.115345230999999937e-01	4.318082677000000258e-01	-1.579235838999999975e-01	-5.025390977000000481e-01	-1.210135436999999925e+00	-2.839786133000000157e-01	-2.081588443999999871e+00	-5.092464717000000363e-01	-1.045808518000000076e+00	-3.462440271000000180e-01	-5.440511558999999719e-01	4.143851827000000210e-01	-1.380007894999999984e-01	-1.696168646000000058e+00	-5.196151319000000268e-02
-2.181772100000000103e-01	1.444276348999999904e+00	-2.458474472000000133e-01	-3.269261380999999855e-01	6.642308405000000096e-03	-1.805168068999999861e-02	-1.628885965999999907e-01	-6.401423014000000300e-02	-1.376117393999999883e-01	1.965822348000000053e-01	-4.423059766999999920e-01	-5.274575072999999614e-01	3.461540425999999893e-01	1.084772027000000083e+00	-9.104277151999999873e-01	7.829065264000000246e-01	-3.079408929999999933e-01	5.782133962000000071e-01	-5.813481743999999729e-01	9.508241123999999767e-01	8.772509131000000293e-01	-7.375025973000000346e-02	-7.006461427999999335e-05	4.572793092999999920e-01	9.969514328999999897e-01	8.613069676000000285e-01	-1.077423554999999977e+00	-2.473687153000000138e-01	1.567701862000000057e+00	-2.109032627999999909e-01	1.423769652000000052e+00	6.593503931999999956e-01	-3.280000974000000236e-01	9.398728809999999934e-01	-1.960299272000000093e+00	6.635243050000000364e-02	-1.226489313999999942e+00	3.371999637999999883e-02	-8.390126270999999358e-02	1.374551735000000052e+00	-1.299359326000000016e-02	-9.762574263000000085e-01	2.264642949000000016e-01	5.517180814000000044e-01	6.078023631000000204e-01	-1.015640530999999958e-01	-2.608466495999999801e-01	-1.067345969000000006e+00	-3.597460652000000064e-02	-2.061921277999999802e+00	-4.580953589999999798e-01	-1.004940288000000015e+00	-6.762525703999999749e-01	4.455784280999999791e-01	6.450842975999999673e-01	-2.853091719999999859e-02	-1.507187524999999972e+00	5.183286136000000432e-01
-2.836332702000000094e-01	1.512305583000000064e+00	-2.779058039999999785e-01	-4.032986678000000103e-01	-5.904509440999999859e-02	1.167856953000000024e-02	-1.797862654000000060e-01	-1.171860170000000034e-01	-1.525436390000000086e-01	2.086375386000000054e-01	-5.880851886000000306e-01	-4.657982990000000267e-01	5.207759418999999834e-01	1.183969250999999945e+00	-7.724938577000000084e-01	8.037212190000000422e-01	-3.502021724000000114e-01	4.089154700000000031e-01	-4.347957275000000066e-01	9.948016976000000344e-01	8.499849656000000309e-01	-2.099145149999999960e-01	-2.125848268999999957e-01	5.011685095000000256e-01	1.153207601000000082e+00	9.584362808999999928e-01	-1.407411839999999970e+00	-2.283196785999999923e-01	1.717823671999999968e+00	-3.140476146000000246e-01	1.392398618999999949e+00	7.132111331999999582e-01	-3.850268117999999795e-01	1.172519848999999947e+00	-1.423606541999999919e+00	2.324282391999999975e-01	-1.195681070000000012e+00	1.025577357999999939e-01	-3.342713909000000205e-01	1.420190078000000078e+00	8.967509109000000589e-02	-1.016187195999999959e+00	3.579968461999999962e-01	-8.276383419999999713e-01	7.769231841000000527e-01	-3.245253854999999993e-02	-2.581787174999999879e-01	-9.881462540000000017e-01	-6.794698473000000682e-02	-1.177474993999999997e+00	-4.502582298999999733e-01	-8.282005238999999852e-01	-5.259597902999999519e-01	7.079407442999999800e-01	6.069917471000000342e-01	1.663069593000000151e-02	-1.170699189000000029e+00	8.353647963000000454e-01
-1.788772543000000104e-02	1.685060637000000083e+00	-2.049316647999999963e-01	-4.548526216000000066e-01	9.558748093999999695e-02	6.690068156999999516e-02	1.907097865999999864e-01	-8.173490445000000659e-02	-1.238371535999999995e-01	2.547594744000000189e-01	-6.572175161000000099e-01	-4.069046057999999855e-01	4.529311686999999975e-01	1.610069334999999935e+00	-1.163530635999999951e+00	1.056969191000000086e+00	-2.767051301999999824e-01	8.244183865999999972e-01	-5.511313938999999884e-01	8.597332922999999516e-01	7.310528308999999503e-01	1.575323232999999989e-01	-2.975649515000000078e-01	1.785937274999999935e-01	9.384921532000000122e-01	6.963483173000000193e-01	-1.183931056000000037e+00	4.147057951000000103e-02	1.330944869999999947e+00	3.462710930999999825e-01	1.432669025999999901e+00	4.194799154000000141e-01	-5.225937359000000226e-01	1.126111239999999958e+00	-1.697989688999999913e+00	2.496423919000000102e-02	-1.391953047999999971e+00	1.090489444000000002e-02	-3.175091782000000196e-01	1.513233739999999994e+00	2.103038909999999928e-01	-2.823913949999999895e-01	4.253216824000000118e-01	-7.880146381000000533e-01	1.542402892999999997e+00	3.346149185000000248e-01	3.352937945999999725e-01	-9.992160529000000402e-01	8.655109503999999787e-02	1.203725184999999975e-01	-1.293089796999999930e+00	-8.516547508999999794e-01	-6.130431393999999923e-01	-1.516773597000000029e+00	6.159485416000000102e-01	8.330871435000000158e-01	-1.022757450000000068e+00	-3.463740220000000036e-01
4.339423573999999784e-01	1.879177443999999975e+00	-1.945924749999999870e-01	-7.061804096999999558e-01	2.663458720999999918e-01	1.417556135999999967e-01	5.604940017999999746e-01	1.374577050999999939e-01	1.042387738999999980e-01	6.335164116000000512e-01	-6.776043067999999447e-01	-2.113837875000000033e-01	3.532883880000000087e-01	1.728878788999999916e+00	-1.159856050999999999e+00	1.279774226000000015e+00	-1.810188825999999862e-01	9.954861799999999983e-01	-2.369816432999999889e-01	8.047879756000000384e-01	8.163046078000000261e-01	-1.570333030000000130e-01	-3.293003491000000005e-01	1.372459859999999865e-01	9.714715761000000116e-01	1.316392302000000125e-01	-7.843321357000000438e-01	1.505073843999999994e-01	8.731380036000000455e-01	9.505815213999999624e-01	1.645244903999999897e+00	3.466274919999999815e-01	-1.476855965999999964e-01	1.426407240999999937e+00	-1.399286950999999890e+00	-5.082531140999999586e-01	-1.050606837999999987e+00	3.601838018999999891e-01	-1.820953292999999973e-01	1.205034232999999899e+00	2.662569082999999837e-01	-4.932263539000000113e-02	9.763736167000000021e-01	6.202587302999999774e-02	1.920962913999999966e+00	1.037470464999999953e+00	8.438694291999999653e-01	-5.281898231999999638e-01	4.421363425000000014e-01	-8.618188947999999572e-02	-1.344250986000000037e+00	-6.554392769000000341e-01	-1.239609780999999938e-02	-1.459296734000000040e+00	1.333176759999999961e+00	1.139766037000000010e+00	-8.820551207000000560e-02	-1.558586813000000015e+00
2.656529391999999934e-01	1.833827679999999960e+00	-1.362516571999999870e-01	-7.142433773999999902e-01	1.583146008999999910e-01	8.980989454000000427e-02	3.567735404999999860e-01	1.021839194999999978e-01	-7.576220023999999387e-02	5.770427810999999574e-01	-6.666177390999999952e-01	-3.234655768999999959e-01	3.619686520000000018e-01	1.531622559000000106e+00	-8.977924609999999861e-01	1.332606340999999972e+00	-2.143414926999999970e-01	1.026102719000000052e+00	-2.459522870999999999e-01	1.034443830000000064e+00	8.464896535000000499e-01	1.967899053000000120e-01	-6.992002466000000194e-01	-2.887294823000000066e-01	8.308839479999999833e-01	1.507603190000000037e-01	-7.961847304000000403e-01	-6.294441252000000306e-03	1.346042519000000048e+00	8.156502773999999567e-01	1.551821026000000048e+00	7.125142956000000138e-01	-4.939891963999999969e-01	8.604341290000000475e-01	-4.124578654000000122e-01	-4.968974803000000273e-01	-1.297514818000000014e+00	6.416957795000000075e-01	1.752897470000000079e-03	1.250831349000000037e+00	2.235051202999999986e-01	4.983705989000000169e-01	1.215315103000000008e+00	2.581069206000000116e-01	8.519225110999999462e-01	1.002116169000000001e+00	6.286522445000000126e-01	-4.460359629000000270e-01	6.265260958999999685e-01	5.586681312000000288e-01	-1.388164914999999944e+00	-5.252909113999999491e-01	-4.349828817000000319e-02	-6.700041004000000244e-01	1.740746890000000047e+00	4.388262219999999880e-01	6.326970483999999617e-02	-1.764701810000000037e+00
2.096108577999999945e-01	1.829710468999999895e+00	-2.256732160000000098e-01	-7.702024654000000359e-01	1.329106389999999971e-01	2.818257802000000145e-02	2.772681687999999922e-01	3.064089560000000101e-01	9.263625457999999369e-02	7.312325268999999572e-01	-4.827159907999999944e-01	-4.167498225999999861e-01	4.142793423999999725e-01	1.404104886000000052e+00	-8.244954496999999938e-01	1.471489955000000016e+00	-3.351189733000000115e-01	5.786763872000000308e-01	3.070464380000000049e-02	9.962774983000000084e-01	1.030670266000000002e+00	-8.188001122000000687e-02	-1.147084215000000018e+00	-1.866483022000000047e-01	9.238780080999999811e-01	9.149505296000000343e-02	-7.972866097999999901e-01	-3.344791281000000227e-01	1.406758594000000029e+00	7.748315164000000310e-01	1.555234561000000015e+00	8.934245154000000078e-01	5.300216451999999884e-02	1.157446208999999948e+00	2.675421785000000052e-01	-5.814247472000000361e-01	-1.811512934000000019e+00	9.778389205999999945e-01	2.646856922000000167e-02	1.125594251999999962e+00	4.586550402000000304e-02	1.553593793999999972e-01	1.475725296000000020e+00	6.872971475000000385e-01	-1.948092763000000005e-01	1.155443470000000028e+00	2.443103169999999991e-01	-4.447525588999999835e-01	5.741216595999999450e-01	-2.877954006999999814e-01	-1.105800770999999960e+00	-5.237922168999999961e-01	-3.166607333000000246e-02	-2.150697346999999940e-02	9.827069572000000086e-01	3.114826479999999731e-01	-5.918881824000000319e-02	-1.771689078000000084e+00
4.333747789999999878e-01	1.932726080999999985e+00	-1.362295810999999968e-01	-8.227809779000000434e-01	1.620330040999999888e-01	9.158912912000000128e-02	3.917418133000000191e-01	3.215038814000000245e-01	5.101407625000000182e-03	6.291601592000000132e-01	-5.670968055999999757e-01	-2.874871591000000004e-01	2.334836660999999869e-01	1.298034069000000068e+00	-1.095733493000000003e+00	1.945547834999999948e+00	-4.343357728999999723e-01	9.591527455999999674e-01	-3.361104227000000222e-01	8.442795923000000480e-01	1.032700774000000044e+00	1.124304539999999991e-01	-9.645575615999999464e-01	7.081731793999999913e-02	7.045608077999999663e-01	1.055459217000000033e-01	-9.646762370999999447e-01	-2.418762375999999881e-01	8.764123656000000206e-01	9.829872215999999607e-01	1.598836962000000028e+00	7.283847338000000171e-01	-2.676289290000000154e-01	1.031173161999999977e+00	7.375908089999999584e-02	-1.204717413000000015e+00	-1.693283627000000013e+00	7.868282280999999712e-01	1.594984977999999998e-01	1.098963547999999957e+00	2.633827430999999830e-01	3.931870162000000168e-01	1.267946910000000038e+00	2.952410732999999898e-01	6.091029161000000025e-02	1.164602933000000062e+00	4.064179819000000027e-01	-2.365410381999999978e-01	7.015252989000000383e-01	-1.613788011000000022e+00	-1.767936227999999943e+00	-5.819564928999999553e-01	-3.537242615999999784e-01	2.037752170999999890e-01	1.430089391000000099e+00	3.602444186000000048e-01	-3.198588882999999772e-01	-9.971126413999999993e-01
4.424071889999999785e-01	1.884675394000000059e+00	-8.696045200999999447e-02	-8.712655079000000136e-01	1.307544917000000029e-01	5.659218158999999859e-02	3.601305803000000028e-01	4.486513649000000159e-01	3.029290630000000106e-03	7.933248100999999997e-01	-6.670059467000000186e-01	-1.777050582999999961e-01	4.394571282999999995e-01	1.093865062999999971e+00	-8.934329688000000047e-01	1.831590802000000018e+00	-4.918194376999999728e-01	8.027860446000000261e-01	-2.138722735999999958e-01	8.856138013000000031e-01	1.066727755000000055e+00	-1.477267363000000014e-02	-9.283240361000000274e-01	-4.802707231000000188e-02	9.117746678000000493e-01	1.099964573999999973e-01	-1.116237423999999923e+00	-2.649119206000000171e-01	9.153992220000000124e-01	8.680435104000000512e-01	1.497224376999999995e+00	8.997094008999999559e-01	-8.117541610999999546e-02	9.843302849999999715e-01	-4.593636730000000279e-02	-1.029913928999999895e+00	-1.753922895000000093e+00	8.808480104999999449e-01	1.791603693999999913e-01	1.195228594999999894e+00	4.503321333000000204e-02	2.764770983000000015e-01	1.350980163000000012e+00	-4.549573076999999799e-01	-2.362102375000000101e-02	1.168551383999999915e+00	2.065695230000000049e-01	-1.771195426999999933e-01	6.019414457999999746e-01	-1.676330069999999894e+00	-1.538238087999999948e+00	-4.787817008999999957e-01	2.917298826999999983e-01	1.680929735999999952e+00	1.151557887999999918e+00	2.527964534000000096e-01	-1.042043212999999996e-01	-6.436688914000000539e-01
1.793076355000000066e-01	1.757941415999999979e+00	-1.204366278000000012e-01	-7.496943174000000321e-01	-5.737011121999999706e-03	1.626436944999999912e-01	1.625922334999999885e-01	4.030765013000000008e-01	-1.680377322000000118e-01	4.716144515999999842e-01	-4.474598804000000096e-01	-3.270953066999999770e-01	4.789627719999999811e-01	9.684418476999999692e-01	-7.555746079999999809e-01	1.904152727000000045e+00	-4.678071898000000228e-01	9.239638783000000410e-01	-6.935080844999999550e-02	9.552661453999999885e-01	8.927543868999999743e-01	4.282421651000000162e-01	-1.303933868000000107e+00	-1.150660378000000067e-01	1.023065716000000069e+00	3.247474784000000114e-01	-1.330584074999999977e+00	-7.982920116000000177e-02	1.165838713000000082e+00	3.652209252999999989e-01	1.478421251000000103e+00	1.041759279000000094e+00	-1.742836567999999919e-01	9.473509392000000195e-01	-2.717888508999999897e-01	-4.691251898000000087e-01	-1.749978344999999935e+00	5.807234199999999902e-01	-2.771958546999999870e-02	1.528403340999999971e+00	2.842291135000000191e-01	1.595782444000000133e-01	1.079296218999999946e+00	-6.843186890000000355e-01	-4.465063278999999996e-01	7.371275218999999712e-01	2.419465758000000077e-01	-5.956003399000000531e-01	6.150458465000000485e-01	-3.908424734000000011e-01	-1.737357261999999958e+00	-5.728217995000000062e-01	9.327228330999999539e-02	1.521995685000000043e+00	1.756400171999999982e+00	-7.396602738999999427e-02	4.125445519999999811e-02	-4.498393043999999730e-01
-4.682722193000000144e-01	1.456221285999999893e+00	2.492927567000000066e-02	-6.881178503999999529e-01	-3.549589264999999938e-01	1.037917446999999938e-01	-9.237894363999999969e-01	4.855990317000000167e-01	-1.857831333999999945e-01	5.665090896000000154e-01	-4.491469140000000082e-01	-4.571461386999999821e-01	5.785544953000000268e-01	6.170396622999999581e-01	-6.692663054999999916e-01	8.223647024000000361e-01	-6.258460841999999857e-01	1.037122294000000000e+00	-1.554633280999999922e-01	7.367554930999999918e-01	5.158135950000000136e-01	6.127667583000000473e-01	-1.508500957000000087e+00	-2.349153136999999891e-01	1.072176671000000026e+00	1.287601532000000049e+00	-8.888066525000000162e-01	1.668893274999999898e-01	1.564543535000000096e+00	-1.131442086999999985e-01	1.157689651000000097e+00	7.293883182000000520e-01	-3.498589919999999798e-01	7.253977199000000153e-01	1.106949774000000053e-01	2.876646746000000032e-02	-1.938890691999999971e+00	6.606810315000000156e-01	3.483122772999999728e-01	1.481961327999999911e+00	6.878102912000000346e-02	-1.455407947000000035e-01	-1.089872979999999963e-01	-6.937028360000000449e-01	-1.271478206999999916e+00	-1.066885572000000060e-01	-7.253119396000000385e-02	-6.010876544000000044e-01	-1.650734100000000038e-01	5.977206565999999555e-01	-9.189980225999999641e-01	-7.667662482999999807e-02	6.937562953000000476e-01	-4.330111665999999970e-01	1.254326046000000083e+00	-4.086312944000000114e-01	-1.071865538000000007e-01	-9.230549761999999880e-01
-6.682780670000000312e-01	1.326043599999999989e+00	-5.824511282000000012e-02	-5.695924797000000428e-01	-5.227757060000000067e-01	7.149449153999999640e-02	-1.268705742999999941e+00	3.884617236999999834e-01	-2.740896255999999975e-01	3.271733799000000054e-01	-2.687735283000000086e-01	-6.357142347999999998e-01	3.156585144999999870e-01	3.689113733000000117e-01	-4.856378385999999825e-01	3.658281125999999772e-01	-6.972840359999999960e-01	7.056006425999999943e-01	-3.836824689000000177e-01	7.459903829999999791e-01	7.800152431000000330e-01	4.387761478000000159e-01	-1.480689453999999960e+00	3.945538216999999737e-01	9.842585924000000208e-01	1.294158292000000099e+00	-7.736888704000000061e-01	9.935387133999999676e-02	1.278601389000000088e+00	-6.002833198999999453e-01	1.219025996999999917e+00	5.079594141000000063e-01	-4.220853347999999755e-02	3.511204305999999775e-01	-2.224629474999999940e-02	-1.716847465000000128e-01	-1.375844319999999898e+00	5.931479555999999986e-01	3.301640331999999844e-01	8.156125376999999732e-01	2.955185213000000033e-01	-2.830459865000000130e-01	-5.753452735999999845e-01	-2.550351598000000219e-01	-1.612202621000000002e+00	-5.416728991000000493e-01	1.264037541999999958e-01	-4.547107120000000169e-01	-4.696313925000000222e-01	1.133312947999999931e+00	-6.644376278000000413e-01	-7.962228280999999325e-03	-3.984088109999999738e-01	-2.993466022999999865e-01	6.527653290999999580e-01	-5.531411279000000292e-01	-2.508378680000000194e-01	-1.382431326999999932e+00
-4.906003700000000078e-01	1.229660683000000088e+00	-1.163966704999999935e-01	-4.153416924000000177e-01	-1.773767340999999886e-01	2.162470612000000070e-01	-7.588041799000000420e-01	3.012462126000000073e-01	-1.393160002000000119e-01	1.958166829999999914e-01	-2.246756881999999872e-02	-6.262208724000000171e-01	3.032197020999999881e-01	2.822035497000000004e-01	-7.623700553000000157e-01	6.881963512000000005e-01	-6.366601779999999655e-01	6.752781906999999473e-01	-2.307383600000000035e-01	6.730599402000000397e-01	8.052964701999999475e-01	-2.174244278999999946e-01	-1.001611873000000097e+00	4.138721311999999930e-01	1.008741773999999980e+00	1.247359719999999950e+00	-1.427209055999999920e+00	2.736038647000000115e-02	1.197468572000000009e+00	-1.073610294000000076e+00	1.285915866999999935e+00	6.114071880000000458e-01	-1.843998582999999969e-01	8.129305481999999916e-01	-2.654207458000000242e-01	-2.792187273999999775e-01	-1.232136461000000072e+00	4.832958104999999782e-01	-3.424741391000000190e-01	6.675137540000000147e-01	1.912396180000000001e-01	-1.235123806999999907e+00	2.959884591999999981e-01	6.260621801000000319e-01	-1.905158396000000032e+00	-5.229073283999999822e-01	1.090022566999999942e-01	-9.296271949000000090e-01	-3.037427267000000208e-01	-2.263842637000000046e-01	-4.958540034000000207e-01	-5.612490556000000463e-01	-3.706425395999999872e-01	1.487577011000000005e-01	8.646471731999999522e-01	-4.620980431999999749e-01	-6.688810189999999656e-01	-5.716643855999999912e-01
-5.990231392000000543e-01	1.198299814999999935e+00	7.869630807000000533e-03	-4.164055465000000011e-01	-3.170102662000000016e-01	1.471265965999999925e-01	-9.480827454000000376e-01	2.738088316999999772e-01	-1.353198129000000027e-01	2.440555574999999922e-01	-1.490117478999999912e-01	-5.675792782999999897e-01	4.562830614999999757e-01	4.048063009000000267e-01	-9.990850572999999679e-01	6.147371567999999620e-01	-6.600924755999999505e-01	9.359610455000000329e-01	-6.234657645000000192e-01	5.274503821999999564e-01	5.610121042000000280e-01	3.096793773000000027e-01	-6.649193769000000254e-01	3.777526319000000243e-01	7.085237382000000306e-01	1.370789752999999944e+00	-1.094397416000000067e+00	3.423989109000000197e-01	1.021304003000000016e+00	-9.567221228000000188e-01	1.113952430999999965e+00	4.330813279999999876e-01	-6.038528024999999522e-01	5.095783990000000152e-01	-4.055148445999999796e-01	-4.265465958999999918e-01	-1.339615996000000031e+00	1.211208649999999942e-01	-2.161116374000000145e-02	8.108093725999999668e-01	1.975834294999999907e-01	-1.030824798000000042e+00	-2.084141009000000100e-01	-4.552776869999999865e-01	-1.187952332000000055e+00	-5.088727436000000104e-01	5.402957026000000385e-01	-8.050604998000000512e-01	-6.987647409999999670e-01	-1.709431672000000013e+00	-8.403447981999999650e-01	-4.360928920000000097e-01	-1.503343782999999878e-01	-1.768099988000000067e-01	5.513811573000000354e-01	-2.183350789000000070e-01	-9.042745107999999865e-01	2.016815238000000121e-01
-6.941446882999999790e-01	1.162349636000000075e+00	-1.440257104000000066e-01	-4.224591851999999759e-01	-4.028469754999999819e-01	7.415643186999999747e-02	-1.036906652000000095e+00	3.507890968999999859e-01	-1.527903385999999919e-02	3.401128924999999859e-01	-1.543074828999999870e-01	-4.633878873999999759e-01	6.094862444999999962e-01	3.043197140000000189e-01	-5.917895501000000058e-01	4.447080479000000142e-01	-5.027097122000000473e-01	3.856066494000000011e-01	-4.085244784000000018e-01	7.440351130000000257e-01	7.418249586999999812e-01	1.364899636000000138e-01	-8.074553732999999456e-01	7.146549356000000408e-01	1.063457821999999942e+00	1.309613695999999994e+00	-1.017507925999999951e+00	1.896429612999999959e-01	9.955786180000000263e-01	-1.013951145000000054e+00	1.128624593999999925e+00	4.236463149999999955e-01	-3.734148106999999883e-01	6.612455929999999649e-01	-9.134933280999999461e-01	2.616857034999999776e-01	-8.875249306000000393e-01	9.750233820999999745e-02	-9.774756153999999975e-02	7.973213607000000369e-01	6.127688761999999789e-02	-9.947887683999999675e-01	-3.115320295999999822e-01	-8.958157881999999628e-01	-5.749524641000000047e-01	-5.986750929999999915e-01	9.975739542999999543e-01	-8.366677223999999802e-01	-6.584695736000000243e-01	1.300765332000000107e-01	-2.388982547000000067e-01	-1.009948588000000036e-01	4.878846955999999735e-01	6.346250584000000250e-02	4.466251960000000021e-01	-1.237367932999999948e-01	-4.419820529999999859e-01	7.315283324999999337e-02
-6.703842090999999614e-01	1.244911424999999960e+00	-8.706532629999999551e-02	-4.152326332999999869e-01	-3.135605113000000110e-01	1.117786904000000053e-01	-9.958085947000000493e-01	3.482467055999999839e-01	-2.627166162999999832e-02	2.079042818999999875e-01	-1.128987765000000060e-01	-6.175259721000000424e-01	5.254496383000000215e-01	4.247494542999999956e-01	-6.875996685999999913e-01	3.276998930999999726e-01	-2.310535039999999929e-01	7.514160696999999667e-01	-4.296001160999999846e-01	6.332364281000000261e-01	8.140524918999999526e-01	2.754043835000000162e-01	-6.672486920000000321e-01	7.765293733000000476e-01	9.428437490000000087e-01	1.259951266999999930e+00	-7.795086819000000000e-01	1.756485053999999879e-01	1.127416889000000033e+00	-9.924787339999999736e-01	1.248509502999999965e+00	2.972434153999999884e-01	-1.141874001999999971e-01	7.242278060000000295e-01	-8.949130825000000122e-01	1.227335942999999985e-01	-1.041882213999999918e+00	5.147315923000000265e-02	1.885830132999999909e-01	8.223423518000000376e-01	1.109358379000000006e-01	-1.106948771000000109e+00	-2.702632194999999848e-01	5.004588358999999542e-01	-6.870986168999999588e-01	-3.720663555000000011e-01	9.305263246999999627e-01	-7.708996283000000282e-01	-5.707277492000000230e-01	-2.463277064999999932e-01	-5.506710744999999685e-01	-1.766062495000000065e-01	-6.136090416000000020e-02	-8.537679690999999682e-01	6.411328317000000165e-01	-2.137926840999999911e-01	-2.811030037000000203e-01	-3.988838447999999981e-01
-7.345478725999999847e-01	1.277055545999999930e+00	-3.953174210999999688e-02	-4.734355160000000007e-01	-4.487935538999999752e-01	1.825941362000000068e-01	-1.193447165999999893e+00	4.913860058999999780e-01	-8.591027516000000752e-03	3.809075960000000149e-01	-1.119048566999999994e-01	-5.074097179000000013e-01	7.492563838000000365e-01	6.165859630000000147e-01	-7.942032557999999520e-01	2.714070849999999924e-01	-1.427423144999999949e-01	7.796016185999999903e-01	-6.233703311999999608e-01	6.136528629999999929e-01	7.280870878999999851e-01	4.504260038000000013e-04	-4.354414555000000187e-01	7.133458075999999926e-01	9.373751190000000344e-01	1.444789671999999969e+00	-9.198445025999999469e-01	1.388372253000000056e-01	1.090654540000000061e+00	-5.766638924000000443e-01	1.122527030000000092e+00	3.443171416999999956e-01	-3.035249161999999945e-01	7.052896578999999777e-01	-3.473395103999999955e-01	-1.068626044000000053e-01	-1.108081140999999992e+00	8.861838950000000548e-02	5.066448014000000111e-01	1.157944375000000026e+00	6.214028376999999881e-02	-1.070479799999999981e+00	-5.510851076999999654e-01	-3.888763136000000092e-02	-3.929609161000000017e-01	-1.267714410999999930e-01	8.951690335999999970e-01	-4.311637353000000172e-01	-6.932164608999999977e-01	-1.510909204999999922e+00	-5.024460413000000347e-01	7.900517170000000144e-02	2.723072088999999862e-01	-1.847816500999999861e-02	6.260806585000000535e-01	5.926105260000000263e-02	-8.118849686000000065e-02	4.297502475000000155e-01
-7.890101731999999979e-01	1.208663103999999988e+00	-1.213174947000000004e-01	-4.576255918000000089e-01	-4.855547973000000073e-01	1.333146869000000068e-01	-1.290475456000000021e+00	4.626057952000000029e-01	-2.034267600999999925e-01	2.511473316999999761e-01	-1.114075134000000050e-01	-4.743125059000000143e-01	7.040398303999999552e-01	6.132318013999999984e-01	-4.295605109000000255e-01	3.041838574999999878e-01	1.932030658999999914e-02	4.271362405999999945e-01	-3.300242300999999823e-01	6.730478306999999605e-01	8.452046628999999589e-01	3.386222951999999786e-01	-6.496950371999999918e-01	7.381978739000000234e-01	1.027984527000000092e+00	1.359327640000000059e+00	-8.510975577999999597e-01	-3.695113836000000346e-02	1.016465608000000076e+00	-6.902903126999999639e-01	9.909558927999999600e-01	5.577505757999999814e-01	-1.421072922999999932e-01	5.142863236000000393e-01	-3.413503902999999776e-04	3.387750733000000070e-01	-1.088697762000000013e+00	1.712005027999999873e-01	4.293198899999999818e-01	9.645425230999999933e-01	7.718376180000000031e-02	-8.818451727999999656e-01	-5.350844364000000297e-01	-6.535624318999999627e-01	-2.386291376000000131e-01	-2.742524720000000249e-01	8.211809171999999712e-01	-4.225620330000000036e-01	-5.241315479000000499e-01	-5.507916930999999794e-01	-3.464600420999999764e-01	3.990119845999999804e-01	4.118142866000000235e-01	1.061958176999999948e+00	2.667708426000000022e-01	-4.328898474000000274e-01	2.678264746999999835e-01	8.865057135999999671e-01
-6.753664851999999774e-01	1.221391968999999911e+00	-1.780013363999999876e-01	-4.146099751000000277e-01	-3.675866694000000101e-01	2.441616473999999870e-01	-1.166260945999999965e+00	5.446546619000000033e-01	-1.178045454000000020e-01	2.004986317000000129e-01	-9.687511081999999885e-02	-5.004649782000000213e-01	7.193667601000000023e-01	6.477300114999999803e-01	-5.223581577000000475e-01	3.610327024000000162e-01	1.752589190999999935e-01	4.543929908000000073e-01	-1.660629506999999894e-01	7.232837263000000405e-01	8.007046731000000417e-01	8.405274434999999988e-02	-8.537959926000000532e-01	6.525692751999999652e-01	1.168561246000000109e+00	1.371668475000000109e+00	-1.004759928999999996e+00	-2.209727998000000082e-01	1.041834418999999956e+00	-8.869090467000000366e-01	1.002075488000000014e+00	6.768935614000000101e-01	-9.359434755999999911e-02	9.141934874999999572e-01	8.763473654999999474e-02	3.144148238999999734e-01	-9.262412627999999648e-01	2.805789012000000082e-01	1.889372867000000122e-01	8.547680519999999449e-01	2.645879735000000177e-01	-9.283231398000000301e-01	-1.549957724000000092e-01	-5.927098548999999716e-02	-7.800143495000000371e-01	-4.775739653000000140e-01	2.846489589999999792e-01	-4.743642800999999798e-01	-2.162929946999999908e-01	8.150975565000000422e-01	-4.867282674000000253e-01	3.570576232000000072e-01	1.771196335000000122e-01	-7.391905018000000105e-02	7.355595471000000440e-01	-1.023138941000000024e+00	1.865273665999999941e-01	2.685925117999999889e-01
-6.891628996999999979e-01	1.270338533999999964e+00	-3.302277739000000073e-02	-5.137848743999999801e-01	-3.875834761999999989e-01	3.212445956000000158e-01	-1.252418167999999943e+00	5.082007259999999915e-01	9.416223805000000294e-03	3.082249241999999723e-01	-9.312350798000000596e-02	-5.607245964000000527e-01	7.239120602999999932e-01	8.278911703000000344e-01	-8.240756476999999691e-01	3.666827207999999727e-01	2.362018455999999877e-01	8.861880506000000546e-01	-4.294973382999999756e-01	5.513374130000000539e-01	6.149481656999999934e-01	2.772042893000000174e-01	-8.132844611999999751e-01	7.659878281999999983e-01	7.850474451000000187e-01	1.366816585000000028e+00	-7.356992153000000423e-01	-1.716045046999999935e-01	1.086579613999999916e+00	-7.541807343999999969e-01	9.038921508999999688e-01	4.582588606999999925e-01	-1.814304013999999965e-01	4.780520122999999955e-01	-6.508601742000000301e-02	-1.404168395000000014e-01	-1.178206260000000061e+00	-1.137659379999999935e-02	4.390042552999999792e-01	1.031030080000000071e+00	1.869531016999999989e-02	-1.021104720000000077e+00	-4.661534091000000268e-01	8.190963465999999693e-01	-6.860919375999999792e-01	-3.343154435999999841e-01	1.055650350000000015e-01	-4.249537245000000185e-01	-4.844992857000000042e-01	-9.676382488000000170e-02	-7.154920032999999568e-01	1.935020221000000040e-01	3.062400270999999785e-01	-1.884939109000000057e+00	8.407592485999999532e-01	-7.110967528999999621e-01	-2.810721559000000161e-02	-5.612481210999999970e-01
-7.305679269999999503e-01	1.239798160000000093e+00	-1.236162046000000014e-01	-4.950645023999999950e-01	-4.436254036999999761e-01	2.723501922000000075e-01	-1.381928564999999942e+00	5.866352711000000220e-01	2.572290144999999847e-02	3.415991137000000122e-01	-3.966882981000000030e-02	-4.886927080999999840e-01	7.490337704999999735e-01	8.539758428999999484e-01	-5.769213735999999537e-01	3.421186963000000247e-01	2.848782575000000095e-01	6.415622223000000401e-01	-3.852951627999999795e-01	7.080701319000000105e-01	7.445790384999999567e-01	-7.075716674000000206e-02	-7.503887095000000285e-01	8.298728771000000171e-01	9.655995286999999871e-01	1.267999649000000062e+00	-8.626872780000000018e-01	-4.643480221999999880e-01	9.822373128000000397e-01	-5.995677087999999877e-01	9.963158358000000492e-01	4.960185523000000263e-01	6.451485214999999607e-02	6.554043696000000363e-01	-1.931446981000000118e-01	1.304917426999999963e-01	-1.252084409999999925e+00	1.765453110000000103e-01	4.883581361000000065e-01	8.939069723000000467e-01	4.332865873999999784e-02	-1.105631280000000105e+00	-4.856813010000000097e-01	1.183060516999999923e+00	-5.935666299999999840e-01	-1.981697960999999897e-01	4.646487449000000214e-02	-3.222287180999999778e-01	-4.839835455000000008e-01	-2.811694020000000127e-01	-4.937270328000000208e-01	2.897531727000000057e-01	1.253129591999999903e-01	-6.248128887999999659e-01	6.691445213000000170e-01	-5.645872109999999777e-01	2.477352082000000011e-01	-5.369689616999999693e-01
-6.645471608999999891e-01	1.240725791000000022e+00	-1.499147362000000094e-01	-4.544649481999999963e-01	-3.394669759999999759e-01	2.092383684999999938e-01	-1.242012641000000084e+00	3.847092931000000160e-01	-2.044093764000000091e-01	1.884149096999999939e-01	-6.725400843999999878e-02	-6.071061833999999990e-01	5.848808720999999489e-01	8.301265617999999957e-01	-6.434195085999999675e-01	3.663727453000000245e-01	2.707365877999999837e-01	6.726192833999999898e-01	-2.795993801000000167e-01	6.713567360000000095e-01	6.798791669000000537e-01	7.665331713999999630e-02	-7.587177196000000068e-01	7.011533545000000478e-01	8.003938541999999767e-01	1.340624934000000046e+00	-1.021192171000000037e+00	-4.670864578999999739e-01	1.004942694999999997e+00	-8.000757564999999571e-01	9.496442614000000226e-01	5.059142406000000092e-01	2.506264413999999968e-02	5.610803615999999661e-01	-8.370269940999999769e-02	8.691849583999999851e-02	-1.460053234000000089e+00	2.077355992999999901e-01	3.562659054000000269e-01	7.251729491999999722e-01	1.850238537999999988e-01	-7.899675202999999479e-01	-4.019158347999999825e-01	1.360221131000000083e+00	-1.038914490000000024e+00	-3.985898660000000149e-01	-1.675785028000000010e-01	-5.405793265999999653e-01	-3.713496267999999989e-01	-4.049121942000000196e-01	-8.923101517999999510e-01	1.297434848000000029e-01	-2.347391169999999971e-01	-1.115445587999999988e-01	8.636377251000000310e-01	-7.109669947000000212e-01	-3.430256024000000181e-01	-4.741125993999999871e-02
-6.666390089000000518e-01	1.222809848999999893e+00	-8.002868704000000444e-02	-5.173688457999999768e-01	-4.054059052000000274e-01	2.188752776000000011e-01	-1.269385286999999973e+00	4.709936558000000217e-01	-4.134888151999999845e-02	3.362179800000000274e-01	-1.749944374000000080e-01	-5.165949329000000256e-01	7.653037308000000261e-01	8.952347226000000324e-01	-8.216923686999999532e-01	4.147699549000000152e-01	1.739355847000000066e-01	7.397992456999999966e-01	-4.547799410000000209e-01	5.165658265000000471e-01	4.867765802999999836e-01	-7.713835359000000003e-02	-6.395348544000000190e-01	6.872537836000000011e-01	8.000672774000000542e-01	1.355046112999999997e+00	-9.609817615000000313e-01	-4.425175333999999960e-01	9.092786932999999960e-01	-7.490939044000000102e-01	9.108018759999999547e-01	5.208050039999999603e-01	-2.442950084999999938e-01	6.726689961999999801e-01	-1.320422414000000100e-01	-2.331669376000000127e-01	-1.430326961000000008e+00	1.342225176999999881e-01	1.802531575000000108e-01	8.888405552000000487e-01	4.969009558999999687e-02	-9.592734116000000144e-01	-5.032053168000000243e-01	7.203656335000000466e-01	-9.330195007999999568e-01	-3.908966106000000273e-01	-3.336144144000000034e-01	-5.848951172999999892e-01	-5.864704979000000540e-01	-1.736396147000000001e+00	-8.256327721999999758e-01	6.953051892999999317e-02	-1.427244954000000121e-01	-5.466146731000000036e-01	8.191098588999999874e-01	-4.143482869999999818e-01	-6.374433576000000379e-01	3.361133711000000024e-01
-7.388956983000000145e-01	1.158464837999999997e+00	-9.902289454000000324e-02	-4.475177072000000034e-01	-4.574432194999999979e-01	6.273088045999999918e-02	-1.324899929999999948e+00	3.118224842000000274e-01	-2.682753453000000232e-01	1.985629113999999862e-01	-1.034049801999999962e-01	-6.264953997000000108e-01	6.731548930999999847e-01	8.614978400999999675e-01	-6.456760232999999571e-01	2.573588789999999848e-01	2.977081406000000041e-01	6.118780564000000366e-01	-2.880392002000000118e-01	7.149048386999999893e-01	6.771290451999999460e-01	1.972744036999999895e-01	-5.629279030999999600e-01	8.989690416000000184e-01	8.241563109999999748e-01	1.335634576999999990e+00	-9.350578802000000245e-01	-3.657894788000000119e-01	7.815504130000000549e-01	-9.326469801000000226e-01	1.087629399999999968e+00	4.689096065999999730e-01	-1.208746254000000048e-01	4.217905759999999726e-01	-4.892870280000000127e-01	2.582176670999999923e-02	-1.289379692000000022e+00	6.655910655999999759e-02	1.470095503999999942e-01	6.464727528000000500e-01	9.514147269999999323e-02	-1.040138792999999895e+00	-5.788397977000000472e-01	5.939648566999999879e-01	-5.661080336999999574e-01	-6.248952627999999621e-01	-2.134508385999999980e-01	-5.747628823000000553e-01	-6.694505736000000429e-01	-1.544171189999999916e+00	-5.294321480000000468e-01	1.211176095000000008e-01	1.336192079999999893e-01	3.818672115000000256e-01	5.228424925000000334e-01	-2.233376116999999939e-01	-5.347830011999999966e-01	5.511415109999999729e-01
-6.715696056000000080e-01	1.205771315000000010e+00	-1.802530622000000082e-01	-4.276819796999999923e-01	-3.400190422000000101e-01	8.496351183000000473e-02	-1.194318798000000070e+00	3.354022964000000218e-01	-2.207696925000000032e-01	1.777364855999999937e-01	-1.605935679999999921e-01	-5.140225375000000430e-01	7.368930469000000150e-01	9.566477129999999551e-01	-6.659465975999999676e-01	3.411328409000000117e-01	3.578189299999999795e-01	3.132972643999999973e-01	-2.830506687000000077e-01	6.582917560000000057e-01	6.328740947000000006e-01	-5.955825139999999969e-03	-6.287539586000000513e-01	9.193908696999999464e-01	1.020324181999999968e+00	1.375135828999999976e+00	-1.151886737000000105e+00	-3.755179181000000144e-01	8.766813968000000123e-01	-9.133649708000000089e-01	9.410229113000000423e-01	4.826365644999999760e-01	-4.649648499000000323e-02	8.952279687999999958e-01	-6.077495334000000415e-01	2.012797859999999883e-01	-1.314817512000000077e+00	1.147703852999999996e-01	-8.244910600999999506e-02	7.915543273999999796e-01	2.131399777000000106e-01	-1.152985890999999929e+00	-4.262255350999999970e-01	-7.523513423000000033e-01	-2.407092500000000135e-01	-6.080015682999999616e-01	-7.678311732999999750e-02	-7.369399451000000489e-01	-5.822925984000000277e-01	-8.077540905000000215e-01	-6.556363078000000399e-01	1.641575561999999988e-01	-1.586240302999999963e-01	8.801109310000000407e-01	2.334814709999999960e-01	-2.830262983999999871e-01	-6.894062773000000366e-01	1.112382264999999926e+00
-6.853198566999999519e-01	1.205908619999999987e+00	-5.943777052000000227e-02	-4.645207344999999766e-01	-3.727040072999999731e-01	1.646728644000000075e-01	-1.165796998000000029e+00	2.054276459000000110e-01	-3.605992795000000084e-02	1.996004520999999921e-01	-2.089765530000000093e-01	-5.749277471999999500e-01	7.593104455000000419e-01	1.072374766999999895e+00	-9.668756075000000116e-01	3.936888303000000144e-01	4.746361794999999772e-01	1.006018107999999911e+00	-6.054819148000000206e-01	5.256375853000000431e-01	5.085249485999999708e-01	5.093015457999999773e-01	-6.292027050999999815e-01	9.248027573999999529e-01	7.858466538999999695e-01	1.447992649999999992e+00	-6.461217423999999765e-01	-9.880691816999999377e-02	8.105086726000000352e-01	-7.639747747999999783e-01	8.972521990999999808e-01	1.197278405000000018e-01	-4.178275168999999734e-01	5.518965698000000142e-01	-9.401727811000000212e-01	9.534058741999999753e-02	-1.206447543999999983e+00	-3.126173164000000115e-01	2.440102295999999893e-01	1.028117598999999993e+00	2.290514918999999872e-01	-7.977959383999999599e-01	-7.452139378000000036e-01	-8.468679584999999621e-01	6.677203973999999986e-01	-6.007201905000000286e-01	3.304293719999999990e-01	-7.018825320999999562e-01	-6.984889019000000143e-01	4.082200135999999868e-01	-9.118537952999999918e-01	1.518746598999999864e-01	1.035900407000000037e-02	-1.861377239000000072e+00	4.399192594999999928e-01	-1.217432689000000068e-01	-5.015539256000000057e-01	7.671394271999999737e-02
-7.460304854999999513e-01	1.248474705000000018e+00	-6.596410152999999943e-02	-4.495931436000000225e-01	-3.447673336000000033e-01	1.653277680999999943e-01	-1.228034976000000000e+00	4.632029778000000264e-01	5.948448729999999962e-02	3.314039253000000129e-01	-9.284584328000000664e-02	-6.167242720000000178e-01	9.145305813999999867e-01	1.061866734999999951e+00	-5.018912916000000113e-01	1.508064041000000133e-01	6.909000840000000254e-01	1.043721703999999972e+00	-3.957015010000000110e-01	7.357864702999999951e-01	7.301331410000000410e-01	1.203120864000000040e-01	-2.286942781999999896e-01	1.162105592000000076e+00	9.661430542000000177e-01	1.216323585000000040e+00	-4.949236375000000132e-01	-1.222652510000000053e-01	9.794321698000000298e-01	-6.361000341000000446e-01	1.221447417000000035e+00	6.762945054000000025e-03	1.936666142000000035e-01	8.799998528000000375e-01	-6.941923962999999587e-01	4.186979801999999862e-01	-1.018841217000000077e+00	6.987065112000000189e-02	5.069177939000000244e-01	8.882570123999999900e-01	6.536534401000000660e-02	-1.200487851000000106e+00	-5.525996369000000241e-01	7.881504139999999659e-01	1.030034177999999967e+00	-7.313399063999999339e-02	8.736690686000000428e-01	-4.688226174999999829e-01	-7.218243624000000302e-01	-1.841427079999999883e-01	-3.397405958999999975e-01	2.840272400000000141e-01	3.193941797000000027e-01	-1.292151110000000047e+00	3.396250500999999922e-01	4.314559983999999848e-01	4.087140559999999923e-01	-2.775954581999999782e-01
-7.649083998000000273e-01	1.186809400000000014e+00	-1.069396063000000036e-01	-4.318504135999999827e-01	-3.582997661999999806e-01	2.125679195000000077e-01	-1.094672021000000051e+00	1.368760445999999964e-01	-2.401688250000000024e-01	1.862852737000000036e-01	-2.263450153000000076e-01	-5.812865322000000390e-01	7.727045000000000163e-01	8.513521749000000360e-01	-6.112005235999999897e-01	4.522289560000000153e-01	6.190206810999999698e-01	1.060477485999999914e+00	-8.931880221999999314e-02	7.524435586000000065e-01	9.769655505000000018e-01	1.614740825000000046e-01	-2.946822056000000245e-01	7.272887854999999790e-01	1.033806065999999912e+00	1.348427572999999935e+00	-7.733178093999999447e-01	-5.358734894999999873e-03	1.213173338000000046e+00	-4.339196492999999877e-01	9.016648002999999578e-01	2.319244545999999962e-01	3.366315548000000102e-01	3.765131749000000250e-01	3.324448064000000147e-01	2.985308267999999821e-01	-1.113291282999999909e+00	8.893701056000000160e-02	6.972446422000000421e-01	8.754258244000000522e-01	1.482446045999999962e-01	-4.963588200999999867e-01	-2.965908586000000069e-01	1.672096096000000032e-01	5.413086782999999569e-01	4.342291624999999877e-02	8.966072765000000500e-01	-5.033056742000000527e-01	-4.765705203999999751e-01	-5.863941971999999669e-01	-4.593940032000000118e-01	1.857503707000000004e-01	1.954365563999999889e-01	2.196812746000000038e-01	5.036395405000000380e-01	2.233294687000000108e-03	4.827383674999999874e-01	1.103723950000000009e+00
