0.000000000000000000e+00	0.000000000000000000e+00	0.000000000000000000e+00	0.000000000000000000e+00	0.000000000000000000e+00	0.000000000000000000e+00	0.000000000000000000e+00	0.000000000000000000e+00	0.000000000000000000e+00	0.000000000000000000e+00	0.000000000000000000e+00	0.000000000000000000e+00	0.000000000000000000e+00	0.000000000000000000e+00	0.000000000000000000e+00	0.000000000000000000e+00	0.000000000000000000e+00	0.000000000000000000e+00	0.000000000000000000e+00	0.000000000000000000e+00	0.000000000000000000e+00	0.000000000000000000e+00	0.000000000000000000e+00	0.000000000000000000e+00	0.000000000000000000e+00	0.000000000000000000e+00	0.000000000000000000e+00	0.000000000000000000e+00	0.000000000000000000e+00	0.000000000000000000e+00	0.000000000000000000e+00	0.000000000000000000e+00	0.000000000000000000e+00	0.000000000000000000e+00	0.000000000000000000e+00	0.000000000000000000e+00	0.000000000000000000e+00	0.000000000000000000e+00	0.000000000000000000e+00	0.000000000000000000e+00	0.000000000000000000e+00	0.000000000000000000e+00	0.000000000000000000e+00	0.000000000000000000e+00	0.000000000000000000e+00	0.000000000000000000e+00	0.000000000000000000e+00	0.000000000000000000e+00	0.000000000000000000e+00	0.000000000000000000e+00	0.000000000000000000e+00	0.000000000000000000e+00	0.000000000000000000e+00	0.000000000000000000e+00	0.000000000000000000e+00	0.000000000000000000e+00	0.000000000000000000e+00	0.000000000000000000e+00	0.000000000000000000e+00	0.000000000000000000e+00	0.000000000000000000e+00	0.000000000000000000e+00
0.000000000000000000e+00	0.000000000000000000e+00	0.000000000000000000e+00	0.000000000000000000e+00	0.000000000000000000e+00	0.000000000000000000e+00	0.000000000000000000e+00	0.000000000000000000e+00	0.000000000000000000e+00	0.000000000000000000e+00	0.000000000000000000e+00	0.000000000000000000e+00	0.000000000000000000e+00	0.000000000000000000e+00	0.000000000000000000e+00	0.000000000000000000e+00	0.000000000000000000e+00	0.000000000000000000e+00	0.000000000000000000e+00	0.000000000000000000e+00	0.000000000000000000e+00	0.000000000000000000e+00	0.000000000000000000e+00	0.000000000000000000e+00	0.000000000000000000e+00	0.000000000000000000e+00	0.000000000000000000e+00	0.000000000000000000e+00	0.000000000000000000e+00	0.000000000000000000e+00	0.000000000000000000e+00	0.000000000000000000e+00	0.000000000000000000e+00	0.000000000000000000e+00	0.000000000000000000e+00	0.000000000000000000e+00	0.000000000000000000e+00	0.000000000000000000e+00	0.000000000000000000e+00	0.000000000000000000e+00	0.000000000000000000e+00	0.000000000000000000e+00	0.000000000000000000e+00	0.000000000000000000e+00	0.000000000000000000e+00	0.000000000000000000e+00	0.000000000000000000e+00	0.000000000000000000e+00	0.000000000000000000e+00	0.000000000000000000e+00	0.000000000000000000e+00	0.000000000000000000e+00	0.000000000000000000e+00	0.000000000000000000e+00	0.000000000000000000e+00	0.000000000000000000e+00	0.000000000000000000e+00	0.000000000000000000e+00	0.000000000000000000e+00	0.000000000000000000e+00	0.000000000000000000e+00	0.000000000000000000e+00
0.000000000000000000e+00	0.000000000000000000e+00	0.000000000000000000e+00	0.000000000000000000e+00	0.000000000000000000e+00	0.000000000000000000e+00	0.000000000000000000e+00	0.000000000000000000e+00	0.000000000000000000e+00	0.000000000000000000e+00	0.000000000000000000e+00	0.000000000000000000e+00	0.000000000000000000e+00	0.000000000000000000e+00	0.000000000000000000e+00	0.000000000000000000e+00	0.000000000000000000e+00	0.000000000000000000e+00	0.000000000000000000e+00	0.000000000000000000e+00	0.000000000000000000e+00	0.000000000000000000e+00	0.000000000000000000e+00	0.000000000000000000e+00	0.000000000000000000e+00	0.000000000000000000e+00	0.000000000000000000e+00	0.000000000000000000e+00	0.000000000000000000e+00	0.000000000000000000e+00	0.000000000000000000e+00	0.000000000000000000e+00	0.000000000000000000e+00	0.000000000000000000e+00	0.000000000000000000e+00	0.000000000000000000e+00	0.000000000000000000e+00	0.000000000000000000e+00	0.000000000000000000e+00	0.000000000000000000e+00	0.000000000000000000e+00	0.000000000000000000e+00	0.000000000000000000e+00	0.000000000000000000e+00	0.000000000000000000e+00	0.000000000000000000e+00	0.000000000000000000e+00	0.000000000000000000e+00	0.000000000000000000e+00	0.000000000000000000e+00	0.000000000000000000e+00	0.000000000000000000e+00	0.000000000000000000e+00	0.000000000000000000e+00	0.000000000000000000e+00	0.000000000000000000e+00	0.000000000000000000e+00	0.000000000000000000e+00	0.000000000000000000e+00	0.000000000000000000e+00	0.000000000000000000e+00	0.000000000000000000e+00
-6.231159214999999474e-01	-8.617596061000000196e-01	-8.883062310999999545e-01	-3.500683428999999958e-01	1.192255502000000023e-01	5.154384623000000110e-01	-9.543647161999999629e-01	-4.463782246999999925e-01	1.045396254999999996e+00	7.724433094999999527e-01	7.663676282000000395e-01	1.194016122000000069e+00	3.078437043000000206e-01	-7.171976905000000402e-01	2.780644827000000152e+00	-3.935205735000000260e-01	-2.397998477000000128e-01	1.141606966999999973e+00	1.579143916000000036e+00	9.497273957999999849e-01	1.573495609000000073e+00	-9.574708347999999480e-01	1.015169769999999971e+00	-1.443000843000000089e+00	1.728481541999999926e+00	2.312609771999999952e-01	8.024004368999999581e-01	5.881516989999999723e-01	6.243015018999999999e-01	8.136633395000000268e-01	5.080377818000000323e-01	-4.199158579999999752e-01	8.948441638999999892e-01	9.811077969000000509e-01	2.706366443999999927e+00	1.139039721000000061e+00	-1.490313868999999958e+00	1.507621172999999981e+00	-1.620773481999999932e+00	1.370708513999999933e+00	-3.194423775999999937e-01	4.283273121000000239e-01	7.166189111999999861e-01	9.953398587999999769e-01	5.550060304999999694e-01	-9.363237357000000483e-01	-1.660606458999999979e-01	1.635697345000000080e+00	2.201172287999999977e+00	1.163181682999999911e+00	1.048564974000000039e+00	6.782312473999999591e-01	-4.147950056999999968e-01	1.117911802000000066e+00	-1.163884405999999982e+00	1.375887733999999973e+00	1.250243191000000031e+00	-9.925540677999999950e-02	3.317784377999999812e+00	5.169017864999999601e-01	-7.027331150000000193e-01	3.694853609000000039e-01
-6.295058331999999757e-01	-6.855544408999999506e-01	-7.362209826000000179e-01	-6.722467735999999583e-01	2.764367807000000024e-02	5.162903819999999921e-01	-1.030242367999999908e+00	-2.880637618999999927e-01	5.821571896999999662e-01	7.683118416999999978e-01	6.108779049000000461e-01	1.436405017000000006e+00	2.592522839999999995e-01	-1.709800127999999975e-01	2.320852836999999891e+00	2.694456981999999723e-01	-5.539700759000000252e-01	1.320166393000000049e+00	1.739424583999999996e+00	1.053732595999999910e+00	1.377249013999999994e+00	-1.322214648000000103e+00	5.585975396000000259e-01	-1.265907121999999996e+00	2.162628890000000137e+00	3.309697062999999995e-01	4.141974098999999798e-01	9.121912288000000313e-01	1.187105169000000071e+00	7.965048595999999481e-01	1.110626719000000068e-01	-6.532444093999999479e-01	1.880617856000000032e-01	6.179547491000000337e-01	2.031829357999999974e+00	7.390176103000000163e-01	-1.333847159000000060e+00	1.931284148999999895e+00	-8.632403121999999707e-01	1.849563175999999975e+00	-4.316000104000000115e-01	3.048580148000000212e-01	6.007177911000000092e-01	1.441384078000000013e+00	2.087647749000000053e-01	-5.774788486999999915e-01	6.542003746999999758e-02	6.333566186000000320e-01	2.508016016000000015e+00	1.858244803999999917e+00	1.461045963999999975e+00	9.791368789000000072e-01	9.367310660000000011e-01	8.209513027999999490e-01	-3.115506880999999867e-02	1.666649146999999997e+00	1.806286991999999980e+00	6.402354404000000221e-01	2.822011234000000091e+00	2.486257631000000079e-01	8.694780363999999873e-01	5.707782527000000439e-01
-6.377346681000000128e-01	-9.361918372999999960e-01	-9.904328638999999601e-01	-5.848210855000000041e-01	-2.146230516000000033e-02	4.581655470000000063e-01	-1.023129324999999978e+00	-2.131600584999999992e-02	4.258777309999999816e-01	9.641327079999999494e-01	4.582823180000000218e-01	9.813067987000000381e-01	1.571865735999999902e-01	-1.355527361999999958e-01	2.691920155000000037e+00	-1.094411326999999989e-01	-5.140885455999999465e-01	1.097149050999999931e+00	2.062486289000000195e+00	7.696089854000000008e-01	-9.849732759000000282e-02	-1.313622029000000024e+00	3.497075909999999843e-01	-1.985299565999999905e+00	1.533688520000000111e+00	-8.459569063999999861e-02	1.087181648000000056e+00	1.167881350000000040e+00	1.302555432999999985e+00	8.362190350000000549e-01	9.372974602000000433e-01	-7.503294302999999887e-01	1.660069221000000095e-01	2.308699439000000131e-01	1.230648157000000076e+00	5.891667761000000114e-01	-1.062417385999999908e+00	1.902160685999999989e+00	-1.005828528999999971e+00	2.011169071999999947e+00	-4.971456316999999792e-01	8.139584515000000131e-01	1.278180091000000074e+00	1.441655641000000099e+00	-9.596621471999999820e-02	-1.603346405999999946e-01	-1.026774238999999950e-01	1.611289868999999930e+00	2.364981403999999898e+00	1.197712820000000011e+00	7.866410149000000462e-01	1.547666237999999916e+00	2.933215853000000206e-01	9.346971361000000478e-01	7.898716261999999544e-01	2.149677060000000139e+00	1.554530525999999968e+00	5.654057379000000383e-01	2.383569189999999782e+00	-7.228953344999999864e-01	7.772942098999999772e-01	1.894519867999999996e-01
-5.358659433000000361e-01	-9.850253463999999459e-01	-1.062944193000000093e+00	-2.178893422000000024e-01	-8.500662268000000465e-02	4.898342728000000257e-01	-8.403390729999999920e-01	1.999043832999999881e-01	2.986165622999999991e-01	1.060165551000000095e+00	7.953488443999999769e-01	1.130106665000000010e+00	-1.995888876999999950e-01	3.158602892000000190e-02	2.864969762999999947e+00	-4.053651105000000143e-01	-4.628282797000000115e-01	9.055706306999999899e-01	1.138213391999999935e+00	1.414230120000000035e+00	7.869100726000000101e-01	-1.233720270000000063e+00	-2.390485984000000064e-01	-1.713105560000000027e+00	2.641265172000000216e+00	-1.446881705999999990e-01	1.072307510999999991e+00	5.181529778000000253e-01	1.350905747999999962e+00	8.153437672000000136e-01	1.533358438999999906e+00	-1.283868094000000015e+00	-6.316154649999999871e-01	-2.625616580999999838e-01	4.863937002000000009e-01	3.157690303999999976e-03	-9.762354476000000281e-01	2.128200840999999954e+00	-1.309390513999999950e+00	1.914407922000000095e+00	-3.364025071000000255e-01	1.605419131999999971e+00	1.507870481000000096e+00	1.365463010000000033e+00	-4.683346702000000250e-01	-2.528127793000000123e-01	-3.090950558000000181e-01	1.976187233000000099e+00	2.380379759000000206e+00	6.694169989999999570e-01	4.963940915000000231e-01	1.670715144000000096e+00	-5.884731040999999913e-02	1.363277619000000107e-01	7.156993432999999571e-01	1.608165893000000013e+00	2.262222002000000121e+00	1.513984146999999947e+00	1.263111266999999982e+00	-1.216732614999999962e+00	-8.751446626999999368e-02	-6.698239419000000527e-01
-5.430312133000000374e-01	-9.057172510000000010e-01	-9.683564335000000023e-01	-3.275264804999999946e-01	-2.798562567000000001e-02	4.327251904000000149e-01	-7.885057728000000044e-01	5.682529457999999783e-02	1.030340299000000043e-01	1.111019605000000077e+00	9.804750721999999641e-01	1.244260302999999901e+00	-2.043207076000000122e-01	5.943915159000000281e-02	2.525615129999999819e+00	-3.963934473999999875e-01	-3.864285132999999983e-01	8.587385937000000524e-01	1.017264131999999988e+00	1.057338448999999958e+00	1.743350402999999993e+00	-1.240142803999999987e+00	-7.269850703999999886e-02	-1.178507168999999966e+00	2.260645810999999838e+00	1.207655462999999985e-01	3.348787744999999760e-01	2.763955439999999930e-01	1.582809146000000000e+00	5.553679065000000081e-01	4.757932860999999902e-01	-1.448102414000000060e+00	-7.485945898000000431e-01	-6.649981702999999689e-01	3.810289312999999845e-01	7.509178735999999521e-02	-1.585286562999999926e+00	1.872062547000000077e+00	-1.452942090999999936e+00	1.247361777000000060e+00	-5.640566250999999864e-01	7.767608405000000493e-01	5.910485884999999717e-01	1.382212903999999964e+00	-5.154965722000000028e-01	-5.813034784999999705e-01	-7.568876418000000106e-01	1.245302617999999972e+00	2.296574773000000125e+00	8.638987868999999931e-01	8.652799117999999956e-02	1.189119991999999959e+00	-3.266576248999999987e-01	5.287861946999999896e-01	7.545987243999999761e-01	1.457614001999999909e+00	2.359541947999999945e+00	9.676004288999999758e-01	1.616128049999999927e+00	-1.566525772000000094e+00	-5.813287715999999605e-01	-1.048356437000000030e+00
-6.947337011999999978e-01	-7.813823711999999810e-01	-7.935388233000000291e-01	-7.230047289000000044e-01	3.333754309999999860e-02	4.082397021999999986e-01	-8.946940984000000263e-01	-2.453316030999999897e-01	-9.851502618000000655e-02	1.180343354999999983e+00	1.036242072999999930e+00	9.978822683000000415e-01	-3.848336704000000080e-02	5.692086951000000505e-01	2.182148639999999862e+00	-8.143453424999999579e-02	-4.157957046999999906e-01	1.141536066000000016e+00	1.517779621999999939e+00	5.563684986000000388e-01	1.570885746999999943e+00	-1.585605007999999927e+00	2.003776915999999908e-01	-9.715080427000000185e-01	2.206121666000000037e+00	4.089696662000000260e-02	4.317630947000000163e-01	1.261876301000000034e+00	1.670063376000000099e+00	8.880308010999999890e-01	4.478865902999999982e-01	-1.308979933000000040e+00	-1.013751410000000019e+00	-2.935068593999999864e-01	5.738975428000000489e-01	-2.888320282999999877e-01	-1.447147176000000091e+00	1.654506124999999939e+00	-9.131434452000000146e-01	1.576181537999999938e+00	-8.777981340999999604e-01	7.113783400999999784e-02	3.912183462000000111e-01	1.323784365000000074e+00	-6.959330865999999727e-01	-6.497725362999999810e-01	-6.310326671999999526e-01	6.109458477000000443e-01	2.444229336999999891e+00	1.647948881999999893e+00	6.909061787000000399e-01	9.134724378999999894e-01	3.267348709999999823e-01	6.881594742000000098e-01	1.127472735000000004e+00	1.799977436999999902e+00	1.877721420000000085e+00	1.411413330000000022e+00	1.695033805000000005e+00	-1.501577943000000026e+00	5.571296480000000051e-02	-3.406423792000000117e-01
-7.139291828999999590e-01	-1.047637415999999932e+00	-1.015576738000000034e+00	-6.080998791999999709e-01	-7.736635920999999916e-02	4.564622027999999943e-01	-8.916207024000000203e-01	-1.786823861999999874e-01	-1.620687319000000126e-01	1.103150703000000066e+00	7.300798003999999786e-01	6.306896105999999502e-01	-3.446416237999999806e-03	8.921232016000000264e-01	2.381689920999999988e+00	-2.267203979999999897e-01	-2.414629506000000037e-01	6.859901409999999977e-01	1.909079307999999919e+00	5.050828350999999605e-01	-3.454629698000000193e-01	-1.595920843000000033e+00	1.079716136000000021e-01	-1.632775265000000031e+00	1.620794411000000101e+00	-2.596744915999999945e-02	6.571545160999999746e-01	1.462897689999999917e+00	1.249726689000000057e+00	1.133788175999999925e+00	9.122511357000000487e-01	-1.014157691000000083e+00	-1.046554068000000060e+00	1.586959102999999927e-01	3.987486943999999922e-01	-5.327026356999999823e-01	-8.902097716000000327e-01	1.622765787999999931e+00	-8.980319843999999829e-01	1.756159244000000008e+00	-8.389882980999999740e-01	7.254004278000000250e-01	1.047588293000000004e+00	1.200241866000000046e+00	-7.499632388000000427e-01	-1.726626824999999976e-01	-4.615546107999999870e-01	1.859346633999999998e+00	2.410416462999999787e+00	9.734881238000000492e-01	4.232400533999999825e-01	1.117612940000000110e+00	2.818913102999999754e-01	4.619549385000000230e-01	1.444370979000000110e+00	1.935225871000000097e+00	1.612857085999999995e+00	1.279441131000000009e+00	1.212930247999999933e+00	-1.488495236999999971e+00	-3.519379571999999845e-01	-2.561203177999999900e-02
-6.145210475000000283e-01	-1.270019082999999993e+00	-1.225863040999999987e+00	-3.352408221000000021e-01	8.154113536000000273e-02	5.632910244000000066e-01	-8.026558459000000534e-01	-1.334177705000000047e-01	-1.370330891000000051e-01	9.462202187999999570e-01	8.393752225999999705e-01	7.304616154999999944e-01	-1.173170986999999971e-01	7.267340230000000068e-01	2.740566140999999956e+00	-4.683693300999999809e-01	7.561680681000000626e-02	6.835564170000000273e-01	9.175929213000000306e-01	9.979210452000000231e-01	5.886290190999999838e-01	-1.294440620999999902e+00	-4.296310878999999860e-01	-1.270084782999999939e+00	2.660931741999999822e+00	-4.197832582000000229e-02	4.465335052000000138e-01	1.001953152000000014e+00	1.440115773999999904e+00	8.689625349999999804e-01	8.069171649999999918e-01	-1.286846471999999908e+00	-1.468627193000000108e+00	1.434282001999999945e-01	-9.217557388000000018e-02	-2.554341091999999813e-01	-8.461580226999999566e-01	1.739096940000000036e+00	-1.038724385999999944e+00	1.925420869000000090e+00	-5.105510502000000228e-01	1.431744241999999945e+00	1.084508959999999966e+00	1.096745523000000055e+00	-1.040983392000000007e+00	-4.574646072999999924e-01	-4.018670556000000227e-01	1.828333572000000018e+00	2.374607568000000057e+00	6.320918099000000234e-01	5.782720353000000285e-02	1.564976833000000012e+00	1.712698038000000089e-01	2.529407372999999959e-01	1.338155836000000098e+00	1.343888063999999938e+00	2.795524664000000215e+00	1.218757228999999942e+00	1.361551281999999974e+00	-1.545479199000000081e+00	-4.330839510999999753e-01	-6.411655917999999899e-01
-6.338327572999999937e-01	-1.158617905999999920e+00	-1.069600636000000105e+00	-5.013636673000000377e-01	1.772572678999999873e-01	5.659597878000000026e-01	-8.804786005000000415e-01	-2.212612918000000095e-01	-6.511544314999999361e-02	8.903906715999999610e-01	7.810242303000000108e-01	6.583770320999999814e-01	8.695963784999999335e-02	-1.208353417999999922e-02	2.584642456000000088e+00	-3.662150826000000192e-01	-2.451349859999999922e-02	5.900049858000000480e-01	7.664063926999999943e-01	1.280285783999999927e+00	1.653757313999999923e+00	-1.364470035000000081e+00	-4.449818094999999918e-01	-1.122824481000000096e+00	2.359862820000000028e+00	6.184940746999999517e-01	5.383921605999999471e-01	5.199947234999999779e-01	1.657624583000000040e+00	5.964311973000000489e-01	2.559659002999999933e-01	-1.520248504000000001e+00	-1.250143368999999893e+00	-3.196459884000000251e-01	-1.120429342999999939e-01	-2.900805569000000084e-01	-1.463138888000000026e+00	1.446897399000000028e+00	-1.278632486000000013e+00	1.413224484999999975e+00	-5.902301564999999917e-01	1.031641424000000029e+00	4.639929546000000071e-01	1.433427009999999946e+00	-1.062952464000000097e+00	-4.018331944999999905e-01	-6.420692096000000237e-01	1.567215561000000035e+00	2.188027872999999790e+00	9.106446280000000115e-01	9.363421131000000674e-02	1.394814824000000009e+00	-1.362113261000000020e-01	5.299215651999999999e-01	1.377956409999999909e+00	1.529915868000000012e+00	2.927229854000000131e+00	1.112844665999999982e+00	1.701212165000000054e+00	-2.178480149999999949e+00	-5.130910186999999567e-01	-6.041483842000000548e-01
-7.060102692999999929e-01	-9.506016057999999713e-01	-8.300271495000000055e-01	-9.463871015000000497e-01	1.556091119000000134e-01	5.584936034999999910e-01	-1.037426895999999932e+00	-5.194458573000000357e-01	2.185894077000000157e-02	8.308927395999999854e-01	4.694499718999999849e-01	4.793531931000000190e-01	3.174720052000000181e-01	-6.431422749999999855e-01	2.216590218999999973e+00	1.340031912000000103e-01	-3.489174217000000078e-01	7.544538696000000488e-01	1.315243066999999932e+00	8.114963264000000231e-01	1.520061391000000039e+00	-1.489822691000000088e+00	-3.907965161999999992e-01	-1.375309563000000068e+00	2.201804398000000162e+00	1.176256372999999966e+00	5.427846988000000206e-01	1.721776707999999934e+00	1.782504786000000063e+00	5.059851936000000494e-01	9.570648604999999753e-02	-1.468989536999999901e+00	-1.009635663000000072e+00	-5.103757865000000393e-01	1.214579350000000030e-01	-2.413116429000000118e-01	-1.483421534000000097e+00	1.063715801000000072e+00	-8.287256964000000448e-01	1.691642826999999905e+00	-7.841040810999999611e-01	6.014879448000000073e-01	2.183000481000000048e-01	2.218313825000000072e+00	-1.194206612999999972e+00	-3.687540579999999957e-01	-6.006887875999999959e-01	1.527923318999999891e+00	1.726997106000000004e+00	1.362532869000000035e+00	4.756556787999999814e-01	1.301873848000000056e+00	4.589138958999999796e-01	6.206587946999999605e-01	1.477481264999999988e+00	1.759392657000000026e+00	2.644148110000000163e+00	1.587462219000000063e+00	2.213408434999999841e+00	-2.099386576000000115e+00	4.236616816000000202e-02	3.604196168000000089e-01
-8.116331908999999678e-01	-1.195973286999999941e+00	-1.002645430000000060e+00	-8.642146732000000053e-01	1.474252484999999946e-01	4.695102406000000173e-01	-1.066812115999999921e+00	-5.709448727999999473e-01	9.423789288999999403e-02	8.877222662000000541e-01	2.885397323000000180e-01	3.103593644000000040e-01	3.480616786999999879e-01	-8.319942673000000344e-01	2.236101611000000045e+00	-1.934612561000000064e-01	-7.732726859999999869e-01	9.657017949999999740e-01	1.387333772999999937e+00	6.549156655000000216e-01	-5.003608925000000429e-01	-1.561697201999999951e+00	-1.034628991000000053e-01	-1.663553260000000034e+00	1.770923446000000068e+00	1.453569075000000099e+00	7.690678303000000327e-01	1.694784384999999949e+00	1.609699129000000006e+00	4.292143496999999974e-01	5.502393383000000471e-01	-1.272532369999999968e+00	-1.193344635000000098e+00	-6.333690606999999861e-01	5.139489495000000296e-01	-4.001854856000000016e-01	-1.246376040999999990e+00	1.132514304999999943e+00	-5.343338036000000457e-01	1.809004003000000083e+00	-9.322923990000000494e-01	8.713127755999999779e-01	8.182826649000000119e-01	1.698270936999999980e+00	-9.254827689000000301e-01	3.862323150000000066e-02	-4.975846308999999912e-01	2.398871467999999840e+00	1.071409862999999962e+00	9.629035025000000081e-01	3.534610067999999772e-01	1.239939914999999893e+00	6.372978504999999849e-01	8.813412417999999526e-01	1.652227898000000028e+00	1.906487529999999930e+00	2.751782959999999889e+00	1.471746009999999938e+00	1.914927671000000053e+00	-1.830264408999999981e+00	3.265532789000000213e-01	3.832566679000000143e-01
-7.722089335999999804e-01	-1.491126138999999906e+00	-1.297617237000000090e+00	-4.335171879999999978e-01	1.091660272999999959e-01	3.968704520999999930e-01	-8.431550450999999446e-01	-4.587856267000000043e-01	1.269398129000000042e-01	9.116483045000000063e-01	3.693459244000000252e-01	3.755993148999999809e-01	-5.784651041999999688e-02	-4.862062428999999741e-01	2.400527261000000134e+00	-6.181404535000000200e-01	-7.399106662000000112e-01	7.514620369000000188e-01	7.492320781000000318e-01	7.882723786999999982e-01	-7.593643355000000150e-02	-1.301321466999999954e+00	-1.439493101000000053e-01	-1.658665515000000035e+00	1.483765957999999996e+00	1.116572625999999957e+00	4.772873103999999977e-01	1.496962058000000040e+00	1.372397972999999993e+00	3.803078161999999818e-01	7.926700184999999621e-01	-1.240496664999999998e+00	-1.387009600000000065e+00	-6.614906726000000514e-01	1.305524258999999909e-01	-4.690038310999999904e-01	-1.064710496000000006e+00	1.657875516000000049e+00	-5.634678727999999914e-01	1.995414915000000011e+00	-7.850075480000000550e-01	1.265944259999999932e+00	1.227503167000000062e+00	1.493717560000000111e+00	-9.555462394000000526e-01	2.408929861000000047e-02	-4.614003837999999802e-01	2.259292000999999939e+00	7.405627947999999794e-01	1.345055733999999947e-01	-1.950156272999999940e-01	1.331426275999999964e+00	6.221879996000000412e-01	8.217151105000000122e-01	1.317180076999999949e+00	1.679930122000000026e+00	3.152713095000000187e+00	1.211975620999999892e+00	5.157004870000000407e-01	-1.448642363000000044e+00	1.456236190000000097e-01	-6.772579997000000018e-01
-7.443518516999999557e-01	-1.304179608999999962e+00	-1.157775180000000015e+00	-5.636006290999999724e-01	8.280984295000000384e-02	4.556806171000000183e-01	-8.405993690999999934e-01	-6.310711902000000206e-01	-1.819381548000000015e-02	9.571816264000000407e-01	6.192052778000000091e-01	4.611310310999999773e-01	4.361615447000000145e-02	-2.694215333000000157e-01	2.200525284999999887e+00	-2.902702849000000085e-01	-5.490970185000000336e-01	6.642687082999999548e-01	8.117258137999999734e-01	8.790121537999999735e-01	1.587137390000000092e+00	-1.282621714000000024e+00	-2.499261926999999939e-01	-1.353747478999999920e+00	2.552986140999999876e+00	1.451942794000000037e+00	5.474406699999999626e-01	7.611993209999999843e-01	1.496989995999999934e+00	4.970410224999999849e-01	2.429120354000000037e-01	-1.442698024000000023e+00	-1.033874418999999989e+00	-8.923784003000000409e-01	3.891021458000000210e-01	-3.683410427000000098e-01	-1.589490046999999961e+00	1.788679890999999911e+00	-5.450919488000000035e-01	1.422130214999999920e+00	-8.745008670999999678e-01	9.756894244999999577e-01	4.604934801000000189e-01	1.369973024999999955e+00	-1.022433244999999991e+00	-4.668577271000000084e-01	-6.706228091999999474e-01	1.788951154999999904e+00	9.398657422999999733e-01	3.725361240000000240e-01	1.298928350999999926e-01	1.521624231999999965e+00	3.316597245999999832e-01	3.862769553000000022e-01	1.059194820999999953e+00	1.350019507999999924e+00	3.420831135999999884e+00	1.211168336000000068e+00	1.809392917999999906e+00	-1.563833612000000040e+00	-5.039329690999999611e-01	-5.252656950999999852e-01
-8.604574428000000275e-01	-1.124712375999999958e+00	-9.511304449999999910e-01	-9.855776764000000467e-01	1.138933961000000022e-01	4.760583801000000115e-01	-1.015578102999999954e+00	-9.325218136999999796e-01	-1.321385374999999862e-01	1.005654615000000085e+00	4.564383028999999814e-01	3.619224066000000239e-01	2.125354409999999916e-01	-3.533727504999999991e-01	1.816022030999999926e+00	6.934293452999999718e-02	-4.117902231000000191e-01	1.016901580999999943e+00	1.459713279999999891e+00	6.078237640000000441e-01	1.537339011999999894e+00	-1.468927228000000085e+00	-2.423432936000000093e-01	-1.377889399000000070e+00	1.869294237999999941e+00	1.390018541999999968e+00	6.263435737000000447e-01	2.243684073999999917e+00	1.811743847000000018e+00	5.759005660999999554e-01	1.300528237999999948e-01	-1.261264095000000030e+00	-5.147904223999999473e-01	-5.066375871999999614e-01	3.842917010999999938e-01	-2.456443000999999904e-01	-1.548281844999999990e+00	1.257488152000000081e+00	-1.004971734999999949e-01	1.624973344999999902e+00	-9.675295117000000111e-01	6.419207391000000262e-01	7.748052851999999435e-02	2.061226974999999850e+00	-1.140758764000000092e+00	-6.167623125000000206e-01	-4.085004842000000136e-01	1.522423636999999941e+00	9.570765652999999595e-01	1.263250264999999928e+00	7.012694766999999496e-01	1.376153849999999901e+00	7.921133390000000274e-01	7.814553265000000470e-01	1.317236513000000109e+00	1.601089226999999893e+00	2.672355311000000011e+00	1.456153424000000030e+00	2.179651381000000221e+00	-1.803161577000000015e+00	-3.991644066000000213e-01	-7.893802520999999850e-02
-8.840325220000000428e-01	-1.189933496999999951e+00	-9.913832071000000523e-01	-9.894321659999999463e-01	2.758031249999999823e-01	4.508262015999999761e-01	-1.084313858000000019e+00	-9.413428870000000170e-01	-8.888037872000000006e-02	9.005224601000000328e-01	3.662963253000000030e-01	1.745852743999999901e-01	3.919067313999999858e-01	-4.254774874999999734e-01	1.887948198999999994e+00	-5.632876983000000004e-02	-3.908005821000000157e-01	1.038329845000000029e+00	1.327422247999999971e+00	6.722342114999999563e-01	7.429557737999999967e-01	-1.630701291000000053e+00	-6.791945345000000023e-01	-1.816699257000000012e+00	2.412591967000000004e+00	1.407802784999999890e+00	1.160856515000000089e+00	1.264769790999999977e+00	1.654764434999999922e+00	5.005959104999999632e-01	5.630448755000000416e-01	-1.158983850000000038e+00	-4.175395707999999817e-01	-3.248477764000000101e-01	4.734988305999999758e-01	-7.299426254999999975e-01	-9.961954477000000141e-01	7.860784659999999757e-01	-3.436401814999999749e-01	1.713542459999999990e+00	-7.295539743000000188e-01	9.471544621999999913e-01	5.010029951000000148e-01	1.910570759000000063e+00	-9.535324340999999926e-01	-3.190257833999999848e-01	-2.957291060000000193e-01	1.908881556999999951e+00	1.065521130999999899e+00	9.316452924000000468e-01	4.592897042999999901e-01	1.177627283999999941e+00	7.300531473000000382e-01	9.131251086999999655e-01	1.106838967000000062e+00	1.623969766000000092e+00	2.133584615999999823e+00	1.317107623999999921e+00	2.491366481000000022e+00	-2.119438542999999786e+00	9.575800719000000516e-01	4.933903530000000037e-01
-9.329454594999999628e-01	-1.465123791999999980e+00	-1.276993001999999988e+00	-6.132209623000000054e-01	1.408497411000000088e-01	4.253066784000000267e-01	-9.415184583000000274e-01	-6.264871680000000387e-01	2.079736519000000006e-01	7.160324865999999622e-01	1.938142122000000023e-01	2.360475921999999893e-01	4.326726041000000106e-02	-7.702504279999999870e-01	2.166746417999999785e+00	-4.307816127999999911e-01	-8.064826286999999816e-01	9.710145808000000267e-01	8.496940920000000119e-01	7.693629942999999916e-01	-6.218030641999999775e-01	-1.276605503000000086e+00	-5.899536932000000178e-01	-1.737343003000000108e+00	1.521366465000000057e+00	1.125461749000000067e+00	6.845217178000000402e-01	1.892803060000000093e+00	8.190998386000000187e-01	2.622827070000000038e-01	6.908029586999999694e-01	-8.894222276000000038e-01	-9.403612265999999886e-01	-2.428067483999999943e-01	-1.956265131999999907e-01	-5.744822421999999928e-01	-2.245775053999999882e-01	4.522141597000000068e-01	-6.359097495000000100e-01	1.980431789000000053e+00	-2.115984377000000027e-01	1.583047160000000009e+00	1.113188083000000050e+00	1.595052284999999959e+00	-4.577027859000000198e-01	-4.315847516000000106e-02	-7.200560488000000425e-02	2.712796811000000030e+00	6.499917996999999836e-01	4.000300645000000044e-01	-2.341477894999999948e-02	6.606850281999999686e-01	1.045399799999999990e+00	9.779492315000000158e-01	2.236075201999999928e-01	1.575281107999999985e+00	2.389811374999999849e+00	1.104167405000000102e+00	5.907404977000000335e-01	-1.139818036999999951e+00	5.056183991999999572e-01	4.428487916000000135e-01
-9.205829931000000244e-01	-1.480041786999999998e+00	-1.200800045000000038e+00	-4.668250132999999802e-01	2.335549413999999935e-01	4.875248296999999953e-01	-8.348648550999999696e-01	-5.845233306999999545e-01	1.482847824999999897e-01	4.396764432999999972e-01	2.722991683000000052e-01	2.912466743000000080e-01	1.868695585999999992e-02	-7.941291327999999705e-01	1.871112211000000025e+00	-2.792302041999999984e-01	-1.065825011999999905e+00	7.742456899999999864e-01	8.064954980999999856e-01	7.562366408999999789e-01	1.110462652999999911e+00	-1.267860108000000041e+00	-6.997076139000000250e-01	-1.539728972000000029e+00	2.659415423000000001e+00	9.635598050000000470e-01	4.975272600000000267e-01	5.144522020999999778e-01	1.476711511000000088e-01	-2.318986647000000068e-01	4.838299912999999841e-01	-1.050571644999999998e+00	-1.084139485999999986e+00	1.211303910999999983e-01	-6.832923049000000359e-01	-9.400095804000000443e-01	-3.469020595000000262e-01	1.253897427000000009e-01	-1.481740896000000030e+00	1.632339428000000092e+00	-2.036200693000000117e-01	1.477458128000000093e+00	7.351893819000000496e-01	1.234628610999999987e+00	-1.978260648999999871e-01	-4.167196559999999939e-01	-4.124423197000000041e-01	1.893172072000000039e+00	9.467048091999999970e-01	2.179915223999999985e-01	-4.046027676000000239e-01	6.787757253999999740e-01	8.554390953999999603e-01	3.152118982000000069e-01	-2.845349502000000252e-01	9.747427758000000164e-01	2.549342263000000219e+00	9.497568224000000336e-01	1.078833222000000092e+00	1.274548242000000109e-01	-3.482975598999999978e-01	1.439150619000000075e+00
-1.031082733999999945e+00	-1.301381050999999900e+00	-9.936771040999999860e-01	-6.888820191000000204e-01	2.413329697999999912e-01	4.403380369000000072e-01	-9.898062615999999592e-01	-7.420086339000000475e-01	9.996640235999999791e-02	3.585793908000000085e-01	1.899223233000000011e-01	1.313723585999999888e-01	2.595315939999999766e-01	-8.822933374000000439e-01	1.436267210000000016e+00	-7.687112308999999311e-02	-1.227560720000000050e+00	8.036597387999999675e-01	9.872520773999999832e-01	2.682872546999999774e-01	1.778593550999999939e+00	-1.342126421999999986e+00	-3.782260069000000224e-01	-1.238161322000000064e+00	1.958126161000000032e+00	9.600721787999999535e-01	2.483654913999999991e-01	1.197439203000000063e+00	-5.688994120000000210e-02	-4.130960926999999727e-01	6.777131696999999511e-02	-1.264681509999999953e+00	-9.810659830000000303e-01	5.424038843999999804e-01	-9.408252307000000147e-01	-9.388754846000000320e-01	-5.281440013999999517e-01	-5.197392908000000172e-02	-1.592392494000000047e+00	1.487264405999999983e+00	4.693398164999999789e-02	1.064532633000000006e+00	1.824750022999999943e-01	1.451963166999999943e+00	1.882715745999999912e-01	-9.917380816999999960e-01	-4.987162164000000231e-01	1.886664700000000083e+00	1.394575474999999898e+00	1.269003236999999951e+00	-2.383729961999999855e-02	3.076263953999999745e-01	6.762060610000000249e-01	4.478643951999999873e-01	-1.618386884999999942e-01	7.114040292000000099e-01	1.794737371000000081e+00	9.676747720999999691e-01	1.072436216000000053e+00	7.474660012999999603e-01	-5.218371375000000478e-01	1.889540121000000017e+00
-1.030707934999999908e+00	-1.217575867000000089e+00	-9.213152234999999468e-01	-9.152403277999999753e-01	3.020641492999999733e-01	4.288096043999999885e-01	-1.221363087999999930e+00	-8.737850684000000312e-01	9.115481594999999548e-02	3.261918886999999878e-01	-1.317086718999999906e-01	-2.917452945999999825e-01	6.613990991000000541e-01	-7.070144640000000091e-01	1.134123500000000062e+00	2.214381670999999996e-01	-1.204162863000000083e+00	8.413211449999999925e-01	1.455120288000000039e+00	-2.625425722999999989e-01	1.499504066000000080e+00	-1.610018254000000093e+00	-4.529545293000000195e-01	-1.221954696999999923e+00	2.205268037999999819e+00	6.475038262000000211e-01	2.593637516999999781e-01	1.696096773000000058e+00	-1.943555103000000062e-01	-4.753779606999999907e-01	3.617008281999999908e-01	-6.466670630999999947e-01	-6.871145132000000544e-01	7.567115417999999982e-01	-6.139298652000000356e-01	-1.258922096000000046e+00	4.677332444999999783e-01	-3.144745865999999668e-02	-1.275925498999999963e+00	9.981391279000000338e-01	9.282070843999999654e-02	5.293316952000000075e-01	-4.756544408999999751e-01	1.584676336000000019e+00	2.812753317999999725e-01	-1.344536557000000077e+00	-3.869308984000000007e-01	1.197861500999999995e+00	1.712694707000000038e+00	1.741787100000000033e+00	1.297974087000000054e-01	3.404941429000000186e-01	1.508509871000000002e+00	6.077732556999999591e-01	7.789415491000000191e-01	8.360342541999999932e-01	1.161904354000000028e+00	9.319653170999999681e-01	1.882820847000000075e+00	1.364842182999999931e+00	-1.183208092000000017e-01	2.357890981999999802e+00
-1.041131196000000037e+00	-1.413510025999999975e+00	-1.048275029000000025e+00	-8.921241274000000221e-01	2.547165647999999893e-01	3.655556510999999897e-01	-1.259129289000000096e+00	-8.395559701000000485e-01	2.269274531000000095e-01	4.573657255999999949e-01	-2.418228246999999942e-01	-6.365383213999999956e-01	6.725253385999999667e-01	-8.666901095000000277e-01	1.630394981000000021e+00	-4.247549251000000137e-01	-9.783416228000000325e-01	3.222099493000000203e-01	8.732708124000000405e-01	-2.554595178999999883e-01	-1.717897784000000164e-02	-2.203518881000000040e-01	5.595268974999999950e-02	-1.200095568999999918e+00	2.108188183000000215e+00	9.507917486000000418e-01	-9.292574097000000366e-01	1.165176430999999901e+00	-6.305374919999999772e-01	-3.388193480000000202e-01	9.113631237999999524e-01	1.443453840000000099e+00	-2.988338910000000181e-01	5.154781314999999919e-01	-4.655625768000000164e-01	-9.514430402000000342e-01	4.286884666999999927e-01	-1.269866635999999938e-01	-1.074931394999999901e+00	-4.761037622000000025e-01	1.208216061000000063e-01	1.876500150999999894e+00	3.864707760000000158e-01	8.296004352000000415e-01	5.893347222000000496e-01	-1.092297834000000023e+00	-1.599763814999999978e+00	7.844900998999999597e-01	1.561522859000000096e+00	9.979813243999999806e-01	-1.125408224000000068e+00	1.522048362000000044e+00	8.347071794000000544e-01	4.741187772000000078e-01	4.107023759000000274e-01	-3.994757612000000013e-01	6.227548536000000468e-01	1.207717844999999901e+00	6.670397890999999468e-01	1.236026966000000060e+00	-3.267748887999999963e-01	1.919041564999999894e+00
-1.021503374999999991e+00	-1.719756765999999937e+00	-1.235118771000000004e+00	-5.947012967999999455e-01	1.789133044000000006e-01	3.163581965999999746e-01	-1.005478211000000011e+00	-7.447502046999999736e-01	3.760105522000000144e-01	5.978301491999999939e-01	-2.243916254999999971e-01	-3.036685933000000115e-01	3.742362328000000127e-01	-6.767081643000000257e-01	1.823795551999999986e+00	-4.809389812000000042e-01	-1.051356516000000019e+00	4.126669216000000140e-01	-5.361607407999999936e-02	-9.899097787999999731e-01	2.150635540999999984e-01	3.831316113000000079e-01	4.083375898000000254e-02	-1.968546603999999922e-01	1.945615305000000017e+00	7.587510415999999536e-01	-1.430859190999999919e+00	1.250217423999999911e+00	-1.320632118000000021e+00	-8.047602528999999727e-01	-3.812282558999999793e-01	8.375738945999999796e-01	-5.860490830000000262e-01	1.618477802000000132e-01	-1.049567657999999959e+00	-1.935151237000000135e-01	-3.432734308000000012e-01	7.413682340999999676e-02	-1.378769377000000018e+00	-6.205974281999999675e-01	3.946355195999999843e-01	2.283009557000000189e+00	1.607815503999999951e+00	6.697593940999999607e-01	4.183742990000000050e-02	-1.079249914999999893e+00	1.216477937000000065e-01	5.373877409999999744e-01	9.117969645000000289e-01	-1.797077615999999878e-01	-1.708418610999999920e+00	1.317024581999999944e+00	1.328764205000000087e-01	-2.335225021000000012e-01	2.674884559999999856e-01	-1.320192903000000084e-01	1.231862691999999981e+00	1.482668555999999915e+00	-1.277825680000000075e+00	5.757549853000000217e-01	-4.897957709999999909e-01	1.911295068000000041e+00
-1.033312065000000057e+00	-1.503117048000000011e+00	-1.054900900000000030e+00	-8.283024638999999523e-01	3.300845618000000092e-01	3.612778776000000192e-01	-1.146203767999999901e+00	-8.380337865000000441e-01	2.363874790000000115e-01	7.828879126000000133e-01	-1.883121054999999933e-01	-2.604501309000000209e-01	4.332179803999999801e-01	-4.024027044999999858e-01	1.051388409999999940e+00	-2.244590877000000040e-01	-9.453858840000000097e-01	4.054456792000000198e-01	2.089016568000000018e-01	-1.603716299000000012e+00	2.123908692000000098e+00	2.626832441999999990e-01	2.484476123000000161e-02	5.618670085000000425e-01	1.665319390000000066e+00	6.359491040000000428e-01	-1.626515712000000002e+00	5.251205481999999813e-01	-1.239617487999999934e+00	-9.571113800999999643e-01	-1.206572296000000044e+00	8.700651075999999984e-01	-6.710362841000000467e-01	-3.165554293999999769e-01	-1.257671951000000066e+00	-4.229623789999999994e-01	-7.348372955999999956e-01	-1.993259793000000113e-01	-1.139815618000000086e+00	-9.697022413000000451e-01	1.233700551999999950e-01	1.389761054999999912e+00	9.708420330999999459e-01	9.677559880999999642e-01	-5.290248718000000183e-01	-1.267960060999999916e+00	3.550095502000000236e-02	-1.548788945000000028e-01	6.291510961999999818e-01	-1.050806345000000058e-01	-1.613327165999999924e+00	5.332924572999999668e-01	7.299260819000000233e-02	-2.327513741999999997e-01	9.395753689000000408e-01	-2.743421809000000100e-01	1.686646134000000075e+00	1.160471041999999953e+00	-7.518735464000000368e-01	7.246129013000000008e-01	-5.936189089000000196e-01	2.431919719999999785e+00
-1.080775113999999926e+00	-1.276415614999999892e+00	-8.520668869999999950e-01	-1.067190939999999921e+00	3.732734128999999901e-01	3.425369724999999810e-01	-1.368703049999999921e+00	-9.477885263999999976e-01	3.734958515999999701e-02	9.178259810000000130e-01	-3.014368310000000162e-01	-6.928824512000000269e-01	5.830462614000000432e-01	-7.096547642999999350e-02	3.514783357999999858e-01	1.361359303999999937e-01	-9.956579244000000051e-01	6.024732041000000482e-01	1.215474884000000033e+00	-1.576162068999999999e+00	1.718258534000000060e+00	3.508025437000000246e-01	1.631819927000000003e-01	4.457547807999999723e-01	1.291660644000000024e+00	7.907734049000000320e-01	-1.729312890999999963e+00	1.936730990000000041e+00	-1.208122600999999907e+00	-9.579193646000000451e-01	-1.413330506000000097e+00	9.444301097999999728e-01	-5.421789903999999494e-01	2.510514802000000101e-01	-1.282657472999999992e+00	-5.415574474000000027e-01	-1.147737559000000074e+00	-2.040005646999999978e-01	-5.212984371000000117e-01	-1.020335012000000097e+00	1.433567839999999871e-01	7.280305955999999412e-02	1.127236646999999925e+00	8.932396652999999853e-01	-4.399300520000000159e-01	-1.204655835999999924e+00	2.597302262000000250e-01	3.570783998000000015e-01	3.338890203000000056e-01	-8.458000888000000161e-02	-9.514760185999999731e-01	2.070958086000000087e+00	-4.300814862999999821e-01	1.647633495999999975e-01	1.717049480000000017e+00	6.188207397999999637e-01	9.907648567000000295e-01	9.533886175000000351e-01	-1.186902698999999905e-03	6.256155816999999786e-01	3.597104951000000272e-01	3.354879117999999938e+00
-1.022313338000000016e+00	-1.333302549999999975e+00	-1.030253520000000034e+00	-1.111209528000000057e+00	4.962105433999999815e-01	3.604358319000000033e-01	-1.499931922000000029e+00	-8.559005082999999736e-01	1.553141006000000046e-01	9.506531253000000126e-01	-3.955553101000000016e-01	-1.039653772999999948e+00	6.304257582000000193e-01	3.490229317999999914e-01	3.221528459999999927e-01	-1.420309800999999990e-02	-6.646120545999999463e-01	9.140203797000000518e-01	1.228559461999999991e+00	-8.508573952000000329e-01	1.308303484000000072e+00	1.032199462999999984e+00	5.252434592000000402e-01	2.277038361000000011e-01	1.755111754000000079e+00	9.113544381999999500e-01	-1.174816215999999969e+00	1.144962677999999956e+00	-1.309846244999999909e+00	-6.832936749000000365e-01	-1.870673931000000012e+00	5.341367005999999584e-01	-7.350399036000000441e-01	5.547061013999999846e-01	-1.095005527999999950e+00	3.720426884999999961e-01	-1.582200293000000091e+00	1.279838934000000067e-02	4.288037600999999865e-02	5.674114505999999780e-01	2.416899442000000064e-01	-1.216553410999999946e-01	1.086929363000000093e+00	-9.292994801999999999e-03	-1.722192828000000120e-01	-7.033933579000000158e-01	5.917896012000000150e-01	3.797587515999999858e-02	3.815473410999999926e-01	1.701373807000000071e-01	-4.173144473000000021e-01	1.741616245999999979e+00	-5.523918297000000033e-01	3.153974654999999738e-01	1.830112836999999937e+00	8.302839568000000003e-01	2.348629617000000114e-01	-2.204775697999999950e-01	7.217412159999999632e-01	1.247141679000000059e+00	1.776727050999999946e+00	3.232440761999999967e+00
-1.089686405999999996e+00	-1.597047514000000001e+00	-1.299096151999999949e+00	-7.563721575999999835e-01	3.128681938000000273e-01	2.890157156000000005e-01	-1.257352186000000094e+00	-4.194182164999999962e-01	3.820402622999999886e-01	1.094428898000000094e+00	-2.710899814000000130e-01	-1.102563171999999980e+00	5.169830394000000107e-01	5.570750000999999951e-01	7.731418371999999595e-01	-4.524008986999999982e-01	-6.505023594000000076e-01	9.085244515000000520e-01	9.974449255999999764e-01	-2.985857568999999989e-01	-9.178623972999999658e-02	5.509473339999999830e-02	1.339780100999999890e+00	-1.195158305999999976e-01	3.092951012999999860e-01	1.313558943999999951e+00	-6.286120582999999984e-01	2.881427368999999850e+00	-1.991486292999999907e+00	-3.777211133999999748e-01	-1.700483530999999937e+00	-2.610083163999999956e-01	-9.762283941999999604e-01	7.720588026000000381e-01	-1.149040593999999915e+00	1.069904269000000019e+00	-8.678144142999999477e-01	5.600965526000000194e-01	5.405800689999999964e-01	1.394842686999999914e+00	1.646991720000000048e-01	-2.132458694999999904e-01	2.092937812000000175e+00	-5.005313757999999558e-01	3.881100270999999768e-01	4.936726284999999950e-03	8.209703946999999946e-01	5.779976959999999497e-01	-7.253599777999999998e-02	-4.037686778999999837e-01	-4.638840300000000166e-02	1.096945316000000004e+00	-2.979587984000000023e-01	3.641689898000000092e-01	1.354742405000000094e+00	9.252867892999999677e-01	2.717207918999999805e-01	-1.099821983999999947e-01	-1.050694573999999992e+00	1.707533811000000012e+00	1.607828763000000105e+00	3.308183966000000087e+00
-9.852348440999999513e-01	-1.699351739999999999e+00	-1.358158347000000044e+00	-5.239305869000000504e-01	3.747877539000000202e-01	3.840977222999999996e-01	-1.056879260000000098e+00	-2.698252027999999969e-01	3.261193359999999819e-01	1.111622284999999932e+00	4.268583640999999707e-02	-7.411073412999999999e-01	6.464223556999999509e-01	5.237196576999999520e-01	7.374972679000000308e-01	-5.294547851999999999e-01	-2.936585223000000022e-01	6.752942598000000185e-01	2.746852248000000163e-01	1.604154009000000047e-01	1.301571958000000029e+00	-8.107343366999999468e-01	1.299964660000000105e+00	-1.308771140999999971e-01	1.321020853999999911e+00	1.303580986000000053e+00	-1.964563816000000074e-01	1.020833748999999901e+00	-2.106365521999999935e+00	-3.066565642999999897e-01	-1.368547849999999899e+00	-7.451680696000000381e-01	-7.716493581000000157e-01	3.176496366000000071e-01	-9.341135436999999930e-01	1.189824524999999911e+00	-1.178636709000000060e+00	8.286715678999999612e-01	1.328950268000000101e-01	8.099886924000000432e-01	2.762492409000000260e-01	-7.286644245000000186e-01	1.470294055000000100e+00	-8.801966783000000349e-01	5.511071337999999820e-01	-1.075342051000000021e-02	5.322410918000000102e-01	-1.776600338000000057e-01	-4.079285689000000104e-01	-1.315267129000000090e-01	-1.099348967000000066e-01	1.094760635999999954e+00	-9.640369388999999734e-01	3.662966411000000144e-02	3.679503243000000201e-01	1.041235679999999997e+00	1.296010703000000097e+00	-3.242203630000000114e-01	-3.129191971999999849e-02	1.918999848999999980e+00	-4.689213966999999927e-01	3.077582527000000123e+00
-1.054635318999999960e+00	-1.258582964999999998e+00	-9.215523466999999691e-01	-8.849940954999999665e-01	4.535534052999999899e-01	4.601265127999999982e-01	-1.254240573999999997e+00	-5.033954631000000512e-01	2.702058065999999870e-01	1.064912448999999928e+00	7.715171930000000455e-02	-7.040823179999999848e-01	1.308231214000000087e+00	3.546754638999999876e-01	6.226226556999999717e-01	-1.195816435999999955e-01	-1.012299386000000030e-02	9.292346584999999770e-01	1.042025675000000096e+00	1.176799696000000034e-01	2.168749270000000173e+00	-1.260926454999999891e+00	1.550448121999999929e+00	-4.175332662999999833e-01	3.499587599999999799e-01	1.912404645999999930e+00	-1.965307977000000095e-01	2.092345085999999910e+00	-1.638599834000000088e+00	-1.432719758000000065e-01	-1.610688297000000047e+00	-6.149699887999999781e-01	2.326155924000000014e-02	-8.447938801000000331e-02	-5.616969108999999571e-01	9.104820586999999854e-01	-1.358672808999999981e+00	3.793130469000000060e-01	4.431151432000000057e-01	1.306626097000000097e+00	-2.728466207999999948e-01	-8.418336427000000510e-01	1.142348734000000032e+00	-2.794751604999999861e-01	5.332479181999999485e-01	-7.155480122999999804e-01	4.568519690999999772e-01	-2.645504166000000046e-01	-8.909634352999999951e-01	4.881192557999999848e-01	2.390268513999999900e-01	1.001979438000000000e+00	4.813910862999999929e-01	7.120870365999999452e-01	1.863585436999999900e-01	1.592282627999999978e+00	5.977587165000000091e-01	-4.331872762000000265e-01	3.528864910999999771e-01	1.943833315000000006e+00	-9.456105085999999549e-01	4.026216542000000231e+00
-9.750956772000000106e-01	-1.166572195000000089e+00	-8.922843942000000528e-01	-1.039499860000000053e+00	5.115165484999999457e-01	4.462645060000000052e-01	-1.500031483000000110e+00	-6.500321881999999718e-01	1.891512180000000098e-01	1.052802688999999958e+00	-2.163523149999999895e-01	-6.082980279999999906e-01	1.710806918999999926e+00	2.927107427999999789e-01	6.158614803999999943e-01	-2.030351236999999864e-01	1.521349203000000039e-01	9.243577737000000516e-01	1.400628376000000008e+00	-2.238002823000000141e-02	1.782905608000000086e+00	-1.336189850000000012e+00	1.565259879999999937e+00	-8.818790748999999485e-01	7.762192102999999621e-01	1.835928467000000008e+00	1.354777553999999995e+00	1.141347228000000102e+00	-1.061611966999999934e+00	-3.754842871999999887e-01	-1.219083941000000060e+00	-7.065932495000000202e-01	4.552085208000000160e-01	-2.652895357999999759e-01	1.879226412999999984e-01	1.458305186000000031e+00	-1.655218861999999902e+00	5.035746749999999716e-01	4.332142448999999895e-01	1.404349700999999895e+00	-6.316066023999999945e-01	-8.754875170000000484e-01	6.712930416000000289e-01	-3.484099915000000158e-01	8.883578109999999972e-01	-8.363554060000000234e-01	1.436576740999999935e-01	-8.538559386999999834e-02	-9.876739302999999470e-01	5.205861778999999467e-01	4.441027103999999892e-01	7.147112424999999547e-01	1.223238054999999935e+00	9.849163802000000523e-01	4.017143678000000273e-01	1.646052032999999915e+00	7.851097216000000323e-01	-8.926762758999999825e-01	1.326068220000000020e+00	1.375122546000000057e+00	-4.608264865000000210e-01	4.009480018999999729e+00
-9.302493133000000469e-01	-1.300986572000000008e+00	-1.068064472999999959e+00	-9.690887486999999467e-01	5.393448857000000540e-01	5.411008011000000284e-01	-1.519290051000000030e+00	-6.484944887000000380e-01	4.094854237000000174e-01	9.838361617999999975e-01	-1.978352184999999930e-01	-5.714554063000000239e-01	1.732714177000000078e+00	2.769318565000000038e-02	1.165180896000000077e+00	-6.375582181000000181e-01	3.262487654999999820e-01	1.238361322000000042e+00	1.646338018000000014e+00	8.458805600999999563e-03	4.405987164999999872e-01	-1.579406043000000093e+00	1.725416730000000065e+00	-1.479213601999999961e+00	6.595070959000000066e-01	1.733333506999999996e+00	2.132280573000000068e+00	1.408508501000000024e+00	-9.175242372999999896e-01	-4.624500093000000200e-01	3.007312460000000076e-01	-5.409678877000000385e-01	5.985639288999999863e-01	-3.599069946999999825e-01	5.941860676000000341e-01	4.881983871999999725e-01	-4.899081832000000136e-01	9.588023009999999680e-01	5.210030823000000311e-01	1.443118675000000017e+00	-4.746590719000000069e-01	-1.546828983000000102e-01	2.351876330999999876e-01	-1.049826675000000042e+00	1.157953094000000016e+00	-6.983518335999999715e-01	-2.885849937000000143e-01	5.177456666999999957e-01	-1.117954751999999941e+00	2.816272405999999950e-01	5.951928521999999555e-01	2.553183983999999795e-01	5.634012246999999807e-01	1.062825641000000099e+00	8.024855629999999573e-01	8.323120853000000041e-01	1.183451122000000050e-01	-4.592464407999999887e-01	7.143964708000000163e-01	1.533220534000000024e+00	1.283882279000000126e-01	3.280907403000000055e+00
-9.245175040999999982e-01	-1.715574751999999981e+00	-1.381114933999999961e+00	-5.807772382000000455e-01	4.883096242000000142e-01	5.545321254999999727e-01	-1.031571642000000066e+00	-5.582639057999999599e-01	5.051728532999999466e-01	8.520606922000000250e-01	3.147052843999999933e-02	-3.206300577000000263e-01	1.411687203000000057e+00	-4.080096089999999953e-01	1.901170279000000018e+00	-1.031752317000000030e+00	4.216841644000000056e-01	7.983106992999999818e-01	-8.830890355999999886e-02	2.712902417999999982e-01	2.891779943000000186e-01	-6.992686385999999921e-01	1.467715488000000068e+00	-1.136242772999999984e+00	1.048571399999999931e+00	1.687205660999999912e+00	2.034607321000000135e-01	1.293709841999999943e+00	-1.762775592999999974e+00	-4.732754524000000185e-01	2.308233847999999977e+00	1.750090602000000106e-01	6.094939867000000178e-02	-9.242926267000000085e-01	-4.561428809000000334e-02	-8.515492510000000070e-01	1.023942809000000009e+00	1.190979844999999981e+00	-1.136361243000000021e-01	8.606371087999999947e-01	-2.287758622000000130e-01	1.691780851000000085e+00	1.605123305000000000e+00	-1.043230864999999952e+00	8.263170802999999509e-01	-8.237407046000000399e-01	-7.840832931000000228e-01	5.801554746999999512e-01	-1.885417998999999956e+00	-1.258236577999999994e+00	-7.902804423000000522e-01	1.128662880000000035e+00	9.903419999000000473e-01	3.450082741000000119e-01	-2.292158377999999885e-01	2.604222406000000212e-01	1.114069731000000063e+00	2.250676305000000044e-01	-1.360834595000000036e+00	9.890588639999999820e-01	-9.016404770999999485e-01	2.338145560000000067e+00
-9.616041874999999850e-01	-1.476441644000000109e+00	-1.085415502000000032e+00	-8.534912525000000194e-01	4.898630883000000269e-01	5.826192314000000483e-01	-1.201057153000000044e+00	-6.499114880999999899e-01	3.541973533000000174e-01	8.451820706999999544e-01	-6.237461931999999792e-02	-1.273018633000000122e-01	1.456272620000000018e+00	-9.097308898000000532e-01	1.505657601000000012e+00	-7.657689908999999462e-01	2.998192370000000162e-01	5.747976420999999503e-01	-2.208997812000000095e-03	-2.648493382000000063e-01	2.231857634999999895e+00	-5.099325040000000087e-01	9.920442079000000302e-01	-5.984375882000000368e-01	4.486176789999999914e-01	1.831457200000000007e+00	-7.458204052000000361e-01	6.191488799000000043e-01	-2.042104026000000072e+00	-7.466541525000000012e-01	-3.868410474000000265e-01	9.575670088000000080e-01	1.336324369000000123e-01	-1.447288724999999943e+00	-4.650608952999999990e-01	-5.896495453000000220e-01	3.962651113999999808e-01	4.811606493999999734e-01	-3.040303509999999765e-01	-5.437507919999999828e-01	-7.133381945000000224e-01	1.252092874999999994e+00	-3.605480408000000248e-02	-2.679673072000000045e-01	2.371626394000000138e-01	-1.217558488999999966e+00	-2.070230151000000074e+00	4.903067099000000262e-01	-2.451729660999999894e+00	-1.080833017000000007e+00	-8.596234182999999973e-01	1.070889831999999986e+00	-1.617445178999999955e-01	6.451983370999999634e-01	-1.333977506000000091e+00	-3.415890779999999904e-01	1.730396856999999899e+00	1.630817834999999938e-01	-1.341959643999999896e+00	7.723872622999999882e-01	-1.531010041999999904e+00	2.002378069999999788e+00
-9.964192564999999613e-01	-1.208612773000000029e+00	-7.418855903000000085e-01	-1.192132505000000009e+00	6.595050560999999867e-01	4.841636762000000038e-01	-1.472870196999999992e+00	-8.884929926000000311e-01	1.255379443000000095e-01	9.058286782000000148e-01	-3.160489047000000218e-01	-2.899707338999999995e-01	1.325606166000000030e+00	-6.863704904999999856e-01	5.317729088999999520e-01	-4.826372031999999757e-01	-2.864305219000000124e-01	9.750029887000000173e-01	1.025916142000000031e+00	-1.344007415999999955e+00	2.024803277000000179e+00	-6.580140557000000445e-01	1.489049003000000093e+00	1.412224360999999873e-01	5.564673248000000516e-01	1.336349121999999889e+00	-1.792212619000000062e+00	8.865257373999999579e-01	-1.791725889000000072e+00	-9.339358532999999518e-01	-1.167118247999999969e+00	8.866854715999999970e-01	2.315178768000000081e-02	-1.020643697999999988e+00	-2.662649196999999912e-01	-9.303269132999999469e-01	4.335146876000000038e-01	1.892168267000000070e-01	-7.819888415999999565e-02	-8.896618643000000493e-01	-4.762222023000000082e-01	1.937519900000000073e+00	4.989681596000000163e-01	-1.718078816999999980e-01	2.630161749000000104e-01	-1.503398256999999960e+00	-1.100687007000000106e+00	5.270424772999999785e-01	-2.402299967999999897e+00	-8.987652030999999653e-01	-7.012595433999999628e-01	1.266971912999999894e+00	-1.385130921999999931e-01	1.003022303999999920e+00	4.898141167999999768e-01	-3.166265427000000132e-01	8.778897568000000318e-01	1.636343708000000063e+00	-1.331157464000000124e-01	5.365470722999999831e-01	-1.044322707999999933e+00	2.685463930000000055e+00
-9.743444776999999890e-01	-1.372296525000000100e+00	-9.266470106999999956e-01	-1.088735240000000104e+00	6.079671323999999988e-01	4.217057140000000093e-01	-1.568744142999999980e+00	-8.071631973999999765e-01	2.122139761999999874e-01	1.150554226999999985e+00	-4.680104891999999905e-01	-7.487999875999999944e-01	1.166518404999999925e+00	-3.037291582000000156e-01	6.201058006999999872e-01	-6.714466797999999459e-01	-2.168392829999999938e-01	9.751553518000000143e-01	9.782450022999999995e-01	-2.018485767000000042e+00	5.172944706000000004e-01	1.402897992999999899e-01	1.922943663000000081e+00	3.494680057999999812e-01	5.250786712999999661e-01	9.746098707000000472e-01	-1.579222228999999977e+00	9.193428572999999826e-01	-1.082838469999999997e+00	-8.401669282000000516e-01	-1.077493089999999931e+00	1.052175311999999918e+00	-6.872604608000000281e-01	-5.754647260999999903e-01	-2.474724953000000116e-01	-4.454360768000000248e-01	-2.960869554000000181e-01	3.373373015999999724e-01	7.817467788999999945e-01	-1.234441155000000068e+00	-4.583573123999999943e-01	1.560072322999999983e+00	1.338388480000000103e+00	-4.931001026999999870e-01	7.178223648999999540e-01	-9.361062663000000450e-01	3.238316292000000263e-01	1.164825460999999951e+00	-1.889920349999999916e+00	-7.974967335000000546e-01	-5.182391367999999998e-01	1.442395109000000009e+00	-1.779278750000000131e-01	6.657137196000000312e-01	7.127847676999999882e-01	1.398023840000000018e-01	7.380057489000000359e-01	7.273571399999999576e-01	2.718767717000000195e-01	9.061239506999999582e-01	-1.815302436000000019e-01	2.297258843999999911e+00
-9.964921400999999790e-01	-1.674670512000000056e+00	-1.273481918999999962e+00	-6.178455940000000535e-01	4.597293250000000220e-01	4.610561016999999984e-01	-1.195311978000000108e+00	-6.579621757000000404e-01	5.108107130000000273e-01	1.459500983999999946e+00	-1.745328402999999917e-01	-8.187727419000000451e-01	9.422277326000000341e-01	9.431423458000000315e-02	7.321148204999999853e-01	-7.532805442000000129e-01	2.021957890000000008e-02	1.030112059999999996e+00	3.751443405000000064e-01	-1.655382260999999966e+00	9.695112885999999930e-02	4.334420459000000170e-01	2.225950216999999842e+00	2.988911328000000145e-01	1.172857209000000012e-01	2.952009961000000016e-01	-1.238074941999999901e+00	1.339627431000000035e+00	-8.614329729999999907e-01	-5.159821453999999807e-01	-1.264972610999999914e+00	1.124264335999999975e+00	-1.218100889000000020e+00	-3.547405800000000275e-01	-1.349146622000000073e-01	2.397657800999999922e-01	-2.650357324000000014e-01	7.050952154999999832e-01	1.087293920000000025e+00	-7.758393892999999597e-01	1.448214671999999981e-01	3.677180051000000227e-01	2.035610027000000155e+00	-3.367619079999999987e-01	1.093912677999999916e+00	-1.714426809000000052e-01	6.186852153999999882e-01	8.978574483000000273e-01	-1.124157880999999914e+00	-1.063690095999999974e+00	-1.487643439000000123e-01	2.406729920000000078e+00	-2.203201432000000126e-01	6.231748417000000373e-01	5.654434045999999769e-01	5.059244700999999678e-01	1.273500019000000094e+00	4.058343119000000221e-01	-1.193981979999999998e+00	1.410354483000000103e+00	-2.744782912000000019e-01	1.538538611999999972e+00
-9.809172605000000544e-01	-1.379689171000000103e+00	-1.072342697000000067e+00	-6.406978845999999894e-01	5.534600951999999463e-01	6.873357038999999835e-01	-1.143134625000000071e+00	-8.262985715999999758e-01	3.619632911999999814e-01	1.238109517000000048e+00	1.510488769999999981e-01	-7.030005817000000157e-01	1.381698276000000059e+00	3.191602827000000198e-01	8.018239306000000122e-01	-5.381829219000000553e-01	4.386415767999999882e-01	8.939600196000000443e-01	6.331723854999999901e-01	-1.114148126999999988e+00	2.202291454000000037e+00	3.683398185000000269e-01	1.542652533999999909e+00	2.598723642999999917e-01	3.228548379999999773e-01	3.092850415999999769e-01	-6.055923552999999959e-01	3.142903394000000072e-01	-7.477469946000000478e-01	-3.636468600000000162e-01	-1.468892486999999969e+00	7.985046034999999653e-01	-6.677430803999999664e-01	-5.682073238999999498e-01	1.921799282999999969e-01	2.767050763000000191e-01	-7.691343389000000474e-01	3.313439959000000212e-01	6.944970557999999849e-01	-1.291909989000000092e+00	2.755449186000000217e-01	-2.841494804999999957e-01	1.665546624000000087e+00	2.286304003000000085e-01	7.461990872999999524e-01	-4.288617600999999890e-01	8.867904822000000076e-02	1.742187166999999981e-01	-9.009409823999999789e-01	-3.653328033000000086e-01	-2.213572873999999913e-02	2.403357150999999803e+00	-1.137304582000000064e+00	5.548734087000000148e-01	1.715101424000000097e-01	8.436810854999999831e-01	1.341782389000000020e+00	1.428582381000000068e-01	-4.409614614999999849e-01	1.863531752999999958e+00	-4.148654486000000197e-01	1.512578878000000016e+00
-1.049211960000000055e+00	-1.100899464000000050e+00	-8.176072039999999763e-01	-9.767601715000000517e-01	5.596708031999999555e-01	6.084135124999999755e-01	-1.356345942999999998e+00	-1.086821070000000056e+00	4.118873520999999926e-01	9.883325225000000325e-01	8.990692375999999320e-02	-6.003989601000000453e-01	1.830397531000000022e+00	4.886606279999999858e-01	2.800868930000000034e-01	-2.608062703999999843e-01	4.150898746000000195e-01	1.246466308000000023e+00	1.562678750999999977e+00	-7.928976915999999542e-02	1.801271091000000046e+00	1.098057674999999955e+00	1.403990475000000071e+00	5.704973506000000048e-03	3.487261462999999839e-01	6.586513744999999975e-01	-1.412075361000000084e+00	1.768922074000000011e+00	-6.188117253999999567e-01	9.757108702000000244e-02	-1.882919726999999988e+00	9.798262867000000487e-01	-2.404971561999999854e-02	-9.221552498000000486e-02	1.736963747000000056e-03	8.848318503000000002e-01	-4.745562515000000259e-01	-6.018602485999999807e-01	6.440569496000000393e-01	3.543361991000000266e-01	4.683576087999999915e-01	2.176982905999999898e-03	1.092999548000000098e+00	4.824988264999999776e-01	5.938541554999999805e-01	-7.380502864000000329e-01	6.970624742000000040e-01	-4.393781068000000012e-01	-8.800690142999999521e-01	6.723580054000000139e-01	5.434981005000000254e-01	1.766482501999999899e+00	-7.948998698000000473e-01	9.120562704000000354e-01	6.988828349000000273e-01	1.163132333999999934e+00	5.942686486999999573e-01	-3.555130009999999952e-01	2.388667680999999876e-01	1.857735058000000050e+00	-2.159079207000000056e-01	2.247062161000000113e+00
-9.789533370999999873e-01	-1.089281305000000089e+00	-9.369582163999999880e-01	-1.029665424999999912e+00	6.267466160000000341e-01	5.657863667000000429e-01	-1.493544922000000108e+00	-1.044698074000000032e+00	4.161476014000000112e-01	6.719848888999999659e-01	-2.502710025000000060e-01	-4.159819913000000202e-01	1.910477758000000081e+00	4.208754463000000112e-01	4.945284221999999841e-01	-2.699083568999999794e-01	2.476974721000000101e-01	1.151174141999999900e+00	1.368901445000000106e+00	4.597188380000000185e-01	1.229921202999999963e+00	2.854385486000000083e-01	1.208854362000000071e+00	-4.776027574999999747e-01	1.367127251000000099e+00	9.670304365999999874e-01	1.794866037000000025e+00	6.929217943000000046e-01	-9.990996693999999734e-02	-4.230600786000000141e-02	-1.384674256000000048e+00	-1.620825324999999872e-01	5.608464766999999851e-01	-3.112835994999999922e-03	-4.293309465000000325e-02	1.372220156000000024e+00	-8.774764004999999756e-01	-6.078932018999999576e-01	1.648683187999999966e-01	1.104555618000000017e+00	5.309451249000000095e-01	5.731081714999999854e-02	9.338734748000000474e-01	4.876481991000000127e-01	8.301887708999999838e-01	-7.304799422000000098e-01	8.506553684000000004e-01	-7.953711164000000222e-01	-4.030462774999999942e-01	1.295430925000000011e+00	3.899801487999999816e-01	1.023986150000000039e+00	-2.986615369999999769e-01	8.374549784000000496e-01	3.844586056000000029e-01	5.429130310999999987e-01	1.527601131999999917e-01	-9.869043479000000341e-01	8.598480255999999544e-01	1.784383513999999948e+00	1.385758822999999973e+00	1.771485465000000037e+00
-9.759405628999999749e-01	-1.343259342000000078e+00	-1.222482789000000070e+00	-8.383583319999999839e-01	7.058054093000000195e-01	5.936213850999999542e-01	-1.361944746000000039e+00	-1.050172740000000049e+00	4.388331005000000173e-01	5.243044271000000256e-01	-2.808655190000000079e-01	-3.109826616999999960e-01	1.676780165000000045e+00	8.661085182000000104e-02	1.212699449999999901e+00	-5.703444914999999948e-01	2.031186362999999884e-01	1.120904512000000075e+00	1.390017567999999981e+00	3.523411988999999855e-01	-1.275235382999999889e-01	-1.282122216999999953e+00	1.096566053000000096e+00	-1.300017642999999889e+00	1.048031200999999912e+00	1.097163818999999929e+00	2.996412508999999780e+00	5.560816846999999674e-01	-1.358714803999999943e-01	-3.075965770999999904e-01	5.850733538000000289e-01	-1.128036741999999926e+00	9.483257508000000335e-01	-1.970893880000000042e-01	-2.919615717999999860e-01	1.621790962999999919e-01	-4.255969313999999892e-01	7.829173336000000427e-03	-3.274272813999999920e-01	1.139554640000000063e+00	4.661224896999999756e-01	3.417778861999999918e-01	4.246091785000000174e-01	7.862993710000000247e-01	2.631025637000000139e-01	-6.356864397999999472e-01	-4.874280356999999841e-01	-1.378191280000000130e-01	-9.990886663999999640e-02	1.092982201000000098e+00	-9.444828601000000434e-01	3.147215490999999976e-01	-9.714802543999999374e-03	2.537510949999999821e-01	4.660502147000000206e-01	5.194614396999999717e-02	1.089066765000000103e+00	-5.199681306000000225e-01	-4.142467867999999886e-01	1.144619674000000087e+00	1.017542960000000107e+00	8.474060643999999920e-01
-9.363013996000000283e-01	-1.377476966999999997e+00	-1.188071521999999991e+00	-7.509688839000000504e-01	6.799838657000000230e-01	6.020394463999999557e-01	-1.328697121999999897e+00	-1.114448947999999939e+00	4.822963947999999723e-01	4.935352243000000194e-01	-3.924755524999999912e-01	-2.548665326999999814e-01	1.257799062999999995e+00	-8.949953336999999509e-02	1.189558346999999960e+00	-3.466069331000000142e-01	9.025479336000000186e-02	8.454626187999999543e-01	8.430261931000000430e-01	2.965410848999999738e-01	9.013651635999999634e-01	-9.440244107999999912e-01	4.524646414999999866e-01	-1.240177132999999987e+00	1.805863919999999956e+00	1.144294823000000072e+00	3.308091374000000084e-01	-2.562229281000000247e-01	-7.551615752000000181e-02	-3.252943406000000093e-01	2.873042218999999897e-01	-1.065984016000000034e+00	6.687313839999999843e-01	-4.547662659999999746e-01	-5.209539495999999659e-01	-8.615048012999999560e-01	8.720482376000000535e-01	7.717046231999999395e-02	-5.929522318000000070e-01	5.852944970000000247e-01	6.639924497000000425e-01	5.944213502999999843e-01	-3.905474214999999916e-01	1.380568636000000016e+00	1.000160783000000062e-03	-1.087004550999999930e+00	-4.849880309999999861e-01	6.575814718000000392e-01	-1.397931846999999894e-01	5.269363818000000199e-01	-1.698047108999999999e+00	5.256832866999999743e-02	3.436856775000000086e-01	-2.028839759999999937e-01	-5.223683298000000169e-02	-5.916196764000000163e-01	1.369816868000000021e+00	-6.451975322999999873e-01	-2.141376150000000034e-01	9.356986159000000303e-01	1.576931913999999879e-01	1.841450463000000037e-01
-1.024400809999999939e+00	-1.118112583000000049e+00	-9.332776028999999474e-01	-9.230200455999999498e-01	6.477462891999999917e-01	5.285569278999999732e-01	-1.311092259000000038e+00	-1.196096872999999894e+00	5.527641744000000301e-01	6.130215364000000111e-01	-2.377365827000000043e-01	-3.048994722000000213e-01	9.700666226999999919e-01	-4.848093292999999804e-01	8.261301427999999669e-01	-3.296837055999999877e-01	-2.575622994000000276e-01	7.203030752000000314e-01	1.180749236000000035e+00	-3.515269228999999829e-01	1.530328493999999928e+00	-1.008541026999999923e+00	4.497711930000000136e-01	-3.550055979999999778e-01	1.345571932999999998e+00	9.179960669000000184e-01	-7.046422580000000213e-01	-4.424258395999999816e-02	7.611799363000000540e-02	-2.075743942000000120e-01	6.457592419000000028e-01	-1.064963907000000098e+00	5.028129269000000123e-01	-3.366196827999999863e-01	-8.742877497999999858e-02	-6.593103583999999628e-01	6.841834467999999836e-01	-4.791535685000000155e-01	-6.967554883000000032e-01	-4.359469970000000028e-01	8.566244848999999828e-01	4.894741184999999994e-01	-4.849623370000000211e-01	1.421907800999999916e+00	3.958259289000000125e-01	-8.227658161999999997e-01	-1.599299306000000032e+00	7.609600543000000217e-01	2.216632085999999946e-01	1.108549334999999969e+00	-1.590481357000000040e+00	4.314990611000000253e-01	1.076296737999999920e+00	1.866201623000000032e-01	-1.137997739999999959e-02	-9.524004186000000205e-01	1.694749303999999901e+00	3.628170458000000154e-01	-4.804456718000000084e-03	5.585028216999999851e-01	2.749571821999999832e-01	-1.348902778000000136e-01
-1.097382000000000080e+00	-1.052565656000000072e+00	-7.766983612000000203e-01	-9.441931517999999635e-01	5.588961707999999806e-01	4.589573717000000053e-01	-1.428689279999999950e+00	-1.144750393999999893e+00	4.277112083999999870e-01	4.661554722999999845e-01	-4.961029940000000193e-01	-8.304636806999999843e-01	7.233636852000000506e-01	-8.910058494000000495e-01	7.864184421000000036e-01	-2.352239878000000062e-01	-5.220147648999999834e-01	6.584291986000000430e-01	8.727612692999999755e-01	-9.624544049000000046e-01	9.284883902999999661e-01	-5.658405451000000363e-01	3.113420892000000051e-01	6.609560455000000612e-02	1.614776619999999996e+00	8.018499084000000332e-01	-9.660912871000000290e-01	2.929901348000000239e-01	-4.462818955000000254e-02	3.763379833000000119e-01	1.229197521999999987e+00	7.354745629000000173e-01	-1.329544245000000100e-03	5.000936890999999607e-01	4.777740322999999845e-01	-1.115984827999999984e+00	1.295261502000000009e+00	-1.174806628000000019e+00	-9.696218390999999936e-01	3.391598525000000253e-01	5.833966659000000554e-01	9.299696184000000310e-01	3.867077830999999799e-01	1.113188225000000031e+00	-9.629542656000000464e-03	-8.978887433000000140e-01	-1.153090686999999948e+00	1.292409962000000023e+00	4.936434960000000149e-01	1.308024105999999964e+00	-9.143108120999999811e-01	4.865741365999999846e-01	7.171055178999999891e-01	7.619294519999999515e-01	-3.802981376999999830e-01	-5.923354986000000100e-01	1.335958522999999953e+00	6.154934345000000473e-01	2.373523119000000015e-01	4.375162444999999845e-01	1.289576727000000034e+00	2.852361999999999953e-01
-1.114201446000000040e+00	-1.444179703000000092e+00	-1.160290323999999984e+00	-7.489709746999999584e-01	5.808863922000000457e-01	4.616771740999999762e-01	-1.218639510999999898e+00	-1.051814550000000015e+00	5.554809229999999598e-01	2.945565048000000075e-01	-4.769610525999999906e-01	-1.100208359000000025e+00	5.825380431000000137e-01	-1.207041484000000109e+00	1.074430659999999982e+00	-4.681195330999999848e-01	-7.918175694000000320e-01	9.824561505000000139e-01	7.481790297999999506e-01	-1.090433205000000072e+00	-6.651625879000000463e-01	-3.871126002999999982e-01	1.373450606000000129e-01	-1.802136125999999894e-01	9.098547635999999494e-01	5.131059784000000512e-01	-1.285804453999999986e+00	1.206687005999999895e+00	-3.396460713000000187e-01	4.663419607000000022e-01	-8.095358034999999841e-02	1.382201870000000055e+00	-1.188594379000000069e-02	9.440904946000000519e-01	5.353822201000000280e-01	-6.584235832999999483e-01	1.214648992999999955e+00	-1.027101708000000002e+00	-1.050900407999999953e+00	-3.753247417999999724e-01	3.248039303999999960e-01	1.695105717999999984e+00	9.943480796000000455e-01	8.843331393000000151e-01	-2.244517335000000002e-01	-6.058836646999999909e-01	-1.859972849999999900e+00	1.110150315999999915e+00	6.171022764000000382e-01	9.690236950999999710e-01	-1.198824864999999962e+00	1.729291061000000074e+00	6.034907791000000410e-01	1.225395350000000105e+00	-6.477042624000000082e-01	3.881300255999999838e-01	2.991894127000000125e+00	6.889510747000000546e-01	-9.402886195999999863e-01	1.146002031999999948e+00	1.567500966000000107e+00	-2.407275533000000078e-02
-1.040695785000000040e+00	-1.420655503000000097e+00	-1.122908457999999943e+00	-6.985068418000000001e-01	5.533843161999999483e-01	4.677814597000000130e-01	-1.048886050999999986e+00	-7.637856410000000151e-01	5.931990342999999832e-01	4.966424469999999869e-01	-2.704114518999999883e-01	-1.060613457000000093e+00	3.587083918000000260e-01	-1.226257858999999950e+00	1.087696079999999954e+00	-4.573204383999999734e-01	-1.073424678000000076e+00	1.011777515999999988e+00	6.777327530000000211e-01	-1.072163989999999956e+00	7.683771008999999985e-01	1.193873995000000049e-01	-3.017411913999999973e-01	-1.697821730000000084e-01	1.344200051999999923e+00	8.074854326000000526e-01	-1.272496408999999939e+00	3.331039497000000127e-01	2.477310007000000092e-01	1.504646943999999875e-01	-6.040469809999999828e-01	1.352299171000000078e+00	4.988280331000000123e-02	7.260692654000000523e-01	9.095681844999999877e-01	-5.938235397000000138e-01	1.006268259999999914e+00	-5.316396115999999505e-01	-9.193362726999999568e-01	-5.223746201000000200e-01	2.727950504000000165e-01	1.530651092000000046e+00	1.081400407999999924e+00	1.215799279000000066e+00	3.528955611999999853e-01	-5.961863962000000239e-01	-1.965475961999999965e+00	1.163059357000000071e+00	9.587558505000000064e-01	5.324992486999999830e-01	-1.299726047999999912e+00	1.572271506000000096e+00	2.191007066000000003e-01	1.329015475000000057e+00	-5.479231874999999918e-02	1.720083413999999866e-01	1.920255279000000037e+00	5.644415632000000516e-01	-3.525716457999999998e-01	1.558297087999999997e+00	-2.977685291000000123e-01	-2.012081567000000015e-01
-9.729462159999999749e-01	-1.367612169999999905e+00	-1.117479724999999924e+00	-7.792445396999999607e-01	7.158396889999999457e-01	5.272633002000000069e-01	-8.874150061000000145e-01	-8.037868142999999854e-01	4.985490658000000241e-01	6.849630138000000201e-01	2.287535916000000003e-01	-8.743254821999999482e-01	2.724290757999999757e-01	-1.071420309000000071e+00	1.297798508000000073e+00	-4.354589779999999966e-01	-9.155056521000000114e-01	1.143167848000000042e+00	6.286994948999999888e-01	-1.172483737000000081e+00	8.117962545000000363e-01	1.237538153999999946e-01	7.619367951000000083e-02	-1.292018612999999982e-01	7.727629915999999488e-01	1.194796731999999917e+00	-1.330473352999999914e+00	-2.031221890000000085e-01	7.348105347000000176e-01	-2.257657660000000066e-01	-1.288702132999999916e+00	1.254791718999999972e+00	8.903602303999999523e-02	2.887571909000000159e-01	9.826607375000000477e-01	-1.983883150000000095e-01	9.723429013000000065e-01	-2.079604683999999870e-01	-7.660420248999999515e-01	-9.807557778000000059e-01	4.545041397999999983e-02	1.974144115000000088e+00	1.409668499999999991e+00	9.477104994999999699e-01	5.742439066000000203e-01	-5.400425012999999774e-01	-2.343259591999999891e+00	1.127999508999999900e+00	1.340928428000000006e+00	7.483778771000000607e-02	-1.830463265999999978e+00	2.008429852999999987e+00	-2.331144468000000136e-01	1.882758128999999947e+00	6.818732178999999949e-01	4.095932185000000225e-01	1.924005320000000019e+00	1.441381672999999974e+00	-5.294579464999999985e-01	1.249920726999999898e+00	4.179698493999999820e-01	6.641213106000000421e-02
-1.002551747000000049e+00	-1.415773740999999974e+00	-1.183442161000000103e+00	-9.882102467000000168e-01	8.468964735999999771e-01	5.760425862000000397e-01	-7.197724246000000159e-01	-8.619992293999999555e-01	6.444651194999999611e-01	7.189713144999999583e-01	4.171044438000000021e-01	-8.760907290999999653e-01	2.489584854000000125e-01	-1.313365196999999984e+00	1.147552385000000008e+00	-4.867610001000000075e-01	-6.096467326000000186e-01	1.095795478999999961e+00	8.762267226000000075e-01	-9.739064574000000363e-01	1.045256909999999984e+00	6.100709146999999666e-01	-1.333982908999999939e-01	-1.488631079000000135e-01	1.067961190999999976e+00	1.169277799000000062e+00	-1.417687716000000098e+00	-3.523764775000000071e-01	1.153151073000000082e+00	-1.316387853000000052e-01	-1.350096492000000037e+00	9.362877107999999504e-01	-2.054163497000000005e-01	-2.840843066000000028e-01	7.963064368000000171e-01	9.576436331000000302e-02	9.681216931999999664e-01	2.556980142999999983e-01	-1.024159623000000074e+00	-1.010523848999999919e+00	-3.610857431000000228e-01	1.844962403999999889e+00	1.541087478999999982e+00	1.273347787999999925e+00	1.362424489999999877e-01	-7.143969667999999773e-01	-2.516823086000000043e+00	1.110661604999999996e+00	1.459645435999999963e+00	-9.170890755999999699e-02	-2.081114074999999897e+00	2.307257589999999858e+00	-3.077656162999999889e-01	1.473204645999999896e+00	1.058998525999999968e-01	1.099926410999999993e+00	3.289946619000000183e+00	1.439868804000000058e+00	-5.527700433000000135e-01	1.254169960000000028e+00	9.260686565000000314e-01	4.294059022999999753e-01
-1.040669271000000062e+00	-1.226749497999999994e+00	-9.652991811000000144e-01	-1.213751371000000079e+00	8.461636204000000383e-01	5.414866686000000540e-01	-7.348922842999999760e-01	-8.500617317999999978e-01	5.552979409999999616e-01	7.918936588999999637e-01	4.823009963000000067e-01	-7.484919758000000423e-01	2.822005603000000140e-01	-1.331594310000000059e+00	9.182028915000000069e-01	-3.529385227999999874e-01	-6.866825858999999754e-01	1.029419687999999944e+00	1.088195620999999891e+00	-1.106542767999999954e+00	1.130761974999999975e+00	-8.895418595000000039e-02	-1.348745303999999978e-02	-2.067597850000000015e-01	1.000865091000000096e+00	1.341038227999999943e+00	-1.437404112999999928e+00	-1.703131660999999963e-01	1.358857178999999915e+00	2.802291834000000259e-01	-1.456510932999999897e+00	1.158800574000000028e+00	-1.325300958999999987e-02	-1.155478714999999962e-01	8.692910124999999599e-01	-3.239913370999999986e-01	1.265586904999999929e+00	2.920784418999999854e-01	-8.246781243999999900e-01	-1.337594713000000102e+00	-2.308008007000000028e-01	2.062290745999999952e+00	1.587918828999999921e+00	1.505751257000000010e+00	2.468687612000000087e-01	-6.851616512000000547e-01	-2.172585198999999800e+00	1.244584935000000003e+00	1.477584296000000075e+00	3.479663144000000319e-02	-9.909445465999999758e-01	1.980113980000000051e+00	1.986738930999999986e-01	2.088539631000000174e+00	7.690032934999999625e-01	1.767517937999999900e+00	2.387266262999999888e+00	2.099295757000000151e+00	1.037552368000000058e+00	1.011542072999999986e+00	6.170620933999999558e-01	9.280635992000000334e-01
-1.078403063999999967e+00	-1.334432547000000024e+00	-1.088128870000000026e+00	-1.329023255000000070e+00	9.153462271000000205e-01	5.681650764000000242e-01	-7.357971371000000538e-01	-1.045203718000000004e+00	5.597374415000000436e-01	6.070345472999999492e-01	3.339025032999999865e-01	-7.028529022999999709e-01	4.409926124999999919e-01	-1.068720858000000051e+00	1.040572776999999949e+00	-5.532161438999999570e-01	-1.137749859999999946e-01	8.844769202000000163e-01	1.189881729000000110e+00	-1.082924237000000012e-01	7.070040888999999940e-01	1.409964846000000049e+00	-4.548402122999999943e-03	-4.680652377000000253e-01	1.343249673000000088e+00	1.226743217999999969e+00	-1.525570118000000031e-01	-4.653375743000000009e-01	1.255353160999999940e+00	4.946085573999999818e-01	-1.158301282999999904e+00	1.587441080000000060e+00	4.184760530000000145e-01	-1.351014677000000053e-01	4.221299271999999769e-01	1.600533792000000122e-01	3.988095514000000175e-01	4.909767151000000163e-01	-8.188850416999999826e-01	-1.848490520999999942e-01	-3.164048683999999834e-01	1.144127493999999912e+00	1.686666760000000043e+00	1.563312161999999894e+00	-7.019083390000000477e-01	-8.193476495999999498e-01	6.992880508000000050e-01	-1.407517007000000028e-02	1.909396713000000023e+00	-7.321748637999999643e-01	-1.670292010999999910e+00	3.868470553999999950e+00	2.144397643000000020e-01	1.450840938000000024e+00	2.336083570999999970e-01	1.728473649999999973e+00	1.505135037999999925e+00	1.509277151000000039e+00	9.422137691999999953e-01	2.160530455000000127e-01	7.209206924000000072e-01	9.104881965000000132e-01
-1.102973548000000026e+00	-1.600413706000000102e+00	-1.379693881999999983e+00	-1.105177419999999966e+00	8.643716291999999912e-01	4.647505409000000087e-01	-6.755918555000000048e-01	-8.565547086000000476e-01	7.968295115000000317e-01	5.629570076000000034e-01	9.018019443999999996e-02	-3.889839567999999748e-01	3.146240905000000088e-02	-1.161010936999999910e+00	1.338357357000000025e+00	-1.076891237999999973e+00	-1.473655554999999950e-01	8.141392042999999745e-01	4.103555805999999917e-01	1.237664521999999989e+00	-3.534635561999999731e-01	6.771585168999999516e-01	-9.903560493999999381e-02	-2.911871761000000003e-01	7.547523176999999528e-01	1.375648994000000069e+00	1.409944762999999934e+00	3.571104836999999810e-01	1.140013498999999930e+00	4.382126962999999820e-01	-8.797075339000000049e-01	5.244794202999999988e-02	1.374452153000000065e-01	-8.702349245999999594e-01	1.771811800999999881e-02	1.579210980999999903e+00	-6.483704788999999913e-01	4.138193163000000174e-01	-1.000500903999999913e+00	6.911742800000000297e-01	-1.832276375000000124e-01	1.561528685000000138e-01	1.953848234000000073e+00	8.509178366999999854e-01	-1.066671547000000109e+00	-6.640912050999999705e-01	1.117370058000000110e+00	2.523769754999999892e-01	1.269699173000000014e+00	-9.836334254999999915e-01	-1.575943663999999966e+00	2.339658083999999860e+00	-1.542746848000000059e-01	4.521989225999999973e-01	-3.879010563999999994e-01	1.102919932000000047e+00	1.040843678000000105e+00	1.074638873999999911e+00	-5.273293873000000076e-01	-6.765687839999999786e-01	5.404050400000000032e-01	2.958969027000000196e-01
-1.028407040000000050e+00	-1.657213309000000079e+00	-1.442702012000000034e+00	-9.302368384000000434e-01	8.733641183999999447e-01	4.603764772999999755e-01	-7.225349465999999499e-01	-7.919815195999999613e-01	8.123137006999999743e-01	4.078180096999999837e-01	-6.598024211000000361e-02	-2.102909698000000049e-01	-3.564511083999999941e-01	-1.311740904000000096e+00	1.090322140999999911e+00	-9.250241966000000149e-01	-5.228191225999999636e-01	2.192101774000000114e-01	6.857957630000000027e-01	1.144346328999999995e+00	8.874142825999999928e-01	-9.110223316000000127e-01	-6.242427414000000230e-01	-7.465882249999999942e-02	1.150558187999999982e+00	1.387768045000000061e+00	1.388492819000000100e+00	-2.010988092000000060e-01	1.233614250000000023e+00	3.486956518999999918e-03	-1.082838557999999951e+00	-8.536161359999999698e-01	-2.461569470999999953e-01	-1.336338902999999911e+00	2.644429138000000123e-01	1.147830493999999923e+00	-7.619608512000000111e-01	2.285879789999999967e-01	-1.389618338000000008e+00	7.983900323999999493e-01	-9.610551024999999803e-02	-3.907582477000000054e-01	1.014278725000000048e+00	5.965102756000000284e-01	-1.041121995999999994e+00	-5.771882198000000130e-01	5.079854987999999905e-01	6.197991865000000017e-02	1.232459524999999889e+00	-1.254391236000000021e+00	-1.943476390999999914e+00	9.385140669999999519e-01	4.321423781000000020e-01	-2.026727526999999862e-01	-2.075266439000000018e-01	-4.500842336000000082e-02	1.835280346000000007e+00	7.189493743999999520e-01	-4.197687323000000026e-01	-6.343439857999999543e-01	-8.949967304000000512e-01	-6.316384205000000196e-02
-1.099545706000000012e+00	-1.405119828999999987e+00	-1.215134407999999944e+00	-1.263057598000000059e+00	1.023791813999999967e+00	4.060052393999999953e-01	-9.166058481000000091e-01	-1.150613799000000048e+00	6.002854247000000143e-01	3.448451604000000170e-01	3.686258226999999943e-02	-3.687888207999999723e-01	-4.260216951999999946e-01	-1.570920921999999997e+00	7.431292261999999926e-01	-8.398801283000000284e-01	-7.550607419999999514e-01	4.185530794999999804e-01	1.264588108999999960e+00	-1.486290680000000031e-01	1.477720525000000062e+00	-9.318451108999999954e-01	-2.902312383000000273e-01	7.597682483999999847e-02	2.001046733999999883e-01	1.313514207000000100e+00	8.656067545000000196e-01	1.475982872000000112e-01	1.618871198999999983e+00	-4.324771305999999815e-01	-1.304843573999999951e+00	-8.205659712999999744e-01	-2.479752195000000103e-01	-1.677608927999999944e+00	2.399611261000000051e-01	6.528080510999999531e-01	-1.648327824000000108e+00	-4.192449168999999864e-01	-1.163249524000000035e+00	1.197966625000000063e+00	-1.873898183000000106e-01	-8.163960858000000043e-01	-2.467039256999999930e-01	7.824091550999999756e-01	-8.644352272999999975e-01	-5.252173762999999829e-01	-4.572203709000000060e-01	-1.451188464000000011e-01	1.122014725000000102e+00	-3.813057181999999767e-01	-1.560397115000000001e+00	-1.813795521999999882e-01	6.165556227999999805e-01	-6.718801406999999615e-02	3.066562650999999917e-01	-4.456066738000000194e-01	1.782360160999999943e+00	-1.820907680000000139e-02	1.282364985999999984e-01	-3.558225537999999966e-01	-1.254191963000000021e+00	-4.039192464999999954e-01
-1.101827552999999904e+00	-1.349475090999999960e+00	-1.218098563000000079e+00	-1.412922471999999985e+00	9.801298689999999869e-01	3.456227057999999852e-01	-1.085364908999999933e+00	-1.239937113999999951e+00	4.883742758999999878e-01	3.391938280999999833e-01	-1.422968561999999881e-01	-1.020235350999999957e+00	-3.820021439999999879e-01	-1.136025867999999939e+00	4.818915646999999969e-01	-5.318623555000000502e-01	-8.715746810000000178e-01	8.240163126999999754e-01	1.889259857999999959e+00	-7.819953266000000403e-01	8.850387559000000293e-01	-1.527070869000000108e+00	-1.708299561999999938e-02	-1.838437561000000053e-01	1.276487920999999970e+00	7.914292203999999664e-01	7.915207276000000292e-01	4.000096753999999866e-01	2.039400555999999920e+00	-3.959502335999999789e-01	-1.051223433000000096e+00	-1.192118816000000026e+00	-5.585877315999999704e-01	-1.404348724000000104e+00	1.262982088999999863e-01	-4.784181310000000242e-01	-9.666873502999999701e-01	-4.057533707000000045e-01	-6.013647569000000193e-01	1.342082360999999890e+00	-2.746444646999999795e-01	-8.579338108999999823e-01	-4.502706677000000157e-01	1.071566157999999991e+00	-6.308980940999999731e-01	-4.280838087000000125e-01	-7.625455907999999505e-01	-6.234208196999999618e-01	9.206107644000000034e-01	4.164880306000000032e-01	-1.134475112999999924e+00	-1.938153012000000119e-01	6.666207788000000356e-01	-5.162408460999999837e-01	1.175068814999999933e+00	2.881809857000000030e-01	1.594873092999999908e+00	7.629781923999999771e-01	8.188959838999999574e-01	-2.152266345999999941e-01	-1.292264731999999972e-01	-1.510885023000000105e-01
-1.043008227000000065e+00	-1.515545072000000104e+00	-1.392851872000000046e+00	-1.310331354999999975e+00	1.008410750999999994e+00	5.199329594999999582e-01	-1.033520125999999983e+00	-1.184866506999999958e+00	4.694390742999999810e-01	3.563844281999999919e-01	-2.742288621000000259e-01	-1.593267380999999983e+00	-2.694297296000000008e-01	-7.899532822000000509e-01	1.000241162000000017e+00	-9.163390677999999623e-01	-5.774028615999999836e-01	5.516949757000000343e-01	1.533566106999999956e+00	-1.025177513999999901e+00	-3.823951453000000167e-01	-1.531427566000000073e+00	9.107293707999999932e-02	-8.007329090000000482e-01	8.162404465000000497e-01	5.734920789999999879e-01	6.422391130000000281e-01	7.896812708999999542e-01	1.651678739000000062e+00	-4.700557779000000269e-01	5.782855461999999447e-01	-1.060026919000000012e+00	-7.209483341000000323e-01	-1.212004818999999900e+00	-1.979064286999999978e-01	-1.135866059000000039e+00	7.934957028000000356e-01	-3.103795816000000096e-01	-3.344227810000000023e-01	3.093661652999999956e-01	-3.755056849000000252e-01	2.605632536999999971e-01	-2.941458996999999909e-01	8.894450065000000238e-01	-2.864575569000000210e-01	-2.649840326999999829e-01	-9.519611769000000390e-01	7.403883463000000553e-01	1.014833673999999908e+00	-1.961391758000000096e-01	-1.788113330000000056e+00	-1.484510240999999953e-01	7.247196736000000028e-01	-5.557213463000000297e-01	1.353676083999999946e+00	2.598336718000000128e-02	1.365868400000000094e+00	6.489263311999999839e-01	4.340213528999999903e-01	2.637429451000000147e-01	-1.003531353000000070e+00	-9.472420513000000541e-01
-1.070102678999999890e+00	-1.775419091000000060e+00	-1.513142207000000017e+00	-9.914933308000000167e-01	9.077635227000000473e-01	4.224152809999999758e-01	-7.484881169999999528e-01	-1.078411710999999995e+00	6.424698672999999971e-01	5.116865797999999854e-01	-1.466378211999999903e-01	-1.624007481999999891e+00	-4.845361675000000035e-01	-8.886577841999999672e-01	1.537985554000000032e+00	-1.081595093000000007e+00	-3.422098613999999817e-01	2.080190974999999998e-01	2.373843609000000077e-01	-1.124676604000000024e+00	-2.620514392000000137e-01	-5.397736300000000043e-01	2.646438148999999962e-01	2.748724658000000209e-01	1.051534455999999951e+00	5.837828873999999502e-01	-1.193748653999999965e+00	6.220272698000000045e-01	7.276249648999999486e-01	-3.012228827999999803e-01	1.245037103000000034e+00	4.235669188999999779e-01	-1.252130597999999928e+00	-1.111129177000000023e+00	-2.113117808999999958e-01	-1.008147074999999893e+00	5.274192948000000492e-01	-7.512593815000000452e-01	-5.826779592999999924e-01	5.807215422000000515e-01	-2.900198784999999946e-01	9.373937668999999806e-01	6.126558039999999705e-01	7.167936562000000178e-01	2.845461684000000213e-01	-1.853251150999999861e-02	-1.307187480999999929e+00	1.018419707999999924e+00	3.820904725000000002e-01	-9.101677849000000542e-01	-1.986739760999999937e+00	1.551771717000000050e-01	7.480512515999999668e-01	-1.002321682999999908e+00	9.062940373000000216e-02	-4.028029196999999978e-02	2.113277651000000201e+00	1.396271341999999915e+00	-8.530288482000000228e-01	2.117238502000000078e-01	2.933014276000000045e-02	-2.439552170000000020e-01
-1.044208387999999932e+00	-1.596345555999999943e+00	-1.340818218999999978e+00	-9.633139983999999822e-01	9.188800631000000330e-01	4.706333582000000182e-01	-8.048902777999999980e-01	-9.720861955999999804e-01	5.629962992000000499e-01	4.414623053000000241e-01	-7.290148937000000273e-02	-1.560026467999999999e+00	-4.063125870000000028e-01	-1.088436130000000057e+00	1.215890785000000029e+00	-8.002972819000000460e-01	-5.151890028000000177e-01	8.946105019000000214e-02	2.480833437999999946e-01	-1.131682169999999932e+00	1.440066698999999950e+00	-6.718908448999999505e-01	-3.078961713999999739e-01	4.266273600000000110e-01	1.538195052999999923e+00	7.431619347000000264e-01	-1.272835181000000038e+00	-7.908267475000000379e-01	6.442712429000000407e-01	-3.526273556000000253e-01	-6.280484030999999856e-01	6.068323204000000137e-01	-1.334326023000000028e+00	-1.011895285999999894e+00	-1.172118783000000025e-01	-9.010338093999999964e-01	2.510906661000000262e-01	-1.003453622000000101e+00	-1.151400865000000051e+00	-4.310933189999999748e-01	-2.174413527999999873e-01	9.438735354999999716e-01	-5.648271218999999926e-02	7.931140675000000195e-01	3.034879615000000141e-01	-3.041652391999999927e-01	-2.248662083000000145e+00	6.515599900999999861e-01	4.180639069000000041e-01	-6.257489897000000356e-01	-2.176566650999999908e+00	5.453204758999999902e-01	-3.487611864999999867e-01	-1.287649100999999963e+00	3.932378448000000137e-01	-4.620810858000000132e-01	2.340222452999999980e+00	1.708274706000000087e+00	-6.504658955000000020e-01	6.628495187999999816e-01	-1.974187961999999963e-01	-1.756213805999999947e-02
-1.174508171999999906e+00	-1.435075920999999921e+00	-1.138031358000000104e+00	-1.223648038000000104e+00	9.929623731000000175e-01	4.151680073999999832e-01	-8.048281251000000136e-01	-1.118668086000000006e+00	4.272393147999999918e-01	3.739229872000000010e-01	1.575495980000000129e-01	-1.510865224000000007e+00	-2.177405115000000113e-01	-1.481102483999999997e+00	7.375006106000000505e-01	-5.063479376999999726e-01	-8.198596454000000033e-01	6.234976952999999877e-01	3.089046937000000104e-01	-2.205023862000000001e+00	1.505249484999999998e+00	-4.518378015999999775e-01	-2.574358091000000237e-01	9.750400370999999788e-01	1.303854207000000098e+00	6.209538735999999837e-01	-1.958848820000000046e+00	2.908952665999999798e-01	8.896593940000000478e-01	-3.432202455999999735e-01	-9.869417752000000377e-01	4.673866111000000156e-01	-1.190905968000000037e+00	-5.209736708000000105e-01	-2.517480803999999975e-02	-6.657504308999999676e-01	2.187181172000000062e-01	-9.580211005000000002e-01	-1.128691625999999948e+00	-1.155097371999999956e+00	-2.127824591999999959e-01	1.943563716999999968e+00	5.369203271000000388e-01	1.229982957999999904e+00	-3.695944414999999816e-01	-2.514568340000000179e-01	-1.303141560000000032e+00	5.295987846999999915e-01	1.116118430000000022e-01	-5.975153886999999830e-01	-1.295980217999999962e+00	7.224646246999999466e-01	-7.422343376000000159e-01	-8.151738156000000179e-01	1.495000494999999985e+00	7.271541768999999489e-01	1.839307798999999966e+00	2.451254700999999869e+00	-6.936124931999999577e-01	8.469836447999999907e-01	2.531786006999999783e-01	8.459841378000000356e-01
-1.186088405000000012e+00	-1.384392757000000085e+00	-1.113894308000000111e+00	-1.358868390999999898e+00	9.733931484000000189e-01	3.631146274000000007e-01	-9.700136311999999483e-01	-1.063983211000000040e+00	4.310326543999999926e-01	5.583675612999999816e-01	-8.101644495000000223e-02	-1.632394314999999985e+00	1.785018881000000057e-01	-1.311242768000000058e+00	5.160289062999999787e-01	-2.871184862000000226e-01	-9.153449184999999932e-01	8.434995789000000466e-01	1.210825910000000061e+00	-2.501361598999999991e+00	9.518963875000000519e-01	-2.325071042000000088e-02	-2.289114721999999935e-01	8.598210683000000465e-01	1.292027567000000099e+00	6.671918969000000255e-01	-1.861715208999999982e+00	-1.340097191000000007e-02	1.349181433000000041e+00	-1.271418082999999921e-01	-1.237374748999999996e+00	1.033157805000000096e+00	-9.782167938000000396e-01	-6.471331190999999976e-03	3.549076899999999979e-01	-3.598582242000000209e-01	9.138528410000000546e-02	-6.000240317999999684e-01	-6.090251582000000274e-01	-9.582170341000000313e-01	-3.484518048999999951e-01	1.446258556999999945e+00	8.256827620000000145e-01	1.434969965000000069e+00	-1.440038228999999947e-01	2.535460445000000118e-01	-3.320017495000000124e-02	3.796475132000000086e-01	6.253762305000000188e-01	-4.689342363999999819e-01	1.768586730999999884e-02	1.027363140000000064e+00	3.440090413999999930e-01	-2.742010710000000184e-01	2.017072053999999781e+00	1.769021361999999931e+00	1.517290417999999974e+00	2.115255667000000006e+00	3.336259966999999826e-01	1.161558246000000016e+00	1.504170578999999952e+00	1.650361423999999966e+00
-1.226104576000000002e+00	-1.629430691999999903e+00	-1.363235906000000108e+00	-1.115075567999999961e+00	8.879708709000000422e-01	4.136880916999999824e-01	-7.188708830000000161e-01	-8.737358294999999497e-01	7.801932792000000338e-01	7.877960225000000261e-01	6.011404286000000124e-02	-1.565328033999999979e+00	3.178104637999999982e-01	-1.219517240000000058e+00	8.230402623999999445e-01	-5.348941998999999781e-01	-6.259313598000000312e-01	8.497459395999999998e-01	1.127933786999999910e+00	-1.909494750999999990e+00	-7.466239180000000530e-01	3.854806114000000061e-01	3.180023926000000167e-01	2.967877038000000245e-01	-2.265942441999999890e-01	7.385110035999999933e-01	-1.759993711999999988e+00	9.067513857000000232e-01	1.575739235999999988e+00	2.310879070000000091e-01	-1.149355730999999992e+00	1.453215052000000007e+00	-5.830906247999999570e-01	3.112574169999999807e-01	4.348067454999999804e-01	9.591509902000000531e-02	-5.050541226000000022e-02	3.675224135999999864e-01	-4.143159999000000093e-01	-1.501495320000000078e+00	-1.703349594000000133e-01	3.786679401999999972e-01	1.926455682999999919e+00	1.491300958000000065e+00	1.315367471999999982e-01	1.157369029999999910e+00	7.298997952000000344e-01	3.597340776999999878e-01	9.867285300999999453e-01	-7.122089937000000148e-01	-3.977998605000000049e-02	2.090020823000000139e+00	-8.579608052999999901e-02	2.236786417999999943e-01	2.235769066000000027e+00	2.234935532000000169e+00	1.452444649000000032e+00	1.598505910999999946e+00	-2.466374681000000069e-01	1.360303320999999954e+00	1.794786312999999911e+00	1.681991580999999902e+00
-1.168767187999999901e+00	-1.644051987000000103e+00	-1.441524084000000094e+00	-8.952619885000000499e-01	8.373151065999999698e-01	5.786631165000000188e-01	-4.701059133000000112e-01	-6.245131083999999611e-01	8.758554706000000190e-01	8.601066295999999500e-01	2.081856189000000079e-01	-1.053118133999999984e+00	2.938400547000000196e-01	-8.301964611000000049e-01	1.216564374999999920e+00	-6.402458937999999655e-01	-1.115971241999999947e-01	2.018294972999999937e-01	6.469215945999999828e-01	-6.778765983000000217e-01	4.765150268000000189e-01	1.180600568000000017e+00	-3.732516431999999967e-02	-1.848804759000000075e-01	8.028071398999999664e-01	1.066621513000000077e+00	-6.479418338000000332e-01	-1.216058885999999999e-02	1.506312040999999935e+00	2.635313351999999942e-01	-1.179185487999999893e+00	1.067653385999999927e+00	-1.668800410999999873e-01	-1.550511421000000112e-01	5.938460076999999560e-01	9.710931373000000200e-01	-6.245063155000000199e-01	7.969617866000000550e-01	-8.863396729000000418e-01	3.264226401999999975e-03	8.535783841999999844e-02	-5.820417260000000370e-01	1.842886661000000093e+00	1.624787012000000086e+00	-2.480914462999999903e-01	1.073781335000000059e+00	6.241536874999999984e-01	3.867084267999999769e-02	1.173165746000000009e+00	-8.547180128000000376e-01	-7.675432340000000186e-01	2.741120801000000107e+00	-5.604061177000000393e-01	-3.565658950000000216e-01	1.981377082999999928e+00	1.817771433000000103e+00	9.885047875000000372e-01	1.032915789999999889e+00	3.254309090999999987e-01	1.364500690999999932e+00	6.117059329999999795e-01	1.220260732999999931e+00
-1.237427102000000056e+00	-1.492738990000000099e+00	-1.239273171000000007e+00	-1.121332522999999970e+00	9.761823175999999602e-01	5.803229194000000257e-01	-4.799227547000000094e-01	-7.755264418999999743e-01	7.111010773999999479e-01	8.546044147000000368e-01	4.573343288000000229e-01	-4.668889306999999822e-01	4.658033619999999986e-01	-4.731517215000000109e-01	9.677832150999999827e-01	-5.284907652000000455e-01	1.733013271999999938e-01	5.627255722999999765e-01	5.784863509000000015e-01	-4.531666611999999872e-01	1.503452023999999998e+00	1.022412923999999945e+00	-1.461160029000000138e-01	-2.303354371000000123e-01	6.867430938999999901e-01	1.544790002999999912e+00	-1.111292987999999982e+00	-3.927380745999999867e-01	1.553353202999999905e+00	3.186250525000000056e-01	-1.610317468999999946e+00	7.487876755000000273e-01	7.070086431000000005e-02	-4.909688206000000221e-01	7.889578481000000254e-01	8.774547522000000210e-01	-1.099276496999999964e+00	5.791526104999999980e-01	-9.959697126000000011e-01	3.214333469000000276e-01	-2.161679903000000152e-02	-6.628975766000000380e-01	1.547269019000000023e+00	2.173769635999999839e+00	-8.353637262999999979e-01	5.883693815999999632e-01	6.219834575999999560e-01	-1.723070129000000006e-01	1.252670533000000086e+00	1.015693743999999954e-01	-1.345049793000000049e+00	2.027594661999999825e+00	-5.226259625000000408e-01	-6.113843972000000404e-01	2.146283053999999968e+00	2.432691530000000046e+00	1.204235732999999975e+00	9.359661007999999782e-01	2.153552146000000111e-01	8.961812394999999487e-01	3.894969000999999875e-01	1.269608797999999927e+00
-1.266914502999999970e+00	-1.409532454000000046e+00	-1.211533900000000052e+00	-1.284292366000000074e+00	9.440410870000000010e-01	5.435527487000000324e-01	-6.765306357999999465e-01	-7.469572193000000304e-01	8.143949274999999766e-01	6.693269944999999943e-01	2.929031570000000251e-01	-3.114695325999999875e-01	3.769302468999999878e-01	-3.025190987999999970e-01	3.436706386999999752e-01	-3.702002911000000229e-01	8.462703961999999691e-02	8.638093446000000286e-01	1.103008111000000069e+00	2.040510946999999908e-01	1.052931585000000059e+00	8.042696615000000104e-01	1.023746472000000018e-01	-5.433698998999999530e-01	9.252507644999999892e-01	1.597458553999999920e+00	-7.574277970999999665e-01	3.190005684000000175e-01	1.868930017999999915e+00	5.930662019000000340e-01	-1.811279708999999905e+00	6.003201841999999955e-01	-5.998441979000000007e-02	-3.102401508000000030e-01	1.518015883999999982e+00	1.093960918999999921e+00	-6.877034552999999883e-01	2.617418174999999736e-01	-3.666551222000000165e-01	2.937748379999999826e-01	-3.564126852999999762e-01	-6.216939098000000552e-01	1.468666051000000028e+00	2.369268771000000218e+00	-8.073834501000000108e-01	8.075788468000000275e-01	7.947540194000000113e-01	-7.757725616999999740e-01	1.255828704000000018e+00	9.217990196999999997e-01	-8.391395498999999480e-01	1.664362963000000084e+00	-5.501112740000000390e-01	1.493062779000000062e-01	1.809072543999999949e+00	1.789105018999999963e+00	2.100674509000000079e-01	1.250197454000000041e+00	9.591402300000000380e-01	7.683183011999999978e-01	1.000577991999999972e+00	1.804854181000000057e+00
-1.227691145999999955e+00	-1.487476256000000108e+00	-1.321743855000000023e+00	-1.288889501999999965e+00	1.050041996999999894e+00	5.911477686999999648e-01	-7.674318602999999905e-01	-9.066423237999999829e-01	9.810544560999999719e-01	3.571249913999999803e-01	1.413677714000000085e-01	-4.750736160999999846e-01	4.589036051000000005e-01	-4.944873998000000048e-01	3.898519603999999750e-01	-4.930915833999999776e-01	1.480494321999999974e-01	6.418458038000000032e-01	1.373935335000000091e+00	1.020374024999999962e+00	7.705924527999999940e-01	-4.152270969999999894e-01	-4.795660677999999955e-01	-1.158571760999999922e+00	1.127199421999999895e+00	1.658397662999999911e+00	1.418373662999999896e+00	-2.004885980999999984e-01	1.489604112999999952e+00	5.703423740999999936e-01	-1.238737038000000013e+00	1.207332789000000045e-01	4.818861380000000194e-02	-7.735767088999999375e-02	1.800419004000000101e+00	1.926330000999999958e+00	-6.540294735999999665e-01	1.565758415999999875e-01	-6.685870172000000222e-01	6.033255047000000149e-01	-6.533454985000000104e-01	-5.181436449999999860e-01	1.419566268999999936e+00	2.429070503000000159e+00	-9.545498856999999893e-01	5.989881433000000532e-01	9.963142039000000283e-01	-8.197008085000000444e-01	1.114699418000000053e+00	1.046965310999999899e+00	-3.948681983999999812e-01	1.223619642000000063e+00	4.449049117000000164e-01	1.396690703000000033e-01	7.614789130000000350e-01	1.574354827000000068e+00	-1.622970542000000127e-01	3.461807668999999921e-01	2.196762000000000103e+00	6.195965593000000160e-01	1.567574808000000042e+00	1.608273543999999999e+00
-1.277644194000000066e+00	-1.724002111999999975e+00	-1.485901429999999968e+00	-1.045842098999999914e+00	1.094294614999999915e+00	5.139053930000000436e-01	-6.997327951999999796e-01	-9.017465246000000434e-01	1.084324953999999952e+00	2.581212238000000214e-01	-1.374389255000000032e-01	-2.231271451000000072e-01	4.250864924000000156e-01	-1.028603715000000030e+00	8.913973748000000308e-01	-8.885481049000000242e-01	-3.547078417999999789e-01	5.804808576000000109e-01	1.566761077000000002e+00	7.857034331000000149e-01	-5.824790393000000011e-01	-1.109206348000000064e+00	-4.964167353000000227e-01	-1.586093337000000103e+00	2.187647252000000098e-01	1.387121591000000098e+00	2.198970247000000100e+00	5.780506492000000440e-01	8.443524140000000511e-01	1.141285902999999990e-01	-7.729935641000000579e-02	-1.908256690000000033e-01	1.954731355999999864e-01	2.392541152000000060e-01	1.917986835000000001e+00	1.858580093000000044e+00	-9.433334622000000280e-01	1.576965653999999883e-01	-1.113645683000000108e+00	1.237743824999999909e+00	-5.695594402000000445e-01	-2.630847441999999980e-01	1.302135357000000049e+00	1.778056700000000045e+00	-4.196680535000000267e-01	6.728952567000000551e-01	4.782866827000000209e-01	4.046600785000000200e-01	6.013972139000000050e-01	2.136480588999999930e-01	-6.738414340999999697e-01	5.279384370999999909e-01	1.544139193999999993e+00	1.088201468999999977e-01	2.534068116000000037e-01	1.762171375000000095e+00	1.017419013000000066e-01	3.181900268999999781e-01	7.823770311000000088e-01	5.564002727000000315e-01	1.269988871000000019e+00	7.767396433000000044e-01
-1.213633646999999982e+00	-1.898698685000000053e+00	-1.648907284000000084e+00	-8.546628225000000301e-01	1.062952518999999985e+00	4.889654460999999785e-01	-6.681507386999999687e-01	-8.688257279000000111e-01	1.145319470000000006e+00	1.673734910999999936e-01	-2.834921782000000001e-01	-1.640679787000000056e-01	1.896897938999999866e-01	-1.386034717000000027e+00	9.473523402000000315e-01	-1.130976022000000025e+00	-7.195916101999999537e-01	4.512496422000000229e-01	1.135127908999999935e+00	6.018031500999999617e-01	1.957180307999999980e-01	-9.773647588999999636e-01	-1.367419666999999950e-01	-1.593358218000000104e+00	4.739299364999999820e-01	1.136242270999999970e+00	1.421949364999999910e+00	-1.059156903000000038e-01	5.086180505999999824e-01	-3.570383751999999661e-02	4.280725465999999924e-01	-5.946410871999999737e-01	4.904228989000000011e-02	-1.814998196000000008e-01	1.664592705000000006e+00	4.541733260999999966e-01	-1.109329585000000007e+00	1.208740606999999939e-01	-1.430895012999999993e+00	1.296075533000000002e+00	-6.354950830000000161e-01	3.038010861000000062e-01	3.569358256999999868e-01	1.030531561999999957e+00	-1.409083872000000126e-01	7.262598310000000223e-01	-2.555945208000000024e-01	3.180268155000000041e-01	6.854879656000000265e-01	5.748100045999999796e-01	-8.509936276999999771e-01	1.543355093000000067e-01	2.795189240000000089e-02	-5.786045935999999806e-02	-2.161959246000000057e-01	9.218587985999999734e-01	1.269929493000000020e+00	8.205324130000000160e-01	8.809312438999999939e-01	1.252322879999999916e+00	6.948237629000000304e-01	-1.664615164000000092e-01
-1.280765346999999998e+00	-1.651003873000000066e+00	-1.318593142999999968e+00	-1.018941738999999957e+00	1.155818940999999933e+00	4.866477379999999964e-01	-7.049647561999999867e-01	-1.096355171999999989e+00	9.249441384000000044e-01	2.866312907999999937e-01	-1.464179555000000021e-01	-3.604864394999999777e-01	3.937581788999999777e-01	-1.375482284000000055e+00	4.734071020000000241e-01	-8.140368319999999880e-01	-7.573032473999999903e-01	3.077615743000000070e-01	1.034203742999999953e+00	-3.305087753000000156e-02	1.248418129000000043e+00	-1.561973609999999901e+00	9.176294591000000445e-02	-1.593789550000000110e+00	3.955207796999999914e-01	1.263777546000000029e+00	8.332927356999999535e-01	-6.490765111999999837e-01	6.814210236000000087e-01	1.864625742999999891e-01	1.671714384000000109e-01	-1.285685838000000025e+00	-8.265282186000000308e-02	-5.979817639000000185e-01	1.539699727999999990e+00	-6.928038733000000393e-01	-1.087076404999999912e+00	1.992118710999999931e-01	-1.524829019000000008e+00	1.023862456999999893e+00	-9.895778650000000010e-01	2.371593120000000110e-01	1.149720679000000023e-01	1.498417601000000099e+00	-3.468486780000000214e-01	4.134435838000000141e-01	-9.639397979999999588e-01	6.561890872000000208e-01	5.719486309000000324e-01	7.133103308999999559e-01	-5.523331561000000001e-01	1.351389396000000076e-01	2.495037945999999951e-01	1.163702360999999963e-01	-2.544103562000000207e-01	1.045916606000000026e+00	1.200284939999999967e+00	1.462392947000000110e+00	9.810542285000000140e-01	1.015359925999999913e+00	-1.807909558000000139e-01	-5.137755855000000205e-01
-1.330539534999999995e+00	-1.498851850000000097e+00	-1.201704225999999931e+00	-1.274154868000000107e+00	1.052180560999999903e+00	4.283771847999999771e-01	-7.952812391000000369e-01	-1.302236841999999895e+00	8.243094463000000260e-01	4.502759058999999953e-01	-4.524262678999999704e-02	-7.629247762999999960e-01	5.794527816000000220e-01	-1.124342869999999994e+00	3.157676580999999733e-02	-4.271260848000000276e-01	-8.222346740000000542e-01	6.249513131999999693e-01	1.220168614999999956e+00	-1.082858917000000032e+00	9.445920251999999628e-01	-1.469418448000000099e+00	-3.558012202000000040e-02	-1.663896768999999942e+00	6.554912343000000030e-01	1.008296928999999897e+00	5.569072133000000369e-01	2.767303691999999926e-01	1.061385792999999911e+00	4.432798910999999897e-01	5.120951649000000244e-02	-1.360305933000000023e+00	-2.465345613999999907e-01	-4.538834002000000090e-01	1.553363816000000064e+00	-5.982551045999999761e-01	-3.378706142999999829e-01	4.769474858000000150e-01	-8.819649205999999797e-01	1.048262226000000075e+00	-1.454656173000000052e+00	6.600753838999999512e-02	1.326489432000000079e-01	1.636423463000000078e+00	-3.367993562000000107e-01	1.626648380999999866e-01	-1.060196949999999916e+00	1.116236806000000081e+00	2.019232750999999937e-01	1.004494643999999992e+00	7.039802268000000529e-01	-2.069445233999999967e-01	7.458723605000000534e-01	3.738778378000000013e-01	-2.456559199999999998e-01	1.519620197999999922e+00	8.445709004000000464e-01	1.852417581000000091e+00	1.415087871000000108e+00	8.586857532999999654e-01	1.038563774000000051e-01	-4.379407607999999952e-01
-1.262331773000000101e+00	-1.553059058000000103e+00	-1.286114215000000005e+00	-1.267378898999999892e+00	1.165557117999999948e+00	4.811730887999999817e-01	-8.883429142000000001e-01	-1.381463526999999969e+00	8.992091399999999624e-01	6.201777286999999861e-01	-1.218525550999999957e-01	-1.289815855000000067e+00	8.598151064000000288e-01	-7.608033079999999559e-01	2.142894204999999941e-01	-5.676342692000000412e-01	-4.979187505000000069e-01	7.296425745000000296e-01	1.074243870000000101e+00	-1.075953289999999951e+00	4.939353175999999790e-01	-1.869372320000000087e+00	-3.876900249999999659e-02	-1.807826756000000090e+00	6.344197042000000453e-01	5.525556571999999944e-01	3.097510707999999724e-01	-3.275691734999999771e-01	1.748304966000000071e+00	6.706552552000000222e-01	3.139019316000000170e-01	-8.998352076000000199e-01	-2.325070116999999881e-01	-9.758554839999999952e-02	2.021307043999999831e+00	-7.140649745999999576e-01	6.409634500999999984e-01	1.057406770999999912e+00	-4.736957395999999987e-01	8.838842360999999981e-01	-1.569339872000000025e+00	2.670098838000000141e-01	5.184742301000000442e-01	1.216438048000000105e+00	1.279415282999999959e-01	-1.741212880999999935e-01	-7.319270084000000232e-01	1.460320666999999961e+00	5.962457023999999661e-01	8.822387033999999906e-01	8.805934842000000540e-01	5.587052070000000231e-02	1.571454048000000103e+00	8.676984274000000275e-01	6.863046657000000383e-01	1.790347589000000017e+00	5.731352060000000082e-01	1.711131712000000027e+00	2.066533187000000105e+00	1.085276085999999918e+00	1.773529184999999897e+00	-3.261299802000000025e-01
-1.303698688000000105e+00	-1.799493854000000059e+00	-1.487711588999999890e+00	-1.025765746000000034e+00	1.000448682999999894e+00	5.170217235999999827e-01	-6.408774858000000352e-01	-1.117967522000000047e+00	1.127819558000000111e+00	7.413005875000000522e-01	-5.466426284999999913e-02	-1.128092453000000051e+00	8.403200658999999684e-01	-8.567547519999999528e-01	1.029599525999999932e+00	-1.034004279999999998e+00	-4.789977336000000169e-02	2.656953485999999920e-01	6.809680807000000335e-01	-6.045426798999999907e-01	-6.444989894000000552e-01	-7.120024828000000028e-01	3.428389264000000214e-01	-1.524691330000000011e+00	-2.964903429000000090e-03	5.455982773999999980e-01	-9.600357957999999803e-01	8.071133582999999723e-01	1.709823255999999958e+00	8.470176967000000445e-01	1.986364728999999940e+00	-2.859386821000000078e-01	9.517078001999999814e-02	-3.881952649000000033e-01	1.565638180999999962e+00	-5.232075016999999661e-01	1.067848748999999930e+00	1.531165455000000009e+00	-5.361725693000000126e-01	3.296895729000000330e-02	-1.473980955000000037e+00	1.353940464999999982e+00	1.423085998999999990e+00	8.110787816000000205e-01	4.379533451000000022e-01	9.485239280000000439e-02	-1.370273738999999935e+00	1.027243032999999972e+00	2.012958487000000019e-01	-8.179415140000000084e-02	-4.428087130000000343e-02	1.175770855999999975e+00	1.567473506000000016e+00	4.201829169999999891e-01	4.899060767999999788e-01	1.322360857999999917e+00	9.752646369999999898e-01	1.997027655999999984e+00	1.966126528000000095e-01	1.114216139999999911e+00	1.338021611000000055e+00	-9.531480112000000338e-01
-1.240700922999999900e+00	-1.895186876999999992e+00	-1.561385073999999928e+00	-9.831421449999999673e-01	9.571470270999999919e-01	5.865267854000000280e-01	-4.946167511999999822e-01	-1.000621706000000000e+00	1.128994005000000023e+00	8.846936037999999503e-01	6.978479445000000669e-02	-6.601778456000000350e-01	7.841642031000000124e-01	-8.348117231999999666e-01	1.069259136999999971e+00	-1.124788096000000071e+00	3.299003496999999840e-01	-9.485588077999999868e-02	2.192695692999999946e-01	-7.631474649999999693e-01	8.422591162000000464e-01	-2.523070351000000211e-01	-9.446906662000000010e-02	-1.142350157999999949e+00	5.443653054000000546e-01	1.104003244000000050e+00	-1.438351482999999931e+00	-6.540996732999999619e-01	1.671360085000000106e+00	7.623009447999999910e-01	7.842056790000000444e-01	1.203234109999999912e+00	-1.989941024000000114e-01	-8.330822038999999846e-01	1.450241571999999923e+00	-6.982730518999999969e-01	7.978885276999999610e-01	1.423999706999999892e+00	-1.098463849000000048e+00	-5.175308423000000296e-02	-1.852624078999999924e+00	1.214005561000000011e+00	1.200199876000000110e+00	7.134736732999999997e-01	9.881338621999999350e-02	4.794192120000000112e-02	-1.771390020999999981e+00	1.011075361999999922e+00	8.213858698999999819e-02	-5.817566426000000401e-01	-3.287251286000000272e-01	7.769962812999999802e-01	6.480682861000000017e-01	4.666377272000000326e-02	1.864881756000000002e-01	7.312969683000000165e-01	1.800191990000000075e+00	1.083881440000000085e+00	-3.368620197000000201e-03	8.205623507999999511e-01	1.926756815000000012e-01	-7.709727903999999965e-01
-1.341185442000000005e+00	-1.582764438999999967e+00	-1.252288190000000023e+00	-1.215821170999999978e+00	1.021722043000000024e+00	5.617333925999999922e-01	-6.638961740000000056e-01	-1.092309634999999890e+00	1.031398017999999972e+00	9.541681457999999783e-01	2.067798462000000059e-01	-5.057549698000000094e-01	8.460136594999999593e-01	-8.877731143999999519e-01	3.825975359000000076e-01	-8.342652047999999931e-01	2.673762955999999802e-01	7.818782958000000324e-03	3.911766849000000157e-01	-1.093800829999999946e+00	1.660034986999999962e+00	-3.761042183000000150e-01	-8.575195046000000376e-02	-6.439645024000000273e-01	-1.571006514000000132e-01	1.290664158000000006e+00	-1.746942809999999957e+00	-8.614397931999999425e-02	2.025758501999999961e+00	7.283714571999999610e-01	-3.118353636000000262e-01	1.200816453000000061e+00	2.240915065999999900e-01	-9.968679380999999617e-01	1.109655615999999956e+00	-9.677020689999999981e-01	6.200835290999999749e-01	1.051713195000000045e+00	-5.725747741000000168e-01	-1.208195759999999952e+00	-1.863360353000000025e+00	8.349630154999999609e-01	5.184043484999999452e-01	1.308986385999999946e+00	-6.289742868000000042e-01	-2.242663572999999966e-01	-2.123885489000000071e+00	8.495859757000000512e-01	-3.519640179999999896e-01	4.466987226999999949e-01	-2.234074866999999909e-01	9.663933946999999636e-01	1.926979132999999955e-01	3.031015016999999978e-01	8.421891521000000047e-01	6.681250413000000554e-01	1.516611632999999904e+00	1.463237415999999902e+00	-5.121282199999999812e-02	5.161436519000000001e-01	2.967837367999999754e-01	-1.211595428999999946e+00
-1.321566205999999966e+00	-1.485498999999999903e+00	-1.208122351000000094e+00	-1.371907836000000103e+00	1.027682471999999958e+00	5.821595869000000256e-01	-7.850084769999999823e-01	-1.269961765999999992e+00	7.760647249000000025e-01	8.493436305999999547e-01	1.776600288999999888e-01	-5.359465080999999964e-01	9.126760381999999838e-01	-6.269265007000000001e-01	-1.289215253999999866e-01	-6.023662919000000171e-01	1.427426032000000122e-01	2.195170186000000023e-01	9.121703330000000554e-01	-1.638834987999999937e+00	8.256295259000000497e-01	-3.637961207000000030e-01	1.893424508000000062e-01	-8.870299216999999459e-01	7.082443619999999607e-01	1.297891028000000002e+00	-1.668633099000000009e+00	1.002560009999999974e-01	2.104728355999999856e+00	6.285643007000000226e-01	-9.129203875000000412e-01	1.412379609999999897e+00	2.174178107999999998e-01	-7.021269296000000049e-01	1.028088440999999964e+00	-8.251023572000000250e-01	1.044480427000000100e+00	9.445677842999999907e-01	2.063731266999999925e-01	-1.505311078999999941e+00	-1.830999260000000017e+00	1.591340513000000012e+00	6.706837500000000230e-01	1.349734251000000107e+00	-5.120432032999999716e-01	-5.209310657999999955e-02	-2.154852333000000009e+00	7.029996329000000044e-01	-1.365959315999999979e-01	5.064298929999999643e-01	-1.498163184999999967e-02	1.485591485999999906e+00	5.730980610000000475e-01	4.708523747000000204e-01	1.325717692000000003e+00	1.591888125000000098e+00	1.347277626999999978e+00	2.197114765999999886e+00	8.281698397000000211e-01	5.761088980999999887e-01	1.111491827999999904e+00	-6.873040302999999795e-01
-1.302199405000000088e+00	-1.641481873000000036e+00	-1.352733549000000091e+00	-1.303160362999999933e+00	1.138746137999999908e+00	6.541963029999999790e-01	-7.235863424999999793e-01	-1.370376473000000095e+00	9.155637446000000068e-01	7.268022438000000252e-01	1.349633758999999877e-01	-7.669163363000000011e-01	1.048874462999999979e+00	-5.239562711999999900e-01	1.916316687999999879e-01	-8.477833295000000158e-01	4.514618920999999840e-01	-7.125070022000000447e-02	7.560980667000000155e-01	-7.705049836999999791e-01	4.230586319999999900e-01	8.069263330999999484e-01	3.226492294000000149e-01	-8.616480295999999761e-01	4.037847229000000038e-01	1.073512103999999967e+00	-1.039263593000000041e+00	-2.469744549000000011e-01	1.938791627000000073e+00	3.741949721999999756e-01	-7.923379966000000385e-01	1.685465438000000038e+00	1.806181132000000134e-01	-4.032283091000000153e-01	8.678942356000000080e-01	-1.653247616000000017e-02	1.166494700000000051e-01	1.390785602000000010e+00	3.578330885000000072e-01	-1.361405280999999912e+00	-2.108680214000000053e+00	9.926492013000000059e-01	1.641777005000000011e+00	1.113497858999999979e+00	-2.445045016000000071e-01	2.590635647999999791e-01	3.706260624000000115e-01	5.277302735000000133e-02	-1.528839208999999977e-01	-8.033101122999999899e-02	-1.994036023000000102e-01	3.368968001999999906e+00	-1.806947496000000097e-01	2.231598230000000072e-01	7.296855438999999555e-01	1.382996885000000065e+00	1.072427856000000013e-01	1.853954156999999991e+00	5.815940231999999765e-01	6.318534122000000197e-01	1.868700489000000076e+00	-6.163067330999999482e-01
-1.378721515999999925e+00	-1.949547598000000104e+00	-1.685444610000000010e+00	-1.067661108000000025e+00	1.044793362000000059e+00	6.269131519999999735e-01	-5.498619289999999715e-01	-1.334888842000000020e+00	1.158041786999999934e+00	5.994965210999999572e-01	-4.810798925000000018e-03	-4.654749920999999846e-01	8.611227654999999981e-01	-6.025926602000000187e-01	3.995429487000000113e-01	-1.367679013000000054e+00	5.181029122000000431e-01	1.164205917000000062e-01	5.607172033999999750e-01	2.382364797000000034e-01	-1.434903254000000072e-01	1.154237251000000075e+00	4.133208052999999826e-01	-5.590156818999999500e-01	-2.193057496999999967e-01	9.955635324999999591e-01	2.857454214999999853e-01	8.443576051000000193e-01	1.471757779000000044e+00	2.332687220000000117e-01	-1.113380073999999942e+00	8.949271582000000169e-01	-1.946953566000000080e-01	-3.575363577999999820e-01	4.707810946000000052e-01	1.348572375000000045e+00	-4.427056817999999727e-01	1.483548408000000096e+00	-3.672086258000000214e-01	4.515887936999999908e-01	-2.072712060000000189e+00	1.087057592999999961e-01	1.589802911000000041e+00	1.630283988000000017e-01	-5.516314630999999968e-01	2.035375704000000063e-01	8.318172083000000550e-01	4.213170400999999982e-02	-7.153480284000000022e-01	-2.851452387000000255e-01	-7.027452655999999465e-01	2.386507582000000127e+00	-4.639185948999999809e-01	-9.297403857000000049e-02	-4.114120498999999931e-03	9.401918784999999668e-01	-2.142372898999999886e-01	8.230532701999999645e-01	-1.053986408999999957e+00	6.034895354999999517e-01	9.749219794000000272e-01	-1.928689782999999935e-01
-1.303965409999999991e+00	-1.949325240000000070e+00	-1.704436510999999932e+00	-1.069597071000000010e+00	1.127278256000000090e+00	6.426525193000000025e-01	-6.083695881999999777e-01	-1.333320435999999942e+00	1.233986001000000110e+00	4.291323160000000136e-01	-8.992769957000000536e-02	-4.261363528000000067e-01	7.315161464999999641e-01	-9.278727921999999628e-01	-1.515951654000000093e-01	-1.525809296999999898e+00	4.747617890999999979e-01	-3.045295348000000013e-01	3.267468252999999878e-01	6.861725185999999477e-01	1.293102379000000024e+00	-7.686432383999999840e-02	4.472146797000000062e-01	-5.454095972000000403e-01	2.722991443000000178e-01	1.279670172000000106e+00	-2.752489994999999801e-01	-9.948044888000000530e-01	1.377373167000000009e+00	2.038401800999999902e-01	-1.639324741000000030e+00	-1.796568904999999994e-01	-1.434647816000000076e-01	-7.316441295000000178e-01	5.130540357999999745e-01	9.096615854999999806e-01	-5.794616949999999989e-01	1.411725705999999914e+00	-1.030900192000000049e+00	3.998660329000000013e-01	-1.882653949000000049e+00	-3.124563721999999988e-01	9.604790816999999592e-01	-5.268174724999999947e-01	-1.501134933999999921e-01	-3.697274670999999707e-02	6.297611262000000210e-01	-6.342874598000000086e-01	-7.291007533000000151e-01	-6.064597076000000087e-02	-5.887621183000000258e-01	9.595629394000000367e-01	-1.033169291999999961e+00	-1.886570791000000136e-02	-4.442117888000000070e-01	5.451489310999999560e-01	4.289604741999999971e-01	5.539464407999999951e-01	1.013387397999999939e-01	1.163378483000000019e+00	-2.257417404000000016e-01	5.074580625000000289e-01
-1.404136354999999892e+00	-1.641352643000000056e+00	-1.366221230999999925e+00	-1.355278246999999991e+00	1.205666982000000109e+00	5.407105893000000441e-01	-7.424856002999999927e-01	-1.515983451999999954e+00	1.175906510999999988e+00	4.331451625000000138e-01	6.083217699000000034e-02	-4.951247393000000052e-01	8.819079743000000082e-01	-1.228079536999999943e+00	-3.750700348000000073e-01	-1.071956858000000068e+00	2.585878796000000146e-01	-5.048082112999999760e-01	7.779772034999999919e-01	-2.554972947999999827e-02	1.600824267999999995e+00	-1.004995091999999923e+00	8.504830298000000122e-01	-4.640618972000000175e-01	-6.096203951999999981e-01	1.176429026999999961e+00	-2.840513759000000138e-01	1.261230737000000046e-01	1.610650004000000024e+00	1.033597631999999961e-01	-1.922707323000000024e+00	-7.779630573000000382e-01	3.628666714000000071e-01	-8.756206726999999912e-01	7.385800947999999755e-01	6.785564366999999875e-01	-1.435427733999999900e+00	1.420021076999999909e+00	-9.841061871999999822e-01	4.624986568000000187e-01	-1.956225934000000111e+00	-1.201419004999999984e+00	1.187040128000000028e+00	-1.403139852999999992e-01	1.028374627000000069e-01	-3.296634657999999996e-02	2.804976264999999858e-01	-5.454686491000000359e-01	-7.633087378999999784e-01	3.344812712999999937e-01	-8.945365735999999401e-02	7.936083032999999842e-01	1.757121098999999964e-01	3.363151515000000202e-01	5.059023728999999525e-01	7.042981718999999918e-01	-5.905751253000000173e-03	4.902126460999999824e-01	2.624748615999999979e-01	1.004528676999999925e+00	-2.931020987999999883e-01	1.024589240000000068e+00
-1.335429004000000086e+00	-1.560038980999999936e+00	-1.339500045999999944e+00	-1.445511886000000024e+00	1.187907693999999958e+00	4.594948408000000262e-01	-9.060149177999999859e-01	-1.510028024999999996e+00	1.015751204999999935e+00	5.232953402000000143e-01	-2.731392373999999915e-02	-7.553670768000000368e-01	1.051385715999999970e+00	-1.256609670000000012e+00	-7.450342657999999840e-01	-9.275822206999999597e-01	2.788839817000000054e-01	-2.857339354999999803e-01	1.358429692999999938e+00	-7.221915118999999716e-01	1.020305288000000088e+00	-1.122310884000000009e+00	9.071886355999999596e-01	-6.905234880999999714e-01	-6.027569851999999700e-02	8.670443905000000395e-01	-3.497752579999999917e-02	-1.984417564000000023e-01	1.709099109000000061e+00	2.359428212000000136e-01	-1.780729387999999913e+00	-6.901803552999999924e-01	1.093114654000000019e-01	-4.197366585999999788e-01	1.482206031000000035e+00	8.832330444999999530e-01	-1.050607569000000074e+00	1.493097930000000018e+00	-1.065549182000000039e+00	1.271474479000000102e+00	-2.025319640999999837e+00	-1.256386092000000065e+00	9.789400791000000268e-01	-3.032252487000000052e-01	4.498193791999999802e-01	3.777263024999999996e-01	-8.695801991000000342e-02	-6.219977815999999660e-01	-2.515745571999999930e-01	1.335821111000000047e-02	8.321028310000000427e-01	-2.140866501000000116e-02	1.616039586000000083e+00	7.772923792999999471e-01	1.350570089000000085e+00	1.286272003000000108e+00	1.086850500999999997e-01	4.537714411000000059e-01	8.308952558000000099e-01	5.896987675999999512e-01	2.410439483000000049e-01	1.430823248999999908e+00
-1.287905732000000025e+00	-1.603992721000000010e+00	-1.467552895000000079e+00	-1.427354929999999911e+00	1.246657249000000078e+00	4.705063388999999874e-01	-9.222439528000000442e-01	-1.377931591999999927e+00	1.092826360999999968e+00	5.944122907000000122e-01	-2.519271914000000001e-02	-1.027392386999999907e+00	1.208840777000000033e+00	-1.061842061999999975e+00	-2.970673408999999765e-01	-1.200691549000000080e+00	6.253346025999999558e-01	-1.853111671999999877e-01	1.356203183000000090e+00	-9.334400779999999509e-01	2.935813689999999809e-01	-1.362547611999999964e+00	1.029158178000000090e+00	-1.119260061999999945e+00	-6.232052421999999536e-01	9.032619270999999728e-01	9.261865085999999581e-01	-4.213088240000000262e-01	1.639211060000000053e+00	4.825994619999999791e-01	-9.672558881999999691e-01	-5.649868976999999903e-01	5.146822988000000487e-01	-3.494406956000000175e-01	1.799872212999999999e+00	9.441368016000000196e-01	-1.167033489000000035e+00	1.903680205999999986e+00	-9.778025706999999844e-01	1.006153896999999908e+00	-1.523132896999999986e+00	-1.171892836999999910e+00	6.715589194000000095e-01	-6.833431782000000121e-01	9.951375768000000344e-01	8.992668144000000030e-01	-1.482342268000000074e-01	-1.647802087999999943e-01	8.086818365999999536e-02	1.100910197000000007e-01	1.047998562000000078e+00	6.486463415000000288e-02	1.069529230000000108e+00	1.125681037000000106e+00	1.277040310000000067e+00	1.165974102999999928e+00	1.461749857999999902e-01	-8.738347451000000321e-02	1.409500097000000007e+00	7.039244952000000000e-01	1.731234069999999958e+00	1.163114511999999934e+00
-1.305769673999999991e+00	-1.873210279999999894e+00	-1.719299083999999977e+00	-1.145274659000000028e+00	1.145264657000000019e+00	5.394783908000000405e-01	-6.930585487000000544e-01	-1.191328903000000050e+00	1.241778964999999957e+00	5.843763263000000263e-01	-8.672939039999999489e-02	-9.468434541000000371e-01	1.215022320000000100e+00	-1.005001602000000105e+00	2.039633529999999861e-01	-1.690391192999999959e+00	7.529137490999999738e-01	-1.695686430999999994e-01	1.220814499999999914e+00	-5.940669257999999786e-01	-5.511326510999999817e-01	-1.452767826999999956e+00	9.882561345000000497e-01	-1.763072785000000087e+00	-1.138164009000000032e+00	1.078731045000000055e+00	1.322395285999999892e+00	1.729959450000000121e-01	1.045420781000000021e+00	8.267412920000000165e-01	1.912431542999999956e-01	-7.779789643000000199e-01	6.235467612999999742e-01	-2.443986321999999933e-01	1.660588133999999938e+00	1.132039611000000001e-01	-4.264474922000000001e-01	1.953329933000000018e+00	-1.050517421999999979e+00	1.597920682000000037e+00	-1.385134585999999945e+00	-1.312203477999999979e-01	4.145283131999999982e-01	-8.164353064999999576e-01	1.111165525999999959e+00	9.999298964999999706e-01	-3.460206572999999786e-01	4.356761753000000237e-01	-1.266566376000000105e-01	-2.559361023000000235e-01	4.375448067000000107e-01	-2.674289826999999842e-01	2.692099103999999743e-01	7.037639575999999897e-01	4.375299697000000210e-01	1.011580351000000100e+00	6.287819887000000163e-01	7.290976509000000050e-01	-8.770543661000000657e-02	1.032771244000000088e+00	1.369276077999999952e+00	9.585312693999999967e-01
-1.266904720999999956e+00	-1.910665465999999979e+00	-1.637484785000000054e+00	-1.019737647999999997e+00	1.216783943000000034e+00	6.718268816000000365e-01	-6.302735629000000284e-01	-1.188908268000000046e+00	1.135849526999999970e+00	4.476818811000000120e-01	-8.016091857000000320e-02	-7.297218180000000221e-01	1.292797047000000088e+00	-1.254207972999999976e+00	2.964137230000000178e-01	-1.481731638999999934e+00	8.892289905000000383e-01	-3.037430429999999904e-01	5.151717165000000431e-01	-2.299472120000000119e-01	1.100273684999999890e+00	-1.567938840999999917e+00	1.243980865999999991e-01	-2.100289072999999895e+00	-9.309282778999999897e-02	1.817718683000000057e+00	1.087895947999999890e+00	-1.181289500000000103e+00	6.378650109000000290e-01	8.623020700000000316e-01	5.296374306000000143e-01	-1.135166675000000014e+00	4.310367991999999870e-01	-2.522496397999999806e-01	1.317169765000000048e+00	-1.066375281000000008e+00	4.556611556999999868e-01	1.492028935000000001e+00	-1.780906228999999952e+00	1.231573736999999946e+00	-1.321634863000000104e+00	8.334849892000000260e-01	5.532462571999999801e-01	-6.558787229000000440e-01	9.187505784999999703e-01	2.171058245999999969e-01	-6.267096467999999643e-01	1.126139094000000007e+00	-2.352281831999999961e-01	-9.300558048000000522e-01	2.174717448000000053e-01	-7.017727160999999436e-02	1.860497567999999935e-01	2.431286283000000104e-01	-9.884229959000000454e-01	1.019241293000000104e+00	1.439857723000000034e+00	8.922616300000000278e-01	-3.296980130000000120e-01	8.649231616000000455e-01	3.080951265999999980e-02	8.289017312999999998e-01
-1.319197332999999972e+00	-1.742313565999999980e+00	-1.404320441999999947e+00	-1.143709182999999907e+00	1.275990232000000058e+00	5.801678327999999496e-01	-6.578692707000000084e-01	-1.281249228999999934e+00	1.101620601000000033e+00	4.739078634000000179e-01	7.740250364999999577e-02	-6.187537725999999738e-01	1.315011640999999898e+00	-1.509950882999999910e+00	4.080290738999999695e-02	-1.296799226000000083e+00	4.496456676999999735e-01	-2.916975373999999843e-01	6.151533532999999832e-01	-7.161215719000000313e-01	1.489960246999999960e+00	-1.458742462000000017e+00	3.167833212000000231e-01	-1.295746355999999988e+00	-2.373667460999999979e-01	2.014718461999999821e+00	-3.121682279999999851e-02	-1.555392458000000033e+00	7.902531097999999643e-01	1.096362545999999938e+00	-2.642062573000000247e-01	-1.474109211999999891e+00	4.394678313000000003e-01	-6.178844548999999908e-01	1.549772329999999920e+00	-6.948117513999999550e-01	6.912494444000000238e-02	1.446562206999999933e+00	-1.791378173000000018e+00	1.087949051000000056e+00	-1.274576630999999960e+00	1.326984535000000076e-01	1.138068009000000047e-01	-3.951756151999999966e-01	9.054242561999999994e-01	-7.867520851999999787e-02	-1.262118829999999914e+00	1.352960584999999938e+00	-2.958718610000000138e-01	-5.437294097999999520e-01	1.120490604000000001e+00	-3.798906074000000244e-01	2.487002246999999999e-01	6.590962849999999484e-01	-1.694120741000000097e+00	9.329174500000000370e-01	1.543597298999999978e+00	1.726948305999999933e+00	1.122837522000000032e-01	7.807863244999999619e-01	6.335363535000000379e-01	3.885060168000000203e-01
-1.383293354999999947e+00	-1.559677989999999959e+00	-1.236374102000000086e+00	-1.252484436000000034e+00	1.229762330000000015e+00	5.265441267999999564e-01	-7.357864752999999647e-01	-1.360263938999999977e+00	1.161941222999999912e+00	7.312644463999999900e-01	8.049114625999999328e-02	-8.460990787000000068e-01	1.309868185000000018e+00	-1.368776205000000079e+00	-3.346333028999999848e-01	-9.472912455999999981e-01	1.371164706999999927e-01	-6.100042175999999955e-02	1.048358037999999937e+00	-1.374319872000000053e+00	1.212021556000000055e+00	-1.917105784999999951e+00	8.404010430999999670e-01	-1.387849278000000020e+00	-3.948118358000000105e-01	1.740564446999999904e+00	3.816788517999999963e-01	-1.008525375999999918e+00	1.521612014000000013e+00	1.616953553999999960e+00	-1.806565619000000122e-01	-1.388635920000000024e+00	3.194586159000000203e-01	-3.148028409999999999e-01	2.031193632999999998e+00	-7.819178319999999793e-01	1.765673292000000116e-01	1.627899197000000076e+00	-1.113293898000000004e+00	1.069060455000000021e+00	-1.232331513999999961e+00	-2.451783790000000018e-01	2.607793170000000105e-01	9.480803948999999564e-02	1.019316257999999920e+00	-4.889030987000000245e-02	-1.020035829000000005e+00	1.523673652999999906e+00	2.627374807999999923e-02	2.041429436999999958e-01	1.963481322000000029e+00	-1.746849680000000030e-02	9.261376326000000381e-01	1.192742898000000107e+00	-7.813934382999999650e-01	1.334060889000000083e+00	1.226853066000000103e+00	2.318512667999999888e+00	4.437272300999999808e-01	1.014296461000000038e+00	1.636726220999999981e-01	4.162701306000000101e-01
-1.353510006000000043e+00	-1.478751211999999926e+00	-1.245040313000000065e+00	-1.355057785000000070e+00	1.162774329999999967e+00	5.807295458000000243e-01	-8.367163104999999490e-01	-1.348677163000000068e+00	1.246906869999999889e+00	7.359803699000000421e-01	1.049949674999999943e-01	-1.048426609000000065e+00	1.487825911000000056e+00	-1.072000602999999996e+00	-3.181287137000000098e-01	-7.218566705000000194e-01	4.902825512000000274e-01	-3.961313703000000387e-03	1.274301491999999980e+00	-1.079677441999999932e+00	5.721489862999999954e-01	-1.785343939000000102e+00	7.232668666999999552e-01	-1.792161381000000109e+00	-1.936062816000000131e-01	1.596162674999999975e+00	3.195054048000000035e-01	-7.212905958999999978e-01	1.444285191999999940e+00	1.861073173999999941e+00	1.112223237000000003e-01	-7.845704651999999557e-01	1.036865920000000107e+00	6.315986192000000443e-02	2.297749420999999792e+00	-1.086190994999999937e+00	1.310880309000000077e+00	2.015385656999999942e+00	-9.266432659000000127e-01	1.075093469000000024e+00	-8.616712165000000034e-01	9.962386151999999551e-02	1.121296209999999988e-01	2.304992304000000047e-01	9.767265192999999845e-01	2.532049423000000132e-01	-6.644913877000000468e-01	9.298436614999999739e-01	5.468101181000000199e-01	5.619101522999999654e-01	2.380443425999999807e+00	4.091961150999999797e-01	1.623012604999999997e+00	1.275815163999999946e+00	-3.568056290000000130e-01	1.771941216999999957e+00	6.933984119999999640e-01	1.874318190000000106e+00	1.365574338999999915e+00	8.521761073000000408e-01	1.288357567999999898e+00	6.274089076000000098e-01
-1.327212440000000049e+00	-1.668751440000000086e+00	-1.388700411999999940e+00	-1.281944251999999951e+00	1.054391260000000052e+00	6.548217975000000246e-01	-6.962748744000000212e-01	-1.194755922999999997e+00	1.385006860000000062e+00	6.329543424000000362e-01	1.331145505999999923e-01	-9.082029047999999882e-01	1.453035462999999972e+00	-1.529083973000000096e+00	7.424967525000000235e-01	-1.251632365999999941e+00	9.098480651000000474e-01	-4.764674019999999843e-01	8.501660222000000378e-01	-4.880450672000000156e-01	-2.202721045999999905e-01	-6.274819096000000540e-01	3.968795658000000004e-01	-2.123964786999999799e+00	-1.157904542000000037e-01	1.718732415000000069e+00	-3.927990561999999963e-01	-8.599655127999999982e-01	7.666052422000000366e-01	1.838804416999999969e+00	1.251157437999999900e+00	1.495485869999999995e+00	1.465284201000000008e+00	-6.065913193999999953e-02	1.941703753000000088e+00	-1.084885716000000055e+00	1.681814592000000053e+00	1.661722762999999992e+00	-1.114643752000000099e+00	-3.289390308999999846e-01	-1.176714537000000060e+00	1.334604549999999890e+00	1.184450972000000046e+00	3.267493832999999737e-01	8.306657147999999546e-01	3.292254448999999972e-01	-1.395216127000000084e+00	2.943812875999999856e-01	7.186328479999999630e-02	-2.084069857999999997e-01	1.065583962999999912e+00	1.391972162999999929e+00	1.180371276000000025e+00	9.311438724999999694e-01	-8.766538332000000100e-01	7.719749060999999690e-01	7.778141763999999458e-01	1.350040646999999927e+00	3.084679197999999900e-01	1.088402344999999993e+00	5.850955383999999482e-01	5.259996693999999945e-02
-1.295248648999999919e+00	-1.901070883999999905e+00	-1.510411218000000000e+00	-1.081118943999999971e+00	1.099288848999999901e+00	6.579533634999999991e-01	-5.282996422000000303e-01	-1.215490638999999984e+00	1.397974207999999940e+00	4.466375919000000194e-01	-3.360252346999999945e-02	-2.710168071999999873e-01	1.342585541000000049e+00	-2.080801130999999859e+00	8.244732748999999972e-01	-1.422224895000000044e+00	7.990580511000000552e-01	-2.738089170999999933e-01	-1.874372629999999929e-01	-8.619268861000000115e-01	-2.886907773000000135e-02	6.552932350000000294e-01	-5.383199244999999772e-02	-1.246904014999999921e+00	1.489935535999999949e-01	1.660706502999999890e+00	-1.095105441999999929e+00	-8.923926893000000415e-01	1.955230034999999866e-01	8.148062825999999870e-01	-6.315302769999999732e-01	1.349848036000000029e+00	1.300062741000000077e+00	-5.705316111999999551e-01	1.063676698999999948e+00	3.692286626999999877e-01	1.094888364000000003e+00	1.044780223999999924e+00	-1.943099525999999910e+00	-5.494081738999999631e-01	-8.760896738000000239e-01	2.142978171999999848e+00	1.400349493000000001e+00	7.280033526000000421e-01	4.008647685999999766e-01	2.680885338999999812e-01	4.463045740000000094e-01	1.020022261999999937e-02	-1.280816331000000030e+00	-4.998746061000000074e-01	-5.475842643000000329e-03	1.276295932000000022e+00	2.011135257999999981e-01	4.830760358999999782e-01	-1.708928127000000075e+00	3.513352261000000087e-01	1.016454409999999919e+00	1.645383233000000001e+00	-8.927365284999999595e-01	3.004911677000000059e-01	-9.457633171000000630e-03	-2.124729497000000036e-02
-1.300118345000000009e+00	-1.693566144999999912e+00	-1.329947498999999977e+00	-1.122503849999999970e+00	1.224860365999999923e+00	6.542143475999999680e-01	-6.330648724999999866e-01	-1.234568064000000076e+00	1.301700955999999909e+00	4.934941346000000228e-01	-4.690351972000000175e-02	-4.740751968000000288e-02	1.085887795000000100e+00	-2.402889830999999976e+00	-6.884430090000000224e-02	-1.175657603000000107e+00	-6.818486891000000161e-02	-4.415441653000000133e-01	3.844150332999999864e-01	-1.001191444000000041e+00	1.596084119999999995e+00	1.523335885000000056e-01	-2.671142793999999876e-01	-6.148559753000000239e-01	-1.183700302999999981e-01	1.744899713999999991e+00	-9.036568802000000122e-01	-1.558143110000000053e+00	3.860841689000000243e-01	1.109418429999999983e-01	-9.876243997000000441e-01	1.294416511999999964e+00	9.972424153000000180e-01	-9.311867673000000512e-01	8.863304011999999510e-01	-6.881770938999999879e-03	9.897933265000000494e-03	5.059784353999999817e-01	-1.696082563999999904e+00	-1.600127886999999971e+00	-7.988072345000000185e-01	2.408573451000000087e-01	1.205629735000000036e+00	1.291463256999999976e+00	4.321426133999999863e-01	1.075066087000000059e-01	6.249252494000000491e-01	-2.333114098000000081e-01	-1.571269331999999963e+00	-2.236120467000000112e-01	-3.530419832000000202e-01	1.906871514000000101e+00	-1.758592690999999930e-01	3.963499610999999812e-01	-1.189932473000000046e+00	-3.182186571999999769e-01	9.856799080999999463e-01	1.784110845000000056e+00	-5.218459196000000411e-01	4.268914824999999746e-01	-1.873210334000000032e-01	4.147353530999999816e-01
-1.359871459000000060e+00	-1.435150209999999982e+00	-1.185741908000000011e+00	-1.366411138999999997e+00	1.105640292999999996e+00	5.032957570999999630e-01	-8.521460250000000292e-01	-1.390975894000000102e+00	1.066130177000000012e+00	4.738304602999999782e-01	-4.885926823000000252e-02	-5.413321746000000489e-01	1.062789165000000091e+00	-2.228445039999999988e+00	-1.039021224999999937e+00	-8.544645489000000094e-01	-5.533457817000000389e-01	1.798582735000000057e-02	9.554356681000000240e-01	-7.063341505000000353e-01	1.228230724999999968e+00	1.028187638999999987e+00	7.912239750999999766e-02	-4.751094336000000196e-01	-6.438345710999999749e-01	1.244122785999999925e+00	-1.297766068999999911e+00	3.436047130000000061e-01	8.391910669000000045e-01	-1.035210446000000076e-02	-1.917114940000000045e+00	1.146498886000000050e+00	9.291245428000000084e-01	-7.572491932999999564e-01	2.043888071999999945e-01	1.631122141999999942e-01	-4.373577819999999727e-01	3.539262155000000298e-02	-1.136755073000000005e+00	1.894290865999999907e-01	-1.095471545000000102e+00	-3.704178261000000139e-01	7.097010981000000385e-01	1.375243637999999935e+00	-4.694343570999999771e-01	-2.393615196999999972e-01	6.933822147999999519e-01	-6.438700678000000011e-01	-1.568332438999999967e+00	8.960904573000000317e-01	-6.308727526000000585e-02	1.978080505000000100e+00	-5.050643548000000038e-01	7.663575663999999676e-01	2.459624126999999938e-01	2.532835081000000058e-02	4.241171621000000003e-01	1.148148289999999960e+00	7.716021601000000452e-02	9.971253002999999615e-02	8.809534712000000045e-02	2.839911272999999792e-01
-1.259722519000000096e+00	-1.294202032999999918e+00	-1.195271132000000014e+00	-1.453318649999999934e+00	1.133443760000000022e+00	4.581522825000000076e-01	-1.092913471999999997e+00	-1.545280798000000066e+00	9.760253099000000265e-01	5.940240101999999522e-01	-1.294417733000000070e-01	-1.095108020000000071e+00	1.055785248999999926e+00	-1.664654869000000037e+00	-1.305883322999999985e+00	-7.934924177000000078e-01	-3.933836736999999917e-01	-1.880951382999999921e-01	1.643828886000000100e+00	-1.716612161000000136e-01	1.302111282999999897e+00	-1.528348478999999871e-01	1.341785799999999917e-01	-7.631944031999999822e-01	-1.955248423000000013e-01	9.572859889000000511e-01	7.273560309000000057e-01	-6.031111164000000358e-01	1.277439683999999964e+00	-9.398930651999999608e-02	-1.946341129999999975e+00	1.601315435000000009e-01	7.300595691000000276e-01	-9.338619713000000377e-01	1.179156621999999932e-01	9.220666498999999794e-01	-8.027151111000000450e-01	2.162236798999999932e-01	-1.181104442999999948e+00	6.266141476000000043e-01	-1.301253854999999904e+00	-5.078132789999999508e-01	9.981318215000000160e-01	1.204403442999999907e+00	-4.328167400999999859e-01	-2.186508776999999959e-01	7.103376889000000416e-01	-7.999419467999999700e-01	-5.475253212999999786e-01	4.869791766000000077e-01	2.853153605999999946e-03	1.121797205000000019e+00	9.353289365000000410e-01	9.529449040999999898e-01	7.274297369000000124e-01	-3.333011886000000201e-01	-1.122160913000000010e-01	5.947345636000000296e-02	1.299593927999999954e+00	-1.960196801999999905e-01	4.147917762000000175e-01	3.358360836000000016e-01
-1.231122137999999921e+00	-1.498093515000000098e+00	-1.397950033999999953e+00	-1.297487054000000084e+00	1.244291358999999986e+00	4.956846940999999895e-01	-1.055333985999999946e+00	-1.501272415999999943e+00	9.382506443999999446e-01	5.658375919000000476e-01	-1.433118838999999922e-01	-1.201802180999999914e+00	9.827824373000000335e-01	-1.505623708999999977e+00	-7.159686928999999811e-01	-1.166310438000000005e+00	-1.945595455999999945e-01	-1.535658287999999982e-01	1.461635494000000035e+00	-5.495301215000000239e-01	-4.801645405000000144e-01	-1.042741477000000083e+00	2.819947325000000116e-01	-1.109221433000000090e+00	-5.057077846999999959e-01	7.025123899999999866e-01	1.983555555999999997e+00	-1.079395947999999966e-01	1.294467228000000025e+00	-2.269016614999999903e-01	-6.858587188000000445e-01	-6.296179185000000400e-01	6.500151972000000056e-01	-1.165645263000000043e+00	-3.098563856000000061e-02	8.124569779000000436e-01	-1.081829718999999912e+00	5.321326058999999997e-01	-1.298974634999999989e+00	1.032546281999999982e+00	-1.246216911999999954e+00	-7.043456240000000035e-01	1.052482448999999987e+00	1.224880292000000009e-01	-2.195366447000000054e-01	1.555394276000000020e-01	-1.172540779000000033e-01	3.815797208999999746e-01	-5.934220158999999883e-01	2.099914186000000071e-02	-1.504195248999999901e-01	2.541499640000000060e-01	9.703447132000000419e-01	6.852284120999999617e-01	9.690988003999999600e-01	9.065342871999999830e-02	4.944244505000000012e-01	-1.579704338000000041e-01	3.827088987000000220e-01	-4.731791862999999987e-01	1.564894490000000027e-01	-3.436552388999999930e-01
-1.254402750999999983e+00	-1.779040632999999927e+00	-1.590630921000000031e+00	-1.044079444999999939e+00	1.252033747999999891e+00	5.553328973000000168e-01	-8.165326728999999784e-01	-1.361358443000000085e+00	9.809150829999999655e-01	5.252052517999999948e-01	-2.106029858000000032e-01	-1.262162554000000103e+00	8.033360121999999492e-01	-1.591464224999999955e+00	-2.167730288999999977e-01	-1.354258415000000104e+00	-2.001329621000000059e-01	-1.779121166000000032e-01	8.664301678000000395e-01	-6.440780589000000278e-01	-5.246521379999999901e-01	-1.348327043999999919e+00	1.214154306999999933e-01	-1.460634454000000026e+00	-1.643024442999999890e-01	3.417062357000000272e-01	1.359132642000000057e+00	-2.937160068999999929e-01	1.097358717999999955e+00	-2.950378280000000020e-01	1.693149820000000028e-01	-9.605443885000000126e-01	3.877952657000000025e-01	-1.365663531000000042e+00	1.810942838000000055e-02	-8.322473044999999514e-01	-3.817276113999999998e-01	7.767799243999999881e-01	-1.625988887000000105e+00	1.461625138999999907e+00	-9.278471826999999950e-01	-1.031902177999999975e-01	5.313754475999999949e-01	-2.020008047000000084e-01	-3.493874598000000220e-01	2.585677055000000224e-01	-5.966298948999999574e-01	7.081319707000000019e-01	-9.190775358999999645e-01	-3.529317621999999988e-01	-5.121414587000000518e-01	-9.455398550000000679e-02	2.848983506000000165e-01	2.213080859999999872e-01	3.692226953000000145e-01	-1.049233319999999942e-01	1.287103325999999992e+00	1.025659018999999894e+00	-8.026669597000000156e-01	-1.952880006000000113e-01	3.696241116000000271e-01	-6.822663241999999961e-01
-1.263931388999999905e+00	-1.540402441999999983e+00	-1.389728999999999992e+00	-1.202749665000000023e+00	1.233438878000000072e+00	5.891321212000000251e-01	-8.561900122000000168e-01	-1.405360232000000043e+00	8.770363332999999706e-01	5.414834614000000323e-01	-5.999564532999999977e-02	-1.417647953999999988e+00	8.435081413999999667e-01	-1.710608997000000020e+00	-5.648818383999999471e-01	-9.639201454000000391e-01	-2.114187248999999935e-01	-3.803045684999999954e-01	8.986130974999999577e-01	-1.109517926999999959e+00	1.196734251000000082e+00	-1.653495570000000026e+00	-2.131859546000000050e-01	-1.279203456999999933e+00	-2.774176554000000183e-01	5.433121305000000456e-01	3.198165255000000040e-01	-8.505857381000000439e-01	1.227053783999999981e+00	-4.416939189999999904e-01	-3.940380803999999904e-01	-1.101755148999999934e+00	4.736247640999999842e-01	-1.470738083999999946e+00	-1.717275753999999988e-02	-1.033712527999999908e+00	4.626518177999999759e-01	5.964606587999999876e-01	-1.902154813000000111e+00	6.249085860999999964e-01	-9.282673448999999577e-01	-4.009801002999999892e-02	-3.155265902000000122e-01	5.167492503999999709e-01	-3.432264242999999992e-01	-3.659818831000000161e-01	-6.758764807999999569e-01	1.083254047000000053e+00	-8.163693449000000157e-01	-6.173254495999999734e-04	-1.706352592000000001e-01	-5.210690556999999501e-01	8.363856862999999864e-01	4.550220173000000257e-01	-4.787364753000000195e-01	-2.585402249000000041e-01	1.577264274000000022e+00	8.826604135000000184e-01	-4.428498953000000182e-01	2.102028830000000070e-01	-8.983473736999999515e-01	-8.369467324999999569e-01
-1.299159034999999962e+00	-1.259810212999999957e+00	-1.166954048000000022e+00	-1.442563169000000034e+00	1.207790369999999891e+00	4.752482149999999739e-01	-1.086102834999999933e+00	-1.354912412000000010e+00	9.321427196999999554e-01	5.243760497999999659e-01	-1.681272158999999947e-02	-1.699257787999999936e+00	9.210043428999999948e-01	-1.468913565999999893e+00	-7.214520399999999611e-01	-5.927287965999999964e-01	-4.459211562000000018e-01	-1.776987912000000114e-01	1.471415031999999901e+00	-1.943290495999999923e+00	7.526383990999999662e-01	-1.777900838000000094e+00	2.045560197000000080e-01	-1.061602742999999904e+00	-3.469544259999999825e-01	2.347615298000000073e-01	-1.887058873000000137e-01	2.744107478000000211e-01	1.659433665999999974e+00	-2.873799246000000029e-01	-2.682000870999999842e-01	-1.005600001999999993e+00	6.041246559999999821e-01	-1.371162395000000034e+00	8.956325549999999414e-02	-9.761078850000000084e-01	7.389579373000000340e-01	1.701793323000000135e-01	-1.460067170000000081e+00	1.301391879000000085e-01	-7.470143782000000510e-01	-6.550699993999999915e-01	-9.299399299999999702e-01	9.723960959999999876e-01	-2.671820122999999866e-02	-5.826979327000000319e-01	-1.318665411000000010e+00	1.078579817000000052e+00	-7.508664856000000221e-01	1.151669653999999987e+00	4.714673393000000101e-01	-8.138584573000000322e-02	1.571830757999999939e+00	7.697645960000000231e-01	1.863096173999999883e-01	2.983480915999999761e-01	1.353136542000000109e+00	1.602474603999999969e+00	1.028958905000000035e-01	6.025353594000000257e-01	4.174605137999999882e-01	-1.116396530000000054e+00
-1.271020677000000099e+00	-1.259740094000000088e+00	-1.229873677999999915e+00	-1.429419747000000074e+00	1.192598054000000074e+00	5.255419328999999529e-01	-1.075527797999999979e+00	-1.203857009999999894e+00	9.269827623999999933e-01	5.835831706999999868e-01	4.341932828000000244e-02	-1.918270517999999925e+00	1.111878394999999964e+00	-8.854769955000000303e-01	-8.192238761000000258e-01	-5.263449932999999525e-01	-2.758858036999999874e-01	-6.860602113000000002e-02	1.442674613999999966e+00	-2.032976092999999818e+00	8.667873076000000288e-02	-1.451061028999999891e+00	2.974386855999999746e-01	-1.032706530000000011e+00	3.524766634000000010e-01	5.725348158999999937e-01	-7.564350188999999780e-01	-7.180732232000000548e-02	2.061556127999999877e+00	-9.817444589000000332e-02	-1.053910593000000062e-01	-9.420312805999999650e-01	6.027751026000000012e-01	-5.400928337000000523e-01	2.850266564999999752e-01	-8.729397011999999734e-01	9.389442699000000170e-01	1.544287689000000130e-01	-1.180397783000000089e+00	-3.254922505999999771e-01	-8.998372995000000207e-01	-1.834916953999999878e-01	-1.110062687000000103e+00	1.150771297999999998e+00	4.921166485999999840e-01	-2.149981313999999866e-01	-1.581519568999999903e+00	1.276024652000000037e+00	-3.342780776000000009e-01	1.555997537999999958e+00	5.237020817999999966e-01	4.393218164000000092e-01	1.445846814999999896e+00	9.577100491000000160e-01	1.427731262999999973e-01	1.108288484000000018e+00	1.434094296000000046e+00	1.374793292999999972e+00	1.058765610000000024e+00	1.082273440000000031e+00	1.569753592000000086e+00	-1.153184962000000091e+00
-1.226078084999999929e+00	-1.223274296000000039e+00	-1.264615800999999928e+00	-1.395764728999999926e+00	1.248379329999999898e+00	6.549006675999999860e-01	-1.019219419999999987e+00	-1.149357929000000000e+00	1.033363580000000059e+00	6.961751542999999876e-01	2.480148976999999866e-01	-1.845035599000000026e+00	1.274909145000000077e+00	-2.705155972000000131e-01	-4.815956851000000039e-01	-5.337591058999999749e-01	1.851662772999999873e-01	-1.869491204000000087e-02	1.640214091999999901e+00	-1.587044635000000037e+00	-5.275277295999999949e-02	-1.502208817999999946e+00	3.630374003999999877e-01	-1.144979489000000017e+00	1.298451545000000040e-01	1.131143608999999994e+00	-6.654843295000000269e-01	-2.009554406000000071e-01	2.051719526999999932e+00	2.853225904000000201e-01	3.358959214000000193e-01	-4.995880705999999893e-01	1.206964547000000110e+00	-3.372383777000000082e-02	6.148797316999999873e-01	-1.022635900000000042e+00	8.563475487999999691e-01	2.799275417999999918e-02	-9.669759453999999810e-01	-4.288736618999999806e-01	-9.732390596000000116e-01	5.859709906999999683e-03	-8.028811062999999804e-01	1.437025819999999898e+00	8.933271982999999583e-01	-9.107482297999999754e-02	-1.203217038000000016e+00	1.060793411999999991e+00	7.548318590999999467e-01	1.765951524000000106e+00	9.479801691999999447e-01	4.809400427000000144e-01	1.768947749000000069e+00	1.126255946999999979e+00	7.614274994999999935e-01	1.450452937000000109e+00	1.095230095000000015e+00	1.331271295999999937e+00	1.406047781999999913e+00	1.142432131999999934e+00	2.908295255000000079e+00	-1.102461316000000080e+00
-1.314458764999999918e+00	-1.542275827999999960e+00	-1.455471049000000017e+00	-1.137884257999999926e+00	1.118983190000000016e+00	6.652219066000000236e-01	-6.827022065000000195e-01	-1.050620233999999931e+00	1.271106005999999899e+00	7.520656197999999737e-01	2.562100402999999971e-01	-1.538608484999999915e+00	1.241779176000000096e+00	-3.565788019000000197e-01	3.547180717000000261e-01	-1.059062869999999990e+00	5.799051627000000320e-01	-4.537074401000000257e-01	1.059084396000000039e+00	-8.788857398999999626e-01	-1.295032670999999969e+00	-2.594252644000000219e-01	4.041726818999999971e-01	-1.504234312999999990e+00	-5.893411701999999863e-01	1.961989741000000009e+00	-9.788365017000000279e-01	7.113877007000000141e-01	1.113517550999999939e+00	6.554807696000000128e-01	9.997482251999999514e-01	1.727872311999999910e+00	1.248040613999999993e+00	1.976734686999999935e-01	5.620221254999999694e-01	-1.331321447999999963e+00	9.775014641000000504e-01	-1.318650472000000018e-01	-8.767942432999999980e-01	-4.170851501000000239e-01	-1.472185142000000058e+00	1.320217278999999966e+00	8.534714421000000328e-01	1.526924496999999992e+00	4.576784807000000010e-01	5.306047417999999460e-01	-1.337923312999999892e+00	5.802893874000000229e-01	8.119628839000000431e-01	6.719000445999999682e-01	4.066142036000000015e-01	9.288341327000000369e-01	1.406838245999999959e+00	9.213180155000000315e-01	8.190059862999999885e-01	7.651184209000000402e-01	1.195967030999999903e+00	1.229068864999999899e+00	-6.350882299000000231e-01	1.173634252999999905e+00	2.016545053999999837e+00	-8.210089046999999862e-01
-1.258895233999999919e+00	-1.680075007999999981e+00	-1.451739743999999943e+00	-1.000531260999999894e+00	1.262840382999999900e+00	7.649687193999999968e-01	-5.195012445000000145e-01	-1.131185356000000031e+00	1.143142756999999898e+00	6.600427415999999825e-01	2.809673662000000127e-01	-8.621741574000000297e-01	1.176182996999999952e+00	-8.812139102999999585e-01	4.279566905000000143e-01	-1.002189020999999958e+00	7.618258560999999762e-01	-3.967125918000000140e-01	2.574511098000000220e-01	-8.768197242999999919e-01	3.004643142999999794e-01	1.895498401000000055e-01	-1.672218209999999927e-01	-1.470822531999999905e+00	-1.189520862999999921e-02	2.696859010999999917e+00	-1.043242526000000003e+00	-6.441135583999999525e-01	4.020038581000000000e-01	1.009441785999999966e-02	-6.325624562999999645e-01	1.289636342000000102e+00	1.537559088000000074e+00	-1.713606296000000084e-01	4.086915647000000096e-01	-3.141960703000000188e-01	6.965593261000000425e-01	-1.585592617000000093e-01	-1.632168873999999992e+00	-1.143452069999999932e+00	-1.584459051999999923e+00	1.740030457000000030e+00	1.146355652000000003e+00	1.696947629000000068e+00	-1.780393125999999993e-01	5.838203920000000213e-01	-1.428860452999999975e+00	3.199365854999999814e-01	2.924344168999999938e-01	9.666858004999999421e-02	-4.170368376999999960e-01	1.567001926999999961e+00	1.776028748000000046e-01	3.375242495999999925e-01	4.439520189000000228e-01	5.324539860000000457e-01	1.586435161000000038e+00	1.601752631000000093e+00	-9.731474810000000364e-01	2.245543295999999911e-01	3.045890593999999729e-01	-7.597513362000000159e-01
-1.307433861000000030e+00	-1.301932289000000020e+00	-1.055466277000000064e+00	-1.264650006000000104e+00	1.263391466000000074e+00	6.881548302000000117e-01	-8.217580386999999709e-01	-1.265137788000000096e+00	1.313496693000000048e+00	6.544635889000000040e-01	1.698647674000000052e-01	-5.926382940000000099e-01	1.111366649999999900e+00	-1.278595187999999938e+00	-5.315989746999999488e-01	-7.328096657999999541e-01	3.870448584000000247e-01	-1.252110362999999948e-01	7.369374856999999501e-01	-1.190696552999999991e+00	1.286478715000000106e+00	7.356662961000000334e-02	4.352182485000000156e-01	-9.435880710999999810e-01	-7.779451359000000288e-01	2.662592399999999859e+00	-1.833914237999999974e+00	-3.649244617999999885e-01	7.113061622999999889e-02	-2.414326642000000078e-01	-1.084332167999999985e+00	1.207708231000000021e+00	1.647954099999999977e+00	-5.940228059000000060e-01	6.398249337000000425e-01	-3.709730417000000058e-01	2.277602799000000011e-01	-5.738282297000000254e-01	-1.408864976999999907e+00	-1.576645797999999932e+00	-1.657009020999999915e+00	1.612895101999999969e+00	1.018869387999999931e+00	2.231855413999999982e+00	-2.206391142999999944e-01	4.327277158999999762e-01	-1.616015819999999936e-01	2.260240545999999962e-01	-3.423755573000000080e-02	9.195298294999999511e-01	-2.378643131000000022e-01	8.240745849999999706e-01	1.601317935999999886e-01	7.450161110999999892e-01	9.397162290999999668e-01	8.352162275999999719e-02	7.383793968999999846e-01	1.534682856000000095e+00	-8.927817492999999827e-01	-2.586521100999999989e-01	5.161164091000000065e-01	-2.671267276000000024e-01
-1.279609081999999898e+00	-1.236169231000000091e+00	-9.798482214999999496e-01	-1.298571799999999943e+00	1.220833821000000041e+00	6.258554709000000438e-01	-1.064699995000000010e+00	-1.421788405000000033e+00	1.342207547999999973e+00	5.731064927000000253e-01	-1.323177427999999989e-01	-6.362808806999999955e-01	1.200607981999999962e+00	-1.243108520000000050e+00	-1.111178642000000050e+00	-3.535837297000000157e-01	2.958900998999999810e-01	2.028368553999999879e-01	1.365237011000000056e+00	-1.594465546999999983e+00	8.537727548000000333e-01	2.222431029999999974e-01	8.868286420000000003e-01	-8.080483304000000144e-01	-8.268436286999999996e-02	2.155478659999999991e+00	-1.408137976999999985e+00	3.055655567000000183e-01	4.714130124000000255e-02	-1.429532612999999952e-01	-1.072469204999999981e+00	1.789865963000000004e+00	1.036216293999999927e+00	3.476384483000000136e-01	1.051638255999999938e+00	-4.361836709999999950e-01	7.848331853999999941e-02	-9.588824983000000524e-01	-1.131103747000000048e+00	-1.957065840000000057e+00	-1.850027694000000000e+00	8.152781972999999516e-01	1.147467138000000109e+00	2.482576096999999926e+00	4.987566008000000189e-02	4.546219774999999963e-01	5.906997388000000404e-01	3.813556354000000037e-01	4.382804952000000226e-04	9.348245421999999971e-01	-2.177494028999999998e-01	1.475304925000000100e+00	4.167893570000000270e-01	1.202821777999999897e+00	1.195750588999999975e+00	2.721450630000000204e-01	1.001326562000000031e+00	9.923453276999999462e-01	1.384918035999999908e-01	2.314766172000000122e-01	1.339051063000000097e+00	7.055681061999999892e-01
-1.248443643999999964e+00	-1.284471949000000057e+00	-1.179119821000000012e+00	-1.342513564999999964e+00	1.246481885999999983e+00	6.226805716000000102e-01	-1.124950778999999956e+00	-1.400332362999999969e+00	1.528945728000000059e+00	5.068969829999999677e-01	-1.930275585000000016e-01	-1.073962679999999947e+00	1.160440319000000109e+00	-9.751299919000000482e-01	-1.378810091000000071e+00	-5.737494850000000035e-01	4.651339527000000196e-01	1.322697103000000096e-01	1.441214819999999897e+00	-8.888346586999999743e-02	5.279132594000000012e-01	8.648508180999999739e-01	9.854598659000000094e-01	-8.960472135999999477e-01	2.018825077999999995e-01	1.719739659999999892e+00	-9.766501549000000670e-02	-5.841629217999999568e-01	-1.719369205999999872e-01	1.796094114000000019e-01	-1.527068568000000015e+00	1.164886032999999932e+00	1.181630393999999917e+00	5.403956519999999486e-01	1.218715489999999901e+00	3.897630060000000229e-01	-3.044851667999999845e-01	-7.798831977000000304e-01	-8.452980665999999532e-01	-4.870807220999999743e-01	-1.789591098999999907e+00	1.057489734000000015e-01	1.145758381000000048e+00	1.855741788000000003e+00	4.482009580999999909e-01	9.235291767000000096e-01	9.284081106999999555e-01	-6.065649843999999513e-01	8.883717386999999688e-01	1.509355100000000061e+00	-2.597409171999999766e-01	2.314247638999999968e+00	-2.633648277000000260e-01	1.123796977999999891e+00	9.400926072999999938e-01	1.604556641000000061e-01	7.264417960999999813e-02	4.121832672999999891e-01	9.386768476000000305e-01	6.785835888000000260e-01	2.614459897999999782e+00	1.097748525000000086e+00
-1.286826113000000049e+00	-1.517933235000000103e+00	-1.396272353000000077e+00	-1.155001056999999998e+00	1.257518399000000064e+00	5.713800904000000402e-01	-9.992182582999999951e-01	-1.356769096999999924e+00	1.611059373000000017e+00	4.207098622000000065e-01	-2.995958355000000184e-01	-9.645492729000000320e-01	1.004265602000000035e+00	-9.675679673999999508e-01	-7.864878201999999652e-01	-1.000364368000000059e+00	4.761623603999999843e-01	5.334657342000000135e-02	1.673876026000000072e+00	3.560391995000000143e-01	-6.325685165000000110e-01	-9.260229370000000459e-02	6.622521103999999825e-01	-1.309368569999999954e+00	2.112175760999999985e-02	1.450137666999999908e+00	2.196690110000000029e+00	5.264250651999999864e-01	-6.324247181000000051e-01	-3.517938335000000277e-02	-1.057093666000000098e+00	-2.634107769999999848e-01	1.295382704000000107e+00	7.036955187000000222e-01	5.943182699000000291e-01	1.856320645000000047e+00	-7.143363511000000443e-01	-4.456841841999999998e-01	-8.665403184000000092e-01	8.196472377000000309e-01	-1.570028371999999894e+00	-9.029813959000000667e-02	1.467726069000000022e+00	1.619492257000000102e+00	2.460369638999999886e-01	5.358899885000000252e-01	7.329251062999999622e-01	-2.902141089999999979e-01	5.456568769999999846e-01	7.189340154000000149e-01	-7.049846473999999974e-01	1.151504832999999950e+00	7.266294927999999986e-01	4.139117778999999997e-01	1.171813919999999953e-01	1.837742197999999993e-01	4.080055860000000173e-02	-6.815844607000000055e-01	-3.364795353999999739e-01	3.979420379999999979e-01	9.444344753000000203e-01	8.545658954999999501e-01
-1.227072101000000082e+00	-1.663190396000000071e+00	-1.517063013000000016e+00	-9.622891126000000517e-01	1.415997399999999962e+00	6.347459362999999799e-01	-8.484599868000000100e-01	-1.382452739000000097e+00	1.515730594000000098e+00	4.461400381999999776e-01	-2.262738350000000065e-01	-6.508773549999999908e-01	8.006480942000000489e-01	-1.264284527999999908e+00	-5.688717511999999976e-01	-1.209216013999999895e+00	3.070328803999999856e-01	2.006707435999999928e-02	1.295131454999999931e+00	-3.095525556000000011e-01	-5.877924517000000099e-02	-1.012282644999999981e+00	4.612807192000000223e-01	-1.119030973999999956e+00	3.078808473999999906e-01	8.003837399000000019e-01	1.577739436999999967e+00	-4.138147233000000202e-01	-7.304268122000000529e-01	-5.216329214999999575e-01	-5.501870602999999749e-01	-4.701195597999999753e-01	1.249069245999999911e+00	6.470404503000000140e-01	4.454922190999999754e-01	1.260233222999999958e+00	-9.745106806000000121e-01	-2.230402518999999861e-01	-1.184718772000000087e+00	1.112737024999999935e+00	-1.165243545999999908e+00	-4.730936862999999826e-01	5.152671583000000277e-01	1.018686369999999952e+00	2.994481279000000273e-01	3.354675273000000124e-01	-1.677031796000000019e-01	-1.546115945000000047e-01	1.306067281000000135e-01	5.200437632000000088e-01	-5.519732158000000277e-01	1.134082355000000028e-02	9.955087592000000374e-01	7.319136068999999578e-01	-2.638972882000000242e-01	-1.056420309000000030e-01	8.277164338000000399e-01	-7.017831998000000349e-01	-2.546794609999999959e-01	-2.171470159999999983e-01	2.752563292999999911e-01	5.005262583999999793e-01
-1.259873078000000035e+00	-1.435245633999999937e+00	-1.288728566000000075e+00	-1.190498631000000085e+00	1.386736336000000014e+00	5.638505664999999833e-01	-9.302269156000000372e-01	-1.580379573000000093e+00	1.406663395000000039e+00	5.614739787000000426e-01	-1.029222270999999994e-01	-1.000634290000000037e+00	7.328892439999999953e-01	-1.625204552000000024e+00	-7.855469003999999700e-01	-1.006683930999999976e+00	-6.312042250000000215e-03	-4.390554543999999892e-02	1.461011183000000102e+00	-6.924572742000000281e-01	6.923951839999999969e-01	-1.013964955999999917e+00	6.206721839000000074e-01	-1.360480598999999957e+00	2.962917003000000160e-01	4.832240750999999834e-01	1.217573519999999965e+00	-1.127129888000000024e+00	-5.460961425000000480e-01	-5.850726685999999566e-01	-5.100373877999999639e-01	-1.390639280999999894e+00	1.238637071000000089e+00	2.794430263000000081e-01	5.801283248999999920e-01	-3.788446469000000122e-02	-1.172645697999999959e+00	-2.251422344000000020e-01	-1.200256768999999890e+00	9.942676437999999894e-01	-8.939490320999999851e-01	-5.997873785999999763e-01	-3.044191650999999998e-01	1.191062070000000084e+00	-4.038673530999999789e-02	4.451063514999999970e-01	-8.780529997999999559e-01	2.693102317000000134e-01	1.329068730999999892e-01	1.382089386999999947e+00	-4.362385535999999814e-02	-2.868241053999999735e-01	4.118301584999999737e-02	8.585999002999999963e-01	-2.614012608999999876e-01	-5.169662175000000470e-01	1.118296012000000061e+00	5.574611623999999876e-01	4.566036418000000291e-02	-3.007817205000000160e-01	1.243955617999999985e-01	3.022185270000000146e-01
-1.303520108000000066e+00	-1.293724711999999943e+00	-1.186468509000000005e+00	-1.347143919999999939e+00	1.282903684999999960e+00	4.916231229999999952e-01	-9.630637029999999932e-01	-1.680851979000000052e+00	1.313019946999999910e+00	6.735285428999999713e-01	-3.523912720999999859e-02	-1.469950231000000107e+00	7.962243619000000106e-01	-1.699461808999999990e+00	-1.077419974999999974e+00	-5.964151954999999949e-01	-3.604815787000000271e-01	8.142873657999999404e-02	1.308634582000000046e+00	-1.590306733000000028e+00	2.999982502999999912e-01	-1.641638512999999966e+00	6.913012102000000159e-01	-1.528867235999999963e+00	9.642451000000000494e-02	-6.926426515000000395e-02	6.471470622999999645e-01	-4.172990061999999889e-01	-3.571151491999999816e-01	-5.129345667000000386e-01	-2.275691622999999886e-01	-1.376645400999999991e+00	8.828638119999999700e-01	3.189578759999999735e-01	8.591677553000000023e-01	-4.404635852000000074e-01	-1.058914157999999994e-01	-9.026879862999999393e-02	-8.823257746999999540e-01	9.277712702000000533e-01	-6.903107777000000445e-01	-5.693365728999999487e-01	-1.846333400000000138e-02	1.822855078999999989e+00	-6.576108708000000247e-02	8.183350677999999823e-01	-1.062916814999999904e+00	1.001529469000000061e+00	1.276725129999999875e-01	2.088897076999999936e+00	9.463060644999999882e-01	-7.110866831000000055e-01	8.080064821000000341e-01	1.475673232999999973e+00	1.517042721999999899e-01	7.203571448000000155e-01	9.267209448000000016e-01	1.448617663000000055e+00	2.377521699999999866e-03	-2.336495832000000106e-01	8.012654025000000013e-01	7.791442286999999967e-01
-1.233869434000000043e+00	-1.296549431999999946e+00	-1.285240640000000045e+00	-1.423348537999999941e+00	1.223679570000000050e+00	5.478463555999999457e-01	-9.971272274000000380e-01	-1.619619115000000109e+00	1.264338219999999957e+00	5.645687773999999992e-01	-5.952323973999999740e-02	-1.761057698999999976e+00	9.705265658999999712e-01	-1.557288097000000038e+00	-1.034020672000000030e+00	-5.285662357000000533e-01	-2.471764365000000130e-01	1.437509764000000079e-01	1.727629070000000100e+00	-1.743835283999999985e+00	-6.223301523000000085e-02	-1.696004151999999987e+00	3.954096556999999734e-01	-1.857460185999999958e+00	2.717384641000000212e-01	-6.199786254000000385e-01	3.099785754000000115e-01	-7.658043258000000186e-01	-3.223096565999999941e-01	-4.633096104000000159e-01	1.364057593000000124e-01	-8.519089098000000027e-01	1.044709740999999914e+00	5.573243419000000198e-01	1.137001954000000037e+00	-3.774908168000000175e-01	1.090544213999999901e+00	3.973917820999999795e-01	-5.729219788999999619e-01	9.611913152999999876e-02	-5.238285153999999721e-01	-4.499590111999999809e-01	-6.489500916999999536e-01	2.333725054999999937e+00	-1.731187049000000033e-01	9.250798103999999800e-01	-1.076991201000000009e+00	9.424752905000000069e-01	5.842672054999999975e-01	2.076284387999999925e+00	1.085316144999999954e+00	-1.005092514999999936e-01	1.666056728999999903e+00	1.675823604999999938e+00	1.622347172999999976e-01	1.025306886999999945e+00	1.074343446999999951e+00	9.179677815000000241e-01	1.288336616999999906e+00	2.414252681000000067e-01	1.639113524999999960e+00	9.114772379000000146e-01
-1.230514230000000042e+00	-1.388600376000000081e+00	-1.306013738999999951e+00	-1.327566248999999976e+00	1.267357822999999994e+00	6.535759445000000056e-01	-8.563890733000000255e-01	-1.339326964999999925e+00	1.416509652000000008e+00	7.627543247000000415e-01	-5.080234951999999804e-02	-1.641098702999999936e+00	9.610372386000000100e-01	-1.422519695000000084e+00	-5.579453600999999541e-01	-8.911386292999999847e-01	7.200058954000000677e-02	-1.333105998000000125e-01	1.384877794000000106e+00	-1.603901945000000051e+00	-1.147219720000000054e+00	-9.698896792000000211e-01	7.290356624999999591e-01	-1.548753360000000079e+00	2.609354171999999847e-02	-4.162299461999999783e-01	-1.153250327999999936e+00	-6.063113723000000330e-03	-4.056154282000000166e-01	-1.537451601000000001e-01	1.469934558999999918e+00	-1.839501998999999999e-01	1.214546855000000036e+00	1.086598627000000095e+00	1.213536691000000056e+00	-3.747176473000000119e-01	9.868048300999999745e-01	4.944175324999999788e-01	-2.088272757999999896e-01	-2.269484448000000099e-01	-3.097017134000000227e-01	6.538948594000000281e-01	2.244617475000000029e-01	2.076426516999999805e+00	2.639224340999999918e-01	9.368363508999999478e-01	-1.416532525999999903e+00	1.516681439000000076e+00	9.605364914999999781e-01	1.891047632999999895e+00	6.731577885999999733e-01	6.330896057999999549e-01	1.600374862000000009e+00	1.722548477999999994e+00	3.191679325999999817e-01	1.354803718999999962e+00	1.256083112000000002e+00	1.684772345000000060e+00	1.350011102999999935e+00	5.986250528000000015e-01	1.534723617999999901e+00	1.647477316000000025e+00
-1.186793165999999955e+00	-1.663811396999999914e+00	-1.522851774000000047e+00	-1.047061140999999918e+00	1.229559183999999972e+00	6.762937704000000494e-01	-5.785833261999999699e-01	-1.161938856999999992e+00	1.591567898000000092e+00	7.580969974000000278e-01	1.148555661999999949e-01	-1.349163106000000001e+00	9.516884274000000365e-01	-1.266242183999999993e+00	1.667871627999999995e-01	-1.338673001000000085e+00	5.780908542999999566e-01	-2.633675591999999899e-01	8.532391835000000535e-01	-1.124322994999999992e+00	-8.681631212999999514e-01	-4.214280472999999971e-01	4.827407096999999925e-01	-1.430541316000000007e+00	-2.453318046999999891e-01	-5.894770131000000302e-02	-8.961476560000000147e-01	-1.930323127999999944e-01	-5.270311765999999842e-01	-1.551191853000000002e-02	6.261824650999999742e-01	1.565537651999999946e+00	1.147942033000000084e+00	1.136190660000000019e+00	9.611826454999999880e-01	-9.629758668000000243e-01	1.086201441000000045e+00	3.339737201999999905e-01	-6.312761953999999898e-02	-2.959134088000000065e-02	-5.369094160999999810e-01	1.113965542000000086e+00	6.931262462999999707e-01	2.174722735000000018e+00	3.210029695000000127e-01	7.030556939000000005e-01	-1.388876712000000069e+00	8.508685820000000399e-01	8.071366546999999558e-01	9.200212627999999615e-01	-1.424337593999999985e-01	1.219126469000000101e+00	8.464264061999999811e-01	1.563882573000000109e+00	9.155081315000000719e-03	8.792154036999999533e-01	1.875310234999999937e+00	9.290455667000000473e-01	1.857940364000000011e-01	7.018036111000000021e-01	1.495358900999999907e+00	1.398842021000000102e+00
-1.205356609000000079e+00	-1.381634075000000017e+00	-1.213416035000000059e+00	-1.173664202999999961e+00	1.284886210000000029e+00	7.967459663999999497e-01	-4.663662881999999787e-01	-1.276600551000000028e+00	1.474658755000000099e+00	7.849823237999999925e-01	6.335286927000000068e-01	-9.798186692999999448e-01	1.220335747000000026e+00	-1.138697365999999933e+00	-2.726628306000000168e-01	-1.205525439000000087e+00	7.954311041999999610e-01	-2.847722690000000223e-01	4.675704507999999815e-01	-1.115594001000000057e+00	9.831825859999999695e-01	-1.139180221999999965e-01	8.117576770000000108e-01	-8.880703705000000392e-01	-2.073158245999999830e-02	1.033019750000000014e+00	-1.680407218000000036e+00	-1.196862088000000046e+00	-6.327545068000000050e-01	-1.140211274999999996e-01	-8.807243875000000388e-01	1.077048655000000021e+00	1.406788705999999944e+00	6.892377199000000454e-01	1.071934369000000054e+00	-4.316498938000000174e-01	5.453347311999999780e-01	-1.432724236000000075e-02	-3.463081346999999921e-01	-1.041196948999999927e+00	-9.025727127999999544e-01	1.817417239000000073e+00	5.854248276000000306e-01	2.094887991999999866e+00	4.312748489000000074e-01	3.557403221000000060e-01	-9.968698599999999965e-01	4.675941688999999957e-01	5.333106959000000202e-01	6.825921426000000070e-01	-2.792548035999999900e-01	9.704971084000000303e-01	7.364082130999999309e-02	1.174554190000000053e+00	1.819524432999999886e-01	7.173442020000000419e-01	1.682200300999999953e+00	1.575811835999999966e+00	-5.256451994999999933e-01	4.943588391000000026e-01	5.637347150000000529e-01	1.579441985000000104e+00
-1.248869610999999935e+00	-1.179235444999999993e+00	-1.031616971000000049e+00	-1.373976915000000076e+00	1.155875305999999991e+00	6.974670586000000228e-01	-8.057163773000000084e-01	-1.334492122999999975e+00	1.552172708999999928e+00	7.858376609999999651e-01	3.959157527000000121e-01	-7.156916597000000380e-01	1.335572642000000032e+00	-1.078308658999999947e+00	-8.187204945999999595e-01	-8.350402749999999985e-01	7.255473516999999539e-01	3.635454973999999867e-02	9.567431521000000494e-01	-1.123354160999999962e+00	1.129914904000000053e+00	3.067060567000000001e-02	1.410204862999999920e+00	-5.991944898000000075e-01	-2.232034881999999942e-01	1.244290611000000046e+00	-1.346709865000000006e+00	7.516910419000000232e-02	-2.017849693000000055e-01	1.077186740000000021e-03	-8.179846455000000516e-01	1.273760916999999937e+00	1.709661861999999921e+00	5.495752301999999867e-01	1.246133822000000002e+00	-4.460655866000000080e-01	-2.195627943000000026e-01	-1.581047128999999996e-01	3.964787986000000153e-01	-2.130736005999999794e+00	-1.177835689999999991e+00	7.464291967999999722e-01	7.996211496999999779e-01	2.260226423999999845e+00	2.879031639999999892e-01	7.878000441999999381e-02	4.385975612999999940e-01	2.486215818999999994e-01	2.000163947999999969e-02	5.721319243000000387e-01	1.261203743000000044e-01	1.927258767999999955e+00	-1.281040509999999966e-01	1.101990444999999985e+00	5.063928780999999990e-01	1.075741958999999914e+00	1.188508171999999918e+00	1.021424303999999950e+00	-3.690495811000000237e-01	3.968387493000000155e-01	6.989129459999999794e-01	1.573371462999999970e+00
-1.182904229000000029e+00	-1.211465153000000017e+00	-1.096062893000000038e+00	-1.468896106999999951e+00	1.117955564999999929e+00	7.142866776999999834e-01	-9.926000222999999956e-01	-1.408102358000000054e+00	1.527022510999999971e+00	7.509274527999999505e-01	2.238169921000000007e-01	-7.577063368999999993e-01	1.376858853999999965e+00	-6.960929889000000426e-01	-1.096436858999999986e+00	-7.947834044999999570e-01	9.090002664999999871e-01	1.390955909000000101e-01	1.353194618000000071e+00	-1.138976523999999935e-01	9.715817542000000362e-01	1.139028992000000073e+00	1.334347042000000094e+00	-5.884287700000000454e-01	1.592298433999999874e-01	1.508368096999999963e+00	-7.425945213000000322e-01	-6.518405387000000273e-01	-1.998601550999999921e-01	4.033780942999999897e-01	-1.741021487000000034e+00	1.000006761999999938e+00	1.578244004000000089e+00	4.131763750999999929e-01	1.360909072999999969e+00	3.309311582999999723e-01	-6.425308641000000431e-01	-5.859215196999999903e-02	7.608973555000000388e-01	-3.162385658999999904e-01	-1.393832836000000075e+00	-1.994409380000000120e-01	6.841098174999999948e-01	1.743115358999999920e+00	-5.166863952999999759e-02	1.133907433999999936e-01	8.017307412999999938e-01	-4.498593683000000065e-01	3.659107100999999806e-01	5.221308555000000462e-01	1.682900635000000034e-01	1.834275993000000105e+00	-2.619634835999999911e-01	1.327506003000000101e+00	5.116354752999999755e-01	9.438272762999999621e-01	5.454620196999999671e-01	1.311920617000000011e-01	3.135400374000000268e-01	1.298920565999999999e-01	1.793276821000000076e+00	1.619513586000000060e+00
-1.201494714000000075e+00	-1.421085603999999947e+00	-1.352346787000000106e+00	-1.267572359999999954e+00	1.175817722999999981e+00	6.054914631000000158e-01	-9.186416705000000071e-01	-1.358022625000000039e+00	1.583624496000000104e+00	8.322743628000000005e-01	7.024881102999999682e-02	-7.212179174999999720e-01	1.152187787999999991e+00	-4.355086161999999761e-01	-7.477149450000000197e-01	-1.231838342000000086e+00	9.358807223999999758e-01	1.683183189000000135e-01	1.582256104000000052e+00	3.971222071000000131e-01	-5.156449605999999797e-01	-1.594518808000000010e-01	1.531882167000000017e+00	-9.888134187999999547e-01	-3.181089402999999760e-01	1.263687849999999946e+00	1.376412382000000045e+00	4.177599683000000064e-01	-2.818122363000000186e-01	1.229617328999999953e-01	-1.609473415000000074e+00	-6.881657264999999600e-03	1.459044589999999975e+00	3.248217550999999981e-01	1.497271532999999932e+00	1.429666351999999918e+00	-5.257336789000000010e-01	1.567597541000000094e-01	9.584515526000000341e-01	8.207164329999999675e-01	-1.287282988000000072e+00	-3.266177572000000251e-01	1.423667210999999932e+00	1.395901952000000001e+00	-6.292189653000000542e-04	1.754493333999999904e-01	9.933785814000000158e-01	-3.209593421999999974e-01	5.402284080000000488e-01	-5.856576405000000346e-02	-2.742717136999999750e-01	8.721158902000000213e-01	7.699002058999999676e-01	9.684096491999999445e-01	3.780407370000000156e-01	7.804636910000000150e-01	-8.974993910999999602e-02	-6.962295558000000106e-01	-7.988536354999999922e-01	-3.975547048999999999e-02	1.082227096000000000e+00	5.952698774000000359e-01
-1.170772869000000105e+00	-1.672577823999999991e+00	-1.483150650000000015e+00	-9.723565654000000391e-01	1.295289345999999897e+00	6.779916409999999782e-01	-6.987139915000000201e-01	-1.304041875000000017e+00	1.472246710000000069e+00	7.698530742000000426e-01	2.011182803000000074e-01	-3.795630166000000250e-01	1.015402801000000022e+00	-3.146733294999999875e-01	-3.307008631999999726e-01	-1.556541772000000101e+00	1.060088201999999979e+00	-1.139139234000000056e-01	1.017160824999999935e+00	-8.473604513999999366e-02	7.262116262999999960e-02	-1.194046331000000016e+00	1.383405758999999957e+00	-1.134653362999999970e+00	-1.986431031000000097e-02	9.229312189999999694e-01	2.111000128999999781e+00	-2.169796418999999921e-01	-5.816232199999999963e-01	-2.770038591999999800e-01	-3.536359749999999913e-01	-6.335540751999999554e-01	1.124046907000000095e+00	3.270661642000000091e-02	1.187174731999999899e+00	9.363157427999999616e-01	-1.218996143999999893e+00	1.509105950999999890e-01	4.735757821000000090e-01	1.155494916999999955e+00	-1.119554627000000080e+00	-4.550165167999999927e-01	9.585396419999999695e-01	7.787402688000000239e-01	7.126970057999999775e-02	1.819645891999999987e-01	5.731533075999999810e-02	1.161614843000000064e-01	4.233354717999999739e-01	-4.738908102000000122e-01	-9.799230220000000324e-01	4.326830390999999998e-02	7.969375042999999881e-01	4.870747389999999788e-01	1.293616351000000109e-01	4.903771396000000116e-01	6.112367078999999537e-01	-7.298158518999999789e-01	-1.155023265999999937e+00	-5.148739048999999568e-01	-5.109276703999999780e-01	-3.329530965999999981e-01
-1.154422856999999913e+00	-1.304471528000000102e+00	-1.179559460999999976e+00	-1.232707999000000054e+00	1.353950502000000000e+00	7.464200314000000169e-01	-8.536054389999999659e-01	-1.542512547000000067e+00	1.179616218000000050e+00	7.442931401000000280e-01	3.571331092000000207e-01	-6.363262511999999704e-01	1.176943400999999945e+00	-2.821408972000000182e-01	-7.236460704999999605e-01	-1.326460337000000100e+00	1.048259411000000085e+00	-5.917250588999999755e-02	1.412009510000000079e+00	-3.542670649999999921e-01	1.588367625000000061e+00	-1.408304272000000079e+00	1.605776289000000023e+00	-1.463969778999999916e+00	-6.226610592000000333e-01	9.423586914999999564e-01	1.314875006000000068e+00	-6.169892415000000074e-01	-1.226224956000000033e+00	-2.226548469999999891e-01	-4.747149809999999803e-01	-1.608125586999999967e+00	1.169296149000000007e+00	-2.556647371999999918e-01	9.031932080000000251e-01	-6.645517409000000209e-01	-5.392440443999999555e-01	-1.711929064999999917e-01	7.955579824999999827e-01	9.313380043000000219e-01	-1.399085498999999899e+00	-4.952691296999999770e-01	-4.325144188000000223e-01	1.020385223999999980e+00	-6.885588886000000575e-02	-2.560339441000000216e-01	-1.135602564000000037e+00	3.093960409000000022e-01	3.915525323999999863e-01	5.528732804999999528e-01	-4.373526430999999937e-01	-5.732712367000000198e-01	-8.017773879999999520e-02	1.018723432000000040e+00	5.438300946999999885e-01	3.256224641000000086e-01	6.178016835999999845e-01	3.990863098999999914e-01	-8.039588629999999680e-01	-5.931115169999999770e-01	-9.186735992000000239e-01	-4.115211172000000084e-01
-1.134645015000000035e+00	-1.129290495000000005e+00	-1.046952721000000031e+00	-1.394547291999999938e+00	1.217875397000000026e+00	7.753841249999999796e-01	-9.609178010000000159e-01	-1.572287138999999945e+00	9.673566393000000430e-01	6.833697892000000218e-01	5.474394595999999558e-01	-8.402480344999999629e-01	1.224234392000000060e+00	-2.040882166999999914e-01	-8.278853952000000405e-01	-1.072452519000000049e+00	9.366186670999999686e-01	-5.225713273000000270e-02	1.299645790000000023e+00	-1.325129100999999920e+00	1.092654522999999989e+00	-1.721189195000000005e+00	1.988474320999999989e+00	-1.119625926999999965e+00	-3.735162784000000125e-01	3.748341713000000186e-01	-1.845345028999999942e-02	1.151082281999999957e-01	-1.664262978000000004e+00	-2.855516651000000183e-01	4.783694874000000152e-01	-9.778852851999999540e-01	7.268445854999999733e-01	-6.233386913999999779e-02	8.316855039999999644e-01	-7.151081366000000550e-01	1.011261328000000015e+00	-3.480587840000000099e-01	1.116281018000000014e+00	-3.574315891000000023e-01	-1.410138649000000077e+00	-4.316063789999999845e-01	-7.639576071000000468e-01	1.053802230000000062e+00	2.856782421999999877e-01	-4.989176304999999867e-01	-1.842127362999999907e+00	9.662930056999999850e-01	9.243310178999999960e-02	1.637297275999999996e-02	-9.485026231999999641e-03	-2.438270453999999976e-01	1.043200480000000097e+00	1.286152718999999944e+00	6.653623816999999496e-01	2.400045382999999866e-01	3.361799984000000130e-01	1.929519687000000039e-01	-4.577181739999999777e-01	-1.078273889000000096e+00	-2.403731668999999904e-01	-7.771204228000000436e-01
-1.102433057000000050e+00	-1.154045492999999922e+00	-1.073980654000000090e+00	-1.448921649000000089e+00	1.260719616000000043e+00	7.415679216999999657e-01	-1.052590093000000060e+00	-1.561727222000000026e+00	8.159824601999999816e-01	8.066508454999999911e-01	4.177638342000000171e-01	-1.223124660000000086e+00	1.472994469000000084e+00	-5.606299232999999854e-02	-6.729173023000000198e-01	-1.184316244999999990e+00	1.123582129999999957e+00	-2.132414377000000083e-01	1.296308628000000018e+00	-1.508827163000000082e+00	8.097664999999999447e-01	-1.090858099999999942e+00	1.781475015000000051e+00	-9.126229381999999557e-01	4.700639950000000122e-01	-1.607824134999999988e-01	-9.727087034000000410e-01	-8.495832284000000012e-01	-1.753125814999999976e+00	8.765621900999999438e-02	9.057764319999999855e-03	9.552756267999999995e-01	8.272250894999999549e-01	2.868636433999999791e-01	7.878185336999999899e-01	-1.177965565999999908e+00	5.836824191999999689e-01	-2.662569900999999795e-01	1.515841065000000043e+00	-8.784448880999999876e-01	-1.669289291999999980e+00	7.434050417999999993e-01	-9.247091449000000019e-01	5.995329751000000318e-01	3.831656315999999729e-02	-3.788899983999999832e-01	-2.305780216000000049e+00	1.854022328000000108e-01	-1.275884355000000137e-01	2.028957530000000120e-01	-2.268798844999999828e-02	7.379432065000000041e-01	-1.200485570999999946e-01	1.534904116000000096e+00	8.005399678000000296e-01	3.214227359999999867e-01	5.323916434000000031e-01	1.066851723000000085e+00	-1.284676804999999866e-01	-7.877938707999999624e-01	1.020977964999999932e+00	-3.228917915000000249e-01
-1.124279919999999988e+00	-1.345689171000000073e+00	-1.205179532000000053e+00	-1.333413914999999950e+00	1.211602462999999963e+00	7.440402995999999547e-01	-1.025173952999999916e+00	-1.513451263000000102e+00	1.079369629000000108e+00	8.697129555999999484e-01	3.346117719000000212e-01	-1.189690318000000024e+00	1.438907074999999924e+00	1.783787058000000161e-02	-4.494808146000000004e-01	-1.334673696000000076e+00	1.318031742000000062e+00	-9.413096169000000069e-02	1.804328743999999984e+00	-1.843567079000000053e+00	-5.073152126000000095e-01	-1.499174726999999985e-01	1.963431624999999903e+00	-4.205700274999999988e-01	-3.603117303000000216e-01	-3.060619870999999881e-01	-1.842063677999999927e+00	9.134757360999999631e-02	-1.731086611000000053e+00	4.219783705999999857e-01	-6.843355220000000294e-01	1.350986183000000063e+00	6.604987160999999940e-01	7.750375366999999738e-01	4.994257308000000228e-01	-3.126960646999999982e-01	1.552212629999999982e-01	1.883440879999999928e-01	1.989629775000000045e+00	-1.644646027000000066e+00	-1.608122991999999973e+00	1.610356254999999903e+00	4.797059434000000011e-01	6.740682289999999632e-01	-1.745499147000000029e-02	-3.925105884000000267e-01	6.008666190000000462e-01	5.400303858999999651e-01	-6.825807711000000388e-01	-5.828699593999999706e-01	-2.690458702999999896e-01	8.372206710999999801e-01	-1.192697667999999961e-01	1.213446701999999933e+00	3.856275653999999831e-01	6.136011223999999764e-01	2.130019401000000090e-01	3.257533370999999844e-01	-1.072213435999999964e+00	-4.200844646999999932e-01	7.371216163999999571e-01	1.910231420000000138e-02
-1.164004269999999952e+00	-1.645564071999999989e+00	-1.413036406000000023e+00	-9.748857778999999724e-01	1.299410705000000110e+00	8.063081981999999925e-01	-7.677322030000000019e-01	-1.537080344999999904e+00	1.220960526999999907e+00	7.260568411000000166e-01	3.978461400000000148e-01	-1.048924876000000062e+00	1.375112667000000011e+00	-1.970259933999999880e-01	-2.978067596000000261e-01	-1.346546390000000093e+00	1.343326553999999895e+00	1.018836147000000067e-02	1.044924125000000092e+00	-1.102414863999999994e+00	-1.848932370999999963e-01	5.991286638999999692e-01	1.814132641999999906e+00	-1.050274921999999958e-02	-4.638058938999999881e-01	-5.361588776000000278e-01	-1.074922278000000064e+00	1.840266788000000098e-01	-1.861430566999999980e+00	5.504958358999999524e-01	-1.083818584000000085e+00	1.083105911000000088e+00	4.909907083999999755e-01	1.158157061999999904e+00	7.159087769999999962e-01	1.283956904999999926e-01	-7.462601144999999603e-01	4.846795902000000100e-01	1.457493772000000076e+00	3.625212336000000011e-03	-1.107836747999999982e+00	-4.433473764999999733e-02	1.162508217999999927e+00	-8.772025981999999333e-02	-1.216814868999999966e-01	-1.250195648000000104e-01	7.321196127000000331e-01	2.623189927999999838e-01	-7.195614652999999805e-01	-7.432843001000000172e-01	-4.903619056999999892e-01	2.151540311000000205e+00	-2.804842693999999859e-01	1.264199174000000037e+00	1.713119412999999924e-01	1.410346958000000095e+00	1.337835675000000057e-01	-1.994527965000000014e-01	-1.020096949999999891e+00	-4.000721562999999814e-01	4.122162876000000087e-01	2.240349597000000081e-01
-1.170428317000000051e+00	-1.379055375999999944e+00	-1.203721800000000064e+00	-1.158538282999999947e+00	1.344121587000000062e+00	8.283151651000000282e-01	-7.835008504999999568e-01	-1.558986042999999988e+00	1.396050060000000093e+00	7.548901555999999458e-01	5.360452780000000139e-01	-1.043705389999999955e+00	1.544769349999999930e+00	-3.917768502000000264e-01	-5.512241885999999980e-01	-1.013123414999999916e+00	1.373572154999999961e+00	1.330111137999999936e-02	1.319585510000000017e+00	-8.872665035000000255e-01	1.430226003000000023e+00	7.132577388999999934e-01	1.485692137000000024e+00	-3.749684916999999895e-02	-1.875156185999999892e-01	-3.012988467000000115e-01	-1.548279348999999971e+00	-5.994410825999999526e-01	-1.767093438000000072e+00	9.418976058000000373e-01	-1.981267571000000061e+00	4.149127646999999919e-01	8.300290670000000093e-01	1.017689523999999901e+00	1.169662819000000020e+00	2.831732960000000188e-01	-1.010293823999999896e+00	3.559733136000000076e-01	1.173746913000000003e+00	4.700714386000000022e-01	-1.083422573000000000e+00	-3.848778512000000096e-01	9.268906605000000187e-01	-1.104070050000000025e-01	-2.058784696999999952e-03	-8.802635309999999602e-02	4.207528513000000081e-01	1.043788613999999948e-01	-6.376811739000000090e-01	6.062518245000000222e-02	-5.616518496000000304e-02	1.409259894999999929e+00	-3.938963789000000104e-01	8.583748712000000003e-01	5.175711999999999674e-02	1.612210198999999955e+00	1.094310755000000024e-01	-1.667630784999999949e-01	-7.300173488000000210e-01	4.733077916000000274e-02	-1.481941287000000107e-01	8.985315638999999965e-01
-1.164498107000000005e+00	-1.059110561000000006e+00	-9.662146930999999661e-01	-1.391510468999999972e+00	1.202486200999999921e+00	7.247938186000000282e-01	-1.074687157000000060e+00	-1.342623208000000012e+00	1.597279926999999988e+00	8.278100885000000408e-01	3.940425080000000135e-01	-9.629476124000000414e-01	1.545992156000000062e+00	-4.340660443000000090e-01	-9.394650237999999653e-01	-5.748773209999999967e-01	1.116248345999999891e+00	2.097469584999999970e-01	1.776004338999999987e+00	-5.674785564000000004e-01	1.413942612999999904e+00	3.199131093000000259e-02	1.719458402999999969e+00	-1.211461890000000013e-01	-2.805964122999999866e-01	9.451327185999999769e-02	-1.193138311000000007e+00	5.880206860000000146e-01	-9.686885693000000241e-01	1.018268488999999999e+00	-2.108794319999999889e+00	-1.028490992999999964e-01	1.152605067000000094e+00	1.061440766999999896e+00	1.377728504000000020e+00	3.197909601999999740e-01	-1.052863560999999892e+00	2.130830088000000011e-01	1.466802278999999931e+00	4.248503572999999811e-01	-9.397744239999999971e-01	-3.820979502999999888e-01	1.289720686999999977e+00	2.261871222000000070e-01	3.699604496000000187e-01	1.513216354999999957e-01	6.778505529999999668e-01	-4.507542862999999733e-01	-3.572979954000000125e-01	9.985294653999999825e-01	1.259329920000000103e+00	5.160081373999999554e-01	-4.809148672999999929e-01	1.168409548999999936e+00	1.070511734000000104e+00	1.806209211000000092e+00	-1.821892995999999931e-01	-3.313534230000000219e-02	3.887885065999999723e-01	6.359353746999999446e-01	5.552744267000000455e-01	1.972194337999999991e+00
-1.097786525999999929e+00	-1.134506553000000029e+00	-1.094395792999999895e+00	-1.397585239999999951e+00	1.294936330000000080e+00	7.038685694999999853e-01	-1.088449911999999964e+00	-1.254597819000000003e+00	1.609525783999999904e+00	1.029084458000000035e+00	3.372723485999999937e-01	-1.035516214999999907e+00	1.833278498999999950e+00	-2.922705570999999947e-01	-3.997563067000000081e-01	-6.251962081999999921e-01	1.410575380999999906e+00	3.050207294000000235e-01	1.457332679999999936e+00	-7.077089829999999582e-02	6.628096440999999839e-01	-6.965915703999999709e-01	1.700463183000000100e+00	-5.291204415000000383e-01	1.232985401000000064e-01	5.754642898999999812e-01	-6.482703355000000167e-01	1.869331942000000135e-01	-2.759863826999999770e-01	6.950887108000000092e-01	-2.067410074000000098e+00	-6.973631583999999606e-01	1.612465838000000096e+00	8.359876627000000227e-01	1.524652982000000101e+00	1.052830498999999920e+00	-8.216725271999999469e-01	6.455755362999999747e-01	1.109044276000000107e+00	5.474839790000000095e-01	-9.093562941999999705e-01	-9.516760363999999806e-01	1.786828241999999900e+00	7.150792724000000211e-01	8.385463760000000377e-01	3.159457780000000104e-01	5.732754865000000422e-01	-3.407965854000000183e-01	5.084664241999999890e-01	5.542404288000000179e-01	1.554820411999999985e+00	7.129763811999999534e-01	-2.933127536999999840e-01	1.575716467999999981e+00	1.114408191000000103e+00	1.858768299000000068e+00	-2.124482715000000077e-01	-6.418735639999999520e-01	1.802354819000000052e+00	1.072925694999999902e+00	2.367566817000000157e+00	2.661733384999999785e+00
-1.126063502000000049e+00	-1.363792620999999983e+00	-1.349969728000000035e+00	-1.051328494000000058e+00	1.375818226000000033e+00	7.578743514000000348e-01	-7.970854437000000070e-01	-9.886468874999999601e-01	1.850892237000000051e+00	1.251335034000000013e+00	3.249584846999999943e-01	-6.546367844999999575e-01	1.917183325000000105e+00	-6.462316144999999956e-01	3.451878540000000162e-01	-9.351761617999999610e-01	1.734127937000000008e+00	4.459626553000000104e-01	1.341369166000000002e+00	2.990524618000000179e-03	-9.958433010999999668e-01	-1.257400105000000101e+00	1.809322799000000037e+00	-1.255720482000000082e+00	-6.941815211999999846e-01	8.786280341000000105e-01	1.242553593000000012e+00	4.392734924999999735e-01	-1.532687135999999950e-01	3.130216679999999752e-01	-1.027309092000000090e+00	-7.265612820000000305e-01	2.080695997999999936e+00	4.246182547999999835e-01	1.679153329000000028e+00	1.304203629000000086e+00	-7.281984262999999791e-01	1.149764887999999985e+00	2.602275712000000074e-01	1.352565430999999929e+00	-4.722289013000000035e-01	-8.088762071999999748e-01	1.806084354000000003e+00	8.713424548000000547e-01	9.269416821000000528e-01	9.366466109000000095e-01	6.572274919999999687e-01	-2.006231723999999939e-01	2.518624891999999837e-01	-1.690856785000000029e-01	9.963773548000000035e-01	4.436769984000000222e-01	7.431485781000000124e-01	1.437050828000000058e+00	1.440797198000000057e+00	1.895402102999999894e+00	2.208177390999999934e-01	-1.269504035000000031e-01	3.255723790999999756e-01	1.317502111999999892e+00	2.099816778000000106e+00	2.792752869000000082e+00
-1.060248789999999941e+00	-1.411491590000000018e+00	-1.374327461000000028e+00	-9.383404575999999553e-01	1.376894419000000092e+00	9.136660783000000174e-01	-6.250391588999999470e-01	-8.390239448999999849e-01	1.789299382000000049e+00	1.094184081999999947e+00	5.176086831999999749e-01	-4.266891101999999991e-01	1.981956256999999999e+00	-1.354227400999999942e+00	5.842331896000000357e-01	-1.088326168000000038e+00	1.934887239999999897e+00	3.219924471000000232e-01	1.156773094999999918e+00	5.353628353999999590e-01	5.591477525000000393e-01	-1.258317684999999964e+00	1.018371635000000053e+00	-2.492783134999999817e+00	1.802309608000000063e-01	1.695680773000000086e+00	2.357957553999999956e+00	-9.916626324999999742e-01	-5.044918789000000237e-01	-1.536787309000000046e-01	4.452225291999999945e-01	-1.282929844000000097e+00	2.518168984999999971e+00	-4.308273121999999788e-01	1.636476433999999980e+00	2.853092259000000186e-01	-1.048933883000000011e-01	1.497292885000000018e+00	-9.770641995000000080e-01	1.308860426000000077e+00	-5.117351631000000012e-01	3.281444246999999925e-01	1.911656204000000137e-01	9.619203992000000536e-01	6.463710511000000380e-01	9.869279286000000040e-01	-2.761096754999999847e-01	4.910494295000000092e-02	1.593925436999999931e-02	-5.947620925000000058e-01	7.702406192999999845e-01	4.029940665000000116e-02	-2.420751700999999867e-01	1.009059093999999934e+00	5.891072593999999718e-01	7.551397654000000514e-01	1.035799957000000049e+00	-2.082883228000000086e-02	4.511726698999999896e-01	1.551930497999999936e+00	2.238563348000000008e-01	2.512048345000000182e+00
-1.124638122999999990e+00	-1.086184602000000110e+00	-9.944217038999999536e-01	-1.279056592999999964e+00	1.347494278999999961e+00	8.911552569999999784e-01	-8.919380834000000258e-01	-9.402814490999999997e-01	1.705789326000000106e+00	1.026979308999999896e+00	3.231070966999999849e-01	-2.055637797000000044e-01	2.058699690000000082e+00	-1.933027883999999919e+00	1.548418169999999927e-01	-6.958619555999999706e-01	1.498092961000000001e+00	4.146439398000000276e-01	7.965580795000000158e-01	-2.233822619999999981e-01	1.313189965999999931e+00	-1.562964738000000020e+00	9.894540479000000222e-01	-2.307272859999999870e+00	-7.352812735999999516e-01	2.275396397999999820e+00	2.333798307000000127e-01	-5.857626337000000349e-01	-9.449588133999999862e-01	-5.200895798000000347e-01	1.183903412999999932e-01	-1.185205357000000070e+00	2.419938322000000142e+00	-7.504955175999999950e-01	1.557513170000000002e+00	-3.419221310000000180e-01	9.590675878000000099e-01	1.378058766000000102e+00	-1.335785868000000098e+00	7.866741455000000327e-01	-6.710267028999999939e-01	2.334159701000000087e-01	-2.833481857999999853e-01	1.807291994000000068e+00	6.062061336999999828e-01	6.051066764000000431e-01	-2.155351977999999946e-01	1.395032878999999948e+00	-5.914914031000000350e-01	-2.985181120999999896e-02	1.231088874000000111e+00	-6.366955612000000375e-01	8.102332049999999564e-01	1.449059682999999987e+00	8.476045518999999473e-01	4.472107835999999947e-01	4.888040488000000017e-01	-1.612945822000000085e-01	8.031034329999999777e-01	4.098028657000000186e-01	-1.109309074999999950e-01	2.400715379999999843e+00
-1.154412200999999971e+00	-1.072345418000000050e+00	-9.216314868999999632e-01	-1.392372353999999923e+00	1.302044430000000030e+00	7.607541424999999524e-01	-1.031092885999999931e+00	-1.011398599999999925e+00	1.427462859999999889e+00	9.212960189000000133e-01	2.269334963000000094e-01	-2.392960513000000067e-01	2.014378541000000133e+00	-1.886352352000000066e+00	-3.698295406000000063e-01	-6.629016929000000058e-01	1.144600996999999953e+00	4.636178396000000257e-01	9.200389922999999692e-01	-8.098576602999999485e-01	7.686392627999999450e-01	-1.128525529000000027e+00	1.234531859999999925e+00	-1.915263630999999966e+00	1.713515106000000066e-01	1.767893178000000010e+00	-6.841586267000000499e-01	-3.817111100999999729e-01	-1.311680122000000059e+00	-7.235195664000000360e-01	1.379266561999999974e+00	-6.732296304999999675e-03	2.344974414000000174e+00	-5.655494387999999706e-01	1.736801558000000023e+00	-1.023953714999999987e+00	1.272308833000000083e+00	1.133934919999999957e+00	-1.240114911999999903e+00	-9.374810422000000310e-02	-1.080244481999999895e+00	5.659313396999999801e-01	-2.747014173999999809e-01	1.787905775999999891e+00	6.273091336999999656e-01	6.658300905999999797e-01	-1.450742422000000031e+00	4.613294553000000242e-01	-1.098271460000000088e+00	1.775929384999999916e-01	6.551244830000000352e-01	4.977314413999999743e-01	1.555267108000000009e+00	1.701577238000000047e+00	1.359221097999999905e+00	-9.770840422000000303e-03	7.439326800000000128e-01	4.226324377999999826e-01	1.262190219000000058e+00	7.597880679000000581e-02	9.419756706999999896e-01	1.900071797000000062e+00
-1.119467744000000042e+00	-1.077712991999999925e+00	-9.560365892000000088e-01	-1.427975744999999907e+00	1.352343236999999920e+00	8.072909126999999740e-01	-1.004003823999999989e+00	-1.102561802000000091e+00	1.307860782000000111e+00	8.082213715999999604e-01	1.886562870000000058e-01	-5.575693685000000510e-01	1.838773001999999934e+00	-1.607821903999999913e+00	-1.303093126000000046e-01	-9.785287789000000069e-01	1.104256224000000008e+00	4.237834712999999920e-01	6.915784670000000300e-01	-1.107075647000000052e+00	5.057777978999999924e-01	-1.350521917999999988e-01	1.137597030000000009e+00	-1.713532359000000005e+00	-2.522365106999999856e-02	1.590448226999999992e+00	-1.329495088999999908e+00	-9.623237531999999650e-01	-1.261364619999999936e+00	-5.527059171000000548e-01	-1.712067130999999909e-01	1.364467633999999929e+00	2.064759401999999966e+00	-4.220650188000000247e-01	1.306168900999999938e+00	-8.680805966000000318e-01	1.080542541000000023e+00	8.314476487999999943e-01	-6.123992591000000374e-01	-6.333863678000000164e-01	-1.476602272000000049e+00	2.327193819000000108e+00	7.175143039000000389e-01	1.773440104999999933e+00	6.423298549999999496e-01	9.134952701999999869e-01	-2.251039790999999901e-01	1.824944956999999951e-02	-1.262608425999999895e+00	-1.675736632000000004e-01	-2.551834108000000101e-01	1.088465583999999930e+00	7.661196397999999741e-01	1.512480333999999926e+00	1.008746460000000011e+00	-1.870612822000000119e-01	1.337385983999999917e-01	9.136326573999999923e-01	1.120114413999999892e+00	-1.621883628000000133e-01	1.783024342000000040e+00	1.238128069000000053e+00
-1.164455867000000033e+00	-1.371012239999999993e+00	-1.245694258999999970e+00	-1.228810079999999916e+00	1.318737991000000109e+00	7.943327338000000237e-01	-8.181128640000000507e-01	-1.151328114000000014e+00	1.428810182000000095e+00	7.423574444999999633e-01	1.538439443000000073e-01	-5.125811247999999543e-01	1.557693508999999921e+00	-1.773004910999999906e+00	-5.101882050999999654e-03	-1.150564713999999933e+00	1.003023350000000091e+00	5.130675516999999575e-01	9.001204931999999825e-01	-5.372473361999999808e-01	-7.323621469000000106e-01	6.934003812000000266e-01	8.770399159999999750e-01	-1.087099486000000059e+00	-4.588290486000000112e-01	8.220927833000000184e-01	-6.088053589999999904e-01	-1.157098835999999936e-01	-1.310919756999999963e+00	-7.525311397999999707e-01	-9.529359832999999558e-01	1.403089733999999922e+00	1.931464869999999889e+00	-4.295963736999999782e-01	6.986675907999999602e-01	1.477683244000000118e-01	3.665042555999999951e-01	9.790204448999999531e-01	-3.271393618999999808e-01	-9.661455281999999922e-01	-1.578095296999999952e+00	6.162941027999999655e-01	1.291390064000000004e+00	1.839901419999999899e+00	5.101184754000000210e-02	9.878501937000000455e-01	9.276440803000000068e-01	-3.686477519999999952e-01	-1.726054168999999971e+00	-7.514885851000000505e-01	-7.872093358999999735e-01	2.933264181000000193e+00	3.606029865000000001e-01	1.160486024999999977e+00	1.747113359999999949e-01	4.032225301999999706e-02	2.404403875999999995e-01	7.196546660999999512e-01	1.074510095999999942e-01	-7.224573924999999619e-01	2.149258415999999894e+00	8.696324734999999473e-01
-1.141842202000000084e+00	-1.454640549999999921e+00	-1.323117402000000054e+00	-1.170197139999999969e+00	1.367714858999999894e+00	7.805757030000000096e-01	-7.938711345000000197e-01	-1.225761140999999999e+00	1.417172155000000044e+00	6.344637465000000365e-01	1.002830390999999988e-01	-7.445844712000000420e-01	1.209009253999999922e+00	-1.981202485000000069e+00	-4.210572047000000206e-01	-1.232716485999999945e+00	7.014037695000000516e-01	4.977611680999999844e-01	1.116922729999999975e+00	3.223101224000000098e-01	5.501643336999999523e-01	8.782892914000000051e-01	2.797630425000000032e-01	-1.105613992000000101e+00	-1.591623091999999906e-01	7.310344022000000441e-01	5.071881235999999848e-01	-1.240914480000000042e+00	-1.459548811999999973e+00	-6.564114402999999820e-01	-1.644110001000000043e+00	1.028899457999999933e+00	1.443148663999999970e+00	-3.126945547000000158e-01	6.915702124999999478e-01	1.067579532999999969e+00	-2.523140366000000134e-01	5.178325409999999795e-01	-8.709180200999999677e-01	5.938374092999999521e-01	-1.781701581000000090e+00	-1.958451344999999899e-01	5.242300688000000042e-01	1.148705754999999940e+00	-4.514146795999999795e-01	8.603360322999999976e-01	1.038375934000000056e+00	-3.163740528000000274e-01	-1.443696571000000040e+00	-5.521699870999999815e-01	-1.155516036999999940e+00	2.064799502000000064e+00	1.780321149999999908e-01	1.351118629999999987e+00	-3.018308210999999797e-01	-4.327173825000000251e-01	4.026892334000000129e-01	-1.320167865999999921e-03	5.831704755000000073e-01	-1.109251502000000000e+00	9.554772541999999314e-02	4.012980161999999962e-01
-1.232703474000000021e+00	-1.196691385999999913e+00	-1.143099754999999940e+00	-1.420883400999999990e+00	1.318920678000000013e+00	6.194473740000000506e-01	-9.111277021999999448e-01	-1.334585992000000054e+00	1.448454263999999991e+00	5.700577242000000044e-01	1.785756749000000088e-01	-9.729647580000000406e-01	9.616173615999999980e-01	-2.104885810999999940e+00	-9.852579224999999941e-01	-1.132988177000000096e+00	1.256749668000000097e-01	6.747744704000000482e-01	1.143427466999999975e+00	2.938190301999999976e-01	1.129761833000000104e+00	-1.650571366000000081e-02	7.859693923999999665e-01	-7.335801441999999506e-01	-3.376636353999999951e-01	6.401655736000000374e-01	-7.744077608999999640e-01	-1.199390976000000109e+00	-1.233590975000000034e+00	-7.193797158000000413e-01	-2.075239040000000035e+00	-2.575665343999999912e-01	1.376665744000000080e+00	-6.081826084000000465e-01	7.040398849000000236e-01	7.321899428999999460e-01	-6.253843257000000211e-01	2.752562063999999808e-01	-8.471610309999999533e-01	2.466089364999999867e-01	-1.901545143999999965e+00	-3.535415020000000075e-01	5.837143085999999537e-01	9.985081650999999558e-01	-1.265499900000000011e-01	9.272338815999999762e-01	9.864897818000000207e-01	-4.763367115000000096e-01	-1.343117528000000060e+00	3.551044038000000236e-01	-6.431862917999999762e-01	7.951381164999999918e-01	-4.708783784000000194e-01	1.258115423000000010e+00	-1.860146807999999916e-02	-8.837520610000000332e-01	1.740706167999999943e-01	-1.537964860999999940e-02	7.153032932999999760e-01	-1.097630571000000055e+00	2.342432164000000094e-01	4.242275166999999736e-01
-1.270427079000000070e+00	-1.081734825000000066e+00	-1.026729309999999895e+00	-1.546597409000000090e+00	1.284039517999999935e+00	5.040042412999999888e-01	-1.068705733999999907e+00	-1.340604477999999933e+00	1.375099980000000111e+00	7.315196237000000101e-01	-4.724398496000000065e-03	-1.189800573000000083e+00	9.839051943000000078e-01	-1.761724121999999948e+00	-1.301113803000000013e+00	-9.450263075000000512e-01	-9.816541080000000530e-02	3.234805185999999888e-01	1.704502874999999973e+00	-2.903012629999999761e-01	7.603953686000000101e-01	-9.934546502000000112e-01	1.177831193999999915e+00	-7.351969144000000123e-01	-3.065083939000000091e-01	-3.564885296999999870e-02	4.284677156999999736e-01	-8.644064138000000508e-01	-9.696543575999999609e-01	-6.288594158000000434e-01	-1.986306670999999913e+00	-4.606384373999999893e-01	1.344033704999999967e+00	-7.354469579000000312e-01	8.775348749000000392e-01	5.553270236999999776e-01	-1.134053592000000110e+00	9.549446562999999721e-02	-7.926326622999999572e-01	6.482174522000000438e-01	-1.843442151999999945e+00	-1.354901657000000093e+00	9.447997956000000475e-01	1.085144499000000096e+00	2.819307305000000041e-01	1.196634411000000009e+00	6.668635297999999656e-01	-5.940515290000000226e-01	-1.136522385999999996e+00	2.403688045000000051e-01	-1.874500201000000033e-01	6.886023100999999480e-01	9.661291606999999892e-01	1.572222130000000107e+00	6.620595460999999515e-01	-5.056185816999999583e-01	-4.774927333999999801e-01	-4.124509927000000187e-01	9.374239416999999852e-01	-8.788422650999999641e-01	1.400231938000000009e-01	5.160002232999999494e-01
-1.234931392000000017e+00	-1.076132464000000066e+00	-1.096864429000000030e+00	-1.575036740999999907e+00	1.277343679999999981e+00	5.324905900999999941e-01	-1.115468638999999929e+00	-1.257265905999999989e+00	1.156644495000000106e+00	6.273803500000000311e-01	3.114239591999999959e-02	-1.578045576000000061e+00	1.075662542999999971e+00	-1.399633329999999898e+00	-1.047941019999999890e+00	-1.063428854000000090e+00	1.675873176999999881e-01	2.522836630999999996e-01	1.870932086999999910e+00	-7.196511656999999840e-01	3.183639073999999791e-01	-1.156696850999999970e+00	9.606455481000000240e-01	-1.166675914000000036e+00	-2.027174565000000039e-01	-3.516390308999999825e-01	1.501501025000000045e+00	-1.263559112000000040e+00	-1.087821858000000086e+00	-5.913705596999999647e-01	-1.308567223999999918e+00	-4.878760636000000206e-01	1.435558271999999969e+00	-3.812095032000000216e-01	9.270390396000000033e-01	1.106345836000000027e+00	-1.180639489000000042e+00	7.227896211999999820e-02	-1.081040900000000082e+00	1.120771874999999973e+00	-1.498564412999999984e+00	-7.625024382999999739e-01	2.815705700999999728e-01	4.548974452999999807e-01	3.595461303999999969e-01	1.441470704999999963e+00	1.462508050999999920e-01	-2.902558332999999879e-01	-8.807932242999999550e-01	-2.490312858000000018e-01	3.712555777000000057e-01	8.128728207999999511e-02	1.985194142999999967e+00	1.536259974000000028e+00	3.705528651000000173e-01	-9.029377513000000355e-02	-7.597154067000000399e-02	-1.381341558999999997e+00	1.197067945999999994e+00	-6.182941453000000420e-01	1.192672366000000039e+00	-3.497669400000000262e-01
-1.257538285000000089e+00	-1.335419914000000041e+00	-1.351160377000000024e+00	-1.391824716999999989e+00	1.316518201000000055e+00	5.586146439000000408e-01	-1.003043385000000010e+00	-1.266833440999999949e+00	1.115717475999999930e+00	6.808680446000000552e-01	4.873106739000000048e-02	-1.722697538000000028e+00	9.911866377000000394e-01	-1.465821121000000060e+00	-6.268201090999999670e-01	-1.359570332000000104e+00	3.282271107999999993e-01	2.557159105999999849e-01	1.873186169000000012e+00	-7.073545097000000226e-01	-1.002349048999999992e+00	-1.406686136000000031e+00	6.825401183000000538e-01	-1.680421262999999943e+00	-1.042549624000000064e+00	-1.584598034999999960e-01	1.461568449000000047e+00	-2.842966180000000009e-01	-1.452144469000000049e+00	-5.777827453999999641e-01	-5.834944829999999527e-01	-7.720302312000000278e-01	1.659573104999999993e+00	-1.899728162000000053e-01	7.690334446000000046e-01	1.764653943000000016e-02	-6.015466318000000090e-01	1.610287044000000001e-01	-1.353162420000000088e+00	1.340190876000000086e+00	-1.350679871000000087e+00	-5.753432721000000249e-01	1.244323286000000028e-01	9.169340869000000560e-02	-5.518688927999999827e-02	1.328084759000000004e+00	1.159232547000000058e-01	8.756269002000000024e-02	-8.189842837999999903e-01	-2.350274028000000071e-01	4.465031453000000150e-01	-1.926349260000000119e-01	9.853490808000000545e-01	1.368996549000000007e+00	5.089627438999999587e-01	6.923711007999999723e-01	4.488238453999999766e-01	-7.373697480999999998e-01	4.188873453999999996e-01	-4.284918290999999990e-01	1.151005190000000011e+00	-8.535156251000000083e-01
-1.194219906999999914e+00	-1.582668012999999929e+00	-1.442589241000000078e+00	-1.218387405999999951e+00	1.399415521000000107e+00	6.986934826999999792e-01	-8.380866037999999962e-01	-1.429367362000000030e+00	1.135719452000000018e+00	6.713342764999999934e-01	3.644882238000000246e-02	-1.785858262999999946e+00	1.019652546999999965e+00	-1.620792891000000013e+00	-4.606423185999999892e-01	-1.293365265000000042e+00	4.263149843999999855e-01	1.093138694999999938e-01	9.495840783000000229e-01	-8.737520069999999972e-01	-2.155564667000000045e-01	-1.608520299000000042e+00	-1.381047575999999888e-01	-2.096222668999999872e+00	-2.800574384999999777e-01	2.964098350000000104e-01	8.887014273000000131e-01	-5.841420881000000120e-01	-1.707664690999999957e+00	-6.387180122000000182e-01	9.962112955999999353e-02	-9.065235162000000457e-01	1.658115014999999914e+00	-1.118677109999999947e-01	8.437652756000000309e-01	-1.230189697999999998e+00	8.354630295999999623e-01	-1.919439475999999978e-01	-1.661715143999999977e+00	1.099713160999999939e+00	-1.346662687000000025e+00	5.550201536000000102e-01	1.272214324000000008e-01	8.340036876000000293e-03	-6.646404524000000258e-01	6.546539773999999756e-01	2.232894032999999945e-01	7.703238812999999574e-01	-7.382887286000000548e-01	-5.880675951999999596e-01	2.313982764999999997e-01	-5.233912899999999535e-01	1.010301745000000029e+00	1.087161883000000051e+00	1.808071770999999939e-01	3.388069639999999882e-01	1.165300787000000060e+00	-6.142089508000000420e-01	-4.589654581000000150e-02	-4.508371207999999908e-01	-1.702900253999999891e-01	-1.225004336000000027e+00
-1.183605360999999911e+00	-1.294118094999999968e+00	-1.225261278999999925e+00	-1.379972809000000078e+00	1.382291611000000087e+00	6.283183338000000173e-01	-9.284462516000000498e-01	-1.556963222000000036e+00	1.245051775000000083e+00	6.825785266999999656e-01	1.898183934999999878e-01	-1.657619764999999967e+00	8.941699364999999844e-01	-1.709844493999999937e+00	-5.754010394999999889e-01	-1.050235674000000063e+00	1.098290918000000005e-01	-1.952761798000000049e-01	1.035918641000000084e+00	-1.047206604000000096e+00	1.058761247000000072e+00	-1.463382584999999958e+00	5.505911284000000044e-02	-1.234315343000000009e+00	-5.025703021999999853e-01	7.043219686999999674e-01	-4.325356439999999969e-01	-9.373941864999999485e-01	-1.494052342999999894e+00	-6.221320609999999585e-01	-4.420300753999999999e-01	-1.256454326999999926e+00	1.898049920000000057e+00	-4.059262156999999815e-01	1.104452691000000097e+00	-1.032394803999999944e+00	4.439595826000000134e-01	-3.842293878999999968e-01	-1.465988112000000010e+00	-4.163773813999999823e-02	-1.404941078000000010e+00	-4.671231397000000229e-01	-6.422047437000000247e-01	5.040121413000000494e-01	-4.076665911999999975e-02	3.375809681999999978e-01	-9.712556286000000316e-01	9.165907632999999999e-01	-3.250727506000000155e-01	-2.125131647999999873e-01	1.759034535000000010e-01	-2.814811074999999940e-01	1.414464356000000089e+00	1.095793615999999915e+00	-1.495006184999999981e-02	-3.831958203999999979e-01	1.370735441000000110e+00	-1.553819000999999977e-01	6.535757338999999624e-03	-8.346356650999999793e-01	2.437683680999999936e-01	-1.761107151000000037e+00
-1.254937659999999955e+00	-1.172603961000000083e+00	-1.060606393999999897e+00	-1.507256283999999891e+00	1.355641502999999970e+00	5.787915337000000271e-01	-1.033222556999999986e+00	-1.645531625000000053e+00	1.210641215000000104e+00	7.638162967999999609e-01	9.255417826999999542e-02	-1.727318163999999934e+00	7.579126567999999731e-01	-1.538397185000000000e+00	-9.344402347000000386e-01	-8.720101178000000397e-01	3.136154112000000271e-02	-6.299815666999999952e-02	1.057102489000000034e+00	-1.851866594000000088e+00	5.493900794999999615e-01	-1.196442726999999984e+00	6.010648122999999732e-01	-8.217929510999999465e-01	-3.327744402000000212e-01	7.517997977000000498e-01	-9.012577887999999593e-01	-6.249939808999999818e-02	-9.774049998999999600e-01	-5.057228379999999524e-01	8.949211016000000463e-01	-6.895286549000000376e-01	1.542075684999999918e+00	-2.507195155999999980e-01	1.184800526000000076e+00	-1.390164678999999959e+00	7.434116355000000009e-01	-5.089977233000000378e-01	-1.141318934999999923e+00	-2.321133857999999883e-01	-1.321980504999999972e+00	8.940190987000000422e-02	-4.118295975999999858e-01	9.583765158000000506e-01	-7.565049057000000632e-02	1.912208447999999908e-02	-1.439562114999999975e+00	1.021672534999999993e+00	-4.157189209000000107e-01	3.012236097000000057e-01	1.392430471999999975e-01	7.908817744000000427e-02	1.510878691000000051e+00	1.014736880999999924e+00	1.208441716000000055e+00	-3.683750959000000047e-01	1.169340519999999994e+00	1.088924479999999972e+00	4.775110926000000200e-01	-1.011168191999999966e+00	4.492185397999999830e-01	-1.101215719999999898e+00
-1.214256594999999939e+00	-1.142480528999999967e+00	-1.101362457000000017e+00	-1.494214895999999904e+00	1.365524638999999985e+00	6.261823878000000176e-01	-1.014125299999999896e+00	-1.507343773999999970e+00	1.190874782000000076e+00	8.008791833999999721e-01	1.060675662999999991e-01	-1.926126726999999983e+00	8.560407342000000419e-01	-1.230631950999999891e+00	-8.144230099000000500e-01	-9.233886408000000490e-01	2.947981816999999949e-01	-8.169898824000000614e-02	1.165139573000000039e+00	-2.029626513999999826e+00	2.804149638000000277e-01	-1.037455613999999970e+00	6.002037498000000193e-01	-7.334313135000000150e-01	2.017447042000000135e-01	5.891272906000000198e-01	-9.064111109000000388e-01	-7.473189984000000452e-01	-7.134783199999999992e-01	-4.113003364999999745e-01	5.066519291000000091e-01	7.306862898000000550e-01	1.331115948999999965e+00	-2.624280097999999728e-01	9.286707077000000421e-01	-1.477554433999999972e+00	8.440463405000000474e-01	-3.789132324999999746e-01	-7.954036824000000339e-01	3.088183451000000024e-01	-1.432535571000000063e+00	3.751811290000000021e-01	-4.335910853000000120e-01	1.471190052000000081e+00	4.720237568999999800e-01	9.890426561000000005e-02	-1.515810099999999938e+00	9.915782389999999724e-01	-2.460516044000000124e-01	7.457433384999999637e-01	4.888117776999999914e-02	5.615135154999999489e-01	1.259078431999999914e+00	9.587685420999999542e-01	1.325649756000000012e+00	-3.501607566000000116e-01	9.948099048999999860e-01	9.959212079000000495e-01	1.413584877999999989e+00	-3.093267236000000198e-01	2.007765135000000090e+00	-1.558055805999999932e-01
-1.215763954999999896e+00	-1.272124024000000020e+00	-1.211972162999999991e+00	-1.337746362000000078e+00	1.344614672000000066e+00	6.875713571999999552e-01	-8.280192008000000214e-01	-1.279757837000000009e+00	1.415247587000000085e+00	8.846704002999999927e-01	2.012169390000000113e-01	-1.955887866000000086e+00	8.738949189000000395e-01	-1.388593272999999906e+00	-3.666759517000000024e-01	-1.071516831000000058e+00	6.432090375000000249e-01	-1.577353041000000011e-01	1.016703045999999944e+00	-1.986853734999999954e+00	-1.027223417999999944e+00	4.400558454999999730e-02	1.121795421000000070e+00	-1.213178952000000033e+00	-2.609503994999999854e-01	4.567451415000000070e-01	-1.405076790000000075e+00	-5.028904427000000510e-01	-1.024844215999999975e+00	-3.637408525999999975e-01	-6.015487177999999657e-01	1.488355856000000088e+00	1.248282904000000082e+00	-3.338412723999999998e-01	6.749907589000000430e-01	-8.027098838999999764e-01	8.359897698999999571e-01	-1.615203232999999905e-01	-8.078877588999999748e-01	-7.013389986000000409e-01	-1.326801416999999983e+00	2.230910602999999881e+00	6.403926956000000059e-01	1.978001270999999894e+00	7.573902591000000184e-01	6.022031297000000061e-01	4.237192696000000036e-01	9.696733490999999427e-02	-4.639725659000000224e-01	2.482832506000000050e-01	-6.830512248000000231e-01	1.087908077000000029e+00	9.371594814000000495e-01	5.031104655999999453e-01	1.366954696000000080e+00	-5.819585065000000279e-01	3.888568082000000148e-01	1.627355297999999895e+00	2.836723711999999953e-02	5.111341088999999949e-01	1.597563225000000031e+00	6.939298021999999733e-02
-1.218509175999999972e+00	-1.509386531000000087e+00	-1.335009756000000047e+00	-1.037594123999999951e+00	1.396103695000000089e+00	7.370642080999999513e-01	-6.487815890000000474e-01	-1.099157101000000081e+00	1.437312480999999975e+00	9.721293671999999830e-01	2.476829637999999889e-01	-1.562216875999999921e+00	9.096677517000000268e-01	-1.816621271000000037e+00	-2.797130208999999978e-01	-1.094552777999999948e+00	8.487895855999999517e-01	-3.233644418000000131e-01	4.309320750999999783e-01	-1.195416806000000109e+00	-2.309412251000000083e-01	7.427796205000000151e-01	1.020211905000000030e+00	-9.038568165000000487e-01	-4.879107253000000144e-01	8.747686874000000223e-01	-2.951298625000000064e-01	-7.815758455000000327e-01	-1.349413543000000049e+00	-7.214237105999999899e-01	-1.176435813999999969e+00	1.007402174000000095e+00	1.168271902000000084e+00	-8.064533445999999550e-01	2.766363379999999816e-01	4.754147201999999739e-01	-5.339290813000000524e-01	4.501337195999999957e-02	-1.601086620000000016e+00	-5.962120679000000312e-01	-1.076727146000000079e+00	3.448583841999999788e-01	9.450598923999999901e-01	1.949391821999999941e+00	4.574671714999999916e-01	7.916117966000000283e-01	5.657803382999999631e-01	1.602088237000000026e-01	-1.036141030000000018e+00	-6.857848027999999818e-01	-1.501142750000000081e+00	2.446956707000000009e+00	-1.411786281999999892e-01	2.763452354000000000e-01	6.376202839000000289e-01	-4.602287333000000258e-01	1.534112839000000006e-01	4.135991392999999738e-01	-4.707347352999999845e-01	3.626143876999999849e-01	8.030535565999999958e-01	4.909138097999999895e-01
-1.239470107000000043e+00	-1.237634671999999991e+00	-1.126375654999999920e+00	-1.210484700000000080e+00	1.392172154000000051e+00	6.812949206999999729e-01	-8.165574410000000505e-01	-9.976428429000000486e-01	1.412984497000000061e+00	9.473134983000000009e-01	3.322923383999999980e-01	-1.392459040999999953e+00	9.723338680999999983e-01	-2.027526616999999920e+00	-1.149709598999999915e+00	-9.482542827000000063e-01	5.551507921999999651e-01	1.964642789999999830e-03	7.064781073000000466e-01	-4.787597666000000252e-01	1.203104278999999943e+00	7.887687401999999848e-01	1.242012727999999955e+00	-7.716607709999999676e-01	-5.299060002000000047e-01	1.316039095000000048e+00	-9.146454012000000411e-01	-1.723738675000000109e+00	-1.514527737000000096e+00	-6.436789192999999853e-01	-2.045024453999999992e+00	3.937857822999999979e-01	8.780007965999999664e-01	-1.288498445000000103e+00	5.615427801000000274e-01	4.094931325999999761e-01	-7.737603543000000084e-01	-5.503679613999999942e-01	-2.091921646999999940e+00	2.153172462999999870e-01	-9.732511968999999485e-01	-6.044794680999999725e-01	-1.514809223999999920e-02	1.592947150000000089e+00	4.749090745999999807e-01	6.531315552999999996e-01	4.592163175000000264e-01	-1.561630601000000007e-01	-1.228633027000000100e+00	1.302535072999999877e-01	-1.115994750999999896e+00	1.194312413000000017e+00	-7.204511277999999797e-01	7.543753562999999662e-01	7.908372882999999964e-01	-7.111798684000000259e-01	-2.236163834999999878e-01	3.169328905000000189e-03	-3.438437469999999774e-01	3.981974268999999844e-01	3.655619458000000099e-01	7.437810128999999826e-01
-1.267098411000000091e+00	-1.077816386999999931e+00	-9.850819693000000266e-01	-1.312254715999999988e+00	1.351594801999999929e+00	5.635489485000000354e-01	-1.117596830000000097e+00	-9.956681223000000136e-01	1.429997975000000032e+00	5.993879978999999691e-01	-1.137678972999999968e-02	-1.426263032000000042e+00	9.559994808999999760e-01	-1.823232693000000015e+00	-1.570986559000000060e+00	-7.818491285999999985e-01	1.869813757000000076e-01	1.206941240999999942e-01	1.407885156000000082e+00	-4.296348966999999908e-01	1.052143923999999897e+00	-2.575258469000000217e-01	1.209262089000000095e+00	-5.848952643000000506e-01	-6.591542769999999551e-01	1.320382570000000033e+00	4.397558435000000210e-01	-6.074631146000000204e-01	-1.362860892000000046e+00	-4.797519554999999936e-01	-2.054854466000000102e+00	-2.448704683000000049e-01	9.704842965000000099e-01	-1.045325781000000065e+00	5.030911771999999615e-01	8.639202172000000068e-01	-1.091842712000000049e+00	-1.052954501000000098e+00	-1.724593996000000073e+00	3.926749143000000108e-01	-9.266629777999999540e-01	-6.501432496000000283e-01	2.643640986999999942e-01	1.071566833999999968e+00	5.995748829999999474e-01	8.870052186000000338e-01	7.422481426000000493e-01	-7.161969720999999955e-01	-1.099574765999999926e+00	5.875309313000000033e-01	-6.193007340999999721e-01	8.195606041000000341e-02	4.418085802000000228e-01	7.964353539999999843e-01	2.292667082999999897e-02	-5.231794284999999878e-01	-3.898666258999999856e-01	-1.120273376000000098e+00	2.019541165000000027e-01	7.983937464999999456e-01	6.721723313999999894e-01	2.460260628000000005e-01
-1.233590959999999903e+00	-1.070112780000000097e+00	-1.011017239000000068e+00	-1.317997952000000028e+00	1.428338544999999904e+00	5.888790040000000392e-01	-1.208146799999999965e+00	-1.145016511999999986e+00	1.232750540999999922e+00	2.935169754999999991e-01	-1.504981579000000125e-01	-1.634460551000000095e+00	1.237969021999999919e+00	-1.300626891999999923e+00	-1.393245220999999923e+00	-6.674430715000000403e-01	1.003842694000000035e-01	1.929662068000000119e-01	2.005122856999999925e+00	-8.000919219000000027e-01	1.010772497999999908e+00	-1.353049927000000041e+00	1.008157151999999890e+00	-1.356025876999999991e+00	2.521723052000000020e-01	1.143820612000000070e+00	2.492861845999999826e+00	-8.169632800999999667e-01	-1.412592840999999932e+00	-1.349037133000000055e-01	-7.326529017999999782e-01	-7.669416777999999990e-01	9.810700274000000443e-01	-7.507708296999999753e-01	6.407871169000000089e-01	2.414569447000000091e-01	-8.352006412000000379e-01	-1.342651709000000082e+00	-1.703881959999999918e+00	9.090757068000000496e-01	-1.142211045000000036e+00	-1.018518575999999953e+00	1.130669098999999983e-01	2.005770431999999992e-01	5.558708221000000504e-01	5.667757090999999692e-01	-1.388981732000000024e-01	-4.925370741000000274e-01	-3.871691191000000143e-01	1.855765985000000159e-02	-4.555559973000000151e-01	-2.933107714000000033e-01	1.214563982000000042e+00	7.263654694000000189e-01	-3.860010110000000050e-01	-3.351529721000000017e-01	-1.147224720000000059e-01	-1.171963242999999988e+00	3.969121603999999914e-01	9.482468519000000207e-01	6.159807654000000188e-01	-9.947033299999999759e-03
-1.206230380999999907e+00	-1.246835233999999959e+00	-1.164119883999999994e+00	-1.259156573000000057e+00	1.401581924000000035e+00	6.901667112999999576e-01	-1.283859877000000038e+00	-1.250803093000000032e+00	1.233012709000000040e+00	-2.060114840000000155e-02	-2.716029379000000077e-01	-1.980780149999999962e+00	1.280399421999999898e+00	-1.218995223999999933e+00	-9.923747403999999550e-01	-9.952640725000000410e-01	-2.071578111000000125e-03	2.527487869000000220e-01	1.710871685000000086e+00	-1.159950473999999954e+00	-6.677955978999999820e-02	-1.449197690999999955e+00	9.565796055999999936e-01	-1.882663297999999985e+00	-1.616023856000000161e-02	1.434299076000000062e+00	1.037688080999999984e+00	-4.319891891000000039e-01	-1.818941758000000020e+00	4.729539164000000073e-01	6.665325697999999743e-01	-9.003233017999999754e-01	1.094758920999999940e+00	-5.986800320999999814e-01	6.878461319999999990e-01	-1.080742722999999961e+00	6.042046244000000010e-01	-1.264989445999999962e+00	-1.496683476999999929e+00	5.501025560000000203e-01	-1.175220036000000023e+00	2.842810108000000113e-01	-1.237134698999999977e-01	-7.341954930999999851e-01	3.389147446999999924e-01	1.730433200000000005e-01	-3.339172397999999875e-01	8.115702125999999517e-01	-1.085214134000000025e-01	-3.835101536000000144e-01	-3.792986715000000175e-01	-7.793742693999999860e-01	7.662582654999999798e-01	5.620349225999999865e-01	-8.742845337000000328e-01	-2.492880413999999933e-01	-1.224284464000000017e-01	-9.111180261000000336e-01	-2.425534129999999955e-01	8.309851709000000142e-01	2.248746862999999874e-01	-6.143913560000000551e-01
-1.232430259000000028e+00	-1.539294512999999975e+00	-1.333539062000000053e+00	-1.012666995000000014e+00	1.399121700000000024e+00	6.591793693999999926e-01	-1.026116218999999941e+00	-1.312810687000000032e+00	1.263079813999999912e+00	-2.141001818999999917e-01	-1.787413912999999965e-01	-1.875181441999999921e+00	1.059155121999999949e+00	-1.497364702000000047e+00	-4.155504026999999878e-01	-1.125233348999999938e+00	8.752209642000000414e-03	-2.823134512000000096e-02	8.680937787000000405e-01	-1.604986089999999921e+00	-4.446984956999999739e-01	-8.695694606999999632e-01	6.121480524000000312e-01	-7.222276690000000166e-01	1.539516522000000109e-01	1.038290208000000048e+00	-6.045230799999999904e-01	-1.234887749000000007e-01	-2.338472164000000131e+00	7.903741825000000221e-01	1.383964301000000008e+00	5.666124067000000153e-01	1.011291826999999977e+00	-4.792549850999999750e-01	5.783692320000000109e-01	-1.395809786999999913e+00	1.049296286999999994e+00	-1.375774727000000031e+00	-1.480445789000000012e+00	2.583305270999999848e-01	-1.257553764999999935e+00	5.341765473999999791e-01	6.696306949000000452e-01	-5.981188432999999804e-01	3.532316377999999979e-02	-4.735469797999999897e-02	-1.169112385999999892e+00	-9.085952542000000354e-02	-5.236355637999999812e-01	-9.716094937000000487e-01	-6.818089006999999979e-01	8.212671632000000110e-02	1.325242210999999948e+00	6.677131938999999461e-01	-1.767497053000000040e+00	-6.510489584999999968e-01	7.319581200000000454e-01	-2.742071955000000005e-01	-1.071464873000000040e+00	9.193641070999999942e-02	6.214792896999999927e-01	-8.220517631999999519e-01
-1.230094695000000016e+00	-1.344999516999999978e+00	-1.174419807000000038e+00	-1.117311858999999963e+00	1.435971322999999966e+00	6.944496476000000529e-01	-1.021752945000000024e+00	-1.513532670000000024e+00	1.093594439000000085e+00	-2.910866563000000240e-01	-1.319402128000000118e-01	-2.034451505999999910e+00	9.612290926000000013e-01	-1.714633835999999967e+00	-6.628481322000000509e-01	-9.860922827000000446e-01	-3.130255891000000013e-01	-3.277225240000000150e-01	8.701327146999999762e-01	-1.762551433000000056e+00	1.370484564999999932e+00	-4.096305462000000008e-01	-7.544741970000000408e-02	-4.739602428999999950e-01	2.635693060000000032e-01	1.196451184999999917e+00	-9.930102508000000494e-01	-1.225163688999999945e+00	-2.808667863999999792e+00	9.074858343999999688e-01	-3.778635059000000074e-01	7.371310244000000012e-01	1.372657328000000065e+00	-4.466921066000000273e-01	6.751142758000000521e-01	-1.078067488000000074e+00	4.828188459000000154e-01	-1.795343627000000053e+00	-1.777660975000000088e+00	-5.645090139999999757e-01	-1.346235999999999988e+00	1.742035712000000069e+00	2.953385157999999788e-01	-6.856850785000000448e-01	-4.458195857999999734e-01	-8.941160789999999525e-02	-9.387680345000000148e-01	-5.080516787000000090e-01	-7.032205634000000538e-01	-4.593056783999999726e-01	-6.589918501000000539e-01	8.309729045000000536e-01	-3.407665191999999926e-03	5.495413018999999455e-01	-2.245631469000000102e+00	-9.219381240999999783e-01	7.135363549000000027e-01	1.331157268999999976e+00	-8.347532439999999498e-01	1.128558055999999941e-02	1.520363735999999966e-01	-5.319237084000000282e-01
-1.272407697000000004e+00	-1.098346723999999996e+00	-9.098410511000000200e-01	-1.339705463999999902e+00	1.360928345999999900e+00	6.015219850999999895e-01	-1.218633791000000022e+00	-1.537909683000000083e+00	1.276233506999999934e+00	-3.069827111999999802e-01	-2.609468091000000101e-01	-2.014440702999999999e+00	9.454291350000000316e-01	-1.810565892999999926e+00	-1.199925928000000086e+00	-5.764685359000000231e-01	-7.835493466999999823e-01	-8.604330720000000210e-02	1.301300526999999985e+00	-2.348077269000000022e+00	1.450945504999999969e+00	-3.849157590999999767e-01	5.189229131999999883e-02	3.447541819000000118e-01	-3.328844294000000148e-01	9.761472171999999725e-01	-1.852154853999999906e+00	2.396581562999999977e-03	-2.349793221000000099e+00	9.487960129000000409e-01	-6.522606158000000542e-01	1.255206913000000091e+00	1.350767105000000079e+00	1.130764897000000047e-02	3.992751337000000067e-01	-8.617298293999999803e-01	-1.831027658000000113e-01	-2.122758566999999985e+00	-1.426324992000000069e+00	-2.094282132000000018e+00	-1.361237114999999998e+00	6.007396562000000273e-01	3.575942081999999855e-01	-2.585222267999999768e-01	-7.072282172999999617e-01	-1.570832238000000047e-01	2.651674303000000066e-01	-4.238297214999999785e-01	-8.756528675000000428e-01	-1.470366808000000136e-01	2.663397973000000141e-01	1.039002849999999922e+00	-4.936908790000000269e-01	8.872470622999999446e-01	-2.155584028999999902e+00	-5.919412340999999911e-01	5.686826336000000426e-01	9.755684140000000504e-01	-5.483524362999999680e-01	-4.355501197000000158e-01	3.769487375999999723e-01	-1.560799784000000134e-01
-1.242330149000000050e+00	-1.090316665000000018e+00	-9.947876931000000367e-01	-1.431289738000000034e+00	1.371079796999999934e+00	4.842017820999999778e-01	-1.362611787999999935e+00	-1.510200312999999905e+00	1.319845149000000051e+00	-2.279760325999999893e-01	-4.761721882000000128e-01	-2.197144607999999888e+00	1.034990529999999964e+00	-1.331656632000000062e+00	-1.672330370999999927e+00	-4.201343752000000209e-01	-1.108832336999999946e+00	1.261416636999999896e-01	2.054432566000000016e+00	-1.754897420999999902e+00	7.957500894000000269e-01	6.653626835000000517e-01	1.103010749000000040e-01	3.099946371000000256e-01	3.593367094000000095e-01	6.943732428000000123e-01	-1.318885606000000044e+00	-6.344230816000000495e-01	-1.775969997000000022e+00	8.857604837000000453e-01	-1.462247462999999970e+00	1.150900325999999918e+00	1.250337561000000042e+00	4.962531722999999895e-01	6.321193761000000189e-01	-3.615881711000000220e-01	-1.072718011999999943e+00	-2.154804229999999876e+00	-1.140232520999999943e+00	8.508972814000000107e-02	-1.476482335000000035e+00	-3.028221270000000173e-02	7.056252719000000173e-02	-7.796905618999999676e-01	-7.990443189000000501e-01	-1.775809925000000067e-01	7.428351574999999540e-01	-7.914260917000000006e-01	2.036001990000000095e-01	2.585791364000000203e-01	9.706036060999999604e-01	1.698383478000000002e+00	-1.287065219000000094e-01	9.246764012999999505e-01	-1.528339818999999933e+00	1.813142671000000095e-01	2.683204106000000033e-01	2.029269476999999988e-01	7.545825597999999967e-01	-4.165216146999999869e-01	1.496552233000000065e+00	8.137610144000000378e-01
-1.229245150999999980e+00	-1.258925513999999968e+00	-1.215648901000000004e+00	-1.251988437999999926e+00	1.352997709999999909e+00	4.734378859000000217e-01	-1.241040477999999947e+00	-1.302876305000000068e+00	1.516009504999999979e+00	6.599792195999999722e-02	-2.988160559999999966e-01	-2.450505251000000051e+00	1.019674028000000066e+00	-6.383730798000000206e-01	-1.500155901000000069e+00	-6.263077290999999880e-01	-1.084053243999999916e+00	4.653423651999999966e-01	1.910591595000000087e+00	-1.462339057000000109e+00	-7.509753464999999739e-01	5.163320944000000107e-02	6.303517660999999883e-01	1.592098399999999914e-01	-3.370583154999999831e-01	7.486264927000000347e-01	-1.112686295000000047e+00	5.046257547000000399e-01	-1.275919888000000002e+00	9.512751086999999828e-01	-1.721804517000000034e+00	3.928425935999999702e-02	1.298972765000000029e+00	6.981699832000000105e-01	7.717185562999999693e-01	6.659953583000000066e-01	-5.882575604999999985e-01	-1.280052586999999908e+00	-5.159962524000000217e-01	6.762442693000000338e-01	-1.168507900000000044e+00	-4.319246415999999922e-01	1.572569510999999975e+00	-9.620906353999999494e-01	6.688567029000000441e-02	2.300009926999999899e-01	5.220083600999999573e-01	-1.065493718000000006e-01	1.101903561999999948e+00	8.809955420999999731e-01	1.448204207000000077e+00	1.055414925000000004e+00	-2.376110109000000026e-01	8.693787473999999849e-01	-1.063707752000000006e+00	5.916590227000000368e-01	-4.714736538000000032e-01	1.961644147999999921e-01	1.118192576999999938e-01	-5.031976108000000281e-01	1.202430149000000004e+00	7.635782849000000150e-01
-1.133630646999999936e+00	-1.376393307999999926e+00	-1.366859480000000016e+00	-8.641674427000000103e-01	1.331339534999999907e+00	6.091268107999999737e-01	-1.016841040000000085e+00	-1.099454361000000047e+00	1.594922248000000042e+00	1.482949424999999988e-01	-2.989767639999999990e-02	-2.061462645999999843e+00	9.859727115999999958e-01	-8.307051062999999680e-02	-7.022855852999999593e-01	-7.591575661999999669e-01	-6.136624420999999829e-01	2.145777835000000078e-01	1.332282350000000060e+00	-1.190778718000000014e+00	1.302598707000000022e-01	-1.077144534000000098e+00	8.531549418999999634e-01	-1.277400093999999930e-01	5.763919429000000094e-02	7.298272692999999700e-01	1.290603769000000067e+00	3.953476831999999663e-02	-8.000616188000000406e-01	7.765438515999999458e-01	-1.074070931999999923e+00	-3.826492852000000222e-01	1.462890245000000089e+00	3.751758134000000022e-01	7.199423857000000204e-01	1.022895120000000047e+00	-9.952476261999999574e-01	-9.815203137000000355e-01	-3.035127443999999786e-01	9.972973795999999780e-01	-7.291385749000000027e-01	-9.170083083000000190e-01	1.373542467999999905e+00	-8.707182418000000146e-01	8.324452077999999755e-01	2.444712172000000072e-01	4.159945660000000101e-01	-4.058351586999999761e-01	1.429417780999999943e+00	4.086843931999999957e-01	1.070460666000000005e+00	8.654597011000000339e-01	1.409123253000000020e-01	7.085904639000000227e-01	-1.432456053999999979e+00	5.989071715999999546e-01	8.374547446000000367e-03	-4.120084333000000043e-02	8.301381628999999762e-01	-1.753940602999999876e-01	9.457652293999999626e-01	3.233312636999999823e-01
-1.108738296999999928e+00	-9.520510676000000228e-01	-1.077309612999999944e+00	-1.037138807000000051e+00	1.377494487000000101e+00	7.821664116000000000e-01	-9.204668218999999540e-01	-1.239245474000000069e+00	1.415729256999999963e+00	2.310341038000000152e-02	3.615660492000000170e-01	-1.821009324999999901e+00	1.433003773000000036e+00	1.154305996000000029e-01	-1.821058929999999909e-01	-8.399096158000000090e-01	-1.019172765999999952e-01	1.129022375999999966e-01	1.525736793000000091e+00	-1.131465068000000018e+00	1.582775054000000070e+00	-1.162164651999999965e+00	7.823656303999999562e-01	-9.001630376000000489e-01	-6.117659257999999989e-01	1.212528323999999991e+00	2.241416957000000210e+00	-6.417121818000000033e-01	-8.992135078999999864e-01	8.086121614000000291e-01	-2.324918056999999982e-01	-8.776401459999999544e-01	1.766885878999999937e+00	-3.082417002999999767e-01	6.659373746000000205e-01	1.979319163000000104e-01	-7.098803219000000553e-01	-1.083720822999999944e+00	-4.459469466000000049e-01	1.282580703999999905e+00	-9.178558493999999790e-01	-5.084907619999999850e-01	-2.585335843000000078e-01	-2.170408010000000054e-01	8.693785568999999880e-01	-9.922680195999999953e-02	-7.187218928999999923e-01	-5.798568138000000094e-02	1.160571577000000021e+00	1.545705615999999893e-01	1.009527628000000066e+00	-5.063651808000000365e-01	5.325955121999999958e-02	1.208459374999999891e+00	-1.692333767999999905e+00	-2.332610062999999900e-01	1.245473218999999937e-01	-2.597585165000000119e-03	4.602496829000000123e-01	-4.496879367000000127e-01	-2.909850421999999881e-01	1.306098313999999871e-01
-1.110135821999999939e+00	-7.194362767999999964e-01	-7.482078792999999894e-01	-1.158089501000000077e+00	1.331900225000000049e+00	8.335632505000000192e-01	-1.093438064000000098e+00	-1.407154092000000078e+00	1.435884673999999972e+00	-1.160275496000000017e-01	1.964765609000000135e-01	-1.610018200999999927e+00	1.715872682000000093e+00	1.118318150000000011e-01	-2.276381959999999871e-01	-5.562597002000000401e-01	-1.072603491999999936e-01	-6.779333915000000654e-02	1.549695827000000081e+00	-1.225069884999999914e+00	1.246401472999999926e+00	-1.545502222999999953e+00	6.848093240000000526e-01	-9.518329583000000316e-01	-8.691730324999999979e-01	1.342036693000000058e+00	7.251085977000000238e-01	1.576629551000000018e-01	-1.289036845999999903e+00	1.238713780000000098e+00	4.055679005999999753e-01	-9.183718285999999953e-01	1.483532056999999904e+00	-1.277059147999999866e-01	6.386538817000000368e-01	-8.761086540000000422e-01	7.719651010000000424e-01	-1.261193851000000032e+00	7.378560653000000580e-02	4.646903586999999725e-01	-1.040643444999999945e+00	-2.970553932000000175e-01	-6.410637743000000555e-01	1.967152389000000057e-01	9.995070681000000068e-01	-6.384728511999999689e-01	-4.269830217999999733e-01	8.725319080000000227e-01	3.244482255999999731e-01	1.005175393999999944e-01	1.358868973999999952e+00	-9.891100539999999608e-01	1.950634699000000083e-01	1.456752883999999915e+00	-1.341859506999999896e+00	3.435495619000000084e-02	-7.943991996000000499e-01	1.272317780999999981e-01	1.092662199000000056e+00	-6.905217900000000242e-01	-9.665971971000000273e-01	4.646715648000000060e-02
-1.091786367000000091e+00	-7.015061000000000213e-01	-7.683711707999999474e-01	-1.173335736999999934e+00	1.267143206999999938e+00	8.474016988000000472e-01	-1.049028040999999911e+00	-1.416429511999999891e+00	1.349005792000000037e+00	-2.135680503999999869e-01	4.854234598000000123e-01	-1.457598681999999979e+00	1.900769713000000083e+00	1.653586354000000092e-01	-2.508297299000000063e-02	-6.862892112999999794e-01	-2.802781775000000031e-01	-1.249432723999999995e-01	7.879465498000000068e-01	-1.579157377000000029e+00	7.520481558999999594e-01	-8.178712256000000291e-01	5.353282233999999695e-01	-2.288248890000000035e-01	-2.129255624999999985e-01	1.223939233999999932e+00	-7.787319271000000542e-01	-3.775489323999999813e-01	-1.765893947999999991e+00	1.403031630999999946e+00	1.134320473000000051e+00	1.306279898000000106e+00	1.373241750999999899e+00	2.839921910000000049e-01	7.987590031000000312e-01	-9.744960643000000200e-01	1.283247988999999922e+00	-1.533444035999999899e+00	1.451500387000000114e-01	1.113855268000000023e-02	-1.190291610999999916e+00	5.861882313999999816e-01	-4.707075148000000042e-01	-4.797139719999999885e-01	1.420068483999999964e+00	-5.910635749000000549e-01	-1.309304135999999952e+00	4.210388404000000029e-01	-5.074408969999999464e-01	-1.229395615999999969e-01	1.448612610999999939e+00	-4.765578981999999963e-01	5.439204421000000123e-01	1.927033446999999899e+00	-8.530264680000000377e-01	-3.302188126000000223e-01	-3.701625022999999737e-01	4.635609522999999954e-01	1.140364375000000097e+00	-6.706836657000000423e-01	1.109080510999999936e+00	-2.527429642999999837e-01
-1.081778153999999992e+00	-8.968269789999999686e-01	-9.939672080000000465e-01	-9.538139006000000419e-01	1.181411460000000080e+00	8.411616460999999934e-01	-1.033395199000000098e+00	-1.403062170000000108e+00	1.392010436000000073e+00	-2.610402983999999815e-01	5.342627759000000420e-01	-1.260021980999999958e+00	1.961439192000000054e+00	-1.650889805000000099e-01	3.478645179000000032e-01	-8.974541455000000223e-01	-3.534457489000000230e-01	-1.705384218999999868e-01	1.109669607000000058e+00	-1.194772828000000064e+00	-3.671889945999999849e-01	2.771166332000000176e-01	5.255286168999999674e-01	-1.051262258000000005e-01	-5.741542384000000165e-01	1.008436412000000004e+00	-7.666762621999999583e-01	-2.494244472999999906e-01	-2.060854010999999986e+00	1.558568994000000041e+00	-3.030178041000000100e-01	1.502059795000000086e+00	1.462836956999999938e+00	7.572060392999999667e-01	2.105645378000000068e-01	-5.405994706000000205e-01	5.754679658000000364e-01	-1.529461291000000056e+00	3.084461734000000233e-01	-8.172011018999999488e-01	-1.495686891000000074e+00	1.908761300999999966e+00	5.100357084000000096e-01	-3.258978706999999808e-01	1.242491419999999902e+00	-1.815250345999999959e-01	9.635764803999999906e-01	-4.354924155000000074e-01	-6.719156398000000197e-01	-9.863844452000000151e-01	7.158117924000000354e-01	8.274819103999999648e-01	-1.475542722000000029e-01	1.553455492999999965e+00	-1.711526703000000094e+00	-6.722762908999999620e-01	-5.048639925000000250e-01	7.708417316000000241e-01	-5.114581724000000218e-01	-4.939736778000000106e-01	1.052458542000000108e+00	-2.816404071999999981e-01
-1.047165769000000024e+00	-1.037242707000000097e+00	-1.032419501999999989e+00	-8.511789543000000124e-01	1.289318160000000102e+00	9.440473202000000397e-01	-9.487334160999999488e-01	-1.373452185999999964e+00	1.274349898999999953e+00	-2.461674320999999999e-01	5.444819011000000542e-01	-9.679114114000000324e-01	1.873369778000000041e+00	-4.487643487999999903e-01	8.893898626000000529e-02	-8.505623371999999627e-01	-4.954198524000000270e-01	-2.898422546999999960e-02	7.797345543999999462e-01	-1.047219501999999913e+00	6.207021431999999450e-01	1.037987235999999980e+00	1.442289884999999883e-01	4.374026592999999963e-01	2.481466477000000004e-01	9.135882462000000093e-01	-7.645408678999999763e-01	-9.354471048000000399e-01	-1.999483993999999987e+00	1.369975635000000080e+00	-9.523616446999999541e-01	1.157685451999999948e+00	1.456991361000000040e+00	1.138449548000000089e+00	1.126480173999999945e-01	5.341993389000000425e-01	-1.993585586999999937e-01	-1.239874313999999922e+00	-2.519287887999999836e-02	-1.579650291999999956e-01	-1.333475742999999936e+00	1.741702166999999912e-01	6.631896524999999487e-01	-4.020493419000000235e-01	6.675316373999999886e-01	-5.786114072000000386e-01	7.054799823999999830e-01	-5.170937247000000347e-01	-4.748027442000000153e-01	-1.329421677000000024e+00	-3.097032461000000106e-04	1.599404819999999949e+00	-4.501761139000000078e-01	7.207919805000000402e-01	-1.967980556000000103e+00	-4.955367451000000090e-01	-2.339759768999999934e-01	2.478307566999999878e-01	-4.046258383999999930e-01	-7.963512145000000153e-01	-5.817387255000000534e-01	-3.968457016999999976e-01
-1.104275241999999935e+00	-7.725646470000000487e-01	-8.144561031999999479e-01	-1.100231152999999962e+00	1.339633276000000039e+00	8.059812368000000005e-01	-1.052798990999999962e+00	-1.435714579000000102e+00	1.417680204999999916e+00	-1.251170242999999904e-01	4.459325063999999839e-01	-1.164676358999999994e+00	1.792923854000000095e+00	-6.232039360000000139e-01	-7.219205558000000300e-01	-6.424477607999999895e-01	-7.686263839000000431e-01	-1.049289307999999935e-02	1.038265414999999914e+00	4.358387623000000155e-01	1.552273908999999952e+00	3.450779466000000184e-01	4.132456425000000100e-01	2.642806677999999798e-01	-4.164295839000000110e-01	8.935328689999999519e-01	-4.217455279000000001e-02	-1.302391340000000008e+00	-1.665576667999999927e+00	1.491531670000000087e+00	-1.693700836999999959e+00	-3.136521740000000058e-01	1.617143226000000045e+00	1.011491436000000022e+00	1.452434613999999957e-01	8.712734560000000295e-02	-1.349278411000000011e+00	-1.256205594999999953e+00	5.344957671000000188e-01	7.195271144999999535e-01	-1.752285548999999998e+00	-6.629767745000000323e-01	1.767784749000000100e-01	-5.963026280000000012e-01	3.613764205000000174e-01	-4.842408830000000108e-01	6.622982357000000153e-01	-1.252539290999999944e+00	-8.873495165000000462e-02	-4.016438682999999843e-01	-1.665686580000000014e-02	1.295746400000000076e+00	-1.310730422000000006e+00	1.045863100999999906e+00	-1.375945216999999943e+00	-7.472472706999999659e-01	-8.468308785999999477e-01	-3.325764159999999858e-02	1.613798298999999936e-01	-9.444549965999999852e-01	-5.558968961000000375e-01	1.446102317999999887e-01
-1.119463633999999930e+00	-7.706012301000000342e-01	-7.710218805999999869e-01	-1.316450705000000054e+00	1.333613450000000089e+00	7.333534645000000518e-01	-1.084892678999999971e+00	-1.448244762999999935e+00	1.335795088000000019e+00	-2.484126911999999868e-02	3.051992131999999858e-01	-1.217080578000000024e+00	1.649327119999999924e+00	-3.397878040999999794e-01	-5.869934004000000316e-01	-4.785566283000000087e-01	-6.942910866000000514e-01	1.460088529000000135e-01	1.339141090999999895e+00	-1.741264571000000094e+00	8.418699466000000298e-01	-1.148712870000000025e-01	4.658917866999999768e-01	4.876193751999999826e-01	2.554196457999999836e-01	1.776335039999999976e-01	-1.102896649999999923e+00	-1.267647762000000122e-01	-1.501012779999999935e+00	1.562268296000000056e+00	-1.766591411000000056e+00	-4.298205801000000159e-01	1.468852113000000070e+00	1.452531019999999895e+00	8.201809090999999663e-01	5.208647565999999784e-01	-3.529629469000000186e-01	-9.140436798000000085e-01	1.053152027999999962e+00	-6.688301386999999654e-01	-1.997501793999999942e+00	-5.027517363000000294e-01	1.035897201999999906e+00	-1.588675988999999900e-01	4.275404590999999921e-01	-4.662746980999999957e-01	-7.580083682999999573e-01	-8.445823120000000017e-01	2.836598970000000011e-02	-4.502921938999999985e-02	3.255192391000000240e-01	-1.436307226000000048e+00	-4.480016412999999753e-01	1.013411475999999922e+00	-1.182023006000000098e+00	1.503095087000000107e-01	-4.615773387000000061e-01	4.236265845000000141e-01	1.110414283999999974e+00	-6.177389087000000334e-01	3.001417987000000176e-01	1.042204319999999983e-02
-1.017914860999999949e+00	-7.180935009000000147e-01	-8.958803140000000109e-01	-1.147911305000000048e+00	1.378920123999999969e+00	8.362394984000000031e-01	-1.065772761999999929e+00	-1.344925933000000073e+00	1.416563127999999949e+00	3.656048002999999769e-01	3.453765419000000003e-01	-1.540641592999999920e+00	1.488268592999999917e+00	9.180511500999999353e-02	-7.337684665000000495e-01	-6.866309981999999534e-01	-5.880445040999999762e-01	-1.358602402999999938e-02	1.374156747000000012e+00	-7.063089307000000039e-01	5.258889543000000444e-01	-3.856482922999999730e-01	1.261913140999999960e+00	-5.182843541999999915e-02	8.453482460000000254e-02	-6.132570913999999540e-01	1.912837587999999922e+00	-1.227980437000000036e+00	-1.309325274000000094e+00	2.276598185000000107e+00	-2.842653193999999939e-01	1.386382326000000109e+00	1.440678536999999926e+00	2.041944040999999821e+00	8.937209902999999622e-01	-1.099169038999999959e+00	4.831959000000000115e-01	-3.801849277000000082e-01	1.766436149000000011e+00	9.437850685999999989e-01	-1.805881633999999902e+00	-1.714044772999999966e-01	2.675915393000000142e-01	-6.479092243999999834e-01	9.829724075000000338e-01	-5.620082636000000020e-01	1.059023787000000105e+00	-1.426692457999999997e+00	7.431622770000000378e-01	-2.056167932999999892e-01	-1.261755585999999874e-01	1.516755518999999941e+00	6.025183227000000530e-01	9.292588360000000325e-01	4.493288791999999754e-01	-6.398066663000000487e-01	-7.494636653999999787e-01	1.679718574000000020e+00	1.379686213999999911e+00	-5.124965862999999455e-01	-7.983172384999999427e-02	5.156244980000000006e-02
-1.003956411000000104e+00	-9.848841369999999928e-01	-1.153033844000000085e+00	-1.036017707999999926e+00	1.174089002999999964e+00	7.868605763999999558e-01	-9.775731847999999946e-01	-1.361357221000000006e+00	1.262785378000000014e+00	3.820792803999999987e-01	5.320938108999999638e-01	-1.511104175999999910e+00	1.347530502999999991e+00	-3.348560843000000231e-01	6.403838969999999797e-01	-1.010164972000000105e+00	2.011660972999999852e-02	1.810115189000000013e-01	5.289490157999999775e-01	2.453503022000000089e-01	-6.134310634000000179e-02	-8.708990142000000434e-01	9.722548340000000677e-02	-1.129318001999999987e+00	1.742902440999999913e-01	4.388175846999999852e-01	4.592909166000000099e+00	-7.119343322000000196e-01	-1.773755055999999941e+00	1.907961943999999965e+00	1.901155283999999890e+00	-1.726857534000000083e+00	2.098493694000000076e+00	9.153879285999999560e-01	-3.733788243999999756e-01	-1.621255125999999935e-02	-2.494292919999999969e-01	-8.064028769999999346e-02	9.577271621999999818e-01	6.820490000000000164e-01	-2.288148775999999884e+00	6.627895545999999971e-01	9.950364845999999652e-02	-6.682213485000000341e-01	-3.015018077000000130e-01	-6.860208563999999898e-01	-2.258202396000000001e-01	1.824723588000000118e-01	1.025651862999999928e-02	-8.488880734000000539e-01	-1.489272597000000031e+00	-9.812228762000000382e-01	-7.027828951000000268e-01	-6.061916167999999994e-01	-1.782818202000000074e+00	-3.870068403999999962e-01	-1.498327502000000033e-01	-1.266472432999999898e-01	-1.111685674000000068e+00	-1.421459100000000086e+00	-8.183813046000000258e-01	-1.392437428000000033e+00
-9.434149732000000066e-01	-9.812768471999999687e-01	-1.030113585000000054e+00	-9.281462821000000529e-01	1.179597543000000082e+00	7.854183907999999770e-01	-1.047255468999999994e+00	-1.205888843000000099e+00	1.116244124000000060e+00	4.191117668000000074e-01	4.753634411000000060e-01	-8.605491058999999998e-01	8.644290778000000008e-01	-3.912175251000000187e-01	5.852194347000000407e-01	-9.267719755000000115e-01	-5.051615146000000278e-01	-1.605934622999999895e-01	7.544301298000000155e-01	-1.297493468999999955e+00	7.380585446999999855e-01	-8.890510293000000175e-01	-4.055280485999999962e-02	4.983517952000000029e-01	2.190270323999999880e-01	3.359140046999999768e-02	-5.815468126999999710e-01	-1.214396990000000010e+00	-1.956861183000000004e+00	1.334113909999999903e+00	-1.522772484999999898e-01	-1.515317676000000002e+00	8.180851388000000002e-01	-1.470279432999999913e-01	1.528322909000000007e-01	-7.598525475999999557e-02	5.430255185000000262e-01	-2.117483957000000083e-01	9.688551583000000189e-01	-3.688146283000000025e-01	-1.881477371999999981e+00	-1.102829749999999942e+00	-1.290755411999999991e+00	-3.644816971000000017e-01	-1.989060084000000006e-01	-1.556730063999999913e+00	-1.361153567999999980e+00	8.529544248000000550e-01	-4.727805131999999744e-01	-1.301337674000000000e+00	-9.315649649999999671e-01	-1.757582468999999925e+00	-1.287982628999999879e-01	-1.394153786000000006e-01	-2.359111223999999840e+00	-1.183010394000000076e+00	1.699802337000000108e-01	5.348862186999999713e-01	-9.587297084000000469e-01	-1.832772368000000096e+00	-1.078740357999999899e+00	-1.513901732999999972e+00
-1.026974433999999992e+00	-7.308266780000000074e-01	-8.051930491000000023e-01	-9.779000350000000008e-01	1.333743856999999977e+00	7.385558899999999927e-01	-1.109875543000000020e+00	-1.137811268999999958e+00	1.037157437999999932e+00	7.338344100999999453e-01	4.317649534999999927e-01	-1.309344037000000016e+00	8.039355352000000510e-01	-3.056348656999999802e-01	-4.918104839999999922e-01	-6.398465370000000485e-01	-8.775749219999999795e-01	1.415674447999999974e-01	1.031566393000000081e+00	-2.384315680999999909e+00	1.052223244999999974e+00	-1.732759861999999984e+00	5.877951652999999776e-01	5.537609663000000459e-01	-1.072250869999999967e+00	-4.139767448000000183e-01	2.103385814000000020e-01	-8.960307551999999731e-01	-1.129701875000000078e+00	1.432974482999999966e+00	-4.401371875999999794e-01	-1.487811165999999963e+00	-3.672429052999999777e-01	8.691042289999999504e-01	1.018848865999999909e+00	-7.945765196999999835e-01	1.531897429999999893e-01	-6.602433548999999680e-01	1.665531128000000027e+00	3.567607250000000008e-01	-1.895682534999999946e+00	-1.053531688000000077e+00	-1.702864085000000083e+00	-3.196767327000000214e-01	1.212607328000000068e-01	-1.066920596999999971e+00	-1.256632474999999971e+00	1.241287449999999959e+00	-5.466016627999999988e-01	8.288226198999999739e-02	4.666485336000000261e-01	-1.772196074000000010e+00	-3.115082589000000013e-01	8.222866815999999579e-01	-8.992103395999999638e-01	-1.770748027000000058e-01	1.422443160000000095e-01	1.187456545999999946e+00	5.403283612000000513e-01	-1.265372509000000090e+00	-1.356969295999999936e+00	-2.369645099999999893e-01
-1.048758164000000104e+00	-4.723457651999999896e-01	-6.919609213999999842e-01	-1.004083995000000007e+00	1.296042195000000063e+00	9.073372162999999713e-01	-8.464485232999999775e-01	-9.897189138999999969e-01	1.212161655000000060e+00	8.226928545999999676e-01	8.868280433999999879e-01	-2.008586621000000072e+00	1.428102366000000067e+00	5.436505291999999684e-02	-1.003343758000000002e-01	-2.512185433999999939e-01	-3.732706277000000239e-01	5.348450319999999980e-01	1.710757276000000049e+00	-2.882562665000000024e+00	7.693417459000000125e-02	-2.009825466000000116e+00	9.369158853000000287e-01	3.172206542000000074e-01	-7.467136139000000172e-01	-6.243991423000000429e-01	-3.885732961999999735e-01	-5.530684528000000266e-02	-1.016302583000000093e+00	2.073395987000000051e+00	-4.293612137000000217e-01	-7.705011124999999739e-01	-3.355728383000000092e-01	2.526296084000000164e+00	1.795272554999999937e+00	-1.265929734000000029e-01	1.118838043000000004e+00	-1.338197519999999863e-01	2.024625848999999977e+00	9.127748538000000078e-01	-1.386687047999999978e+00	-1.043007902999999903e+00	-1.165533453000000108e+00	8.424290148999999395e-02	1.263399114999999906e+00	1.578354661999999964e-01	-1.041260351999999889e+00	1.196427357999999996e+00	-1.520399776999999952e-01	1.090687704999999896e+00	1.635772339999999936e+00	-1.121097840000000012e+00	5.556894441999999934e-01	1.379507996000000070e+00	-3.690522392000000207e-01	1.505934302000000002e+00	-2.374468815000000121e-01	1.795729554000000006e+00	2.695766188999999979e+00	5.705315505000000398e-01	1.125284173999999915e+00	4.656147071000000248e-01
-1.012789713999999952e+00	-6.671957506000000260e-01	-9.549312853000000434e-01	-8.001880054000000131e-01	1.222828593000000019e+00	1.061393854999999942e+00	-5.680078817999999474e-01	-8.470192759000000349e-01	1.544552971000000108e+00	7.316489859000000484e-01	1.373708686999999928e+00	-1.648098336000000108e+00	1.747122853000000031e+00	-1.318615184999999967e-01	8.487251703999999508e-01	-7.541449153999999488e-01	8.312119533999999810e-01	6.430831812999999730e-01	1.280637011000000047e+00	-1.349517037000000030e+00	-1.059566401000000102e+00	-9.172690544999999585e-01	1.074265712000000095e+00	-7.922648857999999850e-01	-1.126412932999999894e+00	1.593302356999999891e-01	-9.372149771000000129e-01	-2.191556424999999975e-01	-1.446688023000000101e+00	2.661340818999999858e+00	2.259870046999999937e-01	1.240723884000000110e+00	1.254631266000000078e+00	3.096593459000000159e+00	1.649618414000000088e+00	2.464724789000000138e-02	1.314703063000000061e+00	1.663206234999999866e-01	1.608003848000000069e+00	-8.916445261000000011e-01	-1.264305929999999911e+00	1.778284685999999892e+00	5.349284706000000389e-01	2.100890287999999939e-01	1.631338401999999910e+00	8.076769175000000356e-01	-9.986450184999999813e-01	-1.308614204000000114e-01	7.998603976000000226e-02	4.466090719999999958e-01	2.775792738000000259e-01	9.889539711999999483e-01	5.955058817000000171e-02	8.748036654999999939e-01	-4.572263851999999740e-02	2.090321171999999894e+00	-4.202332475000000178e-01	1.569052891999999977e+00	2.412452617000000021e+00	1.805284708000000071e+00	1.930302799999999985e+00	2.732266516999999895e-01
-9.798184993999999870e-01	-8.051170806999999874e-01	-9.787783995000000070e-01	-7.141032942999999689e-01	1.198157185999999985e+00	1.157159502000000062e+00	-4.315557544999999995e-01	-8.652172492999999909e-01	1.625317530000000010e+00	6.979840032999999888e-01	1.555021082999999971e+00	-4.182715009999999900e-01	1.866590986000000063e+00	-3.519802523000000183e-01	1.178614824999999922e+00	-6.639193878000000382e-01	1.295322832000000091e+00	6.676335164000000155e-01	1.075357765999999993e+00	-1.523264958999999974e-01	1.002278657999999961e-01	8.332558412999999664e-01	3.613468698000000257e-01	-5.852397666999999970e-01	-7.368757017999999492e-01	1.580550522000000013e+00	-1.479613719999999910e+00	-8.984634054000000258e-01	-1.919880444999999991e+00	2.656178371000000205e+00	-6.228518142000000202e-01	8.546809803999999566e-01	1.803228210000000109e+00	3.026260006999999863e+00	1.377401676000000075e+00	8.478911564000000123e-01	-2.519838752999999931e-01	4.532008162000000229e-01	6.563285388999999803e-01	-1.350646454999999913e+00	-1.389524210999999898e+00	7.125600641999999540e-01	1.053279078000000091e+00	4.669185283000000242e-01	1.508908201999999976e+00	5.956291290999999877e-01	4.983343968000000235e-01	4.990593341999999821e-01	-1.789771819000000042e-01	-3.430717784999999798e-01	-2.102404884000000085e-01	1.941245587999999911e+00	-8.495297091000000300e-01	1.396117027999999871e-01	-1.574003182000000001e+00	2.779522003999999935e+00	2.731335077999999875e-02	4.914183356999999863e-01	2.228315364000000187e+00	1.553711845999999897e+00	2.883144711999999776e-01	4.021066039999999786e-01
-9.718711661000000168e-01	-6.027570746000000534e-01	-8.140180522000000085e-01	-9.503304128999999767e-01	1.222830244999999927e+00	1.068804874000000016e+00	-5.443517252999999778e-01	-9.584437010999999895e-01	1.746710371000000039e+00	6.592410542000000095e-01	1.425270205999999984e+00	3.615026640999999819e-01	1.715438690000000044e+00	-4.042913684000000174e-01	4.765536894999999884e-01	-5.634915213000000200e-01	8.052162935000000132e-01	6.212076930000000052e-01	8.850245909999999716e-01	1.218656345999999946e+00	1.185314251999999957e+00	4.245900074000000246e-01	5.768811394999999731e-01	-2.673153166000000192e-01	-1.161981747000000009e+00	2.183632836000000133e+00	-2.817702786999999875e-01	-7.369567995000000371e-01	-1.577214584999999891e+00	2.797383668999999795e+00	-1.477128054000000024e+00	2.770964484999999811e-01	2.018314689999999967e+00	3.184986712000000164e+00	1.917092910000000039e+00	9.531003170999999830e-01	-8.714663216000000379e-01	3.766393430000000153e-01	1.109566480000000022e+00	-2.650615794999999775e-01	-1.666556818999999967e+00	-9.290860213999999617e-01	1.202073828000000066e+00	3.352220356000000234e-01	1.302653655000000077e+00	2.926487436999999914e-01	7.546112979000000331e-01	-7.522150159999999586e-01	3.979188457999999901e-02	1.859401565999999895e-01	3.369316378000000167e-01	1.181314318000000085e+00	-4.476523841000000226e-01	9.179044970999999942e-01	-8.836893915000000321e-01	1.802398294000000067e+00	-5.191236192000000527e-01	-4.341385327999999766e-01	2.801447200000000137e+00	4.697052784999999897e-01	1.866313378999999995e-01	1.226765251000000029e-01
-1.001939659999999899e+00	-4.361721863999999949e-01	-7.004319396000000530e-01	-1.201184688999999972e+00	1.206447202999999968e+00	1.006257152000000099e+00	-6.455547979000000325e-01	-1.285501954999999974e+00	1.477854197000000092e+00	6.167722526000000149e-01	1.207935900000000062e+00	5.284524039000000339e-01	1.604875210999999968e+00	-4.894884379000000174e-02	2.842898993999999901e-01	-5.144359691000000012e-01	6.085821951000000007e-01	3.325111901000000203e-01	1.541426484000000041e+00	1.179808302000000086e+00	1.031273872999999952e+00	-4.497779815999999875e-01	4.402513068000000196e-01	-9.077288640999999769e-01	-8.944985452999999476e-01	2.300475433999999986e+00	1.936154093000000076e+00	-9.570051180999999962e-02	-1.215833340999999956e+00	2.708554668000000110e+00	-7.604284063999999788e-01	-7.645515927999999573e-01	2.720077013000000044e+00	3.012711969000000156e+00	1.607891452999999915e+00	9.673007729999999471e-01	-5.204733114999999799e-01	6.247195884999999782e-01	1.859143285000000034e+00	5.081644388999999595e-01	-1.670346037000000061e+00	-1.072799059999999916e+00	9.210383147999999798e-01	7.165403162000000270e-01	5.710087027000000370e-01	1.267551886000000128e-01	6.034641169000000138e-01	-9.742583524000000272e-01	7.147098724000000569e-02	9.975722602000000050e-01	-8.028677760999999857e-02	-5.034234778999999854e-02	9.545367540999999401e-02	8.461370581999999585e-02	-2.302256622999999947e-01	1.035576190000000008e+00	-4.950215728999999842e-01	-1.323369139999999999e-01	2.847902144999999940e+00	-5.572443370999999868e-01	-4.163239749000000045e-01	-7.864294658999999577e-01
-9.403525194999999837e-01	-5.745750786000000110e-01	-8.565282577999999702e-01	-1.088713062000000065e+00	1.237101223000000028e+00	1.018738439000000051e+00	-7.176726619000000085e-01	-1.307678016000000110e+00	1.346759079999999997e+00	6.081882816000000469e-01	1.075660512000000013e+00	5.332477511000000003e-01	1.247781392000000045e+00	-3.578991554000000158e-02	8.401422825000000039e-01	-9.388501904999999592e-01	4.698910134000000016e-01	4.890618437000000124e-02	1.681444088999999975e+00	4.230778165999999896e-01	-5.007124192999999890e-01	-1.328919221999999900e+00	2.257969129000000075e-01	-1.645616858999999987e+00	-7.494152894000000176e-01	1.992545326999999977e+00	2.776227566999999841e+00	-6.685089046000000090e-01	-1.385800496999999964e+00	2.665878476000000052e+00	1.391757777000000029e+00	-7.176234108000000278e-01	2.481220067999999834e+00	2.404769947000000130e+00	8.701497446999999497e-01	-3.576117567000000053e-01	7.761916602999999748e-01	7.618563936000000147e-01	1.710120403999999983e+00	6.403490015999999674e-01	-1.198797375999999915e+00	2.760348106000000152e-03	4.146851737999999732e-01	3.991772430000000149e-01	2.375311586999999947e-01	-1.348189600999999960e-01	-1.243361151999999997e-01	6.497824026999999836e-01	-5.488760003999999804e-02	4.262266236000000208e-01	-8.499754777000000372e-01	-8.879253954000000393e-01	3.399943435000000180e-01	-3.698290777000000085e-01	-1.901822942999999988e-01	-9.626152054999999319e-02	-3.551796759999999997e-01	2.018762269999999914e-01	2.104064211999999934e+00	-9.121155467999999544e-01	-2.791704297000000001e-01	-1.427921538000000101e+00
-8.695087777000000129e-01	-7.815115258000000509e-01	-1.006164521000000089e+00	-7.889991355000000040e-01	1.043391818999999998e+00	1.014491876999999986e+00	-7.059849537000000286e-01	-9.634605956999999776e-01	1.506276388999999938e+00	6.641100360999999674e-01	1.219370998999999900e+00	3.958056039000000248e-01	8.308683834000000212e-01	-2.230744158000000088e-01	1.237229109000000049e+00	-1.100326286000000042e+00	4.974162035999999953e-01	-3.809317936000000127e-01	4.818540090000000276e-01	5.786418196999999486e-01	1.662523344000000070e-01	-2.086129714000000135e-01	3.133808127000000110e-01	-5.127182825999999638e-01	1.438035511999999905e-01	1.858392714999999917e+00	-6.280621903999999978e-01	-1.486724638999999959e+00	-1.847150587000000010e+00	2.598060609000000021e+00	1.152195268000000050e+00	1.159321280999999981e+00	1.723514261000000047e+00	1.271323712000000050e+00	3.317228295999999910e-01	-6.900030271999999520e-01	1.003025497999999960e+00	4.717562571999999732e-01	1.504956729000000104e+00	-3.721316192999999939e-01	-8.176008733999999833e-01	9.438821256999999632e-01	6.122682413000000157e-01	3.020619519000000142e-01	2.818802873999999847e-01	-6.768274251000000463e-01	-1.112972996999999964e+00	2.228236745999999935e-01	-8.506797117000000075e-01	-1.924915195999999940e-01	-1.587163534000000098e+00	-1.440049013999999961e-01	-1.075008471999999993e-01	-4.638906850000000248e-01	-9.426559183999999592e-01	-2.010742739999999973e+00	-7.298296600999999717e-02	1.896460182999999966e-01	1.629027838000000061e+00	-7.194558044000000097e-01	-6.350012355999999913e-01	-1.647597825999999932e+00
-8.887049322000000195e-01	-4.205828180000000249e-01	-5.507718146000000203e-01	-8.597928876999999526e-01	1.071267423000000107e+00	1.018464084999999963e+00	-7.094229713999999909e-01	-9.901895644999999524e-01	1.198054820999999937e+00	7.064827035999999838e-01	1.187655007000000040e+00	4.196780655999999832e-01	9.142360014000000534e-01	-4.554482165000000027e-01	8.793157140999999788e-01	-9.850793502000000368e-01	2.745319501999999856e-01	-6.010440968000000383e-01	5.746059378000000217e-01	-1.258150583000000045e-01	1.769935712000000105e+00	4.236676481999999966e-02	3.208320311000000258e-01	-3.290629730999999891e-02	-1.536169273000000057e+00	1.402879680000000073e+00	-2.947847089999999781e-01	-1.079090338000000093e+00	-2.175514457999999873e+00	2.009504773000000188e+00	-3.667724206999999903e-01	1.519488021999999994e+00	8.355655723999999562e-01	7.486181284999999797e-01	-1.294728331999999982e-01	-2.950293231000000183e-01	3.390799284999999885e-02	-2.046390629000000017e-02	1.390847130999999903e+00	-1.741535429000000024e+00	-1.120510496999999939e+00	9.944213324999999770e-01	1.007825767999999955e-01	5.157421647000000053e-01	1.635107191000000071e-01	-1.019690980000000025e+00	6.636672386999999951e-01	-2.654128326999999898e-01	-1.978850127999999930e+00	-9.937373009000000090e-01	-1.707598076000000020e+00	-2.081087299000000113e-01	-5.941664312000000114e-01	7.467531072999999964e-02	-7.752919090000000013e-01	-2.397099252999999930e+00	-8.194572920999999843e-02	7.947252540000000476e-01	6.800943362000000381e-01	-1.121490407000000022e+00	-1.722082059000000109e+00	-1.610307479999999902e+00
-9.448281409000000020e-01	-1.271015920000000132e-01	-2.821648562999999887e-01	-1.071935770000000065e+00	1.056325981999999941e+00	8.486951284000000539e-01	-8.914680262999999938e-01	-1.089339156000000086e+00	1.095923669000000045e+00	7.016756095999999721e-01	5.213755368000000390e-01	1.677604410999999907e-02	1.099875517999999941e+00	-7.040855832000000314e-01	-3.657656851000000153e-01	-7.090838283999999492e-01	-3.878500210999999975e-01	-6.694144808999999974e-01	1.210264049999999925e+00	5.322117596000000006e-01	1.251794966999999925e+00	9.488537034999999786e-01	2.327714023000000132e-01	2.138183797000000053e-01	-8.844239210000000018e-01	7.733443326000000173e-01	-9.598598933999999971e-01	5.812793754000000063e-02	-1.874167960999999938e+00	1.686144947999999921e+00	-1.314308837000000008e+00	1.019710418999999924e+00	4.000763108000000012e-01	5.286412943999999614e-01	-7.718722306000000422e-02	5.074596353000000448e-01	-5.665238860000000320e-01	-3.041333648999999806e-01	1.732252906999999897e+00	-6.828826679999999705e-01	-9.202258077999999619e-01	-1.455333024000000086e-01	-3.780458798999999925e-01	-1.016322587999999999e-01	1.440144979999999908e-01	-7.034203608000000330e-01	9.244608020000000259e-01	-7.168350137000000233e-01	-2.357748681999999985e+00	-1.220811163000000032e+00	-4.565277690000000277e-01	5.834335660999999673e-01	-1.394249448000000058e+00	-2.290087836999999960e-01	-4.710335223000000071e-01	-2.132150928999999806e+00	-1.091607288999999925e+00	9.327158996999999972e-05	1.624990574999999993e+00	-1.207300169999999895e+00	-1.068424035000000050e+00	-1.070503382000000059e+00
-8.333249014000000399e-01	-1.975593595000000036e-01	-5.377172290999999715e-01	-8.887216686000000143e-01	9.231616777000000162e-01	7.568739520999999693e-01	-1.122377807999999977e+00	-1.071619502999999973e+00	1.197518896999999916e+00	7.213896287000000074e-01	1.570203813000000115e-01	-4.533325610000000228e-01	9.177290893999999755e-01	-5.358851100000000534e-01	-4.720974102000000117e-01	-5.878291113000000401e-01	-1.208121320000000054e+00	-8.248243581999999963e-01	9.111219268000000371e-01	3.688394386000000136e-01	1.856929351000000117e-01	1.299154124999999937e-01	5.542409221999999858e-01	7.824602919999999739e-03	-3.152501229999999932e-01	5.430245243000000333e-01	2.093505701000000219e+00	-1.321431479000000075e-01	-1.241659942000000072e+00	1.372397738000000089e+00	-1.060480349999999961e+00	-2.078685208000000118e-01	7.927414872999999362e-02	2.041283654999999919e-01	1.880232418999999988e-01	1.655515347999999998e+00	-1.008238302999999947e+00	-1.517677372000000025e-01	1.518084570000000078e+00	6.116631194999999632e-01	-6.395579044000000435e-01	-6.915929911000000541e-01	-1.275763729999999929e-01	-1.625694827000000009e+00	1.013898192000000087e+00	2.485183850999999888e-01	5.397303783000000355e-01	1.434456947999999954e-01	-1.888474659999999972e+00	-1.324363737999999957e+00	4.131405008999999851e-01	-3.360736516999999757e-01	-8.708853390999999888e-01	1.234254874999999967e-02	-6.173738414999999646e-01	-2.963288518999999788e+00	-1.542270746000000026e+00	-8.193262805000000037e-01	1.771102329999999947e+00	-4.920108333000000056e-01	-5.972476840999999537e-01	-1.683740736000000071e+00
-7.353382724999999454e-01	-3.131002807000000110e-01	-7.434450881999999927e-01	-4.935232813000000052e-01	1.002060818999999992e+00	8.500888455999999760e-01	-1.163518671999999921e+00	-9.455413918999999723e-01	8.373897634000000423e-01	5.742542936000000209e-01	2.926675985000000146e-01	-5.854143544000000032e-01	8.173869888000000472e-01	-3.823740120999999936e-01	5.357431432000000493e-01	-8.486201187999999895e-01	-1.202891979999999972e+00	-8.312632909999999598e-01	8.104419027999999470e-01	-4.458383985000000105e-01	1.302085548999999953e-01	-8.433371845999999561e-01	4.370991451999999694e-02	1.670199149999999910e-01	-3.854054832000000097e-01	-3.213920840999999751e-01	2.158930718000000137e+00	-1.483705102000000033e-02	-1.269837222999999904e+00	8.998613935999999480e-01	5.615576977000000247e-02	-7.199035219999999624e-01	-4.201351029000000015e-01	5.484057368000000432e-01	-4.236220252000000297e-02	8.465323311000000350e-01	-8.006157936000000142e-01	1.559506843000000031e-01	9.069267496999999789e-01	1.124484282999999918e+00	-6.194829279000000355e-01	-3.160741253000000084e-01	-5.271282467999999916e-02	-1.652353661000000029e+00	7.548364434000000012e-01	2.668045756999999907e-01	-1.872967393999999952e-01	1.189958051000000044e-01	-2.152309950999999888e+00	-1.986606764000000025e+00	3.121554584999999826e-01	-1.480722526000000094e+00	-5.604045592999999936e-01	3.055056158000000188e-01	-9.303009933000000453e-01	-2.686606980000000089e+00	-9.780554993000000197e-01	-6.219868066000000528e-01	2.475550179000000073e-01	-3.983870748000000184e-01	8.645973044999999760e-03	-2.487761738000000111e+00
-7.160674088999999798e-01	-1.439990268000000129e-01	-6.023247229000000535e-01	-4.954483585000000190e-01	1.058931730000000071e+00	9.132642970000000027e-01	-9.512084682000000457e-01	-1.036777263000000060e+00	5.287422437000000031e-01	6.840468960000000154e-01	5.217759869000000439e-01	-8.778881930999999916e-01	8.600858403000000152e-01	-3.890433688000000112e-01	3.601546994000000002e-01	-8.606137686999999481e-01	-1.244716369000000045e+00	-7.449260862000000039e-01	1.342520882999999887e-01	-3.066780148000000095e-01	1.265835846000000098e+00	-1.194844999000000074e+00	9.562004659999999434e-02	2.129298726999999947e-01	-6.806887297999999475e-01	-7.155247679999999777e-01	8.888207039000000087e-01	-1.410815951000000013e+00	-1.460490169999999921e+00	1.080748996999999934e+00	-1.405540534999999980e-01	-1.517272729000000098e+00	-9.398124987000000541e-01	5.665679895999999882e-01	8.064928946999999626e-02	-8.500288731999999792e-01	7.072307501000000274e-01	4.463059153000000223e-01	3.406190724000000003e-01	8.321793616999999532e-01	-8.274152853999999779e-01	-3.259397010999999789e-01	-1.020274640000000010e+00	-1.413941437000000079e+00	7.080183904000000306e-01	3.688369048999999844e-01	-5.242543753999999723e-01	2.024004620000000032e-01	-1.856049813999999909e+00	-1.553360193000000056e+00	3.152533064999999968e-01	-1.903222632000000081e+00	-1.076459685000000110e+00	7.177990923999999495e-01	-4.857170798000000067e-01	-2.815600639999999988e+00	-2.493904809999999972e-01	-2.398150596999999995e-01	5.877116891000000454e-01	-9.229458522000000276e-01	-1.211652889000000011e+00	-2.402914129000000010e+00
-8.411963490999999626e-01	1.315993921999999983e-02	-3.270478491000000099e-01	-7.958535517000000503e-01	1.045856853000000086e+00	9.084484073999999909e-01	-8.283778622999999897e-01	-1.186000402999999981e+00	3.820500902999999782e-01	6.693836595000000056e-01	6.087540524000000230e-01	-9.371997570000000222e-01	1.064302738999999942e+00	-5.600546108999999717e-01	3.160886442999999990e-01	-4.183918527000000109e-01	-1.092765364999999989e+00	-9.261971366000000261e-01	5.591443888999999556e-01	-1.169575921999999935e+00	6.513719010999999837e-01	-1.176588017999999902e+00	4.842100891000000185e-01	6.311712756999999785e-01	-5.941809498000000245e-01	-8.666666369000000092e-01	-2.817595878999999970e-01	-2.841034319999999891e-01	-1.545496514000000099e+00	8.652257965999999856e-01	8.915531772000000188e-02	-1.412325427999999938e+00	-4.927086903999999823e-01	1.023398679999999894e+00	2.691877312000000022e-01	-3.348839009999999838e-01	1.205816851000000023e+00	3.075024948999999785e-01	2.496185680999999934e-01	-4.122277589000000186e-01	-9.316296358000000222e-01	-4.709665259999999964e-01	-1.888137995999999985e+00	-8.966920364999999560e-01	8.123920261999999504e-01	5.794804784999999514e-01	-1.486002921000000088e+00	-9.277038159999999312e-02	-1.077180479999999996e+00	-1.042836432999999952e+00	3.492918777999999835e-01	-1.331268745999999892e+00	-1.143640008000000041e-01	9.483026567000000240e-01	-9.878096157000000321e-01	-2.454507500000000064e+00	-3.955148336000000042e-01	-1.068920344000000022e-01	9.915474125000000027e-01	-6.058571488999999755e-01	-6.790860897999999590e-01	-1.996727887999999895e+00
-8.932883263999999990e-01	-9.444846978000000226e-02	-3.666733857000000207e-01	-8.171142045999999493e-01	1.134362548999999998e+00	8.967302740999999466e-01	-9.510907087000000093e-01	-1.082145974999999982e+00	5.118133590000000233e-01	7.276651143000000266e-01	2.954828534000000229e-01	-1.314381063999999988e+00	1.188400949999999900e+00	-6.605631040999999648e-01	1.638401409999999947e-01	-1.506287986000000023e-01	-6.851150416000000298e-01	-8.290901858000000457e-01	7.179900094000000177e-01	-1.289272774000000066e+00	1.502955501999999992e-02	-1.033976191999999905e+00	4.655562685999999895e-01	7.427550878999999995e-01	3.353925982000000028e-02	-9.610088372999999740e-01	-5.814243915000000262e-01	-6.985164865999999861e-01	-1.441269713999999924e+00	1.037972549000000022e+00	1.180052440999999952e+00	-1.061207995999999959e-01	-1.737580039000000132e-01	1.804520475999999984e+00	1.037464044000000030e+00	-1.081284305999999917e+00	1.480677435999999902e+00	-1.854708179000000012e-01	-4.023653798000000059e-02	4.909443796000000082e-02	-9.476847568999999805e-01	2.671058370000000126e-01	-1.248470645000000045e+00	-7.621025660000000368e-01	7.424342779000000503e-01	4.453089366999999910e-01	-1.139358067000000085e+00	1.178738243999999935e-01	-1.310243966000000093e-01	-4.472585385000000247e-01	4.337825175999999727e-01	-7.307769869000000362e-01	-1.040030715000000022e-01	1.080950650999999985e+00	-9.097116047000000094e-01	-1.859252351000000081e+00	-4.106589970999999784e-01	7.377573160000000518e-01	1.743638986999999974e+00	-3.657987205000000075e-01	8.319122671999999996e-01	-4.690479351999999880e-01
-8.157434676000000495e-01	-2.477693925999999991e-01	-5.360324874999999878e-01	-5.741981886999999452e-01	1.090983178999999970e+00	9.186022188000000366e-01	-1.000121075000000026e+00	-9.514138811000000251e-01	6.340800425000000518e-01	6.578241747999999944e-01	4.193360000999999948e-01	-1.214273469000000105e+00	1.100734447000000005e+00	-8.088045248999999881e-01	1.069086348999999991e+00	-6.012503242000000192e-01	-5.517838390999999509e-01	-1.090083279999999988e+00	4.678703819999999736e-01	-1.271707276000000109e+00	-1.040506307000000019e+00	-2.836456992999999982e-02	3.420685253999999897e-01	6.186998044000000530e-01	-7.695395087999999939e-01	-8.302575411999999488e-01	-1.082346389000000020e+00	-3.633750099999999983e-01	-1.639044726000000063e+00	7.225011369999999600e-01	-2.434687812999999923e-01	1.192160818000000067e+00	3.615190882000000050e-01	2.253823748999999932e+00	1.264078130999999994e+00	-2.662028409000000151e-01	1.353236740000000049e+00	-1.714876019999999890e-01	4.260094994000000052e-02	-4.869076064999999787e-01	-5.785771928999999814e-01	1.994022293000000001e+00	4.580184755999999746e-01	-4.931897377000000193e-01	5.969850258000000132e-01	1.739420489999999875e-01	1.124055092000000033e-01	-4.248811184999999879e-01	-7.491154400999999741e-02	-6.567369087000000105e-01	-9.987257328000000156e-02	3.251222172000000077e-01	-1.134179641000000044e-01	8.587178023000000548e-01	-1.150826429000000095e+00	-1.760667694999999977e+00	-8.291221843999999619e-01	1.616425760000000045e+00	2.222115897999999978e-01	-1.005271536000000021e-01	7.748626081999999693e-01	-9.424064879000000339e-01
-7.100579452999999930e-01	-4.171606981000000047e-01	-7.502954835999999794e-01	-3.935781999999999892e-01	9.834284588999999688e-01	9.234311519000000246e-01	-1.002841069000000029e+00	-8.033935925999999839e-01	8.230678221999999655e-01	8.180562338000000322e-01	6.210118071000000350e-01	-7.100102913000000404e-01	7.086435727000000018e-01	-8.624346671999999492e-01	7.772317743000000112e-01	-5.843895687000000283e-01	-6.364178874999999458e-01	-8.381628521999999748e-01	2.202417738999999930e-01	-5.279179524999999540e-01	2.141773897999999995e-02	7.443691860000000160e-01	-2.001290511000000105e-01	7.002272516999999974e-01	-5.136802244999999489e-01	2.891759023000000095e-01	-7.451879957000000498e-01	-1.205520359000000097e+00	-1.262910487999999942e+00	4.361707891000000115e-01	-3.489741574999999929e-01	1.188454289999999913e+00	2.793485500999999815e-01	2.114989630999999815e+00	1.220131432000000071e+00	2.677029826999999806e-01	3.934798264000000101e-01	-4.032852008000000210e-01	-3.665059014000000143e-02	-1.708316519999999894e+00	-4.420352638999999750e-01	6.663593550999999948e-01	6.520347631999999782e-01	-5.641780126000000006e-01	-6.554561909999999381e-02	2.862373968000000123e-03	1.237971077999999947e+00	-5.232062590999999596e-01	1.237811441000000040e-01	-2.568928869000000059e-01	-1.143217884000000018e+00	9.637760737999999661e-01	-1.486065565999999949e+00	3.189116922000000132e-02	-2.098748779000000120e+00	-1.679680112000000003e+00	6.936877756999999534e-01	4.090717660000000033e-01	2.659155046000000189e-01	-5.151308489999999463e-01	-6.105355566000000289e-01	-1.068894749999999894e+00
-8.166585301000000019e-01	-7.326114763999999613e-02	-3.446983457999999723e-01	-5.829255169000000514e-01	1.094188876999999893e+00	9.189090828999999516e-01	-8.120045824999999606e-01	-8.748473028000000040e-01	5.585096976000000213e-01	7.468571362999999463e-01	7.848306630000000395e-01	-3.376056491000000159e-01	5.012640956999999675e-01	-7.954863155000000408e-01	6.997840731000000147e-01	-6.550519101999999760e-01	-1.019429871999999904e+00	-8.773910445000000502e-01	2.487060594000000124e-01	-3.179973091000000140e-01	8.991994944000000212e-01	9.843239094000000300e-01	-4.292933648999999741e-02	1.034220174999999964e+00	-1.029773848000000047e+00	7.939377505000000390e-01	-5.835483793000000308e-01	-1.686579301999999947e+00	-1.029636028000000092e+00	5.412429732000000049e-02	-1.263167409000000019e+00	9.859398446999999566e-01	2.571538738999999962e-01	1.890569402999999982e+00	1.329643523000000105e+00	3.993789683000000257e-01	-4.493421692999999828e-01	-2.586297768999999969e-01	3.220278549999999740e-01	-1.922436147000000095e-01	-3.544466854000000167e-01	-1.185023890000000080e+00	3.123870405999999988e-01	-2.545028476000000262e-01	-4.632986392999999814e-01	-3.950668390000000030e-01	1.102903779999999889e+00	-6.126472061000000080e-01	4.499514976000000277e-01	-4.679245505999999888e-01	-1.440036568000000017e+00	7.093789913000000391e-01	-1.479870414999999939e+00	-2.445354855999999910e-01	-1.715040668000000101e+00	-1.642025387999999975e+00	-1.084785453999999927e+00	-1.574856963000000054e-01	-3.066115516999999846e-01	-8.858226903999999458e-01	-8.702645157999999714e-02	-1.398946873999999951e+00
-9.234819596000000130e-01	-3.563541181000000058e-01	-6.680633928000000443e-01	-6.740908773999999548e-01	9.816620242000000385e-01	7.692003310999999677e-01	-9.608323576999999727e-01	-8.504258550000000083e-01	6.770825402000000270e-01	8.024616587999999773e-01	7.359167935999999521e-01	-3.777426846999999976e-01	1.544718783000000040e-01	-6.770652098999999646e-01	3.180634904999999901e-01	-4.786203488999999922e-01	-1.250641509000000040e+00	-2.140204217999999992e-01	7.846190510999999645e-01	-1.746181756000000085e-01	-6.381460968000000067e-01	1.015377452999999930e+00	1.074896708000000034e+00	9.321230244000000553e-01	-1.385981863000000036e+00	1.021134124999999893e+00	-1.040186639999999940e+00	-1.206081270999999955e+00	-7.048291803999999772e-01	2.718224902999999970e-01	-1.602584074999999997e+00	2.033317946000000043e-01	1.145440756000000032e-01	1.546134394000000079e+00	5.780309553000000378e-01	3.712669282000000126e-02	-7.411897168000000091e-01	-9.042218102000000590e-02	9.852222278000000166e-01	1.090459102000000069e+00	-3.018165689000000262e-01	-8.497698567000000480e-01	7.569120657000000252e-01	-5.234316787999999665e-01	-1.503704630000000098e+00	-2.356300097000000107e-02	1.100931214000000047e+00	-1.277343606999999936e+00	3.408103163000000269e-01	-4.409902494000000200e-02	-2.049795315999999978e+00	1.582196962000000096e-01	-1.354169256999999904e+00	1.553704385999999937e-01	-1.028010558000000074e+00	-1.031386764999999928e+00	-8.238836594999999763e-01	-2.336078447999999919e-01	-1.417067502999999951e+00	-5.009320565999999531e-01	4.221181329999999831e-04	3.560416315999999771e-04
-9.271606691999999539e-01	-5.066247139999999760e-01	-7.978670432000000146e-01	-6.020262052000000530e-01	1.037699810999999972e+00	8.149171715999999899e-01	-9.326604525999999673e-01	-8.014325864000000355e-01	6.327173846000000434e-01	8.589557405000000090e-01	9.333699801000000518e-01	-5.520356906000000174e-01	-1.136847898999999995e-02	-2.386271792999999919e-01	2.355904516000000004e-01	-5.650410219999999484e-01	-8.378289043000000103e-01	-3.116053939999999800e-01	9.429930321999999698e-01	-9.659058891999999785e-01	2.788547813000000208e-01	6.396895242000000259e-01	1.173969201000000018e+00	5.832074573000000095e-01	-4.488595416999999754e-01	5.165153449999999591e-01	-6.661332408000000260e-01	-1.442369409999999963e+00	-4.492959695000000031e-01	1.412264363999999883e-01	-1.601693776000000069e+00	-2.218277826000000091e-02	-2.016770930000000017e-01	9.501601037000000360e-01	3.691996090999999924e-01	8.400883788999999879e-01	-7.703618356000000444e-01	6.500958373999999873e-01	1.409830466000000060e+00	5.667109770999999574e-01	-3.824618296999999778e-01	-1.191996072000000018e+00	1.418931812000000070e+00	-3.356071528999999831e-01	-1.468796374000000071e+00	-6.403951900000000030e-01	5.098445429000000306e-01	-9.270428693000000164e-01	4.004594994999999824e-01	-2.959300264999999985e-01	-2.140924158999999882e+00	2.757927935999999747e-01	-1.351629471999999943e+00	7.777502135999999622e-01	-8.786319327999999595e-01	-6.038134335999999491e-01	9.754929450999999530e-01	-7.601746589000000220e-01	-1.042675900999999961e+00	-1.120743074000000034e-01	-1.067669178999999913e+00	2.574135665999999767e-01
-9.024952466000000229e-01	-2.478426626000000133e-01	-5.232962288000000406e-01	-8.818230718999999773e-01	1.028720795999999993e+00	8.441248630000000031e-01	-7.759697025999999775e-01	-7.166466672000000315e-01	5.321210389999999624e-01	1.268193316000000070e+00	1.211181837000000039e+00	-6.792411495000000299e-01	6.306745464000000634e-02	2.784580857999999770e-01	-1.595935243999999920e-01	-7.152830541000000375e-01	-3.512872671000000224e-01	-4.573218258999999786e-01	1.007274825000000096e+00	-6.022126199999999763e-01	1.215545059000000094e+00	8.712911532999999542e-01	1.615491784000000042e+00	5.693983697000000177e-01	-5.396075258000000430e-01	4.771338205999999804e-01	-1.105159095000000091e+00	-1.494403493999999943e+00	-6.168710925999999761e-02	5.352076070000000296e-01	-1.556618472999999891e+00	2.940015962999999871e-02	-3.143579988999999908e-01	1.087363657000000039e+00	4.751112520999999922e-01	6.931559714999999677e-01	-6.646752092000000056e-01	1.055512701999999914e+00	2.064052853000000187e+00	6.873601329999999843e-01	-6.559343297999999933e-01	-1.159656444999999980e+00	1.068605699999999992e+00	-2.685796796000000097e-01	-1.075913045000000068e+00	-6.258750618999999737e-01	6.833931022000000466e-01	-1.280022844000000104e+00	5.325176778000000333e-01	6.049481043999999780e-02	-1.451257473999999936e+00	1.927920710999999898e-01	-2.025863225000000156e+00	1.708661178999999919e+00	-3.846335631000000199e-01	-4.604462053999999749e-01	3.482131782999999814e-01	-3.628239489999999789e-01	-8.455825219000000503e-01	-1.527933575000000044e-01	-1.106796939000000091e+00	6.618005780000000282e-01
-8.899776031999999670e-01	-2.048158804999999916e-01	-5.047187225000000499e-01	-1.076615882000000024e+00	1.014957510999999979e+00	7.915755154000000404e-01	-8.784199912000000277e-01	-8.027012832000000042e-01	5.132626185999999979e-01	1.314526563999999897e+00	9.519002507999999585e-01	-7.138226399000000555e-01	1.580110811000000060e-01	5.867414485999999929e-01	-2.509960429000000076e-02	-7.871102020000000365e-01	2.740602911999999725e-01	-7.850114475999999675e-01	1.400671908999999937e+00	2.142944683000000128e-01	1.205220063000000064e+00	-2.437086038999999871e-01	1.465710733999999960e+00	-3.529609438999999765e-02	-4.059520254999999800e-01	1.962166861999999901e-01	1.373250671999999950e+00	-5.761000314999999983e-01	3.751426154999999985e-01	8.178144377999999604e-01	-1.434606991999999970e+00	-2.582026944999999962e-01	-1.265238794000000076e-02	7.099114141000000267e-01	2.631741040999999726e-01	1.325121620000000000e+00	-7.228667159999999647e-01	1.310257349000000016e+00	2.609857972999999998e+00	1.768769138999999879e-01	-8.626692777000000145e-01	-1.313381039000000028e+00	5.744502644000000213e-01	7.507058761000000302e-02	-1.110858244000000106e+00	-8.945347405000000363e-01	6.509721848999999727e-01	-1.857170989999999966e+00	5.958488616999999543e-01	9.364045601999999857e-03	-1.249852514999999942e+00	-4.468268087999999749e-01	-9.978039727999999942e-01	1.576342542999999985e+00	-2.664208611000000171e-01	-2.644010270000000107e-01	-1.863097394000000073e-01	-1.866534440999999989e+00	4.894636943999999823e-01	2.410032645000000084e-01	-1.094150900999999898e+00	1.831673306000000112e-01
-8.506738251000000028e-01	-2.715217173000000206e-01	-6.120498690000000241e-01	-1.000156535999999985e+00	1.102252266000000036e+00	8.766142418000000269e-01	-9.543143357000000160e-01	-9.205376930999999985e-01	5.117225466000000500e-01	1.256259974000000001e+00	9.245157967999999560e-01	-4.362854312000000179e-01	2.599662363999999948e-01	6.924819436000000383e-01	5.111654078999999795e-01	-1.138787337999999982e+00	6.367753680000000083e-01	-9.382533295999999634e-01	1.066863388000000024e+00	-1.531012961000000061e-01	2.338260849000000155e-02	-9.543803027999999689e-01	1.535557703000000052e+00	-6.734718281999999556e-01	-5.383616988999999631e-01	3.625806433000000051e-01	3.037933171000000154e+00	-6.478016690000000244e-01	-5.996162689000000129e-02	7.107034546999999591e-01	2.800071124999999883e-01	-1.125375935000000105e+00	1.004865441999999998e-01	1.777530026999999957e-01	2.990341970000000016e-01	7.118399922999999463e-01	-1.145869900000000108e+00	1.297819279000000048e+00	2.068084507000000016e+00	7.020176533999999968e-01	-8.240166099000000299e-01	-9.385843422999999852e-01	4.062882533000000129e-01	-9.331366770000000255e-01	-6.304458318000000228e-01	-6.661240656000000371e-01	-3.608559511000000164e-01	-2.686810618000000095e-01	4.604867746999999900e-01	-2.929454140000000151e-01	-2.115578488000000146e+00	-1.390241865999999993e+00	-8.176462268999999949e-01	9.362708701999999938e-01	-2.360321304000000120e-01	-7.512515089000000312e-01	-4.931368239000000209e-01	-1.628529348999999904e+00	1.951957299000000035e-01	-5.294741659999999683e-01	-1.471401890000000101e+00	-9.579166678999999629e-01
-8.647879982999999715e-01	-5.656510999999999623e-01	-9.264665187999999718e-01	-6.685241768999999890e-01	1.043984274999999906e+00	8.781996422000000191e-01	-9.404010090000000099e-01	-9.367842700999999828e-01	6.532722428999999664e-01	1.297304381000000006e+00	1.008682137999999950e+00	-1.933467349999999918e-01	1.974938128999999959e-02	7.323194002999999785e-01	6.718435908000000012e-01	-1.213641597999999933e+00	5.616128517999999792e-01	-5.190344729000000434e-01	6.593663156000000303e-01	-4.598434364999999802e-01	-1.059712634999999903e+00	-1.453304785999999904e+00	1.903352544999999951e+00	-4.641504717000000113e-01	-1.136882313000000089e+00	-1.346286676000000015e-01	9.002444322000000554e-01	-2.774726343000000206e-01	-4.955371592999999741e-01	9.938729293000000409e-01	3.377364652000000023e-01	-1.574789994000000082e+00	-4.135096131000000064e-01	2.873178754999999862e-01	4.968160402999999975e-02	-9.377670441000000023e-01	-4.199302370999999923e-01	1.269677342999999903e+00	2.033128327000000013e+00	9.519626112000000306e-01	-8.784366660000000326e-01	-8.538414598000000355e-01	2.464160577000000171e-02	-9.042144126000000171e-01	-5.543055466999999847e-01	-4.370370447999999963e-01	-6.850228515999999823e-01	2.318288834999999992e-01	4.412433951000000430e-03	-4.982769175000000272e-01	-2.521099245999999905e+00	-1.286226917000000025e+00	-8.670351724000000537e-01	2.018043340000000019e-01	-5.046145015999999872e-01	-7.881157872999999814e-01	-1.527305283000000014e-01	-2.763409318000000225e-01	-1.474206622000000078e+00	-4.207525961999999953e-01	-6.363835543000000428e-01	-1.438268263999999963e+00
-8.079418663999999861e-01	-4.771584004000000157e-01	-8.469331908999999659e-01	-6.524294156000000067e-01	1.038100609000000007e+00	9.599869648000000089e-01	-9.293782501999999779e-01	-9.446270292999999763e-01	5.751498186000000290e-01	1.169013834000000029e+00	1.114538452999999985e+00	-3.261186627000000060e-01	3.571390230000000277e-02	8.693221476000000392e-01	6.749970956999999938e-01	-1.172305842000000098e+00	8.364008558000000093e-01	-1.104275268000000088e+00	7.545506535999999542e-01	-4.611620908999999879e-01	1.295454309999999998e+00	-1.287570920000000063e+00	1.407519997000000078e+00	-3.160436832999999890e-01	-6.408416866999999684e-02	-4.902809900999999804e-01	3.844963207000000049e-01	-1.826103714000000044e+00	-5.861968279000000503e-01	8.935009697000000362e-01	7.371701722000000290e-01	-1.473678980999999943e+00	-5.005968800000000218e-01	-1.113176654999999959e-01	-9.987683214999999726e-02	-1.414212615999999922e+00	8.612577262999999705e-01	1.144629808999999998e+00	1.775049134000000084e+00	-2.942579350000000260e-01	-8.124037641000000365e-01	-2.317793246000000029e-01	-6.680046839000000070e-01	-9.312482532000000424e-01	-3.328892344000000114e-01	-8.335197272000000046e-01	-1.305595293000000101e+00	-5.120819723999999740e-01	1.604025483000000030e-01	-1.184023449999999977e+00	-2.863001825000000000e+00	-7.555522195999999635e-01	-2.225554901000000030e-01	-3.523281329999999878e-01	-1.110154775000000038e+00	-2.093670447000000046e+00	3.777364863999999739e-02	-8.486573957999999918e-01	-5.377581876999999455e-01	-6.978874878999999365e-02	-1.655185955999999958e+00	-2.455956065000000077e+00
-8.465706650000000000e-01	-2.863884776000000243e-01	-5.016273033000000492e-01	-8.856144586999999957e-01	1.041267992999999947e+00	9.033403988000000551e-01	-9.046102484000000388e-01	-1.036825622999999919e+00	3.882162822999999929e-01	1.249404946999999932e+00	9.798696175000000119e-01	-5.310115548999999602e-01	1.844186261999999910e-01	6.085126365999999898e-01	4.022098224000000277e-01	-1.052981603999999960e+00	8.257786629000000156e-01	-1.402362201000000086e+00	-3.407205095000000010e-03	-9.660963955000000380e-01	1.518898261999999999e+00	-9.292360200000000514e-01	1.794503168999999954e+00	7.037901610000000252e-01	-1.024672865000000099e+00	-9.587167506999999533e-02	-8.163388054000000338e-01	-7.837336043000000529e-01	-5.897598273999999918e-01	9.425681675000000537e-01	1.244977068000000076e+00	-3.036335338999999744e-01	-9.118529833999999834e-01	-6.089897221000000194e-01	5.654023985000000002e-02	-1.140505753000000011e+00	4.643767648000000081e-01	8.320814328000000204e-01	1.817786501000000055e+00	-4.414341546000000172e-01	-9.911053670999999676e-01	2.471793278000000010e-02	-6.926512140999999678e-01	-8.961028133999999756e-01	-4.309348769999999940e-01	-1.184421050999999947e+00	-1.578283863000000009e+00	4.181146682999999920e-01	-2.553211604999999773e-01	-1.067559367000000092e+00	-2.013251503999999859e+00	-1.291701605000000086e+00	-7.988601507999999463e-01	-2.218018018000000036e-01	-3.976643532999999953e-01	-1.863789184000000043e+00	3.204605574000000123e-01	-4.928067233000000269e-01	-5.125265305999999743e-01	-1.042119014000000066e+00	-2.073265491999999988e+00	-2.235074146000000095e+00
-8.535946420000000145e-01	-1.855359970999999886e-01	-3.631581452000000043e-01	-9.638247908000000530e-01	1.084610746999999931e+00	8.772036303000000368e-01	-9.929181725000000291e-01	-1.064856908999999963e+00	1.771401120999999967e-01	1.253454846999999983e+00	5.915113645999999781e-01	-7.659473355999999455e-01	3.631649296000000193e-01	5.864437047999999653e-01	3.059724622000000172e-01	-9.398280315999999468e-01	6.795680567999999866e-01	-1.696914978999999990e+00	3.337591650000000243e-01	-1.385585612000000078e+00	9.665118820000000444e-01	-8.256952018000000004e-01	1.717505695999999915e+00	6.934124546000000056e-01	9.761111433999999920e-02	-3.256004902999999895e-01	-9.924184932999999820e-01	-1.362205588999999994e+00	-6.598831430999999581e-01	8.681370022000000075e-01	-4.564555188000000152e-01	6.379003210999999451e-01	-8.330725031000000280e-01	-7.645549287999999777e-01	3.298861565999999801e-01	-1.122386485000000045e+00	6.771829366999999600e-01	6.085177563000000456e-01	2.083617053000000219e+00	-9.152592366999999784e-01	-1.101034559999999995e+00	1.068702186999999970e+00	-6.308539369000000230e-01	-1.070129074000000013e+00	-7.014914950999999732e-01	-1.256249718000000071e+00	-1.690253366000000090e+00	-3.004975006000000226e-01	-4.367677087999999874e-01	-1.353065997999999936e+00	-1.572889435000000002e+00	-1.429215335000000031e-01	-1.326052664000000103e+00	-2.161648469999999933e-01	-3.305834574000000164e-02	-1.564704337000000001e+00	3.844611319999999832e-01	9.610394295999999947e-01	-8.341992064000000040e-01	-1.177310091999999919e+00	-5.446887933999999820e-01	-1.492589713999999956e+00
-7.882618915000000337e-01	-3.809413952999999853e-01	-6.562825677000000413e-01	-7.784498130000000460e-01	9.741254221999999796e-01	8.529389470999999556e-01	-1.178195303000000083e+00	-8.950449348000000249e-01	4.223234639999999818e-01	1.265806481000000039e+00	6.124574356999999969e-01	-7.983820007999999913e-01	4.328272092000000071e-01	2.977747518000000149e-01	3.890518486000000276e-01	-1.059249451999999980e+00	5.533538263999999707e-01	-1.448771079999999989e+00	7.439157922000000367e-01	-1.562891939000000008e+00	-3.811954812000000192e-01	3.732140583999999928e-01	1.751947074000000049e+00	1.033342492000000057e+00	-8.174115983999999946e-01	-2.123064621000000096e-01	-1.279080132999999897e+00	-7.705883652999999667e-01	-3.306670856999999741e-01	6.222089670999999544e-01	-6.452515250999999452e-01	8.836754431000000132e-01	-1.111870828000000033e+00	-9.592283233999999714e-01	-1.185648682000000065e-01	-1.102365903000000064e-01	-1.710400732000000035e-01	6.331255413999999915e-01	2.355374595999999876e+00	-1.963592640999999972e+00	-9.330512159999999611e-01	5.595231212000000287e-01	2.860925260000000137e-01	-1.260363211000000039e+00	-5.105571352000000118e-01	-4.792235342999999759e-01	3.867639995000000108e-01	-2.410317945000000073e-01	-9.228206088999999501e-01	-1.908465856000000072e+00	-1.398794904999999922e+00	7.925960440000000551e-01	-2.039591151999999852e+00	-4.953504585999999876e-01	-7.050160791999999788e-01	-1.412265404000000002e+00	1.295871302000000114e-01	1.279545200999999965e-01	-1.528024684000000022e+00	-1.232573949000000058e+00	2.017481089000000005e-01	-1.744317641000000085e+00
-7.714005308000000394e-01	-5.344901836000000017e-01	-8.472843589999999869e-01	-5.641771814999999579e-01	9.980894769000000499e-01	9.231223595999999976e-01	-1.128304554000000071e+00	-8.481186618999999594e-01	6.006248015999999801e-01	1.084341793000000109e+00	8.145887271999999735e-01	-9.089723002999999801e-01	6.806697610999999926e-01	-4.558245090000000166e-02	3.076517175999999854e-01	-9.401069438000000389e-01	3.562595396000000081e-01	-9.115922288000000151e-01	3.751606336000000153e-01	-1.073641974000000054e+00	1.449083694999999949e-01	9.130249445000000463e-01	1.224847663000000031e+00	9.103056977000000272e-01	-2.977006850000000204e-01	-1.386405695000000049e-01	-4.799299251999999960e-01	-1.260084009000000060e+00	-5.161537315999999986e-01	7.092165673000000448e-01	-1.042863191999999994e+00	5.836372474000000032e-01	-1.424180116000000051e+00	-1.298633117999999920e+00	-3.566965328999999740e-01	2.674898594000000088e-02	-5.844628119000000455e-01	3.689545466999999968e-01	1.861355813000000081e+00	1.340901606999999884e-01	-7.249727910000000053e-01	-5.241437433000000201e-01	6.442675960999999507e-01	-1.257193463999999983e+00	-1.102150734999999937e+00	-3.246987552000000221e-01	4.307196112000000188e-01	-6.544091256999999828e-01	-1.718751799000000080e+00	-1.882460640999999990e+00	-1.203807991999999993e+00	1.231135255999999956e+00	-1.793794877999999926e+00	1.144315872999999983e-02	-5.339986732000000513e-01	-8.697208207000000080e-01	-2.811418689999999887e-01	-6.991447163999999770e-01	-1.745033196000000064e+00	-1.162062499999999998e+00	-1.127262656000000085e+00	-1.658201902000000061e+00
-7.960971011999999902e-01	-2.761306157000000261e-01	-5.849180134999999447e-01	-7.628032250999999819e-01	1.032280046999999978e+00	8.854230719000000249e-01	-1.032240776999999943e+00	-9.313024194000000255e-01	6.045479568999999609e-01	9.554312686000000499e-01	8.524148205999999561e-01	-9.800286626999999973e-01	8.866418117000000043e-01	-2.473598042000000052e-01	-1.531486498000000085e-01	-7.999512742000000065e-01	-1.077328300999999960e-01	-1.056821116000000060e+00	7.499703334999999749e-01	-7.414587183999999942e-01	1.599260093999999910e+00	8.964785836999999979e-01	9.365913794000000347e-01	9.370598221000000505e-01	-5.624020615999999473e-01	8.590206321000000422e-02	-1.098424727000000045e+00	-1.413020329000000075e+00	-5.066148217000000509e-01	5.638277439000000113e-01	-1.933224714000000066e+00	-1.015228420999999964e-01	-1.120270316999999904e+00	-1.403850939000000020e+00	-1.012769092000000010e-01	8.870495301999999915e-01	-1.128159635999999910e+00	6.021329073000000059e-02	1.831671964999999958e+00	8.113209024999999963e-01	-9.458636978000000139e-01	-4.646082165000000042e-01	2.572025300999999931e-01	-1.173032583999999989e+00	-7.688913257999999695e-01	2.065061565999999904e-01	2.443046470000000137e-01	-7.937061921000000408e-01	-2.017494758999999860e+00	-9.688726843999999616e-01	-1.210687577999999959e-01	-3.101804316999999811e-01	-2.166316886999999802e+00	5.587522810999999701e-01	-5.892688427000000173e-01	-8.591768574999999464e-01	-1.465125854000000061e-01	-9.302249066000000122e-01	-1.195936781999999976e+00	-7.918522355999999540e-01	-1.080313713000000009e+00	-1.487104726000000099e+00
-8.868611182000000204e-01	-1.447929116999999988e-01	-3.990501167000000127e-01	-8.995153137000000410e-01	1.054859686999999990e+00	8.085003628000000386e-01	-1.039507116000000009e+00	-8.886339113000000234e-01	6.560961277000000313e-01	9.443818121999999482e-01	6.436530885000000257e-01	-1.069249721999999903e+00	1.166392772000000022e+00	-1.485676914000000071e-01	-3.809581665999999811e-01	-3.354366214999999762e-01	-4.635733926999999754e-01	-7.230595288000000176e-01	1.253428946999999960e+00	-7.015066231000000041e-01	7.956539905999999718e-01	1.209263389999999938e-01	1.403954842999999952e+00	8.470469162000000551e-01	-4.052107299000000107e-01	-8.071141946000000289e-02	-1.163599328999999960e+00	3.074330636000000179e-03	-1.404845459000000074e-01	6.109835810999999506e-01	-2.100644974999999803e+00	-2.125422972999999882e-01	-1.048143164000000072e+00	-6.098667836000000175e-01	5.866021702000000504e-01	3.855821045999999752e-01	-5.417483966999999678e-01	-5.714419185999999873e-02	2.562895590000000112e+00	4.244344701000000164e-01	-9.014345621999999558e-01	-1.001941713999999983e+00	7.897403713999999741e-01	-7.727229359999999714e-01	-2.132392102000000011e-01	9.068007611999999718e-01	5.184258456000000459e-01	-1.316470884999999980e+00	-1.548408352000000043e+00	-1.829729284999999928e-01	1.185565154999999926e+00	-7.111659123000000360e-01	-2.094429571000000045e+00	1.628124365999999990e+00	-3.140535299000000169e-01	1.375481909000000023e-02	-6.293606044999999760e-01	-7.409277277000000383e-01	1.008462180000000014e-01	8.031325978999999393e-02	-1.075736337999999986e-01	-6.237594718000000205e-01
-8.157396846000000146e-01	-8.611395309000000053e-02	-3.578702080000000230e-01	-8.395587511000000003e-01	1.090163372999999991e+00	8.676233757000000324e-01	-1.058869985000000069e+00	-6.428405677999999845e-01	8.924131258999999927e-01	1.027698500000000070e+00	4.224012012000000205e-01	-1.165608159000000033e+00	1.498254675999999952e+00	2.399600419000000040e-01	1.108992803999999943e-01	-2.100772344999999874e-01	-2.116956533000000085e-01	-8.353180634000000326e-01	1.500978576000000064e+00	-1.910945549999999993e-01	1.018873308000000089e+00	-6.597041666999999832e-01	1.325236501000000011e+00	4.511991501000000016e-01	-7.363219660000000499e-02	-1.720526804999999992e-01	6.633023110000000333e-01	-4.452279934999999744e-01	-1.718237867999999891e-01	9.717600507000000443e-01	-1.593682966000000034e+00	-3.177865011000000073e-01	-1.269840918000000041e-01	-5.984141269999999901e-02	1.215429617999999934e+00	1.494065323000000056e+00	-7.300426034000000453e-01	4.250429182000000083e-01	2.745628847999999955e+00	7.640193281999999586e-01	-4.365881376999999897e-01	-1.203507152000000024e+00	7.371232348999999795e-01	-9.990203985000000175e-01	9.725355448000000402e-01	1.160779387000000051e+00	6.700013561000000006e-01	-1.039790336999999898e+00	-6.264502694000000371e-01	5.834255800999999658e-02	1.885069080999999924e+00	-4.186339050999999811e-01	-8.774864021999999597e-01	1.391663467999999959e+00	-2.024010871999999961e-01	4.240237179999999939e-01	-2.968209698000000007e-01	-7.014122871000000314e-01	1.212551428000000042e+00	8.940080910000000047e-01	1.150412304999999913e+00	-4.573820491000000210e-01
-7.169131162999999862e-01	-1.718555431999999883e-01	-5.981751377999999786e-01	-4.988565915000000017e-01	9.162445863999999496e-01	9.043237741999999857e-01	-1.130129230000000096e+00	-3.217718645000000044e-01	9.747015756000000364e-01	1.089971253000000084e+00	4.426046371999999840e-01	-7.181010361999999869e-01	1.311204518999999902e+00	9.622088448000000460e-02	1.225212200999999945e+00	-4.999981145999999876e-01	-3.380382336999999959e-02	-7.521443495999999840e-01	1.236249960999999953e+00	2.443491865999999901e-01	-3.958298666000000243e-01	-1.122982082999999909e+00	1.010926444999999951e+00	-6.425432183999999491e-01	-3.426854072000000140e-01	4.242766322000000034e-01	2.942443778999999981e+00	-4.267761948000000083e-01	-4.963497347999999976e-01	1.320926808000000063e+00	8.535709011000000013e-01	-6.192705193999999969e-01	2.312502234000000101e-01	4.514849778000000202e-01	1.177959007999999974e+00	9.812970397000000400e-01	2.412685719999999867e-01	7.481912687999999756e-01	1.707344002999999999e+00	1.277094154999999898e+00	5.257801085000000235e-02	-2.220555584999999998e-01	2.959257712999999734e-01	-1.650633645000000094e+00	1.008932815999999955e+00	1.253917428999999917e+00	3.551364510000000196e-01	3.243317463000000012e-01	-3.507842037000000190e-02	-1.745426890000000009e-01	1.322041373000000020e+00	-1.006865198000000072e+00	-4.966334969999999793e-01	1.438982382000000004e-01	-1.074401176999999930e+00	4.257281350000000075e-01	-2.133993103000000058e-01	-8.662416485999999693e-01	-1.371426295000000017e-01	1.315753691999999919e+00	9.257682964000000236e-01	-1.539275356999999955e+00
-6.611763458999999621e-01	-1.925853299999999990e-01	-5.873219677000000027e-01	-2.515969623000000044e-01	8.961399723999999845e-01	1.004687966999999960e+00	-1.056982501000000019e+00	-1.997450033000000014e-01	8.212161820000000167e-01	8.470094529999999677e-01	5.616126376000000198e-01	-6.979539107000000409e-02	1.102931241000000062e+00	-4.080133206000000068e-01	1.306936818000000056e+00	-5.677879894999999788e-01	1.441718948000000021e-02	-9.111719469000000293e-01	4.777923177999999771e-01	5.243679831999999985e-01	5.283660047999999554e-01	-1.112710107999999920e+00	1.673632981000000020e-01	-9.584045427999999811e-01	-2.199101139000000094e-01	7.551230422000000386e-01	5.321230762999999975e-01	-1.395944453999999890e+00	-1.160907614000000088e+00	8.526680157999999565e-01	9.427415457000000165e-01	-1.042894360000000020e+00	4.237855374000000230e-01	3.669431522000000112e-01	4.391836107000000045e-01	-2.759080619000000012e-01	1.401818583000000062e+00	6.682012339999999773e-01	5.361339565999999612e-01	7.297682905000000275e-01	3.171226879999999859e-01	8.722346327000000121e-01	-5.143320564000000150e-01	-6.190928186999999916e-01	-2.655067288999999817e-03	4.880181453999999919e-01	3.090613237000000013e-01	6.666146985999999997e-01	1.006332525000000061e-01	-7.769693897000000404e-02	2.759360392999999911e-01	-1.022863896000000050e+00	-9.164605074999999657e-01	-8.596233977999999665e-01	-1.686455495999999998e+00	2.763771636999999837e-01	4.240302663000000138e-01	-1.388729026999999894e+00	-1.888940980999999908e-01	7.268847992000000424e-01	-1.211129129999999998e+00	-1.628947528999999950e+00
-6.654875293999999997e-01	1.108463174000000051e-01	-1.053394046000000056e-01	-4.747065059999999725e-01	9.293919076000000112e-01	8.831241694000000475e-01	-8.023662215000000320e-01	-4.119084593999999822e-01	7.225385555000000126e-01	6.831890672999999525e-01	2.156493647999999930e-01	4.008607710000000046e-01	1.031041607999999998e+00	-5.486764631999999642e-01	9.362931438999999578e-01	-5.297562215000000130e-01	-6.639424789000000215e-01	-1.061954327000000031e+00	5.130507247000000159e-01	-4.581252807999999788e-02	1.208733062000000080e+00	-9.268068361000000310e-01	6.170343096000000527e-01	-3.142933707000000187e-01	-1.711864948999999969e+00	1.162831420000000060e+00	-3.013302966999999999e-01	3.334397396000000069e-01	-1.151783739000000084e+00	-3.299735054999999861e-02	9.992394602999999931e-01	-7.647979728999999560e-01	3.917985764999999954e-01	-5.368727461000000201e-02	1.817231934000000104e-01	2.566473483000000222e-01	1.623381549000000090e+00	9.339340155000000476e-02	5.998366032999999931e-01	-5.616920355000000198e-01	-6.646290724999999455e-02	3.109431135999999873e-01	-1.516967803000000004e+00	3.147073452000000160e-02	9.404144424000000502e-01	-1.371069571000000098e-01	-1.074998705999999915e+00	5.619472197999999530e-01	9.675747580000000347e-01	6.173962252000000372e-01	3.883766513999999948e-01	-5.647364798999999769e-01	-4.677271922999999831e-01	3.288453721999999857e-01	-2.802844785999999977e-01	1.710827684000000015e-01	3.661608177999999825e-01	-1.174510010999999965e+00	5.350190027000000237e-01	-5.847742448999999620e-01	-1.359614810999999923e+00	-1.647796097999999931e+00
-6.681822803000000421e-01	1.997030850000000024e-01	-8.251195573000000109e-04	-5.212540669999999876e-01	8.885691882999999791e-01	8.228657610999999816e-01	-8.288306260000000147e-01	-4.182428724000000209e-01	5.384912572000000175e-01	7.572658825000000427e-01	-1.980240825000000038e-01	1.516641635000000043e-01	1.078067520000000057e+00	-3.550521844000000260e-01	6.017615713999999727e-01	-4.350202121000000255e-01	-8.366856918999999726e-01	-1.209981575999999892e+00	5.265069337000000127e-01	-7.947998867000000134e-01	1.704044825000000096e-01	-5.674377686999999559e-01	6.108426419000000385e-01	8.787994550000000071e-02	-3.578848429999999942e-02	6.376143013999999720e-01	-8.503712237999999646e-01	-3.150438708000000143e-01	-7.464027385999999487e-01	-3.277617776999999788e-01	1.696763543000000096e+00	2.357701261000000048e-01	-1.911087144999999987e-01	3.563852786999999744e-01	3.816108970000000045e-01	-3.417067958000000183e-01	1.826896244000000058e+00	-1.888203001000000048e-01	8.132368844999999791e-01	-2.592250918000000084e-02	-3.861401656999999821e-01	6.286609116000000386e-01	-1.250275762000000013e+00	5.387659268000000168e-01	6.352397332000000452e-01	6.331696422999999463e-02	-1.247810359000000036e+00	4.820884704999999770e-01	7.400844003000000004e-01	8.166521029000000098e-01	5.884342731999999687e-01	-1.137634071000000052e-01	-5.720702841000000483e-01	4.652838407000000065e-01	3.304903445999999856e-01	4.265059448999999892e-01	1.181311201000000005e-01	-4.212211656000000026e-01	1.417410218000000111e+00	-1.193401117000000067e+00	-3.754452775000000075e-01	-6.321912212000000419e-01
-6.261280088999999771e-01	1.471989351000000112e-01	-1.284893360999999901e-01	-4.741832550999999785e-01	8.816546135999999700e-01	8.621536379999999999e-01	-8.954291657999999821e-01	-5.350126445999999758e-01	6.085483914000000549e-01	7.550774444000000196e-01	-2.438858751000000102e-01	-9.013461940000000450e-02	1.154165200000000002e+00	-3.262068686999999856e-01	9.991997684000000213e-01	-4.577975025000000087e-01	-6.178084206999999717e-01	-1.432902745000000033e+00	3.222265784000000188e-01	-7.442709939999999635e-01	1.265971518000000018e-01	3.461691686999999740e-01	4.981953773000000196e-01	-4.283550722000000199e-01	1.563972496999999906e-01	5.115229883999999894e-01	-4.282882342000000064e-01	-7.690771358000000335e-01	-7.019737683000000228e-01	-2.910743713000000232e-01	3.811249461999999810e-01	1.953443247000000049e+00	5.638121724999999723e-02	4.615425785999999753e-01	3.262735860000000043e-01	-2.706412407000000075e-01	1.471174522999999956e+00	-3.999117083000000017e-01	1.092772298000000086e+00	-1.168861544000000086e+00	-5.374436514999999526e-01	2.147128094000000154e+00	-2.418535106999999962e-01	7.713076068999999979e-01	9.527960779999999907e-01	-1.125382370999999937e-02	8.396507028999999900e-01	-6.186204685999999731e-01	7.297220271000000036e-01	2.129829168000000050e-01	2.397260203999999895e-01	7.566230428000000341e-01	-9.425786747000000076e-01	4.858224172999999757e-01	5.187945732000000254e-02	1.003935147000000055e-01	-2.829674474000000162e-01	-4.175127224999999886e-01	1.390071740000000000e+00	-7.360368662999999811e-01	1.588240578000000014e-01	-7.801202533000000106e-01
-5.962414554999999616e-01	6.102231763000000309e-02	-3.647052789999999933e-01	-1.887747704000000137e-01	6.015873702999999795e-01	7.311346131999999498e-01	-1.043696320000000011e+00	-4.020999986000000082e-01	8.979596367000000079e-01	1.011621995999999912e+00	-1.124303482000000021e-01	3.400240244000000273e-02	1.053743198000000048e+00	-7.752570631999999851e-01	1.110192201999999906e+00	-4.948602295000000262e-01	-6.190952241999999606e-01	-9.937178408000000296e-01	-1.245991453000000054e-01	2.208928588000000082e-01	-9.475174405999999827e-01	1.864674281999999961e+00	1.196763408999999889e+00	-1.476041984000000043e-02	-8.976257394000000112e-01	4.667331645000000195e-01	-5.877093164000000147e-01	-7.806487573000000513e-01	-6.928462449000000190e-01	-2.611360583999999818e-01	-5.165968209000000311e-01	1.229587760999999890e+00	-2.039499479999999920e-01	2.135942348000000046e-01	1.520472404000000046e-03	1.784025203999999976e+00	1.034871504999999997e-01	-2.418141732999999904e-01	6.447876492999999876e-01	1.615638906999999902e-01	-2.484942689000000093e-01	5.573517609000000483e-01	1.035278040000000011e-01	2.139143246999999914e-01	9.807509676000000232e-01	6.536941819999999570e-01	1.272153295999999933e+00	7.299175542999999933e-02	-1.895209281999999870e-02	-1.066297940000000111e+00	4.633226027999999830e-01	1.429157197999999962e+00	-1.252662860000000045e+00	1.467852749000000123e-01	-4.028248933999999948e-01	9.863082001999999571e-02	-5.694226758000000554e-01	-7.952197956000000012e-01	-1.295372218000000020e+00	-1.487849046000000008e+00	-1.708130891999999901e-01	-1.412268422999999995e+00
-5.599220474999999642e-01	1.319243989999999978e-01	-3.100722673999999901e-01	-1.564735270000000011e-01	6.669241192999999512e-01	7.957175238999999456e-01	-1.059799332999999955e+00	-5.641581517999999518e-01	6.077584140999999773e-01	1.058018064000000091e+00	-2.301645073999999958e-01	1.843035405000000015e-01	8.774701325999999524e-01	-1.169458207999999999e+00	3.018245702999999835e-01	-4.645979948000000248e-01	-6.786670554999999494e-01	-9.798342676000000306e-01	-1.175983617999999953e-01	9.948372935999999500e-01	6.140310650000000425e-01	6.503505913999999555e-01	1.108995919999999913e+00	-7.225406572999999721e-02	-7.968468534999999520e-01	-1.874528155999999890e-01	4.867973098000000221e-01	-2.087107883999999913e+00	-5.133549716999999957e-01	-4.292083387999999777e-01	-1.063968103999999970e+00	-8.733435526999999698e-02	-2.989519449999999967e-01	-2.430332602999999980e-01	-8.541538452999999920e-02	9.496849259999999848e-01	7.941597660999999420e-02	9.517790325000000107e-02	1.958973005999999906e-01	7.335425136000000013e-01	-2.658169483999999749e-01	-4.437225591999999774e-01	3.597448537999999724e-02	1.181754795999999941e-01	1.350904172000000070e-01	9.958759750000000244e-01	7.461317364999999757e-01	-1.861475382999999928e+00	-1.311177413000000069e-01	-8.063315560999999576e-01	5.781530827999999955e-01	6.233306868000000334e-01	-1.613587376999999989e+00	2.456098412000000120e-01	1.850067824999999944e-01	-4.168689031999999739e-01	-4.747045336999999865e-01	-1.381842449000000084e+00	-3.722163004999999858e-01	-1.367826221999999925e+00	-1.850707141000000000e+00	-1.641085949000000044e+00
-5.860061544000000344e-01	2.943346540999999816e-01	-3.020928793999999931e-02	-5.593184460000000247e-01	7.808656766999999554e-01	6.914421076000000221e-01	-9.648486980999999574e-01	-1.064156507999999945e+00	5.131386489999999467e-01	1.172578244999999963e+00	-5.713860720000000226e-01	-5.288428794999999738e-02	8.239675695000000522e-01	-9.743253901999999744e-01	3.465863767999999845e-01	-3.224605866999999959e-01	-6.697640581999999565e-01	-1.188941763000000096e+00	7.817202584000000343e-01	2.750640060000000275e-01	8.185453244999999489e-01	-2.000183728000000105e-01	1.088012648999999943e+00	2.762997496999999858e-01	-1.626316709999999999e+00	-3.668787054000000047e-01	9.765131521000000592e-02	-9.445232364000000214e-01	-1.450865456000000053e-01	-2.363130505000000103e-01	-1.389831561999999909e+00	-9.800741482000000504e-01	5.309828544999999761e-02	-4.692948331999999834e-01	-1.601737396000000035e-01	1.558756990000000009e+00	-8.622344941999999790e-01	4.701119294000000171e-01	7.477937617000000037e-01	4.152960742999999844e-01	-7.745015718000000104e-01	-1.151458684999999926e+00	-2.175524286999999946e-01	5.637221729000000403e-01	4.272622964000000190e-01	1.211525838000000022e+00	1.214168253000000031e-01	-1.754313926000000023e+00	-6.904712954999999569e-03	-2.681791581999999896e-01	9.769449085000000421e-01	-5.044558182999999696e-01	-1.344808449999999933e+00	6.578225195000000358e-01	-5.454908243000000396e-04	-5.301939865999999446e-01	-3.458941911999999785e-01	-2.174252803999999983e+00	1.093875238000000083e+00	-1.289888592999999917e+00	-1.595075927999999976e+00	-1.615147027999999985e+00
-5.883455013999999705e-01	3.163531680000000179e-01	-3.349185209999999691e-02	-5.632794561999999727e-01	8.101473614999999961e-01	7.984040781000000253e-01	-9.229404624000000501e-01	-1.049061451999999894e+00	4.540455568999999802e-01	1.333714923000000052e+00	-6.873802520999999777e-01	-2.870751892999999777e-01	7.218944898000000387e-01	-5.875072062999999734e-01	3.713683413000000155e-01	-1.429720747000000070e-01	-4.388141228999999921e-01	-7.384853460000000425e-01	1.042642521000000100e+00	-6.097033746000000143e-01	1.748099771999999941e-01	-8.511575143999999815e-01	1.283200429999999947e+00	6.953589082000000143e-02	-6.917709705000000264e-01	-1.271978376000000077e+00	2.022823928999999854e+00	-1.182863396999999983e+00	2.329319405999999981e-01	1.127824788000000023e-01	-3.781676801000000143e-01	-6.193612414000000399e-01	-3.858004655000000227e-01	1.922919644999999955e-02	5.362134746000000174e-01	2.286905807000000068e-01	4.448964745999999804e-01	9.674189257999999958e-01	9.743203710000000184e-01	1.373157921000000004e+00	-8.648147604999999460e-01	-1.611904906999999998e+00	-1.045538096000000028e+00	3.705974791000000157e-01	7.680487467000000068e-01	1.192272108999999913e+00	-5.682482725999999928e-01	-1.746961935000000077e+00	6.864831432000000067e-02	6.260616503000000499e-01	1.715535655999999909e+00	-1.698766393000000097e+00	-3.896676115000000107e-01	1.135804204000000039e+00	1.430669320000000022e+00	-1.950838105999999905e-01	-2.786297795000000077e-01	-1.318751795000000060e+00	1.302990341999999968e+00	-1.327585760000000059e+00	-8.686766527999999488e-01	-1.762097884999999975e+00
-5.668033014000000147e-01	2.980307489999999837e-01	-5.322410912000000160e-02	-5.923271514000000293e-01	8.167275953999999505e-01	8.418008309000000189e-01	-9.581197130999999922e-01	-1.002879121999999956e+00	6.098438575000000306e-01	1.490934213999999924e+00	-6.759816452000000364e-01	-6.930790945999999453e-01	7.750188398999999784e-01	-4.255363433000000084e-01	9.348738824000000225e-01	-2.002177337000000112e-01	2.794039023000000066e-01	-6.841780648999999936e-01	3.450572011999999966e-01	-6.090204164000000420e-01	-4.118712393999999777e-01	-1.191273548999999932e+00	7.938750930000000317e-01	-4.424542448000000072e-01	-6.599810510000000408e-01	-1.303063862999999989e+00	2.241715096999999934e-01	-1.154997065999999961e+00	3.151213935000000271e-02	6.695582112000000308e-01	3.462858192000000113e-01	-1.036484197000000052e+00	-3.033699310999999899e-01	7.671204529999999799e-01	1.071108013999999997e+00	7.357338909999999732e-01	1.095868628000000067e+00	1.383331086999999959e+00	1.098016147000000053e+00	3.622469457999999976e-01	-1.141365071999999925e+00	-4.596775195999999730e-01	-7.753509763000000499e-01	5.242042953000000116e-01	7.702323599000000520e-01	1.219408566000000027e+00	7.230246345000000685e-02	4.774644772000000148e-01	7.058663030999999810e-01	6.111926320999999662e-01	1.271927467000000034e+00	-1.727480220999999982e+00	-1.303908049999999985e+00	8.033700332000000000e-01	4.164691122999999995e-01	5.289409698999999465e-01	-3.769697149999999830e-01	-1.028564475000000034e+00	1.178531806000000071e+00	-1.360394136000000032e+00	1.608069104999999832e-02	-7.704016822000000486e-01
-5.046227760999999479e-01	1.726208180999999897e-01	-4.435891794999999860e-01	-2.460259804000000106e-01	6.982413513999999877e-01	8.199612709000000388e-01	-1.046485211000000026e+00	-4.926097711999999906e-01	1.112115962999999930e+00	1.612844892999999891e+00	-1.792649820999999977e-01	-2.010449364000000128e-01	3.546187355000000041e-01	-4.596044430999999819e-01	1.011984854000000045e+00	-2.667375055000000272e-01	2.778310605000000044e-01	-6.184502179999999960e-01	4.296159246999999848e-01	5.675216556000000079e-01	-1.486114515999999997e+00	-1.197029176000000028e+00	1.292818073999999928e+00	-7.593643137000000154e-02	-1.374610467999999974e+00	-1.901218239000000088e+00	1.307849727000000017e+00	-2.724709445999999868e-01	2.550399133999999846e-01	8.122072067000000173e-01	5.557571478999999703e-01	3.229434816000000263e-01	-4.266381358999999929e-01	1.637126080000000039e+00	1.712542677000000069e+00	9.034021483999999935e-01	8.011586200000000435e-01	1.390437901999999948e+00	1.211324958999999923e+00	1.421066704000000014e+00	-3.134566851999999737e-01	-4.794855162000000171e-01	-1.509449486999999979e-01	2.920988063000000134e-01	1.156792564000000079e+00	1.380404461999999999e+00	1.465961845999999902e+00	-1.113518747999999947e+00	9.887157735999999586e-01	8.414633718999999790e-01	7.015606958000000226e-01	2.664219816999999768e-01	6.806880427999999483e-01	6.024347178000000191e-02	1.440281327999999972e+00	4.944272889000000254e-02	-4.292758510999999944e-01	-7.570413902000000528e-02	-1.015862837000000019e+00	-3.417165730999999762e-01	1.726063828000000133e-01	-2.918354921999999907e-01
-3.854652064999999905e-01	7.291991731999999948e-02	-5.519990443000000191e-01	-1.654504431999999914e-01	5.466762831999999461e-01	9.120423749999999607e-01	-9.571098148000000139e-01	-2.926725411000000165e-01	1.025640864999999957e+00	1.439823207999999966e+00	1.937233792999999982e-01	-2.323628397999999984e-01	2.139644961000000123e-01	-7.082510412000000422e-01	1.706072752999999942e+00	-6.624057410000000479e-01	9.384822328999999907e-01	-1.508715604000000043e+00	-3.095267338000000090e-01	1.429768614000000104e+00	6.008201158999999514e-01	2.801822064999999751e-01	-1.191174007000000007e-01	-7.135328083999999960e-01	-2.295878487999999940e-01	-5.180112921999999731e-01	1.843578402999999977e+00	-2.684761597000000055e+00	-5.799585868000000088e-01	7.840302889000000386e-01	2.963475804999999852e+00	1.020341697000000103e+00	5.797319120999999686e-01	7.858024232000000442e-01	9.272432424000000006e-01	-1.055699267999999913e+00	2.027594335999999942e+00	1.193964535999999965e+00	-1.580328950999999871e-01	-3.763991168999999970e-01	-3.164470828000000013e-01	1.554785107999999916e+00	2.309611088000000124e-03	4.805618855000000078e-01	6.169615480000000263e-01	8.604475658000000360e-01	-3.246011824000000212e-01	-1.486805460000000023e+00	8.832988670000000431e-01	6.552780967000000345e-01	-1.806914920999999952e+00	-3.244729049999999781e-01	-6.252840371000000230e-01	-2.198210878999999895e+00	1.151363784000000029e-01	-1.012144198999999967e+00	6.757237762000000147e-01	-1.141371107999999968e+00	-1.550006033999999921e+00	-4.840064586999999752e-01	-2.334200979999999870e+00	-9.478630866999999682e-01
-4.799377248000000207e-01	3.536894145999999739e-01	4.245293927999999745e-02	-6.223758996999999571e-01	6.128435320999999769e-01	7.651362050000000137e-01	-7.365414247999999553e-01	-4.391890621000000272e-01	7.568116258999999513e-01	1.037195287000000077e+00	-2.478953267000000016e-01	5.064095502000000026e-01	2.238981952999999914e-01	-1.053717653000000087e+00	1.221969510000000092e+00	-5.691987734000000243e-01	2.362016191999999903e-01	-1.159602145999999889e+00	-7.444757473999999986e-01	-7.978079964999999774e-02	9.561771981000000142e-01	2.476834257999999955e-01	-8.426419432999999737e-01	7.334658063000000228e-01	-1.192158526999999912e+00	1.314046225999999928e-01	-9.982906929999999512e-01	-8.821833796000000394e-01	-2.865213622000000182e-01	-2.610003023999999949e-01	9.272406564999999823e-01	3.849361049999999729e-01	-7.727339075000000390e-02	4.541249118000000029e-02	1.816867047000000068e-01	3.910539927000000193e-01	9.594716344999999480e-01	2.273294548999999984e-02	-7.338109060999999933e-01	-1.075249914000000029e+00	-4.829647646999999933e-01	5.393329640999999786e-01	-1.356681532000000079e+00	1.558996518000000053e+00	-1.533861287999999969e-02	-4.031230480999999921e-01	-1.585841298000000066e+00	4.237630068000000083e-01	1.649141165000000131e-01	4.691216977000000066e-01	-1.762939904000000002e+00	-1.697349431999999991e+00	-1.911156097000000109e+00	-1.545722394000000000e+00	-4.950528082000000274e-01	-4.713369458000000178e-01	4.546615070999999730e-01	-1.548461649999999912e+00	-1.759046909000000047e+00	-2.032150532000000176e+00	-2.225412819999999847e+00	-2.095566057000000093e-01
-4.989048803999999726e-01	3.842874647000000254e-01	7.690933784999999523e-02	-6.883861719999999629e-01	7.675466225999999503e-01	6.353697377999999452e-01	-8.088025728000000081e-01	-3.077339546000000259e-01	6.300642847999999852e-01	8.722838214999999451e-01	-7.014163346999999771e-01	1.391523759999999943e-01	-9.258565173999999676e-02	-7.489851786000000233e-01	3.500885355000000199e-01	-4.574013543000000070e-01	-1.269241215000000089e+00	-8.959651169000000248e-01	7.064489295000000446e-01	-9.224402973999999977e-01	8.500914973000000055e-03	-5.991564351000000510e-01	-5.719912703999999737e-01	9.964798276999999871e-01	-4.545926797000000019e-01	-2.772309468999999971e-01	-8.705714481999999865e-01	-4.986352515999999957e-01	5.368073631999999984e-01	-7.499938183000000036e-01	-3.555873275000000222e-02	1.206809108000000075e+00	-1.069584180000000107e+00	6.841899898000000091e-01	7.014414292999999745e-01	-1.256293741999999991e+00	1.659336090999999902e+00	-7.096249340000000405e-01	1.919256826000000082e-01	-1.146540007000000028e+00	-3.895053291999999723e-01	2.367518646000000004e-01	-1.266474482000000013e+00	1.189156383000000039e+00	4.997728597000000161e-01	-2.830251209999999906e-01	-1.836867100999999947e+00	-3.408490693999999821e-01	4.296360625999999794e-01	1.175508377000000104e+00	-8.010691438000000497e-01	-9.001984351999999800e-01	-1.140411191000000102e+00	-5.244401965999999637e-01	6.769843911999999797e-01	-2.277937160999999877e-01	7.094532541000000414e-01	-3.506277043000000093e-01	-6.251848161999999931e-01	-1.716839003000000030e+00	1.191209449000000031e+00	1.252144010999999946e+00
-5.115805569000000386e-01	1.949371269999999878e-01	-3.047369441000000179e-01	-3.819571963999999764e-01	6.682231481000000528e-01	6.582328106999999484e-01	-8.962313066000000550e-01	-9.279685070000000258e-02	5.341991343999999975e-01	8.537174483999999675e-01	-5.741982548999999963e-02	-4.793368060000000042e-01	-1.987786313999999888e-01	-6.561736573999999989e-01	9.146221190000000112e-01	-6.512410854000000304e-01	-1.250525338000000097e+00	-8.496363620000000338e-01	4.700629807999999743e-01	-1.412788659999999918e+00	-1.363547459999999933e+00	6.929612156000000134e-01	9.858831535999999784e-02	5.453410371000000367e-01	-1.336688891999999962e+00	-2.325179133999999981e-01	-1.629521278999999989e+00	-1.836604464000000103e-01	6.244778640999999464e-01	-7.667437069000000438e-01	-3.614273309000000101e-01	1.003013205000000019e+00	-1.030881136000000087e+00	9.909086901000000447e-01	3.530880170999999845e-01	3.084196218999999961e-01	1.177045802999999946e+00	-7.432935757999999948e-01	3.323200370000000126e-01	-1.047414075000000055e+00	8.296671579999999324e-02	2.376007238000000132e+00	4.581466884000000017e-01	8.285694233999999492e-01	1.257317492999999953e+00	8.158855274999999851e-01	8.387237261999999638e-02	1.337762148000000081e-02	5.552608843999999877e-01	3.785492993999999695e-02	-1.135823414999999947e+00	-1.927609056000000043e-01	-1.218833013000000021e+00	-1.111016529999999891e+00	3.070150219000000180e-01	3.853553811000000051e-01	1.650770548999999920e-01	3.699186993999999951e-01	-2.085675800000000191e+00	-2.976251540000000029e-01	5.195230794999999846e-01	8.867637032999999835e-01
-4.876740291000000171e-01	1.366562119999999991e-01	-4.577017481000000276e-01	-1.050243101999999984e-01	6.070781399000000356e-01	7.813640762000000350e-01	-8.795798798999999724e-01	1.313435568000000109e-01	5.990537057000000498e-01	7.697185523999999779e-01	2.420667875999999996e-01	-3.304934159999999843e-01	-2.070200598999999975e-01	-3.396210956999999864e-01	8.029575369000000462e-01	-4.627118855999999836e-01	-1.017020789999999897e+00	-8.681722380999999933e-01	8.616934922999999920e-04	-7.120146308999999452e-01	2.279405213000000041e-01	9.351689112000000081e-01	5.694740519000000140e-02	4.344921844999999894e-01	-6.197159320999999776e-01	3.246174849999999834e-01	-7.882518157000000247e-01	-1.133075016000000046e+00	7.832785132999999789e-01	-4.527720345999999840e-01	-2.659277416999999977e-01	7.406493922000000341e-01	-1.091183347999999942e+00	5.887072732999999447e-01	9.531919145999999399e-02	4.948917455999999881e-01	3.023185641999999729e-01	-9.109178447000000345e-01	-2.110576039000000015e-01	-2.005221496999999964e+00	5.247355003000000462e-01	8.370744009999999680e-01	6.892361580000000432e-01	7.312668448000000376e-01	1.479623635999999909e+00	1.032042933000000051e+00	7.562200662000000406e-01	-3.791880964000000076e-01	5.728004325000000119e-01	-4.291661974000000046e-01	-1.014231837999999941e+00	1.021094276999999995e+00	-1.895075309999999957e+00	-1.149705092999999900e+00	-7.662330228999999493e-01	5.445793106999999855e-01	8.177359534999999457e-01	-8.247065721999999877e-01	-8.263168987000000243e-01	9.849572302000000334e-01	-7.531117196000000069e-01	7.517188422999999675e-01
-4.739695984999999778e-01	4.901226258999999974e-01	1.020542066000000025e-01	-3.465571385999999809e-01	6.250850570000000550e-01	8.934211574999999517e-01	-5.300400633999999833e-01	-3.986877882999999984e-02	4.274074469999999959e-01	4.973638082999999876e-01	-9.198590253999999744e-02	-4.358839008999999820e-02	3.362281753999999956e-01	4.434921218999999804e-01	6.294699205999999547e-01	-5.353388035999999683e-01	-1.040766357000000086e+00	-6.900883960999999456e-01	3.555227409999999755e-01	-1.805713328000000117e-01	1.072123098000000052e+00	1.445106044999999950e+00	3.294536972000000064e-01	3.932389849999999853e-01	-1.718279499999999960e+00	4.394557245999999862e-01	-1.261561536999999955e+00	-2.430214903000000037e-01	3.265516866000000018e-01	-2.142084109999999875e-01	-9.619327840000000407e-01	9.635235716000000172e-01	-7.538462363000000277e-01	2.128160038999999948e-01	2.417998002999999924e-02	6.340086167999999800e-01	-3.887142665000000163e-01	-1.022269531000000065e+00	-1.802321967000000136e-01	-7.610364375000000514e-01	2.638800114000000030e-01	-4.374196718999999733e-01	5.157802039000000116e-01	8.230727483999999983e-01	1.571871360999999911e+00	4.507075674000000087e-01	6.401545006000000093e-01	-6.003678503999999583e-01	4.495794139000000023e-01	-1.286800982000000093e-01	9.882671532999999509e-02	8.042385533999999447e-01	-2.668778179999999889e+00	-7.093230840000000481e-02	-7.748726476999999446e-02	1.150905907999999922e+00	6.044985781999999697e-01	-1.612546111999999976e+00	-4.059445557999999954e-01	1.016136831999999934e+00	-1.242295198000000100e+00	1.164178171000000095e+00
-4.965175549999999993e-01	5.553976586000000104e-01	1.345496244000000119e-01	-4.863605957000000091e-01	5.708670840999999774e-01	8.015052487999999586e-01	-5.543684590999999884e-01	-7.238698426999999602e-02	5.687733695000000145e-01	5.026691149999999997e-01	-4.510772042000000259e-01	1.032927872999999941e-01	7.267294551999999852e-01	1.076571404999999926e+00	4.635009225999999760e-01	-3.412156969999999845e-01	-1.226811097999999989e+00	-7.007251139000000295e-01	6.446380898000000359e-01	4.677744637999999844e-01	2.489073980000000019e-01	6.722173649999999556e-01	5.678278808000000177e-01	-9.866557689999999603e-02	-5.501167781000000367e-01	4.029192853999999935e-01	3.583337364999999997e-01	-1.144956983999999983e-01	5.299393813999999647e-01	2.342882152999999912e-01	-1.046403803000000021e+00	3.443347800000000070e-01	-6.056950246000000204e-01	2.870857810999999926e-01	4.277334399000000120e-01	1.278952134999999934e+00	-6.161819545000000176e-01	-6.982383830999999708e-01	5.841509405000000488e-01	4.377685535999999988e-01	-1.203696092000000051e-01	-2.793144709000000003e-01	9.832572797999999947e-01	9.272196939000000582e-02	1.685243266999999934e+00	6.851203595999999507e-01	7.520891767999999811e-01	-1.468917266000000055e+00	7.350701022000000195e-01	6.932578623000000551e-02	6.010892255999999989e-01	7.910558522999999731e-01	-1.163884691000000027e+00	4.823072952999999941e-01	1.073348935999999948e-01	1.166551901000000058e+00	-3.833419210999999827e-02	-2.004464250999999919e+00	-2.274442181999999923e-03	7.150795872999999858e-01	3.830928946000000113e-01	1.659920483999999918e+00
-4.633209483999999878e-01	4.362359666999999774e-01	-3.127757689999999813e-01	-2.710899297000000097e-01	5.188271738999999938e-01	7.725397854000000120e-01	-8.041203282000000119e-01	2.871475950999999999e-02	6.436583201000000143e-01	6.610857256000000071e-01	-1.855045845000000138e-01	1.849737338999999925e-01	6.487190268000000426e-01	1.250858145999999893e+00	1.145651659000000100e+00	-5.545218841000000287e-01	-9.201557122000000311e-01	-9.765124481000000412e-01	5.030613686999999556e-01	4.781265831000000022e-01	-9.105468969000000135e-01	-4.669467149000000039e-01	3.197027449000000021e-01	-9.311916510000000091e-01	-7.614831857999999620e-01	4.612458892999999893e-01	3.034815714000000053e+00	-5.125304591999999548e-01	5.049987089999999901e-01	9.209590756999999628e-02	7.471954129000000222e-01	-7.166070689000000327e-01	-3.379385817999999708e-02	-3.405673484000000251e-01	4.792541632999999801e-01	1.620046048000000072e+00	3.388206860000000237e-02	-3.775144686000000277e-02	5.213511655000000466e-01	1.012485281000000015e+00	-4.116445425999999963e-01	-4.901628335000000058e-01	6.973892641000000170e-01	-1.167535732000000021e-01	1.453752981000000055e+00	8.437728636000000337e-01	1.147345709999999935e-01	-7.534458706000000117e-01	9.880383843000000166e-01	-2.688605882999999808e-01	2.039225697000000004e-01	-2.693305879999999819e-01	-6.338260922999999769e-01	-1.493396265999999938e-03	-1.530656566999999968e-01	4.110293500000000155e-01	-5.742825812999999835e-01	-2.384092245999999804e+00	-1.233287519000000110e+00	5.198065524999999631e-01	-1.002558102000000034e-01	6.127196004999999612e-01
-3.761487441999999959e-01	3.199630493000000242e-01	-4.030243625000000107e-01	-1.368867200999999978e-01	4.912496420999999946e-01	9.382228772999999800e-01	-7.386446023999999611e-01	5.344791237999999695e-02	5.412679478999999905e-01	6.226974663000000021e-01	3.317673750999999838e-01	6.392945439999999646e-01	6.258315259000000186e-01	1.088734719999999934e+00	1.361008924000000064e+00	-6.479540736000000134e-01	-6.570207752000000179e-01	-9.536445473000000339e-01	-2.510024268000000114e-01	2.377397663999999966e-01	-1.285082482999999887e-01	-5.422195801000000426e-01	1.896942318000000016e-01	-8.906443943999999835e-01	-9.813692515999999921e-02	3.796374748999999937e-01	6.430119651000000269e-01	-1.387792053999999942e+00	1.338421157999999944e-02	-1.355995702999999997e-01	1.665159123000000019e+00	-1.195421100999999986e+00	1.786915702000000106e-01	-9.721737661999999558e-01	-7.599257380000000450e-02	-4.017155498000000158e-01	1.997541736000000068e+00	1.631413083000000097e-01	2.042786883000000109e-01	-2.484630868000000103e-01	-6.429037067999999744e-01	4.466356826999999807e-01	-4.538522940999999977e-01	7.636075755000000520e-02	9.144262155000000281e-01	4.532320523999999740e-01	-6.193325996999999861e-01	-4.321150192000000057e-01	5.491741670999999991e-01	-8.986414243000000468e-01	-2.230105867000000130e-01	-7.148130861999999475e-01	-1.409868721000000047e+00	-1.131823732000000055e-01	-3.088708479999999756e-01	-4.329867887999999665e-02	9.930603443999999613e-03	-1.844589393999999993e+00	-1.251518356000000054e+00	-3.595655125000000313e-02	-1.534521819999999925e+00	-1.356687387000000133e-01
-4.130946433000000084e-01	5.301204815000000181e-01	3.821536667000000054e-02	-3.289171451999999829e-01	5.830958098999999839e-01	8.638440724999999487e-01	-5.200617784000000077e-01	-2.420899457000000032e-01	5.436386327000000129e-01	6.945434330999999961e-01	1.161081431999999997e-01	7.217110061000000520e-01	7.467906094999999800e-01	9.514625906000000466e-01	9.530036777999999487e-01	-8.744613691999999494e-01	-6.129360061999999942e-01	-1.235735033000000094e+00	-8.929988224000000308e-02	-1.953765094000000091e-01	1.145890373999999934e+00	-5.181331751000000096e-01	1.837207128999999994e-01	3.160356839999999834e-01	-8.156354040000000083e-01	2.965186825000000193e-01	-4.138637138999999854e-01	-1.369431689000000008e+00	-2.661150005999999846e-01	1.793673679000000118e-02	1.672840046999999997e+00	-4.763716510000000071e-01	-3.951263622000000253e-01	-1.151577902000000098e+00	1.398671010000000076e-02	-1.047864488999999955e-01	1.247007393999999936e+00	-3.518276458999999856e-01	-1.056099337999999999e-01	-5.131165438000000467e-01	-7.958131018999999862e-01	1.268556476000000099e-01	-9.219468360000000473e-01	2.704126418999999726e-01	1.336882874999999915e+00	3.431735456000000184e-01	-1.672812630999999994e+00	-3.185431268999999732e-01	-3.711023066999999953e-01	-9.008144288999999638e-01	5.814315321999999897e-01	-4.173681189999999819e-01	-1.093785650999999914e+00	8.513599369000000028e-01	-2.635556896999999843e-01	-5.055240028999999913e-01	1.763301171999999972e-01	-1.255114588000000087e+00	-4.121897507000000238e-01	-1.031149330999999947e+00	-1.218831270999999994e+00	-5.135264924000000342e-01
-4.707910451999999801e-01	5.581470998999999988e-01	2.418948924000000056e-01	-4.752053806000000047e-01	5.776214257999999768e-01	8.811148613000000518e-01	-4.999894585999999919e-01	-4.056447820999999898e-01	3.479871775999999750e-01	6.035599337999999481e-01	-4.382775466000000120e-01	2.972362085999999959e-01	8.696476579999999901e-01	9.348148608999999887e-01	8.042043591999999963e-01	-6.948231322000000265e-01	-7.274169668000000089e-01	-9.982817231999999708e-01	2.734647243999999838e-02	-6.380905042000000194e-01	4.251936640999999795e-01	-1.802146489000000171e-02	4.958270505999999855e-01	4.354246325000000195e-01	-6.091797217000000098e-01	-2.070247185000000101e-01	-1.046817458000000034e+00	-7.046254484999999734e-01	-2.282268759999999883e-02	1.239117099999999944e-01	8.572135616999999874e-02	1.161519089000000005e+00	-2.151931176000000112e-01	-5.043998159999999453e-01	4.063882355999999807e-01	-9.557483408000000402e-01	1.887759811000000010e+00	-5.130472550000000354e-01	3.294500224999999949e-01	-1.067771750999999991e+00	-4.618105258999999907e-01	1.667214058999999970e+00	-5.575215922999999796e-01	5.385998443000000052e-02	9.573877338999999820e-01	2.225765841000000023e-01	-1.159731821999999912e+00	-1.029241502000000086e+00	-5.942312078000000497e-01	-4.181481067000000218e-01	7.879255848999999756e-01	2.646864018999999790e-01	-1.761320685999999913e+00	9.756643805000000391e-01	2.825364785000000212e-01	-7.054436735999999875e-02	1.507004642000000019e-02	5.550576071999999833e-02	-2.338717489999999899e-01	-1.028885126000000039e+00	-1.196008084000000027e+00	-7.373722288999999819e-01
-3.737061281999999873e-01	4.330716721000000269e-01	9.440797845999999993e-03	-5.314594984999999605e-01	6.490799914999999531e-01	8.490001473999999604e-01	-7.058102026999999445e-01	-4.600384016999999881e-01	3.316329324999999772e-01	8.418095778999999945e-01	-3.683957620000000155e-01	9.883948176000000030e-02	8.665827402000000346e-01	9.419410513999999512e-01	9.959336801999999489e-01	-6.263672260000000547e-01	-5.536982683000000183e-01	-1.033963570999999915e+00	-4.267786720999999783e-01	-1.703719375000000043e-03	9.629986471999999950e-03	1.126795189999999947e+00	3.465958060000000063e-01	3.993402216999999976e-01	-1.217917520999999975e-01	-2.157785455000000019e-01	-4.591150871999999938e-01	-1.456289316999999972e+00	3.192865282999999832e-01	-1.102974486999999948e-01	-3.240671650999999986e-01	1.045426422000000022e+00	-2.274818486999999889e-01	-3.650046353999999993e-01	8.237365717000000309e-01	1.882727483999999951e-01	2.905733507000000104e-01	-4.303824714999999745e-01	5.427369749999999549e-01	-1.847017766000000005e+00	-4.882689346999999902e-01	7.007206840999999908e-01	3.661133363999999890e-01	-2.420715804000000138e-01	8.521131291000000330e-01	4.466782791999999724e-01	5.850905674999999917e-01	-1.038495511000000038e+00	-1.949451741000000071e-01	-1.327075138000000099e+00	-7.898639618000000140e-02	1.621556229999999932e+00	-2.317225296999999795e+00	-1.369798846999999986e-01	-7.700902188999999565e-01	-4.376031005000000085e-01	2.382483626999999937e-01	-1.151208594999999946e+00	-3.918068903999999963e-01	-1.070945057000000089e+00	8.850162041999999618e-02	-4.714831619000000029e-01
-3.859884928999999798e-01	3.452616038999999915e-01	-3.109024389000000221e-01	-2.843337141999999762e-01	4.745193423999999882e-01	6.941044122999999733e-01	-8.813381131999999951e-01	-2.553593160000000029e-01	6.351849653000000151e-01	9.251197976999999684e-01	-8.130795405000000586e-02	2.985051483000000228e-01	4.333913546000000006e-01	8.901311814000000266e-01	9.799612393000000088e-01	-8.185183405000000523e-01	-6.494563690000000333e-01	-8.700837136000000305e-01	-2.203239274000000081e-01	5.676473197000000415e-01	-1.116341747999999967e+00	1.411668268999999976e+00	7.698447358000000129e-01	4.243004907999999853e-01	-9.714517404000000411e-01	-4.356654851000000273e-01	-8.401037295999999599e-02	-4.160790710000000225e-01	1.193012720999999943e-01	1.117198718999999965e-02	-9.380012556000000279e-01	5.458347782000000370e-01	-6.664937403999999788e-01	-8.207362975999999977e-01	1.010136112000000086e+00	1.051447532000000074e+00	-1.401546321999999900e-01	-5.400748316000000271e-01	4.847144004000000228e-01	2.294062820999999974e-01	-3.931954960999999721e-02	-5.161073672999999529e-01	4.962613914999999820e-01	-5.334729395999999735e-01	3.335854213000000179e-01	5.260660270000000471e-01	9.590712671000000134e-01	-9.401958746999999894e-01	-7.395171796999999714e-01	-1.567739961000000015e+00	-1.260969462000000041e-01	1.255043268999999961e+00	-2.429814224999999883e+00	-1.030406340999999948e+00	-7.128313683000000456e-01	-6.998610987000000172e-01	-2.711146706999999906e-02	-1.188583203999999949e+00	-2.479841931999999805e+00	-1.008554127000000022e+00	-6.644262251000000452e-01	-4.407050356000000169e-01
-3.061733396999999912e-01	3.334588396000000010e-01	-3.094023032000000062e-01	-1.933250981999999896e-01	4.415028650999999749e-01	7.039262024000000340e-01	-9.224735160999999461e-01	-2.080156897000000060e-01	5.339649950999999506e-01	8.193585890000000260e-01	-1.267370817999999982e-02	3.470129460999999971e-01	-1.880255097999999903e-02	1.075916467999999959e+00	7.490613877999999781e-01	-9.119554832999999805e-01	-6.837545338999999611e-01	-9.319912420000000530e-01	-1.927998885999999967e-01	5.417709323999999604e-01	7.891481739000000273e-01	8.594666502000000152e-01	5.464569295000000215e-01	3.330725950999999796e-01	1.297786058000000020e-01	-2.520658405000000268e-01	1.606793126999999932e-01	-1.950487853000000049e+00	-7.165472417000000316e-02	-4.091689509999999613e-03	-1.078743283999999969e+00	-2.536694036000000096e-01	-1.228602132000000013e+00	-1.121367098999999978e+00	8.161825617000000310e-01	1.411894707999999943e+00	-2.027410612999999973e-01	-3.737969889000000157e-01	-1.011663352999999932e-01	7.521859046000000104e-01	-1.773012103000000117e-01	-2.868058479000000216e-01	4.065662845000000275e-02	-9.479058843000000012e-01	1.428500749000000125e-01	2.560651641000000200e-01	9.318776845999999781e-01	-1.425248827999999968e+00	-8.047650324999999771e-01	-1.277670067000000076e+00	-8.337681580000000717e-03	1.225810833000000044e-01	-2.563620414999999930e+00	-1.500372169000000033e+00	-8.868958340000000495e-01	-1.489412084000000025e+00	2.821365859000000142e-01	-1.858869161000000103e+00	-1.265763344000000012e+00	-2.574673945000000019e-01	-1.867221003999999906e+00	-7.879255483999999532e-01
-2.919740806000000188e-01	5.982688952000000393e-01	1.795942366000000123e-01	-4.391952024999999926e-01	4.502032886999999817e-01	7.148265971999999691e-01	-5.645717152000000461e-01	-3.610135562999999825e-01	4.195013193000000085e-01	6.671734271000000494e-01	-2.824782373999999985e-01	1.187351980000000001e-01	-6.197198438999999837e-02	1.192350868999999980e+00	6.704259167999999658e-01	-8.697113181000000193e-01	-7.986345203000000392e-01	-1.066003231999999912e+00	2.349654588000000058e-02	6.304375463000000401e-01	8.167290029999999534e-01	-9.659231919999999860e-02	9.358125851999999911e-01	6.462634815000000144e-01	-2.146268649000000028e+00	-2.007564300000000135e-01	-9.715498432000000406e-01	-1.721763537999999871e-01	-2.163956598000000009e-01	1.779953155000000009e-01	-1.546766024000000073e+00	-7.574825829000000343e-01	-1.871887190000000034e+00	-1.086908913999999893e+00	3.685673336999999994e-01	7.652473854000000353e-01	-5.558955250999999542e-01	-1.338458140000000074e-01	1.579377080000000100e-01	1.306426160999999975e-01	-3.681559640000000022e-01	-1.293954127999999981e+00	5.847407007999999573e-01	-5.081619402999999480e-01	4.828536465000000111e-01	-7.669825686999999503e-02	5.627476010999999945e-01	-1.473054794999999917e+00	-5.957350468000000010e-01	-2.358564084000000158e-02	5.206636322000000039e-01	-5.685474529000000138e-02	-3.053722367999999854e+00	-6.097886783999999505e-01	8.947082275999999890e-02	-1.113047987000000072e+00	-7.361438019999999582e-02	-1.818497272000000109e+00	-4.913366739999999733e-01	1.751674718000000019e-02	-2.285596635000000099e+00	-7.956831460000000078e-01
-2.018137480999999955e-01	6.964848437999999753e-01	3.803182629999999897e-01	-4.042111199999999793e-01	4.867304306999999941e-01	7.398393751999999823e-01	-4.252491762000000231e-01	-4.374225713000000071e-01	2.562996408000000059e-01	6.033849731000000549e-01	-8.612032239000000367e-01	-1.091564988000000014e-01	1.851730494999999921e-01	1.389457692999999994e+00	6.309901131999999802e-01	-5.438653783000000352e-01	-6.772525567999999607e-01	-1.237125288999999961e+00	6.652646733000000534e-01	3.600392504000000105e-01	1.202344676000000057e-01	-6.209761485000000469e-01	8.681613335000000209e-01	3.637226939000000048e-01	-6.106705540000000321e-01	-2.188568928000000080e-01	1.493221914000000039e+00	-3.215430367000000206e-02	-1.107475118999999980e-01	3.529181686999999790e-01	-9.383318741999999713e-01	-9.225600081000000507e-01	-1.812455672000000018e+00	-6.660832381000000302e-01	4.446256158999999791e-02	1.216432315000000042e+00	-9.837347812000000191e-01	-1.403654802000000035e-01	9.857244099999999676e-02	6.535093814000000334e-01	-4.510255678000000268e-01	-1.385097487999999988e+00	4.839034195999999954e-01	-8.170293684999999639e-01	7.707549566000000407e-01	-1.176653025999999935e-01	1.275966722000000109e-01	-1.804598294000000047e+00	-6.637458233999999901e-01	3.701081395999999968e-01	1.046373672999999949e+00	-1.792220709000000023e-01	-1.541696286000000082e+00	-2.951367028999999920e-01	1.051029540000000040e+00	-6.000099577999999934e-01	-2.397412073000000088e-01	-1.646495805000000034e+00	9.223831147000000064e-01	-7.364314379000000410e-02	-9.680058804000000183e-01	-6.887284231000000423e-01
-2.361682575999999867e-01	6.056516754999999863e-01	6.068524038999999898e-02	-3.386630090000000148e-01	4.560457031999999855e-01	8.591872968000000554e-01	-5.337529651000000319e-01	-5.286292220999999625e-01	1.315967251000000060e-01	5.663008121000000505e-01	-5.243389631000000550e-01	-2.458783109000000078e-01	5.342308256000000144e-01	9.121404839000000209e-01	1.031385444999999956e+00	-7.810975517999999562e-01	-5.366597814000000355e-01	-1.086340711999999931e+00	1.926490299999999989e-01	-2.475517406999999948e-01	-1.559186069999999980e+00	-9.649917263999999717e-01	8.064678326999999980e-01	-3.549868192000000255e-01	-1.228082734000000009e+00	1.172562000999999993e-01	2.625261191999999966e+00	-1.163373872000000031e-01	-6.947213474000000222e-01	5.401231486999999998e-01	8.284679704999999839e-01	-1.471572745000000015e+00	-1.509367831000000049e+00	-6.763342771000000475e-01	-6.588559552999999347e-02	6.089552107000000269e-01	5.386320874000000147e-01	2.156628502999999863e-01	-3.890703549999999789e-01	8.223180345999999696e-01	-6.590469719999999532e-01	-4.863334388000000175e-01	2.427576398000000010e-02	-1.221191512999999951e+00	9.682870249999999679e-01	8.392997041999999963e-01	-8.806455899999999781e-01	-2.652665894999999829e-01	-8.258261132999999976e-01	2.374815553999999884e-01	1.340561324000000054e+00	-9.686000098999999475e-01	-1.940449754000000082e+00	5.662172495999999722e-01	9.376265226000000119e-01	-4.767217403999999825e-01	-1.299957240000000069e-01	-1.420544443999999906e+00	-2.249737022000000003e-02	2.628543039999999952e-03	-9.439199295000000323e-01	-9.738229554999999760e-01
-1.723269480000000076e-01	4.521099662999999991e-01	-2.928744387000000171e-01	-4.671470380000000006e-02	3.864084676999999801e-01	8.050374355999999620e-01	-8.373669502999999681e-01	-3.263577155999999868e-01	3.524512213000000060e-01	5.060974355999999785e-01	-9.282583372000000055e-02	1.446232046000000063e-02	5.004408314999999607e-01	3.029890219999999967e-01	1.480933100999999974e+00	-7.341710768000000442e-01	-5.267079445000000248e-01	-1.050378798999999974e+00	-1.902487683999999901e-01	-3.091125717000000050e-01	-1.360797299999999987e+00	-7.722590393999999581e-01	8.877529604999999657e-01	-6.463730463000000315e-02	-1.629147719000000105e+00	-1.330535297999999866e-01	-1.730119149000000078e-01	-3.423016002000000002e-01	-1.019858350000000025e+00	3.922704305999999974e-01	7.646912483000000149e-01	-9.317857444999999572e-01	-1.350087100999999956e+00	-4.514514768999999816e-01	-2.224478491000000113e-01	2.496982332000000082e-01	2.145329698999999923e+00	3.094929579999999847e-01	-4.596209649999999924e-01	-6.376340329999999335e-02	-6.522895899999999747e-01	-1.191916174000000050e-01	-6.470877654000000145e-01	-3.751668119000000079e-01	1.179691738000000045e+00	1.134457553999999924e+00	-8.937322094999999855e-01	-9.063662264999999829e-02	-1.195778028999999965e+00	-1.133816297999999945e+00	1.334096171000000108e+00	-5.590097284999999694e-01	-6.480853149999999951e-01	8.059496589000000322e-01	-9.591562598000000217e-02	-6.752549419000000164e-01	-1.417276588999999976e-01	-1.478616257000000100e+00	-9.851646660999999749e-01	-1.765240862000000133e-01	-2.066808881999999958e-01	-1.358059813999999976e+00
-1.869806991000000085e-01	5.496905874999999941e-01	2.148552973000000094e-04	-1.161107962999999993e-01	4.884798622000000035e-01	8.882835169999999669e-01	-6.562773436000000071e-01	-4.507419609000000160e-01	2.457783953000000077e-01	8.237567840999999724e-01	-3.555729583000000193e-01	1.378206469999999906e-01	6.869807458000000144e-01	7.630672532000000452e-02	1.025756354999999953e+00	-5.245542631999999816e-01	-4.352295058999999799e-01	-1.345099142000000025e+00	6.069323000000000079e-02	-7.636764873000000120e-02	6.781441271999999465e-01	-6.240634710000000362e-01	5.590171475999999862e-01	5.453085346999999583e-01	-1.152853230000000062e+00	-1.079832980000000053e-01	-4.155122801000000199e-01	-1.125857314000000109e+00	-9.473808784999999677e-01	2.727091938999999798e-01	1.421605460999999959e+00	-9.237276237999999529e-01	-1.106881489000000052e+00	-5.926566292999999735e-02	3.683336817000000263e-01	-5.386644092000000272e-01	1.671566303999999947e+00	5.541646823000000444e-01	-5.402592561000000293e-01	-3.791287441000000258e-01	-7.091622939999999709e-01	4.004245416000000168e-01	-1.013069870999999900e+00	-1.648172398999999955e-01	1.133403968000000095e+00	8.876638170999999744e-01	-1.544712032000000068e+00	-8.350583176000000440e-01	-9.619458079999999578e-01	-8.563546896000000519e-01	9.354866024000000335e-01	1.875416309000000059e-01	-6.087665158999999715e-01	6.513668692999999843e-01	-2.651533212999999944e-02	-9.996592116000000416e-01	8.066100647999999707e-01	-3.833251918000000202e-01	2.669061476999999849e-01	-4.244159956999999928e-01	-1.253882082999999925e+00	-5.275020310000000379e-01
-2.019797866999999969e-01	6.297166973000000167e-01	3.156024304999999752e-01	-3.598306499999999741e-01	4.684085318000000275e-01	7.805102610999999913e-01	-3.675382635000000175e-01	-6.143574979000000491e-01	1.901291129999999885e-01	9.853138156999999842e-01	-5.679676702999999494e-01	1.689972097000000048e-02	7.490413411999999882e-01	1.189656751999999956e-01	6.871791197000000073e-01	-5.240102744000000312e-01	-3.766366016000000094e-01	-8.687827688999999465e-01	-8.250493308999999609e-02	-2.044415522999999957e-01	1.861696446999999977e-01	-3.638470945999999762e-01	9.022441656999999893e-01	7.076349453000000400e-01	-1.848583274000000110e+00	7.473264334000000175e-02	-6.739890294000000504e-01	9.712967296999999722e-02	-1.253312436999999946e+00	5.838094744999999808e-01	1.514868988999999999e+00	-2.753929873000000028e-01	-1.219992446000000008e+00	3.694293284999999871e-01	9.112086112999999710e-01	-4.987246496000000140e-01	1.788465871999999957e+00	8.713284372999999805e-01	-2.544441089000000211e-01	-5.285206503999999583e-01	-7.666845129999999564e-01	7.902918988999999561e-01	-7.748869223000000028e-01	-4.268765809000000244e-01	1.199130594000000105e+00	6.034678777999999966e-01	-1.379599486999999902e+00	-1.665016215000000022e-01	-7.947678127999999731e-01	-1.919247578000000121e-01	8.789391938999999709e-01	-2.387494961000000138e-01	-5.926193016999999896e-01	6.004022712000000039e-01	2.270010986000000064e-01	-8.426555312000000297e-01	9.323034981000000165e-01	-8.064796636000000074e-01	1.278712531999999902e+00	-1.087669600999999986e+00	-7.336247447999999505e-01	-4.710102808000000141e-01
-1.512496144000000098e-01	6.590135107000000270e-01	2.313149000999999982e-01	-3.659839359000000014e-01	4.020259614999999731e-01	8.115107919999999808e-01	-3.477482491000000175e-01	-5.252119975000000274e-01	2.487548867000000108e-01	1.172268719000000070e+00	-5.683275130999999591e-01	2.732386393000000094e-02	5.483725001000000487e-01	3.611888495999999726e-01	8.634605469999999672e-01	-4.900585808999999848e-01	-2.427481958999999911e-01	-9.236697201000000357e-01	-1.216368156999999978e-01	-3.863006390000000012e-01	-2.121076440999999924e-01	-1.019177592999999937e-01	5.145000356000000163e-01	6.752575371000000271e-01	-5.645901707999999575e-01	1.069464526000000054e-01	-4.685291746999999951e-01	-1.321356527999999919e+00	-1.373307193000000037e+00	8.380088212999999842e-01	9.652610719999999978e-01	8.865360123000000092e-01	-1.287432388000000039e+00	3.166469867999999743e-01	1.719659258999999940e+00	-9.598787720000000467e-01	1.962599517999999987e+00	1.445311776000000048e+00	6.920024827000000045e-02	-1.593220670999999922e-01	-7.349851270999999686e-01	9.343281763999999878e-01	-6.659878594999999457e-01	-5.186027874999999954e-01	1.036569877999999889e+00	5.351908238999999456e-01	-1.554570411999999902e+00	1.774391067999999891e-02	-8.875301401999999840e-01	-3.840913152000000053e-02	5.185980387999999941e-01	2.548968769000000134e-01	-7.871162528999999797e-01	-7.293631274999999858e-01	-4.042721411999999903e-01	-1.070529400999999936e+00	1.044680134000000038e+00	-6.259709692999999575e-01	1.956920651999999983e+00	-8.314620955999999508e-01	1.592245431000000044e+00	-4.603246899999999808e-01
-1.497435159999999932e-01	6.227616633000000457e-01	-2.665440520999999910e-02	-2.168413121999999971e-01	1.644469175000000116e-01	7.049600857000000165e-01	-6.493033888000000475e-01	-4.825734596999999848e-01	4.313731652000000194e-01	1.049865081999999950e+00	-4.870179962999999779e-01	3.966779898000000193e-01	1.926072074000000078e-01	3.088197576999999749e-01	1.326404251999999895e+00	-8.331645348999999756e-01	-1.539150240999999919e-01	-1.248747658000000094e+00	2.756689534000000275e-01	-2.768618352000000171e-01	-1.279036024999999910e+00	1.263163427000000061e+00	1.023611784000000080e+00	4.717078098000000025e-02	-2.166561014000000007e+00	2.656553569999999809e-01	-4.402495015999999817e-01	-5.754537111999999954e-01	-1.701512914999999904e+00	9.496186128000000393e-01	-2.907474751999999940e-02	1.384638639000000060e+00	-1.106243582000000059e+00	2.238752787000000133e-01	1.017652616999999982e+00	1.535783410999999876e-01	1.774916962999999903e+00	1.271988115000000086e+00	3.899022246000000136e-01	-9.694728701999999476e-01	-5.098307293999999601e-01	2.238493479000000175e+00	5.791979597999999951e-01	-2.005971770999999959e-01	7.792313171000000427e-01	6.425457374999999915e-01	7.686475905999999858e-01	-8.435358860999999653e-01	-9.352012603999999563e-01	-1.323961122000000046e+00	-1.604019985000000037e-01	7.578491842000000256e-01	-3.418676348999999948e-01	-1.191513320999999959e+00	-8.044697348999999553e-01	-1.307184029999999941e+00	-4.850559462000000183e-02	7.483974251000000133e-02	1.909905480999999905e-01	-9.408538950000000511e-01	-1.190386692000000024e-01	-1.171078695000000058e+00
-1.335196459000000113e-01	4.183243955000000014e-01	-3.109729507999999809e-01	-2.040263091000000042e-02	2.640780234999999809e-01	7.064926551000000332e-01	-7.997705793999999591e-01	-5.323264584000000355e-01	3.808840102000000116e-01	1.011526877999999963e+00	-8.943291337000000563e-02	6.596847518999999771e-01	2.921455729999999917e-02	7.384425918999999727e-02	1.139079673999999986e+00	-7.751880263999999521e-01	-2.306342898000000030e-01	-1.065908840000000080e+00	-8.290458372000000242e-01	1.151058142999999978e-01	-1.465172425000000056e-01	1.524380591999999979e+00	3.492899117000000109e-01	4.018736519999999840e-02	-9.453997995999999793e-01	5.828301621999999460e-01	3.033456957999999815e-01	-1.718629680999999909e+00	-1.425161909000000060e+00	2.460963461000000019e-01	-2.079894362999999968e-01	5.893101927999999656e-01	-9.930895710999999570e-01	-4.594058987999999899e-01	5.826979375999999933e-01	7.823988610000000010e-01	5.146357851999999733e-01	7.609913401000000244e-01	-3.066262566999999883e-01	-1.055198228000000071e+00	-2.259118945999999961e-01	9.479765038000000088e-02	7.275529616999999449e-01	-4.819032108999999897e-01	-1.133306250999999987e-01	3.862758243000000147e-01	8.263673807000000426e-01	-9.206338091000000334e-01	-1.275983453000000045e+00	-1.959186593999999948e+00	-8.430559481999999605e-01	2.018006975000000036e+00	-2.091766991000000075e+00	-1.787676126000000032e+00	-1.353885293000000045e+00	-5.714652515000000488e-01	5.554598241000000547e-01	-8.282454567000000489e-01	-1.397951027000000068e-01	-1.530802181999999956e+00	-1.825214931999999957e+00	-1.590451477000000002e+00
-1.365891449999999951e-01	6.027828755999999899e-01	1.493584923000000064e-01	-2.960232824999999846e-01	3.158250591000000274e-01	8.537081573000000478e-01	-4.889500252000000269e-01	-7.863506832000000113e-01	2.318433037000000030e-01	7.358004934999999858e-01	-5.010961702999999767e-01	5.688827075000000288e-01	-6.383403114999999794e-02	9.761519242999999735e-02	4.956285711999999788e-01	-6.511251502999999552e-01	-5.698966922000000546e-01	-8.861137296000000108e-01	-3.947137666000000156e-01	1.687604111000000073e-01	1.117131934999999965e+00	1.301428991000000090e+00	4.549632034000000158e-01	5.380573275000000155e-01	-2.159234131999999917e+00	4.900360767999999978e-01	-4.606819793999999968e-01	-6.522020666000000189e-01	-1.015105509999999933e+00	6.783153659000000502e-02	-1.151720026000000008e+00	3.839824441999999949e-01	-1.511255475000000015e+00	-9.552160814000000277e-01	6.880321940000000414e-01	5.643148644000000047e-01	-2.628394754999999750e-01	6.148699925999999705e-01	-2.930821310999999763e-01	-3.573404908000000213e-01	-3.776403218000000117e-01	-9.007327028999999596e-01	3.245473214999999856e-01	-1.147995913999999978e-01	-3.135169002000000038e-01	9.969533087000000127e-02	3.044821927999999955e-01	-1.361545538999999971e+00	-1.266950827000000057e+00	-1.554240650999999973e+00	-3.986824429999999975e-01	8.269307591000000235e-01	-2.528317186999999855e+00	-8.536829617000000203e-01	-2.448972014999999947e-01	-1.233947852000000012e+00	5.407048423000000437e-01	-1.130834338999999966e+00	-3.374641917999999796e-01	-1.460635860000000008e+00	-1.777386184000000036e+00	-1.524810001999999942e+00
-1.527664974999999870e-01	6.787996051000000364e-01	4.339354125000000062e-01	-4.089661814000000173e-01	3.792054128999999829e-01	7.938546727999999941e-01	-3.568562847999999788e-01	-7.866657323000000313e-01	-6.275486539999999835e-02	7.192270297999999729e-01	-1.041973636999999897e+00	2.813457859999999866e-01	-5.501093375999999840e-02	5.040669576999999846e-01	5.498147328999999917e-02	-3.968314901000000172e-01	-8.043645052000000240e-01	-6.777952694000000111e-01	8.394013951000000029e-01	-2.419082117999999948e-01	3.432423587999999803e-01	1.179463702000000058e+00	9.432341783000000035e-01	8.638931636000000136e-01	-1.360890641999999984e+00	-1.480018506000000018e-02	-9.953479015999999735e-01	-1.937458628000000016e-01	-5.213554689999999603e-01	2.471115587000000113e-01	-1.433567285000000080e+00	3.822035681000000018e-01	-1.866762162999999974e+00	-4.148089998000000223e-01	4.995904889000000182e-01	4.326257089000000167e-01	-3.733091439999999817e-01	5.516837800999999653e-01	-1.151631034999999956e-02	1.161112913000000024e-01	-1.493949776999999868e-01	-5.445687614999999981e-01	6.287772042000000505e-01	-4.143946325000000264e-01	-3.563895400000000047e-02	-4.218574750000000234e-02	6.990185964999999779e-01	-1.300849817000000019e+00	-8.374689634999999965e-01	-8.440316128000000528e-01	1.049969686000000041e-01	5.347239339999999563e-01	-2.244365815000000097e+00	-9.829535810999999734e-01	7.379188598000000487e-01	-7.801154071000000467e-01	5.841543978000000026e-01	-5.269181893000000061e-01	5.007727730000000044e-01	-1.298885183000000110e+00	-3.327580562000000131e-02	-8.794902802999999825e-01
-1.131272224999999992e-01	5.705972692999999873e-01	3.650882261999999906e-02	-2.649041950000000090e-01	1.817597316000000018e-01	6.576733857000000016e-01	-7.533000611000000291e-01	-2.938001767999999791e-01	2.455993237000000107e-01	7.601053558000000487e-01	-9.465282894000000002e-01	-1.183184426999999983e-01	-2.845325278999999985e-01	9.438907527000000020e-01	2.943330955999999832e-01	-7.903893132999999516e-01	-5.350590828000000299e-01	-6.232796658999999462e-01	8.960973346999999700e-01	2.385791338999999900e-01	-1.104547219999999941e+00	1.124888861000000073e+00	1.533564874000000078e+00	3.227422342999999860e-01	-1.441436021999999983e+00	-2.539927520999999966e-01	-2.307397989999999954e-01	-3.076233463999999973e-02	-1.498551536999999934e-01	6.966134337999999593e-01	-1.278329614000000003e+00	2.522907938999999766e-01	-2.425990719000000073e+00	3.005307441000000246e-01	5.656118615999999877e-01	1.501307506999999930e+00	4.511469005000000310e-02	5.648607969000000173e-01	9.058531436000000214e-02	7.702888540000000228e-01	9.060894948999999310e-02	-7.569478271999999786e-01	7.785751419999999978e-01	-1.070372745000000014e+00	8.966662370000000326e-01	8.069429839999999743e-01	1.147475880000000004e+00	-8.394651770000000068e-01	-2.177376436000000026e-01	-7.386973537000000034e-01	1.810143804999999884e-01	2.459070395000000075e-01	-1.731825817000000045e+00	-9.311214939999999940e-01	6.659276903999999941e-01	-1.217449411000000037e+00	-1.822926569999999968e-01	-6.039420168000000366e-01	-5.792325204999999588e-01	-3.451464107000000170e-01	-3.322073998999999778e-01	-2.762840316999999879e-01
-8.775011164000000308e-02	4.783066700999999976e-01	-3.283884257999999945e-01	2.102337623999999891e-02	1.425527869000000059e-01	6.599065276000000146e-01	-8.856336611999999775e-01	-1.115911546999999969e-02	5.501485493000000115e-01	5.168849811000000294e-01	-3.528878356999999855e-01	-9.798128210999999810e-02	-4.104587286999999973e-01	4.826517892000000143e-01	6.793096234000000067e-01	-9.524839405999999675e-01	-1.930593104000000171e-02	-8.032653244999999886e-01	-3.437286305999999736e-01	7.936904479999999928e-01	-5.077683282999999603e-01	3.834979534999999884e-01	1.418905167999999994e+00	-2.265987137999999901e-01	-7.164478206000000071e-01	-3.810981896999999785e-01	1.032144286999999938e+00	-8.534199483000000086e-01	-2.774024574999999770e-01	5.732008175999999677e-01	-4.386476986000000244e-01	-4.655678592999999976e-01	-2.189791211000000182e+00	1.585163914000000118e-01	-8.661653938999999691e-02	1.644974085000000086e+00	1.122711178999999948e-01	2.241640450999999867e-01	-6.718625568999999631e-01	5.037513988999999803e-01	2.972840566000000129e-01	-5.830286292999999898e-01	7.886230195000000220e-01	-1.097472108000000057e+00	5.833248557000000334e-01	1.065345554999999944e+00	1.119444276000000071e+00	-1.465400768999999936e+00	-1.883654016999999946e-03	-6.757580925999999710e-01	-7.450299005999999613e-01	4.747979085999999849e-01	-2.559774760999999899e+00	-1.337777803999999904e+00	-6.904331339999999484e-01	-1.073459563999999977e+00	-3.370164840000000051e-01	-1.393865102999999994e+00	-5.549941497999999473e-01	4.743022543000000035e-01	-1.003697569999999928e+00	7.759370641000000457e-02
-8.913201189000000135e-02	6.593003550999999574e-01	1.142716686000000009e-01	-1.299321931000000097e-01	2.448970609999999992e-01	8.272217079000000473e-01	-6.403073062999999898e-01	6.991828478999999319e-02	5.145918073999999898e-01	9.116723660999999368e-02	-8.546581998000000180e-01	1.444822158999999884e-01	-2.913958261999999994e-02	-6.741178553000000406e-02	6.412859719000000291e-01	-6.836250329999999931e-01	-5.151613433999999853e-02	-1.277026226999999903e+00	-4.417499686000000286e-02	1.319961863999999929e+00	1.069426704999999922e+00	-8.059155796000000427e-01	8.325451142999999998e-01	8.887654773000000508e-02	-1.028413030999999922e+00	5.942833514999999733e-02	1.253313938000000016e+00	-8.474986482999999904e-01	-6.447913930999999987e-01	4.878332320000000055e-01	-7.381175133999999805e-01	-7.360852720999999654e-01	-2.030168725999999868e+00	-2.323919695999999979e-01	-2.970294298000000222e-01	1.672793294999999958e+00	-5.702380961999999887e-01	-8.968211186999999751e-02	-1.262569983999999979e+00	3.124649530999999980e-01	7.630624216999999654e-02	-9.581861923000000170e-01	4.092106530999999742e-02	-5.825290248000000171e-01	3.347211287999999896e-01	2.008262386000000121e-01	7.679299678000000018e-01	-1.781418916000000019e+00	-1.221070608000000002e-01	-3.113068017000000243e-01	-1.062072720000000053e-01	2.263923379999999985e-01	-1.180989317000000094e+00	-8.197485302999999446e-01	-1.005597112000000015e+00	-1.001267973000000033e+00	6.580642927999999503e-02	-1.782162274000000046e+00	8.061910251999999943e-02	4.371956732000000234e-01	-1.158077588000000047e+00	7.850335081999999520e-01
-5.573827284999999937e-02	7.236869985999999644e-01	5.303460263999999480e-01	-2.665743420999999724e-01	1.414826137999999900e-01	7.390071024000000044e-01	-3.658663075999999958e-01	8.823449541000000229e-02	3.145349807999999747e-01	-8.919525573000000596e-02	-1.488013532999999944e+00	1.563937884999999917e-01	1.329494370000000036e-01	-9.403228935999999871e-01	5.402973782000000114e-01	-5.134581717999999739e-01	-6.306281469000000195e-01	-1.274278178999999955e+00	4.206776870000000224e-01	8.240672294999999981e-01	4.254284638999999979e-01	-8.434104018000000424e-01	8.463858081999999783e-01	-4.852687890000000059e-02	-1.430672801000000049e+00	1.575644391000000089e-01	1.925674064999999935e+00	6.028575874999999584e-01	-7.421030428999999540e-01	6.158314318000000093e-02	-9.565130728000000027e-02	-5.746527614999999978e-01	-1.819148070000000006e+00	-1.508826366999999891e-01	-5.041669092999999657e-01	1.563635751999999934e+00	-7.730629536999999996e-01	-6.167467537999999916e-01	-1.830566047000000029e+00	1.000284930999999933e+00	-1.509007138000000026e-01	-8.010573421000000138e-01	-1.723683622000000137e-01	-8.087004487000000186e-01	3.042915729999999819e-01	-2.982634511000000210e-01	5.335234635000000170e-01	-1.280196459999999981e+00	-6.840206152000000150e-01	-1.035516021999999953e-01	9.461119224999999799e-01	-6.101605331999999660e-01	-3.848315015000000061e-01	2.278527962999999865e-02	3.673441285999999861e-01	-6.185183829999999494e-01	2.506230016000000060e-01	-1.786192624999999978e+00	5.013066798999999962e-01	-5.157048318000000409e-01	-1.023943459999999916e+00	2.070275515999999982e-01
2.762032239000000028e-02	6.707906919999999662e-01	3.289933063000000102e-01	-1.902988982999999912e-01	1.573444659999999884e-01	6.418948346999999721e-01	-5.159966944999999638e-01	1.371736862999999862e-01	2.230359155999999954e-01	3.503337029999999824e-02	-1.766561849999999989e+00	1.684488044000000129e-02	1.398009849000000082e-01	-1.366514159000000062e+00	6.904218772000000337e-01	-6.585368983999999593e-01	-1.167840538999999955e+00	-1.241181244999999933e+00	-1.968159698999999985e-01	5.171078238999999854e-01	-4.617483191999999792e-01	-1.273234855999999970e+00	4.865941239000000085e-01	-4.730415584000000062e-01	-1.221476199000000040e-01	1.542758549999999895e-01	2.002726247000000015e+00	-1.459324462999999961e+00	-6.033578693000000159e-01	-5.578148980999999562e-01	1.055918474000000051e+00	-1.467900060000000062e+00	-1.510735852000000046e+00	-6.026229288000000128e-01	-2.230862613000000050e-01	-3.312283245000000043e-01	-2.319790585999999960e-02	-5.707410749000000338e-01	-2.250971416000000058e+00	8.421048236000000520e-01	-2.321531417000000097e-01	-1.566591794999999954e-01	-6.456726664999999921e-01	-1.505042055000000101e+00	2.274167975999999980e-01	1.347276417000000115e-01	-2.930214724999999909e-01	-5.765694695999999952e-01	-1.085030205000000025e+00	5.242899320000000106e-03	7.858177741999999855e-01	-6.134835631999999705e-01	-9.336092660999999460e-01	2.779558580999999876e-02	4.412910581999999748e-01	-1.141302660000000024e+00	4.539935324000000244e-02	-8.858247845000000176e-01	6.735717598999999556e-01	-4.642814277000000267e-01	1.097067355999999938e+00	-7.933263399999999910e-02
-8.018945982000000305e-02	6.110093768000000036e-01	-3.623759130999999745e-02	-6.577035337999999343e-02	7.505814109000000234e-02	5.456101544000000469e-01	-7.921115616999999665e-01	1.607284770999999890e-01	2.400409692999999900e-01	2.558983961999999890e-01	-1.353105832000000008e+00	-1.253004192000000128e-01	-9.566362268999999488e-03	-1.652656936000000076e+00	9.894552951999999735e-01	-8.952124700000000379e-01	-1.234212735999999921e+00	-1.304872344999999934e+00	-3.102620118000000149e-01	-4.131528735000000174e-01	-1.753318351999999969e+00	-4.061656912000000119e-01	5.255237882000000083e-01	1.070034953999999955e-01	-1.806795397999999997e+00	4.963437332000000118e-02	-2.558999854999999962e-02	-1.495549797000000070e-01	-8.048804716999999886e-01	-9.027360533999999603e-01	2.199952500000000200e+00	-1.127260297999999938e+00	-1.548320088999999955e+00	-6.749305914000000017e-01	-7.059406094000000298e-01	-8.099604261999999721e-01	1.323799871999999933e+00	-2.973177126000000059e-01	-2.057482492000000107e+00	-2.088714271000000067e-01	-5.364259297000000259e-01	8.089664734999999496e-01	3.448263631000000190e-02	-7.620750085999999923e-01	2.902021638999999903e-02	7.669422867999999838e-01	-1.176595586999999998e+00	-9.454805927999999637e-01	-1.377842497999999916e+00	-1.547193765000000054e+00	-4.451410358999999817e-01	-3.608989933000000261e-01	-1.656342350999999991e-01	2.873578464000000054e-01	-1.031753343000000045e-01	-1.228800501999999906e+00	2.699612223999999991e-02	-6.025582568999999777e-01	-1.646762948999999976e+00	-4.391587778000000108e-01	1.607687359999999954e-01	-1.244588288999999917e-02
-5.864257006999999688e-02	4.764594346000000091e-01	-1.636450507999999970e-01	-4.381073846000000174e-03	1.061199783000000008e-01	5.231860717999999855e-01	-8.451694025000000554e-01	1.628635904999999884e-01	2.703176038999999808e-01	4.849802710000000183e-01	-1.017518187000000074e+00	-2.711521170000000258e-01	-7.119543235000000414e-02	-1.524771067000000091e+00	7.499602706000000341e-01	-8.425276281000000367e-01	-1.217656885000000022e+00	-1.274488215999999952e+00	-4.350666562000000126e-01	-8.777690339000000508e-01	-2.373487901000000122e-01	5.074564684999999936e-02	1.725100612999999894e-01	8.095134941999999612e-01	-1.923870913000000002e-02	6.191929153999999741e-02	-6.864336745000000350e-01	-1.736548922000000106e+00	-6.516543645000000273e-01	-5.996307695999999465e-01	9.637069337000000457e-01	3.468949250999999734e-01	-1.982386756999999999e+00	-7.308980926000000489e-01	-9.001632035000000087e-01	-9.121528070000000099e-01	1.288820843000000105e+00	-2.136302716000000046e-01	-2.131691035999999873e+00	-2.382217828000000037e-01	-8.654467478999999797e-01	5.467463590000000151e-01	-7.626247980999999454e-01	-4.954971689000000068e-01	-2.663947904000000255e-01	6.924984844999999556e-01	-1.851428209000000047e+00	-1.354072608000000066e+00	-1.206676018000000017e+00	-1.901344434000000083e+00	-2.006612192999999988e-01	-5.099996114000000524e-01	-1.086533581000000082e+00	2.390602455999999987e-01	-3.204901258999999780e-01	-1.819248253000000037e+00	1.353327414000000006e+00	-1.035213562000000032e+00	-1.097498247999999954e+00	-4.750096645999999923e-01	-8.959653277000000360e-01	1.540560944000000099e-01
-9.844857776000000282e-02	7.272785326999999800e-01	3.483443506000000189e-01	-2.422206493999999877e-01	1.580104703000000110e-01	5.681909616000000440e-01	-4.873729916999999801e-01	-8.977889794000000478e-03	-2.206994564999999880e-02	6.322167931000000074e-01	-1.311982996000000012e+00	-6.584836907000000128e-01	1.511575269000000055e-01	-1.387881149999999897e+00	3.208011311999999782e-01	-7.566381495999999762e-01	-1.198276603999999912e+00	-1.053909280000000059e+00	-1.122857451999999950e-01	-1.230318889000000082e+00	9.062019720999999750e-01	4.900546507999999774e-02	3.812154198000000105e-01	1.367621417999999922e+00	-1.514786321999999963e+00	-6.257018497999999873e-01	-1.077832547000000085e+00	-9.027541148000000071e-01	-3.913068982999999834e-01	-2.699202406999999804e-01	7.534874901000000458e-01	-2.676833421000000129e-02	-2.219298613999999947e+00	-2.195091385000000062e-01	-8.614934854000000364e-01	-9.921498062000000395e-01	1.361111962999999925e+00	-1.088265050999999983e-01	-2.113870529999999803e+00	-2.492270490999999866e-01	-7.013979112999999543e-01	8.213412697999999956e-01	-7.684648350999999655e-01	3.393131153999999761e-01	1.985080271000000118e-01	9.031023741999999466e-01	-1.849173098999999931e+00	-3.724397948000000014e-01	-1.102476878000000049e+00	-1.836418246000000032e+00	3.685500983000000175e-01	-9.354189605999999602e-01	-9.615981543999999603e-01	1.139160074999999939e+00	1.494701230000000103e-01	-2.139122722000000199e+00	7.109729763000000036e-01	-1.311398606000000022e+00	-9.049284863000000012e-01	-8.939859436999999520e-01	-8.250991253999999664e-01	-2.296058896000000016e-01
-5.905211225999999758e-02	7.218500311000000114e-01	4.899805264000000049e-01	-2.743641969999999763e-01	2.375879872999999975e-01	7.040630585999999580e-01	-3.684309701999999853e-01	-2.728193015000000138e-02	-1.590620665999999961e-01	7.352624890000000191e-01	-1.680691042000000079e+00	-8.770853247000000019e-01	4.349336900999999922e-01	-1.142562075000000066e+00	-1.332766850000000058e-01	-4.371946474000000249e-01	-1.027317081999999937e+00	-9.468301130999999815e-01	5.036224551000000327e-01	-1.020393619000000029e+00	3.435018935999999967e-01	-3.373906003000000098e-01	3.718717984000000087e-01	1.526993285999999950e+00	-2.936970455999999841e-01	-6.405160616999999723e-01	-7.543562529999999766e-01	-6.346736291000000252e-01	2.011286988000000053e-01	2.401116350999999982e-01	1.012824133000000071e+00	-8.825195178000000418e-01	-2.058496072000000066e+00	5.166047619000000424e-01	3.283125275000000065e-01	-9.403201804999999913e-01	1.544231220999999987e+00	-2.786943447999999934e-01	-2.105709001000000136e+00	-3.095651300999999744e-01	-2.372630272000000040e-01	9.034533447999999467e-01	-1.157377260000000074e+00	7.030746955000000131e-02	1.051193242000000083e+00	1.219055414999999920e+00	-1.511115965999999977e+00	-8.227856760000000491e-02	-5.877687772000000227e-02	-1.167909676000000063e+00	1.008827444000000018e+00	-5.832483360000000339e-01	-4.147169220999999961e-01	1.174262042000000061e+00	2.460743032999999913e-01	-1.535516719000000085e+00	1.147381731000000071e+00	-5.613893949999999577e-01	4.989625736000000145e-01	-2.522510956999999832e-01	3.665918196999999878e-01	4.203537312999999775e-01
-1.068557449999999950e-02	6.420682449000000291e-01	2.300598494999999966e-01	-1.776711105000000068e-01	2.805053423000000157e-01	7.247077200000000552e-01	-5.159121294999999829e-01	7.962168874000000174e-02	1.898405789000000010e-01	7.223716660000000234e-01	-1.532245295000000063e+00	-9.805519231999999530e-01	7.836162719000000498e-01	-1.250308659999999961e+00	3.490501034999999863e-01	-4.980286640000000098e-01	-6.631699843999999677e-01	-8.791709385999999515e-01	-1.664274712000000100e-01	-5.580546567999999930e-01	-1.050925778999999949e+00	1.112487976999999989e-01	2.569739214999999799e-01	9.693799144000000423e-01	-3.851141587999999949e-01	-4.874529223000000078e-02	-4.010877368999999915e-01	-3.799746063000000174e-01	2.015172819999999920e-01	5.096296156999999827e-01	1.437233688000000065e+00	-7.776716000000000184e-01	-1.987445109999999904e+00	9.917881285999999852e-01	1.448659150999999978e+00	-7.663423348000000246e-01	1.567817302999999995e+00	-1.855951563999999887e-01	-2.330401349000000177e+00	-5.804649173999999467e-01	2.128875010000000068e-01	1.369731741000000058e+00	-5.084295580000000037e-01	-4.217416354999999895e-01	1.628119121999999974e+00	1.625145585999999920e+00	-1.075550430999999918e+00	5.215498933000000115e-01	7.734288176000000403e-01	-1.102421781000000101e+00	1.081833322999999902e+00	-1.418222161000000092e-01	-1.667164885000000166e-02	8.571474814999999747e-01	-2.779226820999999847e-01	-1.357363539000000063e+00	1.331508984000000062e+00	-7.397103466000000127e-01	5.151539133000000437e-01	2.661451261000000179e-01	8.530635907000000406e-01	5.691794085000000392e-01
4.757021010999999688e-02	5.500845506999999524e-01	-6.395548612000000188e-02	5.546848196999999703e-02	2.660429074999999810e-01	7.307999415000000498e-01	-7.576761954999999826e-01	3.149231828999999871e-01	5.934469392000000232e-01	4.996458147000000238e-01	-1.070138690999999920e+00	-4.855079428999999891e-01	7.307404849999999952e-01	-1.439903076000000004e+00	9.467678612000000049e-01	-6.316343748999999619e-01	-6.078482655000000401e-01	-8.693655679999999775e-01	-3.991488014999999834e-01	-4.830814186000000066e-02	-1.070493630999999946e+00	5.039128957999999825e-01	-4.911429570999999994e-01	3.531328729000000055e-01	-9.129435780000000333e-02	4.344822442999999867e-01	-1.216297900000000015e-01	-2.926690768999999914e-01	-1.233238790999999918e-02	2.405397861999999942e-01	1.411308167000000058e+00	-1.117913308000000105e+00	-1.781661756999999957e+00	1.165142514000000018e+00	2.086213224999999838e+00	-4.407234654000000140e-01	1.497840486999999943e+00	-1.370844327999999890e-01	-2.718587287000000074e+00	-2.964335086000000063e-01	5.803285955000000440e-01	1.821413428000000057e+00	-1.572342750999999872e-01	-4.162809371999999786e-01	1.296131184000000047e+00	1.265869278000000042e+00	-9.218443133000000511e-01	2.270548971999999943e-01	1.291435896999999944e+00	-9.683721349999999672e-01	5.569470546000000466e-01	5.719846994999999712e-01	4.849334981999999794e-01	-2.326681659000000013e-01	-1.715229410999999926e+00	-1.190871703000000004e+00	1.383082152000000065e+00	-5.278926898000000367e-01	-5.612037399000000537e-01	6.703458436000000464e-01	5.906781733999999506e-01	2.818458871000000254e-01
4.711071819999999855e-02	6.191772564999999950e-01	1.620313300000000012e-01	-9.444771123000000185e-04	2.729135369999999838e-01	7.517618989000000029e-01	-5.565584667999999846e-01	3.562607349999999951e-01	6.689554943000000087e-01	2.605964740999999751e-01	-1.166098773999999949e+00	-7.242474896999999412e-02	5.352139965000000110e-01	-1.604890157000000039e+00	1.047665083000000052e+00	-6.941036178999999695e-01	-8.899283666999999731e-01	-1.271224856999999986e+00	-5.723707971999999478e-01	3.981325682999999893e-01	1.032734035999999911e+00	7.020574199000000348e-01	-1.063051538999999934e+00	3.035752643999999889e-01	-2.961913540000000178e-01	1.721135931999999924e+00	-6.196402730000000192e-02	-1.281046517999999912e+00	-1.291892212999999900e-01	-1.913484934999999942e-01	1.660687626000000083e+00	-6.559401121000000279e-01	-1.187832109999999997e+00	5.750286006000000505e-01	2.018155736999999839e+00	-9.145694884999999719e-01	1.357919673999999910e+00	1.636457139999999977e-01	-3.041317961999999930e+00	-6.492661428999999540e-01	6.498691957000000130e-01	1.787130611999999896e+00	4.225795867000000094e-01	-5.574063298000000444e-01	6.823223066000000392e-01	1.814710482000000125e-01	-8.480056795999999508e-01	-3.420734034999999840e-01	1.868719988999999915e+00	-6.344482153999999596e-01	-6.034090589999999837e-02	3.443538487999999731e-01	1.576530637999999929e-01	-4.380038506999999748e-01	-2.520223822999999808e+00	-1.357066579999999911e+00	1.735699619000000027e+00	-1.032082015000000075e+00	-2.048370961000000115e-02	4.963797145000000133e-01	-4.465731718000000017e-01	-4.661783525000000039e-01
-1.314182348000000021e-02	6.653226642999999774e-01	5.237825016999999583e-01	-2.803484351000000152e-01	1.914547108000000109e-01	6.803229850999999995e-01	-2.467665806999999878e-01	2.497022231999999897e-01	4.102321958999999851e-01	1.109619268999999936e-01	-1.629894066999999946e+00	1.316366758999999997e-01	4.205615746999999960e-01	-1.428746988000000107e+00	8.211434720000000409e-01	-7.388725047999999962e-01	-1.443210013000000069e+00	-1.224680012999999956e+00	-9.489690231000000309e-02	4.251643477000000004e-02	6.622863238999999735e-01	4.159806394000000185e-01	-1.328115178000000007e+00	4.394477890999999858e-01	-6.224347499000000283e-01	2.238020885000000071e+00	-4.956244690000000119e-01	-2.243024921000000005e-01	1.104482912000000032e-02	-3.127227907999999834e-01	7.902939289000000533e-01	8.014920681999999630e-01	-6.674853387000000415e-01	-1.124884443999999983e-01	1.374289737000000011e+00	-1.228630123000000074e+00	1.612539396999999930e+00	3.832644559000000228e-01	-2.408274286999999791e+00	-4.151601322999999844e-01	1.017488062999999943e-01	1.094462757000000064e+00	-3.578499864999999946e-01	-3.536230640999999952e-01	-5.809221704000000486e-01	-1.071580004000000086e+00	-9.577226849000000097e-01	-8.741492448000000304e-02	2.052644343999999954e+00	5.623719128999999928e-01	-1.520668927000000115e-01	-8.115974231000000483e-02	-4.025693503000000173e-01	-8.436163835000000111e-01	-2.484489206000000117e+00	-1.062021542999999957e+00	1.465824570999999965e+00	-1.150677283999999911e+00	5.781228804000000387e-01	-9.192376067999999956e-01	-2.154898953000000117e-01	-7.231854459000000013e-01
-6.422483903999999522e-02	5.726083664000000129e-01	2.120442458000000030e-01	-2.726980991999999882e-01	2.359356159999999869e-01	5.778689597999999705e-01	-5.060829124000000290e-01	9.200945787000000542e-02	2.674944271999999956e-01	-1.241322527000000009e-01	-1.492614490000000016e+00	3.330232846000000246e-01	-2.708773911999999909e-02	-1.330123176000000074e+00	9.403627712000000027e-01	-1.005844556000000001e+00	-1.844143909000000026e+00	-1.139606875999999991e+00	1.841920907000000121e-02	-4.683482013999999971e-01	-1.173427584999999995e+00	1.289579822999999958e+00	-1.068932959000000071e+00	3.191181508000000000e-01	-3.784523995999999890e-01	2.141210544000000215e+00	-4.105625600999999736e-01	-7.088011776000000541e-01	-2.072683234999999902e-01	-6.160319691000000208e-01	-2.854708411999999987e-02	1.031966544000000097e+00	-1.165123147999999942e+00	-3.186506129000000187e-01	3.919237657999999902e-01	-4.827115001000000238e-01	1.193682950999999992e+00	1.775913277000000165e-02	-1.750274925000000037e+00	-1.227580641000000083e+00	-2.473778168999999916e-01	2.107952802999999875e+00	8.328374504000000123e-01	-9.101029020999999997e-01	-8.472132739000000079e-01	-1.238846034000000040e+00	8.255146115999999479e-01	-1.191792627000000104e+00	2.206817522000000142e+00	-1.159214719000000032e-01	-1.096955923999999971e+00	6.612984280999999465e-01	-4.916451869999999835e-01	-1.300727407999999974e+00	-2.358086650000000173e+00	-1.153823685000000099e+00	6.453840752999999708e-01	-1.611247755000000045e-02	1.612178945999999946e-01	-1.448795285000000099e+00	6.312718690999999938e-01	-7.038016553999999481e-01
-2.442906426000000103e-02	4.784994653999999903e-01	-1.367940662999999890e-01	-5.380155513999999861e-02	1.869558765999999872e-01	5.398426910000000412e-01	-7.731875671000000283e-01	1.796888095999999990e-01	4.876333225999999743e-01	-1.142657945999999980e-01	-1.005528847999999975e+00	1.375552575000000000e-01	-5.904432557000000026e-01	-1.411144597999999917e+00	9.196003552000000525e-01	-1.167284380999999982e+00	-2.036314337999999946e+00	-1.050847443999999964e+00	-3.276471985000000142e-01	-7.201719613000000519e-01	-6.737605274000000311e-01	1.727714906000000106e+00	-1.339694932000000005e+00	2.565615254999999983e-01	-4.376501783000000256e-01	1.973774361000000033e+00	3.633683206000000165e-01	-7.749212933000000358e-01	-3.381726807000000057e-01	-1.037480656000000057e+00	2.918520842000000073e-03	7.975533625999999821e-01	-2.031077623999999915e+00	-1.166806848000000035e-01	-3.594768499000000062e-01	6.128837453000000046e-01	6.663801536000000247e-01	-4.208292570000000121e-01	-1.621390456000000091e+00	-1.417073561000000037e+00	-2.221346562000000024e-01	1.112661673999999934e+00	1.285681196000000082e+00	-4.865057958999999821e-01	-7.723286511000000409e-01	-1.291371878000000084e+00	1.122682020000000058e+00	-1.017634845999999982e+00	1.628483646000000062e+00	-8.845585647999999468e-01	-1.245306333999999904e+00	3.344036074999999775e-01	-9.995622303000000208e-01	-1.625100712999999919e+00	-2.893784425000000216e+00	-1.338475971000000042e+00	3.386040318999999910e-01	7.984404973999999211e-03	-7.873751414999999865e-01	-1.345756775999999988e+00	-4.228128114999999965e-01	-8.989250220000000180e-01
-1.365384916999999934e-02	5.650681336999999749e-01	9.427639980999999447e-02	-1.279599009000000065e-01	3.104711479999999746e-01	5.904392957999999858e-01	-5.270276703999999812e-01	1.050213175999999971e-01	1.901866349999999928e-01	1.024014525000000037e-01	-1.101807187999999993e+00	-1.648304688999999990e-01	-5.391872680000000528e-01	-1.488822859999999970e+00	5.879151298000000470e-01	-1.159411272999999909e+00	-2.371675234000000021e+00	-1.264763727999999920e+00	-4.759809058000000204e-01	-3.887483659000000036e-01	9.210732222999999941e-01	1.052704220000000079e+00	-1.468079608000000036e+00	8.503322445000000007e-01	-2.524637419999999910e-01	1.642141271999999930e+00	-1.354111145999999932e-01	-1.853984781000000082e+00	-1.611584667000000026e-01	-1.344230969000000053e+00	-6.161707793999999794e-01	5.127714343000000508e-01	-2.106678561999999921e+00	-4.261435846000000138e-01	-1.213416375999999963e-01	1.662986241999999948e-01	-1.759212314999999971e-01	-5.978226855999999589e-01	-1.747709281999999975e+00	-1.840363766000000068e+00	1.213327844000000044e-01	-4.213748562999999892e-01	5.629458182000000033e-01	-3.546214293000000128e-01	-8.430556747999999878e-01	-1.591103495999999895e+00	6.275700649000000020e-01	-1.519370276000000075e+00	1.775763106999999952e+00	-7.178303433999999594e-01	-8.562960692000000096e-01	8.615418261999999716e-01	-1.688221873999999900e+00	-1.082477370999999966e+00	-1.935684689999999986e+00	-1.664938631999999918e+00	6.386176136000000225e-01	1.379101325000000045e-01	-2.862413133000000220e-01	-1.279950039999999900e+00	-8.410262711999999530e-01	-8.544943444000000499e-01
-5.586611484000000155e-02	7.516209526999999557e-01	4.122333432999999991e-01	-3.450539194000000198e-01	1.617769034000000050e-01	4.590393971000000239e-01	-1.728945791000000010e-01	1.595521509999999962e-02	2.621560097999999818e-03	2.847832236999999767e-01	-1.325985462000000004e+00	-5.633043548999999706e-01	-6.725839016000000337e-01	-1.384938669000000067e+00	-1.323722626999999930e-02	-1.211594092999999983e+00	-2.503792522999999992e+00	-1.268464368999999925e+00	1.036773591999999994e-01	4.848896353999999909e-02	8.544494316999999839e-01	1.768279053000000101e+00	-1.133040867000000063e+00	8.043803455000000380e-01	-6.202485563999999840e-01	8.501596195999999717e-01	-1.853846782000000137e-01	-9.713870870999999907e-01	2.381592710000000057e-01	-1.292589517999999993e+00	-1.159140336000000104e+00	4.627185776000000139e-01	-1.843725891000000061e+00	-9.694596380000000124e-01	-4.916408118999999743e-01	5.785804923999999794e-01	-5.827391658999999668e-01	-9.662752010999999808e-01	-1.044267604000000071e+00	-8.194984948000000324e-02	3.555213252000000157e-01	-6.877517846999999795e-01	-9.019937857000000225e-02	-1.632607058999999972e-01	-1.294787595000000069e+00	-1.699371616000000085e+00	8.135847886999999501e-01	-2.079969434000000117e+00	1.632161587999999997e+00	-2.791465733999999865e-01	-4.803001116999999764e-01	3.211083141000000141e-01	-2.118070981999999880e+00	-1.365074793000000009e+00	-1.347780403000000016e+00	-2.091168190999999954e+00	2.161300043000000115e-02	-1.664945368999999897e-01	-6.698471405999999462e-01	-1.785572135000000005e+00	-9.253919120000000387e-01	-1.125762995000000100e+00
-2.043107481000000156e-02	7.573548344999999626e-01	3.662759690999999873e-01	-3.591049680000000244e-01	9.947225544000000419e-02	4.840166034000000228e-01	-2.611331249000000132e-01	1.160788209999999987e-01	-2.738454276000000173e-02	1.790952729999999993e-01	-1.610600489000000080e+00	-7.945665187999999546e-01	-8.464193508999999782e-01	-1.214269661999999972e+00	-1.900987224000000031e-01	-1.104731308000000078e+00	-2.639414173000000030e+00	-1.371848895000000068e+00	-2.222636732000000115e-01	1.890867243999999892e-01	-1.543469792999999923e-01	6.722330912999999741e-01	-9.409938329999999462e-01	5.423419435999999871e-01	1.266750675999999964e-01	4.707491632999999953e-01	1.073371271000000071e+00	-1.345491906999999987e+00	7.868284218000000108e-01	-1.288559247000000019e+00	-1.057400231999999995e+00	-5.164532416999999542e-01	-2.260461901999999856e+00	-1.082306334999999953e+00	-9.620413166000000293e-01	1.198804272000000060e+00	-9.220955763000000527e-01	-1.343231913999999971e+00	-8.118453265999999724e-01	5.199518063000000412e-01	2.161630629999999886e-01	-5.631259814000000308e-01	1.348428520000000130e-01	-6.035293349999999446e-01	-1.395503702999999929e+00	-1.438776634000000110e+00	1.022966547000000004e+00	-1.579793306000000008e+00	1.500418822999999957e+00	-7.935909593000000095e-01	-5.880494013999999492e-01	-2.789962630999999749e-01	-1.493595905000000057e+00	-1.361987019999999937e+00	-1.401001503999999898e+00	-1.851850916999999930e+00	-3.442476025999999800e-01	-1.322687863999999935e+00	1.850082036000000041e-01	-1.733876533999999969e+00	-3.489829275999999925e-01	-8.791290770999999893e-01
-3.422446226999999869e-02	6.617248899000000018e-01	-7.560167699000000519e-02	-1.847092375999999925e-01	2.091778058000000051e-01	4.541673940000000020e-01	-5.673309061000000320e-01	4.654833744999999773e-02	-6.502446011000000137e-02	1.195326592000000021e-01	-1.164469524000000034e+00	-9.766715283000000358e-01	-8.901129434000000229e-01	-1.207354572000000070e+00	2.766962707999999771e-01	-1.236229731999999970e+00	-2.560270618000000109e+00	-1.069762684999999935e+00	-1.765017869999999933e-01	-2.297650173999999934e-01	-1.509049912000000049e+00	-4.874225546000000020e-01	-9.438316056000000120e-01	4.988803531000000069e-01	-6.537637437000000107e-01	-1.156824893000000035e-02	2.200014234000000179e+00	-4.482499174999999836e-01	7.254434565999999807e-01	-1.501755329000000083e+00	-3.941392095999999845e-01	-1.273574839999999986e+00	-2.749815256999999846e+00	-1.343097033000000051e+00	-1.239203116000000104e+00	9.024749733000000385e-01	-1.335432898999999951e+00	-1.407907175999999927e+00	-1.134813284999999894e+00	7.975597910999999707e-01	-1.256994439000000130e-01	-8.519809999999999883e-01	1.981478912000000092e-01	-5.989919469000000163e-01	-1.216697327999999967e+00	-1.043955096999999999e+00	1.298422187000000116e-01	-1.377906005999999905e+00	1.205120705999999986e+00	-1.771260556000000097e+00	-4.234483198999999809e-01	-5.276758749000000082e-01	-6.676702015000000046e-01	-9.068214867999999651e-01	-1.403019983000000082e+00	-1.402506409999999981e+00	-3.606161862000000218e-01	-1.594128065000000039e+00	-1.451316445000000011e+00	-1.254523432999999910e+00	1.784884113000000105e-01	-6.036238685000000492e-01
5.236316077000000013e-02	5.683390335000000348e-01	-2.090179292999999883e-01	-1.113633343999999997e-01	2.515825844999999839e-01	5.414419810999999694e-01	-7.094647280000000444e-01	7.919542699999999880e-02	5.237276203000000400e-03	5.034701777000000211e-02	-1.119431418000000011e+00	-1.075090410000000052e+00	-9.518519748999999530e-01	-1.221052076999999958e+00	3.745238529000000094e-01	-1.361976537000000098e+00	-2.497483337999999886e+00	-1.264473787000000016e+00	1.304266934999999961e-01	-6.615787749999999523e-01	-2.067663042000000007e-01	-1.888082090000000046e-01	-1.137987196999999950e+00	5.677689003000000456e-01	-6.927379959000000420e-02	-3.843391948000000058e-01	1.139930697999999909e+00	-1.255423986999999908e+00	8.627894458000000544e-01	-1.409335242999999904e+00	-3.061044888000000186e-01	-1.523992522999999988e+00	-2.661609975999999822e+00	-1.561053739999999967e+00	-1.076481607000000063e+00	7.509486192000000004e-01	-1.262769876999999985e+00	-1.319658157999999970e+00	-9.804564014000000105e-01	9.153322334000000282e-01	-1.829734255999999892e-01	-6.013118213000000489e-01	-1.027242254999999993e+00	-7.604035997000000435e-01	-6.877521940999999916e-01	-8.416490007000000384e-01	-6.413680697000000430e-01	-1.741375805000000110e+00	5.373189426000000157e-01	-1.788935251000000060e+00	1.192518743000000048e-01	-1.152452862000000078e+00	-1.108557470000000045e+00	-1.161739631999999939e-01	-1.264052712000000023e+00	-1.737201380999999989e+00	7.508500080000000132e-01	-1.269552291000000110e+00	-9.191870119999999700e-01	-5.752086247000000041e-01	-1.288466619000000035e+00	-8.991773498999999781e-01
-6.532108545000000002e-03	7.102192778000000484e-01	8.689696768000000626e-02	-1.832238019999999912e-01	3.025608156999999854e-01	5.928277050000000381e-01	-4.311529743999999997e-01	-9.803106399000000026e-02	-1.183154616000000048e-01	1.446630894000000001e-01	-1.024192282000000009e+00	-1.339556028999999926e+00	-6.747245430999999627e-01	-1.111732154000000028e+00	4.139115306999999744e-01	-1.148076947999999931e+00	-2.624957044999999933e+00	-1.131238514000000084e+00	-3.723235477999999876e-01	-5.204340729999999970e-01	3.677633969999999919e-01	-7.528976511999999621e-01	-9.706294072000000162e-01	6.372563543000000497e-01	-1.331579508999999883e-01	-8.057967956999999570e-01	1.224497691999999915e+00	-1.482430629000000000e+00	6.878031798000000530e-01	-1.241436892999999930e+00	9.262518436000000133e-02	-2.029118192999999959e+00	-2.819716614999999926e+00	-1.527202245000000014e+00	-2.533920619000000207e-01	-8.316047235000000315e-01	-1.390025239999999940e+00	-1.144583270000000041e+00	-8.412032799999999977e-01	7.371986259999999680e-01	-1.666630061000000107e-01	-8.618498970000000314e-01	-1.358683418000000032e+00	-6.431376935000000516e-01	-4.077302121999999973e-01	-5.147357272999999456e-01	-8.789173300000000522e-01	-1.407760182000000082e+00	3.383703220000000012e-01	-7.384074272999999744e-01	7.238947024999999869e-01	-1.205204130999999901e+00	-1.491416043999999941e+00	3.425967179000000140e-01	-1.104737384999999961e+00	-1.746356393999999979e+00	1.595214440999999927e-01	-1.146403869000000020e-01	-1.253598626000000049e+00	-2.431514070000000138e-01	1.368984135000000102e-01	-1.060051206000000024e+00
-1.041327343999999960e-01	6.628038788000000237e-01	4.378496028000000012e-02	-2.901125180999999942e-01	3.676179461999999898e-01	7.114367732999999916e-01	-5.828987228999999992e-01	-2.996038408999999736e-01	1.231964563000000068e-01	1.753460115000000097e-01	-8.797861328999999619e-01	-1.527635456999999919e+00	-6.390521519999999844e-01	-7.948897194999999805e-01	7.531990697999999540e-01	-5.675789133999999958e-01	-2.326328445000000134e+00	-1.084978535999999938e+00	2.097125928999999944e-01	-7.616065241999999680e-01	-7.499942293000000024e-03	-6.502579009000000188e-01	-6.413365895999999511e-01	5.959901104999999477e-01	2.794249148999999877e-01	-8.164522170000000356e-01	8.964422770000000096e-01	-1.181989455000000078e+00	4.414503935999999906e-01	-9.305783708999999515e-01	1.673288118000000047e-01	-2.196732572999999800e+00	-2.870320335000000167e+00	-8.308790734000000011e-01	5.711844374000000224e-01	-7.359262907000000409e-01	-1.089035108999999890e+00	-3.516089392999999785e-01	-1.240338458999999949e+00	8.742095713999999962e-01	-4.836197696000000268e-01	-3.149221031000000171e-01	-1.329152571000000060e+00	-8.601664996000000230e-01	-2.846020900999999825e-01	-4.554938776999999939e-01	-8.527451846000000391e-01	-1.250457168999999924e+00	8.517305783999999935e-01	-8.601248282000000245e-01	1.054610760999999952e+00	-1.350788606000000058e+00	-1.043845570000000000e+00	3.796648288000000204e-01	-2.125374964999999783e+00	-9.416781510999999716e-01	-1.349885248999999898e-01	4.119349460999999768e-01	-1.586499730999999969e+00	8.843777051000000222e-01	-2.575792261000000027e-01	-7.078539194999999840e-01
-7.716502261999999557e-02	6.588781486000000465e-01	1.826888560999999911e-01	-3.722779430000000001e-01	4.602207777000000277e-01	6.428156072999999804e-01	-4.707389097999999938e-01	-3.953056053999999819e-01	4.012970032000000020e-01	7.459141249999999557e-02	-1.187730696999999891e+00	-1.489836337000000066e+00	-6.270918155000000382e-01	-4.015116691000000237e-01	4.789032093000000212e-01	-4.619930456999999935e-01	-2.098213191000000144e+00	-9.825157462000000397e-01	4.668559219999999788e-01	-7.452071865999999600e-01	2.470115159999999865e-01	-1.034915263999999890e+00	-4.764496007999999838e-01	5.225300984999999843e-01	7.172973088999999580e-02	-8.908575892000000218e-01	5.487825754999999806e-01	-4.011495594999999748e-01	4.363716833999999878e-01	-2.899852521999999877e-01	-1.500945328000000134e-01	-1.490768045000000042e+00	-2.308182480000000147e+00	4.418321503000000039e-01	6.446904369000000523e-01	5.741289164999999750e-01	-1.482257401999999891e+00	3.911614797999999893e-01	-1.015536559999999922e+00	5.920984584999999800e-01	-4.369200733999999975e-01	-8.684037103999999729e-01	-1.490603660999999969e+00	-1.376472761999999905e+00	3.401304887000000110e-01	-5.835742298999999633e-01	-3.935126117000000145e-01	-1.492451358000000061e+00	7.875428384999999532e-01	1.041603094999999923e+00	1.056434555999999914e+00	-1.203879198000000095e+00	-7.471340129000000330e-01	1.443852759999999957e+00	-1.296140768000000110e+00	1.257631810000000017e-01	4.682936182999999919e-01	-7.009156190999999980e-01	3.729877872999999844e-01	1.089774980999999920e+00	-1.188406923000000059e+00	-9.238162347999999691e-01
-6.210319345999999741e-02	6.985067985999999784e-01	2.208666176999999897e-01	-3.775860603999999787e-01	4.544161868000000104e-01	7.529215410999999802e-01	-4.492288674000000093e-01	-2.603215353000000176e-01	5.634087387999999752e-01	1.451740827000000122e-01	-1.269819754000000023e+00	-1.275614752999999935e+00	-6.090278644000000074e-01	1.009921586000000066e-01	6.169278926000000274e-01	-2.647081486999999789e-01	-1.603046025999999902e+00	-8.085801993000000243e-01	3.579870244000000201e-01	-1.249082531999999995e-01	-1.409239881999999888e-01	-9.457504811000000400e-01	-3.923769172000000083e-01	5.211480723000000426e-01	-9.571253646000000073e-03	-2.798228762000000147e-01	4.395926209000000084e-01	-3.728935642000000272e-01	4.708059949999999771e-01	4.327689982999999851e-01	-6.359504109999999932e-02	-6.520210835999999954e-01	-1.945399072999999923e+00	1.707806149999999912e+00	1.097790674999999938e+00	9.845806622999999647e-01	-1.405213306000000051e+00	1.055026446999999923e+00	-5.065144163999999449e-01	9.871285002999999891e-01	-3.832424640000000049e-01	-8.591086082000000124e-01	-6.402363535999999744e-01	-1.106459282000000099e+00	8.089947043999999865e-01	-5.097505915000000165e-01	6.785636914999999547e-01	-1.637571341999999985e+00	1.415167543999999999e+00	1.373023381999999959e+00	1.222501873999999988e+00	-8.748006211000000087e-01	7.389366830000000663e-02	1.662302217999999998e+00	-8.068919524000000010e-01	4.665651887000000220e-01	-4.423942641999999981e-01	-1.342150418999999983e+00	2.336751742000000021e-01	1.117452018999999908e+00	1.554608677000000050e+00	-7.437971069000000046e-01
2.457028962000000136e-02	6.613381203000000541e-01	-1.006070448999999978e-01	-2.173249039000000049e-01	3.648609963000000178e-01	6.896594223999999995e-01	-4.873864191000000234e-01	-8.758503218999999507e-02	6.485708941000000172e-01	2.825031842999999876e-01	-4.980074158999999723e-01	-7.979191915000000135e-01	-6.875975778999999788e-01	2.600655365000000274e-01	1.153696963000000020e+00	-7.168616842999999683e-01	-1.371681726999999906e+00	-5.720229729000000374e-01	3.741462192000000186e-01	3.677696460000000056e-01	-1.306244098999999936e+00	-1.064224985000000068e+00	-4.760498168999999780e-01	-3.342446875000000261e-01	-4.523969244000000112e-01	1.468141087000000011e-01	1.705170421000000047e+00	-1.530951002999999915e-02	-1.571509625999999993e-01	5.612691367000000042e-01	8.120559826000000037e-01	-9.786802555000000403e-01	-1.473309841000000064e+00	1.884628439000000100e+00	9.360767199999999733e-01	7.258203343000000363e-01	-2.741718050999999989e-01	1.791213098000000059e+00	-4.314983089000000160e-01	9.797420757000000480e-01	-3.060279535000000051e-01	-3.719388272999999967e-01	-3.737955110000000247e-01	-1.239080272999999899e+00	5.325870974999999952e-01	-3.840645877000000152e-01	5.578219991999999738e-01	-1.214711306999999962e+00	1.531958356000000077e+00	1.076713365000000033e+00	5.107966296000000517e-01	-4.925536247999999784e-01	-2.408643856999999888e-01	1.146083237999999893e+00	-1.797461721999999984e-01	2.907914738999999860e-01	-6.058640692000000216e-01	-1.672562770000000087e+00	-1.330117737999999994e+00	2.787154573000000246e-01	6.181951325000000219e-01	-1.012588215000000069e+00
8.138013507999999896e-02	5.966769280000000508e-01	-2.389090352999999889e-01	-6.351550205000000560e-02	3.602912688000000085e-01	9.088239608000000525e-01	-5.678778702000000234e-01	-6.443658033000000673e-02	4.245983588999999725e-01	2.322753382999999949e-01	-1.120405253999999934e-01	-1.660599902000000072e-01	-8.105245340000000187e-01	3.216822127999999920e-02	1.654390100000000086e+00	-8.403297888999999854e-01	-9.307028429999999464e-01	-1.293450339000000060e+00	-3.101331393999999797e-01	4.205849011000000193e-01	-4.640421019000000036e-01	-3.374467561999999754e-01	-1.324997511999999933e+00	-6.979636098000000510e-01	1.962636570999999885e-01	6.378969935999999619e-01	1.276096031000000020e+00	-1.102278394000000050e+00	-4.521429124999999938e-01	1.097085138000000043e-01	1.966388739999999968e+00	-1.317926715000000026e+00	-9.598708343999999837e-01	1.165436222000000077e+00	2.471013004000000013e-02	-8.121199931999999455e-01	1.255038678000000019e+00	1.725111411000000095e+00	-7.466657448000000308e-01	9.842982951999999786e-02	-4.402664311000000219e-01	7.128746059999999662e-01	-3.520628238999999882e-01	-4.162521778000000117e-01	-4.504710693999999793e-01	-1.135694412000000098e+00	2.150260156000000089e-02	-1.236666516000000104e+00	1.201130484000000109e+00	1.967583428999999939e-01	-9.563466328999999932e-01	-6.742198648999999655e-01	-4.325203825000000224e-01	-1.451522915000000025e-01	-9.123812278999999803e-01	-6.827954918999999956e-01	-1.012021056999999891e+00	-2.060942128999999845e+00	-1.708668188000000088e+00	-6.427608764000000141e-01	-1.426781022999999982e+00	-1.582406299999999932e+00
-3.804712081000000135e-03	6.896110678000000327e-01	1.662093024999999891e-01	-3.376784216000000005e-01	4.045358844999999981e-01	8.785629506000000033e-01	-3.529754044999999785e-01	-2.143823269000000031e-01	-4.833875409999999900e-02	2.115996384000000119e-01	-4.510204542999999844e-01	7.131444692999999724e-02	-8.156142359000000397e-01	-2.472505576000000038e-01	1.298091066000000016e+00	-1.004691478000000027e+00	-1.022382042999999907e+00	-1.728847543999999958e+00	-4.156631612999999725e-01	7.188564818999999828e-02	1.013810800999999984e+00	6.252527113000000414e-02	-1.771835673000000000e+00	7.952638789999999513e-01	6.004800114000000133e-02	1.211722348999999976e+00	-3.622847515000000018e-01	-1.237893893999999939e+00	-9.023023808000000257e-01	-2.801671540999999821e-01	2.015174447000000146e+00	-5.750443389999999599e-01	-1.016439356000000016e+00	5.711540402000000460e-01	-6.590377920000000112e-01	-7.722953849999999454e-01	6.528262701999999473e-01	5.868863197999999448e-01	-8.909553692999999663e-01	-5.548177332999999489e-01	-4.491416569000000192e-01	5.577417389000000059e-01	-5.684651348000000493e-01	1.592793802999999953e-01	-9.033957822999999498e-01	-1.709224861000000040e+00	-1.231155798000000079e+00	-7.591097587999999785e-01	4.460870809999999964e-01	5.396608213000000376e-01	-3.431038882999999928e-01	-1.071546958999999966e+00	-8.415691615000000514e-01	-4.934485457000000186e-01	-1.563772702000000070e+00	-9.465781088000000398e-01	-4.728010903000000043e-01	-1.409463117999999904e+00	-9.846350866999999951e-01	-2.545345258999999860e+00	-9.327185043000000286e-01	-1.337603655999999974e+00
-1.017759401000000036e-01	6.835668621999999583e-01	2.888769649999999856e-01	-3.963279639999999771e-01	4.301660942000000154e-01	8.219867459999999904e-01	-2.371307065000000103e-01	-2.705256862000000040e-01	-3.637342323000000155e-01	1.454419189000000050e-02	-7.266508952000000354e-01	-1.115519046999999958e-01	-7.861550073999999944e-01	-5.144777401000000250e-01	8.498856533999999963e-01	-8.725008252000000519e-01	-1.735619330000000016e+00	-1.527199398999999902e+00	-4.605790416000000304e-02	-3.600732980999999944e-01	4.169035039999999803e-01	1.914028006000000059e-01	-1.393773439999999919e+00	7.148702260000000530e-01	1.696779439999999972e-01	7.487752554000000060e-01	-5.825691887999999707e-01	-3.423619158000000273e-01	-9.490320910999999748e-01	-6.758716396999999709e-01	1.235713390000000023e-01	8.556288693000000389e-01	-1.350290438000000037e+00	8.270716125000000529e-01	-4.901999107000000189e-01	-1.412796500000000011e+00	9.415938052000000225e-01	-5.280755118000000081e-01	-8.548556738999999460e-01	-1.199047957000000109e+00	-4.835770224000000006e-01	6.092920332000000272e-01	-1.044405919999999988e+00	-1.158606675999999946e-01	-1.073372774000000085e+00	-1.769384964999999976e+00	-1.790841909000000065e+00	-1.154078342999999895e+00	1.543981072000000059e-02	7.188238495000000006e-01	-2.709174617999999812e-01	-5.045989697999999635e-01	-1.126182969999999894e+00	-9.246021517999999939e-02	-1.429908084000000024e+00	-1.124096911000000087e+00	-8.168965070000000495e-01	-6.074131990000000147e-01	-1.018026568000000021e+00	-2.941335011000000055e+00	-6.859148353999999781e-01	-1.077843091999999947e+00
-1.298311993000000053e-01	6.348921553999999912e-01	2.792533398000000000e-01	-3.870526971000000094e-01	5.005617648000000308e-01	7.822491355999999785e-01	-3.831614222999999986e-01	-2.449735936999999919e-01	-3.300393180000000259e-01	-1.572406093000000005e-01	-1.050049043000000015e+00	-4.696517188000000065e-01	-9.110989612000000015e-01	-5.264439085000000018e-01	6.431361455999999865e-01	-9.230575971000000157e-01	-2.195109722999999846e+00	-1.456643047000000024e+00	-1.059657626999999935e-01	-8.271158575000000512e-01	2.865020667000000021e-01	4.737073049000000147e-01	-9.290039869999999755e-01	1.119462882000000103e+00	4.828661191999999991e-01	3.410063324000000007e-01	-1.236882813000000025e+00	-1.193271218000000022e+00	-1.044016218000000107e+00	-1.043587016999999895e+00	-4.529599810000000115e-01	5.634468167999999721e-01	-1.403902246999999992e+00	9.770795364000000038e-01	-5.237955772000000287e-01	-8.616430137999999683e-01	3.726920676000000099e-01	-9.152803441000000317e-01	-7.802691765000000501e-01	-1.886516287000000069e+00	-3.738761998999999836e-01	1.756310519999999986e+00	-2.481532952999999930e-01	-2.644614243000000253e-01	-2.446538288000000005e-01	-1.623532635999999973e+00	-3.505701072999999890e-01	-1.066671984999999934e+00	-3.369013770000000019e-01	5.125526884000000116e-01	-4.587116471000000084e-01	-5.814911171000000101e-01	-1.305106345000000001e+00	-5.691312638000000090e-01	-1.845093010999999894e+00	-8.129881523999999970e-01	-1.142240388000000051e+00	-1.455156105000000033e-01	-1.854664530000000033e-01	-1.948514958000000075e+00	6.853772625999999812e-01	-6.292334022000000138e-01
-1.266044934999999982e-01	6.199612052999999845e-01	1.855880027999999918e-02	-2.140908692000000058e-01	4.592766475000000237e-01	6.164329814000000241e-01	-5.805701143000000508e-01	-1.370892290999999874e-01	-2.701647254000000276e-01	-8.068124516999999885e-02	-8.179888923000000478e-01	-7.317757481000000119e-01	-1.078148893000000053e+00	-5.646140282999999593e-01	6.924789689000000470e-01	-1.071861195000000100e+00	-2.278114796000000108e+00	-1.076647654000000065e+00	2.078348525000000002e-01	-5.722925213999999761e-01	-1.314641524000000006e+00	1.526909116999999982e+00	-8.423402132000000486e-02	8.827470106000000483e-01	-9.118205678999999897e-01	-4.546851185999999934e-01	-4.752441211000000276e-01	-2.403158445999999948e-01	-1.384998869999999993e+00	-1.051159103000000039e+00	-5.225490776000000226e-01	8.561776221000000353e-01	-2.274318023999999827e+00	1.629101394999999952e+00	-7.402669859999999602e-01	-1.473612172000000053e-01	-2.075418623999999990e-01	-9.465695589999999493e-01	-7.133208624000000331e-01	-1.111274010999999950e-01	-6.260658117999999828e-01	4.157524658999999789e-01	5.174515793999999724e-01	-2.443209181000000063e-01	4.544359544000000084e-01	-1.191571727999999997e+00	8.726001439999999665e-01	-9.023236678999999594e-01	-7.961252893000000386e-01	-9.565650875000000219e-01	-8.837929067999999999e-01	1.493248174999999955e+00	-8.088944168999999684e-01	-9.606867586999999764e-01	-1.754538560999999941e+00	-4.288765344000000090e-01	-1.789726367000000096e+00	-8.834755422999999996e-02	-2.280282394999999962e+00	-1.570049333999999908e+00	-1.951754602999999921e-01	-5.082572000999999728e-01
-6.730989570999999783e-02	5.310652738000000150e-01	-2.013165459000000046e-01	-1.097813039000000018e-01	3.437457163000000038e-01	6.259646702000000174e-01	-7.053625299000000348e-01	1.001587704999999939e-01	-1.155016999999999988e-01	-9.963260553000000130e-02	-5.260207087999999587e-01	-8.721863291000000462e-01	-1.250916892000000002e+00	-6.762579099000000094e-01	1.875886261999999971e-01	-1.137673192999999916e+00	-2.086053006000000209e+00	-9.575379027000000542e-01	-2.752629380000000126e-01	1.101044412999999944e-01	-5.645379874999999908e-02	1.458776013999999899e+00	-2.673282669000000000e-01	4.948723273000000256e-01	-1.223987403000000073e-03	-6.016123026999999901e-01	2.380466160999999969e-01	-1.400374838999999927e+00	-1.345032430000000057e+00	-9.338966442999999673e-01	-8.818648083000000248e-01	-5.610207112999999746e-01	-2.392344723999999978e+00	1.302791433999999970e+00	-1.238934986999999932e+00	7.851817409000000358e-01	-9.862571642999999888e-01	-8.327603446000000353e-01	-7.901035481999999499e-01	1.788500782999999927e-01	-6.364975944999999857e-01	-4.347999423999999724e-01	2.509036725000000079e-01	-4.776669666000000203e-01	4.003087298999999932e-01	-7.373993480999999628e-01	3.217092379000000002e-01	-1.863382475999999954e+00	-8.007381877000000481e-01	-5.775357260000000270e-01	-8.518607559999999967e-01	1.028135261000000078e+00	-2.133266515999999946e+00	-1.531728908000000056e+00	-2.127187858000000098e+00	-9.730483353000000113e-01	-1.608120639000000018e+00	-1.341464757000000008e+00	-1.490686978000000051e+00	-7.863888388999999979e-01	-1.535570343999999920e+00	-6.516258493000000040e-01
-4.930431407000000071e-02	7.016436177000000551e-01	1.720935504999999976e-01	-2.646276624000000188e-01	4.191279755999999801e-01	6.509421788999999459e-01	-4.084629807999999862e-01	3.454549744999999700e-02	-1.803588197999999865e-01	-1.620986761000000054e-01	-8.752064059999999923e-01	-9.789103085000000481e-01	-1.009884620000000011e+00	-7.048654692000000388e-01	2.219618559000000046e-02	-1.113963360000000069e+00	-2.122938738000000214e+00	-1.054367521999999946e+00	-9.777634974000000423e-02	3.203725856999999899e-01	1.008138839999999981e+00	5.142208957000000275e-02	-1.123904161999999957e-01	6.573928355999999473e-01	-9.892503810999999647e-01	-6.724306406000000180e-01	-1.390124849999999912e-01	-8.708596608999999988e-01	-1.192214142000000088e+00	-5.392251263999999766e-01	-1.349231429000000038e+00	-1.203201584999999962e+00	-2.551363572000000079e+00	1.368926035000000097e+00	-1.004112345000000017e+00	3.931985447999999939e-01	-1.489911814000000057e+00	-1.052296109999999896e+00	-6.692367768000000439e-01	1.431554267000000047e-01	-6.632484383000000205e-01	-9.832975596999999901e-01	3.142062104999999994e-02	-3.838731282999999772e-01	8.166602263000000139e-01	-1.053135083999999999e+00	1.515320162999999887e-01	-2.129133738000000164e+00	-7.262488858000000214e-01	1.985309932000000055e-01	-4.902355427000000265e-01	-7.069245799000000163e-01	-1.575811961000000094e+00	-6.818998697000000497e-01	-1.910470829000000093e+00	-8.350313746999999953e-01	-1.432352419000000099e+00	-1.947141862999999917e+00	-6.188018952999999600e-01	-8.393179702999999936e-01	-1.608016713999999903e+00	-2.689365840999999868e-01
-4.061347985000000188e-02	7.209148476000000194e-01	3.916122029999999921e-01	-3.650856201000000079e-01	5.068843093999999549e-01	7.197483086999999502e-01	-2.803268696999999809e-01	-2.276865316999999913e-03	-5.205833301000000191e-01	-1.715709565000000103e-01	-1.267479551999999954e+00	-1.024809483000000077e+00	-7.414956432000000541e-01	-5.367097535000000530e-01	-1.056582694999999988e-01	-8.757273038999999759e-01	-2.248571952999999901e+00	-1.055278708999999981e+00	7.002607056999999857e-01	-6.209362653000000121e-01	3.180620826000000179e-01	-1.363300563000000021e-01	-3.904188165000000051e-03	6.973975314999999453e-01	-7.480840022000000422e-01	-1.302419806000000069e+00	2.801729551000000096e-01	-4.396793914000000081e-01	-9.268260953000000413e-01	-4.818561581999999954e-01	-1.346057349000000070e+00	-1.404830252000000002e+00	-2.643985182999999850e+00	1.975457803000000068e+00	-5.607183047999999559e-01	1.000083744999999968e+00	-1.683686172000000036e+00	-1.069789751000000066e+00	-2.867161643000000204e-01	6.711303454000000501e-01	-5.617029834000000221e-01	-1.537968765000000015e+00	-1.389847785999999974e-01	-4.116623363999999952e-01	1.465915831000000003e+00	-8.958864203999999942e-01	-5.190275576999999751e-01	-1.822636895999999895e+00	-5.691591960999999866e-01	2.350650478000000099e-01	1.993706342999999881e-01	-1.469024933000000033e+00	-9.492143466000000501e-03	-5.303129674000000016e-01	-1.510884821999999961e+00	-1.331149068999999963e-01	-1.401837237000000069e+00	-2.135878507000000148e+00	5.857296534999999887e-02	-6.803232595999999521e-01	-1.386800795999999947e+00	-2.193383466000000115e-01
1.165351627999999980e-02	7.260760094999999525e-01	2.669034289000000171e-01	-2.491001132000000007e-01	4.281627452999999806e-01	6.668485236000000205e-01	-3.167482810999999732e-01	2.703625961000000189e-01	-2.528642516999999867e-01	1.576875470999999918e-01	-1.300422044000000055e+00	-1.140186200999999899e+00	-5.697066798000000043e-01	-9.916212217000000551e-02	1.236216343000000051e-01	-7.968472701000000047e-01	-2.160454864000000086e+00	-7.282813178000000498e-01	4.499919851999999998e-01	-1.098737840999999937e+00	-6.754024082999999790e-01	-3.867101425999999731e-01	4.267763722999999843e-01	2.736606958000000200e-01	-6.573744538000000359e-01	-1.720275774000000091e+00	5.967650614999999714e-01	-3.196137629999999952e-01	-4.869719848999999878e-01	1.279844119000000113e-01	-6.356458581999999691e-01	-1.345960398999999974e+00	-2.344788485000000033e+00	2.521592682000000085e+00	3.078283073999999939e-02	7.116256545000000377e-01	-1.266557777999999912e+00	-7.921844354000000532e-01	6.208241080999999939e-01	9.925000139999999860e-01	-2.327361984000000106e-01	-1.387383797999999890e+00	6.041505023999999696e-02	-7.215450654999999713e-01	2.464490709000000113e+00	-2.615311424999999801e-01	-4.266661613000000131e-01	-1.183537934999999930e+00	-1.910524376000000135e-01	1.278015260999999958e+00	1.077859209999999957e+00	-1.710009914000000020e+00	-4.418647531000000073e-01	-1.339945781999999919e-01	-4.360430448000000014e-01	5.718273847000000520e-01	-1.520700551000000011e+00	-1.570613320999999951e+00	8.895552773999999552e-01	-1.572279658000000080e-01	8.976447172999999502e-01	-3.012675913999999788e-01
4.397831155000000297e-02	7.207990424000000340e-01	-1.428351509999999935e-01	7.589931051999999900e-02	2.952315647000000043e-01	6.269103850999999672e-01	-4.526797576000000101e-01	5.301139091000000025e-01	-1.090295257000000045e-01	4.438980256999999763e-01	-5.574381881000000094e-01	-9.243379529999999900e-01	-3.934255593000000051e-01	1.769232658000000069e-01	9.660505611999999909e-01	-1.055666339999999925e+00	-1.700482773000000059e+00	-5.775125150000000041e-01	2.423977466999999997e-01	-7.049820132999999878e-01	-1.704821879999999901e+00	-8.784077026000000066e-01	5.777237076000000249e-01	-3.924517127000000105e-01	-1.943557404000000099e+00	-1.628163924000000096e+00	1.233255414999999910e+00	2.201596936999999921e-01	-8.363538617000000341e-01	5.468839131999999603e-01	8.427083546000000425e-01	-1.704214289999999909e+00	-2.228788730999999856e+00	2.711323848999999786e+00	1.978797988999999868e-01	-2.193513077999999922e-02	-1.912836982999999991e-01	-3.135565724000000110e-01	8.713448132000000124e-01	1.056705232000000105e+00	-9.237667851000000430e-02	-5.213199923000000346e-01	1.591798332000000094e-01	-1.354679071999999873e-01	2.245380792999999819e+00	3.498489403000000220e-01	-6.688321839999999963e-01	-6.710642834000000168e-01	-1.304277272000000099e-01	9.880115763000000273e-01	5.407599778999999662e-01	-9.770635655999999614e-01	-4.634053732000000259e-01	-1.736347249999999898e-01	2.062985559999999940e-01	1.109400026999999955e+00	-1.154696549000000072e+00	-1.282598543000000035e-01	-1.095455547000000029e+00	6.621159703000000230e-01	5.979534027999999779e-01	-3.728267483000000104e-01
8.378874525000000462e-02	7.069808495999999609e-01	-1.226670628000000041e-01	1.517255919000000119e-01	3.267342316999999885e-01	8.302038497000000516e-01	-3.866910171999999868e-01	5.272755856999999935e-01	-3.251052172999999851e-02	4.836490775000000242e-01	-2.087364154999999943e-01	-3.044377632999999972e-01	-1.065961992999999997e-01	2.268557595000000038e-01	1.091271957000000015e+00	-1.040873780000000082e+00	-9.951506171999999761e-01	-1.205170408000000082e+00	-2.246201019999999882e-01	-1.825332555999999995e-01	1.758810715000000136e-01	-2.713405358000000045e-01	-1.815339978000000132e-01	-5.483599701000000382e-01	-1.292223351000000020e-01	-8.719334073000000185e-01	-3.381062600999999723e-02	-1.393058601999999979e+00	-1.203714970999999911e+00	3.720446720000000207e-01	2.217784808000000218e+00	-1.286714370999999968e+00	-1.552398442999999961e+00	1.822985231000000095e+00	1.191611501999999961e-01	-2.179472199999999971e-01	1.248504392999999935e+00	-1.970294504000000002e-01	3.630732391000000003e-01	-4.921496808999999972e-01	2.675956520000000172e-01	6.726155381999999738e-01	-5.971209008000000207e-01	5.328142403000000193e-01	1.696923761999999947e+00	-1.682679539999999974e-01	-1.463184258999999932e+00	-1.069106158999999945e+00	-6.054580810999999896e-01	-1.006767065999999988e-01	-4.669483883000000168e-01	-2.716351698999999731e-01	-4.233803311000000069e-01	-8.815185317999999492e-01	-8.586893089999999562e-01	8.050307317999999546e-01	-7.877573078999999812e-01	-6.660434656000000508e-01	8.179382494999999642e-02	8.690510587999999981e-01	-1.914523906999999969e+00	-6.504993651000000321e-02
8.889874907000000492e-02	8.182305575999999636e-01	3.512657022999999823e-01	-7.257153091000000111e-02	3.147365292000000037e-01	8.563790972000000501e-01	2.312380965000000212e-03	5.576121696000000405e-01	-1.091447517000000006e-01	5.320049626999999726e-01	-6.437529958000000052e-01	1.644229493999999903e-01	1.131139426999999975e-01	2.834278109999999740e-01	9.034823230999999844e-01	-9.894287045999999863e-01	-9.006449054999999815e-01	-1.154009127999999995e+00	-3.303290998999999784e-01	-3.561368890000000120e-01	7.243695720999999699e-01	-1.132727193000000049e-01	1.119889406999999976e-01	4.499259185000000216e-01	-1.706357786999999959e+00	-4.440595934000000078e-01	-8.311160992999999664e-01	-5.221638979999999874e-02	-1.430805730999999970e+00	6.063736681000000406e-01	1.157495715000000036e+00	5.272061372999999884e-01	-1.250421414999999925e+00	1.703858982000000077e+00	-2.639881786000000119e-01	-5.323556755999999668e-01	8.478759659000000282e-01	-4.460664710000000199e-01	5.671999019000000253e-01	-5.426225995000000246e-01	2.501319056999999901e-01	2.963559351999999758e-01	-1.322710327000000019e+00	8.648103790000000179e-01	1.751365005999999891e+00	-7.227338405000000021e-01	-1.496604593000000039e+00	3.075409038999999956e-01	-1.086064648000000021e+00	-3.709327865999999946e-02	5.060103912000000204e-01	-8.372013807000000529e-01	-1.197294075000000069e+00	1.377096213000000013e-01	-2.072581420000000063e-01	7.602666832000000152e-01	-4.881478569000000101e-01	-9.714580390000000509e-01	3.390250497999999779e-01	2.732928190000000201e-01	-9.925931795000000335e-01	6.675880196000000266e-02
1.094047137999999975e-01	8.237703040999999615e-01	4.978663795000000114e-01	-2.219174358999999874e-01	4.606915502000000218e-01	9.145466465999999572e-01	9.531539971999999916e-02	3.859171201000000107e-01	-3.250616775999999875e-01	5.330057892999999769e-01	-8.798388982000000524e-01	2.890047173999999996e-01	4.798888827000000190e-01	5.341995980000000532e-01	6.458950225999999795e-01	-7.330377961999999803e-01	-9.419846284999999764e-01	-1.087479104000000030e+00	-4.474162385000000214e-02	-2.326869527000000049e-01	2.390169436000000036e-01	4.247304563000000033e-01	5.955252035000000443e-01	5.355905335999999739e-01	-6.575774388999999776e-01	-4.698702967000000230e-01	-1.137850379999999939e+00	-3.819190058999999970e-01	-1.038157388999999986e+00	7.919368815999999756e-01	-3.892831038999999826e-01	1.018734108000000083e+00	-9.121575769999999972e-01	2.212778040999999973e+00	-4.535209215000000210e-02	-4.631360147999999954e-01	1.109575519000000066e+00	-5.561956324000000285e-01	7.002532237999999909e-01	-1.089904331999999920e+00	1.830897552000000095e-01	1.839193993999999943e+00	-9.262549677000000425e-01	7.967612137999999788e-01	1.852655163999999965e+00	-4.897351504999999938e-01	-8.496545755999999894e-03	-8.924636085999999580e-01	-9.847956543000000451e-01	-6.225379273000000158e-01	8.498877365000000461e-01	-4.775243967000000200e-01	-8.139588266999999711e-01	4.048029019000000117e-01	2.370703331000000025e-01	7.500968559999999785e-01	-7.538661890000000199e-01	-2.792609241999999825e-01	1.201640805000000034e+00	4.106033755999999868e-01	-5.732122615000000421e-01	5.768064456999999479e-01
1.438812808999999915e-01	7.489078876000000440e-01	3.093086248999999954e-01	-1.071354956000000053e-01	4.792241420999999724e-01	9.274433758000000250e-01	-1.043899362000000053e-01	4.790424976000000057e-01	-9.508258592000000398e-02	8.546917038000000355e-01	-9.988407555999999632e-01	4.371864572999999976e-01	6.763985220999999548e-01	3.277595553000000050e-01	6.972636630999999863e-01	-7.693516674000000499e-01	-5.783180455999999969e-01	-8.873938292999999922e-01	-3.836334483000000128e-01	1.915015573000000138e-01	-6.168135525000000285e-01	1.231653461999999921e+00	1.172436051000000035e+00	4.139233641000000241e-01	-8.459808467999999637e-01	-5.689702620999999988e-02	-1.043689247000000098e+00	-8.471435282999999483e-01	-4.462835694999999769e-01	8.804645299000000147e-01	-1.885926293999999892e-01	1.094009231000000026e+00	-5.679207885999999483e-01	2.054105512000000022e+00	-6.702543412000000478e-01	5.471084021000000019e-02	-8.392042746000000220e-02	-3.310785051999999840e-01	8.889672933000000166e-01	-2.379248958999999886e+00	4.864627771999999739e-01	3.708012256000000062e-01	6.607207352999999728e-02	1.715952266000000115e-01	2.486692001999999846e+00	1.561054699999999962e-01	8.366557005000000435e-01	-1.299123010999999883e-01	-8.902002786999999584e-01	-1.081491819000000021e+00	6.668552368000000286e-01	4.916844881999999917e-01	-2.087581248999999861e+00	4.740957124999999883e-01	1.801802483999999926e-01	8.554164860999999842e-01	-8.748778962000000048e-01	-1.233079368999999925e+00	8.274234218999999557e-01	4.379651911999999925e-01	5.592195036999999536e-01	-7.854622524000000328e-02
5.247785507999999655e-02	7.713468043000000218e-01	-1.637146093000000149e-02	3.025828834999999897e-02	2.644005285000000094e-01	7.647141957999999962e-01	-3.975172806999999753e-01	5.721853104999999884e-01	1.229271183999999933e-01	9.922987760000000490e-01	-6.352134899000000390e-01	6.607526058999999563e-01	5.718144774000000208e-01	2.828175810999999928e-01	7.166293245999999506e-01	-9.170738810999999879e-01	-3.375828086000000061e-01	-4.620366730000000088e-01	-3.434221846000000133e-01	1.042862967000000030e+00	-1.240769205999999958e+00	1.763838381000000011e+00	1.435314645000000056e+00	2.014528592000000007e-01	-1.385741440000000102e+00	-5.324541771999999895e-01	-4.079779923999999891e-01	-2.716621143999999877e-01	-2.782119196000000239e-01	1.099179541999999898e+00	-9.134125275000000155e-01	5.463381056999999652e-01	-1.040419289999999997e+00	2.105576888999999952e+00	-6.119180442999999636e-01	9.909864260999999841e-01	-4.209013897999999698e-02	-1.656857213000000051e-01	9.100046349999999507e-01	-4.372277985999999811e-02	4.287745607999999820e-01	-5.303084501000000506e-01	3.945925664000000110e-01	5.415559328000000283e-01	1.954988041000000010e+00	5.906019113999999570e-01	8.571069685000000105e-01	-1.377412373000000079e+00	-9.812867813000000217e-01	-1.544340226000000094e+00	1.266682403999999984e+00	5.334630138000000521e-01	-1.463250527000000023e+00	9.360793348000000513e-01	2.618910854000000010e-01	1.014607614000000019e-01	-1.466475439000000103e+00	-1.687541653999999891e+00	-1.150341132000000099e+00	6.953811980999999864e-01	6.248145219999999833e-01	-1.566544836000000052e-01
1.433856454999999919e-01	8.117818776999999875e-01	-1.617611048999999940e-02	6.747403324999999563e-02	2.718343960999999864e-01	8.023621465000000397e-01	-3.510319043999999833e-01	5.078784255999999608e-01	1.359346449999999928e-01	1.100867295000000023e+00	-6.259547956000000024e-01	8.359918018999999978e-01	5.423287374999999910e-01	3.263074671000000260e-01	6.447485942999999775e-01	-9.865012857999999607e-01	-1.215168895999999971e-01	-7.241600723000000128e-01	-2.832875669000000096e-01	1.526136648999999901e+00	4.495951778999999759e-01	1.109658363999999953e+00	6.826785371000000380e-01	-7.923691257999999904e-02	-2.458049754999999947e-01	-7.774889448999999786e-01	4.739974028000000228e-01	-1.779869812999999912e+00	-3.320606441000000242e-01	1.170331970999999971e+00	-7.159998246000000011e-01	-8.712388455999999781e-01	-6.074042065000000434e-01	1.324388083000000105e+00	-5.087079241999999946e-01	1.308989965999999949e+00	-3.682838308999999977e-01	2.051570805000000053e-01	3.626018418999999993e-01	3.914821244999999728e-01	1.572894968999999921e-01	-5.920432149000000033e-01	3.454661339000000275e-01	2.788364915000000055e-01	1.656876000000000015e+00	8.650894992000000006e-01	7.503215183000000454e-01	-2.082238053000000200e+00	-1.174328604000000054e+00	-8.024329407000000414e-01	1.577560786999999909e+00	-3.227663182000000131e-01	-2.096115747999999890e+00	4.375324607000000143e-01	-3.502574715999999810e-01	-4.258376567000000112e-01	-9.357278327000000395e-01	-1.714099752000000088e+00	-5.201493659000000491e-01	9.425775959000000093e-01	-7.816493466999999695e-01	-2.378992913000000167e-02
1.723548941999999973e-01	9.043267374000000247e-01	4.735069337999999739e-01	-1.199559565999999966e-01	3.035396499999999942e-01	8.365068300000000345e-01	1.776371357999999984e-02	2.407434287999999922e-01	-6.720130336000000593e-02	1.131725321000000006e+00	-9.574067247999999974e-01	9.479908367999999586e-01	7.616040392999999797e-01	5.568541724000000137e-01	5.008953744999999902e-01	-6.892502034999999916e-01	-3.422883017000000194e-01	-8.581726045999999997e-01	1.398739669000000074e-01	1.277884044999999968e+00	7.736038299999999923e-01	-3.801194817999999920e-01	1.061375187000000109e+00	2.041355762000000018e-01	-1.508095256999999911e+00	-1.023299259000000072e+00	-4.014292705999999988e-01	-1.916642298000000022e-01	-1.599707706000000063e-01	1.411064577999999958e+00	-1.146542565999999930e+00	-7.746805064999999768e-01	-3.702239911999999911e-01	1.321094516999999913e+00	-8.344358865999999819e-02	1.228436536000000023e+00	-6.908966299000000033e-01	1.052455962999999939e-01	9.880812605000000026e-01	3.652583609999999759e-01	-6.124686752999999872e-02	-1.415219811000000050e+00	4.050388614000000054e-01	6.681407579999999458e-01	2.141737244000000207e+00	8.931673380000000328e-01	6.405884741999999799e-01	-1.817766137000000004e+00	-1.050488802999999915e+00	-1.289821063000000101e-01	1.930488822999999909e+00	-6.446552791999999865e-01	-1.051847693000000028e+00	1.323504130999999973e+00	5.641467320999999924e-01	-1.521974819999999916e-02	-1.184572619000000104e+00	-2.002263828999999884e+00	2.828295037999999928e-01	6.239060132999999508e-01	-1.523460051999999898e+00	3.690933445999999840e-01
1.996037056999999948e-01	9.097063276000000309e-01	4.165318216000000184e-01	-1.812724753999999938e-01	3.174001375000000125e-01	8.626914893999999556e-01	4.094552029000000232e-02	1.049341609000000036e-01	-1.540523826999999901e-01	1.217463372000000099e+00	-1.038349127999999899e+00	8.481347189000000286e-01	9.119882186000000113e-01	9.497384980999999948e-01	5.581040620999999646e-01	-5.370111066999999627e-01	-1.217519078000000032e-01	-8.757043905000000406e-01	3.638978372000000183e-01	9.562622006000000008e-01	2.634039105000000047e-01	-4.366606559000000276e-01	9.499854749999999681e-01	-3.955661229999999917e-01	-6.207662027000000471e-01	-1.372909257999999966e+00	1.920466902999999892e+00	-1.124091458000000099e+00	-9.112524697000000395e-02	1.779494145999999999e+00	-2.502056637999999777e-01	-8.242340559999999927e-01	-4.157004692999999862e-01	1.624827902999999907e+00	6.255190094999999451e-01	1.413911925000000069e+00	-2.606598874000000121e-01	1.374183670000000135e-01	9.042151942999999692e-01	1.304865743999999994e+00	-2.836005316999999915e-01	-1.201447874999999943e+00	3.646683592000000140e-01	-5.929553127000000007e-02	2.541600969000000099e+00	1.042661381999999914e+00	6.454594855999999936e-01	-1.322105246000000012e+00	-8.131477928000000466e-01	-2.205290508999999954e-01	1.933306321999999966e+00	-9.012478467000000215e-01	4.341233103000000093e-02	1.144805926999999945e+00	6.644828632999999485e-01	2.311123392999999970e-01	-1.310298026999999976e+00	-2.022632080000000165e+00	-1.777331617000000100e-02	6.471488371000000406e-01	7.033290186999999749e-01	6.605277326999999810e-01
2.045748250999999962e-01	8.402845337000000026e-01	-6.851659234000000327e-03	7.164565402000000471e-02	2.122709096000000017e-01	8.589547975000000335e-01	-2.231693674000000127e-01	2.244697656999999902e-01	-1.250451421999999868e-01	1.235873326000000105e+00	-6.522849292000000299e-01	1.057017230000000030e+00	7.316878984000000363e-01	7.673345687999999498e-01	1.243087770000000036e+00	-1.050446245999999917e+00	6.609209509999999788e-02	-7.965341237999999935e-01	-7.083031347000000311e-02	6.758475245999999714e-01	-1.205794357000000039e+00	-8.496012040000000543e-01	7.749363955000000415e-01	-9.253160007999999825e-01	-1.114935274999999892e+00	-1.542384023000000104e+00	2.038377226999999792e+00	-4.634803591000000167e-01	-7.634408423999999860e-01	2.074560930000000081e+00	1.635048253999999979e+00	-1.337590073000000102e+00	-2.662574686999999996e-01	1.446768912000000018e+00	6.885268793000000054e-01	1.319041418000000132e-01	1.593241648000000010e+00	5.937750593999999715e-01	5.409604300999999449e-01	9.091017722999999995e-01	-1.129419536000000057e-01	8.227913528999999948e-02	1.144154549000000048e-01	1.293522276999999887e-01	2.181198959000000048e+00	1.158335885999999926e+00	2.724623443999999936e-02	1.223393021999999997e-01	-1.352141362000000013e+00	-7.235083181999999447e-01	1.311134593000000015e+00	-1.376155803999999927e+00	-5.823478670999999718e-01	7.242679716000000045e-01	5.543966362000000148e-01	1.372289254000000000e-02	-1.496250180999999957e+00	-1.293427858999999902e+00	-1.664430596000000095e+00	8.469558741999999585e-01	-4.402764901999999675e-02	2.033962311999999995e-01
2.419623586000000104e-01	8.145483517999999590e-01	-2.921419802999999926e-02	1.305574945999999903e-01	1.631379433000000045e-01	8.466094453000000408e-01	-2.013427345000000090e-01	3.317581754000000216e-01	-1.146180044000000009e-01	1.031267423000000072e+00	-1.048683712000000046e-01	1.342051541000000014e+00	8.051608033999999581e-01	5.215780918000000321e-01	1.210786133999999903e+00	-1.232727597000000008e+00	9.908623028000000665e-02	-1.007477826999999992e+00	-5.429151414999999758e-01	5.451965269999999864e-01	2.619896929999999957e-02	-2.361528133999999945e-01	5.267371425000000329e-01	-1.169078939000000039e-01	-1.172219567999999990e-01	-1.528163938999999916e+00	-2.830446929000000056e-01	-1.609516248000000038e+00	-9.879258280999999586e-01	1.624542777000000049e+00	1.790323861999999933e+00	-1.276636945999999995e+00	-2.910818339999999838e-01	7.237216685999999788e-01	4.339504439999999907e-01	4.993826184999999862e-01	1.795941215999999896e+00	6.256003830999999904e-01	-4.725188739999999776e-02	-4.407739092999999886e-01	9.510347390999999984e-02	5.143738997000000257e-01	-8.673195326999999510e-01	7.130840578000000041e-02	1.958937063000000034e+00	1.083304008999999901e+00	-1.246969792000000021e+00	-3.667601790000000195e-01	-1.467040541999999892e+00	-1.182213554999999916e+00	1.203926269999999965e+00	-3.491658370999999872e-01	-2.525577602999999893e-01	7.811271532000000350e-01	-4.653196528999999915e-01	-9.955498811999999309e-02	-7.512705452000000284e-01	-1.675243730999999903e+00	-1.131847355000000110e+00	4.202753719999999804e-01	-8.322496673000000511e-01	3.737098576999999672e-02
2.357091886000000081e-01	9.056561266000000554e-01	3.842125726999999769e-01	-4.189683427000000238e-02	2.215223980999999898e-01	8.819442143000000289e-01	4.295577703999999691e-02	2.089026428999999907e-01	-2.613096372000000001e-01	1.119232996999999896e+00	-6.761682488000000379e-01	1.227613567999999988e+00	8.637122764000000341e-01	2.475488646000000015e-01	8.189881865000000483e-01	-1.053661610000000026e+00	-2.419430167000000131e-02	-1.148775679999999966e+00	-3.910665195999999955e-01	1.169465761999999992e-01	1.119729200000000091e+00	-2.445616344000000053e-01	8.222380354999999641e-01	6.378416330999999717e-01	-1.440931329000000094e+00	-1.523773285000000088e+00	-6.001941298999999841e-01	-8.212566181999999548e-01	-8.206497552999999501e-01	1.704230114000000018e+00	1.711300999000000100e+00	1.849815519000000130e-01	-3.808314255999999953e-01	1.006111052999999922e+00	4.219473950000000029e-01	-5.740486468000000064e-01	1.840267018000000032e+00	1.520274105999999958e-01	-2.348071723000000055e-01	-2.773562956000000246e-01	-1.754270333000000071e-01	4.304532609999999759e-01	-1.205310222000000042e+00	5.436874892999999931e-01	1.944851410999999919e+00	8.750428703999999502e-01	-1.038655281999999902e+00	2.022933536000000032e-01	-1.743130561999999939e+00	-7.395732246999999759e-01	1.451426769000000006e+00	-9.832675605999999791e-01	-1.021401371000000058e+00	1.349385883999999924e+00	-4.682762843999999786e-02	-2.851076304999999866e-01	-7.146604441999999668e-01	-1.453896124999999984e+00	-4.384178897000000075e-01	2.723386106999999834e-01	-1.168546432000000079e+00	2.760126564000000005e-01
2.760911139000000181e-01	8.644124119999999634e-01	4.389609197000000074e-01	-2.218707775000000049e-01	3.125462265999999767e-01	9.788941428999999861e-01	3.653634850000000295e-02	-2.088587056999999941e-02	-3.345916879999999982e-01	8.438842971000000137e-01	-1.149181264999999952e+00	8.200213010000000358e-01	1.083297578000000039e+00	5.001070542000000119e-01	6.827477643999999568e-01	-5.590807884999999811e-01	-7.229724047999999681e-03	-1.210726433999999907e+00	2.717654325000000148e-01	2.815158399000000089e-01	4.460248709999999894e-01	-1.613064939999999947e-01	9.828905932000000512e-01	3.652571455999999994e-01	-9.266846045000000087e-01	-1.521028862000000093e+00	-9.180482938999999787e-01	-5.033952639000000007e-01	-6.923031430999999625e-01	1.656564563000000101e+00	-7.149321771000000103e-02	1.429423289999999902e+00	-1.194501735000000064e-01	1.769260523000000029e+00	6.792345348999999644e-01	-3.973929716999999862e-01	1.741363178000000067e+00	9.969246140000000145e-02	-2.124262343999999969e-01	-9.835277928000000225e-01	-3.904035402000000099e-01	1.175153952999999918e+00	-1.346131559000000033e+00	2.138013750999999962e-01	2.011215850000000138e+00	1.303877420999999925e+00	-1.413339152999999904e+00	-1.802942056999999876e-01	-1.391615556999999948e+00	-3.746716473999999741e-01	1.514653540000000076e+00	1.926109662999999916e-01	-1.095211302999999914e+00	1.175098994999999924e+00	-3.320544383999999849e-01	4.758538399000000196e-01	-2.445041836000000079e-01	-8.586407762000000110e-01	2.531312585000000115e-01	7.445762554999999505e-01	6.913421709999999498e-01	6.468788546000000528e-01
2.464977385999999882e-01	8.059967524000000161e-01	9.058729808000000328e-02	-7.100831182000000297e-03	1.746413018000000095e-01	7.575033856999999760e-01	-3.351110417000000008e-01	9.997321936000000409e-02	1.409419321000000003e-01	6.392929819999999541e-01	-8.879997339999999850e-01	8.207569772999999680e-01	8.044699573000000381e-01	4.738159037999999934e-01	1.137784243000000028e+00	-7.814504147999999928e-01	1.665894965000000102e-02	-1.036127041999999943e+00	1.134316850000000043e-01	3.059930609000000024e-01	-1.021819666999999932e+00	1.073509357999999914e+00	1.588097094999999959e+00	2.591285262999999950e-01	-1.495734614000000073e+00	-1.333676869999999903e+00	-1.312719568999999975e+00	-8.593624524000000042e-02	-1.035386297000000067e+00	1.551505075999999983e+00	-1.962495586999999930e-01	1.094086879000000012e+00	-3.587619541000000023e-01	2.151415318999999826e+00	1.072406753000000101e+00	7.433398188999999767e-02	1.469310115999999944e+00	-3.789568447000000052e-03	-4.659889989000000066e-01	-1.253204854000000035e+00	1.137661387000000052e-01	2.378863652000000162e+00	5.062679707999999668e-01	-5.027940395000000118e-01	2.531914639000000022e+00	1.596475531000000059e+00	6.225488742000000464e-01	2.524782119999999797e-01	-1.054109455999999945e+00	-1.050593713000000040e+00	1.064916702000000104e+00	3.778858257000000109e-01	-7.989185262000000343e-01	5.939628918999999563e-01	-7.449266881999999645e-01	4.671106816999999745e-01	-9.196215271000000024e-01	6.783880891999999330e-02	-1.136083962000000058e+00	1.412238274999999987e+00	7.582755106999999883e-01	4.788378280999999737e-01
3.266874888999999893e-01	7.141870634000000440e-01	-1.635667218999999895e-01	2.063991403999999863e-01	1.146984966000000050e-01	7.531439255999999860e-01	-5.235873210999999472e-01	2.302129180999999969e-01	3.369978880000000232e-01	5.297377943000000089e-01	-5.762455875999999977e-01	1.174109304999999992e+00	6.483045091000000371e-01	6.038508295000000192e-01	1.217011464000000043e+00	-6.767970651000000393e-01	-3.881833357000000206e-02	-1.155835227999999937e+00	-7.879655358999999581e-01	-5.715395675999999925e-02	-1.067220391999999934e-01	1.610302968999999917e+00	1.307323360999999906e+00	3.040853993000000033e-01	-4.567645576000000096e-01	-9.082165389999999894e-01	-7.468618961999999861e-01	-9.979640279000000502e-01	-1.134477791999999985e+00	1.279273105999999993e+00	-3.349170007999999754e-01	9.017616494000000316e-01	-5.891526416000000266e-01	1.895556534000000015e+00	1.335801975999999947e+00	7.305795379999999728e-01	1.077601288999999962e+00	7.751000718000000678e-02	-9.107039477999999688e-01	-1.099118736000000096e+00	5.739163901999999595e-01	1.841244719000000085e+00	1.151791068999999945e+00	-5.155408522000000104e-01	1.770942420999999989e+00	1.192227543000000001e+00	9.376325962999999541e-01	-2.399209833000000014e-01	-1.151187729000000104e+00	-1.397187815999999971e+00	5.628716292000000010e-01	6.480358980000000546e-01	-6.548792721999999733e-01	-1.843868612000000018e-01	-1.492430294000000046e+00	3.103021972000000184e-01	3.188697802999999886e-02	-5.175130503000000548e-01	-4.602681564000000169e-01	2.357338246999999942e+00	-1.637135967000000081e+00	3.497260609999999770e-01
3.656990592000000095e-01	8.301761116000000440e-01	2.110771552000000051e-01	7.623569997000000098e-02	1.536891538000000057e-01	7.930871690999999890e-01	-1.049098817999999933e-01	2.776396586000000055e-01	1.967984691999999924e-01	6.474770310999999889e-01	-8.072269631999999806e-01	1.263464568000000066e+00	5.823821009999999854e-01	9.223818069000000452e-01	9.630255377999999977e-01	-7.255877917999999926e-01	-2.465208653000000028e-01	-1.415262468999999967e+00	-6.899981641000000332e-01	1.701346769000000037e-01	1.391796526999999895e+00	1.297517232999999992e+00	1.354889022999999915e+00	5.434000884999999892e-01	-1.229085876999999938e+00	-5.642025478000000094e-01	-9.272335828000000113e-01	-9.217658488000000094e-01	-1.066027492999999993e+00	1.409639214999999890e+00	-6.846251101000000450e-01	8.430961345999999912e-01	-1.872350644999999925e-01	1.258300938999999952e+00	1.354157665000000010e+00	1.984633052000000022e-02	8.483178892999999610e-01	4.165222108000000145e-01	-6.456513163999999527e-01	-1.491302968999999923e+00	9.061099352000000495e-01	1.210721155999999965e+00	6.522142219000000019e-01	-1.425889248999999970e-01	1.610189977000000106e+00	6.712298060000000399e-01	-7.239847122000000468e-01	3.920940830999999904e-01	-1.190856958999999993e+00	-1.068874126999999952e+00	2.929239067000000141e-01	5.335937654000000308e-01	-1.488393679000000080e+00	-9.607806383000000450e-02	-5.181996800999999486e-01	2.609732622999999876e-02	5.168586816000000361e-01	-7.222827942999999751e-01	-3.995389615000000116e-01	2.652785075000000159e+00	-1.048638484999999898e+00	2.495335136000000065e-01
4.090646800000000138e-01	9.153372168000000197e-01	6.684061934999999677e-01	-1.692425063000000118e-01	1.172352646999999942e-01	8.237479654999999568e-01	2.415207454999999948e-01	3.397180984000000015e-01	-1.323529083999999967e-01	7.029160075000000507e-01	-1.101123426000000016e+00	1.129493923999999927e+00	5.679526587000000015e-01	1.291500767000000049e+00	6.085371626000000145e-01	-2.846087469999999953e-01	-4.032393737000000145e-01	-1.457797231000000027e+00	-1.965903536999999979e-01	-3.550739684999999757e-02	1.026453314999999922e+00	1.058048212999999960e+00	1.781160933000000002e+00	6.851424954000000511e-01	-1.408718767000000094e+00	-1.126989701999999982e-01	-8.967529336999999767e-01	7.480711657999999931e-01	-7.359097963999999825e-01	1.813675523999999983e+00	-6.975583172999999526e-01	9.719623499999999749e-01	2.191396057999999980e-01	1.073334382999999947e+00	9.826582712000000441e-01	-1.753969767000000124e-01	1.472882645999999962e+00	5.742089717999999676e-01	3.900305255000000026e-03	-1.033775502999999985e+00	9.706608359999999713e-01	1.458255419000000108e+00	4.140056899999999818e-01	2.336432002999999924e-01	1.504475863999999996e+00	6.973346241000000223e-01	-4.517965273999999809e-01	1.894031589000000071e-01	-1.148203700999999910e+00	-6.890185860999999967e-01	5.904728875000000432e-01	5.263713058000000222e-01	-9.640024194999999851e-01	1.229887177999999942e-01	4.030532440999999855e-01	6.363338588000000406e-01	1.318584425999999934e-02	-1.748106191999999892e-01	-6.553736233000000133e-02	2.007865824000000021e+00	-1.120233231999999912e+00	4.089171912999999825e-01
4.595459453999999888e-01	8.379564568999999796e-01	5.238951310999999667e-01	-1.814589033000000018e-01	9.496343475000000589e-02	7.648472188999999588e-01	1.153824791999999988e-01	3.499871991999999876e-01	-1.433068335999999887e-01	7.737874640999999887e-01	-1.249057607999999986e+00	1.163475857999999974e+00	6.307702883000000371e-01	1.302109047999999936e+00	6.845716514999999891e-01	-2.238830082000000110e-01	5.099225766000000173e-03	-1.442748268999999972e+00	-6.466534755999999717e-01	7.115490465999999570e-01	4.862060441000000122e-01	1.645437974000000025e+00	1.752439067999999933e+00	5.543007736999999713e-02	-5.117201533999999885e-01	9.643288158000000443e-02	-9.033064400000000507e-03	6.036659535000000326e-02	-5.165769298000000287e-01	2.131383029999999845e+00	-3.072851517999999893e-01	1.515882329000000084e+00	5.508109183999999603e-01	7.559888399999999953e-01	7.595537635000000620e-02	4.489161322000000121e-02	7.138429028999999648e-01	3.830814399999999953e-01	4.926403824000000209e-01	-2.065310085000000129e+00	1.073580018999999997e+00	4.225898296999999748e-01	9.280853938999999997e-01	-2.135571804999999990e-01	1.748683618000000051e+00	7.789607035000000179e-01	1.308527766000000092e+00	-2.658798050000000246e-01	-1.423189695999999893e+00	-1.448408574999999976e+00	-5.855786882999999832e-02	1.751273861000000043e+00	-1.613283508999999949e+00	-4.678369065999999910e-01	-8.431535813999999629e-01	7.241514332999999803e-01	1.317957355999999913e-01	-1.073971237999999939e+00	-7.419338846000000237e-03	1.812356585999999936e+00	1.165883616999999983e+00	1.971378960999999874e-01
3.888563937000000248e-01	8.633815261999999713e-01	6.232474234999999668e-02	-4.250051260999999914e-02	-1.950684124000000019e-01	6.195922473999999625e-01	-1.184331146999999945e-01	4.893021901999999868e-01	-1.357646753000000053e-02	7.160133968999999876e-01	-8.575383734999999508e-01	1.325630988999999982e+00	3.581362332999999953e-01	9.212765830000000378e-01	6.917240059000000496e-01	-8.429986269999999449e-01	-2.030783577999999978e-01	-1.030440054000000050e+00	-7.239705856999999467e-01	1.370035134000000099e+00	-7.149563304999999591e-01	2.439239643000000068e+00	1.696990666000000036e+00	-3.390263854000000188e-01	-1.383582886999999984e+00	3.498944182000000014e-01	1.046570043000000005e+00	-3.186691321999999826e-01	-7.891574369999999616e-01	2.335735066999999887e+00	-3.099034475999999927e-01	5.955670679000000245e-01	-4.354341261999999935e-02	9.089298802999999649e-02	-2.032305460999999924e-01	1.771386922999999891e+00	-4.674720706999999781e-02	3.897192030000000140e-01	6.365125753000000497e-01	1.661834104000000090e-01	9.870838500999999932e-01	-2.427123623999999924e-01	7.936990111999999709e-01	-5.703766345999999876e-01	1.362989720999999932e+00	1.102578529000000085e+00	1.366580595999999925e+00	-3.658661100000000221e-01	-1.826559027999999918e+00	-2.121620124000000107e+00	3.692944263999999865e-01	1.234724610000000000e+00	-1.601997638000000057e+00	-4.282881538000000154e-01	-9.314823479999999600e-01	-2.368280711999999899e-01	-6.068818215000000293e-01	-1.212305568999999972e+00	-2.395793121000000081e+00	1.838893941000000032e+00	4.672143222999999845e-01	-3.030065739999999730e-01
4.419059879000000191e-01	8.757619049000000544e-01	-4.548131284999999691e-02	1.951803391999999970e-01	-1.236618822000000034e-01	6.353703590999999484e-01	-2.438894178999999884e-01	5.804939359999999882e-01	1.009915190999999962e-02	5.735902316000000001e-01	-8.306035964000000327e-01	1.533556008999999998e+00	1.766979136000000061e-01	4.124890231000000185e-01	3.283248957000000079e-01	-1.108197920000000058e+00	-5.084942861000000258e-01	-1.273600432999999921e+00	-7.634454134000000503e-01	1.411174621000000018e+00	2.343085273999999940e-01	1.206699666000000004e+00	9.063935221000000153e-01	-3.014214360999999953e-01	-2.966891869000000126e-01	2.850790812999999813e-01	5.798801359999999905e-01	-1.503611191999999930e+00	-7.098118812000000499e-01	2.124895039000000097e+00	-5.796177399999999924e-01	-3.551569325999999749e-01	-5.694261170000000094e-01	-3.856507433999999956e-01	-2.527062703999999882e-01	1.680117517000000005e+00	2.215591207000000007e-01	2.818530081999999770e-01	3.598995428000000274e-01	7.774066308999999508e-01	6.511108771000000406e-01	-5.297314060000000158e-01	7.991881984000000216e-02	-5.081529513000000442e-01	3.863682540000000221e-01	1.051069891999999895e+00	1.360162651000000000e+00	-1.205398570000000058e+00	-2.434116126999999796e+00	-1.910244628999999916e+00	4.932949148999999922e-01	-9.076972415999999544e-02	-1.964642975000000069e+00	-2.956464852999999837e-01	-1.427290978000000043e+00	-1.262739395999999958e+00	-3.760957690000000242e-01	-1.538003314000000010e+00	-1.945035907999999925e+00	1.904325280999999981e+00	-1.183871590000000085e+00	-3.446368429000000178e-01
4.363270946999999733e-01	9.321441772999999875e-01	2.891316996000000139e-01	7.996296180999999670e-02	-1.655103435999999983e-01	5.735264256000000005e-01	4.963673776000000065e-02	3.356154554999999928e-01	-1.982383276000000139e-01	5.845888092000000036e-01	-1.043235829999999975e+00	1.287448138000000020e+00	1.901887919999999954e-01	1.097811206000000039e-01	1.149982618000000012e-01	-8.912951530999999594e-01	-8.872879720999999886e-01	-1.255262861000000063e+00	-8.096718782999999531e-02	9.193800658999999875e-01	1.300508956000000049e+00	1.004236625999999966e+00	1.127090716999999964e+00	-2.440260301000000132e-01	-4.552830234999999948e-01	-2.365272633999999929e-01	-4.473027269000000028e-01	-1.815219118999999992e+00	-5.978711374999999828e-01	1.836154470999999955e+00	-1.042098551999999900e+00	-4.343365832000000148e-01	-7.683523572999999551e-01	-4.564785611000000132e-01	-2.863892239999999909e-02	1.315489241000000087e+00	-3.585953812000000074e-01	1.467505866999999943e-02	2.528491060999999984e-01	4.793747851999999865e-01	1.866785894999999917e-01	-9.715390871000000317e-01	8.305982358999999815e-02	-4.513516014000000243e-01	5.773942402999999723e-01	1.083663553999999918e+00	1.164385497999999908e+00	-1.507727153999999903e+00	-1.880440649999999936e+00	-1.306870449999999906e+00	5.286625574000000105e-01	-5.273041765000000547e-01	-2.223446372999999809e+00	-7.688027493000000601e-02	-1.196158198000000006e+00	-1.415422602999999890e+00	-5.323909027000000016e-01	-1.580807665999999889e+00	-1.231152515000000003e+00	1.768292586999999916e+00	-1.199832105000000038e+00	-4.716277694000000076e-01
4.392472344999999723e-01	9.874196937000000451e-01	6.436087008999999970e-01	2.779469315000000079e-02	-2.908431365999999962e-01	5.387670536999999982e-01	3.124682203999999963e-01	2.227259543000000008e-01	-1.425409076999999969e-01	6.615794150999999568e-01	-1.316037989000000019e+00	8.101814252000000272e-01	2.838057444000000040e-01	4.015247777000000018e-01	-3.097177435999999839e-01	-3.828922295000000142e-01	-8.675387125000000310e-01	-1.271659709999999999e+00	1.083808791000000042e-02	8.590679172999999835e-01	9.537846415999999827e-01	1.132285957999999981e-01	1.742641531999999938e+00	-8.543519423999999807e-02	-1.361392842999999964e+00	-1.109184186000000016e+00	-2.248464498999999950e-01	-3.393644786999999718e-02	-2.782523800000000214e-01	1.906854695999999905e+00	-1.271352118999999892e+00	-2.353042546000000124e-01	-8.340425317999999866e-01	-9.557125247999999351e-02	4.434332884000000141e-01	1.353083795000000089e+00	-2.013700441000000063e-01	-1.763625064999999881e-01	7.146477341000000427e-01	7.215762942000000235e-01	1.418803589000000066e-02	-1.384297053000000055e+00	5.204165589000000480e-01	-4.853377382999999878e-01	8.868864507000000508e-01	1.451397695000000043e+00	1.189969695999999910e+00	-1.606570048000000028e+00	-1.322953604999999921e+00	-6.916710736000000193e-01	1.259422703999999893e+00	-4.291162530000000030e-01	-1.051257270000000021e+00	7.097532878000000212e-01	-6.070846261000000244e-01	-6.361031369999999852e-01	-1.275656974000000110e+00	-1.437215257999999940e+00	-9.694291939000000413e-01	1.707652646000000107e+00	-1.592578043000000054e+00	-5.635496867999999493e-01
5.089330968999999927e-01	9.472677084999999719e-01	7.817446312000000397e-01	7.917128890999999835e-02	-3.462246091999999775e-01	5.749681616999999800e-01	4.393046641000000196e-01	1.125363166999999998e-01	-2.483592239000000090e-01	7.061065035000000378e-01	-1.528182946999999903e+00	6.229974274999999784e-01	4.549513339999999850e-01	7.786962004999999909e-01	-3.945880265999999748e-01	3.072169259999999943e-02	-4.154240369000000155e-01	-1.493337501999999928e+00	1.826046842999999864e-01	8.500825468999999579e-01	6.824360292000000161e-01	-4.938582505999999928e-01	1.097232511999999938e+00	-6.393744557999999634e-01	-6.873705897999999870e-01	-1.407760888999999960e+00	2.483891197999999800e+00	-5.432407898000000124e-01	-1.835327361999999907e-01	1.746891347000000039e+00	-1.901625420999999982e-02	-8.549799970000000471e-01	2.604206468999999829e-02	-1.551747700999999979e-01	4.505347892000000076e-01	1.592353227999999898e+00	-6.954076793000000256e-01	-7.178599259999999746e-03	5.465549612000000224e-01	8.708766398999999714e-01	-1.424684263999999867e-01	-1.416033352999999995e+00	1.814660848000000104e-01	-1.016941851999999979e+00	9.102363353000000323e-01	1.396156771000000019e+00	7.222916594999999607e-01	-1.761039108999999936e+00	-5.741956875000000515e-01	-2.293818494000000041e-01	1.016850338000000020e+00	-6.001819986000000301e-02	-1.267081717999999912e-01	-1.554250503000000061e-01	-4.170401239000000038e-01	1.215114926999999977e-02	-1.129501120000000025e+00	-1.636204999999999909e+00	-9.208276735999999518e-01	1.078853043999999928e+00	-6.395850518000000262e-01	-5.874711734999999990e-01
5.100284466000000183e-01	8.859811109999999879e-01	3.987852747999999781e-01	1.479026602999999884e-01	-3.403815712000000104e-01	5.666891308000000516e-01	1.872812862999999883e-01	1.381246050999999919e-01	-2.711356436999999842e-01	6.299846290999999709e-01	-1.415829049000000062e+00	8.044157226000000493e-01	3.641973277000000175e-01	8.046960705000000269e-01	4.128446208000000062e-01	-4.681407409000000186e-01	-2.791528756000000167e-01	-1.588965289999999975e+00	2.074920615999999995e-01	3.520852083000000077e-01	-9.974209434999999901e-01	-5.768778664999999473e-01	6.897396505999999761e-01	-1.316688979000000037e+00	-5.957650704000000408e-01	-9.853310052999999513e-01	2.826763204000000140e+00	-2.027749074000000096e-01	-7.898428197000000317e-01	1.984644518000000080e+00	1.541586306999999989e+00	-1.476185282999999959e+00	5.233611610999999719e-02	-2.835626714000000215e-01	2.757277148999999761e-01	5.628105026999999927e-01	4.038706730000000134e-01	1.202474377999999955e-02	1.747992174000000121e-01	1.037248401000000042e+00	-4.093325015000000011e-01	-3.521244866000000084e-01	-5.003319164999999735e-01	-1.547677911999999933e+00	6.753842368000000373e-01	1.101648222999999982e+00	-1.283471630999999946e-01	1.105817020000000039e-01	-6.180264465000000484e-01	-6.331877671000000207e-01	6.104136882999999791e-02	-1.063734624999999934e+00	-8.510327194000000262e-01	-2.944864589000000255e-01	-2.581974823000000030e-01	-2.784530866000000104e-01	-1.387982591000000099e+00	-1.364878921000000078e+00	-2.081268150000000094e+00	1.342995898000000077e+00	-1.097756197999999905e+00	-8.925139326000000040e-01
5.748102738999999461e-01	8.759915923000000104e-01	3.183721482000000103e-02	3.791245638999999890e-01	-4.057075144000000244e-01	4.819616392000000138e-01	-1.007658059999999994e-01	3.258691952000000169e-01	-1.042818501000000037e-01	3.759881149000000033e-01	-1.227254335000000030e+00	1.076405056000000027e+00	-2.427719625000000075e-02	8.210414440000000091e-01	7.827233631000000136e-01	-6.778182834000000545e-01	-4.364915887999999966e-01	-1.871544603999999890e+00	-4.816580819999999874e-01	1.531362143999999981e-01	-4.097465592000000267e-01	-5.566764722000000498e-01	4.060940759000000178e-01	-5.027574581000000542e-01	-6.360461476000000003e-01	-1.030750051000000056e+00	2.712761571999999788e-01	-2.731801126999999774e-01	-8.562477824999999987e-01	1.754462154999999912e+00	9.564344496000000140e-01	-1.301321423999999949e+00	-5.195311387000000058e-01	-2.174989088000000015e-01	-1.911397620000000047e-02	-5.857439524999999945e-03	1.510464272000000108e+00	-1.656220241999999954e-01	8.134616876000000385e-02	3.857756494999999841e-01	-2.557423375000000276e-01	-1.969329938000000113e-01	-9.039103734000000223e-01	-1.197574469999999947e+00	7.500335667999999956e-01	8.135313455999999555e-01	9.416637079999999604e-02	4.901486632000000010e-01	-1.168465740999999891e+00	-1.552614860000000041e+00	-1.769567334999999908e-01	-9.057668275000000380e-01	8.870115252999999367e-02	9.407787641999999784e-02	-7.206374625000000478e-01	-1.167581570999999929e+00	-1.548205606000000012e+00	-1.763526839999999929e+00	-2.634971546000000053e+00	1.072388024000000106e+00	-7.067815485999999758e-01	-1.567158065999999961e+00
5.495827586000000542e-01	9.653340431000000388e-01	3.018864116000000153e-01	3.638244453999999739e-01	-4.545348444000000265e-01	4.687617933000000070e-01	1.237210616000000013e-01	3.079327166999999976e-01	-1.844410274000000127e-01	3.480809205000000017e-01	-1.251907018000000038e+00	1.025946854000000075e+00	-8.417837133000000138e-02	6.081600015000000470e-01	4.373483604999999774e-01	-6.081433800000000112e-01	-6.986802887999999934e-01	-2.180409776999999938e+00	-2.844550617999999989e-02	-4.359636847999999731e-01	9.535396841000000068e-01	-4.199093770999999808e-01	-7.808127307999999933e-02	-7.310745859999999430e-02	2.434481641000000099e-02	-1.297932220999999942e+00	2.200219638999999922e-02	-1.671012914999999932e+00	-6.585188804999999590e-01	1.186721284999999959e+00	7.088731114999999861e-01	-1.682886631999999993e+00	-5.605312484000000151e-01	-2.069895166000000064e-01	-1.771457106999999864e-01	-5.158305757000000158e-01	1.204878388000000022e+00	-5.910878931999999919e-01	-3.857319074999999986e-02	1.398712849000000036e-01	-3.957743880999999853e-01	-3.317353887999999751e-01	-1.986052809000000030e+00	-9.552381544000000391e-01	6.274780000999999885e-01	6.233556081000000137e-01	-4.058436355000000217e-01	1.302501387999999982e-01	-1.528786460000000069e+00	-6.315929437999999729e-01	-4.348777751999999830e-01	-1.023913655000000089e+00	7.674260635000000608e-02	-4.142772862999999917e-01	-8.094604863000000039e-01	-1.302237480000000058e+00	-9.811711853000000261e-01	-1.482722582999999927e+00	-1.567441322999999942e+00	9.790782217000000287e-01	-1.512099448000000068e+00	-1.486607848000000009e+00
4.817535862999999807e-01	9.910377400000000003e-01	6.093127179999999754e-01	3.258694085000000129e-01	-4.895537166999999745e-01	4.208336450999999867e-01	4.754086913000000192e-01	1.217587489999999995e-01	-2.569104970000000154e-01	3.814137568000000034e-01	-1.419249991999999905e+00	5.720858129000000458e-01	-5.785011971000000169e-02	3.051619130000000069e-01	-1.118129224999999949e-01	-1.715478806999999883e-01	-9.666287172999999955e-01	-1.464284085000000069e+00	-4.797015613000000234e-01	-1.293647022000000035e+00	6.248315463000000403e-01	-1.062115549999999908e+00	1.147207271999999972e-01	1.793339623000000105e-01	-1.385237403999999950e+00	-1.421651573999999973e+00	3.163249690000000114e-01	1.613291503000000016e-01	-3.521158273000000311e-02	8.048587669000000222e-01	8.310004206000000115e-01	-1.415088498000000028e+00	-9.672183640000000526e-01	-4.570663824000000160e-03	-4.206401535000000025e-01	-2.640192049999999790e-01	1.212823586999999925e+00	-8.144560641000000434e-01	4.028142027000000125e-01	8.153650555000000466e-01	-6.576389896000000013e-01	-5.448095738999999549e-01	-2.014628263000000086e+00	-6.709047516999999683e-01	1.069258926000000054e+00	9.233575969999999744e-01	-4.249296998000000325e-02	8.386417520000000181e-01	-1.319044292999999923e+00	6.404470964999999794e-01	4.224576305000000143e-01	-1.142934023000000021e+00	-1.616091008999999967e-01	1.498488115000000120e-01	2.283441857000000075e-01	-4.075407172000000133e-01	-1.076961636999999916e+00	-5.010848911999999933e-01	-8.834006276000000435e-01	2.766543324999999887e-01	-6.629964736000000247e-01	-8.036293522999999883e-01
5.128094757000000170e-01	9.308668962999999685e-01	5.658047470000000523e-01	3.193006628999999763e-01	-3.925805426999999792e-01	5.255365169000000281e-01	7.228561575999999933e-01	2.522001277999999860e-02	-3.942004615999999961e-01	5.386449989999999577e-01	-9.316616432000000003e-01	2.347826765999999898e-01	3.573089225000000146e-01	2.191578775999999951e-01	-3.491415407999999831e-01	3.599769876000000202e-01	-8.237102968999999719e-01	-7.366682800999999614e-01	-4.418083184000000108e-01	-1.226559339000000026e+00	-2.012353755000000077e-02	-1.066726386000000026e+00	4.339882040999999968e-01	8.162767707000000150e-02	-6.134560706999999669e-01	-8.709870979999999596e-01	3.236115935000000166e-01	-5.829348640999999775e-02	8.242185811000000140e-01	6.812089528000000449e-01	5.622908694999999568e-01	-1.241130118999999921e+00	-5.718501236999999904e-01	5.867425289000000044e-02	-8.478598050999999747e-02	-2.535439443999999987e-01	1.792162749999999916e+00	1.631177944999999962e-01	3.506664501000000267e-01	3.782326292000000034e-01	-1.183621535999999974e+00	-4.504132136999999814e-01	-2.572522547000000159e+00	-6.105354989000000288e-01	1.360113262999999906e+00	1.780792756999999948e+00	-3.668526861999999999e-01	-2.687714532000000101e-01	-2.369022000999999877e-01	1.301154614999999959e+00	1.304179208000000090e+00	-6.826048020999999633e-01	2.182420345999999955e-01	5.068461355000000168e-01	5.346831356000000257e-01	3.127009284000000222e-01	-6.595636743999999663e-01	-9.427991760999999693e-01	6.189131641999999767e-01	-1.029953977999999992e-01	4.857928716000000091e-01	-5.977865211999999762e-01
5.750013174000000449e-01	9.311116270000000528e-01	5.318790803999999817e-01	3.058591782999999786e-01	-2.736168453000000222e-01	5.915932658000000455e-01	6.965490665000000359e-01	-4.593683082999999723e-02	-1.962634024999999893e-01	6.701014874999999815e-01	-1.002021894000000080e+00	2.705892572999999968e-01	7.288458745000000460e-01	5.849790396000000003e-02	1.479674310000000104e-01	2.247885882000000002e-01	-6.111740907999999722e-02	-5.516029554000000390e-01	-7.943014671000000471e-01	-5.098287003999999456e-01	-7.698646029000000279e-01	-5.259735120999999847e-01	1.050723413999999911e+00	-3.857742054000000143e-01	-9.611468008000000340e-01	-2.263086924000000111e-01	-3.260010563999999889e-01	2.510043036999999935e-02	1.106820963000000102e+00	8.571941292000000434e-01	1.576970415999999986e+00	-7.173960366999999616e-01	-1.296321052999999945e-01	-2.369917502999999981e-01	-4.406193346999999760e-01	1.144521014000000024e-02	1.757117488000000005e+00	6.429982789999999504e-01	5.045264836999999725e-01	-6.377957051000000543e-01	-1.194876349999999920e+00	1.941833088000000096e-01	-1.952411453000000074e+00	-5.502987437999999898e-01	1.556754589999999938e+00	2.127270037999999808e+00	-7.656641594999999967e-01	5.828250759999999975e-01	4.831040832999999868e-01	5.396700626999999528e-01	6.326016410999999451e-01	-3.255430381000000151e-01	1.017944464000000021e-01	1.113454447000000069e+00	4.161693262000000226e-01	7.070502440999999472e-01	-1.076647012000000014e+00	-1.258178304000000081e+00	1.569536782999999991e+00	-5.838744771999999639e-01	1.332357487999999979e+00	-7.605095400000000394e-01
5.879208080000000169e-01	1.036028138000000043e+00	2.694975021000000082e-01	4.840991933000000080e-01	-5.129865126999999525e-01	5.726027757999999634e-01	2.585484556000000045e-01	3.348604094000000031e-01	1.197534475999999931e-02	8.032285424999999757e-01	-1.257920187000000078e+00	6.082225250999999666e-01	3.542040408000000085e-01	-1.016571743000000000e-01	9.857179261999999831e-01	-1.917393377999999926e-01	5.412731000999999598e-01	-1.362337268000000101e+00	-4.752805249000000010e-01	2.258640722999999961e-01	-1.314630425000000047e+00	4.043449300999999996e-01	1.260836684999999902e+00	-8.751457363999999572e-02	-1.423938370999999981e+00	8.221406402000000502e-02	-5.729723337000000027e-01	1.924884657999999943e-02	6.259158137000000455e-01	1.052011711000000016e+00	2.289705898999999878e+00	1.036255340000000080e+00	-2.371896820000000128e-01	-1.125154069000000069e-02	2.269215567999999933e-02	-7.045914255999999876e-01	1.877729747999999921e+00	6.783122059999999731e-01	1.510110476000000035e-01	3.128569417000000019e-01	-9.852943039999999542e-01	1.026835031000000065e+00	-2.100599837000000081e-01	-2.223413723999999869e-01	1.501110471000000057e+00	2.008752095999999820e+00	-5.119886646000000319e-01	1.289293666000000060e+00	2.272581388999999896e-01	-4.327592147000000056e-01	3.334417699000000179e-01	2.467921428000000028e-02	6.505578461000000035e-01	2.627017802000000124e-01	-4.720405952000000238e-01	-4.645235658999999906e-01	-1.722095186000000000e+00	-2.195263459999999972e-02	-5.685278421999999665e-01	-1.880592499000000029e-01	9.003216934000000116e-01	-4.637372905000000101e-01
6.338491902999999761e-01	1.038936282000000100e+00	1.871233673000000097e-01	5.484315795999999965e-01	-4.874249305000000199e-01	5.903908806000000009e-01	1.765229529000000019e-01	4.932535429000000082e-01	9.009707855000000098e-02	9.267623073999999850e-01	-1.141504322999999932e+00	1.047804506000000080e+00	2.090660950999999879e-01	-3.817705000000000126e-01	1.090787855000000084e+00	-2.771883960000000036e-01	7.582520558999999993e-01	-1.915112227999999917e+00	-7.295296077999999795e-01	7.151413583000000296e-01	3.602938789999999836e-01	1.009422679000000045e+00	5.768999209999999822e-01	-2.985177069000000127e-01	-2.451887403000000132e-01	4.842238058000000178e-01	-4.548164057999999899e-01	-1.714704065000000055e+00	1.884245334000000105e-01	6.468298263999999742e-01	4.124825778000000276e-01	1.167704982999999919e+00	5.054731784000000144e-02	-2.191547788000000052e-01	7.002599431999999569e-01	-5.338448487000000409e-01	1.565717542000000018e+00	7.339902316999999954e-01	-3.650578787000000047e-01	-6.904837155999999920e-01	-6.404776306999999669e-01	1.198778157000000011e+00	-3.781139252999999867e-01	-1.204198246999999972e-01	6.598674758999999446e-01	2.071730537000000094e+00	-1.171768877000000098e+00	-6.573395093999999383e-02	-1.076081854000000004e-01	-9.000623010999999618e-01	-7.337085710999999844e-01	5.781249172000000325e-01	1.644941619999999993e-01	-8.305562233000000072e-01	-1.288977413000000016e+00	-9.788680616999999584e-01	-8.691418277000000359e-01	-3.354604782999999757e-01	-9.488790858000000217e-01	1.151171339999999994e-02	-1.400460092000000101e+00	-3.511272094999999815e-01
5.805383967999999673e-01	1.083653763000000048e+00	5.636692089999999489e-01	3.416333306000000070e-01	-5.681849413999999765e-01	4.757067723000000248e-01	4.362276318000000153e-01	5.287848193999999946e-01	1.981712082000000041e-01	1.043190263999999923e+00	-1.327905724999999926e+00	1.308681798999999923e+00	-9.440609463999999340e-02	-6.382225106000000148e-01	6.255732859999999507e-01	-3.822998029999999936e-01	5.445114000999999870e-01	-1.585733636999999918e+00	-1.048975436000000094e+00	2.044399752000000126e-01	1.224258547000000030e+00	7.761631772999999512e-01	7.371810816999999627e-01	1.600963461999999893e-01	-1.049549996999999957e+00	7.308174672999999677e-01	-6.287075197999999476e-01	-1.314946656999999908e+00	2.583894391000000068e-01	2.664164328999999928e-02	-7.954349126000000159e-02	9.605131354000000510e-01	4.472636767000000013e-01	-8.476578755000000465e-01	6.518887839000000461e-01	-1.103099231000000069e+00	1.418935024999999905e+00	5.940641103999999562e-01	-3.796510936999999974e-01	-1.298753467000000050e+00	-3.229062590999999816e-01	5.235700638000000406e-01	-6.328635617000000213e-01	-4.162151574999999881e-01	1.605143906000000009e-01	1.985336363999999909e+00	-1.507148171000000092e+00	3.345493273999999937e-03	-3.810308805000000021e-01	-3.202351842000000226e-01	-1.089780012000000076e+00	-1.314538581999999955e-01	-4.947376326999999852e-01	-1.228811824000000108e+00	-9.508051132000000516e-01	-1.303426535999999913e+00	-9.817502386999999997e-01	-5.235483884999999615e-01	-1.290949463000000019e+00	-8.107286902000000461e-01	-1.154648812000000024e+00	-3.346321830000000275e-01
5.524499198000000222e-01	9.483711682000000032e-01	7.759335178999999805e-01	2.940215190000000089e-01	-5.605899402999999781e-01	4.115368581000000137e-01	6.960472187999999782e-01	5.263274329999999557e-01	-2.639001816000000056e-01	9.548281221000000096e-01	-1.234216996000000011e+00	1.342311304000000094e+00	-3.618773256999999743e-01	-5.615145687999999469e-01	-2.588396005999999971e-01	7.183531255000000226e-02	1.493170565999999977e-01	-1.097286090000000103e+00	-7.818588793999999842e-01	-2.795063286000000202e-01	8.369162307999999939e-01	6.562584862000000463e-01	6.130511285999999949e-01	4.309848350000000106e-01	-1.039302173999999912e+00	5.406462308999999689e-01	-7.715648067999999471e-01	-1.556821248999999963e-01	2.499112337000000128e-01	-6.304107356999999467e-01	-5.559052710999999869e-01	7.395960526000000534e-01	2.149861738999999938e-01	-1.139612953000000095e+00	1.084699343000000010e-01	-1.159528595999999911e+00	1.595308598999999994e+00	4.264475481000000179e-01	-3.867375838000000066e-01	-1.720335420000000060e+00	-1.743604337999999920e-01	9.660066272999999759e-01	-7.137906541999999854e-01	-4.960207687000000032e-01	-5.355272202999999953e-01	1.856572552000000043e+00	-1.588380958999999981e+00	-6.360090011000000265e-01	-8.704773813999999721e-01	-6.916902727000000528e-01	-7.422176313999999664e-01	1.160528680000000035e-01	-5.910475708000000328e-01	-8.284708710999999504e-01	-1.247075695999999984e-01	-3.388614086999999775e-01	-5.472029365999999673e-01	-1.488222643000000067e-01	-8.269244785999999570e-01	-1.321742484000000051e+00	-6.161388004000000196e-01	-1.223946558000000018e-01
5.179262926000000045e-01	8.313427456999999965e-01	6.830317015000000325e-01	3.591484222999999920e-01	-5.769322519999999788e-01	2.760237696999999768e-01	7.031849215000000042e-01	4.804727870000000123e-01	-1.549580701999999921e-01	8.431950565000000397e-01	-1.304549793000000069e+00	9.600472436000000442e-01	-4.741057671000000195e-01	-3.998182908999999841e-01	-6.118187560000000191e-01	1.270718606000000028e-01	4.438820232000000379e-03	-7.103072995000000445e-01	-1.032158410999999942e+00	-9.181799593999999676e-01	-2.764563546000000094e-01	9.316241436000000098e-01	9.000351419000000019e-01	3.691934253999999971e-01	-4.397009749999999939e-01	3.083108307999999909e-01	-7.335189964999999646e-01	2.173008654999999956e-01	4.261548977999999877e-01	-4.114735942000000146e-01	-1.415680686000000132e-01	9.107953266999999631e-01	7.186687850999999572e-02	-1.435591467999999926e+00	-3.254520148999999751e-01	-9.035377293999999893e-01	1.405578980999999894e+00	3.472051916000000182e-01	5.536306147000000233e-02	-1.710312330999999908e+00	5.153527269000000022e-01	1.101831567000000067e+00	-8.215235078999999496e-02	-1.326003623999999936e+00	-2.062226195000000165e-02	1.889408879999999957e+00	-1.431415011999999987e+00	-1.359526552000000013e-02	-8.851663262000000199e-01	-7.859900265000000497e-01	-3.910979473999999789e-01	-7.087823898999999483e-02	-8.486042108000000361e-01	-3.564029756000000049e-01	6.192516401000000004e-01	6.838943005000000519e-02	-1.116620393999999905e+00	-2.600785771999999940e-01	-1.013341274000000014e-01	-1.897708063000000056e+00	2.530137748999999880e-01	-1.960483051999999948e-01
5.220626774000000081e-01	1.032636381000000103e+00	4.325744993000000260e-01	5.415158789999999778e-01	-7.475307461000000320e-01	2.158979564999999878e-01	2.610657943999999953e-01	8.185297787999999963e-01	9.270965309000000001e-03	7.348201609000000190e-01	-1.649831303000000027e+00	6.243355618000000495e-01	-5.812158023000000284e-01	-3.003215187000000119e-01	4.865725112000000158e-02	-1.815271069000000126e-01	7.554349216000000311e-02	-1.373333938999999893e+00	-7.431469581999999852e-01	-7.447760907999999569e-01	-1.106298071000000105e+00	1.337850065000000033e+00	1.091044152999999906e+00	2.978139388000000110e-01	-1.168493798999999944e+00	-4.612305065999999787e-02	-6.992031492000000403e-01	-8.095451154999999677e-01	3.464708249999999823e-01	-1.749254273999999998e-01	-3.747284761999999936e-01	6.015934668000000318e-01	-3.026974474999999942e-01	-1.385388199000000098e+00	-3.852849427999999743e-01	-6.542848372999999773e-01	1.101790290000000061e+00	5.387540796999999992e-01	3.763530986999999994e-01	-1.214116348999999984e+00	7.043306375000000230e-01	1.039338579000000040e+00	6.481060749999999482e-01	-8.376092523999999484e-01	4.135870668999999666e-02	2.485829149999999821e+00	-1.366520858999999977e+00	6.269920468999999885e-01	-1.000589224999999916e+00	-2.158057201000000092e+00	-5.242196375000000019e-01	5.482964465999999870e-01	-3.407297704999999732e-01	-1.823634258000000063e-01	2.751856305000000003e-02	-6.997236931000000437e-01	-2.055504829999999838e+00	7.522270680999999515e-01	-1.496967710999999923e+00	-1.437372222999999893e+00	5.946464179999999544e-01	-5.509291439000000290e-01
5.105445777999999546e-01	1.063928914999999975e+00	3.847952902999999814e-01	6.059894055000000224e-01	-8.002822048000000077e-01	2.677669690000000213e-01	2.989394417999999831e-01	8.762482684000000299e-01	1.053935928999999959e-02	8.276192609000000422e-01	-1.518971717000000110e+00	5.910762988000000107e-01	-4.539816006999999876e-01	-3.099670768000000187e-01	-1.501009038999999989e-01	-3.455923679999999831e-01	2.953862516999999910e-01	-1.582780754000000067e+00	-5.985146792000000104e-01	-8.903647907999999722e-01	5.567632675000000475e-01	1.016078690000000062e+00	5.171496878000000352e-01	5.504153702999999842e-01	-3.151219968000000260e-01	-7.151503954000000274e-01	-6.905564888999999873e-01	-1.965305574000000055e+00	6.577015264000000139e-01	-4.482926836000000054e-02	-3.614577083000000135e-01	5.963639791999999495e-01	-4.632944686000000090e-01	-1.534318091999999911e+00	-5.057065719000000126e-01	-8.939070558999999694e-01	1.318353899999999967e+00	7.482971873000000551e-01	1.057519048999999989e-01	-1.342174640000000085e+00	8.665419825000000298e-01	6.279357562999999809e-01	7.192950617000000435e-02	-5.446088212999999900e-01	-2.997847940000000211e-01	2.546018254999999897e+00	-2.041538816000000089e+00	-3.612607240999999858e-01	-9.845941536000000216e-01	-1.928161301999999910e+00	-5.739346359000000453e-01	3.480786170999999873e-01	-6.914482887999999772e-01	-2.194797112999999911e-01	-5.826375231999999516e-01	-9.923582268999999734e-01	-1.498387833000000002e+00	-3.383198350999999660e-02	-1.098329968999999906e+00	-9.430285543999999964e-01	-9.347917161000000030e-01	-1.038027993000000038e+00
5.062981871999999717e-01	9.273076965000000005e-01	7.416671647999999450e-01	4.498519494000000063e-01	-8.284262811999999476e-01	2.586627371999999925e-01	8.587377710000000386e-01	6.429133895999999959e-01	-2.777647840999999951e-01	6.276831684000000466e-01	-1.076655788000000058e+00	5.084578889999999962e-01	-1.813244098000000026e-01	-1.825189873999999990e-01	-8.107086722999999884e-01	-2.674319928999999846e-03	4.106410979999999822e-01	-4.530048110000000072e-01	-9.607528519000000378e-01	-1.024293007999999894e+00	7.870249016000000486e-01	4.628206702000000061e-01	5.643930727999999508e-01	1.376536618000000045e+00	-1.733508652000000039e+00	-1.050972687000000017e+00	-8.397895162999999830e-01	1.041762326999999960e-01	7.220359480000000385e-01	-9.096791531999999514e-03	-1.629021971999999874e-01	8.842988710000000419e-01	-4.851593696000000011e-01	-1.260305309999999901e+00	-7.309204742999999560e-01	-1.426935679000000068e+00	1.598098237999999949e+00	8.473771821000000148e-01	1.341072148999999936e-01	-1.487162553999999970e+00	1.159817184000000001e+00	6.123109253999999835e-01	-1.218738391000000032e+00	-4.014413144999999794e-01	-2.736401828999999730e-01	2.323841368000000074e+00	-1.608370969000000095e+00	-5.960436175000000114e-01	-1.047663298000000021e+00	-6.544078993999999927e-01	5.302946598000000122e-01	-6.394141192000000196e-01	-3.764587280999999730e-01	6.536239048999999968e-01	8.269622706000000489e-01	-2.529348158999999985e-01	-4.576331715999999994e-01	-7.618217154999999963e-01	-7.999108741999999550e-01	-1.911293552000000062e+00	-1.347580395000000042e+00	-1.350485825000000029e+00
5.184631428999999514e-01	8.742533917000000487e-01	6.921325851999999834e-01	4.132236678000000274e-01	-8.382608604000000296e-01	2.573296480000000219e-01	9.002473643999999720e-01	5.902629789000000127e-01	-2.763951202000000107e-01	5.976480222000000175e-01	-9.897180249000000485e-01	4.607926641999999795e-01	-7.624855617999999613e-02	-2.320141273000000115e-01	-8.381122447000000086e-01	2.566731026999999887e-01	3.688364160000000003e-01	-3.078365720999999833e-01	-1.476219723999999900e+00	-1.026029827999999977e+00	-7.337523763000000088e-01	6.365362620000000193e-01	5.832743306000000016e-01	1.095307548999999936e+00	-9.683646544999999772e-01	-1.239756982999999924e+00	-3.138925303000000278e-01	2.477717794000000029e-01	7.775433737000000400e-01	-6.397350848999999728e-02	-3.023154553000000078e-02	1.085051545000000006e+00	-1.556200285999999877e-01	-8.080734286999999849e-01	-5.544635292999999798e-01	-1.504918414000000038e+00	1.864342280000000018e+00	5.785873204999999464e-01	7.206143644000000126e-02	-1.616411456000000024e+00	1.366279448000000007e+00	6.823849092999999533e-01	-8.346840179000000193e-01	-1.005039465000000076e+00	2.998987155999999765e-01	2.842936567999999831e+00	-1.533709519999999937e+00	-1.568544842000000050e-01	-1.026219562999999946e+00	-4.004823865000000094e-01	8.221210012999999872e-01	-5.560051884000000166e-01	-3.900170257999999723e-01	4.609120811999999900e-01	6.307325102999999933e-01	-3.280546168999999845e-01	-5.067434247000000003e-01	-7.073644234000000530e-01	-5.200526406000000046e-01	-1.863102033000000102e+00	1.903469472000000051e-01	-8.124799159000000159e-01
5.395787749999999550e-01	1.106794660999999902e+00	3.922856115999999727e-01	5.102369092999999856e-01	-9.222437503999999509e-01	1.915146762999999919e-01	4.027984815000000274e-01	8.571228489000000117e-01	3.627187022999999941e-03	6.277600305999999630e-01	-1.478273488999999996e+00	5.765475045000000298e-01	-9.760913227999999664e-02	-3.554846665999999988e-01	1.428726956999999964e-01	-6.166946040000000073e-02	4.948485912999999736e-01	-1.364860449999999892e+00	-9.928094313999999976e-01	-6.224952471000000376e-01	-1.253673970999999998e+00	1.156063757000000081e+00	4.024803758000000120e-01	3.704353136999999907e-01	-1.014850537999999913e+00	-1.384383866000000074e+00	-5.784137805000000299e-01	-7.040474297000000048e-01	5.051869733999999612e-01	-5.459459211999999617e-01	-3.319457537000000125e-01	8.317639470000000035e-01	8.718484803999999866e-02	-8.793350074000000349e-01	-9.793284237999999586e-01	-1.130050674999999893e+00	1.146716260999999903e+00	1.984729137000000032e-01	-8.554172949000000623e-03	-1.324127534000000050e+00	1.680546488999999921e+00	1.132552424000000002e+00	3.090242959000000234e-01	-4.659301184999999901e-01	5.048005031000000337e-02	3.246027261000000053e+00	-1.617855401999999998e+00	3.945359784999999953e-01	-1.323928543000000069e+00	-1.686671180999999908e+00	-2.535656738000000021e-01	5.227002365999999789e-01	-2.949890441999999946e-01	-2.908578086000000035e-02	-3.339859270000000158e-01	-7.528524079999999730e-01	-1.507565274999999927e+00	1.996742311999999964e-01	-1.852251512999999905e+00	-8.958878278999999889e-01	1.897651445000000103e-01	-6.458126068999999747e-01
5.750960581999999821e-01	1.105935463000000007e+00	4.470380763999999840e-01	5.659896907000000477e-01	-8.970487368999999767e-01	2.550772738000000039e-01	4.105318193999999976e-01	9.293599198999999977e-01	1.030825600999999980e-01	7.473603927999999952e-01	-1.434330039000000001e+00	7.381408860999999488e-01	-1.186675893999999953e-01	-2.620640623000000113e-01	-3.694721159000000088e-02	-3.188676666999999687e-02	4.775051871000000059e-01	-1.631522745000000052e+00	-6.740447013000000487e-01	-6.289357103999999588e-01	4.405525485999999824e-01	9.115838979999999481e-01	1.738567498000000155e-02	5.966856471000000495e-01	4.248034342999999768e-02	-1.281270944000000078e+00	-7.609933903000000166e-01	-1.624967094999999917e+00	6.694603379000000354e-01	-7.739608444000000143e-01	-2.651964492000000173e-01	6.596845559999999775e-01	-3.638971485999999977e-01	-1.174352636000000061e+00	-5.841764444000000500e-01	-1.188525408999999922e+00	1.102079671999999899e+00	1.581425948999999886e-01	-2.662548449000000095e-01	-1.196960631999999913e+00	1.476490284000000042e+00	8.066778570000000537e-01	-2.582854614000000271e-01	-6.565966636999999440e-02	-1.713946611999999925e-01	2.930024138999999916e+00	-1.934364908999999910e+00	-1.935952998000000091e-01	-1.318924068999999921e+00	-1.695615258999999986e+00	-9.142859141999999661e-02	3.064734112999999982e-01	-4.489506343999999927e-01	-4.484419995000000214e-01	-6.965010761000000050e-01	-1.127162207000000027e+00	-6.897816798000000471e-01	-9.629626936000000581e-02	-8.924024331000000032e-01	-1.929764978000000075e-01	-1.232693421000000011e+00	-4.994953985999999735e-01
5.160257921999999997e-01	9.383068062999999626e-01	7.447217775000000151e-01	4.896907429999999839e-01	-8.203776287999999806e-01	1.479814240000000003e-01	9.553215369999999984e-01	7.162876220999999655e-01	1.268532015999999929e-01	7.809029362999999613e-01	-8.448875415000000055e-01	6.890009061999999851e-01	-6.748215005999999572e-02	-8.303497124999999895e-03	-7.948293825000000146e-01	1.499175088999999961e-01	2.658460347000000112e-01	-2.982544596000000214e-01	-1.470300866999999956e+00	-7.919974377999999815e-01	6.068658314000000553e-01	3.767392819000000004e-01	4.196604731999999949e-01	1.248666652999999904e+00	-1.531543909000000037e+00	-1.029806288000000070e+00	-7.228014229000000457e-01	-4.647306885999999970e-01	7.391038208000000331e-01	-8.104434960999999937e-01	2.179115496000000041e-01	8.365254224999999488e-01	-2.700751263000000235e-01	-1.124206491999999891e+00	-1.964058233000000042e-01	-1.687497857000000101e+00	1.389697334000000062e+00	3.475432372000000214e-01	-3.715336975999999902e-01	-1.148869700000000105e+00	1.148167399000000088e+00	5.598597396000000170e-01	-8.749156860000000258e-01	-2.877573831999999943e-01	1.964866333999999992e-01	2.713794516000000101e+00	-1.352160484000000107e+00	-1.133298581999999943e-01	-1.078069372999999942e+00	-5.406843096000000237e-01	5.662316281000000506e-01	-7.773170754999999543e-01	-2.602175146999999855e-01	2.458552271999999983e-01	3.928192987999999941e-01	-6.558722458000000310e-01	2.447880734000000003e-01	-9.983210109000000276e-01	-9.455816414000000059e-01	-8.322110187000000270e-01	-5.088294037999999686e-01	-1.640421763000000088e-01
5.993554650000000317e-01	9.831090107000000078e-01	7.633049909000000355e-01	3.571452861000000145e-01	-8.493866933000000508e-01	2.464844503999999992e-01	8.785560881999999738e-01	7.713223781000000390e-01	1.949574560000000012e-01	9.987702944999999888e-01	-9.404430497000000333e-01	6.371739452000000359e-01	-1.116177043999999965e-02	2.935266296999999858e-01	-4.728261430999999848e-01	1.156087982000000014e-01	3.704389337999999809e-01	-6.171678994000000529e-01	-1.111042413999999923e+00	-8.013749225999999837e-01	-7.939613016000000023e-01	5.249606234999999455e-01	5.390718088999999491e-01	9.020216939999999850e-01	-3.432781256999999919e-01	-9.080612158999999961e-01	-2.442653255999999995e-01	-7.087648060000000250e-01	1.009356372000000057e+00	-7.128945991999999787e-01	6.338438780999999800e-01	8.345961039999999498e-01	-4.322006124000000171e-01	-7.411888930000000153e-01	4.834496842000000072e-01	-1.956119809000000043e+00	1.651497384000000013e+00	1.767615939999999941e-01	-3.096168700999999968e-01	-8.180112022000000094e-01	8.445130336999999709e-01	5.464160453999999945e-01	-7.697307772000000492e-01	-7.131887753000000219e-01	8.895924292000000344e-01	2.756699140999999909e+00	-1.128167402000000097e+00	3.996685862000000089e-01	-3.893913500000000250e-01	-8.717592202999999706e-01	3.891648225000000072e-01	-4.969643527000000005e-01	7.631705125000000367e-02	-2.411630814999999872e-01	-9.973662890999999975e-02	-9.376771658000000453e-01	-1.161239904000000100e+00	-1.146821348000000018e+00	-3.542731896999999908e-01	-6.536570716999999531e-02	-8.412634827999999620e-01	2.531843257999999985e-01
6.088083903000000019e-01	1.058680719000000048e+00	4.549084534000000235e-01	4.475883366000000252e-01	-9.568670686000000369e-01	1.296985542999999907e-01	4.506979193000000272e-01	7.595925262999999594e-01	5.934353474000000350e-01	1.084716808999999893e+00	-1.494538042000000067e+00	6.639564678999999581e-01	-3.179229091999999923e-01	3.061614344999999959e-01	1.627752808000000051e-01	1.232016402999999982e-01	7.614216522000000209e-01	-1.563364482999999971e+00	-7.816345652999999727e-01	-5.589823183000000029e-01	-1.177279817000000062e+00	9.276265680999999930e-01	3.005780893000000176e-01	2.923142910000000039e-01	-5.443138655999999465e-01	-5.056010523999999728e-01	-1.295632351999999876e-01	-1.224926361999999935e+00	6.030403060000000259e-01	-4.410979181999999943e-01	8.795213629999999450e-01	6.399200497999999460e-01	3.163993058999999691e-02	-7.514588411000000523e-01	2.005016048000000106e-01	-1.493955107999999976e+00	1.310353196000000109e+00	-3.635102526999999667e-02	3.776495501999999754e-02	-1.951357974000000051e-01	6.200428717999999506e-01	8.430653796000000533e-01	1.928241357999999905e-01	-7.857427675999999472e-01	6.893547195000000460e-01	2.640210777000000064e+00	-1.173571303999999982e+00	1.333167865000000063e+00	-5.468182464999999937e-01	-1.546396679000000107e+00	-7.351185711000000067e-01	2.840205855999999862e-01	5.923189247000000268e-01	-6.385359453000000185e-01	-9.004142889999999788e-01	-6.744240322000000232e-01	-5.054672135000000122e-01	-5.709307275999999653e-01	-7.882968858000000134e-01	6.203799357000000514e-01	-5.704692950999999956e-01	4.454442221000000091e-01
5.958883785999999905e-01	1.093511852000000006e+00	4.086097833999999818e-01	5.455995352000000409e-01	-9.563609247000000035e-01	1.418081907000000030e-01	3.371873725000000266e-01	6.814578986999999533e-01	4.005630504000000092e-01	9.160965581000000135e-01	-1.405820540999999979e+00	1.026027274999999905e+00	-7.393979586000000159e-01	4.161910965999999767e-01	2.031246885000000113e-01	1.015108745999999951e-01	5.915248162999999781e-01	-1.820595909999999984e+00	-5.960970874000000030e-01	-3.512478039999999968e-01	-5.313314689999999729e-02	9.040792533000000519e-01	-5.886622138999999532e-01	1.126094346000000024e-01	1.816376708999999923e-01	-2.756013479000000155e-01	8.492989505999999633e-02	-1.663369805999999951e+00	2.119862795999999938e-01	-9.518757976999999704e-01	1.298856065000000060e+00	-1.293066215000000074e+00	9.838354484000000344e-02	-8.982863477000000429e-01	3.033619215999999730e-01	-9.707100981999999822e-01	1.130004100999999928e+00	1.905498191999999841e-02	3.351231299999999913e-01	-3.242717381999999926e-01	5.091831025999999927e-01	1.410147078999999914e+00	3.154755221999999693e-02	-7.095187531000000103e-01	-4.088461094999999712e-02	2.075517193000000038e+00	-1.149330622999999996e+00	9.818825201999999974e-01	-7.911607689999999860e-01	-1.624672662000000045e+00	-9.054305834000000441e-01	1.021622311000000005e+00	8.006470384999999634e-01	-1.969322609999999973e-01	-1.192147784999999960e+00	-6.288503058000000090e-01	6.118504782999999447e-01	-2.964881814999999893e-02	-8.269822007999999558e-01	6.136603224000000134e-01	-6.799350320000000503e-01	-2.093675104000000120e-01
6.110214442000000412e-01	9.655800446000000203e-01	6.456251517000000106e-01	4.913000570000000122e-01	-9.396173757000000348e-01	1.296313984999999946e-01	8.446036497000000143e-01	4.224008283999999835e-01	3.413087222000000254e-01	8.828306038000000022e-01	-8.912087614999999463e-01	1.129980860999999948e+00	-9.564884699000000268e-01	5.623587666999999568e-01	-2.404979473999999950e-01	1.707178735999999863e-01	3.528717704000000066e-01	-7.521771147000000379e-01	-1.239105590999999951e+00	-2.543157958000000218e-01	7.926711196000000292e-01	4.526069149999999847e-02	-4.909677869999999889e-01	2.214413748000000071e-01	-1.555573955000000064e+00	1.478841824999999888e-01	1.406512067000000032e-01	1.856176126000000093e-01	7.400295847000000482e-02	-1.364549862000000058e+00	6.069620611999999582e-01	-1.380970961999999913e+00	2.321814262000000129e-01	-9.241187575999999515e-01	6.717595357000000211e-01	-1.165139249000000099e+00	1.403924764000000103e+00	1.010440702999999968e-01	4.362375008000000109e-01	-6.408278931999999983e-01	4.331809021999999954e-01	4.889025484999999782e-01	-1.455861564999999969e+00	-1.124554260000000028e+00	-2.052877312999999981e-01	1.458797804000000031e+00	-9.138695228000000004e-01	2.526930947000000094e-01	-8.092029937000000395e-01	-3.299842901000000217e-01	-2.658252161999999919e-01	2.491110532999999960e-01	8.244463559000000386e-01	1.419310464000000049e+00	2.173488604000000084e-03	-1.402142675999999977e-01	9.355494985000000208e-01	-1.045298714999999934e+00	-5.360390325999999650e-01	4.565930236000000086e-02	-1.551702943000000001e+00	-1.524191182999999894e+00
6.118407052000000013e-01	8.276231550999999520e-01	9.006739267000000160e-01	3.367125456000000239e-01	-9.245962319999999623e-01	2.022859075000000006e-01	1.009037987999999997e+00	2.372950363000000118e-01	-8.242607037999999386e-02	7.024890887000000417e-01	-8.426233922000000431e-01	1.037485524999999909e+00	-1.038314517999999964e+00	8.750221538000000354e-01	-6.731796087000000428e-01	5.458831292000000390e-01	2.150756652999999963e-01	-4.654579280999999735e-01	-8.250205019999999889e-01	-2.555721981999999892e-01	-1.063406620999999969e-01	-1.897949965999999877e-01	-5.569143492999999445e-01	3.806381007999999899e-01	-1.601133032999999983e+00	2.546529457999999746e-01	3.159404658000000143e-01	1.076475013000000036e+00	2.435003239999999902e-01	-1.476824732000000084e+00	8.234065125999999735e-01	-1.162010423999999986e+00	6.196991471999999668e-01	-6.388446087000000384e-01	5.409855697000000019e-01	-1.090828670999999916e+00	1.562164169000000102e+00	8.854502554000000247e-02	9.678275533000000319e-01	-5.850882888999999754e-01	1.233297747000000055e-01	4.364899720000000038e-01	-2.162905541000000209e+00	-1.252485505999999971e+00	-5.402610046000000388e-01	1.022912888000000020e+00	-3.401232916999999967e-01	-2.456264567000000093e-02	-2.783870810999999890e-01	2.677811050000000193e-01	3.802254330000000015e-01	3.375022654999999816e-02	1.006920146999999988e+00	1.182524957000000043e+00	4.904398108999999950e-01	3.242334246999999808e-02	1.235982603000000069e+00	-1.004872253999999909e+00	-1.182380650000000033e-01	-8.045098211000000221e-01	1.353890443000000110e-01	-1.247371280999999943e+00
6.266355214000000062e-01	8.878066637000000538e-01	5.589237430000000284e-01	4.861630361000000011e-01	-1.001894574000000038e+00	2.562944094000000131e-02	6.732241798000000443e-01	5.082559792999999937e-01	1.950522185000000130e-01	8.044004504999999750e-01	-1.157456851999999925e+00	9.673340326999999572e-01	-1.382920413999999987e+00	1.159134172999999990e+00	1.338815938000000039e-02	-8.083425466000000725e-03	1.840510478999999866e-01	-1.000233433000000005e+00	-4.434015847000000177e-01	-1.859398101999999997e-01	-1.872246789999999939e+00	-7.132247592000000302e-02	-2.920640663999999886e-01	2.109415393000000152e-02	-1.412242758000000098e+00	6.366955270000000666e-02	-1.348190275999999960e-03	3.375617410000000262e-01	1.048588585999999934e-01	-1.495417468999999944e+00	9.780257237999999687e-01	-1.401481165999999945e+00	1.694868857000000062e-01	-6.985224128000000476e-01	2.986565415999999917e-01	-1.014854013999999971e+00	1.085109783000000050e+00	-1.898555698000000125e-01	1.321650079000000089e+00	-4.595122113999999813e-01	2.380141333999999942e-01	5.110184225999999663e-01	-1.653034249000000067e+00	-1.810732060999999948e+00	-8.253073711000000201e-02	1.300289669000000092e+00	-4.456191648999999755e-01	1.388105624000000038e+00	-2.308305160000000134e-01	-1.653617850000000111e-01	-7.837555247999999919e-01	2.946612476000000022e-02	1.124833434999999993e+00	5.552848205000000537e-01	3.393692365000000044e-01	-1.170871113999999991e-01	1.107716324999999946e-01	-4.311150280000000112e-01	-9.160121759999999558e-01	1.484345465999999947e-01	-1.505155065000000070e-01	-1.664918211999999897e+00
6.558079294999999975e-01	1.071382024000000044e+00	3.558470928999999949e-01	7.235112079000000085e-01	-1.093374558000000052e+00	5.042638581000000175e-02	3.349239761000000204e-01	7.382129855000000296e-01	3.890621340000000039e-01	4.448610214000000007e-01	-1.397619214999999970e+00	9.733946415999999990e-01	-1.719172292000000102e+00	1.190981293000000107e+00	4.850603014000000046e-01	-1.204980838000000026e-01	3.678764172999999804e-01	-1.796378505999999931e+00	-8.509526315000000285e-02	-3.593364267999999973e-01	-8.048786056000000189e-01	1.284543556999999947e-01	-6.395340682000000276e-01	-4.630993413000000225e-01	-5.436916938000000421e-01	-2.844276021000000099e-01	-3.428373157000000337e-02	2.304571638000000103e-02	2.535988046999999856e-02	-1.308862756999999988e+00	1.237971071000000034e+00	-1.418853031000000042e+00	-4.743459903999999727e-01	-3.350626835000000137e-01	-3.456180460000000121e-01	-1.035068220999999955e+00	1.150823391000000084e+00	-3.804164675000000218e-01	1.414079837000000062e+00	8.786839079000000052e-02	4.212832958000000128e-01	6.761729647999999981e-01	-7.789558956000000034e-01	-1.280271994000000024e+00	-2.876066145000000240e-01	1.027409615000000054e+00	-2.623463287000000199e-01	1.277901235999999940e+00	-4.447975999000000069e-01	-8.685847118999999728e-01	-1.682094951000000060e+00	4.261477344999999861e-01	1.082052113000000038e+00	-3.876065414000000042e-01	-4.563540194999999855e-01	-9.402908429999999873e-01	-9.976483605000000532e-01	-8.091938120000000123e-02	-7.812801890999999666e-01	1.335086659999999981e+00	-1.160383278000000074e+00	-1.409732723000000076e+00
6.137179741999999605e-01	1.077593640999999991e+00	5.714273777999999693e-01	7.273531446000000011e-01	-1.043761047999999914e+00	1.370232695999999972e-01	4.472392060000000003e-01	7.514158646999999913e-01	3.720861146000000175e-01	1.015363769000000027e-01	-1.416114617999999936e+00	9.007185490000000350e-01	-1.614775373999999930e+00	8.192064999000000514e-01	1.852846026999999951e-01	-1.075105840000000063e-01	3.001691694999999993e-01	-1.989824221999999976e+00	-3.384063414999999853e-01	-1.952207072000000099e-01	6.632335270000000449e-01	-1.934338784999999894e-01	-1.369179944000000093e+00	-6.972682545999999704e-01	6.161953869999999833e-01	-6.115234509000000429e-01	4.785478723000000101e-01	-1.972699192000000101e+00	-9.042674390999999590e-02	-1.165036087000000053e+00	8.636208298999999977e-01	-1.495065509000000015e+00	-7.425344793999999471e-01	-2.341385954000000102e-01	-7.432744361999999994e-01	-1.143583824000000027e+00	6.427672613999999562e-01	-6.857272376999999919e-01	6.212928379000000056e-01	3.178125614999999793e-01	3.761534912999999758e-01	4.938693438000000269e-01	-1.221552656999999931e+00	-1.216369814000000105e+00	-3.848985340000000144e-01	3.823809765999999777e-01	-6.534509603999999472e-02	9.705254443999999925e-01	-2.821295723000000200e-01	3.714355033000000215e-03	-1.442609314999999892e+00	2.039276019000000120e-02	6.495804369000000023e-01	-1.289221967000000024e+00	-1.111454127000000014e+00	-7.919260004999999492e-01	-8.380080183000000460e-01	-1.012524527000000063e+00	2.301621279000000131e-01	1.857954258999999997e+00	-8.497855675000000053e-01	-9.208070794999999586e-01
5.043015727999999864e-01	9.472382252000000058e-01	7.904000527000000220e-01	7.171021467999999510e-01	-1.016171554999999893e+00	8.631708104999999409e-02	8.813615688999999476e-01	6.062784241999999990e-01	1.854961923000000013e-01	-3.931100921999999831e-01	-9.474038366999999461e-01	7.653638370999999996e-01	-1.581140071000000091e+00	2.127753839000000036e-01	-5.021893251000000280e-01	3.382993574000000003e-01	-1.724690704999999880e-01	-8.094431393000000030e-01	-8.822198741000000233e-01	-3.223620161999999900e-01	6.542424279999999870e-01	-6.034222054000000224e-01	-1.188539811000000057e+00	-4.281084492000000186e-01	-3.613218543999999754e-01	-4.483268487000000024e-01	8.984001101999999905e-01	-1.746579735000000078e-01	-3.277982535000000253e-01	-7.285563885000000406e-01	1.191736643000000040e+00	-1.446239913999999960e+00	-1.151664499000000008e+00	1.587161725000000023e-01	-9.445276919999999743e-01	-1.085510911999999939e+00	7.392155899000000252e-01	-8.221284267999999784e-01	-2.792620235000000117e-01	5.814563204999999568e-01	5.791775502999999548e-01	3.808976662999999929e-01	-1.428165866999999922e+00	-1.695430049000000050e+00	-2.594916717999999900e-01	-1.662039207999999879e-01	3.519583714999999779e-01	4.547731984000000227e-01	-2.285827910000000074e-01	1.250607943999999971e+00	-3.643861986999999969e-01	-6.503407769000000282e-01	5.776619429999999555e-01	-9.345690853000000464e-01	-5.700823996999999643e-01	1.773487907999999891e-01	-3.263781430000000094e-01	-9.127010331999999559e-01	-1.984941399000000051e-01	1.393022653000000055e+00	-1.296906137999999986e+00	-5.432656873000000219e-01
4.799599949999999726e-01	8.634710033000000395e-01	8.356419105000000291e-01	6.351703467999999519e-01	-1.079911880000000046e+00	1.338703412000000030e-02	8.580116771000000364e-01	7.443023170000000466e-01	2.600710214999999992e-01	-8.830349760000000270e-01	-1.203473382000000091e+00	5.226704581000000127e-01	-1.434234720000000074e+00	-1.483188870999999909e-01	-5.317010602999999724e-01	7.097361396000000378e-01	-5.159272210999999997e-01	-7.803722880000000250e-01	-1.398036263999999917e+00	-3.298364131000000032e-01	-1.349893191000000048e-01	-7.895020765000000385e-01	-6.027000826999999727e-01	-4.804362106000000243e-01	-8.243363266000000578e-02	-3.975804903999999862e-01	8.944835864000000303e-01	5.783679030999999693e-02	-2.500025218999999965e-01	-4.742045350999999909e-01	1.202226022000000061e+00	-1.223188785000000056e+00	-4.450907593999999801e-01	1.128452785000000069e-01	-1.348788375999999900e+00	-1.013014282999999960e+00	6.279299086999999835e-01	-6.142779219999999762e-01	-8.537511892000000380e-01	6.402168032999999703e-01	6.392193942999999656e-01	2.184174396999999934e-01	-1.699285732000000104e+00	-2.083032286999999982e+00	-2.131656578000000121e-02	-4.600446505999999935e-01	5.390922337000000342e-01	6.188069296999999525e-01	-5.022701885999999449e-01	1.147869706000000045e+00	2.724443563999999762e-01	-5.263391590999999536e-01	7.797522865999999553e-01	-6.178904067999999583e-01	-4.633983848000000072e-01	3.489260536000000079e-01	-5.970007419999999732e-01	-1.086311578000000111e+00	1.494719478000000046e-01	1.264990993000000064e+00	4.116121973999999906e-01	-2.508517095000000197e-01
4.799422702000000207e-01	1.057732133000000019e+00	5.282672899999999450e-01	7.071499953000000005e-01	-1.311474942000000032e+00	-1.482871225000000071e-01	2.985082954000000122e-01	1.191086293999999990e+00	3.637810941999999881e-01	-1.031291707000000057e+00	-2.025288472000000173e+00	3.963192056000000019e-01	-1.499906063999999928e+00	-4.500944488999999993e-01	3.024448079000000011e-02	4.607506920000000172e-01	-7.117777990000000443e-01	-1.748489098000000075e+00	-4.631693989999999816e-01	-6.489456520999999922e-01	-1.302050415000000072e+00	-4.533557764999999740e-01	-4.196566503000000170e-02	-8.384120600000000145e-01	-1.057797364000000018e+00	-4.425374945000000171e-01	-2.401073928999999940e-02	-4.444565751999999814e-01	7.326840737999999742e-02	-5.723175831000000269e-01	1.576105002000000033e+00	-1.272499623000000080e+00	-7.178073862000000638e-02	-4.128842616000000243e-01	-2.054904045999999873e+00	-1.239216579000000040e+00	8.751012712000000304e-01	-3.798384726999999850e-01	-5.758451199999999881e-01	1.354699977000000111e-01	4.550053150999999740e-01	3.202944421000000208e-01	-9.620762395999999939e-01	-1.456476899999999963e+00	1.606260530999999853e-02	3.273389937999999777e-01	-2.703116280999999788e-01	9.562687297999999947e-01	-7.568505731000000347e-01	-1.213157138999999995e+00	-1.134925626000000021e+00	-2.285988632000000020e-01	1.246739655999999918e+00	-5.327102923000000267e-02	-7.599069681000000243e-01	-2.535485907999999733e-01	-1.752126317999999960e+00	-5.080867361999999998e-01	-1.060403197999999936e+00	1.689651607999999916e+00	6.350156035999999782e-01	-3.650539079999999825e-01
4.743963200999999907e-01	1.068254022999999941e+00	5.234443474000000096e-01	7.900681926999999494e-01	-1.351444309999999982e+00	-1.227016048000000026e-01	2.897968335000000173e-01	1.220714029999999894e+00	4.998805556000000122e-02	-9.415142959000000200e-01	-2.015126100999999892e+00	2.601010727999999994e-01	-1.421003522999999991e+00	-4.027409745000000152e-01	-2.068827403999999870e-01	4.057272965000000009e-01	-4.344164797999999772e-01	-2.237937238999999856e+00	-6.394452349000000480e-01	-9.417939656999999576e-01	4.450844474999999800e-01	5.578564500999999565e-01	-5.541864429999999730e-01	-3.774908285999999946e-01	8.240694455999999501e-01	-6.972754316999999480e-01	-6.117904226000000500e-01	-1.778565997000000065e+00	5.296400044000000411e-03	-5.928307619999999556e-01	2.273380405000000160e+00	1.585257979999999955e-01	-9.358863456999999553e-02	-9.877844970000000391e-01	-2.337510002000000142e+00	-1.511572008999999994e+00	6.831934336999999635e-01	-4.631267735999999857e-01	-8.934163971999999898e-01	3.051596949000000003e-01	3.666952620999999746e-01	8.782305379000000523e-01	-7.409128714999999588e-01	-5.502392024000000159e-01	-9.546816216000000299e-01	2.233730700000000069e-01	-1.226517547999999902e+00	-2.493842645999999885e-01	-9.857035541999999984e-01	-1.900616164000000108e+00	-1.566157515000000000e+00	-2.169409083000000127e-01	4.280049610000000171e-01	-8.860597916000000351e-01	-1.310284282000000022e+00	-7.861478734000000301e-01	-8.429932504999999576e-01	-4.629732845999999791e-01	-2.485845185999999984e-01	1.136457182000000010e+00	-1.248187396000000060e+00	-1.403036307999999954e-01
4.664939833999999785e-01	8.449951947999999602e-01	7.598355148000000003e-01	7.548390897000000210e-01	-1.269618856999999990e+00	-1.314665570000000117e-01	8.198517001999999776e-01	8.778648788999999786e-01	-4.118459271000000088e-01	-9.011519823000000429e-01	-1.422125053000000028e+00	1.380406845000000104e-01	-1.209719962999999954e+00	-1.950891331000000062e-01	-1.193681619999999999e+00	7.454788026999999984e-01	-5.783861985999999566e-01	-5.157561774000000154e-01	-1.530625402000000079e+00	-1.469966483999999962e+00	6.345697350000000236e-01	2.523309107999999745e-01	2.637564611000000128e-02	8.566020797000000186e-01	-1.182947807999999990e+00	-7.592503900999999500e-01	-9.689815594999999782e-01	8.829672238000000339e-01	2.991219875000000195e-01	-6.679298680999999904e-01	7.454557692000000069e-01	5.566701211000000260e-01	-1.414231538999999871e-01	-1.032090444000000051e+00	-2.127407599000000094e+00	-1.328886972999999916e+00	6.266379264000000449e-01	-1.907371213000000065e-01	-7.185076621000000552e-01	-9.311484100000000375e-01	3.484330590999999977e-01	6.508945752999999446e-01	-1.907948962999999942e+00	-5.836532401999999786e-01	-1.073437796999999971e+00	4.245355096999999800e-01	-1.725401929000000001e+00	-3.673555076000000197e-01	-1.132250245999999905e+00	-8.858021334000000246e-01	-8.230316103000000494e-01	-1.292950886000000077e+00	-6.800387108000000014e-01	4.099553458999999900e-01	2.022534518000000114e-01	-4.675231006000000189e-01	1.043075767000000015e-01	-4.301204469000000086e-01	-6.554586725000000058e-01	-6.782121341000000303e-01	-1.327781303000000079e+00	-8.392104912000000194e-01
5.355199339999999752e-01	7.090554570999999529e-01	9.803684987999999878e-01	6.278954675000000263e-01	-1.058259459000000069e+00	-1.771995465000000131e-02	9.142292411000000341e-01	7.326772674000000540e-01	-8.206974017999999482e-01	-7.655244387999999844e-01	-1.324892329999999951e+00	-1.158645452999999964e-01	-9.604261694000000293e-01	4.261080660000000075e-01	-1.748493912000000039e+00	1.352377723999999892e+00	-6.099200222999999754e-01	-1.363622035000000045e-02	-1.030293734000000017e+00	-1.515107313999999983e+00	-5.361840823999999839e-02	1.924885168000000091e-01	5.170434754999999605e-01	1.387025458999999961e+00	-7.902212439000000366e-01	-1.163850008000000047e+00	-1.140916102000000043e+00	8.061168853000000301e-01	6.202703655000000316e-01	-4.785065204000000239e-01	7.530847388000000420e-02	7.693440206999999642e-01	-5.293071930999999897e-02	-8.197706970000000481e-01	-1.362309481999999905e+00	-1.099034832999999933e+00	6.547175182000000149e-01	1.768585706999999951e-01	-2.769518970000000024e-01	-1.340606135000000032e+00	2.932651117000000252e-01	1.195664188999999933e+00	-1.809371223999999945e+00	-5.929366845000000330e-01	-6.375118277000000333e-01	8.100917563999999738e-01	-9.725494610999999567e-01	-6.406925780000000126e-01	-5.070493694000000051e-01	-9.032870777000000517e-01	1.108477330999999982e-01	-1.027472200999999918e+00	-6.922235821000000122e-01	5.219128201999999606e-01	1.262510264999999965e+00	-1.930941743000000044e-01	3.938893202999999704e-02	7.381260085999999943e-01	-1.676934234999999940e-01	-1.218786790000000009e+00	1.397074130000000025e+00	-7.958523948000000015e-02
5.119728531999999666e-01	8.908936230999999761e-01	5.948193276000000029e-01	7.351523574999999644e-01	-1.230325380000000024e+00	-2.839065128000000104e-01	7.280248499000000484e-01	9.143272490999999613e-01	-4.818315063999999981e-01	-5.067452914000000197e-01	-1.539316874000000057e+00	-3.781974515000000037e-01	-8.824665946999999955e-01	7.828441873000000495e-01	-1.243931252000000098e+00	1.144314929999999952e+00	-1.387597178999999958e-01	-3.625907428999999849e-01	-7.271347558999999849e-01	-1.581936159000000064e+00	-1.493248933000000056e+00	1.135999527000000064e+00	1.213892449000000040e+00	9.319633461999999868e-01	-1.362030136000000002e+00	-1.849126526999999909e+00	-1.580820694000000026e+00	9.996052071000000039e-01	5.597350689000000212e-01	1.738530135999999948e-01	1.469632080000000118e-01	4.329001349000000110e-01	-2.983047960999999915e-01	-3.238328683000000208e-01	-1.108048123000000107e+00	-3.141427920000000040e-01	3.407656085999999918e-01	6.929248861000000259e-01	2.659534910999999946e-01	-1.046502086000000054e+00	4.496543983999999883e-01	1.705243596000000084e+00	-2.595665643999999772e-01	-9.599089267999999509e-01	1.685126728999999934e-01	2.101422922999999887e+00	-6.042492708000000157e-01	8.189849872000000142e-01	-4.815813440999999751e-01	-2.065378042999999941e+00	-1.591063262999999894e-01	-6.624342667000000517e-01	-2.033325551999999870e-01	5.412429551999999866e-01	1.499166919999999958e+00	-1.227405490999999987e-01	-7.418671113999999456e-01	1.599686402999999979e+00	-1.243306259999999996e+00	-1.016323408000000095e+00	1.481189576000000008e+00	3.280663139000000172e-01
5.748634436999999764e-01	1.121733107999999923e+00	4.167226532000000150e-01	8.993677695999999777e-01	-1.332131493999999972e+00	-1.097685347000000033e-01	4.365706484999999915e-01	1.316049473000000081e+00	-9.641712920999999381e-02	-1.582536177999999960e-01	-1.797400644000000103e+00	-1.562644337999999911e-01	-6.844811219999999974e-01	1.075542988999999894e+00	-7.597787101999999848e-01	9.705602312000000120e-01	6.326668649000000144e-01	-1.087893272999999938e+00	-6.581404806999999746e-01	-1.701467757000000081e+00	-4.973457271999999763e-01	1.250933743999999903e+00	8.085023431000000205e-01	4.012726933999999912e-01	-2.088387898000000076e-01	-2.019511904999999885e+00	-1.403986117000000089e+00	-6.987152588999999692e-01	8.591813404000000487e-01	7.428114666999999782e-01	-1.701410854000000028e-01	4.155343974999999856e-01	-3.222923636000000203e-01	-6.698857045000000676e-02	-9.051997215000000541e-01	-4.707749045999999882e-01	2.361962298999999987e-01	1.270973028000000005e+00	5.527656628999999544e-01	-1.132353241999999982e+00	1.009026186999999908e+00	8.767014851000000109e-01	7.768380854999999696e-02	-1.085511715999999960e-01	2.747301108999999908e-02	2.717402405000000076e+00	-1.916605898999999891e+00	1.180110132000000034e+00	-2.869517289999999887e-01	-2.365035182999999819e+00	-9.086998110999999767e-01	2.303866511999999867e-01	-1.809125317999999982e-01	3.863123931999999927e-01	1.151579348999999919e+00	-3.463050999000000241e-01	-1.129887070999999965e+00	1.301577052999999928e+00	4.120209530999999759e-01	1.895190934000000049e-01	-6.454726853000000153e-01	3.883277638000000032e-01
6.039470333999999996e-01	1.015868487000000098e+00	6.978052177000000356e-01	9.164532261000000180e-01	-1.365679080999999906e+00	-5.793928956000000269e-02	9.897784306000000365e-01	1.371862165000000022e+00	-9.714854168000000567e-02	1.565436182000000051e-02	-1.044133060000000057e+00	2.565671681000000204e-01	-3.537313597999999781e-01	1.388688823999999933e+00	-9.200089163000000347e-01	1.067717956999999940e+00	1.307266628999999902e+00	-3.524915032000000004e-01	-1.192477098999999985e+00	-9.404043171000000534e-01	4.421405589999999886e-01	9.121571438000000143e-01	6.742457665000000100e-01	8.787778384000000109e-01	-1.426004086999999920e+00	-1.277928468999999900e+00	-1.184023864999999898e+00	-5.787139999999999646e-03	7.970556372999999528e-01	9.618556917999999678e-01	-2.480775431999999851e-04	6.647113578000000134e-01	3.382310689999999676e-02	-3.261722820999999883e-01	-2.486037591999999963e-01	-8.202859381999999533e-01	4.248435084000000139e-01	1.937812660999999936e+00	5.102777088000000072e-01	-1.496408884999999911e+00	9.203457293000000261e-01	6.579178607000000234e-01	-1.007710072999999928e+00	4.407225054999999725e-01	3.431137523000000189e-01	2.052591898000000192e+00	-1.704967485999999921e+00	8.390475324999999707e-01	-2.226951443000000086e-01	-1.074842072999999898e+00	-3.881189527000000056e-02	-6.450073975000000237e-01	2.157906043000000149e-02	3.262832270000000090e-01	1.614400357000000064e+00	-1.912537608000000056e-01	2.941000312000000005e-01	1.783423285000000080e-01	5.774697173999999711e-01	9.899024251000000663e-02	-2.814714645999999987e-01	4.591389396000000178e-01
7.795090063999999819e-01	8.666284262000000238e-01	1.027436774999999969e+00	8.107219257000000123e-01	-1.260762785999999913e+00	1.266097203000000060e-01	1.220590456000000046e+00	1.303879953999999897e+00	-3.626123277000000145e-01	-6.671997206999999430e-02	-5.360150065000000019e-01	7.566505377000000143e-01	-1.545109353999999935e-01	1.484190609000000105e+00	-1.035429026000000086e+00	1.462022632000000044e+00	1.589245940000000079e+00	5.392022568999999682e-02	-1.014841043000000109e+00	-2.943826757999999932e-01	-1.554884870000000086e-01	6.970602543999999678e-01	5.161091991999999795e-01	8.195096685999999631e-01	-1.607070052000000082e+00	-4.277423633999999919e-01	-4.924823774000000043e-01	9.711947753999999877e-01	8.032548915999999650e-01	1.020683433000000084e+00	-8.296409824999999988e-03	1.119752614999999896e+00	4.407408922000000118e-01	-9.180760469000000257e-02	6.121801210999999743e-01	-8.196977060000000259e-01	1.115074589000000005e+00	1.975568946000000103e+00	2.727610690000000226e-01	-1.694208616999999917e+00	8.090476953999999887e-01	6.449629373999999915e-01	-1.465471551000000039e+00	3.811736089000000161e-01	6.859244854999999585e-01	1.555724778000000086e+00	-1.197654776999999893e+00	8.858255716999999807e-01	5.923580482000000424e-01	-3.588982105999999894e-01	2.795400397000000203e-01	-7.120033792000000084e-01	2.662339521000000042e-01	2.487217841999999901e-01	1.613623234000000073e+00	1.221450584000000061e-01	3.189234463999999769e-01	-2.389585857000000035e-01	1.557237146999999933e+00	-9.766666121000000533e-02	1.052333431999999958e-01	9.722296322000000268e-01
7.612959256000000341e-01	8.387981964999999818e-01	7.997982908999999863e-01	8.513097427000000383e-01	-1.224299113000000050e+00	-1.487907769999999991e-02	1.044189838000000092e+00	1.277750557000000065e+00	-1.133172447999999943e-01	-2.216499597000000099e-01	-7.344618412000000207e-01	1.286093252999999992e+00	-1.906444911000000075e-01	1.147857002999999931e+00	-5.759971147000000347e-01	1.417380783999999894e+00	1.788544034999999921e+00	-2.054421090999999922e-01	-1.702187023000000021e+00	3.089093486999999749e-01	-1.398307616999999947e+00	1.891588618999999971e+00	7.084881485999999784e-01	1.422321148000000035e-01	-1.810370510000000044e-01	3.693968565999999898e-01	-4.842830093000000113e-01	1.139633614000000045e-01	2.562840098999999983e-01	1.053548794999999982e+00	2.297355030000000076e-01	1.050132120000000002e+00	9.096392193000000237e-01	-1.781785388999999886e-01	6.004912505999999706e-01	-4.073744254000000176e-01	8.251558634000000225e-01	1.288415043000000093e+00	8.792618051999999407e-02	-1.922373212000000109e+00	1.103673085999999914e+00	1.916957515000000001e+00	-7.392195891000000185e-03	-7.198570195000000282e-01	1.182589651000000019e+00	1.241121005999999971e+00	4.329804742999999734e-01	9.447456692000000267e-01	9.210843425000000417e-01	-4.372299249000000110e-01	-5.950337608000000333e-01	-7.239979324999999966e-01	3.418369821999999725e-01	-7.926639827000000471e-01	7.379855048000000250e-01	6.576135093999999626e-01	-6.071616491000000337e-01	5.453337574000000076e-01	1.206792587000000028e+00	-9.530633735000000606e-02	9.739737173000000414e-01	1.188885460999999921e+00
6.761148778000000137e-01	1.062903847000000068e+00	4.945238464000000222e-01	9.854692816000000244e-01	-1.460017480999999950e+00	-2.386274103999999896e-01	7.729029250000000184e-01	1.485488219000000054e+00	5.602286461000000051e-02	-5.853480582000000210e-01	-1.128512267999999930e+00	1.789858450999999961e+00	-4.679227702000000044e-01	7.079047976000000242e-01	8.693939100999999517e-03	1.204040725999999895e+00	1.658581099000000059e+00	-8.995818966999999944e-01	-1.657960740999999905e+00	3.977721646999999860e-01	-7.459675711000000042e-01	2.390053077000000137e+00	5.495996262000000243e-01	-3.659623873000000249e-01	-8.161382310000000473e-01	5.890890923999999584e-01	-2.038809470000000137e-02	3.945881055000000082e-01	-5.540949525999999681e-01	6.591973143999999563e-01	1.993399637000000113e-01	1.327046241999999987e+00	4.642386551000000083e-01	-2.014623131999999928e-01	1.070531242999999966e-01	4.665417695999999892e-01	4.069495730000000089e-01	3.442814556000000081e-01	2.066099939000000107e-01	-1.553625497000000077e+00	1.135951396000000058e+00	7.421039345000000065e-01	8.799445603000000116e-01	-6.642645285999999594e-01	6.539736001999999493e-01	9.388413960999999475e-01	1.596881962999999960e+00	9.546604942999999954e-01	6.730189819999999878e-01	-1.730413745999999975e+00	-8.351194177999999857e-01	-2.567779002999999727e-01	6.982069135999999787e-01	-7.103365603000000306e-01	-1.103571115999999908e+00	3.535943638999999861e-01	-1.268977360000000054e+00	1.204601178000000106e+00	-6.245430927999999771e-01	4.033867834000000041e-01	2.417062386999999923e-01	6.676513607999999822e-01
6.747988068000000395e-01	1.020711600000000052e+00	4.811254308999999840e-01	1.022477081999999982e+00	-1.380295652000000040e+00	-2.418650034000000004e-01	8.464653293999999661e-01	1.408907482000000044e+00	-1.658933173000000094e-01	-8.719693319000000331e-01	-1.035030085999999905e+00	2.123726645000000079e+00	-4.107010761000000065e-01	3.400981970999999993e-01	-3.409884981999999898e-01	1.019694287000000088e+00	1.000251833999999951e+00	-1.119123678000000011e+00	-1.719725069000000106e+00	-7.876884779999999975e-02	8.098355584999999968e-01	1.958888106000000073e+00	-1.895465343999999941e-01	-1.621228580999999891e-01	1.043690020999999968e+00	5.397687805999999977e-01	-6.777662645000000208e-02	-1.336500295000000005e+00	-9.834670209000000440e-01	-2.065235538000000093e-01	-1.076801513999999932e-01	1.188482991999999960e+00	4.321565878999999999e-01	-5.272593077999999656e-01	-2.996345241999999742e-01	1.793978552999999920e-01	3.907322563999999776e-01	-3.890181251000000007e-01	-3.220260087999999854e-01	-1.466772842999999993e+00	1.261035708999999949e+00	-1.719863162000000167e-02	3.304006764999999901e-01	-7.804503090000000087e-01	-5.284062425000000118e-01	4.623734487999999754e-01	1.188684215000000099e+00	-4.248627072000000227e-01	-2.591502253000000158e-02	-1.301463940000000097e+00	-7.096708656000000337e-01	-4.410879039000000224e-01	1.708900183000000017e-01	-1.320027682999999952e+00	-1.707157121999999916e+00	2.788071527000000049e-01	-1.665859772000000127e-01	5.587356924999999919e-01	4.565013552000000280e-02	1.990013597999999995e-01	-5.741828026000000279e-02	4.110733061999999882e-01
6.173632623999999458e-01	9.803905791000000480e-01	8.092399971999999497e-01	8.877939473999999498e-01	-1.338772370999999906e+00	-2.567880392999999928e-01	1.035860320000000057e+00	1.158629289000000062e+00	-5.160267477000000103e-01	-8.185336479999999471e-01	-1.000146474999999979e+00	1.838912799000000042e+00	-4.469292505999999943e-01	-1.110553759999999973e-02	-8.926440506999999691e-01	1.107776356000000018e+00	3.805136466999999856e-01	-5.654619775000000459e-01	-1.651885621999999998e+00	-3.467162918000000205e-01	9.609952673999999639e-01	1.597943458000000039e+00	1.252247956999999988e-02	5.037997522999999589e-01	-8.825832748999999922e-01	2.023028886999999887e-01	-7.738610634999999460e-01	-4.986621191000000231e-01	-8.504745763000000069e-01	-6.455571558999999571e-01	-4.760029775999999879e-01	1.212693636000000019e+00	3.261548175999999799e-01	-4.303381294999999995e-01	-3.992844426000000113e-01	-3.794184378000000080e-01	3.606567229000000041e-01	-7.052847066999999859e-01	-2.355007527999999906e-01	-1.578781307999999939e+00	1.043382854999999942e+00	-2.891296210000000033e-01	2.758354999000000030e-01	-5.824025205999999732e-01	-6.541028385999999584e-01	4.559628929999999802e-01	1.122696692999999968e+00	-1.025600486000000089e+00	-3.095429874000000248e-01	-9.629010325000000314e-01	-2.465863611000000122e-01	-9.413122891999999853e-01	2.215258764999999963e-02	-2.796437808000000191e-01	-3.129379248999999974e-01	1.624648244999999935e-01	-1.478875048999999942e-01	7.373891922999999959e-01	3.614180548999999798e-02	-2.515122697000000129e-01	-6.781966490999999930e-01	-5.964616669000000204e-02
6.569417927999999796e-01	8.531284603000000022e-01	8.723014302999999581e-01	7.531342797000000200e-01	-1.249225193000000012e+00	-1.314851623000000136e-01	9.489171248000000114e-01	9.249667900000000387e-01	-6.186938187999999617e-01	-8.432699554000000486e-01	-1.227877560999999895e+00	1.253695618999999928e+00	-4.639788054000000272e-01	2.190028862000000139e-03	-1.260326569999999924e+00	1.294274595999999944e+00	2.149162027000000030e-01	-5.561585899000000000e-01	-1.180914763000000089e+00	7.580044723999999901e-02	5.293956915999999957e-01	1.904655988000000022e+00	-1.725124625999999994e-01	2.019938718000000022e-01	-3.461505905999999744e-01	-1.198511383000000069e-01	-8.806107005999999626e-02	-3.502112365999999755e-01	-4.343962030999999890e-01	-9.210343960000000330e-01	-4.682310720000000259e-01	1.348574713999999952e+00	4.394959920000000020e-01	1.592611654000000015e-02	1.242526855000000013e-01	-1.037959098000000024e-01	2.068027350999999958e-01	-1.114771485999999978e+00	-7.773754322999999744e-02	-1.949426904999999932e+00	7.535272386000000377e-01	-9.073515240999999731e-01	4.126622915000000003e-01	-1.212925983999999957e+00	-1.629239064000000126e-01	3.967196015000000187e-01	1.186305871000000067e+00	-1.198628376000000051e+00	-4.236005287999999869e-02	-9.396916548999999508e-01	-1.125496680999999999e-01	6.417726545000000671e-02	-4.488577000999999789e-01	6.677367974999999511e-02	-7.337277334999999789e-01	2.159750602000000130e-01	-5.495126573999999930e-01	5.697205494000000536e-01	1.852302073000000049e-01	-7.290119421000000599e-02	1.279753853999999968e+00	7.688829722999999949e-02
6.092591801000000196e-01	9.582321582999999698e-01	4.714017118000000117e-01	9.117094784000000507e-01	-1.333985055999999947e+00	-3.657322800000000207e-01	7.128105183999999817e-01	1.033510262000000068e+00	-2.801734298999999928e-01	-1.113367731000000083e+00	-1.507719736999999949e+00	9.223635985000000481e-01	-6.229788362000000523e-01	-5.406495128000000233e-02	-6.744918970000000069e-01	7.780272647000000541e-01	-6.179510077999999726e-03	-4.273698100000000166e-01	-1.104661155000000061e+00	4.152738170999999978e-01	-8.272872252999999843e-01	2.365527657999999978e+00	-6.087601725000000297e-01	-8.350106141999999454e-02	2.941053156999999876e-02	-7.485182877999999596e-01	6.160875916000000396e-01	2.170728360999999995e-01	-9.138073260000000309e-01	-1.047541840000000057e+00	-2.909605406999999921e-01	9.526822527999999624e-01	-1.152990968000000005e-01	4.830607712000000165e-01	5.432875807999999473e-01	1.175098213999999919e+00	-8.168665590000000198e-02	-1.114499689000000071e+00	-2.019087109999999907e-01	2.025693615999999975e-01	1.118572055000000010e+00	-1.081835230999999897e+00	1.393007477999999910e+00	-2.022939995000000213e+00	-1.902421377999999885e-01	1.867538797999999944e-01	1.540069544000000068e+00	-1.021570479000000059e-01	1.431544346999999995e-01	-1.083589820999999898e+00	-3.621047629999999962e-01	1.002656462000000026e+00	8.497349882000000687e-02	-5.756567813999999839e-01	-1.443994868000000098e+00	4.398027092999999832e-01	-1.311793701999999895e+00	1.508978672000000021e+00	-1.640031967000000090e+00	1.168732464000000054e-01	9.135070328000000073e-01	-2.431825314999999932e-01
6.635717683999999839e-01	1.106438395999999935e+00	4.939725265000000087e-01	1.013857169000000003e+00	-1.367075213999999983e+00	-3.817362621000000011e-01	4.599647653000000225e-01	1.283808537999999944e+00	-1.703389986999999939e-01	-1.370323468999999905e+00	-1.821347127999999982e+00	9.498082435000000379e-01	-7.282380112999999877e-01	-2.408681948999999989e-01	-3.850254570000000154e-01	3.410352220000000267e-01	-1.718050581999999993e-01	-1.271054520000000077e+00	-7.868669431000000491e-01	4.057780027999999817e-01	2.438746207999999971e-01	2.098759486000000063e+00	-1.650819011999999919e+00	-4.084081831999999967e-01	1.207255315000000051e+00	-9.578846836000000087e-01	4.933410480000000042e-01	-1.232842758999999955e+00	-9.597154646000000122e-01	-1.193390924000000020e+00	-3.280501807999999797e-01	3.659648784000000266e-01	-1.293625327000000047e-01	8.110315754000000377e-01	6.737462056999999893e-01	1.215634620999999971e+00	-2.921562678999999885e-01	-1.516063230999999956e+00	-6.080298106000000535e-01	9.845034810999999664e-01	1.534949759999999941e+00	-1.054641834999999972e+00	1.159847038000000108e+00	-1.744610044999999943e+00	-1.184510364999999954e+00	-5.765711628999999894e-01	1.461774306999999995e+00	-8.589165451999999923e-02	8.542101452000000483e-02	-1.160400703000000089e+00	-1.504135380999999994e+00	1.125205074999999999e+00	-2.218895620000000124e-01	-1.232612672999999992e+00	-2.119315298000000070e+00	7.024578766000000307e-02	-1.729354653999999991e+00	1.445226756999999917e+00	-8.504410188000000037e-01	6.116877134000000549e-01	-1.613939760000000057e+00	-2.157720546999999933e-01
6.355956544999999958e-01	9.927458018999999467e-01	6.481076488000000468e-01	9.591698241999999652e-01	-1.331354434000000087e+00	-4.763542605000000152e-01	9.306535315999999725e-01	1.189290093999999964e+00	-4.109753735000000185e-01	-1.461803983000000029e+00	-1.127239955999999932e+00	9.665917102000000094e-01	-8.717164216999999660e-01	-5.756786726999999493e-01	-9.079101420999999839e-01	3.897020583999999954e-01	-8.371579514000000444e-01	-6.832326863000000028e-01	-1.373715301000000055e+00	-1.901878049000000070e-01	1.136989398999999956e+00	1.606858926999999992e+00	-1.534025004000000081e+00	2.324125885999999974e-01	5.952706523999999888e-01	-1.216008399999999989e+00	-5.628724259999999813e-01	-1.279077135999999948e+00	-8.796821997999999532e-01	-1.608777745000000037e+00	-5.574286478000000100e-01	1.327699837999999910e-01	-1.404086043999999978e-01	4.717191088000000088e-01	6.451137977999999995e-01	7.222025791999999722e-01	-6.994947417000000334e-01	-1.449080479000000032e+00	-1.056455150999999981e+00	5.028653614000000438e-01	1.674205026000000096e+00	-1.221046472999999910e+00	9.830391255000000550e-01	-1.976639282000000053e+00	-1.246753382000000077e+00	-9.706475413999999802e-01	1.225614269999999895e+00	-9.191730890999999515e-01	3.760798041999999786e-01	-2.646478975000000067e-01	-1.273846140999999932e+00	4.734933563000000012e-01	-8.905947411000000313e-01	-1.295076458999999902e+00	-1.401606303000000109e+00	2.093135956000000131e-01	-9.151145769999999846e-01	1.225597075999999896e+00	-1.435314803000000028e+00	2.881221818000000157e-02	-8.929559164000000493e-01	-3.116380429999999757e-01
6.651886793000000297e-01	9.130343247000000106e-01	8.603409152000000004e-01	8.063918843999999808e-01	-1.452201209999999909e+00	-5.003620862000000002e-01	1.047937080000000076e+00	1.186490650999999952e+00	-7.976167332000000387e-01	-1.523468169999999899e+00	-9.795484545000000542e-01	6.231956520000000443e-01	-1.090464512999999913e+00	-6.330868704000000013e-01	-1.687043733000000101e+00	7.947970624000000317e-01	-1.203593399000000064e+00	-1.331237875000000070e-01	-7.321492729999999893e-01	-2.974214682999999915e-01	8.344707701000000366e-01	1.560373894000000039e+00	-1.059587617999999898e+00	1.800505554000000064e-01	-1.678928580999999864e-01	-1.273773046000000075e+00	-6.155112503999999873e-01	4.773090963000000131e-01	-1.359691419000000068e-01	-1.366530752999999931e+00	-8.629397993999999850e-01	3.717444086999999731e-01	-2.597197117999999749e-01	4.779782767999999904e-01	-3.452029828000000022e-02	9.109366434000000234e-01	-4.474207090000000275e-01	-1.715649269000000032e+00	-3.961038410000000121e-01	7.994121995999999841e-01	1.633925966000000063e+00	-9.186174095000000372e-01	5.136924252000000246e-01	-1.277191058000000101e+00	-1.251649157999999984e+00	-1.239433333000000026e+00	1.300454789000000000e+00	-1.620078359999999940e+00	5.739354974999999470e-01	5.581692922000000001e-01	-4.379376331000000011e-01	-1.761573331000000076e-01	-8.806498692999999989e-01	-1.253734888999999963e+00	-6.937890047000000449e-01	6.479515460000000171e-02	-5.244807090999999977e-01	6.074623685000000162e-01	-4.203239131000000017e-01	-8.104475533999999648e-02	-9.176368839999999860e-01	-3.863265206000000146e-02
8.091178559999999687e-01	7.975579068000000493e-01	7.021430634999999976e-01	7.749045658000000003e-01	-1.384329184000000046e+00	-5.788417024999999994e-01	9.979610459000000100e-01	1.158910000999999967e+00	-8.564529901999999861e-01	-1.531768400999999891e+00	-9.749010635000000535e-01	1.631325596000000044e-01	-1.214198185999999957e+00	-4.870276930999999920e-01	-1.673697648000000093e+00	8.503341411000000516e-01	-1.231435204999999922e+00	3.186646711999999854e-02	-1.354514999000000053e+00	2.845802704000000016e-01	-2.623314180000000002e-03	9.134826995000000505e-01	-7.510565958999999570e-01	6.649915132000000506e-02	3.687372420000000206e-01	-1.121954845000000089e+00	1.954758151000000055e-01	1.231920286999999975e-01	2.799902043999999979e-01	-1.035819119999999982e+00	-4.808367733000000199e-01	-1.636727500000000057e-01	-2.122782414000000117e-01	1.073681258000000055e-01	-7.891504436999999816e-01	1.416846728999999971e+00	-5.430033982999999953e-01	-1.645321164999999919e+00	-1.222975498000000022e-01	5.078591852999999601e-01	1.894361922999999948e+00	-1.031976333000000023e+00	6.660200532000000173e-01	-1.619676378999999944e+00	-9.431954818000000129e-01	-9.636140346999999551e-01	1.422765861000000021e+00	-1.225157344999999953e+00	1.207511503000000097e+00	6.634001617000000461e-01	-2.196997783000000093e-01	-3.634658687000000277e-01	-1.576567569000000057e+00	-1.191427596999999894e+00	-8.814430893000000378e-01	-3.378266537999999874e-01	-6.517873565999999785e-01	-4.200687734999999923e-01	8.697487399000000119e-01	3.299404631000000254e-01	9.195845225000000012e-01	-4.145886919999999809e-01
7.324061841000000239e-01	9.605561051000000017e-01	4.822609440000000247e-01	9.885379451000000373e-01	-1.440379848000000074e+00	-6.183673546000000298e-01	8.562666398999999595e-01	1.357448081000000029e+00	-6.986499205999999740e-01	-1.421445373000000068e+00	-1.358139387999999892e+00	1.519615046999999997e-01	-1.254451208999999956e+00	-4.440310082000000214e-01	-1.011163422999999950e+00	6.540964853999999828e-01	-1.269258753999999989e+00	-3.260040229000000234e-01	-1.164790785000000106e+00	3.282134608000000231e-01	-1.257763803000000014e+00	1.001592448999999996e-01	-8.215688560999999668e-01	-1.895706446000000045e-01	3.781383684999999883e-01	-1.304398332999999965e+00	2.634226372999999843e-01	2.919907143000000094e-01	1.442927314999999933e-01	-1.069702630000000099e+00	-3.352230259999999795e-01	-7.967178727000000515e-01	-3.756467171999999799e-01	-1.694671091999999935e-01	-1.499097416999999988e+00	1.396166175000000065e+00	-9.209806964000000207e-01	-1.583085467999999940e+00	4.364885533999999789e-01	7.569911336000000324e-01	1.881869497999999918e+00	-1.430457134999999935e+00	1.561869949000000091e+00	-1.284788432999999896e+00	-1.351455523000000047e+00	-8.492280125000000179e-01	1.018025112999999982e+00	-5.023266652000000221e-01	1.244818705999999997e+00	-3.353368468999999852e-01	-4.825456257999999887e-01	3.432096197999999765e-01	-1.140364184000000058e+00	-1.361245741000000065e+00	-1.254800700000000102e+00	-1.570696195000000073e-01	-8.662373302000000441e-01	1.861827454999999965e-01	2.026549672999999798e-03	1.041782986000000077e+00	1.157693751999999909e+00	-7.405046491000000231e-01
7.978316763999999672e-01	9.789084652999999747e-01	3.835120761999999961e-01	1.068261405999999969e+00	-1.391351541999999997e+00	-5.474976594999999557e-01	8.987004567999999916e-01	1.289366747000000091e+00	-6.953480541000000015e-01	-1.140585229000000034e+00	-1.179185163000000092e+00	1.844628533999999875e-01	-1.237963879999999905e+00	-2.970625027000000085e-01	-1.239653077000000048e+00	5.553090554999999817e-01	-1.102592180999999893e+00	-3.915744340999999795e-01	-1.039495598000000021e+00	1.470104267000000020e-01	1.992162470000000130e-01	2.854851478000000053e-01	-1.085756804000000075e+00	-6.516271570999999929e-02	7.231911181000000299e-01	-1.288813578999999931e+00	-2.368513611999999990e-01	-7.509082656000000133e-01	4.744122859000000081e-01	-1.187481054000000036e+00	-5.534047074000000288e-01	-7.522639614999999669e-01	-5.643731121999999711e-01	-7.091063494999999550e-01	-1.305797866999999890e+00	1.387825735999999921e+00	-7.894199271999999823e-01	-1.705231951000000024e+00	4.077312200000000053e-01	8.143150291999999846e-01	1.467966843999999993e+00	-1.389700428000000043e+00	8.329850816999999630e-01	-1.153100412999999991e+00	-1.169696956999999982e+00	-4.931574267000000122e-01	8.838485099999999761e-01	-1.182743665000000055e+00	1.058498385000000042e+00	-5.179229067999999714e-01	-1.063277014999999964e-01	-3.746120065999999915e-01	-1.504657549000000039e+00	-1.061159568000000109e+00	-1.421899196000000032e+00	-7.211447260000000137e-01	-1.149966411000000049e-01	3.928748944000000076e-01	3.853292354999999780e-01	1.279775820000000008e+00	3.179084132000000174e-01	-5.691607066999999631e-01
7.964874535000000533e-01	8.481967500999999521e-01	9.290350403999999562e-01	9.384587058000000148e-01	-1.421741711999999991e+00	-5.392364079999999449e-01	1.273226345000000093e+00	1.043121147999999998e+00	-7.360606510999999630e-01	-9.081599733999999868e-01	-6.297298088999999655e-01	-5.470516493000000119e-02	-7.878210777999999914e-01	-7.320826824999999852e-04	-1.717811473000000033e+00	1.131228004000000009e+00	-1.032119534000000005e+00	3.182221030999999867e-01	-1.124083508000000009e+00	3.411016309000000080e-01	5.203164694999999895e-01	1.838901071000000054e-01	-6.949410137999999515e-01	5.492918509999999976e-01	-1.257747036000000040e+00	-1.086981087000000068e+00	-6.870428884999999486e-01	8.801990995999999789e-01	9.215202196999999762e-01	-8.602551571000000008e-01	-8.477684305999999559e-01	-4.885343383999999900e-01	-2.684084154999999972e-01	-8.369619872000000349e-01	-7.269784479999999993e-01	8.260567400999999643e-01	-7.404485707000000305e-01	-1.884568405000000002e+00	5.324019108999999972e-01	4.231500155999999846e-01	1.308303878999999892e+00	-1.463221899999999964e+00	3.574267493000000129e-01	-4.138946940000000074e-01	-4.809392902999999886e-01	-4.657322586000000042e-01	1.204993165999999949e+00	-1.743759277999999968e+00	9.087145839000000391e-01	2.952069717999999954e-01	1.376992471999999967e+00	-1.269837220000000100e+00	-1.315922679999999900e+00	1.120450402999999956e-01	3.750513858000000256e-01	-3.402650711999999911e-01	1.542970852999999976e-01	3.283282899000000143e-01	4.708036498000000014e-01	9.211223587000000323e-01	-6.505131870999999455e-01	-7.006783826000000381e-01
8.970510089000000020e-01	7.232107597000000387e-01	1.111816746999999994e+00	8.455937037999999850e-01	-1.307845992999999929e+00	-4.132507863000000059e-01	1.199778900000000093e+00	9.192231494000000502e-01	-8.070006709000000500e-01	-6.498733148999999987e-01	-6.145082001999999655e-01	-9.895025181000000059e-02	-4.505371899000000235e-01	4.516852191999999877e-01	-1.526623708000000024e+00	1.686032658000000017e+00	-6.027102619999999966e-01	2.251862307999999979e-01	-9.814399427000000120e-01	7.060514272000000258e-01	-5.203993499000000300e-01	-1.389341769000000115e-01	-9.912257289000000471e-01	5.889196975999999584e-01	-5.143716042999999516e-01	-8.575809605999999974e-01	2.377505021999999982e-02	8.738903072000000494e-01	1.570243580999999944e+00	-7.953118739000000215e-01	-6.109291557999999567e-01	-5.160132212000000385e-01	3.532163141999999922e-01	-7.318380087000000422e-01	-3.265865150999999744e-01	9.648905314000000288e-01	-7.785835298000000071e-01	-1.403328432999999986e+00	8.795148628000000190e-01	3.040780102000000262e-01	1.341856949000000077e+00	-1.793958667999999923e+00	3.772592497000000211e-01	-6.004723610000000100e-01	-7.389280882000000272e-02	3.482658193999999680e-02	1.353912919000000104e+00	-2.025712368000000208e+00	1.738591967999999932e+00	-6.069842871000000195e-02	1.954599921000000018e+00	-8.326163011999999641e-01	-1.013701745000000098e+00	-2.686312393999999992e-01	6.496000200999999530e-01	1.155556674999999936e-02	-8.585901416999999758e-02	1.191918758999999939e-01	9.026758356999999844e-01	6.000659981000000531e-01	1.020226400000000089e+00	-3.729953918999999729e-01
8.863774428999999788e-01	7.921882987999999681e-01	7.577942549999999722e-01	9.118752773999999617e-01	-1.261255062000000038e+00	-2.866397117999999744e-01	1.128165112000000025e+00	8.077620569000000250e-01	-6.805969232999999896e-01	-3.570817653000000202e-01	-9.214577136999999585e-01	2.268776483999999927e-01	-4.202716810000000081e-01	8.082753149000000414e-01	-1.021495727000000020e+00	1.302833769999999891e+00	-2.118512942000000121e-01	7.402089115000000386e-02	-8.676092506999999454e-01	9.969520183000000202e-01	-1.884733449999999921e+00	-2.226905408000000031e-01	-1.355799506999999959e+00	3.515182300999999954e-01	4.641973178000000089e-01	-4.722375092000000163e-01	7.419354700000000413e-01	9.465344227999999971e-02	1.393012042999999922e+00	-6.172362601999999976e-01	-2.265449910000000011e-01	-7.613586264999999687e-01	6.798561199999999527e-01	-1.050799470999999929e+00	-1.321026476000000116e-01	1.682448253000000005e+00	-1.111868811999999984e+00	-1.008268618000000005e+00	8.440219646000000076e-01	5.063846480000000483e-01	1.397012499999999990e+00	-1.549390368999999934e+00	5.779022311000000522e-01	-1.042352049000000003e+00	-2.563602504999999976e-01	-6.402328217000000099e-02	1.121420821000000068e+00	-8.752276174999999991e-01	1.955331643000000064e+00	-5.676813475999999969e-01	1.769612710000000089e+00	-8.220941278000000185e-01	-6.987750187999999807e-02	-1.452296153000000034e+00	8.859638364999999904e-01	-3.009911518000000230e-01	-5.319388810000000301e-02	-1.046184363000000062e-01	1.895138446000000088e-01	6.921454175000000264e-01	1.202106539000000057e-01	2.797527163999999952e-03
8.697074431000000327e-01	9.315591274000000199e-01	4.212224949000000218e-01	1.077061363999999966e+00	-1.193023431999999939e+00	-2.061486868000000083e-01	1.043179765000000092e+00	8.186894124000000383e-01	-5.040033834999999574e-01	-4.082722632999999934e-01	-1.040893360000000101e+00	7.216190898000000020e-01	-7.045694428000000009e-01	8.153764077999999804e-01	-4.270825555000000162e-01	1.064713634999999936e+00	6.343176210999999787e-02	-2.055143405999999839e-02	-1.436665837999999917e+00	1.086266361999999930e+00	-1.584518791000000038e+00	-5.324916237000000274e-01	-1.546337652999999923e+00	1.306132689000000062e-02	6.210925936000000203e-01	-1.011125749000000018e-01	1.247300571000000025e+00	9.776683727000000379e-02	1.119077405000000081e+00	-8.063008004999999701e-01	3.541735283999999928e-01	-6.625278302999999536e-01	5.038874410000000470e-01	-1.139505766999999947e+00	-2.024319343000000049e-01	1.855662380000000056e+00	-1.262510808999999901e+00	-9.888915958999999756e-01	7.332465508000000076e-01	9.725238374000000352e-01	1.495365972999999959e+00	-1.254714056999999938e+00	5.639315673999999445e-01	-1.030001063000000050e+00	-1.027169860999999962e+00	-2.218291249999999881e-01	1.116842223999999995e+00	-2.788119459000000244e-01	1.586050155999999989e+00	-1.247058503000000096e+00	1.378177267000000095e+00	-4.792807138999999883e-01	6.714782942000000476e-01	-1.391702991999999917e+00	9.332688776999999991e-01	-3.313364379000000026e-01	-4.526058050000000277e-01	-2.373582710000000096e-01	-6.500491750000000346e-01	6.194207189999999530e-01	-1.849326725000000060e-01	-4.129914600000000185e-02
8.274363426999999938e-01	9.268343901000000162e-01	6.087977928000000150e-01	9.916206562999999585e-01	-1.216367731000000063e+00	-1.252111288999999961e-01	1.110973553000000003e+00	7.437485897000000179e-01	-6.087020697999999674e-01	-5.541912900000000031e-01	-8.664886609999999934e-01	9.673385811000000389e-01	-9.527497508000000170e-01	7.140291312000000001e-01	-6.137134953999999754e-01	1.123265136000000108e+00	-6.707350706999999634e-02	-2.264639307999999907e-01	-1.459524445000000004e+00	1.182020303999999911e+00	-6.158231902999999896e-02	-4.386283691000000262e-01	-1.843424444000000051e+00	1.469730123999999916e-01	9.908903651999999562e-01	1.795321222000000050e-01	5.428282809000000153e-01	-1.062900018999999974e+00	6.353930456999999921e-01	-7.901843450000000102e-01	3.054709767000000076e-01	-7.941993796999999855e-01	7.283557468000000368e-01	-1.042818318999999994e+00	1.180593694999999971e-01	1.446307854000000059e+00	-1.531914757000000016e+00	-1.211187322000000011e+00	3.532499288000000015e-01	7.983501407999999966e-01	1.400665875999999921e+00	-1.179279841999999912e+00	-2.838249227000000027e-02	-1.246895539999999913e+00	-1.047878673999999899e+00	-4.724865475999999731e-01	1.123364339000000101e+00	-4.132577161000000054e-01	1.446844256000000106e+00	-4.488655624999999816e-01	1.846121928999999939e+00	-5.212721319999999992e-01	3.904827093000000082e-01	-1.442211750000000015e+00	2.084613681999999968e-01	-4.571808392999999748e-01	6.432966685999999545e-02	-4.142438013000000058e-02	-2.355598526000000081e-01	2.459733188000000070e-01	-1.037503681000000011e+00	2.233664958999999894e-01
8.389422389999999785e-01	9.050167048999999686e-01	8.605196360000000322e-01	8.674035391000000095e-01	-1.278094891000000066e+00	-1.938118347999999991e-01	1.237389493000000007e+00	6.908789174999999672e-01	-9.283087587999999668e-01	-7.482862802999999952e-01	-4.839604618000000191e-01	1.045827011000000084e+00	-1.205549978000000078e+00	5.934821430000000175e-01	-7.031595028999999553e-01	1.166840279999999952e+00	-3.714257220000000137e-01	-3.998135550000000288e-03	-1.000203127000000025e+00	1.026325939999999992e+00	1.839367107999999862e-01	-5.550524990999999853e-01	-1.625593955000000035e+00	4.080824968000000275e-01	1.346042950000000127e-01	8.060139481000000439e-02	8.297982828000000088e-01	-7.706315358999999976e-01	4.298197793999999905e-01	-7.105725056999999678e-01	3.190679154000000128e-01	-6.548106201000000182e-01	6.856625704000000043e-01	-3.774820910999999724e-01	4.110425722000000115e-01	1.185976818999999960e+00	-1.325077577000000062e+00	-1.131304451999999960e+00	3.082229086000000118e-01	8.988675566999999589e-01	1.329510208999999943e+00	-1.653678865999999914e+00	-5.116429001000000198e-01	-1.118592199000000065e+00	-1.160684787000000107e+00	-6.306924610999999903e-01	1.073665284000000053e+00	-1.040731279000000065e+00	1.893643954000000074e+00	2.291988393000000124e-01	2.824392923000000000e+00	-9.653022387999999898e-01	7.201783735000000242e-01	-1.323034116000000093e+00	-5.704198738999999990e-02	-1.019321069999999940e+00	-1.407994229000000042e+00	-4.512914860000000195e-01	-5.699109233000000385e-01	-5.206700855000000461e-01	4.200626367999999999e-01	-2.269926868999999903e-01
8.114903192000000320e-01	9.020815518000000477e-01	7.949200336999999728e-01	7.898438169000000508e-01	-1.266007153000000107e+00	-6.519014419999999421e-02	1.148026527999999935e+00	6.757277350999999488e-01	-1.218142255999999923e+00	-8.173263838000000003e-01	-5.012931735000000222e-01	9.694148705999999782e-01	-1.470726777999999957e+00	4.921009760999999760e-01	-6.676032776000000446e-01	1.306204251999999899e+00	-3.735497877999999772e-01	5.837258461000000009e-02	-3.655520496999999924e-01	7.253979860999999474e-01	1.755955619000000023e-01	-4.797438906000000003e-01	-1.580287961000000019e+00	-2.143854917000000138e-02	5.173451878999999476e-01	-2.258782490000000032e-01	1.587004249000000033e+00	-4.791177023999999840e-02	1.496328131000000117e-01	-4.110108349000000105e-01	9.783935119000000125e-01	-3.097084554000000267e-01	1.090732782999999984e+00	2.450554849999999896e-01	2.140452142000000002e-01	1.195777949000000007e+00	-1.237679930999999955e+00	-5.326097664000000176e-01	2.860736178000000129e-01	9.403324914999999784e-01	9.758883708000000157e-01	-1.022282021999999957e+00	-1.041940658999999991e+00	-1.248482128000000024e+00	-1.624610109000000024e+00	-7.860331078000000193e-01	8.075737100000000002e-01	-1.697223581000000037e+00	1.767390220000000012e+00	3.014787863999999762e-01	2.904393682999999893e+00	-1.386813787999999992e+00	7.070235392999999480e-01	-1.318564569999999936e+00	-8.098224500999999798e-01	-8.585329374000000291e-01	-1.717513072000000030e+00	-1.240052002999999958e+00	-5.567382829999999450e-01	-5.724908684999999720e-01	6.754118798999999562e-01	-2.618692436000000234e-01
8.775971817000000064e-01	7.078042343999999542e-01	9.680011889999999841e-01	6.705568909000000355e-01	-1.069802692999999971e+00	2.191817059999999831e-02	1.072948137000000024e+00	5.588150919000000050e-01	-1.408300257000000055e+00	-9.265740748999999887e-01	-6.358469473000000205e-01	7.696499108000000033e-01	-1.484591940000000054e+00	4.330605473999999955e-01	-1.129640570000000066e+00	1.457000132999999975e+00	-4.487431423000000086e-01	1.588030280999999933e-01	-3.753328202999999808e-01	9.390156342000000045e-01	4.246088439000000186e-02	-7.661638926999999599e-01	-1.490164003999999931e+00	-1.068503298000000046e-01	-3.510687440999999964e-01	-1.972721521999999950e-01	4.833985073000000021e-01	5.474041510999999582e-01	4.986154587000000277e-02	-3.916914238000000076e-02	5.914425720999999525e-01	-5.418985779000000218e-03	1.231395680000000104e+00	9.089814905999999972e-01	-3.724764943000000161e-01	1.528500533000000106e+00	-1.191416009000000109e+00	-7.462237369999999981e-01	2.184901250999999878e-01	7.582711389999999829e-01	1.161936837999999916e+00	-8.747739901000000096e-01	-9.187383433000000377e-01	-1.381944577000000063e+00	-1.309725523000000003e+00	-1.230029921000000082e+00	1.147446293000000006e+00	-1.204091277999999932e+00	1.381222135000000018e+00	1.125331652000000071e+00	2.672423937000000027e+00	-9.824788388999999844e-01	7.019348378999999971e-01	-3.776179866000000107e-01	-8.479089061000000260e-01	5.079974002999999849e-02	-2.264838044999999966e-01	-1.760220080000000076e+00	9.749168985999999704e-01	-1.471426402000000078e+00	7.138980885000000276e-01	7.608435900000000418e-02
8.112929661000000126e-01	8.683800731999999911e-01	5.591385570000000360e-01	8.344029114000000025e-01	-1.146832963999999899e+00	-2.437370866000000136e-01	8.591538330000000334e-01	7.776634312000000326e-01	-1.166888450999999938e+00	-1.128047758999999983e+00	-1.191186043999999944e+00	6.769783754000000542e-01	-1.687912714999999952e+00	3.056934028000000136e-01	-5.160686161999999966e-01	9.856995951000000478e-01	-8.124563299999999488e-01	7.329808677000000661e-02	8.048488809999999882e-02	1.162830985999999900e+00	-1.606423337999999923e+00	-6.769274292000000415e-01	-1.178561170999999907e+00	-4.116572528999999925e-01	-7.696451987000000328e-01	-5.273145349000000204e-01	7.446370536999999956e-01	1.012740347999999901e+00	-4.411668241999999740e-01	-1.792587947000000015e-01	8.025063277999999745e-01	7.153761441000000207e-03	4.561410790000000048e-01	1.365903472000000063e+00	-2.281336731999999978e-01	1.940441759999999904e+00	-1.023721649000000067e+00	-8.931964289999999584e-01	1.042956814000000065e-01	1.295478334000000009e+00	1.152141920000000042e+00	-6.656596667999999939e-01	2.620125791999999842e-02	-1.938402791999999986e+00	-1.048312992000000055e+00	-9.309506709999999519e-01	1.347354264000000024e+00	3.113121580000000055e-01	6.395497206000000379e-01	3.145062256999999750e-01	1.827970196000000103e+00	-5.472618593000000420e-01	1.464355327000000040e+00	-1.451596743000000134e-01	-1.118510738999999976e+00	-1.244874859000000000e-01	-1.098265877000000001e+00	-4.914820973999999842e-01	-1.307978968000000020e+00	-9.575343030999999838e-01	1.071908706999999961e+00	2.339039176999999914e-01
8.536339277000000170e-01	9.269498575000000296e-01	3.024236993000000151e-01	9.727774096000000315e-01	-1.119457485999999946e+00	-2.237934343999999909e-01	7.233469150000000347e-01	9.915100915000000237e-01	-9.439296348000000281e-01	-1.285738510000000057e+00	-1.275724612000000091e+00	7.235835144000000163e-01	-1.808952289000000047e+00	2.779350070000000117e-01	-5.146732390999999573e-01	7.589361250999999697e-01	-8.317763648999999537e-01	-2.058587484000000134e-01	-1.203547560999999932e+00	9.879580502999999458e-01	-6.901496266000000102e-01	-7.441386594000000132e-01	-1.042405793999999997e+00	-6.565572759000000147e-01	5.636379128999999821e-01	-8.420257817999999839e-01	7.315291622999999799e-01	-7.380079549000000301e-03	-8.253295954000000600e-02	-9.068257873999999719e-01	8.814907498999999813e-01	-2.575108390999999997e-01	1.144932862000000023e-01	1.187139471000000057e+00	-1.851496783000000090e-01	1.525771557999999972e+00	-1.209740025999999968e+00	-1.231844871999999924e+00	-5.078975928000000195e-01	1.375016358000000105e+00	1.262397621999999942e+00	-4.653740544000000146e-01	3.126275152999999918e-01	-2.152563444000000104e+00	-1.357311522000000048e+00	-9.811535834000000289e-01	1.235022241000000021e+00	5.129261024999999877e-03	-7.191524288999999459e-02	-7.093896497999999887e-04	4.482505920000000033e-01	6.360844792000000525e-02	1.165336718999999910e+00	1.096797231000000011e-01	-1.411757417000000014e+00	-1.317333079999999934e-01	-3.824653343000000150e-01	-1.009063241000000000e+00	-6.101890920000000440e-01	-5.792455982999999975e-01	-1.427394540000000100e+00	1.999495515999999973e-01
7.786108449999999959e-01	8.572061010999999509e-01	6.048512684000000306e-01	8.009703503999999752e-01	-1.182336484999999993e+00	-2.665265365000000219e-01	8.925351028000000353e-01	9.976236651000000011e-01	-9.754826711999999844e-01	-1.065865438000000109e+00	-1.133659835000000005e+00	6.199565258000000467e-01	-1.661450816000000108e+00	5.327417560999999635e-01	-7.975828186000000208e-01	8.337019543000000477e-01	-8.238121993000000476e-01	-1.838543764999999997e-01	-1.448320993000000056e+00	7.305429253999999872e-01	3.447314215999999765e-01	-5.379306597999999884e-01	-5.251607726999999448e-01	-1.627435416999999940e-01	4.084220252999999912e-01	-9.085470055000000045e-01	2.722887642999999858e-01	-5.240318711000000462e-01	3.119668431000000020e-01	-1.516969271000000008e+00	1.338572111999999925e-01	-7.971171644000000223e-01	2.946481150999999965e-01	1.700516487000000012e-03	-1.621744150999999967e-01	1.010923609000000001e+00	-1.730890352000000076e+00	-1.266078019999999915e+00	-6.213679374999999672e-01	1.186369358000000096e+00	8.426162673000000547e-01	-9.234175430000000073e-01	4.035904132000000220e-03	-1.743655823999999965e+00	-1.065743675000000001e+00	-1.193587010999999976e+00	1.135262401999999948e+00	-6.554553309999999744e-01	-3.625134433000000156e-01	4.806327548000000061e-02	4.676506777000000170e-01	-2.636362673000000045e-01	7.338276066000000153e-01	-8.032202385999999417e-02	-1.691082648000000077e+00	-1.993116222999999909e-01	2.202911170000000085e-01	-8.024126945999999760e-01	-9.501441864999999876e-01	-7.018310414999999747e-01	-1.050046000999999896e+00	3.122632309000000217e-01
8.190678922999999889e-01	7.412046187999999924e-01	9.178836469000000164e-01	5.493972883000000085e-01	-1.123656101999999990e+00	-2.307182620999999878e-01	8.861658741000000283e-01	9.267659117000000002e-01	-1.253212599000000038e+00	-7.870682165000000285e-01	-1.144271411000000072e+00	3.467348767000000276e-01	-1.588697929000000064e+00	7.592457092000000074e-01	-1.264377730999999949e+00	1.175710945999999923e+00	-6.773955295000000376e-01	-5.890921940999999801e-02	-8.621568752999999585e-01	3.767353140999999961e-01	1.379899840999999905e-01	-5.656805121000000325e-01	-5.365190661999999673e-03	-2.895465092000000171e-02	-4.062708970000000197e-01	-8.784332700000000438e-01	9.340402786000000235e-02	5.147778216999999712e-01	7.696797836000000004e-01	-1.700171816999999974e+00	-4.418718931999999766e-01	-8.345341026000000495e-01	4.862512026999999959e-01	-2.291857432999999944e-01	-3.840496649999999845e-01	8.455560420000000077e-01	-1.539094589999999929e+00	-1.316391169999999944e+00	-3.080622767000000262e-01	1.123205044999999958e+00	8.071738128000000012e-01	-1.386095349000000088e+00	2.620680759999999970e-02	-1.643841719999999951e+00	-7.400260972000000104e-01	-1.205215874000000076e+00	1.148248018000000092e+00	-1.288325257999999973e+00	-1.724203313000000071e-01	5.827324672999999455e-01	1.401094698999999943e+00	-4.437259543000000028e-01	2.557588377000000190e-01	1.092135137999999950e-01	-8.805739998999999596e-01	3.864540081000000238e-01	2.179241869000000109e-01	-8.198425781999999495e-01	-2.222487005999999876e-01	-9.394162431000000479e-01	-2.144293256000000092e+00	5.991340041999999588e-01
8.608427688999999994e-01	6.978812757000000255e-01	7.461065480999999888e-01	5.631573090000000503e-01	-1.112053771000000024e+00	-2.486789429000000051e-01	7.532214997999999717e-01	1.044286387999999954e+00	-1.185940130000000092e+00	-4.600995563999999982e-01	-1.327159353000000097e+00	1.991820373000000033e-01	-1.539859362000000065e+00	9.184380619999999995e-01	-1.204662340999999914e+00	1.146345603999999962e+00	-4.139769711999999879e-01	1.536143896000000120e-01	-1.608461018000000076e+00	2.116258245000000038e-01	-1.323821079000000012e+00	-5.666736162000000077e-01	4.458486831999999844e-01	-7.771537942999999504e-02	-5.374491936999999803e-02	-9.017827662999999827e-01	4.323625891000000276e-01	3.900975943000000168e-01	8.402131386000000202e-01	-1.541982155999999993e+00	-6.865693071000000119e-03	-6.887889160000000288e-01	6.312977703000000052e-01	-2.971220233999999905e-01	-4.862799500000000164e-01	9.396435628999999512e-01	-1.362843830999999950e+00	-1.078247908000000033e+00	1.763265045000000086e-01	1.303143063000000046e+00	9.094784588000000003e-01	-1.385254492999999920e+00	3.174837648000000123e-01	-2.220434856999999873e+00	-2.720544743000000154e-01	-9.161655952999999686e-01	1.324669485999999896e+00	-3.972959603999999811e-01	-3.054748438000000066e-01	2.301087021000000066e-01	1.858678971000000013e+00	-5.253866126999999775e-01	3.644502958999999986e-01	-2.422861289999999890e-01	-4.294863474000000236e-01	5.175528106000000239e-01	-1.283741418999999884e-01	-9.346295654999999813e-01	-4.735275676999999850e-01	-1.041781000999999929e+00	-5.925730823999999508e-01	2.913781136999999966e-01
8.206987050999999811e-01	9.319386179999999964e-01	3.153733891000000122e-01	7.409601384999999762e-01	-1.265370448999999953e+00	-4.273827915999999782e-01	5.636249139000000241e-01	1.391507628999999913e+00	-1.034552528000000082e+00	-2.854729577999999823e-01	-1.587233209999999950e+00	1.662089194999999964e-01	-1.810980766999999991e+00	1.028776136999999924e+00	-4.487581627000000184e-01	6.034134295999999953e-01	3.636591903999999986e-02	-9.929788948999999920e-02	-1.453222049000000071e+00	4.609292293999999734e-01	-1.368349542000000030e+00	-4.183810398999999736e-01	4.061424726000000263e-01	-5.943575376999999937e-01	-6.260775694000000335e-01	-1.059771266999999906e+00	2.617155612000000020e-01	6.640949970999999730e-01	4.714031096999999892e-01	-1.408542801999999927e+00	9.745856833999999580e-02	-9.623065355000000043e-01	3.437565625999999819e-01	-2.929304162999999961e-01	-9.466518896000000183e-01	1.287685372000000106e+00	-1.322751095000000099e+00	-6.607043739000000304e-01	7.239445887000000024e-01	1.375246997000000082e+00	7.728607105999999449e-01	-1.285465627000000000e+00	1.437317310999999931e+00	-1.667388305000000015e+00	-7.176531546000000095e-01	-6.875020321999999462e-01	1.335441757999999979e+00	1.654702446999999910e-01	-3.443342008999999981e-01	-6.480574443000000073e-01	9.519981358000000338e-01	3.497844598000000027e-01	-2.085291388999999940e-01	-5.183640177999999654e-01	-3.715959045000000183e-01	-2.037699293999999939e-01	-4.231816928000000089e-01	1.144056397000000058e-01	-1.851285728999999991e+00	-9.711193422999999658e-01	-4.724539173000000258e-01	-8.776291429999999449e-02
8.622955338000000136e-01	9.801448020999999899e-01	4.025256402999999872e-01	7.912658621999999475e-01	-1.235151544000000046e+00	-3.697197951000000260e-01	6.694775850999999944e-01	1.492317435999999997e+00	-1.011776508999999935e+00	-1.645215489999999892e-01	-1.391864787000000048e+00	3.209645896000000165e-01	-1.713811624999999950e+00	9.865416922999999949e-01	-6.613291653999999742e-01	3.498665347000000092e-01	3.688923801999999807e-01	-2.467449698999999996e-01	-1.249847090999999910e+00	5.056331239000000366e-01	1.909743047999999943e-01	4.069921749000000033e-01	-1.549824777000000098e-01	-4.247309483000000219e-01	1.048981772000000090e+00	-8.819769965999999517e-01	-1.380304327000000109e-01	-1.101969793999999947e+00	7.794073594000000549e-01	-1.480309499999999945e+00	-2.148313500000000043e-01	-8.013271000999999671e-01	5.501541315999999848e-02	-1.006742921999999929e+00	-1.247088302000000093e+00	1.166218345999999961e+00	-1.155990083999999918e+00	-4.911361913000000246e-01	6.183857057999999629e-01	1.040414238999999963e+00	6.820741831000000088e-01	-1.337774762000000006e+00	2.989765972000000271e-01	-1.114354867000000082e+00	-9.961791594000000138e-01	-1.171499477000000011e+00	1.327117257000000050e+00	-9.854247391999999550e-01	-6.709426423000000028e-01	-2.217194956000000106e-01	2.383667489000000084e-01	1.420961553000000058e-02	-1.047766046000000006e+00	-1.669652241999999953e+00	-9.384966006999999610e-01	-8.592891135000000347e-01	2.811799400000000171e-01	6.039158768000000288e-01	-9.808589275000000329e-01	-7.517611797000000040e-01	-7.126225881000000095e-01	1.893774591000000063e-01
8.021308225000000069e-01	8.744010070000000079e-01	7.734947201999999855e-01	7.158598310999999548e-01	-1.355542143999999949e+00	-3.706597274999999803e-01	1.097573157000000021e+00	1.373895172999999970e+00	-1.209352857999999920e+00	-1.729962687999999915e-01	-8.176466296000000078e-01	4.037573360000000222e-01	-1.544974465999999991e+00	7.582501847999999489e-01	-1.199581658999999911e+00	7.507326820999999928e-01	3.589376289999999803e-01	2.805102817999999831e-01	-1.333963808999999889e+00	-1.313420606000000046e-01	5.080643135000000310e-01	1.034491135999999978e+00	1.306315265000000114e-01	1.257171833999999877e-01	-3.338302928999999919e-01	-5.335719668999999721e-01	-8.011657419000000058e-01	1.051872841000000003e-01	1.425198041000000027e+00	-1.388213283000000020e+00	-8.000904782000000104e-01	-3.710495942999999987e-03	-2.249310652000000021e-01	-1.520896201000000003e+00	-1.257561276999999977e+00	1.222318755999999951e+00	-9.816529175999999524e-01	-5.322673641999999816e-01	7.548817366000000195e-01	9.106004256999999935e-01	7.279020240000000364e-01	-1.511600540000000104e+00	2.307427891999999925e-01	-8.619589698999999827e-01	-5.065610979000000347e-01	-1.534627044000000051e+00	1.599068691000000042e+00	-1.080278304999999994e+00	-3.145580054000000070e-01	4.621168587000000216e-01	2.652365953999999970e-01	-1.232975748000000094e+00	-7.189316802999999867e-01	-1.262484471000000052e+00	5.332091828999999672e-01	-5.931471958999999794e-01	5.483853948000000367e-01	4.177862990999999804e-01	-7.774888915000000011e-01	-1.122690850999999990e+00	-7.786351841999999968e-01	8.829432281000000604e-02
8.373687067999999734e-01	7.675210325000000333e-01	1.022484890999999951e+00	6.524921289999999763e-01	-1.331853275999999919e+00	-2.949472022999999887e-01	1.209134568999999937e+00	1.301651740000000057e+00	-1.439589199999999902e+00	-2.231619763000000090e-01	-5.162757357999999686e-01	3.463539399000000185e-01	-1.254162565999999979e+00	8.707166463000000078e-01	-1.474216391999999987e+00	1.293093135999999976e+00	1.686673429999999974e-01	2.790186633000000249e-01	-8.442270804000000517e-01	-1.886769764000000016e-01	-1.343009857999999945e-01	1.248975194000000011e+00	-3.011774557999999935e-01	3.598945863999999939e-01	2.420803687000000134e-02	-4.787872827999999914e-01	-7.272994570999999908e-01	1.970136335000000072e-01	1.761284518000000077e+00	-1.366035383000000047e+00	-9.377033864999999579e-01	3.448313128000000116e-01	-7.116552928000000056e-02	-1.577934592999999941e+00	-1.214987526999999901e+00	9.738470744999999651e-01	-8.992485856999999916e-01	-5.275225751999999824e-02	9.258323937000000337e-01	5.193022901999999608e-01	4.276757676999999869e-01	-1.526018901000000039e+00	2.832274315000000153e-01	-5.418257170000000400e-01	-4.358964504000000240e-01	-1.535191007999999968e+00	1.595920202000000065e+00	-1.370705309999999955e+00	2.500311204000000079e-02	1.023297767999999941e+00	5.544990753999999855e-01	-1.081026685000000098e+00	-6.636773375000000197e-01	-1.350706855999999956e+00	1.206290348000000012e+00	5.216388647999999906e-01	6.358109240999999523e-01	6.005512289000000115e-01	-2.234758739999999910e-01	-1.527585796000000107e+00	4.024566526000000199e-01	5.191380333999999763e-01
8.214374769000000187e-01	8.834535652999999655e-01	7.531792414000000324e-01	8.212119013999999995e-01	-1.299412334999999974e+00	-3.752055105000000057e-01	1.209403806999999942e+00	1.327107540000000085e+00	-1.242749024000000091e+00	-1.408188558000000035e-01	-5.362977213999999826e-01	3.839452623999999870e-01	-1.103260815000000061e+00	8.007845877999999473e-01	-1.234658005000000003e+00	9.693649797000000179e-01	3.165656990999999865e-01	3.084592648000000215e-01	-5.677002737999999882e-01	8.767099828999999275e-03	-1.758053719000000070e+00	1.409844563000000051e+00	-3.172870569999999835e-01	-6.468195690000000386e-02	2.388200024999999945e-03	-4.262232424999999880e-01	-5.390778102000000072e-01	-5.755173711000000081e-02	1.841989314000000100e+00	-1.072854474999999974e+00	-7.558081959000000349e-01	6.735570842000000447e-01	-1.737501183000000060e-01	-1.585318380999999999e+00	-1.505440184000000015e+00	1.682571751000000004e+00	-7.668000225000000114e-01	4.876085531000000084e-01	9.132976423999999982e-01	4.449778158000000094e-01	5.299785943000000499e-01	-1.499623050999999929e+00	7.456707916000000491e-01	-1.170827813999999911e+00	-2.190604486999999934e-01	-1.025994604000000088e+00	1.624637754999999961e+00	-4.062733873000000107e-01	-4.718738095000000327e-02	5.661070609999999670e-01	-1.461249524999999883e-01	-1.047099283999999964e+00	-2.508102520000000113e-01	-1.181739187000000024e+00	1.771292461000000040e+00	5.453365497000000062e-01	-2.812873732000000238e-01	6.550628298999999766e-01	-3.636586324000000148e-01	-1.343850841000000074e+00	9.028537830999999736e-01	5.121367218000000276e-01
7.941936916999999818e-01	1.051032755999999901e+00	4.269131460000000211e-01	1.018626044999999980e+00	-1.308127980999999940e+00	-2.801437970000000277e-01	9.788483478999999710e-01	1.399780250000000059e+00	-9.941624887000000133e-01	-3.560214642999999790e-01	-8.471214205999999525e-01	7.042723547999999445e-01	-9.779476649999999660e-01	4.399640722000000004e-01	-7.139053896000000510e-01	6.012793124999999961e-01	6.476938342000000404e-01	-5.435660568000000303e-02	-8.792706987999999724e-01	1.110962015999999997e-01	-1.439563066999999918e+00	1.511042651999999986e+00	-5.231657463000000119e-01	-8.154081964999999599e-01	2.614949671000000100e-02	-4.550571181999999992e-01	-1.880650406999999913e-01	1.983581313999999984e-01	1.338839891999999976e+00	-1.382580751000000108e+00	-5.281881756999999844e-01	8.575834162000000038e-01	-5.642174526000000023e-01	-1.420992830999999956e+00	-1.742638270999999905e+00	1.657599258999999936e+00	-7.118408454000000329e-01	6.656269766000000310e-01	7.233002590999999537e-01	6.717407953999999792e-01	9.178804268000000377e-01	-1.459407187000000050e+00	1.545459468000000003e+00	-1.039076321000000025e+00	-6.041211434000000047e-01	-6.421868253000000415e-01	1.481662110999999893e+00	1.572607250999999984e-01	-7.322675927999999779e-01	-8.422043129999999822e-01	-6.377966157000000136e-01	-2.858307162000000012e-01	-4.191025018000000268e-01	-2.540621707999999868e-01	1.439692355999999895e+00	5.873363890999999670e-01	-1.000479279999999971e+00	7.434474359999999615e-01	-9.509336828000000130e-01	-9.536857221000000218e-01	5.509356704000000216e-01	6.433081449999999979e-01
8.175045551999999827e-01	1.008899843000000018e+00	4.506629021999999929e-01	1.068985767999999892e+00	-1.263903725999999894e+00	-2.253920245999999905e-01	1.011527201000000042e+00	1.191895236999999996e+00	-9.262150903000000435e-01	-3.254386583000000166e-01	-7.158116293999999824e-01	8.681216837999999880e-01	-7.558940317000000242e-01	2.539490095999999975e-01	-1.017715246000000073e+00	6.960382281000000448e-01	6.505432803999999791e-01	-1.788511167999999874e-01	-1.271052161000000069e+00	6.695276943000000314e-02	4.835646365999999863e-01	1.467738736999999904e+00	-5.790199995000000488e-01	-3.833686260999999984e-01	5.688549089000000114e-01	-2.573415324000000171e-01	-5.106494289999999880e-01	-1.169417815000000083e+00	1.150160303999999911e+00	-1.456841094000000059e+00	-6.937698170999999636e-01	7.712028077999999454e-01	-3.762055230999999944e-01	-1.724988057000000019e+00	-8.849648578000000043e-01	8.304675572999999922e-01	-9.044144168000000095e-01	5.800510128000000432e-01	3.129245747000000133e-01	-4.800944986999999831e-01	1.260608946000000063e+00	-1.600911213999999916e+00	1.379494317000000025e+00	-1.209081179000000006e+00	-1.463470548999999954e-01	-3.424490573000000260e-01	1.059609089999999920e+00	-1.834614525999999912e-01	-8.404335026999999458e-01	-9.708464449000000496e-01	-4.025307553999999954e-01	-9.992921786000000250e-02	-7.624118283999999912e-01	-5.043431490999999989e-02	9.707145711000000343e-01	4.605344940000000165e-01	-4.389872825000000200e-01	9.931793996000000124e-01	-2.245269565000000134e-01	-7.469866603000000493e-01	4.124880946999999742e-01	8.216541404999999632e-01
9.168951843000000546e-01	9.031973984000000177e-01	8.697112835000000430e-01	9.338348026999999663e-01	-1.281725444999999963e+00	-1.573716473000000005e-01	1.255186066999999905e+00	1.039347435000000042e+00	-1.017809167000000015e+00	-3.428108409000000245e-01	-3.623188473999999770e-01	9.043247611000000408e-01	-5.772721933000000138e-01	5.096076798999999991e-01	-1.310744211999999909e+00	1.185366839999999922e+00	5.569183245000000060e-01	1.063190596000000016e-01	-8.560959694999999980e-01	1.102771468999999976e-01	7.289985341000000396e-01	1.425441965000000089e+00	-2.975804349000000237e-01	1.958878960000000058e-01	-1.093045645999999982e+00	-4.389271218999999946e-01	-1.015373913999999989e+00	5.061626138000000497e-01	1.350686542999999906e+00	-1.123287737000000064e+00	-8.365462763000000024e-01	1.064029611999999902e+00	-1.258214417000000085e-01	-1.724487324000000044e+00	-4.027399233999999772e-01	5.126767731000000244e-02	-7.287804986999999457e-01	6.751200269999999559e-01	6.212804870999999451e-01	-1.671143191000000083e+00	1.192578381999999992e+00	-1.337562466000000061e+00	9.533356509000000534e-01	-6.010902099999999582e-01	3.269513660999999738e-01	-1.538075418000000028e-01	9.822061507999999552e-01	-7.046522728999999874e-01	-8.901588634000000555e-01	-4.731872630999999774e-01	3.116100205999999817e-01	-7.732710074999999961e-01	-1.067575930999999922e+00	5.156197031000000486e-01	1.982848796000000080e+00	1.949552546999999969e-01	-2.565652687000000154e-01	7.566937000000000246e-01	-3.284253300000000153e-01	-5.719672952000000032e-01	-2.450458474999999969e-01	4.877784237000000189e-01
9.490555805000000511e-01	8.071670188999999773e-01	1.036877414000000108e+00	8.461689058000000374e-01	-1.203719683000000096e+00	-1.678888503000000032e-01	1.250409882000000028e+00	9.290657911999999907e-01	-1.000618846000000062e+00	-3.788270435000000158e-01	-3.506877657999999953e-01	8.025077643000000371e-01	-3.886670621000000159e-01	8.648477372999999746e-01	-1.348302537999999995e+00	1.660188822999999925e+00	7.569558776999999461e-01	1.264951588999999876e-01	-5.457592901000000163e-01	1.820575597999999906e-01	-5.366231762999999766e-02	1.637230815999999978e+00	-1.866867445000000014e-01	2.416554147999999957e-01	-4.326032786999999824e-01	-7.726821045999999749e-01	-7.060360693999999659e-01	7.948003908999999867e-01	1.645441552999999946e+00	-6.448797280000000409e-01	-7.293592859999999956e-01	1.472521168000000102e+00	2.911234111000000069e-01	-1.548780411999999940e+00	-1.092475225999999938e-01	1.468941056999999994e-01	-3.932184911000000116e-01	8.188589404999999655e-01	1.162290612999999917e+00	-1.563114679999999979e+00	1.333025394999999946e+00	-1.318908382000000046e+00	9.032694588999999885e-01	-4.880133341999999819e-01	8.429279480000000380e-01	1.096218436000000046e-01	1.274456771000000099e+00	-5.216059302000000120e-01	-5.139542511000000369e-01	-5.928900689999999640e-01	5.225178837999999715e-01	-5.436905212999999515e-01	-9.316556021999999881e-01	4.679031570000000140e-01	2.040302703000000051e+00	5.048274782999999655e-01	-8.156975042999999870e-01	6.661371879999999912e-01	2.458121000000000056e-01	-8.332345768000000152e-01	1.506801532999999971e+00	7.931911331000000009e-01
8.560515767999999914e-01	1.004186985000000032e+00	5.266252375000000097e-01	1.007795363000000055e+00	-1.368940014000000094e+00	-2.722830254999999977e-01	1.104049164000000083e+00	1.100099621000000027e+00	-6.729605637000000140e-01	-5.215746588999999878e-01	-6.395300036000000077e-01	9.762336535000000204e-01	-5.071195130000000217e-01	7.610847228999999547e-01	-6.902393709999999905e-01	1.121407421000000015e+00	9.808159117000000427e-01	-9.412604765000000262e-02	-6.810754104999999781e-01	4.613929971999999879e-01	-1.273141054999999966e+00	1.948433083999999926e+00	2.367075226000000046e-02	1.971048710000000009e-02	-6.131460505000000394e-01	-9.532875222000000148e-01	-3.566342962999999866e-01	2.943669912999999916e-01	1.392729716000000062e+00	-3.196939777999999732e-01	-5.916304412999999762e-01	1.129823025999999953e+00	5.654488505000000026e-02	-1.562488690999999985e+00	-1.962944674000000056e-02	6.204018623999999482e-01	-4.531061874000000267e-01	1.095033681999999953e+00	1.083083291999999975e+00	-1.428984473999999949e+00	1.621488833999999990e+00	-1.140788850999999937e+00	1.681587696000000021e+00	-8.436408845999999739e-01	1.127301552000000040e+00	6.091314545999999552e-01	1.213158194000000023e+00	6.764348046000000503e-01	-5.725587750999999725e-01	-1.513861675000000018e+00	3.181730134999999904e-01	-5.538435658000000206e-02	-5.529737069000000282e-01	3.572891886000000017e-02	1.746963044999999992e+00	3.440357493000000266e-01	-1.159587015000000054e+00	1.091852894999999934e+00	-1.516199875000000086e+00	-3.820898845999999849e-01	1.162721518999999981e+00	3.688217557999999840e-01
9.014244941000000289e-01	9.854096168999999517e-01	3.527612018999999877e-01	1.109856868999999913e+00	-1.328691634999999982e+00	-1.800404221999999943e-01	1.063449080000000047e+00	1.114290071000000104e+00	-4.713684731000000183e-01	-5.717248042999999447e-01	-6.385776083999999964e-01	1.359633789999999953e+00	-4.471379802000000070e-01	6.214512373999999673e-01	-8.355669619000000159e-01	1.026875447000000108e+00	1.169265518000000004e+00	-2.041374210000000133e-01	-1.261446379999999978e+00	2.833735527999999837e-01	-1.862993769000000077e-01	1.944871926999999889e+00	-4.792699876000000025e-01	-2.609329721999999879e-02	1.032276462000000006e+00	-9.680485935999999514e-01	-1.355493596000000023e-01	-4.762210821999999788e-01	1.320052066999999996e+00	-6.735740200999999761e-02	-3.847235579000000127e-01	1.250810498000000104e+00	6.042553772999999934e-02	-1.622178617999999961e+00	-2.378561131999999967e-01	5.125542777999999577e-01	-3.763606347999999824e-01	8.292248750999999807e-01	6.261178109999999686e-01	-1.650642857000000019e+00	1.870591169000000109e+00	-1.165553382999999998e+00	9.224892789999999954e-01	-5.955842582999999468e-01	4.599402602000000062e-01	6.792079246000000126e-01	1.096203397000000024e+00	-1.854575896000000002e-01	-7.685648975000000105e-01	-1.377268576999999938e+00	3.313338961000000249e-01	-2.172716084000000103e-01	-6.632738299999999532e-01	-2.091437356999999997e-01	1.192010277999999923e+00	2.969217147000000057e-01	5.119947135999999843e-02	8.502408623999999637e-01	-1.506684038999999975e-01	1.820756382000000007e-01	-9.278148419999999730e-01	3.943780561999999934e-01
9.045391289999999973e-01	9.469476100000000507e-01	8.178712808000000445e-01	9.099226444000000358e-01	-1.364040270000000055e+00	-1.549330556000000081e-01	1.314633071999999903e+00	9.718255404000000208e-01	-5.913530284000000359e-01	-8.469199106999999449e-01	-3.304468058000000208e-01	1.388462247000000094e+00	-2.754373445000000142e-01	5.368963759999999530e-01	-9.404515167000000453e-01	1.122451757000000105e+00	9.275083863999999956e-01	-1.457738285000000078e-01	-1.120003684000000055e+00	2.392928413000000032e-01	8.025319691000000200e-01	1.874366999999999894e+00	-1.859957423999999970e-01	6.950984049999999748e-01	-3.629551381000000188e-01	-1.027849374999999954e+00	-7.962334106999999772e-01	-7.036413738000000251e-01	8.716783470000000200e-01	4.483391319000000208e-01	-5.015029468999999684e-01	1.410176029000000053e+00	2.304590877000000093e-01	-1.763021959000000027e+00	-4.624281670000000011e-01	-4.985564056999999827e-02	-1.025729115000000025e-01	7.132642194999999630e-01	3.604313257999999798e-01	-1.745434286000000057e+00	1.686533395999999962e+00	-4.286846250999999941e-01	5.422175192000000532e-01	-9.155258088999999877e-02	4.698129798999999829e-01	7.351171193000000104e-01	1.259498436999999971e+00	-2.123892186999999931e-01	-6.447554143999999487e-01	-1.095793170000000094e+00	1.036316927000000110e+00	-1.221726480000000059e+00	-4.632820599999999955e-01	-5.506980406999999883e-02	1.352288815999999949e+00	6.691303953999999665e-02	1.214860021000000075e-02	3.629274200000000006e-01	-3.952154413000000255e-01	-1.952527541999999894e-01	-4.194894775999999936e-01	1.931338411000000158e-02
9.605899860000000068e-01	8.001481835000000542e-01	1.236840058999999936e+00	7.251875361999999825e-01	-1.269034659999999981e+00	9.758145884999999686e-02	1.279248203999999944e+00	8.810175694999999862e-01	-8.254464402000000200e-01	-9.097910143999999866e-01	-2.016489167999999943e-01	1.293103048999999949e+00	-2.443752834000000040e-02	5.955093288999999679e-01	-1.437563417000000010e+00	1.737889830000000080e+00	8.830153632999999669e-01	1.668833727999999988e-02	-5.450253065000000285e-01	6.413174316000000430e-02	2.994783142999999925e-01	1.686669085999999984e+00	-2.897461897000000106e-02	9.024702060999999498e-01	-8.191476600999999524e-01	-1.126151995999999933e+00	-9.584209210999999895e-01	8.812033525000000367e-01	9.107242840000000506e-01	7.642902381999999717e-01	-7.270047910000000391e-01	1.880397168000000008e+00	3.648315746999999942e-01	-6.518198366999999882e-01	-4.143757439999999903e-01	-5.035848094000000552e-01	4.883457217000000128e-01	5.766143844000000129e-01	4.078092087999999893e-01	-1.720149305999999934e+00	1.287924956999999981e+00	-2.605500024999999886e-01	1.632479158000000041e-01	2.366923582999999887e-01	5.208386686999999515e-01	9.847171773999999767e-01	1.416418334000000057e+00	-4.995022718000000084e-01	-3.131627377999999795e-01	-7.984037109999999604e-01	1.783696221000000026e+00	-1.327361741000000039e+00	1.122800355999999944e-01	6.945624924000000089e-01	1.272887947000000075e+00	6.307673829000000065e-01	2.964918985000000173e-01	1.945074582999999913e-01	4.011869632000000241e-01	-6.453090925000000144e-01	-7.029787600000000358e-01	9.773213520000000043e-02
9.690364402000000155e-01	7.489934659000000439e-01	9.190486146999999884e-01	7.960139997999999828e-01	-1.225763783000000107e+00	5.094023603000000233e-02	1.091521181000000063e+00	9.951209300000000146e-01	-6.518968521000000349e-01	-9.168645815000000532e-01	-6.901635699999999485e-01	1.161190920999999987e+00	-4.148681339000000190e-02	5.395702453999999815e-01	-1.250284570999999900e+00	1.556224494000000069e+00	8.258874036000000141e-01	5.705865539999999646e-03	-6.344192868000000374e-01	6.028960707999999613e-01	-1.435610198000000004e+00	2.029116688999999862e+00	7.536971874999999488e-02	4.384248183000000187e-01	-1.604781284000000030e-01	-9.323492308999999922e-01	-6.862959535000000555e-01	7.268380345999999603e-01	4.925273168000000035e-01	8.015260709000000539e-01	-2.743557446000000066e-01	1.731487608999999983e+00	6.136420353000000549e-01	9.824564114999999320e-02	2.354177614000000085e-01	2.128371648000000060e-01	1.197990369999999971e-01	4.242456316000000061e-01	3.886460956000000189e-01	-2.030760304000000183e+00	1.459819020999999939e+00	-4.937106139999999921e-01	7.036712590000000489e-01	-9.584611382000000068e-01	1.136107098999999954e+00	1.264159371999999948e+00	1.538462121000000016e+00	6.234319968999999517e-01	1.818480895000000042e-01	-7.341823900999999708e-02	1.441723400000000099e+00	-6.577582494999999474e-01	-3.559920623999999756e-01	3.195320287000000259e-01	9.408754979000000240e-01	5.902337123999999990e-01	-6.810720611999999952e-02	1.419627807999999936e-01	-1.270335968999999898e-01	-1.636689215999999891e-01	1.260073922000000124e-01	4.376087178999999994e-01
8.588032258000000141e-01	9.417040474000000216e-01	4.098216171999999879e-01	1.001696893999999949e+00	-1.312554916000000071e+00	-2.504546867999999926e-01	8.522146979000000400e-01	1.356854245999999931e+00	-2.526855619999999747e-01	-1.013746299999999989e+00	-1.162342530999999957e+00	1.335120458000000010e+00	-2.586028444999999842e-01	3.789715544000000214e-01	-3.547684911999999802e-01	1.027438027999999948e+00	7.921674601999999510e-01	-4.420563356000000166e-01	-1.304482106999999891e+00	4.766235638999999913e-01	-1.194619743999999928e+00	2.355741899999999944e+00	3.259623756999999872e-02	1.091532941000000062e-01	-3.135869721000000276e-01	-1.257994406999999981e+00	-2.883047116999999937e-01	8.569785993999999851e-01	-1.183158688000000014e-01	6.200455785999999803e-01	-2.043295403000000010e-01	1.804241578999999929e+00	1.659616416999999955e-01	7.905354439999999761e-01	7.068842575999999545e-01	5.770161031999999635e-01	2.712519742000000234e-01	4.993003395000000094e-02	4.306302388000000231e-02	-1.393290756999999935e+00	1.955083445999999947e+00	-3.412279965000000193e-01	1.661009584999999955e+00	-1.001639968000000103e+00	6.889194468999999543e-01	1.121997026999999925e+00	1.820548378000000023e+00	1.002970278000000048e+00	3.128523859999999823e-01	-1.246628325000000009e-01	3.191044553999999867e-01	-3.688442397000000206e-01	6.084975505999999923e-01	1.826079322999999976e-01	2.699087835000000268e-01	3.719479782999999817e-01	-4.805486487000000251e-01	1.119752443999999958e+00	-1.226167878000000044e+00	7.526842199000000067e-02	-2.892075736999999980e-01	4.626574446000000229e-01
8.664541999999999522e-01	9.178917774999999502e-01	5.846609070999999602e-01	1.002680446000000059e+00	-1.314250644999999995e+00	-2.280771459000000001e-01	9.709449688000000300e-01	1.512311256000000048e+00	-2.735086754000000120e-01	-1.104442796000000060e+00	-1.035196822999999933e+00	1.541403021000000040e+00	-5.022618878000000286e-01	4.160974559999999767e-01	-5.685964050999999797e-01	1.255192059000000082e+00	6.595517647999999955e-01	-7.099962354000000087e-01	-1.770072936999999902e+00	4.293373461000000169e-01	5.775880482999999899e-01	2.001932588999999929e+00	-6.542409577000000143e-01	4.912272865000000266e-01	3.569906932999999949e-01	-1.073148806999999927e+00	-2.705969391999999973e-01	-5.835443689000000544e-01	-2.790079268999999806e-01	-1.861598446999999934e-02	-2.953799780999999958e-01	1.353345379999999931e+00	5.977812416000000129e-01	4.730412594000000248e-01	1.023730143000000092e+00	-4.618951179000000198e-03	2.384810739000000068e-01	-1.859099463999999979e-01	-6.623588962999999996e-01	-1.238628896000000035e+00	1.976730992000000020e+00	1.861287158000000108e-01	1.176726146999999889e+00	-4.367730298999999983e-01	2.436372071000000028e-01	3.261247888000000095e-01	1.579256199000000027e+00	1.293483194000000051e-02	2.396971988999999914e-01	8.090906463999999465e-01	-5.958642744000000047e-01	-8.210365009000000214e-01	6.899331119999999595e-01	-9.162788430999999623e-01	-3.538997763000000241e-01	4.410679981999999777e-01	2.094284117000000112e-01	9.153627197999999465e-01	-2.966785947999999729e-01	7.218473799000000302e-01	-4.766307160000000098e-01	7.968791570000000046e-01
8.963531419000000389e-01	7.522304350999999834e-01	1.092358814000000011e+00	8.506635877999999540e-01	-1.242654388999999915e+00	-1.402001616000000117e-01	1.231885984999999906e+00	1.352042659000000091e+00	-6.729245744999999834e-01	-1.266179793000000053e+00	-6.153469875999999505e-01	1.510740275000000077e+00	-6.546628895999999642e-01	4.818809805000000002e-01	-1.063163042000000003e+00	1.821121264000000073e+00	2.089284935999999870e-01	-5.529027321999999689e-01	-1.455801906000000034e+00	3.486126360999999840e-02	2.956061669999999753e-01	1.711110107999999963e+00	-5.437741962000000040e-01	7.780573536999999540e-01	-8.899483149000000370e-01	-2.557581125999999760e-01	-6.595371709999999776e-01	1.204655926999999904e+00	-3.348759913000000088e-01	-5.021013928999999987e-01	-3.335425223999999855e-01	1.354646336999999923e+00	9.820241115000000187e-01	1.767754652999999898e-01	8.846286080999999912e-01	-4.212425615000000012e-01	6.666075806000000270e-01	-4.816106699000000102e-01	-5.241788155000000060e-01	-1.274493797000000095e+00	1.778803442000000068e+00	6.319918033000000435e-01	7.317988134999999783e-01	9.347013943000000158e-02	1.695407597999999960e-01	-1.496373639999999949e-01	1.181354618000000078e+00	-1.086815430999999998e-01	6.219662280000000099e-01	1.408108695999999993e+00	-6.167126866000000041e-01	-9.596789006999999483e-01	5.496356085000000391e-01	-9.483679460999999700e-01	-1.060896137000000017e-01	1.281817272000000063e+00	6.619246736999999381e-02	7.288287292999999778e-01	1.422277457999999994e-02	-2.425636453999999997e-01	-9.424729496000000539e-01	9.945806429000000337e-01
8.463663054000000185e-01	7.151815809999999551e-01	8.545227906000000262e-01	7.553723972000000453e-01	-1.230114222000000090e+00	-2.420312069999999982e-01	1.104879001000000027e+00	1.325470233999999969e+00	-6.620950284000000075e-01	-1.402895092999999926e+00	-7.600983083000000251e-01	1.348650050000000045e+00	-7.900924334000000160e-01	5.272708608999999713e-01	-1.003991765999999952e+00	1.747723684999999971e+00	-1.727823109000000135e-01	-6.143343209999999610e-01	-1.542550607999999990e+00	-1.109104813000000023e-01	-1.194106198000000063e+00	2.098598727000000164e+00	-3.056878439999999864e-01	4.974805593000000137e-01	5.335255752999999990e-01	1.015619433999999932e-01	-4.148819467000000039e-01	3.325374810000000236e-01	-3.433240705000000226e-01	-5.489527409000000135e-01	-2.132090432000000035e-01	1.168549119999999997e+00	6.771750856999999568e-01	3.872444942000000112e-02	7.373773985999999558e-01	-3.083654603000000050e-01	4.658376630000000129e-01	-8.586517825999999687e-01	-1.654465687999999990e-01	-1.425151666000000095e+00	1.459742281000000030e+00	1.021139132999999921e+00	1.040577649000000049e+00	-5.761813152000000438e-01	3.253184396000000089e-01	-2.056406459000000020e-01	7.808265586000000535e-01	5.967003609000000042e-01	7.280183807000000229e-01	7.640038645000000184e-01	-8.752185060999999600e-01	-6.711545891000000319e-01	6.349087635000000285e-01	-1.569858744000000028e+00	-5.548197778000000246e-01	1.074007981000000056e+00	-4.520148808000000185e-01	6.208249770999999528e-01	8.375132066999999569e-01	-3.131138264000000171e-01	1.290334124999999998e+00	9.854001773999999658e-01
7.726164196000000484e-01	9.211230280000000104e-01	3.877476945000000175e-01	1.037428618000000080e+00	-1.337121773000000013e+00	-3.862148173000000129e-01	1.008751289000000106e+00	1.426772578000000014e+00	-5.997764387999999780e-01	-1.484951560999999920e+00	-9.782256140999999738e-01	1.220658511999999973e+00	-1.126662287000000040e+00	2.126262891000000044e-01	-6.176593645000000299e-01	1.136949645999999925e+00	-3.482885423000000036e-01	-8.296511304999999448e-01	-1.897311125999999959e+00	-3.324035041000000246e-01	-1.647293048999999954e+00	2.178333857000000151e+00	-7.423969659000000110e-02	4.137067783999999748e-01	-6.689651309999999906e-01	6.245745408000000221e-02	-2.305022666999999997e-02	9.609298755999999830e-01	-8.040926130000000116e-01	-5.903676013999999972e-01	-1.072920903000000072e-02	1.146246459000000106e+00	-8.125790133999999387e-03	-1.487348203999999952e-01	1.247104720999999972e-01	3.912339964000000059e-02	6.667046167000000301e-01	-7.449781360999999658e-01	1.724190170999999883e-01	-9.173103210999999924e-01	1.409076529000000022e+00	1.162842182999999974e+00	1.799342921999999900e+00	-5.259327110000000527e-01	8.494342335000000174e-03	-1.553848063000000113e-01	1.391738294000000042e-01	1.224549450000000039e+00	3.780707681000000098e-01	2.203067313000000027e-01	-1.364923373999999967e+00	4.987610986999999746e-02	9.655164750000000407e-01	-1.310380121999999981e+00	9.863910143000000075e-02	8.655512827000000353e-01	-7.665664867000000493e-01	1.642748958999999953e+00	-2.192233940999999964e-01	-2.175935388999999942e-01	3.214221876999999727e-01	1.268744834999999960e-01
8.130205874000000499e-01	9.631735646000000317e-01	4.204477943000000106e-01	1.075131521000000090e+00	-1.412177564999999912e+00	-3.568988080000000118e-01	1.044150966999999985e+00	1.465929881000000101e+00	-5.352690329999999497e-01	-1.393980983999999923e+00	-9.250522981000000033e-01	1.065906299999999973e+00	-1.172648863999999902e+00	-8.278264739000000538e-02	-7.536131109000000494e-01	1.029905486999999953e+00	-4.046857940999999959e-01	-1.116359759999999923e+00	-1.610966141000000018e+00	-2.307314807999999995e-01	3.216889654999999792e-01	1.779824990000000051e+00	-1.290633005999999972e+00	5.171080298000000353e-01	6.423608699999999727e-01	-1.231514823999999980e-01	1.779375480000000009e-01	-1.149287828999999928e+00	-7.004149972000000002e-01	-6.212789318000000449e-01	-9.038299648000000519e-02	7.786688528999999859e-01	1.387646577999999964e-02	-5.909920524999999758e-01	-1.013740788000000032e-01	-3.839591220999999943e-01	6.927371413999999783e-01	-7.856035811999999563e-01	2.521024633000000237e-01	-1.135784520999999936e+00	1.301151157999999919e+00	6.017467867000000359e-01	6.829070065000000245e-01	-3.246660132999999726e-02	-5.030214783999999995e-01	-6.648435667999999521e-02	-1.355209630999999915e+00	5.873465804999999929e-01	2.320366744000000037e-01	2.947471649000000249e-01	-1.064914007999999912e+00	2.603718768000000128e-01	2.674644723999999862e-01	-1.800157746000000003e+00	-8.645898646999999881e-01	5.589213755999999922e-02	-9.537571943000000552e-02	9.803713392999999776e-01	7.846099276000000344e-01	-1.484530520000000055e-02	4.851947252000000099e-01	-8.909003648999999636e-02
8.557557593000000296e-01	8.757502917999999692e-01	8.070878567999999476e-01	9.598525337000000102e-01	-1.451813046999999912e+00	-3.860538169000000130e-01	1.330550429999999951e+00	1.219035035999999961e+00	-7.230671709999999530e-01	-1.331351651000000080e+00	-5.084806747000000238e-01	8.649235323999999725e-01	-1.081201810000000041e+00	-4.618777944999999940e-01	-1.312034013999999971e+00	1.191338081999999909e+00	-7.334771863000000280e-01	-5.861914563000000244e-01	-1.425463415999999928e+00	-3.571538316999999796e-01	3.674838556000000200e-01	1.006384358000000034e+00	-1.251204270999999979e+00	1.155760399000000049e+00	-1.384863283000000056e+00	-1.208378474000000036e-01	-4.766418179999999949e-01	3.324274459000000070e-01	-5.405845912000000197e-01	-8.731302493999999470e-01	4.076381486999999804e-01	9.937987521000000157e-01	1.049876226000000072e-02	-4.491342790000000251e-01	-1.608054904000000007e-01	-1.123956857999999892e+00	9.771499744999999626e-01	-8.382601066999999517e-01	2.931003789000000137e-01	-1.020338412999999944e+00	1.188785229000000054e+00	6.322745931000000041e-01	-2.146189510000000022e-01	3.950388856000000004e-01	-6.150392319999999913e-01	-4.575496855000000251e-01	-1.017745179999999916e+00	6.435243850999999848e-01	-2.433408890000000047e-01	1.002186870000000063e+00	-5.119626661999999717e-01	-7.707939244000000523e-01	2.972239402999999891e-01	-1.165736622000000056e+00	-1.463580013000000124e-01	2.280650267000000064e-01	-1.118040881999999986e-01	-3.687185731000000022e-01	1.034547635000000021e+00	-3.897667801999999959e-01	-8.947098323000000075e-01	-6.489949982999999589e-01
8.912945845999999950e-01	7.574444104999999983e-01	9.480586560000000551e-01	8.531464439999999483e-01	-1.337138404000000058e+00	-6.055347272000000114e-01	1.253447428999999946e+00	1.056196794999999966e+00	-7.608708527999999971e-01	-1.165874327999999904e+00	-6.114134124000000226e-01	6.342816332999999807e-01	-1.052733947999999975e+00	-3.403505233999999935e-01	-1.230917588000000062e+00	1.382725868000000080e+00	-8.588303345000000144e-01	-4.883825621999999811e-01	-1.263943440000000029e+00	-4.260592485999999957e-01	-2.243221773999999891e-01	7.886117271000000484e-01	-1.343158776999999970e+00	1.168124512999999975e+00	-4.284924486999999726e-01	-3.904041596999999753e-01	-2.962835027999999871e-01	-1.352564867999999920e-01	-2.107238546000000101e-01	-9.554549151000000240e-01	8.682171266000000553e-01	9.056999109000000159e-01	1.164219242999999931e-01	-2.883681301000000086e-01	-1.100469874999999986e-01	-1.677896736999999971e+00	9.753746276000000437e-01	-8.169637156000000289e-01	6.033615821000000157e-01	-5.277064876999999488e-01	7.236077546000000416e-01	6.063961691000000487e-01	-3.639601404000000207e-01	3.483673957999999793e-01	-5.158672493999999498e-01	-7.587892698999999519e-01	-6.837924396000000238e-01	7.417015583999999606e-01	-4.124380776000000082e-01	8.512556836000000349e-01	-6.959003696000000128e-01	-5.441685550999999510e-01	4.992271207999999794e-01	-1.175891137000000031e+00	-6.096405110000000516e-01	4.398352056000000010e-01	-3.069375111000000045e-01	-8.872975091000000203e-02	1.705305494999999949e+00	-4.951369456999999974e-01	2.287742387999999849e+00	-1.838010539000000110e-01
8.679404812000000025e-01	9.017372457000000230e-01	5.207696432999999736e-01	1.073400369000000021e+00	-1.496907868000000086e+00	-7.605685116999999495e-01	1.138877366000000002e+00	1.201972123000000003e+00	-6.901162548999999480e-01	-1.065926844000000040e+00	-9.344940704999999959e-01	5.098562749999999699e-01	-1.290836223999999977e+00	-3.363229581000000135e-01	-8.489549892000000098e-01	1.039578413000000090e+00	-7.367624522000000287e-01	-4.668328193999999876e-01	-1.147227089000000033e+00	-3.922425590999999989e-01	-1.760635197999999901e+00	1.108518008999999971e+00	-8.552284587999999799e-01	1.005537337000000031e+00	-7.952395955000000072e-01	-5.993100351000000270e-01	-1.283904812999999978e-01	7.598627730000000469e-01	-1.880474319999999866e-01	-9.737601605000000271e-01	1.444298574999999918e+00	8.745161423999999739e-01	-5.238681898000000503e-01	-1.976949373000000121e-01	-5.507956096999999662e-01	-1.351682416000000053e+00	1.057840544000000049e+00	-5.106785117000000040e-01	9.472813920999999526e-01	7.832860325000000346e-02	3.976025036999999984e-01	1.070310751000000060e+00	5.484802038999999629e-01	-5.176267050999999730e-02	-5.029639604000000208e-01	-6.544086072000000476e-01	-6.689823419000000548e-01	1.812607811999999985e+00	-2.722263594000000064e-01	1.002441136000000038e-01	-8.949268203000000366e-01	-3.130784549999999777e-01	1.155394003000000058e+00	-1.371501137999999953e+00	-6.484511883000000365e-01	4.822960381999999990e-01	-5.020158835000000375e-01	2.276663281999999899e-01	4.792988572999999919e-01	-2.209154220000000002e-01	1.386362027000000108e+00	-4.412314075000000058e-01
8.461324780000000212e-01	9.757497859999999523e-01	4.301203961999999770e-01	1.187974539000000052e+00	-1.415602881999999951e+00	-6.527518509999999941e-01	1.102133932999999955e+00	1.126926767999999912e+00	-7.860952590999999989e-01	-9.630865248000000101e-01	-8.696103322999999552e-01	5.831669688999999712e-01	-1.212011610000000017e+00	-1.972804189000000041e-01	-8.160902094999999967e-01	7.479680924999999592e-01	-3.961779275000000267e-01	-7.627369677999999986e-01	-1.146790463999999954e+00	-6.384719916000000106e-01	-4.535601600999999983e-01	8.667579766999999880e-01	-1.496371592000000028e+00	9.308950535000000137e-01	4.428193123999999981e-01	-7.885353994999999561e-01	-3.555372291000000184e-01	-1.231934947000000058e+00	-8.357394080999999697e-02	-9.397509560000000262e-01	1.648503642999999963e+00	-8.647484659000000129e-02	-6.002836250999999956e-01	-9.168567304000000417e-01	-8.792130527999999501e-01	-1.038007318000000012e+00	7.728027305000000347e-01	-4.413338893000000041e-01	7.681831192000000419e-01	2.780996989000000114e-02	3.647548382999999950e-01	1.231261393000000037e+00	2.844146406999999988e-01	-6.714647816999999574e-02	-8.902516016999999504e-01	-3.097385302999999812e-01	-1.183335075000000014e+00	1.045466916000000079e+00	-8.529049766999999838e-01	-2.491713225999999948e-01	-9.135907292999999596e-01	-3.586239783999999736e-02	7.033242141000000114e-01	-1.332581977999999889e+00	-1.191734878999999969e+00	3.726411030999999818e-01	-3.062153451999999887e-01	2.481540986000000115e-01	1.447656124999999960e+00	8.673301397999999551e-02	5.412399630999999989e-01	-4.924051418000000013e-01
9.035758544999999975e-01	8.439419296000000292e-01	8.497730825000000543e-01	1.081586975000000006e+00	-1.319148938000000104e+00	-4.257493661000000262e-01	1.322159773999999954e+00	8.760529408999999657e-01	-1.071818973999999924e+00	-9.910283366000000038e-01	-4.905833593000000215e-01	5.323962642999999773e-01	-1.038853462000000061e+00	6.854011064999999958e-02	-1.470292273999999955e+00	1.147743249999999993e+00	-5.007113241999999742e-01	-1.775223109999999882e-01	-1.015436325999999889e+00	-6.592633162000000047e-01	1.902543043000000100e-01	-1.654225302000000009e-01	-8.120335001999999802e-01	1.561556999000000001e+00	-1.915704837000000049e+00	-7.219033373000000031e-01	-6.901398960000000304e-01	2.537203796999999983e-01	4.238647192000000175e-01	-9.808540660000000244e-01	1.739061270999999964e+00	-9.918689022000000133e-01	-6.377816545000000170e-01	-8.902765173000000143e-01	-6.351737590999999572e-01	-8.098222219999999805e-01	9.876061238000000131e-01	-5.132861753999999888e-01	6.512410691000000140e-01	-4.520502933000000167e-01	2.137324862999999964e-01	9.836222285000000287e-01	-1.067585044000000094e+00	2.183477266000000139e-01	-3.790121752000000233e-01	-3.404747436999999710e-02	-1.193173107000000011e+00	1.034643793999999950e+00	-5.632088541999999975e-01	3.630718921000000154e-01	1.852750146999999903e-01	-3.984251055999999958e-01	2.927307016999999845e-01	5.458759989000000479e-01	2.954527263999999764e-01	3.786612710999999742e-01	-4.729010706999999814e-01	3.707364304999999916e-01	1.202220153999999930e+00	-3.741491848999999870e-01	-7.176614873000000117e-01	-7.541921306000000103e-01
9.702208781000000171e-01	7.079379677999999565e-01	1.182051198999999997e+00	9.205707814000000377e-01	-1.176026248999999968e+00	-3.830314685999999802e-01	1.232880640999999944e+00	7.111866034999999586e-01	-1.086617288000000014e+00	-9.836872971000000243e-01	-3.702664775999999769e-01	3.176997626999999991e-01	-5.408308295999999515e-01	7.816214349000000228e-01	-1.563036080000000050e+00	1.550220817000000029e+00	-3.464347416999999929e-01	-1.479064394000000060e-01	-9.637551040000000291e-02	-4.462869733000000005e-01	-5.705024846999999788e-01	-4.743918095999999918e-01	-7.555556523999999996e-01	1.392870526000000053e+00	-1.208845973999999934e+00	-9.967515597999999644e-01	-2.592636515000000252e-01	7.819605742999999887e-01	7.514238134999999819e-01	-5.731720862000000416e-01	1.732628339999999989e+00	-5.457978572999999667e-01	-2.993145138000000149e-01	-2.750486193000000190e-01	5.836010670999999816e-02	-8.256931184000000368e-01	1.281426645999999892e+00	-3.374160759000000009e-01	9.129842109000000372e-01	-3.407719510000000174e-01	1.882275733000000062e-01	4.743939885999999828e-01	-1.765998208999999930e+00	2.661802196999999981e-01	2.777613865999999931e-01	4.468190020999999734e-01	-7.015686424000000532e-01	5.772419250000000446e-01	-9.877222375999999970e-02	1.234095157999999914e+00	9.389020168999999694e-01	-2.383417099000000039e-01	8.489892923999999841e-01	7.815575911000000042e-01	2.442798881000000089e-01	1.008745600999999992e+00	-5.671372724000000032e-01	9.119608599999999843e-01	1.834656507000000047e+00	-5.180139925000000201e-01	8.937627760999999893e-01	1.008169158000000037e-01
9.437802997999999999e-01	7.494421489000000491e-01	8.913587747000000228e-01	1.105801419999999924e+00	-1.360027493999999892e+00	-6.527181936000000517e-01	1.230116022000000031e+00	9.980461169000000021e-01	-6.882444483999999862e-01	-9.961249110000000018e-01	-3.088029221999999963e-01	2.662113723000000265e-01	-4.647626697999999723e-01	1.038308516000000070e+00	-9.939506486000000418e-01	1.447227311000000016e+00	1.414269241999999982e-01	-1.472938675000000086e-01	-4.679934660000000246e-01	1.297104917000000135e-01	-2.168340681000000103e+00	1.649834544000000069e-01	-4.305954531999999779e-01	1.450004622000000021e+00	-5.181555102999999551e-01	-6.043970047000000179e-01	-3.458453796000000025e-01	1.023602809000000002e+00	2.246086201999999976e-01	7.596099312000000048e-02	2.451765916999999906e+00	-2.919773835999999734e-01	-1.978572923999999955e-01	1.903340819999999878e-01	6.150650277000000443e-01	-6.619780742999999967e-01	1.123074075999999977e+00	-3.901295000000000179e-01	7.397532410999999586e-01	-2.528454592000000112e-01	8.895586580000000021e-01	1.093231963000000029e+00	-5.943992552000000318e-01	-1.019705043000000089e+00	1.317719716000000041e+00	6.438137546000000100e-01	-2.625109326999999770e-01	2.099437288999999929e+00	3.634660860999999743e-01	1.235413207999999985e+00	6.154858842999999524e-01	-3.917756176000000146e-01	1.262713210999999891e+00	1.059468499999999952e-01	5.384109926000000268e-01	8.028466011999999541e-01	-9.619433679000000126e-01	1.073346888000000110e+00	4.697608204000000010e-01	4.822608954000000281e-02	4.790220877999999960e-01	-1.859793714999999903e-01
9.364506417000000305e-01	8.906896471999999898e-01	5.226296463999999808e-01	1.333963438000000057e+00	-1.476452703000000088e+00	-8.147113653999999983e-01	1.244388223999999932e+00	1.274668938000000029e+00	-5.689674737000000038e-01	-1.292856524000000062e+00	-4.540774390000000271e-01	7.559508251000000012e-01	-6.076932526999999640e-01	8.496292065999999643e-01	-4.971609938000000062e-01	1.257819494999999899e+00	5.271389820999999865e-01	-6.749712240999999890e-01	-1.251998178000000017e+00	3.449029936999999935e-01	-1.510855382999999996e+00	6.655127856000000452e-01	-8.852300832999999702e-01	1.154909922999999949e+00	1.820823350000000118e-01	-4.069155608000000202e-01	-2.162283120000000058e-01	1.050127019000000050e-01	-2.754030802999999916e-01	2.120409024000000087e-02	2.400132420999999905e+00	1.332277554999999891e-01	-4.351871754000000148e-02	1.952113121999999867e-01	2.067562648000000058e-01	-7.010179457999999864e-01	1.032960807999999897e+00	-6.112212298000000432e-01	2.644448805999999874e-01	-8.594482801000000172e-02	1.302094931999999927e+00	1.253043998000000103e+00	-1.594008392000000052e-01	-1.155185874000000057e+00	1.014572054999999917e+00	2.786436875000000146e-01	-3.381580305999999925e-01	1.641679592000000021e+00	1.178393474999999968e-01	5.464310323000000080e-01	-1.877975286999999938e-01	9.580264536999999817e-03	9.604263348999999561e-01	-4.661991872999999842e-01	-1.924618831999999891e-01	5.519116804000000487e-01	-8.059955761000000551e-01	5.955860259999999906e-01	-3.805843546000000077e-01	6.588414094000000221e-01	4.074433242000000122e-01	-3.868158635000000234e-01
9.504354341999999845e-01	8.886992170999999940e-01	8.302810600000000152e-01	1.227277281999999969e+00	-1.368915276000000070e+00	-6.430702284999999518e-01	1.396825350999999937e+00	1.303091341000000014e+00	-7.935016112999999649e-01	-1.469199629000000007e+00	-2.091601657000000114e-01	1.193074831999999974e+00	-5.127262305999999992e-01	4.761238875000000093e-01	-9.779009597000000165e-01	1.330941209999999986e+00	3.879804739000000113e-01	-7.568398855000000314e-01	-1.388738326999999995e+00	6.924418368000000157e-02	7.187917768000000318e-02	2.674655114000000222e-01	-1.295188956999999919e+00	1.378915603999999906e+00	1.335418271000000101e-01	1.765708266000000012e-02	-3.139736971000000043e-01	-1.086807275999999989e-02	-3.033934593000000013e-01	-2.802117006000000021e-01	1.915660085999999929e+00	-3.724713864999999735e-02	3.274308206000000054e-01	-1.022285668000000036e-01	-7.247471300000000172e-01	-9.216290668000000075e-01	1.050084205000000104e+00	-6.583975184000000480e-01	-3.777546915000000172e-01	-2.381641550999999968e-01	1.254402261000000074e+00	8.975197994000000401e-01	-9.112015714000000211e-01	-3.528169347999999816e-01	2.791004918000000168e-01	-4.791664735999999758e-01	-7.657013884000000159e-01	7.295449730999999938e-01	-4.779815303000000126e-01	6.865336052999999605e-01	-9.198355852999999527e-02	-5.693848910000000041e-01	3.059865022000000101e-01	-4.170682094000000006e-01	-2.496158358999999993e-01	9.391281684000000185e-01	-5.891646689999999742e-01	-2.899234374999999919e-01	3.855996677999999900e-01	1.288853996999999862e-01	-1.043042403999999923e+00	3.382147095000000159e-02
1.005835880000000015e+00	7.012546327999999995e-01	1.185603619999999969e+00	9.515779550999999836e-01	-1.324705669999999946e+00	-5.716690434000000209e-01	1.233427057999999965e+00	1.273270369000000013e+00	-1.023293046999999900e+00	-1.458784424000000080e+00	-3.201575527000000143e-01	1.093571516999999993e+00	-4.969539078999999915e-01	4.390106878000000212e-01	-1.230059124999999920e+00	1.709525130999999920e+00	1.035688730000000057e-01	-5.911683410000000416e-01	-9.356695052000000290e-01	-2.083396663000000038e-01	-3.257238454999999977e-02	-8.055975137000000175e-02	-1.102822399999999980e+00	1.570333720999999905e+00	-8.700888020000000500e-01	1.890230984999999864e-01	-5.499630612999999446e-01	1.125279010999999940e+00	-6.970823296000000502e-02	-3.236296690000000087e-01	1.485104052999999924e+00	9.581707761000000101e-01	8.169101343000000348e-01	-1.060793971999999946e-01	-1.148607393999999893e+00	-1.166954306000000052e+00	1.376034101999999981e+00	-6.100482200000000299e-01	-4.388850510000000260e-02	1.896915309999999966e-01	4.562128697000000233e-01	6.937584090999999731e-01	-1.384178766000000005e+00	2.256192540999999996e-01	1.922964020000000052e-01	-5.820388020000000218e-01	-6.257917154000000037e-01	8.034493064000000073e-01	-3.848547348999999951e-01	3.824131791000000002e-01	6.989420790999999467e-01	-8.350987461000000112e-01	1.047911656999999941e-01	5.635982349000000502e-01	8.918358961000000251e-02	1.235248268000000094e+00	-1.018410041999999960e+00	-2.160873775000000108e-01	4.439510199000000212e-01	-8.239630267999999980e-01	8.842414630999999581e-01	2.918540968000000180e-01
9.386506129999999670e-01	8.217104396000000088e-01	7.348180478000000404e-01	1.123493510999999945e+00	-1.442441276000000050e+00	-8.008053148999999538e-01	1.176179488999999911e+00	1.352882107999999972e+00	-8.684986461999999463e-01	-1.180768033999999966e+00	-5.746527079000000038e-01	8.267314324000000214e-01	-4.964911096999999884e-01	1.048704020000000015e-01	-1.039091532000000040e+00	1.434396919999999964e+00	-3.673683819999999656e-02	-2.907886538000000187e-01	-7.278880797000000236e-01	-9.044385959999999558e-02	-2.284937776000000031e+00	3.617380997999999903e-01	-2.973250398000000239e-01	1.484516052999999891e+00	-5.442503482999999642e-01	-1.629577237000000012e-01	-6.640704322999999576e-01	8.665982385999999593e-01	-1.636460453999999953e-01	-5.527483861999999970e-01	1.060231257000000094e+00	1.259157174000000046e+00	3.680318327000000056e-01	2.357997662999999910e-02	-6.725660300000000369e-01	-1.264718942000000013e+00	1.284218480999999912e+00	-5.304745442999999616e-01	3.282656441999999841e-01	-2.810477731000000090e-01	3.290312162999999845e-01	9.207960574000000342e-01	-9.086130751000000005e-01	-4.060927232000000053e-01	2.859117304000000082e-01	-1.609152055999999928e-02	-7.690456360999999852e-01	1.082338736000000079e+00	-8.398708919999999800e-01	-2.214962135999999915e-01	3.271160783000000016e-01	-8.096712412000000025e-01	5.163835248000000488e-01	8.623611593000000131e-01	7.557066837999999454e-01	9.571805079999999855e-01	-7.652492795999999986e-01	-2.291004421000000096e-02	-1.196479577000000072e+00	-5.032125054999999625e-01	5.591487093000000463e-01	-1.294783431000000040e-01
9.301898145000000451e-01	8.965113413999999947e-01	5.114708666999999709e-01	1.227964048000000030e+00	-1.500950269999999920e+00	-7.674596116999999884e-01	1.094233653999999945e+00	1.310671748000000081e+00	-7.136246962000000194e-01	-8.595811762999999717e-01	-7.493370370999999919e-01	8.066873315000000488e-01	-5.299908867999999496e-01	1.252672880000000044e-01	-9.898741971000000195e-01	1.312727320000000031e+00	4.032641113000000055e-01	-5.960081383999999982e-01	-1.355152888999999972e+00	-2.109228633000000130e-01	-1.323047995999999893e+00	6.101412922000000183e-01	-3.667493200999999980e-01	1.337759431999999915e+00	3.376764130000000086e-01	-8.045511118000000517e-01	-6.447110096000000512e-01	-7.181596885000000041e-01	3.189159429999999934e-02	-7.949080935000000236e-01	1.048838418999999966e+00	1.082486792000000086e+00	4.318066432000000066e-01	-2.340861666000000063e-01	-5.227098220000000461e-01	-1.515302015000000058e+00	9.407063375999999977e-01	1.373129624999999965e-01	3.373429474999999900e-01	-3.998342340000000106e-01	6.478673536000000288e-01	8.317101690000000547e-01	-5.670833031999999996e-01	-2.747518621999999744e-01	1.024508962999999967e-01	6.078959309999999727e-02	-1.002421687000000006e+00	5.201098328000000048e-01	-9.734733239999999732e-01	-4.618634684999999851e-01	-2.159986055999999974e-02	-6.365885365000000240e-01	2.650234864000000079e-01	4.501060675999999927e-01	5.870587587000000163e-01	5.409505771000000518e-01	-4.785342555000000053e-01	-6.431021381000000536e-01	-6.726003994000000485e-01	2.064903835000000132e-01	-1.580461102999999867e-01	-3.680057144000000169e-01
9.956377289000000186e-01	8.491278439999999650e-01	1.008528187000000020e+00	1.096734738999999959e+00	-1.494819612999999991e+00	-6.822417403999999630e-01	1.232417631999999985e+00	1.101651461999999970e+00	-8.823070362999999583e-01	-6.441064735999999513e-01	-4.474262379999999761e-01	8.245807306000000336e-01	-5.508370079000000086e-01	4.422292089000000037e-01	-1.380762376000000069e+00	1.619784485000000052e+00	8.259311878999999745e-01	-5.202708122000000435e-01	-1.059294264999999902e+00	-4.109004593999999733e-01	2.897681767999999991e-01	3.185678098999999985e-01	-3.248360483000000132e-01	1.718609046999999945e+00	-1.540167057000000062e-01	-1.150161782000000077e+00	-5.815361507999999846e-01	-6.358941057000000105e-03	2.031877190999999971e-01	-6.315249513999999786e-01	1.346132668999999948e+00	5.557645051999999808e-01	5.949443438000000528e-01	-5.035222450999999877e-01	-5.431102991999999796e-01	-1.522890414999999997e+00	9.264201207000000160e-01	4.580467869000000025e-01	4.967050742999999935e-01	1.684695867999999944e-02	5.964114849999999635e-01	1.002522538000000019e+00	-9.460786092999999841e-01	6.714074124000000143e-01	1.030107844999999939e-01	-4.818116861999999778e-01	-8.233641503999999944e-01	5.132962344000000510e-01	-1.115521680000000071e+00	-4.563282498999999826e-01	1.288139113000000002e-01	-9.447579855000000082e-01	2.567650860999999840e-01	5.253946657000000409e-01	8.085868118000000271e-01	3.285421244999999768e-01	-4.062351921999999838e-01	-8.070072940000000417e-01	-3.073351838000000225e-01	-2.662801592999999856e-01	-1.444351187999999953e+00	-5.168630118000000495e-01
1.105519423999999917e+00	6.503581648999999798e-01	1.278436807999999925e+00	8.469819812000000114e-01	-1.362703949999999997e+00	-5.501144046999999482e-01	1.168710981000000038e+00	9.704739379000000277e-01	-9.750037650999999750e-01	-4.743030967999999903e-01	-1.718530952000000001e-01	7.549063233999999678e-01	-4.907441510000000173e-01	7.075926133000000062e-01	-1.543843043000000081e+00	1.945399391999999894e+00	1.017400574999999918e+00	-1.745240328999999868e-01	-1.204317563000000035e+00	-3.573321199000000226e-01	-3.513517763999999821e-01	2.000050375999999908e-01	1.066214382000000016e-01	1.460987017000000110e+00	-1.252080724000000034e+00	-1.021496541999999952e+00	-4.283140152000000089e-01	1.670908309999999952e+00	4.344305685000000028e-01	-3.263329373000000144e-01	8.198407528000000166e-01	1.315507535999999922e+00	9.665884398999999849e-01	-1.805166333000000067e-01	-3.686481536999999808e-01	-1.705659322000000033e+00	1.135654227000000072e+00	8.084293710000000077e-01	9.879254642000000475e-01	-3.103340407999999884e-01	1.435720199999999946e-01	5.680774799000000153e-01	-1.553505083999999981e+00	4.796138227000000254e-01	3.286647447000000111e-01	-1.108895542000000040e-01	-7.784859509999999538e-01	6.070759145999999884e-01	-5.585813120999999493e-01	-4.001023828999999976e-01	4.943874468000000189e-01	-8.795544443999999684e-01	-4.427254144000000030e-02	1.159110228999999936e+00	9.358757753999999984e-01	6.056760096000000093e-01	-3.556754973999999847e-01	-8.174778083000000528e-01	-4.387862639000000148e-02	-6.346732158000000235e-01	7.822409675999999479e-01	-1.361554664999999886e-01
1.099821592000000070e+00	8.655583923999999874e-01	8.263747512000000350e-01	1.045644073999999923e+00	-1.481424298999999944e+00	-7.717186043000000550e-01	1.119571252999999933e+00	1.197338446999999917e+00	-8.329617201000000248e-01	-2.488767034000000100e-01	-5.940996780999999727e-01	8.403552734000000468e-01	-6.719012971000000167e-01	7.676409753999999808e-01	-9.599145452999999772e-01	1.569585981999999991e+00	1.307506773999999927e+00	-3.118363867999999761e-01	-1.153176908000000056e+00	1.578834772000000108e-01	-1.823732936999999943e+00	7.612411143999999741e-01	4.444717471999999892e-01	1.157159993000000053e+00	-1.829126379000000080e-01	-1.353660212999999946e+00	-6.754942415000000366e-01	9.789538646000000011e-01	2.215923814999999908e-01	-7.829346379000000355e-02	3.514202887999999803e-01	9.163300613000000538e-01	6.770148749000000077e-01	-4.399945438999999792e-01	-1.086594285999999965e-01	-1.323288550000000008e+00	5.606009879000000140e-01	1.050233068000000047e+00	1.418471028999999994e+00	-1.062106647000000015e+00	3.289539448000000088e-01	1.035965465999999946e+00	-5.878935375999999602e-01	-1.842064922999999965e-01	5.526402657000000218e-01	-1.948905140999999952e-01	-1.086020685000000041e+00	1.354471208000000093e+00	-8.842388421000000331e-01	-1.068990896000000079e+00	-8.218038010999999532e-01	-3.554735669999999903e-01	2.566782159000000063e-01	-1.732546053000000030e-01	6.921452865999999648e-01	1.503046256999999997e-01	-5.695398715999999695e-01	-5.008734028000000338e-02	-1.720083927999999984e+00	-2.088069237000000078e-01	7.605116070999999867e-01	-6.017008544999999931e-01
1.071840244000000109e+00	9.242802346999999807e-01	4.957285250999999837e-01	1.210563593000000049e+00	-1.563997209000000055e+00	-7.240442433999999539e-01	1.197661533000000000e+00	1.275285259999999976e+00	-7.471965730999999833e-01	-1.492141469999999984e-02	-4.988757694000000020e-01	1.086815365999999949e+00	-8.841989076999999808e-01	8.583815083000000401e-01	-1.032886390999999904e+00	1.436687969999999925e+00	1.688316514999999907e+00	-3.753747279999999908e-01	-1.626074019000000037e+00	-3.711016436999999835e-01	-1.032593403999999992e+00	8.165626082000000396e-01	2.998103885999999774e-01	1.252588967000000109e+00	4.513371714000000146e-01	-1.294416754000000003e+00	-6.678652412000000149e-01	1.902240877999999968e-01	7.775884813000000229e-02	-1.020109297999999970e-01	4.982690160000000090e-01	5.711786533999999582e-01	2.450886677999999930e-01	-7.992294172999999669e-01	-1.666227418000000016e-01	-1.343066265999999898e+00	5.729270617999999704e-01	1.267065311000000083e+00	1.395285644999999963e+00	-8.057931591000000449e-01	4.458265813999999772e-01	1.033160314999999940e+00	-5.140936713999999519e-01	-4.244492783000000102e-01	9.881932172000000569e-02	-2.626718399999999898e-01	-1.260054224999999972e+00	1.041982082000000087e+00	-7.045104153000000258e-01	-1.108105074000000023e+00	-1.052169643000000043e+00	-6.107279369000000457e-01	-2.355471741999999868e-01	-9.550299324000000034e-01	4.295672909000000095e-01	3.429528571999999886e-02	9.435597291000000220e-02	-8.527465740999999877e-01	-1.208338373999999993e+00	5.500433567000000412e-01	-1.019485954999999944e+00	-7.960772323999999456e-01
1.072473529000000037e+00	9.309680420999999484e-01	9.260552301000000153e-01	1.143595753000000048e+00	-1.503664507999999955e+00	-8.442888930999999930e-01	1.297571159000000085e+00	1.219894583000000088e+00	-6.898799825000000441e-01	1.594828077999999871e-01	-1.897922533999999994e-01	1.158851888000000052e+00	-7.987633413000000404e-01	9.890011287000000095e-01	-1.337027109999999963e+00	1.465239023000000085e+00	1.953395578999999938e+00	-3.796712198000000149e-01	-1.426255907000000045e+00	-7.984257517999999720e-01	4.805118688000000193e-01	6.426580323999999678e-01	4.438702779999999931e-02	1.719630054000000019e+00	1.001602663999999976e+00	-1.398233947000000033e+00	-8.246218185999999450e-01	-6.774315193000000068e-01	3.898285506999999983e-01	1.144826270000000035e-01	1.279215495999999952e+00	-1.201807022000000030e-01	1.462928455999999988e-01	-1.209177720000000011e+00	-3.779089935000000122e-01	-1.371108226999999902e+00	4.563159170000000153e-01	1.095782994999999982e+00	1.194164792999999891e+00	-9.213506688000000500e-02	5.396292292000000046e-01	1.099021199000000060e+00	-1.066051290999999956e+00	4.117408118000000228e-02	6.854734176000000234e-01	-5.764584001000000457e-01	-9.067666337999999993e-01	1.369013430000000087e+00	-6.139604026999999631e-01	-8.539824641000000049e-01	-5.927862996999999634e-01	-1.017618750000000016e+00	5.091794390999999920e-02	-1.073243315000000031e+00	3.060505005999999972e-01	2.885789469999999746e-01	-2.083719619000000134e-01	-6.074267961999999521e-01	-1.285456956999999900e-01	5.797219687000000343e-01	-1.044862839000000099e+00	-4.619698608000000206e-01
1.026279197000000032e+00	9.373326346999999448e-01	1.118021847000000069e+00	1.056030990000000003e+00	-1.513930505999999898e+00	-7.778467966000000011e-01	1.394676679000000030e+00	1.346228374999999922e+00	-9.086107275000000483e-01	3.582787249000000118e-01	1.017055912999999950e-01	1.141250974999999945e+00	-6.407018169999999513e-01	8.840545912999999700e-01	-1.429626548999999969e+00	1.627301689000000051e+00	2.083813489999999824e+00	-7.221329531999999898e-03	-1.587097374000000061e+00	-1.077406947000000059e+00	-6.132961622000000501e-01	1.746416403999999922e-01	5.906150891000000458e-01	1.564885351000000036e+00	1.498327342999999923e-01	-1.202792059000000080e+00	-5.501317422999999485e-01	-9.506474854999999446e-02	6.615185770000000520e-01	2.221472274999999885e-01	1.395326695000000061e+00	-9.339115328000000549e-01	4.104315353999999916e-01	-9.711019522999999598e-01	-1.456711528999999894e-01	-1.444731009999999927e+00	6.352838453000000385e-01	8.393113584000000404e-01	1.102141068999999973e+00	-1.459446162999999963e-01	9.006143558000000438e-01	6.494513035000000212e-01	-1.260436649999999936e+00	-2.022542824000000128e-01	1.497353130999999893e+00	1.744252665000000160e-02	-8.796911698999999585e-01	1.235535451999999923e+00	-1.282777287000000030e-02	-5.177075231000000111e-01	9.384913936000000012e-02	-4.706074512000000265e-01	-1.338805915999999874e-01	2.583667641999999876e-01	7.158696329000000524e-01	8.098045401000000254e-01	-2.671790598999999933e+00	-2.329076801999999946e-01	5.631206664000000250e-01	1.033793865999999895e+00	-3.263467006999999920e-01	-4.205149000000000248e-01
9.955423307999999860e-01	9.638167025999999638e-01	6.143248949999999819e-01	1.175918559999999946e+00	-1.574997589000000087e+00	-7.614902637999999557e-01	1.186067734999999956e+00	1.510521084000000069e+00	-7.960975889000000416e-01	3.879074544000000180e-01	-4.005937607000000233e-01	1.282000878999999927e+00	-5.632525129000000019e-01	8.301814799000000189e-01	-9.318961635000000410e-01	1.729471305999999986e+00	2.255280629000000037e+00	-1.308131394000000038e-02	-1.323531307000000101e+00	-9.252470726000000534e-01	-1.942215553000000039e+00	-1.498473046999999891e-01	7.971834250999999538e-01	4.366105945000000044e-01	5.344788661000000191e-02	-1.032835205000000034e+00	-3.008912910000000052e-01	-3.535051725000000200e-01	4.262388730000000181e-01	7.914248793000000504e-01	9.861983637000000247e-01	-1.173182273999999969e+00	4.502231706000000000e-01	-1.139674316000000021e+00	-3.727409374000000275e-01	-9.642451064999999488e-01	9.011171950999999902e-01	1.102067236999999977e+00	1.185089006999999972e+00	-3.365207491000000301e-02	1.155575550000000007e+00	9.338699169999999938e-01	-1.508869102000000018e+00	-5.704508619000000502e-01	1.415025667000000098e+00	3.695849480000000242e-01	-6.046757115999999987e-01	1.611580808999999892e+00	4.585378179999999859e-01	-5.545063517999999636e-01	-2.536821136999999893e-01	2.630711451000000145e-01	6.598658081999999592e-01	1.009498344000000047e+00	3.043012129000000066e-01	1.317950694000000089e+00	-8.683171188999999623e-02	-3.836334240000000007e-01	1.533021984999999865e-01	2.156599382000000009e+00	9.569515788000000356e-01	-3.429739078999999857e-01
1.006364846000000091e+00	9.754946957000000252e-01	6.936233093000000460e-01	1.332281346999999894e+00	-1.503197235000000020e+00	-6.856597612999999480e-01	1.299759644999999963e+00	1.590752858000000103e+00	-8.046102934000000095e-01	5.098323090999999918e-01	-2.779134799999999905e-01	1.620393688000000054e+00	-5.634859483999999918e-01	9.447808157999999512e-01	-9.886320293999999453e-01	1.913606504000000097e+00	2.711081022000000118e+00	8.284122641999999703e-02	-1.620253479000000052e+00	-1.989047120000000113e-01	-3.743226746000000160e-01	-4.863393356999999861e-01	5.584384686000000153e-01	-2.065250054999999973e-01	4.536843825999999913e-01	-6.431256466000000449e-01	9.422744985000000018e-01	-6.986248135000000525e-01	2.801407761999999968e-01	1.597132556999999897e+00	1.197038089000000083e+00	-1.485256101000000051e+00	6.884119659999999863e-01	-1.325212551999999988e+00	-3.747115737000000224e-01	-8.003381980999999534e-01	-1.051734430000000053e-01	1.571342967999999951e+00	1.019942858999999924e+00	1.042340325000000067e+00	1.377123313000000016e+00	9.175780895999999798e-01	-1.471242688000000021e+00	-6.220630711000000312e-01	1.286093447999999917e+00	2.841018569000000049e-01	7.310440168000000016e-02	6.848993048999999500e-01	7.289522891999999921e-01	-4.526030030000000037e-01	2.873163543999999736e-01	2.021994237999999999e-01	3.819943893000000146e-01	1.258728255000000074e+00	3.861056362999999991e-01	1.216242397999999891e+00	6.725348096000000053e-01	-2.687605388000000040e-01	3.659453126000000167e-01	2.741897492000000103e+00	5.471664401000000261e-02	-1.309358253000000027e-01
1.047722233000000003e+00	9.080745136000000217e-01	1.220271083999999950e+00	1.152186305999999938e+00	-1.610201722000000002e+00	-7.836025341000000255e-01	1.390132979999999963e+00	1.636169395000000026e+00	-7.348689081000000511e-01	5.505568562999999527e-01	2.678980456000000232e-01	1.878684127999999953e+00	-4.187828376000000130e-01	1.022335860000000096e+00	-1.216991651999999924e+00	2.056095731000000093e+00	3.113700264999999856e+00	2.521485634000000253e-01	-1.424975587000000044e+00	3.902804114000000268e-01	1.317082370999999863e-01	-8.167957138000000450e-01	6.741648520999999894e-01	-5.434272512000000166e-01	-7.482635794999999979e-01	-2.512798907000000082e-01	1.327533451999999947e+00	9.439448740000000448e-01	3.850212618000000142e-01	2.166081511999999876e+00	1.194847299000000085e+00	-1.338188812000000061e+00	1.624421893000000061e+00	-1.543134130000000104e+00	-4.544108622999999958e-01	-7.878576934000000587e-02	-1.320158657999999985e+00	1.925897493999999988e+00	1.196476770000000078e+00	8.683468422000000242e-01	1.697595645999999903e+00	-7.948167342999999663e-02	-1.926843746000000079e+00	-1.855884107999999921e-01	1.769607581000000041e+00	3.268274031000000246e-01	3.161540771999999944e-01	-6.256619628999999794e-01	6.705275295999999496e-01	2.304378552000000135e-01	-1.877065164000000022e-02	1.101111359000000040e-01	1.686065445999999912e-01	1.712511539999999943e+00	6.188128028999999586e-01	8.747196924000000262e-01	2.500564142000000212e-01	-4.655351909000000066e-01	4.275085666999999812e-01	1.965471363000000027e+00	-5.882734071999999870e-01	-6.230448798000000066e-01
1.091274646000000015e+00	8.291246178000000189e-01	1.329380218000000058e+00	1.036711927999999894e+00	-1.509628712999999900e+00	-8.236248219999999787e-01	1.205853180000000080e+00	1.596650912999999949e+00	-9.571591638999999985e-01	3.350423599999999835e-01	1.574649706000000038e-01	2.200229264999999934e+00	-4.444641890000000095e-01	1.012811359999999938e+00	-1.180219045999999938e+00	2.047452299999999781e+00	3.245387646999999820e+00	4.066720223999999995e-01	-1.537006298000000104e+00	6.958157084999999631e-01	-5.300934931999999877e-01	-9.817550039000000339e-01	3.138620393000000064e-01	-1.124902284000000030e+00	-7.789820725999999640e-01	1.606133572000000009e-01	1.611447706000000091e+00	6.676859569999999966e-01	2.738366866999999982e-01	2.342132145999999970e+00	1.371647588000000084e+00	-1.231645939999999939e+00	1.924900907999999911e+00	-1.678889134999999921e+00	-6.598250968000000105e-01	-2.437077519999999997e-01	-1.218301070000000097e+00	2.054088630999999943e+00	1.595658881000000084e+00	1.096230129999999914e+00	1.719202058999999894e+00	-3.997952410000000234e-01	-1.896927577000000031e+00	-2.604606038000000234e-01	1.637673877999999972e+00	4.503764321000000015e-01	4.002302810999999738e-01	-7.918924858000000455e-01	2.474551665999999983e-01	-3.146980031000000122e-01	-5.185515242999999552e-01	-3.061504357000000009e-01	1.162775763999999989e-01	1.260509021000000063e+00	4.358566164000000076e-01	5.817458492999999509e-01	-7.066505632999999786e-01	-7.824996469999999649e-01	6.690467187999999954e-01	9.256577727000000477e-01	1.398065754000000105e+00	-7.856613317999999735e-01
1.012974435000000062e+00	9.385021957000000414e-01	7.562231120000000306e-01	1.130364904999999975e+00	-1.620765832000000017e+00	-8.442697260000000536e-01	1.089345883000000015e+00	1.724050795999999997e+00	-1.024969456000000001e+00	1.586080197999999997e-01	-4.535629240999999867e-01	2.436204937999999931e+00	-6.322285535999999651e-01	7.946496203999999786e-01	-9.899634881000000108e-01	1.886556434000000060e+00	2.819717878000000066e+00	2.394535274000000047e-01	-1.103182405000000088e+00	6.455942480999999900e-01	-1.994386538000000098e+00	-9.056599787000000346e-01	4.123037375999999976e-01	-1.406355975999999952e+00	-1.051181440999999994e+00	2.146053729999999882e-01	1.337545278999999976e+00	4.968517224999999815e-01	-5.322092592999999594e-01	2.162792694999999821e+00	1.507477643999999950e+00	-1.424725489999999928e+00	1.589564682000000007e+00	-2.040812509000000219e+00	-6.870994308000000217e-01	4.882103623999999725e-02	-1.316993690999999966e+00	1.976771073999999961e+00	1.535848287000000090e+00	1.250346167000000008e+00	1.529938449000000089e+00	-9.138154995000000169e-02	-1.277233443999999940e+00	-7.005991933999999866e-01	1.411485902999999986e+00	7.220052856999999991e-01	8.519138059000000429e-02	1.031199232000000049e-01	-1.864868846999999941e-01	-1.029950289000000074e+00	-9.001229613000000240e-01	-1.522111345000000115e-01	3.022234181999999825e-01	7.448568437000000486e-01	1.916138540000000001e-01	4.347634210999999915e-01	-7.066316019999999698e-01	-6.601278092000000264e-01	-1.427692073000000006e+00	3.364406187000000270e-01	1.543181153999999999e+00	-1.113959630999999950e+00
1.038878285000000012e+00	1.003352537000000044e+00	5.985518817999999630e-01	1.229481347999999974e+00	-1.668737324000000077e+00	-8.989858827000000163e-01	1.122583311999999944e+00	1.600931797000000101e+00	-1.191087650999999914e+00	1.357002629999999946e-02	-2.882149581999999821e-01	2.449571412000000059e+00	-7.785036672999999796e-01	6.368072761999999942e-01	-1.302495742999999928e+00	1.787278598999999968e+00	2.664336841999999983e+00	-3.339500994999999861e-02	-9.856757546000000092e-01	4.721090639000000144e-01	-3.742046372000000232e-01	-7.273286757000000380e-01	1.445334551999999939e-01	-1.415326080999999903e+00	-3.646695267000000240e-01	-2.392307660999999919e-01	6.774504231000000321e-01	-5.568082227999999745e-01	-1.944428698000000011e-01	1.775141327000000047e+00	9.943705959999999955e-01	-9.237352756000000165e-01	1.409304963999999938e+00	-2.246035645000000081e+00	-1.050798703999999972e+00	2.930423817999999736e-01	-1.370140332000000072e+00	1.789074744999999966e+00	1.076865517999999966e+00	1.267251911000000009e+00	1.725361087000000015e+00	-2.845245396000000149e-01	-1.484807635999999986e+00	-6.299213525000000313e-01	9.696270188000000179e-01	7.330509750999999463e-01	2.537585836999999844e-01	-8.302600543999999472e-01	-2.219963090000000028e-01	-1.689196106000000031e+00	-7.491168593999999459e-01	-6.178099808000000470e-01	3.694753632000000176e-01	3.434922284999999964e-01	-2.237821930999999986e-01	-4.837697409999999754e-01	-3.413454134999999723e-01	-1.412928461999999996e+00	-6.472022317000000191e-01	3.563546033000000168e-01	-2.824613306000000046e-01	-1.467664944000000027e+00
1.111695737000000017e+00	8.071834507999999797e-01	1.253858911000000020e+00	1.020753334999999984e+00	-1.572645904999999900e+00	-7.628718214999999914e-01	1.191956452999999971e+00	1.155524366000000080e+00	-1.352328393999999934e+00	-2.471160904999999963e-02	1.017049680000000067e-01	1.961660948000000015e+00	-6.149724267999999716e-01	8.908379051000000493e-01	-1.841526070000000015e+00	2.195910433999999967e+00	2.425980270000000161e+00	2.000209035999999940e-01	-8.638263223000000046e-01	5.443789830999999912e-01	3.430604402999999913e-01	-9.006294402000000199e-01	-9.444006793999999705e-02	-9.599828464999999866e-01	-1.593780132000000016e+00	-3.515642455999999916e-01	3.700786635000000158e-01	1.020178162999999971e+00	3.352692232999999744e-01	1.806188131000000086e+00	4.182094621999999928e-01	-5.645629835000000041e-01	1.386679465999999916e+00	-1.901460488999999976e+00	-9.075375007999999522e-01	5.701995302000000265e-01	-1.511255648999999979e+00	1.425844837999999948e+00	1.193507622000000046e+00	1.486949354000000056e+00	1.479989956999999912e+00	-7.513233668000000032e-01	-1.400520886000000020e+00	-1.232572603999999988e-01	9.960314909999999911e-01	6.537229718999999495e-01	7.067891767999999741e-01	-1.653757096000000093e+00	-1.839232862999999885e-01	-1.158046829000000111e+00	-4.056607761000000090e-01	-7.237072307999999898e-01	7.964023776999999971e-01	6.916196954000000119e-01	-2.337603812999999864e-02	-5.340289763000000134e-01	-4.205923737999999745e-01	-1.231627811999999933e+00	3.911383916999999766e-02	-5.521176221000000384e-01	-1.270015604999999992e+00	-5.438801940999999918e-01
1.133998851000000085e+00	6.934931219000000091e-01	1.264952379999999987e+00	8.708344199999999979e-01	-1.497685992999999938e+00	-7.672879412999999982e-01	1.003361324999999971e+00	8.802022796999999787e-01	-1.192399157999999959e+00	-2.718713696000000235e-01	6.779217631999999438e-02	1.713184755999999975e+00	-6.091833062999999493e-01	7.931443312000000523e-01	-1.993647729999999951e+00	2.461919325999999852e+00	2.283607308000000113e+00	4.410154114000000014e-01	-1.229859845000000007e+00	2.438746847000000106e-01	-9.786380481999999992e-01	-8.728932619999999476e-01	-2.235591073000000022e-03	-1.303290263999999921e+00	-8.498073846999999459e-01	-5.713519422999999708e-01	1.109766271000000026e+00	1.334269189000000022e+00	4.619123631000000008e-01	1.982028590999999951e+00	5.513624671000000310e-01	-3.499806549999999739e-01	1.406774769999999952e+00	-2.043081138999999880e+00	-3.375467448999999731e-01	7.240490010000000254e-01	-1.522437859999999921e+00	1.340338094000000035e+00	1.672568599000000100e+00	1.432092120000000079e+00	1.526278252000000002e+00	-1.267217945999999928e+00	-1.467309240999999931e+00	-7.975432064999999904e-01	1.359389804999999951e+00	1.129655078999999951e+00	6.432503550000000514e-01	-1.183614927999999900e+00	-3.245781428999999774e-01	-1.248144123000000105e+00	-5.092275457999999588e-01	-1.110614527999999934e+00	6.621978366999999865e-01	3.264226277999999759e-01	4.484858710999999748e-02	-2.322300093000000121e-01	-9.759686082999999845e-01	-1.478764753000000098e+00	8.997162405999999946e-01	-9.137152118000000378e-01	6.708617224999999795e-01	-6.711243352000000051e-02
1.059344311999999899e+00	8.642858745999999481e-01	6.902306241000000231e-01	1.129482171000000035e+00	-1.607056687999999900e+00	-8.685976031000000042e-01	9.754228821000000549e-01	1.140833199000000020e+00	-1.008097341000000036e+00	-4.779206141999999824e-01	-6.633688795000000082e-01	1.720823674000000025e+00	-9.006771439999999851e-01	6.148632692000000066e-01	-1.480790867999999927e+00	2.197586531999999870e+00	1.932230101000000033e+00	3.332175446000000263e-01	-1.000055343999999957e+00	3.134059808999999919e-01	-1.726732541000000065e+00	-9.312843140000000020e-01	-2.786673608999999940e-01	-1.179714681000000098e+00	-7.709287516999999701e-01	-1.049986458000000011e+00	6.737330655000000057e-01	1.125450108999999976e+00	-1.937461124000000035e-01	1.962424525000000086e+00	7.473423773999999797e-01	-5.120652972000000469e-01	8.748130738999999600e-01	-2.287254939999999959e+00	-1.496982387000000136e-01	1.110788215999999995e+00	-1.611019184999999965e+00	1.523099009000000059e+00	1.658779891000000006e+00	1.861677314000000028e+00	1.571038763000000005e+00	-8.622140963000000102e-01	-4.862461439999999913e-01	-9.423445166999999678e-01	1.464120921999999991e+00	9.086552871999999947e-01	6.039521812999999462e-01	3.536740202000000083e-02	-1.113753490999999984e+00	-1.922592132999999981e+00	-1.265836613999999916e+00	-6.811361205999999502e-01	7.520344509999999927e-01	5.583224564000000001e-02	-3.042130789999999974e-01	-6.039399160999999738e-01	-1.023404651000000110e+00	-1.080224561999999944e+00	-1.309466323000000099e+00	-6.346864451999999490e-01	1.030509394000000079e+00	-1.661347142000000054e-01
1.084482304000000008e+00	8.669904025000000347e-01	6.659648946999999763e-01	1.237264622000000092e+00	-1.482170191000000026e+00	-8.475375067999999512e-01	1.059289021000000108e+00	1.180250838999999941e+00	-1.145583870000000060e+00	-4.403944489000000129e-01	-5.757249236999999464e-01	1.586905202999999931e+00	-9.026973670000000283e-01	7.575554910999999780e-01	-1.792957023000000039e+00	2.070119574000000018e+00	1.764776762999999971e+00	2.393449166000000128e-01	-1.145952144000000006e+00	4.971482167999999868e-01	-1.828785260000000135e-01	-8.042445500999999553e-01	-7.956440555999999553e-01	-8.627806098000000423e-01	5.730780758000000308e-01	-1.576908079000000074e+00	4.157648789999999761e-01	-2.464465932000000081e-01	-3.089486932000000130e-01	1.753024389999999988e+00	3.428481045999999810e-01	-8.690211775999999722e-01	5.813616056000000532e-01	-2.007094464000000134e+00	3.250261863000000057e-02	1.149816744000000002e+00	-1.530765136999999942e+00	1.291406920000000014e+00	1.363648610000000039e+00	1.439500733999999893e+00	1.563411729000000028e+00	-1.067917679000000009e+00	6.210175434000000244e-02	-8.859798093999999846e-01	9.802826212999999900e-01	7.237477162000000019e-01	6.855753479999999733e-01	-8.980125344999999593e-01	-1.056135899000000045e+00	-1.756366627000000014e+00	-9.242031939999999501e-01	-5.371098251000000490e-01	5.724926704000000283e-02	-3.757298300999999952e-01	-7.592532902999999944e-01	-5.289210257999999998e-01	-4.144617138999999728e-01	-3.310110110999999744e-01	-4.286406480000000130e-01	-1.300808546999999982e-01	-6.068950655999999499e-01	2.870000884000000196e-01
1.148875482000000003e+00	7.308805632999999524e-01	1.216297125999999951e+00	1.055340771000000011e+00	-1.502979304999999988e+00	-6.481727913000000507e-01	1.156882144999999973e+00	1.080439133999999912e+00	-1.056195513999999891e+00	-6.242220414000000384e-01	-4.531459401000000053e-02	1.222310996999999899e+00	-8.253679718999999970e-01	7.317779210999999506e-01	-2.136773756000000191e+00	2.225625567999999888e+00	1.439090121000000000e+00	3.767174278000000043e-01	-1.057388827999999892e+00	7.492304180000000091e-01	1.975978952000000122e-01	-4.757719249999999844e-01	-5.223122131999999862e-01	-2.886662916000000134e-01	-1.965481059000000030e+00	-1.418619325000000098e+00	-8.176997386999999839e-02	7.215625283000000056e-01	-2.310304153000000138e-01	1.547527096999999907e+00	-4.163407655999999957e-01	-4.420652224000000130e-01	4.520087744999999879e-01	-1.430239684000000011e+00	4.530036909999999861e-01	8.397375630000000202e-01	-1.043656686000000056e+00	7.665114073000000028e-01	1.455705880000000008e+00	6.328606106999999925e-01	1.431499324000000017e+00	-2.057165028000000007e+00	-6.651744853999999596e-02	-5.542972645000000531e-01	1.564266260999999991e+00	1.152823715000000027e+00	9.799913367000000486e-01	-1.469789854999999923e+00	-4.223780124000000025e-01	-2.064436883000000111e-01	-1.465059736000000057e-01	-1.211322894999999900e+00	-9.674236089000000094e-01	5.619267638999999592e-01	-3.722419752000000193e-01	-6.020320050999999895e-01	-4.861524326000000173e-01	2.833976743000000131e-01	-7.432625965000000390e-02	2.386168156000000040e-01	-8.868022284000000033e-01	6.079316044000000474e-01
1.185725726999999896e+00	6.101553808999999884e-01	1.434386458000000086e+00	8.583491569000000210e-01	-1.296104920999999965e+00	-4.963334574000000110e-01	1.031344542999999891e+00	1.074168588000000035e+00	-8.372853531999999710e-01	-9.248703312999999593e-01	1.298204229000000098e-01	9.330812683000000440e-01	-6.364868901000000356e-01	8.684509174000000220e-01	-2.297015730000000033e+00	2.621290528999999925e+00	1.297716032999999936e+00	5.488886574000000351e-01	-7.096876117999999511e-01	1.064340958999999920e+00	-4.418379491000000159e-01	-1.931360997999999884e-01	-1.220966859000000015e+00	-5.532336408000000372e-01	-7.761734330999999765e-01	-1.244178385999999970e+00	7.793229248999999914e-03	1.706777637999999930e+00	-3.052892613000000172e-02	1.397860483000000098e+00	-4.134339917000000031e-01	4.267390618999999941e-01	9.178850319000000368e-01	-7.595878542999999483e-02	9.853176781000000384e-01	1.246418792000000053e+00	-5.150327461999999468e-01	3.389748398999999912e-01	1.237806726000000079e+00	5.961484033999999710e-01	1.427074383999999974e+00	-1.964862547999999931e+00	-1.032530876000000014e-01	-8.847699047999999511e-01	1.397948181000000067e+00	1.196886791000000061e+00	1.490836051999999912e+00	-1.929735667999999960e+00	8.160829611000000039e-01	7.951497467999999458e-01	3.501531795999999752e-01	-7.507567423000000018e-01	-3.859823400999999876e-01	8.667913313000000231e-02	-4.616954594000000078e-01	6.769079283000000169e-01	-3.968320813999999808e-01	4.674813607000000149e-01	6.857048396999999573e-01	2.637081341999999995e-01	1.633986358000000028e+00	1.780924946999999925e+00
1.180425180999999935e+00	7.212765540000000142e-01	8.478165970000000051e-01	1.053858200000000078e+00	-1.321193784999999954e+00	-7.707916685000000268e-01	1.074992036000000040e+00	1.427256403999999979e+00	-4.213634412000000218e-01	-1.185494250999999943e+00	-5.231747983000000213e-01	1.026801139999999890e+00	-9.396303977000000085e-01	7.825406964000000132e-01	-1.117987620000000071e+00	2.288999398000000074e+00	9.158089296000000434e-01	3.341392009999999968e-01	-4.816498438999999854e-01	1.925605607999999913e+00	-1.505288686000000098e+00	-3.240397733000000002e-01	-1.622270250999999996e+00	-8.834710580000000313e-01	-8.816686214999999716e-02	-8.565119915000000139e-01	6.166012025999999535e-01	1.796649847000000078e+00	-7.752624383999999758e-01	6.986231083999999703e-01	2.592277868999999790e-01	2.796000318999999901e-01	9.210764742000000505e-01	7.213872181999999578e-01	1.203286201000000055e+00	2.289358882999999789e+00	-4.765261928999999785e-01	-8.730145844999999405e-02	5.115002523999999662e-01	8.059502778999999562e-01	1.806392758000000098e+00	-1.394701114000000075e+00	1.044111180000000028e+00	-1.615071072999999968e+00	1.538581076999999908e+00	5.650350634999999899e-01	1.917956500000000064e+00	2.280511088999999936e-01	9.589181291999999690e-01	6.321226451000000468e-01	1.011908178999999935e-01	-2.236127676999999925e-01	-3.081791084000000125e-01	-9.830332411000000103e-01	-8.419895814000000200e-01	4.273902333999999859e-01	-1.024928287000000049e+00	1.074343059000000045e+00	-1.169424446999999923e+00	6.385493516000000369e-01	2.259066924999999948e+00	2.018344084000000205e+00
1.155666481999999995e+00	8.343547711000000033e-01	5.673535922000000342e-01	1.221739412000000025e+00	-1.284403863000000090e+00	-8.778638012999999685e-01	1.155264641000000037e+00	1.767714247000000016e+00	-3.807565940000000038e-01	-1.463216311000000047e+00	-5.065285596999999918e-01	1.264070725999999922e+00	-1.155436498999999895e+00	4.459800945999999877e-01	-8.406420776999999900e-01	1.775491785000000045e+00	5.026382525000000490e-01	-6.999995199000000334e-02	-9.957997207000000017e-01	2.185296248000000219e+00	-4.952605286999999801e-01	9.627091279999999696e-02	-2.174100709999999825e+00	-8.016302270999999813e-01	1.214485795999999951e+00	8.543491270000000415e-02	7.158320810999999617e-01	8.207913019000000476e-01	-7.234793666000000067e-01	-1.805290586999999947e-01	5.763254965999999868e-01	8.382821494999999345e-02	8.885446967000000251e-01	8.982336363999999795e-01	9.980982946999999994e-01	2.396752134000000201e+00	-3.718492056000000101e-01	-7.888658490000000079e-01	-4.092409812999999730e-01	6.045760754000000237e-01	2.079775704999999864e+00	-9.411993705000000210e-01	3.891371048000000221e-01	-1.383557372999999924e+00	3.872838263999999753e-01	-9.231265499999999347e-02	2.054368352000000009e+00	-2.404750613999999953e-01	5.626717661000000259e-01	6.322010121000000149e-01	-3.307335127000000097e-01	-2.000516542999999925e-01	-6.580254392000000063e-01	-2.080252159000000045e+00	-1.409829223000000020e+00	-4.955761384000000047e-02	-9.192248210000000253e-01	6.656667759000000073e-01	-9.206035111999999465e-01	9.275692861000000011e-01	-5.400767521999999543e-01	1.630263760000000062e+00
1.196355462999999952e+00	7.450304961000000503e-01	9.371901173000000140e-01	9.627077799000000047e-01	-1.312542990000000076e+00	-7.803618881999999646e-01	1.341621999000000010e+00	1.709433889000000040e+00	-6.362361843999999600e-01	-1.670903865999999960e+00	-1.684463287000000087e-01	1.462757988999999981e+00	-1.165130079000000096e+00	2.115691553000000058e-01	-1.203213566999999928e+00	1.541264487000000072e+00	-2.165762246999999863e-02	-1.942337469000000039e-01	-1.307331330000000014e+00	1.662827226999999963e+00	3.731013921999999927e-01	3.294822734000000253e-01	-2.097043251000000108e+00	-3.922941233000000194e-01	-4.345674856000000252e-01	7.526485222000000030e-01	-1.787761646999999898e-01	2.600379470999999998e-01	-6.521464445000000332e-01	-1.029808148999999950e+00	-1.229047174000000020e-01	4.708473773999999890e-01	1.150057037000000060e+00	5.188208865000000225e-01	3.033091992000000112e-02	1.459966220000000092e+00	-6.486829331000000254e-01	-1.487474117000000096e+00	-6.721792007000000346e-01	4.862410855000000032e-01	1.975339420000000068e+00	-1.361995245999999993e+00	-4.733034767000000032e-01	-6.960291318000000338e-01	4.637828777999999930e-02	-5.234937022000000217e-01	1.918847567000000032e+00	-1.200400048999999969e+00	-7.123476158000000003e-02	7.559384290999999756e-01	-9.527073546000000004e-01	-1.076679184000000067e+00	-1.168504041999999910e+00	-1.552398340999999959e+00	-1.596316990000000047e+00	-1.246199932999999954e-01	-5.166342227000000342e-01	1.863041886000000036e-01	-3.875713943999999911e-01	-1.359943913999999976e-01	-4.878219862000000018e-01	1.473329048999999946e+00
1.156807565000000038e+00	6.210475442999999762e-01	1.314246728000000086e+00	7.359331300000000464e-01	-1.251248310000000030e+00	-8.379793884999999776e-01	1.296755714999999975e+00	1.498443653000000042e+00	-9.494309241999999704e-01	-1.793276407000000017e+00	3.122067366999999871e-01	1.186874221999999923e+00	-1.241980837999999920e+00	4.790288219000000125e-01	-1.825014475999999997e+00	1.887113792000000068e+00	-6.635169047000000209e-01	4.789157008000000104e-02	-8.252927432000000119e-01	1.359089505999999892e+00	-7.355178229999999318e-02	3.877494747999999936e-01	-2.115188174000000032e+00	-4.182300287999999866e-01	-3.570657380000000214e-01	8.683185153000000378e-01	3.015304784999999765e-01	1.918619091000000054e+00	-3.344697892999999866e-01	-1.350184808000000070e+00	-3.922208330999999992e-01	6.607808534000000344e-01	9.286345127999999782e-01	4.723336957000000003e-01	-8.562771326000000460e-01	1.433711624999999934e+00	-6.129990799000000212e-01	-1.944516676000000110e+00	-1.013057111999999954e-01	4.728815600999999869e-01	1.580009248000000088e+00	-1.521448837999999970e+00	-4.154600815999999752e-01	-4.712764604999999940e-01	-3.366030682000000218e-01	-7.476600612999999562e-01	1.703295046000000035e+00	-2.045486901999999940e+00	-1.467051669999999974e-01	6.818773706999999851e-01	-6.991042474999999978e-01	-9.380129364000000525e-01	-6.404774787000000469e-01	-1.300205520000000003e+00	-1.138762296999999979e+00	1.661151566999999885e-01	-3.768786053000000025e-01	7.540463211000000276e-01	2.495358169000000126e-01	-4.863565051000000028e-01	5.617916762000000341e-01	1.764035720000000085e+00
1.117779137999999950e+00	7.096704858000000282e-01	9.540405390999999735e-01	8.736381697999999751e-01	-1.383685164000000078e+00	-1.019672697999999933e+00	1.228747049999999952e+00	1.575655464000000006e+00	-9.505963190999999757e-01	-1.893035140999999921e+00	-7.582910426000000204e-02	8.522078200999999575e-01	-1.519527499000000059e+00	4.283172250999999764e-01	-1.837100147999999988e+00	1.764240856000000024e+00	-9.525777919000000260e-01	-2.731971843000000066e-01	-4.557679035000000156e-01	1.250645994000000094e+00	-2.079909847000000145e+00	-4.774453220000000192e-02	-1.323715945000000005e+00	-5.920704332999999764e-01	-4.102157732000000223e-01	8.103022193000000151e-01	1.172217065999999974e+00	7.802530181000000287e-01	-8.506486757000000232e-01	-1.485280142999999997e+00	-1.115509231000000046e-01	2.487382559000000104e-01	7.791695520000000430e-01	-2.690231042999999822e-01	-1.674684620000000068e+00	1.921659137000000017e+00	-8.083201349999999952e-01	-1.970561339999999939e+00	8.863624404000000623e-03	5.132139784999999454e-01	1.692170930000000073e+00	-1.722278570000000064e+00	-3.107344255000000013e-02	-1.185065287000000023e+00	2.510401586000000074e-01	-4.344770665000000087e-01	1.541886418000000036e+00	-8.180136419000000325e-01	-9.800476856000000722e-03	1.135639588999999977e-01	-1.418040457999999893e+00	-6.012877138000000121e-01	-7.409591773000000492e-01	-1.638110482000000090e+00	-9.583833346000000253e-01	-2.986373345000000179e-01	-8.777037800000000445e-01	3.666510626000000217e-01	-4.843176665999999742e-01	-6.063322260000000297e-01	9.862530147000000413e-01	5.181060356000000144e-01
1.034045262000000021e+00	7.924087882000000471e-01	5.437735922999999971e-01	1.068671503000000023e+00	-1.431685507000000079e+00	-1.066013510999999969e+00	1.208061623000000084e+00	1.503145058999999950e+00	-1.032967103999999914e+00	-2.013730479999999989e+00	-3.896913539999999898e-01	5.624349445999999864e-01	-1.769953855000000020e+00	2.471652068999999896e-01	-1.667509077999999922e+00	1.745175568000000066e+00	-8.047184389999999521e-01	-1.313895442000000136e-01	-1.397902616000000098e+00	8.131986712000000006e-01	-1.497092599999999996e+00	-3.114585612999999920e-01	-9.877448653000000522e-01	-5.505647474999999513e-01	3.097200688000000257e-01	4.571892558000000273e-01	1.010411661000000016e+00	8.602625672000000501e-01	-1.006101244999999977e+00	-1.719023294000000091e+00	3.091418699999999853e-01	-2.125619136999999936e-01	2.928542439999999858e-01	-4.219122303000000240e-01	-2.000974037999999844e+00	1.655065235999999995e+00	-9.358763547999999766e-01	-2.014348782999999976e+00	-1.238325009999999976e-01	6.861904550999999852e-01	2.051693808000000008e+00	-1.394889806999999982e+00	3.499504343000000017e-01	-1.295242972000000048e+00	-2.714675752999999858e-01	-7.233299739999999867e-01	1.390576400999999906e+00	-5.695105399000000013e-01	-2.713076526000000044e-01	-3.041538341000000201e-01	-1.845415470999999918e+00	-2.261641994999999961e-01	-1.089817668000000017e+00	-1.738555473999999990e+00	-1.196238088000000088e+00	-3.147752630999999801e-01	-9.327835116999999565e-01	5.809535974999999880e-02	-4.059707724000000129e-01	-6.767993015000000057e-01	-1.554415067999999900e-01	-4.856537472999999938e-01
1.100670848000000035e+00	7.753911297000000147e-01	6.828932112000000165e-01	1.042643462000000021e+00	-1.368470784000000107e+00	-1.148173139000000065e+00	1.220744870999999954e+00	1.275915788000000051e+00	-9.948968588000000057e-01	-2.018454746999999827e+00	-3.981291833999999752e-01	3.333027308000000022e-01	-1.679585689000000048e+00	8.190089130000000051e-02	-1.762116879999999997e+00	1.454624101999999919e+00	-8.975619597999999755e-01	-3.849414022000000046e-01	-1.159279366999999894e+00	7.175837301999999918e-01	1.631842336000000060e-01	1.471382296000000034e-01	-1.097389882999999955e+00	-2.660619459999999936e-01	6.854878645999999964e-01	1.814328296999999923e-01	-1.481865863000000061e-01	-4.832924910999999990e-01	-8.360863936000000329e-01	-1.796777029000000026e+00	-3.991951572999999920e-01	-8.930881409999999465e-02	-8.864890766999999894e-02	-8.699251226999999975e-01	-1.832093509999999981e+00	1.168568427999999937e+00	-1.211563783999999977e+00	-2.392714299000000100e+00	-1.856865007000000067e-01	6.890795132999999462e-01	1.812199254999999898e+00	-1.551616217999999936e+00	-3.042104925999999931e-01	-1.197151269999999990e+00	-5.028760723999999710e-02	-8.925009087999999924e-01	1.266821516000000036e+00	-1.140093932000000088e+00	-1.012814359000000053e+00	-2.171218075999999941e-01	-1.725711076000000066e+00	-7.172335842999999489e-01	-1.592132380000000014e+00	-1.657853234000000064e+00	-1.573821195999999922e+00	-1.042937926000000015e+00	-3.681530491000000183e-01	2.371527083999999952e-01	6.922769910999999887e-02	-3.117188444999999808e-01	3.083816444999999962e-01	-3.026743389000000062e-01
1.103847290999999897e+00	7.400378163999999925e-01	1.262225847999999928e+00	9.215066588000000447e-01	-1.399517890999999903e+00	-1.146991448999999941e+00	1.244824705999999948e+00	1.137596253999999973e+00	-1.140908226999999941e+00	-1.891314987999999975e+00	-1.322899915999999898e-01	-5.778674915999999773e-02	-1.493466879000000080e+00	-1.458590902999999939e-01	-2.273550629999999906e+00	1.771413804000000036e+00	-8.240339401999999813e-01	-2.342864500000000072e-01	-5.269759736000000361e-01	1.677808635999999964e-01	2.167220720999999961e-01	5.414169200999999765e-01	-7.266598705000000269e-01	-9.174210805999999385e-02	-7.206877717999999877e-01	-4.632503472999999761e-01	-3.812212260000000241e-01	9.873925028000000159e-01	-4.513884932000000183e-01	-1.732190195999999904e+00	-8.817996836999999477e-01	4.302317460000000260e-01	-2.748789985000000269e-01	-3.857297485999999775e-01	-1.380718493999999907e+00	8.345355757000000319e-01	-9.957270322000000284e-01	-2.331678097999999810e+00	-4.591586398999999985e-02	8.403840909999999997e-01	1.442200939999999987e+00	-1.703722358999999908e+00	-6.459475849000000380e-01	-2.776333022999999955e-01	-1.439057849000000000e-01	-7.134206676000000025e-01	1.482261365999999914e+00	-2.008427178999999896e+00	-1.874307106000000056e+00	-4.300110003000000014e-01	-1.299225775000000027e+00	-1.389869044000000109e+00	-8.533544693000000292e-01	-8.235746862999999696e-01	-1.074761024999999925e+00	-7.994855200999999578e-01	-4.901103573000000213e-01	6.074195534999999868e-01	4.047467641999999977e-01	-3.961634171999999787e-01	-1.016830589000000007e+00	-5.840471260999999942e-02
1.217755802999999970e+00	5.645930614999999930e-01	1.197470672999999985e+00	8.308778217000000188e-01	-1.203580660000000080e+00	-1.186240957999999956e+00	1.126173209000000064e+00	9.517956064000000493e-01	-1.175777325000000095e+00	-1.730002687999999900e+00	2.705814255000000071e-02	-4.799950718000000061e-01	-1.174913969999999974e+00	2.438033555999999935e-01	-2.185944687000000108e+00	1.822060734999999987e+00	-8.882270281999999906e-01	4.909094520000000239e-01	-1.112909946999999899e+00	1.680470733999999966e-01	-7.640866226000000427e-01	6.382213642999999825e-01	-1.775800039000000052e-01	-1.667886568999999986e-01	-9.452915224000000283e-01	-3.646358121000000119e-01	-5.050222229999999923e-01	2.129512768000000111e+00	-1.758987284999999900e-01	-1.786632788999999999e+00	-8.960391813000000427e-01	5.152551807999999900e-01	-4.736683148999999982e-01	5.960610069999999761e-02	-1.306949848999999997e+00	8.505582606999999573e-01	-7.729122449999999978e-01	-2.331938120999999864e+00	3.234585581000000154e-01	7.567296915000000235e-01	1.312466413000000109e+00	-1.671738654000000102e+00	1.523477693999999993e-02	-1.127240964000000067e+00	2.063692665999999898e-01	-3.337375470999999760e-01	1.551521815000000082e+00	-1.276758384000000079e+00	-1.092126318000000040e+00	-6.033702964999999585e-01	-7.885665273999999947e-01	-1.370121450999999935e+00	-1.102235067999999929e+00	-1.168064610999999947e-01	-1.885677933000000084e-01	-6.665527163000000144e-01	-5.745321474000000261e-01	-4.889733836000000056e-02	7.767516958000000304e-01	-5.651482926999999989e-01	1.059336325000000079e+00	1.324016986000000062e-01
1.121624997999999929e+00	7.337390486999999517e-01	6.212721310000000052e-01	1.084237577999999980e+00	-1.290838648999999894e+00	-1.420294248000000037e+00	1.132054831000000039e+00	1.189143733999999952e+00	-9.241174962999999520e-01	-1.427731751000000049e+00	-5.780636840999999748e-01	-3.999866107999999754e-01	-1.159250212999999974e+00	4.989049876000000161e-01	-1.752929830000000022e+00	1.674636073999999919e+00	-7.081330688000000428e-01	3.126682768999999862e-01	-1.176589174000000071e+00	3.369584292000000203e-01	-1.492246277000000010e+00	2.385004894999999958e-01	9.869676230000000439e-02	-2.164784107000000124e-01	-3.223016968999999898e-01	-8.751214184000000174e-01	1.595799267000000132e-01	1.292825821999999958e+00	-4.549061153999999774e-01	-1.680402493999999969e+00	-6.175557541999999733e-01	-1.432338421000000084e-01	-4.400734302000000042e-01	-6.307174682999999726e-01	-1.411159582000000023e+00	1.094360392000000015e+00	-8.108039280000000071e-01	-1.790037360999999994e+00	3.446689410000000064e-01	7.799557369999999823e-01	1.500374074000000002e+00	-1.638929024000000068e+00	7.786380358000000168e-01	-1.132998756999999967e+00	5.149925964999999550e-01	-1.389917167000000002e-02	1.513015819999999900e+00	-8.758763283999999594e-01	-1.358378885999999897e+00	-1.224685097999999916e+00	-1.006580127999999963e+00	-6.657749736000000418e-01	-9.119340402000000179e-01	-6.497839054999999808e-01	-3.270808613999999781e-01	-7.633091027999999723e-01	-7.954713616999999903e-01	1.995060637000000137e-01	-1.005787095000000075e+00	7.731424097000000328e-02	1.612950273000000045e+00	-4.412388838999999896e-01
1.109085174999999923e+00	7.803365139000000283e-01	6.957608621999999965e-01	1.110677275000000019e+00	-1.409386035999999898e+00	-1.317002481000000058e+00	1.191706764000000085e+00	1.190569972000000032e+00	-1.024544101000000040e+00	-1.295461796000000110e+00	-4.594543964999999730e-01	-2.156105087000000087e-01	-1.003731748000000090e+00	7.852332152000000010e-01	-1.850508762000000029e+00	1.695900302000000082e+00	-4.483931500000000181e-01	-3.895828736000000146e-03	-9.781038186999999606e-01	3.125743845000000243e-01	-2.489385920999999946e-01	4.107856357999999930e-01	-3.800796925000000104e-01	1.640405490999999882e-01	7.290625464000000111e-01	-8.792377814999999819e-01	-5.487802122000000338e-02	-3.962484967000000080e-01	-3.113945370000000268e-01	-1.580266643000000082e+00	-6.179443813999999646e-01	-7.122072493000000115e-01	5.723822071999999650e-03	-1.456605294999999911e+00	-1.788883084000000068e+00	1.216593711000000022e+00	-1.040387890999999954e+00	-1.468945034999999955e+00	8.115691080999999640e-02	8.179542562999999600e-01	1.283130032999999948e+00	-1.592570360000000074e+00	3.022568910999999803e-01	-8.185957812999999916e-01	3.633986245999999976e-01	3.031796381999999901e-01	1.086410185000000084e+00	-1.270020638999999951e+00	-1.338378164999999953e+00	-1.494811091999999952e+00	-6.301650063000000523e-01	-9.888155845999999638e-01	-1.598177535999999899e+00	-8.306833502999999563e-01	-2.485257411000000027e-01	-7.656191491999999599e-01	-2.145836922999999896e-01	-1.358856549999999941e-01	-5.673354096999999596e-01	8.350500879000000154e-01	8.635674696999999789e-01	-8.272223223000000347e-01
1.193468529000000000e+00	7.104978645999999731e-01	1.073710774000000034e+00	1.011240085999999927e+00	-1.335550052999999959e+00	-1.287814309000000046e+00	1.299924257000000027e+00	7.980337066999999562e-01	-1.218439942999999914e+00	-1.204946740000000016e+00	1.081966201999999960e-01	-1.741268227999999973e-01	-6.988999485000000345e-01	1.055468923000000059e+00	-2.056105620999999939e+00	1.688269997999999994e+00	-7.059855701999999400e-02	6.286736679000000105e-01	-7.788804649999999663e-01	7.077134305000000458e-02	1.737135884000000075e-01	7.168872523999999524e-01	-8.856798218000000444e-02	5.065213276000000153e-01	-7.244374041000000153e-01	-1.067748058999999916e+00	-7.262766134999999457e-01	7.193370602999999974e-01	2.852387269000000170e-01	-1.376766708999999977e+00	-1.011747772999999961e+00	2.198216835000000036e-01	-2.295965142999999986e-01	-9.746192546999999928e-01	-1.863153480999999889e+00	9.099957381000000067e-01	-6.741467043000000103e-01	-1.540535712000000057e+00	2.472724148999999941e-02	8.888363312999999488e-01	1.044136597999999916e+00	-1.661980138000000107e+00	-1.865227674000000113e-01	-2.067070769999999891e-01	3.837491974000000194e-01	6.090633426999999545e-01	1.367990715999999995e+00	-2.032842555999999856e+00	-1.528111938999999975e+00	-6.982709880999999896e-01	-5.845157432999999875e-02	-2.110410904000000087e+00	-1.305236601000000052e+00	4.943994829000000202e-01	9.985771920999999551e-01	-6.683527996000000471e-01	-2.092024138999999949e-01	-1.438880364000000023e-01	-3.551682519000000093e-01	3.933919757000000073e-01	-4.107326063999999777e-01	-1.067316681000000100e+00
1.295424318000000019e+00	5.838785229999999826e-01	1.369654632000000039e+00	8.705771290999999579e-01	-1.258150005000000071e+00	-1.076397994999999996e+00	1.168360355999999989e+00	7.399340555000000208e-01	-1.294810385999999980e+00	-1.207499643000000011e+00	5.237145542000000153e-01	-3.249360036999999757e-01	-6.203694900999999762e-01	1.220881241000000061e+00	-2.138945946999999848e+00	1.943333806000000052e+00	2.285978154999999956e-01	9.735146988999999751e-01	-7.540394149000000379e-01	8.757746416999999672e-01	-2.053047738999999872e-01	4.089967224000000123e-01	2.417349062999999895e-02	6.456947311999999828e-01	-2.099076655000000180e+00	-9.490697207999999607e-01	-4.881730948999999931e-01	1.536969277999999939e+00	4.458191582000000097e-01	-1.114643159999999966e+00	-1.111161360000000098e+00	5.975144331999999725e-01	-1.767049183000000134e-01	-2.607516255999999810e-01	-1.661213049000000108e+00	9.259657730999999448e-01	-3.205654302000000011e-01	-1.320993418999999891e+00	2.975133643999999800e-01	4.892226306999999941e-01	6.600291072999999731e-01	-1.756183733000000080e+00	-2.965449205999999907e-02	-4.742420136000000119e-01	8.559277534000000465e-01	1.406240678999999938e+00	1.513126613999999925e+00	-1.980602567999999897e+00	-2.959067478999999889e-01	5.517309737000000019e-02	1.290403033999999893e+00	-1.519131661000000078e+00	-9.745292691000000396e-01	1.165596837000000052e+00	1.474829884000000035e+00	-2.591253165999999886e-01	-1.974558465000000040e-01	2.000094386999999863e-01	-5.642438472999999899e-01	6.521497021000000061e-01	2.397763713999999879e+00	-3.297175929000000227e-01
1.301962300000000017e+00	7.548583607000000084e-01	8.976185855999999630e-01	1.032295809999999925e+00	-1.356655136000000095e+00	-1.286786036999999938e+00	1.179201535000000023e+00	1.042775090999999987e+00	-1.053590822999999954e+00	-1.187239039999999912e+00	-1.605664545999999915e-01	-1.531093461999999961e-01	-7.089603796000000235e-01	1.096676731000000071e+00	-1.349784207999999985e+00	1.988220164999999984e+00	5.424427061000000050e-01	4.910556118000000136e-01	1.166834935999999934e-01	1.605385977000000075e+00	-1.262751466000000100e+00	-2.314496634000000053e-01	-2.686867297000000154e-01	7.399414847000000683e-02	-1.198441896999999923e+00	-8.023539107999999587e-01	4.244388087000000032e-01	1.060739093000000022e+00	-1.983468583000000118e-01	-7.993396037000000121e-01	-5.142655674999999649e-01	1.871466817000000116e-01	6.400589545000000269e-02	-1.221750208000000060e-01	-1.433403815999999997e+00	1.712949558999999899e+00	-2.367943772999999974e-01	-1.052746972000000003e+00	-2.004094808000000116e-01	7.052951830999999450e-01	1.078287017999999930e+00	-1.491804302000000026e+00	1.037352985999999921e+00	-1.522159704999999974e+00	1.068553123000000049e+00	1.399275478999999933e+00	1.703591940999999998e+00	-7.208569998999999617e-01	3.977117089999999966e-02	-6.103699111000000510e-01	5.686791889000000211e-01	-7.371093761000000466e-01	-5.535459739000000434e-01	-2.482370479999999879e-01	3.044664737000000176e-01	-1.565163836000000031e-01	-7.143863992000000218e-01	4.873317432000000005e-01	-1.886441655000000051e+00	1.051111659999999892e+00	2.561319997000000015e+00	-3.021328743999999733e-01
1.244819335000000082e+00	7.973150979999999999e-01	7.008734701000000067e-01	1.215366634000000001e+00	-1.329884779999999989e+00	-1.140859244999999911e+00	1.170452553999999923e+00	1.189386620000000061e+00	-9.814117213999999922e-01	-1.340924820999999989e+00	-4.810848745999999898e-01	3.488264661000000100e-01	-7.947186886999999533e-01	5.363604400000000494e-01	-1.080648845000000025e+00	2.068193464000000148e+00	6.670530472000000266e-01	1.887530052999999985e-01	-8.829118203000000387e-01	1.402016758999999890e+00	-8.279700074000000409e-01	-4.326705861999999847e-01	-8.998578009000000044e-01	-7.864315038999999952e-02	1.104024955000000086e+00	-4.659879856999999959e-01	5.877995838999999778e-01	9.989420427999999574e-02	-1.892924876000000034e-01	-1.007672887000000017e+00	-4.599187834000000030e-02	-3.512382856999999858e-01	6.270827077999999721e-01	-5.603624761000000065e-01	-1.392876484000000081e+00	1.852071180999999900e+00	-6.103187879999999454e-01	-1.000304249999999895e+00	-6.153308596000000019e-01	6.286803694999999470e-01	1.548240816999999936e+00	-1.468871427000000063e+00	9.565762683999999849e-01	-1.368427003000000086e+00	-9.529494908999999736e-02	9.020210969999999939e-01	1.335438697999999924e+00	-7.671447287999999531e-01	-9.597918768999999517e-02	-6.666787825000000112e-01	1.591439554999999895e-01	-5.286857525999999474e-01	-1.046208191999999926e+00	-1.202169360000000076e+00	-2.324773994999999871e-01	7.260550514999999927e-02	-4.133525465999999815e-01	-2.273221743000000128e-01	-1.231895498000000061e-01	1.384718660000000101e+00	4.705586412000000163e-01	-6.221989099000000412e-01
1.350081386000000050e+00	7.170933639000000026e-01	9.326406634999999667e-01	1.163004860000000029e+00	-1.162293553999999896e+00	-1.192631371000000051e+00	1.217190624999999971e+00	1.020259891000000030e+00	-1.007043496999999954e+00	-1.308867588000000026e+00	-1.982858664000000104e-01	4.754865072000000192e-01	-7.219925821999999549e-01	2.132785087000000079e-01	-1.014063673999999970e+00	1.750727981999999905e+00	3.409424160999999787e-01	4.680468608000000197e-01	-8.496925937999999512e-01	1.564336533999999945e+00	3.217882785999999773e-01	-2.058556722000000061e-01	-6.890176501000000453e-01	4.043558493000000142e-01	-3.349965357999999949e-01	9.139313103000000493e-02	-2.346311164999999865e-01	-5.919748797999999645e-01	1.240220275000000066e-01	-1.085684874000000022e+00	-5.895922861000000292e-01	-3.446615947000000180e-01	1.323352020000000129e-01	-7.004114563000000127e-01	-1.162502933000000072e+00	1.438804543000000047e+00	-7.918496023000000106e-01	-1.017266749000000026e+00	-4.369611024999999760e-01	4.997200334999999938e-01	1.070675330000000036e+00	-1.872741436999999953e+00	3.718901323000000092e-01	-1.003895208000000094e+00	-3.066474967000000218e-01	9.766330482999999729e-01	1.143720218999999982e+00	-9.983544494999999630e-01	-2.456238101999999868e-01	-2.020502999000000077e-01	8.236425614000000284e-01	-8.859148150000000221e-01	-1.084023278000000090e+00	9.867915013000000402e-02	2.627980274000000227e-01	-5.929451306999999893e-01	-2.878339451999999965e-01	4.052063677000000141e-01	-2.723568300000000011e-02	9.762065170999999486e-01	4.175771806999999947e-01	-1.220900807999999893e+00
1.386654467999999918e+00	6.757721196999999513e-01	1.351503208000000011e+00	1.064515611000000028e+00	-1.107306099000000099e+00	-9.576941445000000108e-01	1.270974475000000048e+00	8.906475734000000033e-01	-1.023029744000000019e+00	-1.303124869999999991e+00	1.085670284999999957e-01	3.154841000999999978e-01	-7.233382100999999897e-01	1.218473149000000033e-01	-1.242445725999999917e+00	1.899595114000000029e+00	2.192144011000000114e-01	7.709451923000000262e-01	-6.336461450000000495e-01	1.316050692999999994e+00	-2.066480696999999922e-01	-1.036645803000000032e-01	-4.514405212000000001e-01	7.446508114000000012e-01	-1.802668504999999977e+00	-1.066888772000000041e-01	-3.088961673999999769e-01	1.457904335999999912e-01	5.768730630999999720e-01	-1.160392767999999908e+00	-8.317340024999999581e-01	-2.440509137999999911e-01	-2.481510936999999917e-01	-1.592121273000000059e-01	-4.645781767000000118e-01	1.314127642000000096e+00	-4.728930035999999726e-01	-9.610342307999999445e-01	-5.915286951999999820e-02	3.056801093000000025e-01	8.635878707999999904e-01	-2.167865282000000171e+00	5.223676394999999806e-01	-4.899788288999999963e-01	-4.387124867000000150e-01	1.338406460999999936e+00	1.075965370999999893e+00	-1.361170452999999947e+00	1.461423037000000036e-01	9.596845991000000353e-01	1.562449964000000024e+00	-1.307986947999999927e+00	-6.307648329999999692e-01	5.051045388999999552e-01	7.929503799999999547e-01	-4.100791248000000278e-01	-7.261614163999999816e-01	6.007205820000000029e-01	3.942872992000000243e-02	1.053361124000000038e+00	-8.503133855000000185e-02	-1.447331632000000035e+00
1.369700616999999898e+00	5.921196877000000081e-01	1.567338992999999903e+00	9.620849864999999612e-01	-9.728308123000000140e-01	-7.260666450999999633e-01	1.254574008000000074e+00	8.728062188999999860e-01	-8.778661108999999962e-01	-1.346393544999999969e+00	6.098221555999999710e-01	2.691228139999999880e-01	-5.334365076000000538e-01	5.807069684000000231e-01	-1.464886837999999969e+00	2.174505402999999948e+00	1.943756184000000053e-01	1.056123061999999946e+00	-7.109210252000000008e-01	1.505326801000000048e+00	-4.970960486000000067e-01	-1.872819115999999895e-01	-1.243176977000000072e+00	5.645111875999999640e-01	-4.504564676000000212e-01	-5.143093530000000108e-02	4.745221859000000042e-01	8.697427927999999975e-01	6.883784899999999540e-01	-9.426931101000000091e-01	-5.849652947000000269e-01	9.169252327999999341e-02	-5.168607060000000170e-02	6.502959574000000131e-01	4.828773350000000186e-01	1.868708122999999999e+00	-6.060979330000000331e-01	-5.216353552000000393e-01	3.378889252000000232e-01	6.739052934999999467e-01	7.743424437999999466e-01	-2.062563937999999819e+00	2.782446094000000092e-01	-5.066604788999999887e-01	-4.697947855999999867e-01	9.990012433999999608e-01	1.153623252000000043e+00	-1.398828216000000069e+00	1.143257103000000052e+00	1.923915371999999957e+00	2.220674013000000002e+00	-8.713712520999999933e-01	9.830741631999999619e-01	-1.271432579000000007e-01	9.896311103999999581e-01	4.707514850000000250e-01	-2.293797968999999881e-01	8.300382161999999564e-01	3.385093043999999884e-01	6.990986242000000184e-01	7.103840010999999954e-01	-7.441633332000000545e-01
1.373085276999999937e+00	7.116161711999999806e-01	1.291589606000000057e+00	1.056575604999999918e+00	-1.064186293999999977e+00	-8.088107979999999975e-01	1.236381833000000041e+00	1.195093976999999974e+00	-5.922979688999999714e-01	-1.397259827999999926e+00	2.213072708000000111e-01	5.633856460999999705e-01	-5.600993881000000396e-01	9.489430000999999892e-01	-8.676783389000000124e-01	2.052413062999999926e+00	2.358417574999999988e-01	6.416691477999999504e-01	-2.111071956999999999e-01	1.733338185999999892e+00	-2.188892829999999901e+00	-3.201289701000000210e-01	-1.785886399000000013e+00	-1.200209785999999945e-01	-2.520045781999999956e-01	-2.427799768999999996e-01	1.345085002999999890e+00	6.784183289999999866e-01	4.100327899999999803e-01	-7.384081305999999900e-01	5.282533287999999772e-01	7.976421477999999510e-02	1.820390611000000103e-01	9.362565980999999482e-01	9.953205038000000338e-01	2.580217449000000052e+00	-9.799804033000000247e-01	-6.444189174999999381e-02	6.305621495000000021e-01	9.156922583000000060e-01	1.183396126000000104e+00	-1.524072043000000098e+00	4.441175285999999778e-01	-4.788678887000000217e-01	-6.330604885999999709e-01	3.190639089999999789e-01	1.346160599000000069e+00	1.839076429000000013e-01	1.141488940999999979e+00	1.768320636999999973e+00	1.077116780000000107e+00	-7.536429574999999881e-01	1.787649134000000029e+00	-1.208177714999999930e+00	8.726527539999999750e-01	3.076458086000000147e-01	-1.456987366999999978e+00	3.418927939999999999e-01	-8.628986483999999679e-01	2.652098916000000250e-01	7.333205483000000413e-01	-9.452809763999999726e-01
1.405968649999999931e+00	7.497895653999999688e-01	8.191413686999999832e-01	1.322936287000000100e+00	-1.099315022999999947e+00	-1.102093922999999975e+00	1.422378527000000004e+00	1.384897373000000043e+00	-5.282118402000000046e-01	-1.549575762999999995e+00	1.510748419999999870e-01	1.080862543000000064e+00	-1.089894955999999970e+00	1.367283604999999902e+00	-7.369058904000000410e-02	1.705036884000000086e+00	4.312302864999999902e-02	8.780525376000000159e-01	-1.001685517000000081e+00	1.870835135000000093e+00	-1.219516644999999899e+00	-4.254807915000000107e-01	-2.290776691000000032e+00	-2.937057565000000259e-01	1.034334155000000033e+00	1.385362827999999935e-01	1.268124634000000084e+00	1.117187664000000025e+00	6.623213512000000192e-01	-9.991443437000000483e-01	1.246414888000000110e+00	5.634412057000000307e-02	-1.130205789000000016e-01	1.164993584999999943e+00	9.455170770999999919e-01	2.504481977999999831e+00	-1.337289414000000010e+00	3.796690859000000084e-02	5.601002248999999988e-01	1.148133486999999953e+00	1.659703769000000051e+00	-9.146797272000000145e-01	5.652777125000000291e-01	-5.629837076999999468e-01	-1.380241223000000073e+00	-8.849135023999999961e-01	1.536857447000000043e+00	1.214450382999999967e+00	1.487376741999999918e+00	1.537822315000000106e+00	3.458551911000000145e-01	-4.617531371999999967e-01	1.267658286000000079e+00	-2.090937562000000138e+00	5.331237787000000505e-01	-8.124750736000000417e-01	-1.873399122999999999e+00	3.920763641000000327e-02	-1.787856764000000043e+00	-1.299224103000000130e-01	2.084359759000000041e-03	-1.471741010999999988e+00
1.392369404999999949e+00	8.318794384000000042e-01	1.197432902999999937e+00	1.226959978000000007e+00	-9.868638826000000197e-01	-1.283394522000000038e+00	1.591417174000000045e+00	1.343982870000000052e+00	-8.674208096000000090e-01	-1.620300207999999964e+00	7.860711394999999602e-01	1.288600120999999987e+00	-1.236949708999999897e+00	1.408381083000000089e+00	-1.583710648999999970e-01	1.374547006000000016e+00	-1.589780361000000045e-02	6.762094239999999479e-01	-8.494864747999999466e-01	2.139076028999999934e+00	2.396234647000000106e-01	-4.727636371999999754e-01	-2.342945997000000169e+00	-1.846977107999999979e-01	2.978689775000000206e-01	-1.709761736000000032e-01	6.678217584000000207e-01	-8.780222433999999854e-02	1.030267526000000045e+00	-1.389780535999999955e+00	6.859383264999999730e-01	-3.025680041000000098e-01	-9.820006045000000128e-02	5.149745649000000425e-01	2.175249786000000018e-01	1.442036383999999893e+00	-1.934694769000000036e+00	-5.305193348000000197e-01	2.021636159999999904e-01	8.690264118999999621e-01	1.669542958000000077e+00	-9.364611039000000359e-01	-3.411344013000000008e-01	2.873710546000000088e-01	-2.112942846999999791e+00	-1.292403175000000015e+00	1.209705771000000096e+00	-4.832792404999999847e-02	1.438648482999999922e+00	1.745876524999999901e+00	-3.196501981000000048e-01	-5.999903517000000353e-01	1.208960067000000027e+00	-2.481690238000000104e+00	2.016197499999999865e-01	-1.209081569000000078e+00	-1.696047788000000001e+00	-1.197085692999999978e-01	-1.019471546999999978e+00	-7.372082114000000352e-01	-1.156028178999999989e+00	-1.238740826999999989e+00
1.350500824999999905e+00	6.583031961999999959e-01	1.461097201999999928e+00	1.062442483999999965e+00	-8.566636725999999813e-01	-1.320838707999999917e+00	1.582724996999999911e+00	1.092760530000000063e+00	-1.239073011999999974e+00	-1.635412171000000026e+00	1.541878415000000002e+00	1.218001447000000015e+00	-1.456893887999999970e+00	1.149356371000000099e+00	-8.090952791000000088e-01	1.403952893999999896e+00	-2.121270000999999905e-01	1.197385240000000017e+00	-8.859285406000000362e-01	1.802199429999999936e+00	-6.812431126000000337e-01	-4.405934930000000027e-01	-1.773535207999999974e+00	-2.965420002999999971e-01	-9.655818283999999529e-01	-2.031186581999999963e-01	7.921331252000000100e-01	1.397725075000000095e+00	1.137064477000000018e+00	-1.723695729999999982e+00	4.864599775999999820e-01	-6.368113275999999490e-02	-1.519004096000000081e-01	3.102904114000000213e-01	-8.647335208999999967e-01	1.510113408000000046e+00	-1.645592433000000021e+00	-1.141263463000000034e+00	2.210337626999999971e-01	6.421873700000000351e-01	1.542403492000000043e+00	-1.182949288000000099e+00	-1.039532268999999953e+00	1.289987690999999936e-01	-2.355056938000000155e+00	-1.537257381000000089e+00	1.070923239999999943e+00	-9.549790135000000291e-01	1.238149428000000052e+00	2.163532812000000138e+00	-2.352005709999999972e-01	-6.815587350999999794e-01	1.147134410000000049e+00	-2.188837576000000062e+00	4.837173753999999826e-01	-6.393324308000000178e-01	-1.308556540999999962e+00	-4.267510138000000230e-01	-2.287678241999999973e-01	-1.189065626000000098e+00	-1.117991428999999926e+00	-1.434230616999999930e-01
1.334521652999999919e+00	6.329524984000000076e-01	1.410449864999999914e+00	9.606348684000000082e-01	-8.666664325999999807e-01	-1.174562179000000040e+00	1.426658688999999924e+00	1.171710325000000052e+00	-1.281653584000000068e+00	-1.606464319000000085e+00	1.264471899999999982e+00	1.003763760000000005e+00	-1.467720558999999980e+00	1.108699545999999980e+00	-1.006600728000000000e+00	1.561150924000000106e+00	-4.337581582000000213e-01	1.063492109000000019e+00	-1.189451838999999955e+00	1.579028577999999960e+00	-8.469480598999999943e-01	-5.989209452999999517e-01	-1.875960279000000064e+00	-5.690482090999999798e-01	5.305339980000000066e-01	-3.867247518999999967e-01	1.368900640999999974e+00	3.913481064000000065e-01	1.089465440999999979e+00	-1.698673807000000036e+00	7.040661505999999958e-01	-4.769190068999999699e-02	-2.774520115999999925e-01	4.236766805999999698e-03	-1.183456580000000091e+00	1.465011134000000048e+00	-1.691657997000000080e+00	-1.550420681999999939e+00	5.427800388000000309e-01	9.493094347999999627e-01	1.618474572000000000e+00	-1.193543660000000006e+00	-9.185765437999999783e-01	-1.954872095000000087e-01	-2.004718158000000194e+00	-1.518598365999999977e+00	9.149710126000000221e-01	-6.229082741000000478e-01	8.279440257000000303e-01	1.595606158000000052e+00	-2.470637273999999883e-01	-5.662153315000000298e-01	1.170896214999999962e+00	-2.628395223000000058e+00	-3.774966473999999961e-01	-3.914666804999999972e-01	-1.515866339000000007e+00	-6.913082122999999468e-01	3.121294712000000082e-01	-1.118296740999999983e+00	1.150043630000000094e+00	4.983928785000000250e-01
1.299310587999999989e+00	7.921159799000000445e-01	9.872486482000000230e-01	1.113925681000000001e+00	-9.776987550000000304e-01	-1.584700779999999920e+00	1.486236949000000029e+00	1.237990562000000017e+00	-1.171452691999999907e+00	-1.565271998999999914e+00	6.050559040999999860e-01	7.000227911999999941e-01	-1.552640586999999961e+00	8.935208949999999817e-01	-4.458108375000000012e-01	1.219653338999999947e+00	-6.217083984000000285e-01	7.364797899999999675e-01	-3.753011643999999980e-01	1.683698920999999959e+00	-1.854759406000000110e+00	-6.159557273000000333e-01	-1.709244970000000086e+00	-7.743516353999999602e-01	-6.244499328999999488e-01	-4.462715830000000272e-01	9.474190863000000462e-01	1.057364533000000106e+00	7.348663303000000369e-01	-1.903397382000000082e+00	8.055519170999999590e-01	-1.610745765000000107e-01	-6.749243630000000271e-01	-3.500731268000000229e-01	-1.569412392999999906e+00	1.609435195999999957e+00	-1.700722510999999937e+00	-1.366470907000000068e+00	6.715838750000000523e-01	1.164526428999999919e+00	1.625198705999999937e+00	-7.745314370000000448e-01	-1.478047426000000109e-01	-2.143630327999999918e-01	-1.983670728000000105e+00	-1.532927260999999985e+00	1.228035127999999920e+00	7.588890172000000156e-01	4.826508928000000087e-01	1.045984756999999987e-01	-1.221084510000000067e+00	-3.952338221000000207e-01	1.023907152000000043e+00	-2.009418655000000165e+00	-2.924110724999999800e-01	-6.586300504000000000e-01	-1.878705443000000086e+00	-2.413459562999999974e-01	-1.807317980000000102e+00	-1.504688459999999894e+00	1.144127424999999976e+00	1.587629775000000132e-01
1.250638608999999901e+00	8.102170337999999861e-01	7.857952916999999537e-01	1.296631085000000017e+00	-1.006948275999999920e+00	-1.725747158999999975e+00	1.517326082000000076e+00	1.220959000999999988e+00	-1.131471557000000017e+00	-1.474769304999999919e+00	4.046282595999999843e-01	5.073731782000000523e-01	-1.638148654999999954e+00	6.611243965999999972e-01	-5.092137355000000420e-01	1.051557953999999961e+00	-6.113661086999999661e-01	5.630561605999999664e-01	-6.308220856999999793e-01	1.498148534999999892e+00	-9.998936229999999536e-01	-7.119026077000000230e-01	-2.221414766000000096e+00	-4.736247698000000117e-01	8.479172777000000272e-01	-7.097824281000000290e-01	5.610200046000000107e-01	-2.617664478999999766e-01	1.100193164000000001e+00	-2.077475730000000187e+00	6.441640523999999646e-01	-6.291776751000000001e-01	-9.044850997000000170e-01	-8.290338547000000169e-01	-1.536994391999999987e+00	1.162585181999999939e+00	-1.968065272000000032e+00	-1.240913941999999937e+00	5.033363559000000181e-02	1.109845340999999985e+00	1.784848368000000018e+00	-6.335472584000000351e-01	-3.339740333999999811e-01	-3.026330488000000263e-01	-2.415538382999999900e+00	-1.916394260999999988e+00	1.050326317999999981e+00	2.000429904000000092e-01	3.081483271000000079e-01	-6.158329720999999868e-02	-1.732161862000000108e+00	-3.785260511999999911e-01	1.041394163000000095e+00	-2.425940715999999941e+00	-2.733979545999999927e-01	-9.525274307000000107e-01	-1.235374189999999928e+00	-2.003824268999999936e-01	-1.045246015999999889e+00	-1.838073615999999966e+00	-8.050325031999999714e-01	-2.526383576999999825e-01
1.250839878999999932e+00	7.873789222000000532e-01	1.149592337999999936e+00	1.172425641000000018e+00	-9.901425497000000409e-01	-1.946502119999999891e+00	1.581564299999999923e+00	8.824309483000000176e-01	-1.239922200999999946e+00	-1.482036992000000053e+00	8.290709492000000180e-01	2.516802276999999810e-01	-1.612450480999999991e+00	5.662037422000000264e-01	-6.715722779999999670e-01	9.980058766999999609e-01	-6.032160918000000205e-01	6.625506467999999760e-01	-7.745036384000000274e-01	1.237366865999999899e+00	1.444926990000000022e-01	-4.845150128999999861e-01	-2.166792760999999956e+00	-2.788510793000000265e-01	9.329546314000000118e-01	-8.599131496999999902e-01	-2.043113805999999862e-03	-4.445609524999999951e-01	1.378957226000000036e+00	-2.010216514000000121e+00	1.135590296999999943e-01	-9.170136008000000505e-01	-9.476524102000000171e-01	-1.181983699000000110e+00	-1.541285801999999983e+00	8.474271960999999465e-01	-2.501442780000000088e+00	-1.601304357999999928e+00	6.965726400999999735e-02	8.579442015999999560e-01	1.646314706000000072e+00	-1.327378511000000039e+00	-4.981528331000000254e-01	1.049753602000000063e-01	-2.614409347000000050e+00	-2.128891283000000190e+00	7.450614541000000202e-01	-6.624312925999999990e-01	2.686000733000000196e-01	6.638473781999999490e-01	-1.846343901000000010e+00	-6.290174777999999467e-01	4.484313907999999960e-01	-2.329636091999999881e+00	-3.847860377999999804e-01	-1.084846825999999931e+00	-1.330881098000000096e+00	-8.046316071999999597e-02	-6.505984570999999439e-02	-2.342225570000000090e+00	-8.198794171000000075e-01	2.310235361999999903e-01
1.299774670999999993e+00	6.501109045999999836e-01	1.370622484000000085e+00	1.108392993000000049e+00	-9.746211916000000475e-01	-1.764355115999999946e+00	1.462830689000000017e+00	7.511091390999999895e-01	-1.562340650999999969e+00	-1.545472791999999984e+00	1.200079149000000012e+00	6.115905970000000066e-03	-1.597933969000000065e+00	6.312290095999999462e-01	-1.371327001000000045e+00	1.255775193000000067e+00	-7.690864827000000181e-01	1.134545514999999893e+00	-9.668622483000000045e-01	9.240161287000000501e-01	-1.604222925000000077e-01	-5.340527507000000229e-01	-1.651879337000000003e+00	1.885977597000000061e-01	-6.148471213999999740e-01	-8.927808219999999739e-01	1.219427765000000025e-01	6.951986521999999891e-01	1.755910936999999894e+00	-2.173115623999999801e+00	-6.373107204000000303e-01	-7.160752316999999811e-01	-1.102290725000000027e+00	-1.244087428000000051e+00	-1.783601905000000043e+00	6.891832194000000467e-01	-2.121654519999999877e+00	-1.973408491999999903e+00	2.872599196999999771e-01	7.945066576000000547e-01	1.366457068999999969e+00	-1.609644034000000001e+00	-8.073112247999999491e-01	3.440681983000000166e-01	-2.460617405999999896e+00	-1.923621870999999928e+00	5.989260497999999711e-01	-1.649412673000000051e+00	4.387882819999999739e-01	1.145626175999999941e+00	-5.496926814999999467e-01	-1.089340028000000071e+00	7.533372855000000090e-01	-1.212897697000000052e+00	3.532542107000000153e-01	-4.850048980000000176e-01	-7.931653053999999647e-01	-6.691204749000000118e-03	3.216026557000000174e-01	-2.093787477999999869e+00	-7.134172205000000044e-01	3.788267205999999998e-01
1.362671014000000014e+00	5.618078863000000034e-01	1.344368242000000047e+00	1.089706520000000012e+00	-8.079527093999999687e-01	-1.787529963999999971e+00	1.294374813999999985e+00	6.994997129000000147e-01	-1.463154607000000107e+00	-1.506958919999999980e+00	1.193654854999999904e+00	-3.621643689999999860e-01	-1.406229087999999905e+00	8.871194951999999967e-01	-1.232208015000000101e+00	1.231271972000000048e+00	-5.527118695999999609e-01	1.513201744000000071e+00	-9.041175487999999483e-01	8.923750794000000486e-01	-1.119458244999999907e+00	-5.173352455999999933e-01	-1.212498489999999984e+00	2.763857038000000141e-02	-3.261837631999999765e-01	-9.171441397999999801e-01	3.574383783000000259e-01	1.028846402000000104e+00	1.824709794999999968e+00	-1.916322027000000094e+00	-3.869189516000000051e-01	-3.583793668999999960e-01	-1.291281917000000057e+00	-8.390379097000000286e-01	-2.198196155000000207e+00	1.155046966000000008e+00	-1.968370270999999949e+00	-1.954771778000000015e+00	4.976765931000000087e-01	6.563036856999999724e-01	1.211908787999999904e+00	-1.620888062999999990e+00	-4.062131889999999745e-01	-5.782618641000000226e-01	-1.926256010999999990e+00	-1.684174483000000055e+00	5.009763686999999521e-01	-6.927670548000000039e-01	7.801501247000000028e-01	7.009651636000000519e-01	2.861175127000000207e-01	-1.025651684999999924e+00	8.764712466999999840e-01	-5.602581850000000196e-01	7.726952438999999950e-01	3.308194566000000059e-02	-1.022969368000000046e+00	-5.637972275999999505e-01	6.726350604999999927e-01	-1.758442481999999973e+00	4.668217429000000029e-01	8.130562830999999990e-01
1.303953149000000034e+00	7.460767509000000297e-01	9.444275247000000206e-01	1.258845524000000049e+00	-9.734798554000000381e-01	-1.978077203000000006e+00	1.420298811999999966e+00	9.625760009999999589e-01	-1.208121270999999997e+00	-1.480183406000000090e+00	5.178370030000000179e-01	-3.984717825999999907e-01	-1.374351506000000001e+00	1.039095443999999979e+00	-3.507779055999999951e-01	1.171219304999999933e+00	-2.949055199999999766e-01	1.209072906000000058e+00	-5.176364381000000403e-01	1.238099827999999958e+00	-1.991370086999999955e+00	-6.242262779999999678e-01	-1.136616375000000012e+00	-5.638934135999999764e-02	1.145056896000000018e-01	-1.268987901000000029e+00	7.274805166000000156e-01	1.050427269000000052e+00	1.158504749000000000e+00	-1.748975871000000071e+00	3.493799194000000163e-01	-3.543646122999999926e-01	-1.564940371000000052e+00	-5.081221013000000175e-01	-1.639458230000000016e+00	1.338280632000000026e+00	-1.897210005000000033e+00	-1.419185943000000005e+00	2.559315824999999767e-01	1.008121886999999939e+00	1.216539757999999916e+00	-1.273759993000000090e+00	-9.272174497000000570e-02	-1.178787747999999969e+00	-1.572246068000000108e+00	-1.461072072999999971e+00	9.350686831000000199e-01	7.630363222000000056e-02	6.392029553000000419e-01	-2.350303209999999865e-01	7.590355088000000361e-02	-7.358456257000000056e-01	1.565379862999999983e+00	-4.103140806000000196e-01	1.394128437999999914e-01	-2.074350070000000046e-01	-1.553572380999999947e+00	-2.110733764999999929e-01	-1.428703137000000067e+00	-1.089796320999999901e+00	9.289995535999999721e-01	4.982785013000000096e-01
1.329699989999999943e+00	8.087606492000000147e-01	9.413545578999999996e-01	1.278493217999999931e+00	-9.760801460000000374e-01	-1.854376594999999961e+00	1.435283909000000024e+00	1.031929475000000096e+00	-1.053095364000000034e+00	-1.503303998000000030e+00	4.797633586999999755e-01	-2.193999140000000014e-01	-1.185284720000000069e+00	1.007539954000000071e+00	-4.747884913000000040e-01	1.275246955000000071e+00	1.795863032999999997e-01	7.264605913999999665e-01	-7.160215215999999883e-01	1.317222163000000057e+00	-3.385623441999999761e-01	-4.622965521999999883e-01	-1.542823585000000053e+00	-4.914679466999999913e-01	8.918632475000000115e-01	-1.053801642000000038e+00	7.523966407000000078e-01	-4.788078973000000071e-01	9.674180361999999977e-01	-1.655636738000000108e+00	5.229922719999999803e-01	-5.766301453000000077e-01	-1.082814627999999946e+00	-5.242042530999999617e-01	-1.552180834999999925e+00	1.054322092000000044e+00	-2.072563891000000158e+00	-1.185098497999999889e+00	-4.075024440000000192e-01	6.727621280000000148e-01	1.045011351000000088e+00	-1.071861944999999983e+00	-7.628659245000000144e-01	-1.297633210999999953e+00	-1.626783915000000080e+00	-1.560629252000000022e+00	6.959915556000000336e-01	-7.970819511000000190e-01	7.251762252000000242e-01	-4.286141153999999953e-01	-2.905787062999999892e-01	-1.002342054000000093e+00	1.124259858999999917e+00	-9.542873228999999569e-01	-6.194469665999999819e-01	-4.382461230999999957e-01	-1.287467554000000014e+00	-7.431436384999999811e-01	-4.295264431999999966e-01	-4.595543598999999868e-01	-1.522620766999999986e-01	9.969440485999999657e-01
1.342735011999999895e+00	6.664220120999999608e-01	1.273065389999999963e+00	1.238113478000000045e+00	-9.450451668999999555e-01	-1.832986642000000055e+00	1.489460044000000094e+00	9.228085541999999641e-01	-1.146940531999999902e+00	-1.613696585000000017e+00	1.172344768999999953e+00	1.433444375000000014e-02	-1.144358176999999976e+00	1.000773874000000063e+00	-8.202554102000000347e-01	1.380015299999999945e+00	1.396527793000000017e-01	1.161862240000000046e+00	-1.101386159999999892e+00	1.111550583999999953e+00	1.768255730999999942e-01	-4.844012941999999988e-01	-1.177776160000000072e+00	9.663464334000000655e-02	-1.654336436000000132e-01	-4.744669954999999884e-01	1.843925489999999889e-01	7.454385822000000328e-01	5.169106207000000452e-01	-1.494481831000000094e+00	-9.218178315000000178e-02	-6.220057400999999819e-01	-8.880455024000000197e-01	-7.577281777000000051e-01	-1.997692591999999934e+00	8.987191417000000015e-01	-2.134286240999999862e+00	-1.243710555000000051e+00	-5.204501246999999609e-01	7.472260275000000007e-01	9.835584404999999641e-01	-1.506388336000000105e+00	-1.300823108999999977e+00	-1.230935206000000059e+00	-1.239347031999999960e+00	-1.788368828000000077e+00	4.327335570999999992e-01	-1.376587581999999976e+00	4.885414606999999854e-01	5.013311344999999974e-01	7.303978475000000303e-01	-1.293617674999999911e+00	1.317645087999999909e+00	-6.798003961999999900e-01	3.255088780000000015e-01	-1.487957494000000103e-01	-6.245048117999999482e-01	-4.342289759999999887e-01	-2.207046749999999891e-01	-5.340391561999999759e-01	-1.951340503000000004e-01	8.941050071999999682e-01
1.372617798000000056e+00	5.907957100999999822e-01	1.559525781000000055e+00	1.150280578000000054e+00	-9.398721308999999913e-01	-1.768494495000000111e+00	1.291762021999999899e+00	8.137823484999999746e-01	-1.478473557000000049e+00	-1.621131936999999912e+00	1.640336615999999914e+00	-5.946548646000000132e-02	-1.093136211000000024e+00	9.380318952999999738e-01	-1.186438582999999936e+00	1.659691527000000111e+00	1.480791386999999980e-02	1.575102661000000071e+00	-5.134297823000000260e-01	9.052970958999999596e-01	-4.448189428000000056e-01	-3.222092588000000091e-01	-9.983152859999999684e-01	9.930787290999999739e-02	-5.656530285999999963e-01	-1.309382441999999980e-01	7.374003448000000516e-01	1.813367925000000103e+00	4.492374506999999850e-01	-1.375769473000000076e+00	-2.641032124000000092e-01	-5.333851493000000277e-01	-4.600413288999999906e-01	-6.177140401999999808e-01	-2.065670101999999897e+00	1.086289312999999979e+00	-1.653462999000000044e+00	-1.144078479000000037e+00	-2.739966301999999937e-02	6.905331688000000412e-01	6.669433978000000041e-01	-1.634536382999999926e+00	-1.857458331999999990e+00	-9.616832907000000263e-01	-9.735683013999999469e-01	-1.130041029000000030e+00	3.972990377000000239e-01	-1.937814646000000085e+00	3.524499742000000158e-01	3.598284482999999923e-01	1.748109853999999963e+00	-1.798805290000000001e+00	1.577573915000000104e+00	-1.402119642999999916e-01	1.302086322000000074e+00	1.956003569000000150e-02	-5.309031121999999714e-01	-8.699051895999999617e-01	5.064890940999999813e-01	1.015938859000000000e-01	-8.587184532000000092e-02	7.041984798000000545e-01
1.432430257000000040e+00	5.392426625999999779e-01	1.355359337000000108e+00	1.158645769000000048e+00	-7.740251136000000365e-01	-1.724665098000000008e+00	1.162658519999999918e+00	7.808843662000000130e-01	-1.329461360999999897e+00	-1.356328772999999988e+00	1.126535373000000062e+00	-7.017523231000000195e-02	-9.758342463000000411e-01	1.076599341999999959e+00	-8.578707575999999779e-01	1.541815316000000102e+00	2.164317403999999889e-01	1.657218006999999993e+00	-8.964732125000000051e-01	8.281459181000000447e-01	-1.591521854000000014e+00	-4.371252364000000057e-01	-7.323402371999999660e-01	-1.137473137999999995e-01	2.510172151999999768e-01	-2.495796438000000006e-01	9.188090169999999501e-01	9.493133152999999602e-01	5.292771971999999936e-01	-1.148012389000000022e+00	1.552892070000000124e-01	-4.374422995000000203e-01	-3.184753672000000257e-01	-3.394128290000000270e-01	-1.828050812999999941e+00	1.020334019999999953e+00	-1.553928355999999900e+00	-1.139791616999999979e+00	1.716798311000000132e-01	7.160605019000000349e-01	8.749683150999999492e-01	-1.479493458999999955e+00	-1.672433885000000009e+00	-1.512268074999999934e+00	-7.339578260000000354e-01	-6.900683529000000149e-01	3.275404954999999729e-01	-9.472178601999999836e-01	1.578626942999999949e-01	3.783945693999999915e-01	1.772017691999999922e+00	-1.665165720999999932e+00	1.051867695000000102e+00	-1.798472372000000097e-01	1.519020685000000093e+00	-3.239005420000000135e-01	-5.640561742999999906e-01	-1.134463508000000065e+00	1.147937428000000093e+00	4.342280974000000127e-01	4.824153333999999793e-01	2.556738748999999866e-01
1.390991928999999905e+00	7.411458182000000283e-01	1.026776028000000007e+00	1.317991734000000026e+00	-9.858494933000000460e-01	-1.736172779000000110e+00	1.320923247000000078e+00	9.964935978000000194e-01	-1.195064794999999958e+00	-1.277044751000000034e+00	4.415209082000000063e-01	4.699185186999999680e-02	-1.180645745999999940e+00	1.169110183999999997e+00	-1.270177939000000089e-01	1.539092241000000083e+00	4.493185594999999921e-01	1.222580881000000064e+00	-3.175298951000000147e-01	1.117909994999999990e+00	-2.146502245000000197e+00	-5.308690984999999696e-01	-5.633854587000000080e-01	-4.044381893999999811e-01	-5.049524255999999767e-01	-6.079787047000000388e-01	1.066916098000000090e+00	1.847203501000000081e+00	-1.499262170999999914e-02	-1.247895383999999996e+00	6.843980135999999659e-01	-3.220054184000000208e-01	-5.380725951999999479e-01	-4.691710177999999787e-01	-1.280402486999999923e+00	1.029299514000000082e+00	-1.519302783999999962e+00	-7.192772043999999809e-01	5.507196364999999982e-01	9.844504634999999837e-01	7.288233535000000485e-01	-1.219607361000000001e+00	-1.027672668999999983e+00	-1.004399851000000066e+00	-9.430810371000000192e-01	-4.063803563999999757e-01	4.312209642000000009e-01	-1.442523074000000016e-01	-2.087924972000000101e-01	-4.195945299000000128e-01	1.150581515000000055e+00	-1.038590013999999950e+00	9.647501617000000529e-01	-1.377606315000000081e-01	8.960212021000000249e-01	-8.277483951999999867e-01	-1.293867612999999972e+00	-6.670721754999999753e-01	-1.046012318999999913e+00	9.383990897999999747e-01	8.035270375999999937e-01	-4.843201309999999871e-01
1.414861482000000059e+00	7.450780772999999746e-01	8.724075037999999838e-01	1.429844093999999899e+00	-8.321288385999999759e-01	-1.857243919000000076e+00	1.379277459999999955e+00	8.424044743999999918e-01	-9.378086662000000295e-01	-1.104852597000000047e+00	3.087041913999999942e-01	2.335608814000000033e-01	-1.108116140999999999e+00	1.301816048999999920e+00	-2.859779487999999925e-02	1.421206414999999890e+00	6.866453056000000332e-01	1.248856753000000097e+00	-5.336304102000000160e-01	1.549400837000000086e+00	-6.106832938999999794e-01	-6.571184891000000361e-01	-8.106473601000000473e-01	-5.540693308999999900e-01	1.071067409999999942e+00	-5.394657125999999803e-01	4.436207129999999998e-01	-7.114279365999999494e-02	-1.053924214999999998e-01	-1.081814999999999971e+00	2.557248002999999992e-01	-5.005217402999999621e-01	-7.061476333999999744e-01	-5.223436826999999782e-01	-4.985568819000000262e-01	1.112341540999999934e+00	-1.608949795000000016e+00	-6.317392877999999934e-01	3.471892703000000087e-03	1.219588016000000108e+00	9.346378752999999762e-01	-8.515750655999999585e-01	-8.698367540000000453e-01	-1.205604976000000050e+00	-1.280656127000000089e+00	-7.671296172999999552e-01	8.441065161999999900e-01	-4.585454514999999787e-01	-6.163177144000000496e-01	-1.049412505000000051e+00	4.815805395000000155e-01	-5.114371779999999923e-01	1.088449500000000070e+00	-7.028227203000000367e-01	3.178773912000000257e-01	-7.598429776999999774e-01	-5.022979156000000334e-01	-7.039000079999999659e-01	-7.151854919000000255e-01	6.857787263000000300e-01	-6.521205686000000057e-01	-3.786782890000000013e-01
1.471478799000000004e+00	7.362815379999999577e-01	1.319210374000000074e+00	1.313827759000000039e+00	-8.979314949000000157e-01	-1.694359023000000075e+00	1.358159434000000054e+00	8.429730430999999857e-01	-1.091654171000000062e+00	-9.019962679999999899e-01	6.594491472000000298e-01	2.301456627000000033e-01	-1.194767289999999926e+00	1.301733006000000081e+00	-2.780900854999999727e-01	1.438291033999999913e+00	1.017839493999999956e+00	1.215429603000000025e+00	-9.216995577000000051e-01	1.788321523000000024e+00	3.788320578000000105e-01	-2.837224763000000261e-01	-3.959660685999999985e-01	-1.143111611999999937e-02	-1.028106235000000035e-01	-7.803751178000000177e-01	3.640854555999999964e-01	-2.259756008999999899e-01	4.351675401000000276e-01	-1.068486148999999941e+00	-3.697908227999999742e-01	-9.151469024999999702e-01	-7.288187390999999460e-01	-7.465678669999999961e-01	-9.806702216000000305e-02	7.592527352000000285e-01	-1.687870108000000036e+00	-6.196246168000000276e-01	-2.149192983999999862e-01	5.361303937000000408e-01	7.428192873000000196e-01	-1.781531653000000048e+00	-3.716020742999999737e-01	-4.474247210000000252e-01	-1.395546869999999995e+00	-7.394540756999999909e-01	7.048505035000000030e-01	-9.760997113999999586e-01	-3.159000263000000253e-01	-5.376307054000000196e-01	1.071915866999999967e+00	-6.159678038000000466e-01	-3.948921969000000060e-02	-5.421188106000000007e-01	5.055991774000000438e-01	-1.044852085000000042e+00	-1.061206145999999961e+00	4.780676750999999780e-01	-5.676290921000000100e-01	7.034900888999999768e-01	-1.640625481000000052e+00	-3.842480018000000164e-01
1.472070444999999950e+00	6.570396649999999950e-01	1.409797839000000108e+00	1.081929933999999927e+00	-9.663810725999999462e-01	-1.406204267999999979e+00	1.333065028000000041e+00	1.093370744000000006e+00	-1.169271202000000009e+00	-4.829520775999999738e-01	5.916171752000000117e-01	3.119553547999999732e-01	-1.322536603000000088e+00	1.380276081000000099e+00	-4.881720361999999924e-01	1.648481663999999958e+00	1.224264674000000053e+00	1.504681837999999994e+00	-1.378268286000000065e-01	1.373770625999999995e+00	-8.190005699000000305e-01	6.911466653000000182e-01	-1.044374698999999962e-01	3.155459952999999929e-01	3.245667398000000037e-01	-8.273238395999999995e-01	-4.379184425000000047e-01	-2.795136756000000111e-01	1.021201470000000056e+00	-9.060156416000000323e-01	-1.076666533999999897e+00	-4.762060426999999985e-01	-8.704536898000000411e-01	-5.166095769999999865e-01	8.221537716000000273e-01	1.041287011000000096e+00	-7.448283513000000244e-01	-2.039855381999999828e-02	-9.798426242999999647e-02	4.796211888999999950e-01	7.187636695000000353e-01	-2.230675512999999999e+00	5.005687259000000250e-02	-5.596663662999999955e-01	-1.167397127999999951e+00	-6.119316508000000043e-01	1.282492074000000093e+00	-1.526423564999999982e+00	7.739167185999999976e-01	-1.345139871999999903e-01	2.152528570999999946e+00	-1.400324051999999986e+00	-7.379193748000000275e-01	-7.136073525999999667e-01	4.621890565999999811e-01	-6.902119937999999788e-01	-2.017017928000000015e+00	8.664581162000000170e-01	-7.016314741000000410e-01	1.357227471000000074e+00	-2.295313381999999902e-01	-1.416579947999999922e-01
1.446424042999999937e+00	6.770789302999999926e-01	1.007319617999999917e+00	1.303950283999999904e+00	-8.339439965999999593e-01	-1.808547165000000012e+00	1.370429110999999978e+00	1.174236094000000064e+00	-9.641052093999999961e-01	-4.139203834999999887e-01	3.983970413999999849e-01	4.571448463000000184e-01	-1.309179599999999999e+00	1.780150571000000070e+00	-8.935995402999999393e-02	1.534207348000000026e+00	1.493285186999999903e+00	1.472491572000000026e+00	-2.849760791000000015e-01	9.434821731000000433e-01	-1.267483131000000096e+00	1.263644868000000088e+00	-2.700309262999999738e-01	-5.871083459999999494e-04	1.220598046999999964e+00	-1.237583608000000002e+00	-3.106100032999999927e-01	-3.296506914999999815e-01	1.432022555000000086e+00	-3.388489953000000110e-01	-6.107461354000000009e-01	5.354491558999999734e-01	-4.805322894999999872e-01	-1.246969911999999958e-01	8.514806763000000167e-01	1.242641662999999896e+00	-7.426757520000000223e-01	5.330210314000000116e-01	-1.450649142999999863e-01	-7.054542899000000311e-01	1.365099996999999954e+00	-2.038473418999999787e+00	1.400949486000000022e+00	-9.113593702000000185e-01	-1.329909161000000006e+00	-9.467529584999999637e-01	1.567765462999999970e+00	-9.473422669000000629e-02	9.206012238999999875e-01	3.465996726000000056e-02	4.638525741000000258e-01	-7.286333069000000551e-01	-4.110030447999999947e-01	8.322521551000000573e-02	8.233906961000000413e-01	4.159985058999999818e-01	-2.852396731999999879e-01	9.019547202000000041e-01	-4.334016719000000073e-01	4.215222853999999741e-01	6.695161071999999880e-01	4.677762189999999654e-02
1.481592725000000055e+00	7.717099178999999864e-01	1.188902190000000081e+00	1.365344471000000004e+00	-8.047960630999999587e-01	-1.659881472999999996e+00	1.552110625999999938e+00	1.337098759999999942e+00	-1.173844585999999968e+00	-5.579479394999999897e-01	9.856960270000000301e-01	6.720953304000000239e-01	-1.327233584000000022e+00	2.120330807999999845e+00	2.273758305999999951e-01	1.174929502999999986e+00	1.810861335000000016e+00	1.094551929000000090e+00	-1.042798421000000086e+00	8.339194827999999449e-01	5.856235595999999960e-02	1.699644273000000094e+00	-9.289200413999999517e-01	7.267572354000000345e-01	1.018304453999999915e+00	-1.406666339000000043e+00	-5.680324952999999955e-01	-5.492108311000000187e-01	1.642276518000000074e+00	-6.391941263000000539e-02	-4.372853027999999975e-01	7.993718921000000366e-01	8.065975606000000409e-02	-1.332247736999999932e-01	8.123759479000000061e-01	2.243665676000000109e-01	4.375657961999999956e-02	6.661459413000000440e-01	-1.085729656000000015e-01	-1.632747033000000014e+00	1.580095585000000025e+00	-8.953746256000000292e-01	1.516490149000000009e+00	2.524712398000000246e-01	-1.926971087999999943e+00	-1.330048007000000032e+00	7.514128146999999869e-01	-1.410047852000000101e-01	1.233605250999999958e+00	1.109213495999999965e+00	4.092227178999999770e-01	-8.914928739999999907e-01	9.324616981000000138e-02	4.314723885999999786e-01	6.767335071000000202e-01	7.269412892000000070e-01	-3.988459560000000015e-01	1.230123810999999900e+00	3.553635406000000274e-01	7.351123131999999505e-02	-1.659597153000000047e-01	2.637958799999999826e-01
1.478268071000000017e+00	6.789123835000000495e-01	1.545096280999999960e+00	1.234446342999999890e+00	-7.778318869000000468e-01	-1.414271266000000082e+00	1.600075963000000101e+00	1.269426793000000053e+00	-1.553732740999999917e+00	-6.893873765000000375e-01	2.059787137999999906e+00	1.078950488999999902e+00	-1.220571067000000065e+00	2.191010937999999797e+00	-4.326205069999999875e-01	1.191533025000000023e+00	1.681783223999999910e+00	1.523687653000000086e+00	-1.395462159000000035e+00	1.257419408999999932e+00	-4.793400023000000260e-02	1.653818130000000108e+00	-1.244058056999999939e+00	9.744503332999999712e-01	-9.849481713000000083e-01	-8.702650529000000024e-01	-3.031808844000000169e-01	2.254909871000000177e+00	1.670800252999999902e+00	-1.135345152999999996e-01	-4.423814615000000172e-01	1.257793391999999955e+00	8.574659675000000369e-01	1.915134037000000011e-01	1.803878530999999952e-01	-2.006024866999999989e-01	1.086692446999999895e+00	5.368499751999999958e-01	-2.099280334999999997e-01	-1.707301659999999943e+00	1.428016205000000038e+00	1.263082536000000033e-01	7.192910635999999469e-01	9.589374982999999686e-01	-2.177256235999999845e+00	-1.575434417000000087e+00	-3.135008058000000042e-01	-1.059121751000000056e-01	1.104751746999999895e+00	2.149991326999999952e+00	8.401577930000000416e-01	-9.269633642000000284e-01	7.393232611000000176e-01	1.357479166999999931e+00	9.956653932000000262e-01	1.570964422000000082e+00	-2.324972248999999935e-01	8.091890620999999673e-01	2.907250330999999743e-01	-7.937670556999999461e-01	-6.249687143000000056e-01	4.250945520000000144e-01
1.491246292999999890e+00	6.365972884999999692e-01	1.584845502000000073e+00	1.115296069000000001e+00	-6.688262767999999525e-01	-1.269467794000000094e+00	1.354669595999999920e+00	1.242378449999999912e+00	-1.716795985000000080e+00	-1.112064546000000043e+00	1.882425440000000005e+00	1.335148956999999914e+00	-1.141153743999999914e+00	1.891955351000000007e+00	-2.603236837999999831e-01	1.275916701000000097e+00	1.307662805999999955e+00	1.498553527000000107e+00	-1.357464669999999929e+00	1.808038102999999897e+00	-7.401866914000000408e-01	1.753740693999999989e+00	-1.683086037999999895e+00	8.197037765000000364e-01	2.665246126999999965e-01	-4.216417726999999727e-01	3.669951820000000309e-02	2.016081262000000152e+00	1.820547130000000013e+00	-4.932483737000000201e-01	-2.955291306999999756e-01	1.551088747999999962e+00	1.057055501000000008e+00	2.047222424000000041e-01	-3.736861696000000066e-01	-4.922598277999999938e-01	1.142899010999999909e+00	-1.953395052000000132e-01	-7.030655511000000191e-02	-2.116003420999999829e+00	1.376188967999999901e+00	3.722757546000000084e-01	4.574835670999999881e-01	6.056831166999999683e-01	-1.667305001999999980e+00	-1.711212726999999933e+00	-8.568480710000000444e-01	6.800895345999999897e-01	8.188344763999999554e-01	1.963667234999999955e+00	3.613424901999999772e-01	-3.754848651000000093e-01	9.111971280999999756e-01	6.559183360000000462e-01	6.055623326000000167e-02	1.473482095999999908e+00	-8.848006560000000187e-01	4.328250458999999828e-01	1.348826869000000039e+00	-4.353799233999999796e-01	2.352827527000000085e+00	1.390642356000000079e+00
1.413191174999999911e+00	6.757456026999999477e-01	1.109024924000000079e+00	1.220317840000000098e+00	-7.742248215999999461e-01	-1.660622368999999932e+00	1.515235276999999936e+00	1.491156313000000067e+00	-1.576109882999999989e+00	-1.392500335000000034e+00	1.371796221999999954e+00	1.381067424999999904e+00	-1.307760720000000099e+00	1.389071952000000110e+00	2.607489174000000021e-01	1.189221308000000032e+00	8.356266439999999740e-01	1.359565584999999910e+00	-1.036878006000000019e+00	2.677028336999999869e+00	-1.651039960000000084e+00	2.337933714000000052e+00	-1.004118714999999940e+00	5.276542428000000062e-02	6.569508195000000050e-01	-4.853029755000000112e-01	8.993856247000000526e-01	1.243156635999999926e+00	1.337424340000000100e+00	-8.269085607999999699e-01	1.869445701999999931e-01	1.900249634999999993e+00	2.001793949000000017e-01	-4.408351842000000076e-01	-1.180181197000000015e+00	-2.592977597000000189e-01	3.256654713000000090e-01	-7.275975713000000233e-01	-4.510725998999999820e-01	-2.287031831999999820e+00	1.385014447000000093e+00	3.933131832000000272e-01	9.641408425999999920e-01	-1.006808359999999958e-01	-1.197376020999999957e+00	-1.676647030000000038e+00	1.498603270999999904e+00	2.462985984999999933e-01	2.003014982999999916e-01	9.325958421000000165e-01	-5.488410446000000498e-01	4.468547984999999834e-01	9.289849514000000363e-01	-4.542031116999999951e-01	-1.444241302000000005e+00	4.011547369999999835e-01	-8.695878334000000098e-01	1.108442047000000041e+00	-5.778537179999999607e-01	7.514508323999999351e-02	1.775995358000000079e+00	1.261312412000000105e+00
1.385397669999999914e+00	6.799564160000000079e-01	1.039360961999999944e+00	1.346470233000000016e+00	-8.046024792999999509e-01	-1.936502531999999999e+00	1.501452798000000088e+00	1.561173052000000006e+00	-1.497348601999999973e+00	-1.622429244000000104e+00	1.100249797000000029e+00	1.330480606000000066e+00	-1.361752016000000065e+00	1.122517737999999987e+00	3.155205884999999766e-01	9.836433728000000265e-01	6.793529850999999731e-01	1.082764776999999956e+00	-9.551663962999999979e-01	2.640190588999999921e+00	-4.640746032999999993e-01	2.355134043000000066e+00	-1.378186585999999991e+00	-6.802667380000000652e-02	1.951130959000000109e+00	9.970952657999999913e-02	1.058502046000000085e+00	-4.189529220000000054e-01	9.535052790000000389e-01	-9.704402596000000214e-01	2.406464960999999958e-01	1.245378732999999905e+00	-2.114816330000000161e-02	-1.065392888000000093e+00	-1.703635623999999904e+00	1.148825306000000046e-01	-6.845047833999999831e-01	-1.025075602000000030e+00	-1.018434891000000064e+00	-2.520705211000000112e+00	1.539781249000000019e+00	-5.247350168000000092e-01	4.680860801999999765e-01	-3.812498797000000161e-01	-1.648049250999999993e+00	-1.887350945999999974e+00	1.431617421999999973e+00	1.822533345000000027e-01	-3.227802375000000112e-01	2.938997421000000276e-01	-1.352554081999999935e+00	-1.726910070999999880e-01	2.736266327999999914e-01	-2.042943934000000183e+00	-2.663870671000000190e+00	-2.374896968999999913e-01	-3.643642190999999975e-01	6.705878185000000435e-01	-3.973983348999999832e-01	1.778755847999999862e-01	4.682735997999999678e-02	6.697390237000000468e-01
1.337412942000000049e+00	5.884027077000000272e-01	1.446840330999999980e+00	1.306228434000000105e+00	-8.055996269999999848e-01	-2.056898637999999835e+00	1.452124130999999929e+00	1.270217286000000056e+00	-1.629059349000000045e+00	-1.880043275000000014e+00	1.705118673000000085e+00	1.116268736999999955e+00	-1.501168387999999965e+00	8.497675810999999468e-01	-5.324885704999999803e-01	9.007343025999999808e-01	1.121247860000000041e-01	1.491683467999999957e+00	-1.098004849000000060e+00	1.489707619000000038e+00	2.896379027000000050e-01	1.922721440999999976e+00	-1.260242300999999898e+00	9.078313515000000500e-01	5.922513523000000335e-01	-5.083904880999999820e-01	-6.187841470999999594e-01	1.015673830999999971e+00	6.760300733999999867e-01	-9.391317817000000012e-01	-3.947256483000000093e-01	1.323507586999999930e+00	-1.789371258999999936e-01	-1.492681933999999933e+00	-1.890526509999999938e+00	-5.376072402999999555e-01	-2.430235312000000036e-01	-1.463817230000000080e+00	-1.127341759000000110e+00	-2.031862724999999870e+00	1.173113134999999918e+00	-2.357446876000000024e-01	-8.541219986999999680e-02	-3.609691912999999919e-01	-1.869580758999999981e+00	-2.374026483999999826e+00	9.959453991000000173e-01	-3.903945350999999953e-01	-3.012089394999999947e-01	9.594308930999999596e-01	-1.110081558999999940e+00	-1.610187221999999974e+00	1.009492048000000031e+00	-1.978368941000000047e+00	-1.353301681999999895e+00	2.581941274999999814e-01	-2.505370658999999788e-03	5.949933526999999778e-01	-2.252954330999999977e-01	-4.182831253000000027e-01	-1.048691674999999934e+00	5.373502265999999805e-01
1.325466354000000013e+00	5.108331213000000259e-01	1.792246572999999898e+00	1.240140795999999934e+00	-7.262358348999999880e-01	-1.999055369999999998e+00	1.022356741999999930e+00	1.092147065000000028e+00	-1.983773151999999929e+00	-2.113571525999999867e+00	1.843310288999999935e+00	5.146147049999999501e-01	-1.478507789000000017e+00	7.867281701999999655e-01	-1.215723351999999924e+00	9.857093800999999766e-01	-4.345660500999999898e-01	1.790131936999999951e+00	-8.844128110000000209e-01	8.239590258000000222e-01	-4.248806103000000167e-01	1.619461169999999894e+00	-1.472018964000000096e+00	1.402325904000000012e+00	-5.264509765999999535e-01	-5.519693527000000266e-01	-9.210604757999999448e-01	2.795245013000000167e+00	8.486907523000000175e-01	-8.961833629000000023e-01	-5.194626083000000172e-01	1.817001292000000046e+00	-1.762326296000000028e-02	-1.042961105000000055e+00	-1.967641916000000046e+00	-9.764307781000000075e-01	9.225846336000000092e-02	-1.510844845999999908e+00	-2.511588430999999733e-01	-1.631008958000000009e+00	6.402910357000000108e-01	-2.592366843999999726e-01	-6.329632443999999580e-02	-3.127185927000000198e-01	-1.976564664999999943e+00	-2.401638648000000043e+00	1.196264479000000103e+00	-9.081677870000000319e-02	6.853234957999999599e-01	9.681015463000000043e-01	-5.066775676000000450e-01	-1.531025021999999902e+00	1.293793181000000070e+00	-1.754361628000000062e+00	-5.630208425999999600e-01	1.266151346000000011e+00	-1.616886046999999882e-01	1.109534680999999967e+00	1.182940914000000010e+00	-8.897435201000000182e-01	1.247400655000000080e+00	3.745627913999999836e-01
1.312749539999999993e+00	5.912176572999999768e-01	1.449499834000000043e+00	1.428767947000000094e+00	-8.252244107999999745e-01	-2.299732266999999997e+00	1.068817987999999941e+00	1.146627952000000006e+00	-1.716237663000000024e+00	-2.078828874000000049e+00	1.202503023000000004e+00	-1.012228071000000063e-01	-1.382129544000000099e+00	6.308391407000000228e-01	-7.285309035999999461e-01	9.204429965000000546e-01	-4.249760418999999900e-01	1.652018726000000104e+00	-6.873727279000000356e-01	9.563859010999999910e-01	-1.859664532999999897e+00	2.078456429000000050e+00	-1.144096645000000079e+00	1.046396761000000009e+00	5.313813469000000511e-01	-7.889438789999999591e-01	-5.796041540999999908e-01	1.439127078000000060e+00	6.070640974000000023e-01	-6.963955029999999713e-01	-5.712066593000000303e-01	1.581812694999999991e+00	-3.927639765000000005e-01	-1.013012119999999960e+00	-1.932383106999999933e+00	-4.630272765999999818e-01	-1.053559631000000052e-01	-1.672193229999999975e+00	3.528638241000000009e-01	-1.742479619999999896e+00	5.994861846000000272e-01	-1.243975538999999991e-01	6.050266786000000341e-01	-1.123264709000000083e+00	-1.524372690000000086e+00	-2.080561260000000079e+00	1.261864325999999981e+00	6.989997906999999566e-01	6.296137074000000000e-01	2.845458560999999942e-01	-7.066806932000000430e-01	-1.154909205999999910e+00	1.587009295999999958e+00	-2.233402820999999872e+00	-1.036410129000000069e+00	9.491691970000000200e-01	-7.938609348999999815e-01	1.062844949000000039e+00	3.175038457000000092e-01	-9.091318133000000357e-01	2.406647471999999954e+00	3.960485374000000114e-01
1.350328841999999918e+00	5.936477643999999998e-01	1.253904818000000088e+00	1.605698569999999936e+00	-7.986838985999999974e-01	-2.314080399999999926e+00	1.230381645000000024e+00	1.038522490999999937e+00	-1.725163643999999996e+00	-2.184251122000000045e+00	1.184269312999999935e+00	-2.843182180000000114e-01	-1.229368245999999942e+00	3.970191617000000117e-01	-5.203012576000000111e-01	9.657776538000000244e-01	-2.861144419000000161e-01	1.453926207999999942e+00	-7.232377400999999706e-01	6.811647350999999739e-01	-1.225236173999999956e+00	2.187074595999999982e+00	-1.499872061999999895e+00	1.022376315999999896e+00	1.395175695000000049e+00	-7.440694594000000217e-01	-5.369310991000000310e-01	9.652199881999999898e-01	1.825938433000000027e-01	-7.682258502000000044e-01	-4.587938515000000161e-01	1.000405975999999919e+00	-4.470532539000000027e-01	-8.767173433999999599e-01	-2.038241402999999785e+00	-9.508079527000000419e-02	-9.299510824999999981e-02	-1.623414142999999976e+00	-4.269554236999999891e-02	-1.721056213000000001e+00	6.280948684999999587e-01	1.721304824999999872e-01	4.547796389000000050e-01	-1.074903265000000108e+00	-1.830589620999999889e+00	-1.760300159999999892e+00	7.614675750999999604e-01	4.709342161999999776e-01	1.217276649999999988e-01	-1.987556423000000072e-01	-6.038218363999999783e-01	-1.155939746000000046e+00	1.136514524000000081e+00	-2.098763420000000046e+00	-6.651874118999999697e-01	7.257238470000000330e-01	-5.979669458999999909e-01	4.236975580999999824e-01	5.241602480000000508e-01	-1.012643740999999986e+00	-4.284533348999999824e-02	3.626626258999999797e-01
1.365432766000000075e+00	5.450395658000000143e-01	1.646353898000000093e+00	1.556626963999999891e+00	-6.785030764999999686e-01	-2.124383288000000203e+00	1.142409111999999949e+00	8.588480242999999570e-01	-1.726836175000000084e+00	-2.090800171999999790e+00	1.718068708000000111e+00	-3.710880333000000086e-01	-9.713786655999999686e-01	2.783905107999999906e-01	-1.049889819999999974e+00	7.669910040999999845e-01	-3.538085665999999851e-01	1.690613480999999974e+00	-1.490175569999999894e+00	3.793338415999999991e-01	2.700193170999999961e-02	1.601950427000000010e+00	-1.629715677999999945e+00	2.049800466999999848e+00	-1.860496687000000038e-01	-1.043350696999999938e+00	-1.322474268999999980e+00	1.644142199000000026e+00	1.033635459000000062e-01	-8.070273018000000409e-01	-4.568591362000000156e-01	9.212188739000000126e-01	6.569740624000000584e-02	-6.795861655999999584e-01	-1.570099297000000060e+00	-8.052677535000000164e-01	6.553183193999999323e-02	-1.548241940000000039e+00	-5.898171399999999620e-01	-1.681436764999999944e+00	5.229546498999999571e-01	4.816284027000000134e-01	-1.090157650000000006e-01	-4.755486843999999769e-01	-1.502202730999999902e+00	-1.106493903999999917e+00	-2.531112339000000100e-01	3.626745881999999810e-01	-5.866462941000000209e-01	5.397801601999999699e-01	5.962494094999999661e-02	-1.581266051000000061e+00	6.063482368999999483e-01	-7.166333066000000196e-01	1.216747398999999952e+00	1.378656118000000097e+00	-4.058964380000000260e-01	8.227613109000000424e-01	7.527448506999999678e-01	-7.643375033000000540e-01	-4.535299356999999976e-01	-1.154734845000000010e-01
1.380923663999999995e+00	5.965625493999999751e-01	1.929875454999999906e+00	1.404059173999999910e+00	-6.533534013999999779e-01	-1.992138436000000068e+00	9.091348030000000469e-01	7.029616226999999551e-01	-1.785958697999999956e+00	-2.028060620000000203e+00	2.166846210000000106e+00	-4.797182399000000097e-01	-7.146532195000000476e-01	5.635111543999999917e-01	-1.415007370000000098e+00	1.082250490000000065e+00	-4.111318159999999833e-01	1.935928674999999988e+00	-1.103643986000000021e+00	5.919340129000000283e-01	-7.748953344000000243e-01	1.288203701999999895e+00	-1.553196398999999950e+00	2.213616281000000185e+00	-1.222160408000000018e-02	-9.932301523000000021e-01	-1.054534998999999917e+00	3.035832904999999915e+00	3.471601884000000138e-01	-1.004817002000000015e+00	-5.438569980999999887e-01	1.384491836000000031e+00	6.391997618000000436e-01	-1.107414223000000031e-01	-9.181586727999999642e-01	-1.114304726999999939e+00	5.137884202000000400e-01	-9.592461356000000494e-01	-4.342230774999999987e-01	-1.503673073999999943e+00	4.156784955000000226e-01	3.584126483999999779e-01	-7.531488397000000168e-01	4.624248168999999659e-02	-9.578604374000000421e-01	-6.815896497000000220e-01	-3.729575141000000121e-02	-1.131194056000000003e-01	1.827019933000000040e-01	8.974984995000000465e-01	6.914562652000000309e-01	-1.271011279000000105e+00	1.236510777999999977e+00	-4.847155450999999782e-01	1.880935993000000028e+00	1.673038205999999972e+00	-3.474878590000000100e-01	2.147020540000000199e+00	1.233156517999999924e+00	-4.151773246000000084e-01	1.693070705000000009e+00	8.617950128000000376e-01
1.395742277999999947e+00	5.979075704999999852e-01	1.576764870000000096e+00	1.484050517000000013e+00	-7.791717046999999674e-01	-2.277607237999999867e+00	1.013416719999999938e+00	9.209330880999999636e-01	-1.544011428999999991e+00	-1.943732811999999921e+00	1.647641823000000061e+00	-4.930163068000000259e-01	-7.182785649999999800e-01	6.019112141000000360e-01	-5.847891011000000416e-01	1.000433605000000004e+00	-1.288948145000000101e-01	1.523866195999999951e+00	-5.408290198999999854e-01	1.141745986000000102e+00	-2.382748487000000193e+00	1.877349605999999893e+00	-1.208922680999999999e+00	1.802633200999999907e+00	3.045372016999999820e-01	-4.873271130999999867e-01	-6.444729790000000014e-01	1.887064014999999984e+00	3.248753004000000111e-01	-7.059279279000000296e-01	-3.101397806999999784e-01	1.079655280000000106e+00	6.533386010999999716e-01	1.295321955000000025e-01	-7.778009544999999747e-01	-6.266249360000000213e-01	3.130235553999999865e-01	-5.116658069999999725e-01	-3.536987428000000211e-01	-1.729832500000000106e+00	8.448739491000000212e-01	5.809261037999999822e-01	7.304200348000000620e-02	-8.404393236999999628e-01	-7.674143619999999888e-02	-4.073553986999999821e-01	4.352883978000000043e-01	9.062120674000000431e-01	7.756497312000000255e-01	4.630936543999999988e-01	5.734398487999999711e-02	-1.165757390000000004e+00	1.612940658000000083e+00	-1.396005444000000040e+00	1.725074884999999947e+00	8.910744886999999448e-01	-8.714304700999999653e-01	2.248291345999999802e+00	-5.026322915999999891e-02	-2.000460216999999929e-01	1.663520665000000065e+00	1.260047590000000106e+00
1.409230168999999977e+00	7.140416958999999952e-01	1.239334482999999931e+00	1.728844942999999912e+00	-8.081432122999999690e-01	-2.325759638000000074e+00	1.374615195000000067e+00	1.035230147999999906e+00	-1.398387720999999972e+00	-2.266137319999999900e+00	1.300733925999999929e+00	-1.266478655000000120e-01	-8.275630725000000520e-01	2.958924776999999895e-01	1.484650324000000021e-01	1.183028038000000004e+00	3.020630264999999981e-01	1.337581651000000038e+00	-1.006186615000000062e+00	1.143184403000000016e+00	-1.703906335000000105e+00	1.966344062999999975e+00	-1.573068888000000110e+00	1.434432884000000019e+00	1.297762011000000104e+00	-5.256033972000000443e-01	-2.434101025000000029e-01	2.434531454000000039e+00	6.019226352000000002e-01	-9.124767179999999644e-01	-2.480029582000000121e-01	8.344181260999999905e-01	6.162324106000000024e-02	8.795957159999999442e-02	-1.099006343000000108e+00	-6.647125145000000179e-01	4.207258077000000096e-01	-2.690583594000000023e-01	-3.543069469999999832e-01	-1.699654194000000063e+00	1.315074089999999973e+00	5.789832070000000552e-01	6.103804962000000112e-01	-4.376661297000000173e-01	-9.487276718999999581e-01	-1.196117901000000039e+00	-5.437084215999999914e-01	9.410141759000000272e-01	4.394257575000000138e-01	-2.298211357000000121e-01	-6.692074950999999938e-01	-3.363072275999999805e-01	9.818238178999999510e-01	-1.555595881999999985e+00	1.203679678000000086e+00	2.066268933000000030e-01	-1.388245642000000002e+00	1.322340990999999910e+00	-5.663837812999999999e-01	-3.561275869999999677e-02	4.597615421999999841e-01	1.043634377000000057e+00
1.468144311000000091e+00	7.611057511000000053e-01	1.166676918000000063e+00	1.727526273000000057e+00	-7.534927540000000423e-01	-2.172286140999999837e+00	1.586464298000000106e+00	1.035610565999999899e+00	-1.058398785999999925e+00	-2.275989431000000174e+00	1.379369327999999895e+00	1.598327482000000133e-01	-7.563765275999999593e-01	2.749128037999999941e-01	2.567491035000000199e-01	9.519712767000000353e-01	3.236373905000000106e-01	1.024067625000000037e+00	-3.944414501999999878e-01	1.261966979000000100e+00	-8.647467320000000457e-02	1.610709072999999991e+00	-2.106022149000000176e+00	1.661962023000000066e+00	2.279744860000000095e+00	7.558567530000000027e-03	-8.406452439000000609e-02	9.585484769000000016e-01	8.741021338000000140e-01	-9.606641101999999766e-01	-1.211202809000000019e-01	6.728415417999999981e-01	-5.742577389999999893e-01	-1.262118899999999933e-01	-1.178469331000000064e+00	-1.051687242000000078e+00	3.711741697000000006e-01	-6.225355777000000056e-03	-6.700186629000000060e-01	-1.412438295000000066e+00	1.137305812999999999e+00	-6.499722183999999577e-03	-2.296284423999999935e-01	-2.147171198999999874e-03	-1.587988876999999910e+00	-1.455402627000000004e+00	-1.138097370000000108e+00	4.045298171999999748e-01	2.153477357999999953e-01	-4.896952317000000110e-01	-1.891739249999999928e-01	-1.260928521999999941e-01	8.961135295000000056e-01	-1.676753799000000100e+00	-3.502485625000000269e-01	-1.413783616999999992e+00	-6.998629374000000514e-01	1.848265154999999965e-02	-1.059245983999999918e+00	5.256809337000000193e-01	3.440810926999999797e-01	9.230463840999999503e-01
1.437867264999999950e+00	7.364634151000000184e-01	1.384299986000000038e+00	1.623754187999999932e+00	-8.127473982999999791e-01	-2.172721978999999859e+00	1.549575726000000042e+00	8.033058895000000366e-01	-1.014066584000000049e+00	-2.387150292999999923e+00	1.638674407999999971e+00	2.637507599999999730e-01	-8.325485196999999893e-01	1.210880723999999964e-01	-2.304864862999999875e-01	9.630871837000000157e-01	-1.319715134999999984e-01	9.234821101000000310e-01	-6.868922523999999585e-01	7.254522997000000251e-01	-1.200232514000000063e-02	9.647135681999999823e-01	-1.893470887999999963e+00	1.891990119999999997e+00	2.081226679999999885e+00	-4.019981861000000017e-02	-1.546027792000000123e-01	5.312940144000000142e-02	9.602417245000000046e-01	-8.079639470999999684e-01	9.557771299999999748e-01	-1.196948946000000014e+00	-4.399791724000000070e-01	-4.161383231999999932e-01	-1.165092832000000023e+00	-1.185800374000000046e+00	3.884593861999999787e-01	-2.702300027000000271e-01	-8.901711247000000382e-01	-1.332160242000000050e+00	1.177315866000000044e+00	3.542069594999999738e-01	-6.331487584999999640e-01	-3.817193615000000206e-01	-1.059279120000000018e+00	-1.194573118000000100e+00	-1.089177998000000036e+00	9.713484888000000206e-01	-1.994206939000000012e-01	1.571854636999999930e-02	1.909288127000000057e-01	-1.883389175000000082e-01	1.268793365000000062e+00	-1.036955993000000076e+00	-3.201474311999999989e-01	-8.960729875999999816e-01	-7.648448364000000055e-01	-5.157038808000000141e-02	-6.121593139000000017e-01	4.930869038999999843e-01	-8.858005219000000263e-01	5.726123154000000159e-01
1.434174706999999938e+00	6.870165538000000405e-01	1.407737420999999989e+00	1.672763159000000055e+00	-8.989906573000000511e-01	-2.315200348999999935e+00	1.481044822000000094e+00	8.381472153000000258e-01	-8.705811838000000469e-01	-2.394026247000000218e+00	1.766972141999999968e+00	1.725241050000000109e-01	-9.212728662000000401e-01	2.483788218999999908e-01	-1.193559165000000061e-01	9.277951167000000332e-01	-1.903045858999999895e-01	1.252479984999999907e+00	-8.773666033999999447e-01	6.957590420999999470e-01	-2.830324619999999847e-01	1.199866807000000007e-01	-1.788758121999999950e+00	1.592557527000000084e+00	2.116630946999999985e+00	-3.310493420000000242e-01	-1.165915413999999914e-02	1.185391685000000001e-02	5.493412232000000062e-01	-3.879051879000000036e-01	2.069228475999999872e-01	-1.211253466999999917e+00	-3.277545232999999891e-01	1.932636766999999978e-01	-6.279133469000000023e-01	-1.323854644000000080e+00	6.438190499000000511e-01	-4.885211193999999812e-01	-5.902000461999999947e-01	-7.656202237000000466e-01	1.016451838999999913e+00	-1.199379121000000020e-01	-1.748226142000000038e+00	-5.493391314000000136e-01	-6.826117877999999806e-01	-1.243443682999999966e+00	-3.257015159000000160e-01	1.035281421000000091e+00	5.149565701000000280e-03	4.648502996000000165e-01	1.039068392999999979e+00	-8.677656051000000315e-02	1.622907899999999959e+00	-2.936586769999999791e-01	-4.843621651000000194e-01	-6.918183581000000304e-01	-4.233990838999999728e-01	-6.036443642000000054e-01	-8.904328255000000247e-01	5.908847841000000045e-01	5.535354714000000342e-01	4.806692583000000130e-01
1.419169042999999908e+00	7.287834185999999548e-01	1.553328535999999982e+00	1.618445560999999921e+00	-1.008164443000000077e+00	-2.289622447000000172e+00	1.464883635000000073e+00	8.559987116999999701e-01	-1.011080519999999927e+00	-2.292023340000000076e+00	1.767499718000000053e+00	8.369139032000000311e-02	-1.012661500000000103e+00	3.806305417999999996e-01	-1.574552435000000083e-01	9.847638286000000019e-01	-1.524028064999999876e-01	1.208959115999999945e+00	-9.828887415000000516e-01	7.864180231999999826e-01	-2.644585260000000271e-01	-2.038005854000000117e-01	-1.804809161999999967e+00	8.784869856000000476e-01	2.050517070000000164e+00	-5.067371448999999917e-01	7.653143060000000553e-01	-3.994110519999999886e-01	3.700641746000000315e-02	8.785483790999999709e-02	4.642678384999999741e-01	-1.237166720999999914e+00	4.931205863000000245e-02	9.949411326000000555e-01	-1.762172448000000058e-01	-1.358499630999999930e+00	5.146084105999999547e-01	-6.471090093000000376e-01	-2.527819595999999946e-01	-1.606169477000000123e-01	9.134865843999999679e-01	-2.210281500999999871e-01	-1.701047151999999896e+00	-3.463671457999999981e-01	-7.922984416999999668e-01	-1.293368813999999922e+00	3.792843095999999803e-01	8.842805467000000030e-01	5.555064873999999708e-01	7.053170979999999757e-01	1.850721979000000017e+00	-3.588750736999999913e-01	1.857328687999999950e+00	-1.891032481999999904e-01	-2.643209115999999859e-01	-8.625269169000000513e-01	-4.989767257000000122e-01	-1.064581857000000076e+00	-8.586836071000000237e-01	8.168858573999999706e-01	-8.932273241000000530e-01	4.190156509999999890e-01
1.454888090000000078e+00	7.461436704999999669e-01	1.651643219000000107e+00	1.573343270999999932e+00	-9.457393938999999472e-01	-2.214283648999999965e+00	1.431268396999999970e+00	8.225033670000000408e-01	-1.215168717999999926e+00	-2.205401494000000184e+00	1.966669718999999983e+00	1.911046274000000045e-01	-1.131700259999999902e+00	5.276642483000000272e-01	1.593024678000000138e-01	6.818076976000000400e-01	1.042700632999999932e-01	1.136722148000000043e+00	-1.142512097000000004e+00	9.849053022000000546e-01	-3.225782861999999807e-02	-4.087428142999999792e-01	-2.010752550999999944e+00	7.348208485999999651e-01	1.792810028999999972e+00	-7.009127763000000400e-01	8.192264577000000214e-01	-2.738751982000000029e-01	-2.030370585000000061e-01	1.494009343000000101e-01	5.600901749000000152e-01	-1.083462646999999945e+00	8.062168681000000392e-01	1.389957762000000097e+00	-2.574176349000000252e-01	-1.419447067999999978e+00	4.881817363000000021e-01	-5.833090832999999753e-01	2.585926729999999951e-01	-7.967722150000000614e-02	7.752090928999999520e-01	-3.143989034999999932e-01	-1.832025143999999939e+00	-2.214710927000000107e-01	-1.135393067999999950e+00	-1.354339490999999951e+00	5.548626889000000117e-01	6.302532414000000527e-01	5.496598244000000522e-01	1.101550089999999926e+00	1.344946975999999905e+00	-3.799283606000000146e-01	1.982092586999999906e+00	-6.565394053999999979e-01	-2.192842272999999953e-01	-1.216615065999999912e+00	-9.142900975000000097e-01	-1.707529289000000006e+00	-9.505659749000000547e-01	3.277214259999999824e-01	-4.715414289000000037e-01	-2.241630478999999954e-01
1.420104883000000040e+00	6.882505571999999461e-01	1.606176816000000063e+00	1.641703804000000044e+00	-8.989437463999999656e-01	-2.255887872000000183e+00	1.445598836999999914e+00	7.670819781000000059e-01	-1.477344548999999896e+00	-2.221870100999999931e+00	2.211569139999999933e+00	3.532629025999999839e-01	-1.356779399000000108e+00	5.665625127000000205e-01	9.800106152000000528e-03	5.127170719000000432e-01	1.216613777999999979e-01	1.455553528999999902e+00	-1.269339433999999933e+00	1.162289426000000070e+00	-3.946485746000000239e-01	-4.485812728999999943e-01	-2.253380342999999897e+00	6.685502101000000419e-01	1.658071287999999921e+00	-6.638657144999999815e-01	1.013766924000000014e+00	-6.382326887999999719e-03	-4.536775747999999830e-01	7.270058419000000050e-02	7.688776230999999628e-01	-1.118436691000000094e+00	7.796697773999999859e-01	1.665200682000000043e+00	-3.090094716999999824e-01	-1.316403908999999928e+00	2.061001671000000091e-01	-9.425483818000000014e-01	2.768016430999999944e-01	-1.086374974000000049e-01	7.754804988000000288e-01	-2.724435756999999958e-01	-1.938226927000000099e+00	-2.388822972999999905e-01	-1.819493191000000065e+00	-1.498838759999999937e+00	8.304931904000000253e-01	5.934543699000000005e-01	1.544588778000000051e-01	1.456798086999999908e+00	7.740012599000000160e-01	-6.761183400000000399e-01	1.914932400000000090e+00	-1.347795030999999977e+00	9.873838976000000323e-02	-1.632469173999999912e+00	-8.020492018999999528e-01	-2.032837611999999794e+00	-1.101489774000000033e+00	-6.139262467999999640e-01	-1.234021159999999950e+00	-5.257732600000000200e-01
1.418619693999999987e+00	6.940958793999999488e-01	1.665751428999999950e+00	1.658912147999999975e+00	-8.640311811999999980e-01	-2.265882319999999783e+00	1.338407914999999893e+00	8.293177629000000328e-01	-1.612513027000000099e+00	-2.390527001000000151e+00	2.149667141000000115e+00	3.724831610000000071e-01	-1.676698822000000089e+00	5.204931028999999487e-01	1.032893762999999993e-01	4.105025746000000031e-01	8.215885924000000673e-02	1.291525838999999953e+00	-1.251514425999999958e+00	1.280105143999999973e+00	-3.876609894999999972e-01	-6.818375313000000215e-01	-2.439091835000000152e+00	8.355881587000000277e-01	2.041735116999999988e+00	-7.675845418000000198e-01	9.865058012999999848e-01	9.536265862999999954e-02	-4.179187077000000028e-01	-2.140367011000000041e-01	6.963269165000000038e-01	-1.119328754000000092e+00	6.470091958999999449e-01	1.579428942000000058e+00	-4.595722300000000260e-01	-1.431582646000000070e+00	8.450803487999999919e-02	-1.308399274999999973e+00	2.290944870999999938e-01	1.437101755999999897e-01	9.209105143000000382e-01	-2.516567457000000174e-01	-2.046454648000000098e+00	-4.347706201000000048e-01	-1.780735407000000103e+00	-1.855524130000000049e+00	8.478416208000000287e-01	4.703200088000000223e-01	-1.256441103000000004e-01	1.372422417999999977e+00	9.920664270000000007e-02	-5.720221504000000401e-01	1.783613177000000105e+00	-2.006354497999999875e+00	-9.573105987999999678e-02	-1.899488556999999966e+00	-9.874535862000000108e-01	-1.860856108999999980e+00	-7.233610658000000360e-01	-8.012713885000000147e-01	-2.857342580000000187e-01	-6.397138380000000346e-01
1.362265218999999972e+00	7.231075278999999911e-01	1.559319627000000041e+00	1.619933464000000045e+00	-8.920778673999999464e-01	-2.388486406999999812e+00	1.301915485999999955e+00	9.307595463000000180e-01	-1.650461621999999906e+00	-2.488222511000000026e+00	1.919901282999999959e+00	1.590137754000000014e-01	-1.741367509000000036e+00	3.357286474000000243e-01	2.658251289999999933e-01	4.871935139999999942e-01	-1.092025040000000058e-01	1.099031531000000061e+00	-8.172705778000000088e-01	1.182126752999999919e+00	-1.023614545999999903e+00	-5.516306963999999535e-01	-2.207945372999999822e+00	5.846892485000000361e-01	2.258244947000000113e+00	-7.329507349999999644e-01	9.525216221000000205e-01	-2.087961880000000110e-03	-2.154459746000000064e-01	-3.805674311000000198e-01	7.005656175000000152e-01	-1.339657158999999931e+00	3.673713075000000217e-01	1.260213605999999986e+00	-7.718372572999999681e-01	-1.601432466000000110e+00	7.112354488000000030e-02	-1.593118424000000033e+00	3.647640501999999899e-03	-1.688736439999999894e-01	6.640899218000000381e-01	-1.425872719999999871e-01	-1.995021546000000034e+00	-4.961641363000000027e-01	-1.731332166999999922e+00	-1.724108315999999919e+00	5.784411027000000427e-01	4.927302648999999923e-01	-3.686278213999999998e-01	4.491831601999999868e-01	-4.334777899000000212e-01	-4.997957599000000251e-01	1.858415270000000064e+00	-2.241373036000000152e+00	-5.069099178000000538e-01	-2.458917720000000084e+00	-8.802909996000000126e-01	-2.227817409000000026e+00	-8.472469934999999897e-01	-4.356994176000000274e-01	-6.188428165999999564e-01	-2.864453322000000135e-01
1.343029731999999976e+00	6.490434033999999963e-01	1.449991921000000072e+00	1.628159845999999966e+00	-8.385189162999999724e-01	-2.448526891999999844e+00	1.271370200000000006e+00	9.280306247999999814e-01	-1.716398760999999995e+00	-2.548118747000000184e+00	1.801851808000000110e+00	-7.618417924000000369e-03	-1.841197565000000091e+00	1.175303944000000017e-01	1.642846735000000058e-01	5.439212204000000161e-01	-1.999125759000000002e-01	1.207761019999999963e+00	-1.023273297000000026e+00	9.572620810999999952e-01	-7.095344251999999852e-01	-4.172778837000000185e-01	-2.221972606000000017e+00	5.813205619000000324e-01	2.523395901000000219e+00	-6.854665299000000100e-01	7.150166516000000527e-01	2.325625176999999988e-01	-3.158596917000000004e-01	-5.651670563999999786e-01	5.654983797999999506e-01	-1.488207800000000081e+00	4.354486913000000237e-01	7.575334040000000213e-01	-1.197491867999999959e+00	-1.748748390000000041e+00	-2.543676650000000206e-01	-1.749375235999999889e+00	-9.351304489999999470e-02	-3.650263677999999734e-01	7.493733934999999846e-01	-2.176078331000000088e-01	-2.278946229000000212e+00	-8.165526884999999568e-01	-1.892359077999999917e+00	-1.855914282999999942e+00	2.324631631999999892e-01	-9.669244418000000341e-02	-8.703417023999999724e-01	8.373903142999999938e-02	-9.651112856000000351e-01	-6.138193699999999753e-01	1.648836648000000071e+00	-2.356505998999999907e+00	-7.126339784999999871e-01	-2.434879770000000221e+00	-5.312253565000000233e-01	-2.476667610999999880e+00	-4.253229512000000212e-01	-4.082234651000000158e-01	-2.390140020000000032e-01	6.333261113999999470e-02
1.337779387999999958e+00	6.497866353000000261e-01	1.571469494000000022e+00	1.599745552999999987e+00	-8.420711881000000343e-01	-2.445402749999999958e+00	1.196026381000000027e+00	8.888881358000000343e-01	-1.889358990000000071e+00	-2.428199305999999780e+00	1.774504067000000074e+00	-2.158216626999999999e-01	-1.802240247999999934e+00	-5.315368770000000048e-02	-1.349967776000000064e-01	3.603956710999999813e-01	-4.773682552999999884e-01	1.043185881000000093e+00	-9.084580941000000021e-01	6.382638896000000228e-01	-3.508958469999999830e-01	-4.797754289000000227e-01	-2.226987360999999943e+00	9.133368869000000334e-01	1.845859348999999927e+00	-5.440035575999999651e-01	2.610190675999999876e-01	5.521351604999999996e-01	-3.135147229999999952e-01	-7.947606716999999765e-01	4.097205401999999830e-01	-1.827220897999999982e+00	3.855389733999999846e-01	1.806951078000000044e-01	-1.810553475000000079e+00	-1.685518228000000063e+00	-4.160446065999999776e-01	-1.829254683000000048e+00	5.616314473000000307e-02	-6.578602856999999915e-01	5.993384786000000020e-01	-6.224468101000000253e-01	-2.608467651999999859e+00	-6.542122798999999711e-01	-2.147571679999999983e+00	-2.058429161999999923e+00	-2.105018348999999900e-01	-2.744045284000000140e-01	-1.228245038999999927e+00	-1.795403919000000126e-01	-1.127985342999999974e+00	-8.669861546999999558e-01	1.622276293000000091e+00	-2.307543234999999804e+00	-4.160905843000000104e-01	-2.732700944999999937e+00	-2.457796307000000013e-01	-2.166799435999999801e+00	-1.081736739999999974e-01	-6.098071452000000114e-01	-7.553555462000000054e-01	-5.386068214999999854e-02
1.342707512000000047e+00	6.093572631000000461e-01	1.585362125999999927e+00	1.644998957999999956e+00	-7.292642471000000404e-01	-2.472638647000000134e+00	1.122119869999999908e+00	6.861079147999999961e-01	-2.107140779999999936e+00	-2.357289268000000160e+00	1.830907644000000056e+00	-5.089736087999999770e-01	-1.876986964000000091e+00	-2.915802156000000048e-02	-3.880829264999999806e-01	9.438694225999999521e-02	-6.282570105000000460e-01	1.229398003000000017e+00	-8.796737988999999702e-01	3.268952667000000201e-01	-4.766569186999999874e-01	-2.836703103000000059e-01	-2.051163363000000128e+00	1.393312815000000038e+00	1.861359363999999905e+00	-5.089359058000000324e-01	-1.425265290999999934e-01	6.169903609000000344e-01	-2.678600427999999756e-01	-1.383360718999999905e+00	1.119354503999999917e+00	-1.884178322999999988e+00	2.931921399999999900e-01	-1.583817922999999905e-01	-1.959157647999999918e+00	-1.727578733999999949e+00	-5.046742311999999897e-01	-1.765148292999999979e+00	3.397284723999999811e-01	-1.050078827000000103e+00	5.378127283000000425e-01	-5.194033728000000405e-01	-2.477057117999999836e+00	-7.635954673000000525e-01	-2.375069376999999982e+00	-1.901561335000000019e+00	-8.021199043000000195e-01	-3.920463137999999903e-01	-1.549843547000000044e+00	1.025903293000000049e-01	-2.008276216000000058e+00	-7.859048477000000199e-01	1.349692126000000103e+00	-2.199835270999999981e+00	-6.329212798000000140e-02	-3.065628130999999978e+00	-6.292968815999999688e-01	-1.406035542999999999e+00	2.813344170000000102e-02	-1.229491853999999940e+00	-2.604465865000000213e-01	-7.319009013999999702e-02
1.304591381000000050e+00	6.281458018000000143e-01	1.676410772999999965e+00	1.664966359999999979e+00	-7.652584515000000476e-01	-2.439628734999999882e+00	1.130769833000000002e+00	5.614591590999999937e-01	-2.346895185000000161e+00	-2.189429043000000075e+00	2.083775231000000172e+00	-7.733094592000000489e-01	-1.928707812999999938e+00	4.669108788000000260e-02	-7.278162684000000215e-01	-2.018675757000000168e-02	-6.833072544999999609e-01	1.348301278000000103e+00	-1.050492232000000081e+00	-7.172054022000000362e-02	-5.816888967000000132e-01	-1.573674737999999906e-01	-1.974094916000000088e+00	1.988879870000000105e+00	1.513783853999999929e+00	-3.271045737000000120e-01	-7.449199406999999773e-02	6.956681399999999904e-01	-1.934219131000000091e-01	-1.926225732000000024e+00	1.554385982000000110e+00	-1.818400440000000007e+00	-7.404087939999999535e-02	-2.587898563000000096e-01	-1.912513098000000022e+00	-1.772354345999999969e+00	-5.983985640000000217e-01	-1.744780304999999920e+00	3.232225393000000002e-01	-9.491964473999999763e-01	1.083873454999999958e-01	-4.668949159999999932e-01	-2.144563902999999883e+00	-2.896048835999999738e-01	-2.719606310000000082e+00	-1.992889112999999934e+00	-7.800946359000000552e-01	-2.625269406999999888e-01	-1.565113626999999896e+00	7.881588363000000541e-01	-2.125888862000000046e+00	-1.010960228999999932e+00	1.000701760999999967e+00	-2.371838256000000200e+00	4.316753032999999795e-01	-3.030277891999999973e+00	-6.034206953999999845e-01	-5.717668813999999822e-01	-2.746351746999999843e-01	-1.419091026000000033e+00	-3.797519106000000200e-01	2.257682305000000000e-02
1.320192990000000011e+00	6.194312401999999551e-01	1.710049423999999929e+00	1.643661599999999945e+00	-7.762976355999999800e-01	-2.485426182999999956e+00	1.082057781999999913e+00	4.735443956000000010e-01	-2.393777995000000214e+00	-1.942244934000000089e+00	2.151062075000000018e+00	-1.041062935000000023e+00	-1.996698403999999982e+00	2.894349021000000022e-01	-9.105716164999999584e-01	5.189537553999999664e-02	-6.462837656000000042e-01	1.404727185000000045e+00	-1.099721213000000031e+00	-4.075858866000000025e-01	-9.294368602999999451e-01	-2.340435066000000064e-01	-1.859313755000000068e+00	2.427094899000000083e+00	1.776177719999999960e+00	-5.203002006000000401e-01	-1.727179155000000133e-01	9.908933095999999940e-01	1.994983519000000094e-01	-2.167765002999999968e+00	1.591229682999999895e+00	-1.431724438999999904e+00	-8.970149810999999973e-02	-2.386984856000000099e-01	-1.796647949000000022e+00	-1.772353043999999933e+00	-4.727296151000000002e-01	-1.723097725999999996e+00	4.132942378000000194e-01	-7.119296759000000030e-01	3.369596597999999915e-02	-5.741355821000000415e-01	-2.309705215000000145e+00	-1.592626587000000038e-01	-2.643583342999999974e+00	-2.228750498000000135e+00	-7.147097514000000373e-01	-1.210069886999999983e-01	-1.381626097000000053e+00	1.247593203000000095e+00	-2.191892688999999894e+00	-1.245627741000000066e+00	1.063194567999999895e+00	-2.498240006000000069e+00	6.162609157999999754e-01	-2.247055942999999889e+00	-7.490799451999999858e-01	-2.745551352999999750e-01	-2.236850951000000087e-01	-1.605771347999999987e+00	4.509560767999999942e-01	2.348891442999999912e-01
1.308705334000000109e+00	6.555607517000000550e-01	1.777947069000000102e+00	1.621129263000000043e+00	-7.697671732999999961e-01	-2.496148773999999904e+00	1.033639965999999966e+00	3.953236929000000233e-01	-2.469192071000000155e+00	-1.706614379999999986e+00	2.387624991000000030e+00	-1.279946510999999898e+00	-2.032156241000000030e+00	4.707287185999999846e-01	-1.084839303999999949e+00	-6.071896353999999690e-02	-3.683585370999999942e-01	1.572068602999999953e+00	-1.240115247000000087e+00	-4.092643589000000137e-01	-7.494917792999999939e-01	-1.576111216999999953e-01	-1.773129838000000014e+00	2.513504911000000064e+00	1.224897523000000099e+00	-4.795579602999999747e-01	-1.434526100999999887e-01	1.563826576999999940e+00	2.771651922999999740e-01	-2.093009244000000102e+00	1.542797637999999916e+00	-2.638195228999999919e-01	3.897458428000000197e-02	-3.534404850000000264e-01	-1.998418467000000032e+00	-2.188793598000000173e+00	-1.839944451999999953e-01	-1.707312884999999891e+00	5.557934147999999963e-01	-3.937143799999999749e-01	6.237010233999999709e-02	-4.506781793999999897e-01	-2.333243641999999785e+00	4.704984965999999824e-01	-2.762177079000000202e+00	-2.203977089999999972e+00	-4.534893448000000271e-01	-3.258023192999999762e-01	-1.053732477999999917e+00	1.544421542000000036e+00	-1.948621200000000053e+00	-1.870919978999999955e+00	1.099977074999999971e+00	-2.327751418000000072e+00	6.247784107999999614e-01	-1.579442653999999946e+00	-7.154800010999999849e-01	-4.119346159999999757e-01	1.231575939000000008e-01	-1.611447059999999931e+00	-4.788352728999999974e-01	9.417068558999999728e-03
1.349163295000000096e+00	6.754686840000000414e-01	1.855174086999999972e+00	1.585850441000000055e+00	-7.629173273999999561e-01	-2.439881382999999904e+00	8.870888623999999556e-01	3.853306662000000049e-01	-2.451012213999999911e+00	-1.829149995000000084e+00	2.427986964000000025e+00	-1.396262571999999924e+00	-1.980327841000000033e+00	6.796379232999999465e-01	-9.727222360999999706e-01	3.084912214000000083e-02	-1.839475241999999899e-01	1.785991791000000051e+00	-1.575690948000000091e+00	-2.322868412999999910e-01	-9.508663161999999502e-01	-1.006872419000000018e-01	-1.884985868000000009e+00	2.553915135000000003e+00	1.185617058000000057e+00	-5.131264787999999522e-01	-2.351797754000000129e-01	2.001225803000000081e+00	1.643650611999999955e-01	-1.862293578000000061e+00	1.090671366000000031e+00	5.374561111000000224e-01	8.833103198000000211e-02	-7.739326039999999685e-02	-2.224280658000000077e+00	-2.080283628000000107e+00	-1.091084058000000023e-01	-1.637227497999999892e+00	6.178552015999999592e-01	-2.705090297000000144e-01	1.209564449999999958e-01	-3.816185697000000210e-01	-2.274960017000000168e+00	5.057714124000000089e-01	-2.628510535999999842e+00	-2.213679248000000044e+00	-3.809566399000000048e-01	2.693931789999999826e-01	-9.765789819000000316e-01	1.588046451999999942e+00	-1.570201882999999965e+00	-1.926230942999999973e+00	1.047982809999999931e+00	-2.234202189999999977e+00	2.654154894999999903e-01	-6.196591539000000370e-01	-1.044193168000000060e+00	-7.924706525000000390e-01	6.432997221999999793e-01	-1.462048661000000083e+00	1.234893683999999991e+00	-3.752076226000000125e-01
1.314160366999999940e+00	7.372835355000000312e-01	1.598752168999999945e+00	1.703111346000000026e+00	-8.786848293000000254e-01	-2.767831055999999901e+00	1.033389793000000001e+00	6.419743436999999497e-01	-2.317916605999999824e+00	-2.002628786999999910e+00	2.073330761999999883e+00	-1.435128452000000054e+00	-2.032068006999999898e+00	7.512674691999999821e-01	-3.159957840000000018e-01	6.335592190000000068e-02	-2.131000899999999920e-01	1.639454095000000056e+00	-7.655876802000000092e-01	2.292761682999999995e-01	-2.649433880000000130e+00	4.261526534999999782e-01	-1.327664414000000015e+00	2.490261423000000196e+00	1.369455435999999970e+00	-8.909037212999999789e-02	-3.879782696999999891e-01	2.161307150999999926e+00	-2.532282643000000055e-01	-1.516659014000000028e+00	1.095624710999999918e+00	5.343719676999999502e-01	-2.943833719999999765e-01	2.641612811999999866e-01	-2.366533956000000050e+00	-2.041894672000000188e+00	-1.526924258000000034e-01	-1.651082944999999969e+00	9.223184943000000136e-01	-6.021711557000000159e-01	3.562949538999999888e-01	-3.212146189000000124e-02	-1.578719050999999984e+00	-1.074625260000000027e-01	-2.155701716999999906e+00	-1.758637658999999909e+00	-2.270168663999999892e-01	1.134378128000000041e+00	-8.810770168999999541e-01	9.754321956999999488e-01	-1.345055469000000059e+00	-1.652187065999999982e+00	1.376657486999999902e+00	-2.162044750000000182e+00	-5.173835796000000320e-01	-5.672985161000000387e-01	-1.540317189000000031e+00	-3.714182555000000163e-01	-8.495464091000000106e-01	-9.551903795999999724e-01	1.168891281999999920e+00	-7.170548728000000205e-01
1.292223169999999977e+00	7.714064692000000001e-01	1.495354231000000089e+00	1.829927880000000062e+00	-8.131523395999999959e-01	-2.811933801999999982e+00	1.192410653999999903e+00	7.897989467999999569e-01	-2.218715428999999961e+00	-2.229688755000000189e+00	2.014152469999999973e+00	-1.262139791000000066e+00	-1.903194148999999946e+00	6.973041628999999686e-01	-3.161990313999999969e-01	2.366107021999999949e-01	-5.486082722999999911e-02	1.560486398000000108e+00	-6.728279888000000541e-01	-9.980062880999999997e-02	-1.703344661000000038e+00	3.194360170000000165e-01	-1.399239496000000083e+00	2.337744029000000001e+00	1.726400901999999959e+00	-5.014720936000000018e-01	-6.389372319999999661e-01	1.178487765999999937e+00	-4.629407898999999826e-01	-1.394871439000000102e+00	1.111828688999999981e+00	6.305065099999999922e-02	-2.688936546999999844e-01	4.044958238999999955e-01	-2.831562315000000218e+00	-1.832854806999999919e+00	-1.770990571999999930e-01	-1.509880611999999900e+00	7.148605136000000249e-01	-3.670967842000000259e-01	7.304649914999999938e-01	1.916884306999999954e-01	-1.639153126000000071e+00	-1.578298080999999964e-01	-2.158649057999999954e+00	-1.488020244999999964e+00	-6.262615465999999964e-01	5.568718421999999668e-01	-1.317522309999999974e+00	4.701345133000000009e-01	-1.344920510999999985e+00	-1.454124176000000102e+00	1.242365547999999986e+00	-2.239798089000000214e+00	-8.330580727999999935e-01	5.693895808999999836e-02	-1.031301558000000007e+00	-8.504760044000000407e-01	-3.290778435999999751e-01	-8.695029920000000301e-01	2.317263636000000127e-01	-8.451360277999999671e-01
1.312229392000000106e+00	7.648366305999999559e-01	1.646611351000000001e+00	1.798563907999999989e+00	-7.835205041999999676e-01	-2.824825280000000216e+00	1.183388096000000056e+00	8.074346669999999948e-01	-2.127244865000000207e+00	-2.182458297000000158e+00	2.226367090000000104e+00	-1.101624979999999976e+00	-1.598070536000000041e+00	8.728144571000000518e-01	-5.028049533999999765e-01	2.174417962999999898e-01	-8.853505643999999564e-02	1.842709622000000103e+00	-6.890390664000000109e-01	-3.069951168000000230e-01	-8.641129993999999703e-01	3.899643341999999707e-02	-1.277001025999999984e+00	2.815315014999999921e+00	2.234377718999999818e+00	-5.776342725999999983e-01	-7.470775778999999561e-01	8.045591100000000218e-01	2.258929070000000039e-02	-1.154081361000000028e+00	1.445832927000000101e+00	-1.062589355000000069e+00	-3.843486125000000198e-01	5.350827970000000544e-01	-2.955062024000000065e+00	-1.465225677000000060e+00	-2.623532641999999915e-01	-1.219515954000000013e+00	6.383572354000000004e-01	-5.633622139999999723e-01	9.011785651999999480e-01	2.786197317999999923e-01	-2.062542189999999831e+00	-3.386418874000000218e-02	-1.769874031000000070e+00	-1.069170232000000054e+00	-8.258865088000000299e-01	6.267492731999999567e-01	-1.445593882000000052e+00	3.857533197999999941e-01	-6.906522118000000265e-01	-1.223841477999999983e+00	1.027938398000000086e+00	-1.141551683000000095e+00	-2.461072560999999839e-03	5.557207471999999759e-01	-9.729466098000000285e-01	7.059986137000000272e-02	5.182859149999999859e-01	-6.079580509999999993e-01	-7.540554881000000043e-02	-9.846642227999999886e-01
1.366948279999999905e+00	8.037625144000000166e-01	1.774486551999999939e+00	1.815986995999999909e+00	-7.970727642999999585e-01	-2.715403245000000076e+00	1.230492044000000007e+00	7.385504317000000096e-01	-2.050282600000000066e+00	-1.935848591999999924e+00	2.661978980999999855e+00	-9.611986500000000433e-01	-1.180830958999999902e+00	1.217950199999999983e+00	-6.846124218000000372e-01	2.455266150000000036e-01	1.080363805000000010e-01	2.419719125999999942e+00	-1.088236513000000016e+00	-3.861062987000000168e-01	-8.147672886000000281e-01	-5.056644507999999982e-01	-5.409518198999999639e-01	3.148419247000000087e+00	1.274238022000000026e+00	-1.113108596000000006e+00	-6.464348394000000164e-01	1.451340818000000032e+00	7.018120375999999938e-01	-8.104895072000000145e-01	1.325992459000000068e+00	-9.326410479000000198e-01	-1.884865313999999903e-01	4.944953571999999853e-01	-2.959627060999999948e+00	-1.394094919999999904e+00	-1.161423213000000072e-02	-3.873035367000000062e-01	8.441760431000000509e-01	-4.811790334000000113e-01	8.117136782999999634e-01	-2.329328860000000057e-01	-2.625916289000000070e+00	5.951189068000000137e-01	-9.867440816000000448e-01	-1.184689332999999956e-01	-8.303599490999999944e-01	1.628394706000000081e-01	-1.102057822999999992e+00	7.670791107000000109e-01	1.235887150999999962e-01	-1.168717975000000076e+00	1.159238937000000025e+00	-1.878465186000000120e-02	1.321096154999999994e+00	1.062142951000000002e+00	-1.042689881999999901e+00	8.384485065000000237e-01	5.302803481000000208e-01	-3.359107705000000110e-01	-1.608688397999999964e-01	-1.267804751999999979e+00
1.455237958000000109e+00	8.732366101999999852e-01	1.988126271000000056e+00	1.684782519999999950e+00	-8.390894959000000375e-01	-2.461241257999999821e+00	1.093749171000000020e+00	5.403241911999999703e-01	-2.175257751999999822e+00	-1.685133476000000075e+00	2.994965666000000137e+00	-8.399893937000000310e-01	-6.035695656999999770e-01	1.852762776000000056e+00	-7.213758967000000188e-01	3.928971130999999728e-01	7.480659589999999470e-01	2.627974887999999787e+00	-8.456457969999999769e-01	1.095461627000000049e-01	-8.926433287999999688e-01	-8.097719997000000225e-01	-2.839879041999999743e-01	3.180797447999999861e+00	6.155976034000000263e-01	-1.365722260000000077e+00	-4.946543941000000055e-01	2.058607410000000026e+00	1.079670981000000030e+00	-1.431976823000000003e-02	1.452543823999999928e+00	-2.146530983999999920e-01	1.391236335999999907e-01	6.007729431999999647e-01	-2.786224391000000189e+00	-1.117909339999999974e+00	4.031161889000000054e-01	7.800336655999999813e-01	1.014675876000000088e+00	-2.264280300000000024e-01	6.540956367000000382e-01	-2.061163471000000136e-01	-2.644634878000000189e+00	1.267873891000000031e+00	-5.804496925000000029e-01	7.238078379000000284e-01	-4.413570906000000016e-01	3.802382416000000265e-01	-2.267155868000000074e-01	8.393590026999999676e-01	1.294092411999999914e+00	-1.126080509999999979e+00	1.194694531999999976e+00	9.316377559999999836e-01	2.285063839000000208e+00	1.563927488999999893e+00	-9.126689479999999799e-01	1.474296760000000095e+00	1.350887884999999899e+00	2.164438236000000015e-01	-4.669593713999999895e-01	-1.095237816000000031e+00
1.587817033000000100e+00	8.707076601000000027e-01	1.901406407000000076e+00	1.635045832000000088e+00	-8.218463287999999700e-01	-2.336457368000000034e+00	1.013811376000000042e+00	5.184144589000000414e-01	-2.068932779999999916e+00	-1.458197020999999927e+00	3.043102767000000153e+00	-4.826549642999999890e-01	-1.976526892999999896e-01	2.291049341999999989e+00	-2.484710093999999980e-01	2.445723085000000019e-01	1.567999761000000047e+00	2.987286838999999805e+00	-1.574952332999999927e+00	8.123050180999999981e-01	-1.782255334000000024e+00	-4.296054421000000123e-01	2.320213526000000082e-01	3.188143288000000020e+00	6.637847015000000184e-01	-1.449689444999999965e+00	-5.253256036000000240e-01	1.681529054999999939e+00	1.354950711000000085e+00	5.973707156999999990e-01	1.504425869999999943e+00	1.233632899000000060e+00	3.022970206999999743e-01	9.142361961999999620e-01	-1.963066484000000056e+00	-1.230066090000000001e+00	9.016733188000000121e-01	1.433559966000000019e+00	1.002581699999999909e+00	-2.732654120999999936e-01	2.802951284999999904e-01	-1.864548490999999864e-01	-2.190464997999999941e+00	1.115614907000000100e+00	-9.754710320999999962e-02	1.537564504999999970e+00	-1.173358830000000019e-01	1.617244968999999921e+00	7.083365530999999882e-01	5.693871437999999952e-01	1.999335525000000002e+00	-1.611210231000000048e+00	9.948901151000000276e-01	1.275136453000000003e+00	2.567613796999999920e+00	1.478441601000000105e+00	-1.234244686999999896e+00	8.535307614999999570e-01	1.648489128000000026e+00	7.543425207999999715e-01	-1.298295224999999886e-01	-9.908415404999999510e-01
1.599995835999999949e+00	9.379775171999999994e-01	1.639395952000000101e+00	1.815681759000000062e+00	-9.613651036999999455e-01	-2.366225126999999873e+00	1.253710526000000103e+00	7.260184597000000073e-01	-1.726205655000000005e+00	-1.354667446999999969e+00	2.718284038000000180e+00	2.480673382999999954e-01	6.654722094999999948e-02	2.368204346000000182e+00	4.687557480999999804e-01	3.974973580000000228e-01	2.111673781999999999e+00	2.690975200000000012e+00	-1.262929744000000021e+00	1.695112917999999969e+00	-3.085475306999999834e+00	5.681236836999999790e-03	4.709173140999999840e-01	2.743345155000000091e+00	1.159377988999999998e+00	-2.078523979999999938e+00	-7.751753125000000466e-01	1.693691661999999987e+00	1.191088813999999996e+00	1.117049004999999928e+00	8.139618699999999762e-01	1.834633944999999988e+00	1.037014735000000076e+00	7.541680005999999992e-01	-1.342737808000000088e+00	-1.287108252999999980e+00	6.545768135999999737e-01	1.708993809000000086e+00	1.153357595999999985e+00	-1.045694577999999986e+00	1.664404905999999906e-01	5.414743007000000219e-02	-1.467646116999999917e+00	1.628165969999999962e+00	-3.683401244999999768e-01	1.485253868999999893e+00	-2.136794010999999993e-01	1.694495864000000074e+00	5.033753149999999899e-01	1.528794589999999953e-01	1.170461980000000013e+00	-9.964327638000000098e-01	8.265795558999999848e-01	3.911122731000000186e-01	1.890775603000000027e+00	1.215973018999999988e+00	-1.081772560999999966e+00	4.893038091999999950e-01	-1.300126251000000011e-02	1.611144691000000018e+00	1.826843345999999979e-01	-1.013057561999999967e+00
1.584963080000000080e+00	9.329994404000000463e-01	1.579375372000000111e+00	1.786064703000000087e+00	-9.806261106000000449e-01	-2.380868883000000213e+00	1.399640640000000102e+00	6.184227290999999571e-01	-1.672301207000000067e+00	-1.292774497999999994e+00	3.065537520999999987e+00	9.526411406000000470e-01	1.867653257999999927e-01	2.555641865000000124e+00	4.122452643000000250e-01	6.342504992999999924e-01	2.517196558000000195e+00	2.769247646999999812e+00	-1.154720978000000065e+00	1.661279276999999999e+00	-1.643212016000000109e+00	3.383260251999999912e-01	3.770053344000000028e-01	2.738828933000000188e+00	1.981786800999999931e+00	-2.197042875000000173e+00	-8.842843367999999593e-01	8.545813357000000554e-01	9.529201670000000401e-01	1.346084266000000085e+00	5.891922541999999874e-01	1.657575360000000053e+00	1.332455047999999920e+00	2.162004411000000015e-01	-1.098478064999999892e+00	-1.007952779000000021e+00	7.134450866999999530e-01	2.074051643999999861e+00	9.684023511999999556e-01	-1.142776207000000044e+00	1.465699544000000076e-01	1.009414141000000015e-01	-1.384185027000000012e+00	1.665188587999999914e+00	-5.426202278999999740e-01	1.549621007999999911e+00	-4.509968435999999747e-01	1.363574609000000049e+00	7.948923557000000528e-01	-2.564004758999999800e-01	1.572854417000000060e+00	-1.098552074999999961e+00	7.520725044999999609e-01	-5.559084286000000319e-02	1.539842788999999934e+00	9.661396761999999638e-01	-3.408682778000000080e-01	-2.391468971000000054e-01	-1.767011998999999944e-01	1.578835957999999984e+00	-5.487672559999999811e-01	-8.145495660999999554e-01
1.636978553000000058e+00	1.010769417999999975e+00	1.885332843000000036e+00	1.768380223000000084e+00	-9.308444166999999547e-01	-2.161979167999999785e+00	1.261512621000000056e+00	5.528813584999999753e-01	-1.750879805999999927e+00	-1.167326493000000021e+00	3.260849266000000135e+00	1.388717970999999940e+00	2.755535293999999968e-01	2.588809501000000068e+00	5.813044548000000089e-02	5.398181820999999880e-01	2.870721784000000110e+00	2.792671428999999872e+00	-1.604701888999999992e+00	1.619011653000000051e+00	-4.336212454999999744e-01	-1.239571408999999916e-02	1.115328735000000043e-01	3.051794967999999830e+00	1.302670138999999949e+00	-2.388029162000000039e+00	-7.085288857000000551e-01	8.461051219999999873e-01	1.121092568999999983e+00	1.397252087999999892e+00	8.428272990999999825e-01	1.596565175999999919e+00	1.538146876999999968e+00	3.346901518000000020e-01	-8.813468274000000324e-01	-1.292722378999999977e+00	9.307038584000000281e-01	2.030176886000000014e+00	9.446677346999999836e-01	-7.293583614999999964e-01	-1.147435638999999979e-01	-4.446252618000000323e-02	-1.698884851999999945e+00	2.134128033000000091e+00	-4.703112273000000232e-01	1.450571263999999916e+00	-1.359920812000000034e-01	1.281231653999999942e+00	8.482084738999999818e-01	1.410820539000000040e-01	1.862508051999999914e+00	-1.328210797000000110e+00	8.421837247000000248e-01	1.389492898999999948e-01	1.749700323999999974e+00	1.117710423999999980e+00	-6.970706857999999784e-01	9.382329973000000378e-02	7.257715010999999938e-01	1.771870609999999902e+00	-1.442401213999999987e+00	-9.709611106000000103e-01
1.702543161999999999e+00	9.690732600000000474e-01	2.008396856000000064e+00	1.696655542000000017e+00	-8.828607381999999948e-01	-1.895233712000000015e+00	1.066575700000000015e+00	5.317650830000000273e-01	-1.796147496999999982e+00	-1.152714897000000072e+00	3.368631435999999812e+00	1.553113095000000055e+00	3.753132767999999841e-01	2.722424116000000005e+00	-1.891858328000000089e-01	6.715903507999999578e-01	3.191537058000000204e+00	3.183468415000000107e+00	-1.842839399999999905e+00	1.790028256000000040e+00	-9.554570253999999929e-01	-1.999935013999999955e-01	3.106797827000000178e-01	3.036566409000000188e+00	2.229466123999999938e-01	-2.401934568999999797e+00	-5.889835740000000097e-01	2.149901058999999837e+00	1.039897974000000058e+00	1.391853777999999986e+00	6.543406165999999802e-01	2.047784775999999862e+00	1.509544844999999968e+00	9.970340299000000073e-01	-6.699583604000000081e-01	-1.218316410999999988e+00	1.294361894999999985e+00	2.259889273000000198e+00	1.070544348000000090e+00	-8.171200493000000398e-01	-2.282470352000000036e-01	-6.696369262000000100e-02	-2.193914563999999956e+00	1.882680802999999958e+00	-2.595120732000000263e-01	1.564630055000000075e+00	8.449940961000000639e-02	1.496038576999999981e+00	1.532023252999999974e+00	7.082857288999999668e-01	2.408515212000000183e+00	-1.400582607999999896e+00	7.623424269999999892e-01	2.637412288000000049e-01	2.260024099999999869e+00	9.667287158999999797e-01	-5.310587249999999537e-01	2.923299624999999846e-01	1.330459237999999988e+00	2.230158610000000152e+00	-1.077984910000000074e+00	-6.722568826000000497e-01
1.657620882000000018e+00	9.361351792000000005e-01	1.949675931999999889e+00	1.625353370000000020e+00	-8.008288220000000512e-01	-1.773246148999999994e+00	9.660933669000000279e-01	6.850625348000000114e-01	-1.619732932000000014e+00	-1.105035715999999946e+00	3.211241382999999949e+00	1.773446716000000034e+00	5.189888035999999927e-01	2.836715623999999991e+00	-2.316803248000000037e-01	9.488185596999999527e-01	3.318033574999999846e+00	3.303762517000000010e+00	-1.814541425999999902e+00	2.118271281999999811e+00	-1.569520712999999956e+00	8.897679795000000558e-02	-2.461049197999999882e-01	2.698571242999999953e+00	1.739170590999999932e+00	-2.412599495999999899e+00	-5.571574095000000337e-01	1.501459029000000056e+00	8.843812264999999506e-01	1.426202046000000001e+00	4.183282674000000090e-01	2.123316018000000138e+00	1.705240861000000052e+00	1.598375295999999945e+00	7.658937198000000286e-03	-1.068684828000000087e+00	1.058079439999999982e+00	2.218087972999999824e+00	1.188203641000000088e+00	-1.514432148000000034e+00	-3.179415340000000256e-01	-2.592079963999999875e-02	-2.514475966000000007e+00	1.629447945999999980e+00	6.740661212999999805e-03	1.527858563999999975e+00	-1.916866500999999945e-01	1.245864783000000031e+00	2.016450568999999859e+00	1.189113641999999915e+00	2.215105412000000218e+00	-1.071677055000000101e+00	8.940584770999999709e-01	-4.054700438000000129e-01	1.850845719000000056e+00	1.055641650999999959e+00	-3.224728924999999968e-01	6.801880057000000424e-01	1.786353456999999922e+00	2.772320810000000080e+00	6.648443757999999981e-01	-6.705354932000000268e-02
1.687085398000000014e+00	9.103262604999999841e-01	1.715464735000000074e+00	1.640227778999999941e+00	-8.256582141999999624e-01	-1.830251977999999946e+00	1.162290872999999891e+00	8.383220096000000288e-01	-1.433879259000000017e+00	-1.286414828000000066e+00	2.814408745000000156e+00	1.944954601000000061e+00	3.294467460000000125e-01	2.753645729000000042e+00	3.981923876999999834e-01	1.021002482999999961e+00	3.198142809999999781e+00	3.155701941999999871e+00	-7.990117130999999651e-01	2.420993822999999878e+00	-2.932202517999999980e+00	7.447343618999999748e-01	-4.175476089999999862e-01	2.080469013000000089e+00	1.036338173999999945e+00	-2.321912919999999936e+00	-6.993211582999999676e-01	3.115194309000000050e+00	5.191049546999999542e-01	1.311923264000000033e+00	4.197730646000000232e-01	2.282811652999999996e+00	1.625504883999999928e+00	2.289740590000000076e+00	2.389143592000000094e-01	-5.759248315999999646e-01	9.541673550000000503e-01	2.361359312999999904e+00	1.536424752000000060e+00	-1.526957805999999973e+00	-2.645878895000000064e-01	4.283594309000000044e-01	-1.354377479999999911e+00	1.275572581000000039e+00	2.273445232000000094e-01	1.287603296999999980e+00	-2.768197741999999795e-01	2.324346890000000165e+00	2.401805790000000052e+00	1.612707858000000050e+00	1.813535402999999935e+00	-5.001744888000000389e-01	1.157312276999999945e+00	-8.102531767999999746e-01	1.741106518000000047e+00	8.447767654000000181e-01	-6.394467123000000530e-01	1.297396564999999891e+00	7.839834029000000148e-01	2.439690522999999889e+00	1.076695934999999937e-01	4.158447586999999834e-01
1.695832068000000081e+00	8.966707685000000483e-01	1.234474684999999905e+00	1.596177648999999921e+00	-7.338641337000000320e-01	-1.738167514999999996e+00	1.676596108999999890e+00	1.228760676000000052e+00	-1.084548166999999896e+00	-1.160015755000000093e+00	1.824889036000000075e+00	2.296468460999999905e+00	-1.212777740000000049e-01	2.612142609000000171e+00	1.409544520000000078e+00	1.213722653000000040e+00	3.128639562000000041e+00	2.684326996999999881e+00	-6.443915546999999799e-01	2.451061211999999934e+00	-1.824884179999999967e+00	1.457879055000000035e+00	-4.468899555999999995e-01	1.494179979000000102e+00	9.972826152999999527e-01	-2.388585536999999981e+00	-5.760744083000000071e-01	3.498936569000000052e+00	3.906362379000000162e-01	7.667145537999999760e-01	5.799556729999999494e-01	1.847651040999999994e+00	6.427360399999999530e-01	3.301907665999999963e+00	9.038222548999999550e-02	-5.922894853000000293e-01	1.039188121000000020e+00	2.483158588000000222e+00	1.853367774999999940e+00	-1.228549775999999927e+00	-2.772920727000000030e-01	5.902883025999999811e-01	1.000090120000000048e-02	1.076355471999999924e+00	-9.092422691000000279e-02	4.104220705000000136e-01	-2.695298756000000240e-01	2.588688227000000008e+00	2.530811411000000177e+00	1.854005343999999944e+00	1.953143728999999995e+00	5.088484864000000218e-01	1.297104631999999924e+00	-1.294562572000000022e+00	1.388338234999999976e+00	-1.848161908000000020e-01	-7.906194913999999851e-01	9.192274097999999505e-01	5.383093709999999671e-02	2.532165806000000075e+00	-1.524812236999999904e+00	6.103919018000000252e-01
1.722833800999999943e+00	9.183068062000000475e-01	1.272136616999999914e+00	1.596436551999999898e+00	-6.922433365000000283e-01	-1.746993047999999993e+00	1.723931679999999966e+00	1.341943464999999946e+00	-1.080622454000000010e+00	-1.133364280999999973e+00	2.011812076000000005e+00	2.573562584999999903e+00	-2.996427718999999934e-01	2.423332862000000087e+00	1.424372248999999924e+00	9.927925444999999849e-01	2.888348989999999894e+00	2.267180490999999964e+00	-1.026968883999999971e+00	2.460614435000000100e+00	-1.689677021000000057e-01	1.591855766999999977e+00	-1.302164980999999999e+00	1.757302007000000055e+00	2.141224149000000132e+00	-1.959373663000000043e+00	-2.384368581000000098e-01	6.936213304999999663e-01	5.461639458000000502e-01	3.661287236999999917e-01	7.767931232000000463e-01	1.399157854000000034e+00	5.420001006000000343e-01	3.021941587000000151e+00	-2.537031857000000001e-01	-8.430873250000000541e-01	1.032410958999999906e+00	2.484126256999999782e+00	1.573317867999999953e+00	-1.105022305000000094e+00	-1.504864257000000094e-01	4.058751748000000159e-01	-2.244863833000000086e-01	1.331035831999999974e+00	-2.266822726000000121e-01	5.845099320000000237e-02	-3.098867464999999766e-01	1.875135618000000060e+00	2.212123735000000035e+00	2.379429631999999906e+00	1.611987996999999950e+00	2.242791191000000073e-01	1.418482931000000002e+00	-2.117474764999999870e+00	5.593206080000000524e-01	-3.410375319999999766e-01	-2.889804282999999807e-01	6.335635555999999391e-02	7.327506244999999474e-01	2.239004963000000181e+00	-1.828899741000000079e+00	5.132971431999999723e-01
1.668700838999999991e+00	8.133171345999999913e-01	1.647602771000000077e+00	1.469792444000000087e+00	-7.124331600000000098e-01	-1.715806375999999966e+00	1.614034100000000027e+00	1.245789127000000107e+00	-1.447414352000000015e+00	-1.361918849000000042e+00	2.710336847999999854e+00	2.708726255000000194e+00	-5.790359954999999559e-01	2.349243144999999977e+00	8.192502165999999697e-01	9.656120035999999907e-01	2.717445289000000042e+00	2.846293875000000195e+00	-1.661412262000000029e+00	2.064549799999999991e+00	-2.319038990000000036e-02	1.003216364000000027e+00	-1.298601431000000028e+00	2.055014938999999874e+00	7.893282856000000125e-01	-1.797290526999999916e+00	-2.509075863999999934e-01	2.662420329999999780e+00	7.089087505000000178e-01	2.069134485999999939e-01	1.524493577999999960e+00	1.101433686000000023e+00	8.910690654999999794e-01	3.077542543999999936e+00	-1.197166568000000098e+00	-1.003866241999999964e+00	1.008029263999999925e+00	2.279724054999999971e+00	1.605706435999999959e+00	-7.016339299999999612e-01	-1.539644004999999871e-01	4.279263092999999740e-01	-3.890831272999999979e-01	1.835755817999999984e+00	-1.402447196999999923e-01	-4.824519666000000040e-01	-5.505307898000000311e-02	2.158258020999999971e+00	1.973976618000000016e+00	3.133083431000000196e+00	1.714758530999999975e+00	-1.584346973999999908e-01	1.467579339999999899e+00	-1.572500345999999993e+00	1.370578591999999984e+00	8.093963025000000533e-01	-3.476577064999999966e-01	2.074019706000000129e-01	1.229728093999999938e+00	1.331796259999999954e+00	-1.644527336999999978e+00	2.656315001999999814e-01
1.649921031000000093e+00	7.813361626999999476e-01	1.631059067000000029e+00	1.309575651999999923e+00	-7.075013998000000415e-01	-1.661092404999999994e+00	1.550134324000000063e+00	1.275359248000000001e+00	-1.764249498000000083e+00	-1.349802799999999969e+00	2.744043458000000157e+00	2.631041257000000133e+00	-7.252525979999999706e-01	2.701756747000000125e+00	7.888380104000000115e-01	1.049065796999999911e+00	2.450987043000000032e+00	2.700744080000000213e+00	-1.353970853000000085e+00	2.004269814000000149e+00	-9.313834082999999930e-01	9.570020316999999777e-01	-1.389009042000000083e+00	1.819908381000000075e+00	1.802080289000000057e+00	-1.665954957000000070e+00	8.054520486999999784e-02	1.994523470999999937e+00	7.058092433000000554e-01	5.134923750000000009e-01	1.600014292000000005e+00	1.322618746000000067e+00	1.132099833999999916e+00	3.000600577999999796e+00	-1.679357707000000088e+00	-1.368233043000000038e+00	1.001665808000000046e+00	2.032775378000000188e+00	1.965155540000000034e+00	-4.538842813999999781e-01	-2.027296299000000135e-01	4.453350187999999821e-01	-5.453921461999999831e-01	1.800647381000000102e+00	-3.466836501000000043e-02	-5.395827064999999534e-01	-9.223990672000000057e-02	1.975535543999999977e+00	1.985711294999999987e+00	2.934981551999999994e+00	1.522490627999999901e+00	8.300910758000000500e-02	1.828027454999999968e+00	-1.788769100999999973e+00	9.949918948000000540e-01	9.136059506999999469e-01	-5.342221043999999530e-01	9.452153313000000168e-02	2.233569516999999838e+00	1.210190778999999939e+00	9.451665659000000330e-01	8.333319300000000540e-01
1.591749854999999991e+00	8.625746381000000129e-01	1.255916022000000076e+00	1.317497794000000111e+00	-8.412689058000000220e-01	-1.879903512000000054e+00	1.700013981999999979e+00	1.519200899000000105e+00	-1.783642235999999937e+00	-1.377980417000000068e+00	1.888968841999999926e+00	2.473607102999999974e+00	-1.122068454999999965e+00	2.698713790999999862e+00	1.538338498999999970e+00	1.011799134000000100e+00	2.256743886000000199e+00	1.918441787999999981e+00	-4.288873160000000184e-01	2.448490572999999948e+00	-2.071241699000000214e+00	1.509730325000000040e+00	-9.667203735999999603e-01	1.248920124000000076e+00	3.816216621999999892e-01	-1.661883229999999934e+00	-8.705035825000000116e-02	2.464825524000000101e+00	4.242797876000000135e-01	7.694250363000000315e-01	1.763529177999999975e+00	1.077683959000000025e+00	4.995972549000000096e-01	2.754940334000000046e+00	-2.323373006999999824e+00	-1.048284019000000011e+00	8.419635305999999542e-01	1.673421696999999986e+00	2.438292473000000182e+00	-4.209325059999999841e-01	-1.317689636999999914e-01	1.043124316999999968e+00	7.418162025000000215e-01	1.638369766999999921e+00	-2.163859763000000047e-01	-5.512095891999999608e-01	6.050768311000000177e-02	3.085870557999999875e+00	1.693559819999999938e+00	2.352018440000000155e+00	4.132759534000000068e-01	3.806911828000000275e-01	2.039443534000000113e+00	-1.602094636999999988e+00	1.123614267000000000e+00	-2.489920150999999915e-01	-4.150658462999999854e-01	5.054855629000000183e-01	2.265931714999999957e-01	8.643147341000000372e-01	-9.364968820999999832e-02	3.742033779999999754e-01
1.525039677999999954e+00	8.637886448999999578e-01	9.250341809000000026e-01	1.478581133000000047e+00	-7.665045617000000311e-01	-2.213304320999999852e+00	1.953005928000000058e+00	1.523872335999999938e+00	-1.805392654000000041e+00	-1.314585989000000010e+00	1.911847668000000056e+00	2.414998236000000187e+00	-1.234749580999999985e+00	2.565569474000000127e+00	1.729334609999999994e+00	8.557141712000000400e-01	2.085080255999999910e+00	1.837819140999999989e+00	-5.762708874999999953e-01	2.261722290999999885e+00	-9.627160954000000270e-01	1.235378547999999910e+00	-1.542528224000000003e+00	1.192911462000000089e+00	1.754148164000000065e+00	-1.576525162000000035e+00	-7.662468979000000568e-02	1.480035800000000012e+00	3.894431420999999727e-01	3.109257100999999746e-01	1.821135683999999921e+00	-3.804557888000000276e-01	-2.376205158999999956e-01	2.450934365999999809e+00	-2.044501669000000188e+00	-7.474524029000000347e-01	4.932108478000000185e-01	1.373000600999999987e+00	1.918466637999999946e+00	-7.447071825000000089e-01	1.693787798999999983e-01	1.175171447000000091e+00	2.153619176999999885e-01	1.426331875000000027e+00	-8.095773619999999671e-01	-5.103737634999999662e-01	-1.675791526000000031e-01	2.529308537999999995e+00	1.548349705999999992e+00	2.436929768000000163e+00	-4.822791029999999868e-01	1.044794213999999943e+00	1.861964645999999890e+00	-1.502557673000000094e+00	7.419391314000000071e-01	-6.307487438000000113e-01	1.550470190000000081e-01	4.127199637000000254e-01	2.096170621000000012e-01	1.849039259999999962e-01	-1.437902403000000051e+00	3.072226872000000109e-01
1.582625720000000014e+00	8.449873078999999843e-01	1.179054360000000079e+00	1.420870956999999990e+00	-8.333083731999999522e-01	-2.228980308000000132e+00	1.875030360000000007e+00	1.554754683999999942e+00	-2.028473489000000018e+00	-1.317022922999999901e+00	2.228432055999999939e+00	2.310365281000000159e+00	-1.469224252000000064e+00	2.467435856999999899e+00	1.428312873000000094e+00	7.321086794000000175e-01	1.707777477000000044e+00	1.703605330999999889e+00	-4.907075018000000011e-01	2.024391306000000057e+00	-2.213719876000000072e-02	4.837713886000000185e-01	-2.140731188999999812e+00	8.749645650999999802e-01	1.444991047999999889e+00	-1.869600181000000028e+00	1.796214311000000063e-01	6.277966799999999958e-01	8.267587507000000446e-01	-3.493614774000000089e-01	9.219933203000000299e-01	-9.853003340999999526e-01	-2.599434561999999782e-01	1.803257174999999934e+00	-2.113083829999999885e+00	-7.709210995999999927e-01	3.541858547999999773e-01	8.997340275999999859e-01	1.714316602000000023e+00	-7.237045292999999546e-01	1.966671643000000025e-01	6.224996561000000206e-01	-1.266499905999999953e+00	1.599891460000000043e+00	-1.229520739999999890e+00	-4.853277778999999792e-01	6.573361648000000668e-02	1.889623848000000050e+00	1.769286504999999954e+00	3.701304422000000205e+00	-7.650537189000000682e-02	6.500417670000000481e-01	1.373990692000000013e+00	-9.723975636999999672e-01	1.612182825000000097e+00	-9.058730234999999853e-01	1.526134105999999990e-01	-1.449661469999999897e-01	1.187927525999999956e+00	1.518643926000000088e-01	-1.741080911999999925e+00	1.215576336000000063e-01
1.597827611999999897e+00	7.664494184000000265e-01	1.330857755000000031e+00	1.288261890000000021e+00	-7.468971706999999460e-01	-1.931593914000000023e+00	1.834158138999999910e+00	1.497077451000000003e+00	-2.260817240999999811e+00	-1.023322827000000101e+00	2.343371879999999852e+00	2.062024996999999971e+00	-1.481871270999999934e+00	2.389065706999999872e+00	1.089850639000000010e+00	9.275953439999999883e-01	1.564430004000000096e+00	2.250809358000000149e+00	-9.343703443999999969e-01	1.424348641999999998e+00	-9.027428732000000178e-01	-2.888048887999999925e-01	-1.975659937999999949e+00	4.448517667999999925e-01	8.180095644000000554e-01	-1.673362897000000071e+00	9.561472436000000297e-01	1.624979578999999896e+00	1.569132790999999916e+00	-7.889939291999999993e-01	1.121959020000000029e+00	-5.457311664999999756e-01	-7.221912013000000297e-01	1.980111269000000007e+00	-1.611750130999999975e+00	-1.082882987999999935e+00	3.914934567999999726e-01	7.290072597000000210e-01	1.715254105000000084e+00	2.188399725000000073e-01	4.206102622999999957e-02	1.338357739999999907e-01	-1.746710245999999911e+00	1.772307217000000046e+00	-1.871292949000000094e+00	-2.270712078999999883e-01	7.314940749999999658e-01	1.815740785000000024e+00	2.449062490000000203e+00	4.005024716000000318e+00	1.178348751999999999e+00	9.423864373000000183e-02	1.294559838999999934e+00	-2.082041779999999898e-01	2.518177402000000065e+00	-5.258518201999999864e-01	-2.008742155000000196e+00	-4.565260816999999749e-01	1.876390919000000101e+00	1.336573853999999985e-02	-1.981042087000000063e+00	5.976436264000000165e-01
1.562483378999999895e+00	8.250759354000000156e-01	1.082346161999999890e+00	1.272055638000000100e+00	-7.661214849999999910e-01	-2.074444247000000185e+00	1.809277213000000106e+00	1.544183963999999909e+00	-2.078944921999999806e+00	-9.143931968999999826e-01	1.898144905999999965e+00	1.813531328999999914e+00	-1.471736119000000009e+00	2.253327817999999816e+00	1.654058295000000012e+00	8.678273269999999817e-01	1.526172893999999891e+00	1.909230055000000092e+00	-7.002405639000000015e-01	2.112501389000000174e+00	-2.030727032000000154e+00	-2.599850952000000159e-01	-1.696825118000000021e+00	-1.122211033999999941e-01	1.453968302000000046e+00	-2.042474109000000038e+00	1.020202241000000010e+00	5.506453825999999552e-01	1.338853014999999980e+00	-7.514065490000000347e-01	1.556624706000000025e+00	-7.693936344999999788e-01	-8.011022838000000368e-01	1.505031741999999895e+00	-8.921411799999999781e-01	-8.421771974999999744e-01	-4.795131040999999761e-01	5.174035136000000312e-01	1.740409674999999989e+00	2.297485448000000097e-01	7.497089254000000036e-02	2.623406276999999953e-01	-1.249487242000000053e+00	1.290143067000000032e+00	-1.676392303999999944e+00	1.773639579000000077e-01	5.749958102000000126e-01	2.532520970000000204e+00	2.193993819000000123e+00	3.711521567000000132e+00	7.637174854999999596e-01	4.273190638000000097e-01	1.260327272000000054e+00	5.909332033999999644e-03	2.253996729999999893e+00	-5.220343438000000225e-01	-1.470728513000000071e+00	1.458071093999999956e-01	1.583360525000000019e+00	-1.634013880999999890e-01	-3.371849619999999770e-01	8.530938804000000042e-01
1.524131472999999959e+00	9.274465814000000252e-01	8.776956326999999503e-01	1.396163550000000031e+00	-9.006316760000000476e-01	-2.273601972999999887e+00	1.837976695999999910e+00	1.665800927999999903e+00	-1.995572302000000020e+00	-9.475434782999999639e-01	1.643223869999999920e+00	1.847286058999999980e+00	-1.729415721000000072e+00	2.390180019999999850e+00	1.908902332000000035e+00	8.601892891000000319e-01	1.625460941999999909e+00	1.787795220000000018e+00	-2.367777226999999984e-01	2.552297813000000026e+00	-1.657006462000000013e+00	-2.358004875999999972e-01	-1.615165154000000047e+00	-4.250029636000000055e-01	1.320395825000000078e+00	-2.300175751999999907e+00	5.852270532000000136e-01	6.416105806999999883e-01	1.203247463999999933e+00	-9.243857688000000072e-01	1.565462388999999899e+00	-6.066029025000000408e-01	-8.703972225999999646e-01	1.407698450000000046e+00	-8.836202879000000232e-01	7.632988437000000070e-01	-1.826432218999999968e+00	7.961747395999999588e-01	1.990194629000000104e+00	6.288762231000000202e-01	3.101404629000000246e-01	2.204641689000000002e-02	-6.734397707999999483e-01	1.267065848999999966e+00	-2.247782300999999983e+00	3.486872590999999799e-01	8.420788699000000266e-01	1.502033057000000005e+00	2.080261855999999909e+00	3.321079881000000178e+00	3.683882911999999954e-01	6.026543018000000140e-01	1.374866453999999960e+00	2.624681502999999805e-01	1.732504346000000028e+00	-5.428187658999999998e-01	-2.614798031000000189e-01	-5.065205060999999898e-02	8.080964214000000423e-01	-1.367375429000000087e-01	-8.558649191999999628e-01	1.707064980999999926e-01
1.485619699999999987e+00	9.748698914000000215e-01	1.201064077000000063e+00	1.356549339000000076e+00	-8.615772878999999884e-01	-2.173249016000000200e+00	1.884110460999999903e+00	1.650808040000000032e+00	-1.884093580000000046e+00	-8.408230985000000324e-01	1.548306022000000004e+00	1.879547013000000044e+00	-1.593610957000000106e+00	2.536218698999999965e+00	1.429529089000000086e+00	9.784104138000000450e-01	1.693814617999999994e+00	1.496498381000000100e+00	-6.492804734999999550e-01	3.231112106999999956e+00	-2.282567185000000110e-01	-3.907793083000000167e-01	-1.762724672999999909e+00	-2.433276531999999936e-01	1.831471526000000072e+00	-2.089814399000000211e+00	9.474163493999999963e-02	-1.463211464999999989e-01	1.434900367000000010e+00	-6.571705596000000371e-01	5.760184316999999998e-01	-2.691408343000000203e-01	-8.229971284999999526e-01	1.311962341999999948e+00	-7.485400767000000011e-01	4.454026581000000151e-01	-1.532488968000000007e+00	1.699275688999999923e-01	1.965080178000000011e+00	5.930032438000000239e-01	6.036539356000000245e-01	-7.872222408000000282e-01	1.321483461000000012e-02	1.512372567999999973e+00	-2.243460848999999868e+00	-7.728693658000000688e-02	1.461939681999999907e+00	5.034573512000000139e-01	1.548768058999999919e+00	2.587975178999999848e+00	3.829980014000000099e-01	5.074716797999999640e-01	1.368454891000000062e+00	-6.413223892000000093e-02	5.974711174000000291e-01	-6.068770463999999532e-01	-7.165840861000000173e-01	-1.249019893999999964e-01	1.115688004999999983e+00	1.227622738000000019e-01	-1.951212348000000096e+00	7.281067073000000445e-01
