global_signal	global_signal_derivative1	global_signal_power2	global_signal_derivative1_power2	csf	csf_derivative1	csf_derivative1_power2	csf_power2	white_matter	white_matter_derivative1	white_matter_power2	white_matter_derivative1_power2	csf_wm	tcompcor	std_dvars	dvars	framewise_displacement	rmsd	t_comp_cor_00	t_comp_cor_01	t_comp_cor_02	t_comp_cor_03	a_comp_cor_00	a_comp_cor_01	a_comp_cor_02	a_comp_cor_03	a_comp_cor_04	a_comp_cor_05	a_comp_cor_06	a_comp_cor_07	a_comp_cor_08	a_comp_cor_09	a_comp_cor_10	a_comp_cor_11	a_comp_cor_12	a_comp_cor_13	a_comp_cor_14	cosine00	cosine01	cosine02	cosine03	cosine04	cosine05	trans_x	trans_x_derivative1	trans_x_power2	trans_x_derivative1_power2	trans_y	trans_y_derivative1	trans_y_derivative1_power2	trans_y_power2	trans_z	trans_z_derivative1	trans_z_power2	trans_z_derivative1_power2	rot_x	rot_x_derivative1	rot_x_derivative1_power2	rot_x_power2	rot_y	rot_y_derivative1	rot_y_power2	rot_y_derivative1_power2	rot_z	rot_z_derivative1	rot_z_derivative1_power2	rot_z_power2	motion_outlier00	motion_outlier01	motion_outlier02	motion_outlier03	motion_outlier04	motion_outlier05	motion_outlier06	motion_outlier07	motion_outlier08	motion_outlier09	motion_outlier10	motion_outlier11	motion_outlier12	motion_outlier13	motion_outlier14	motion_outlier15	motion_outlier16	motion_outlier17	motion_outlier18	motion_outlier19	motion_outlier20	motion_outlier21	motion_outlier22	motion_outlier23	motion_outlier24	motion_outlier25	motion_outlier26	motion_outlier27	motion_outlier28	motion_outlier29	motion_outlier30	motion_outlier31	motion_outlier32	motion_outlier33	motion_outlier34	motion_outlier35	motion_outlier36	motion_outlier37	motion_outlier38	motion_outlier39	motion_outlier40	motion_outlier41	motion_outlier42	motion_outlier43	motion_outlier44	motion_outlier45	motion_outlier46	motion_outlier47	motion_outlier48	motion_outlier49	motion_outlier50	motion_outlier51	motion_outlier52	motion_outlier53	motion_outlier54	motion_outlier55	motion_outlier56	motion_outlier57	motion_outlier58	motion_outlier59	motion_outlier60	motion_outlier61	motion_outlier62	motion_outlier63	motion_outlier64	motion_outlier65	motion_outlier66	motion_outlier67	motion_outlier68	motion_outlier69	motion_outlier70	motion_outlier71	motion_outlier72	motion_outlier73	motion_outlier74	motion_outlier75	motion_outlier76	motion_outlier77	motion_outlier78	motion_outlier79	motion_outlier80	motion_outlier81	motion_outlier82	motion_outlier83	motion_outlier84	motion_outlier85	motion_outlier86	motion_outlier87	motion_outlier88	motion_outlier89	motion_outlier90	motion_outlier91	motion_outlier92	motion_outlier93	motion_outlier94	motion_outlier95	motion_outlier96	motion_outlier97	motion_outlier98	motion_outlier99	motion_outlier100	motion_outlier101	motion_outlier102	aroma_motion_02	aroma_motion_04	aroma_motion_05	aroma_motion_07	aroma_motion_11	aroma_motion_15	aroma_motion_19	aroma_motion_20	aroma_motion_21	aroma_motion_22	aroma_motion_25	aroma_motion_26	aroma_motion_29	aroma_motion_30	aroma_motion_31	aroma_motion_32	aroma_motion_33	aroma_motion_34	aroma_motion_35	aroma_motion_37	aroma_motion_38	aroma_motion_40	aroma_motion_41	aroma_motion_42	aroma_motion_43	aroma_motion_44	aroma_motion_46	aroma_motion_48	aroma_motion_50	aroma_motion_51	aroma_motion_53	aroma_motion_54	aroma_motion_55	aroma_motion_58
8970.659503650224	n/a	80472731.93043008	n/a	7494.88719300615	n/a	n/a	56173334.0358876	7832.211808461558	n/a	61343541.81260466	n/a	7797.602196816287	11399.883874342351	n/a	n/a	n/a	n/a	-0.046573427199999996	0.0226918519	-0.067122243	0.0278861504	0.0554554372	0.06553081	0.0304473	0.0382763223	-0.0129058844	-0.0391452363	-0.0310892757	0.00029945419999999996	-0.056112983899999996	0.0222098823	-0.0391623802	-0.0315991785	0.00029096549999999997	-0.0545529667	0.026711541600000003	0.06441532059999999	0.0644142944	0.0644125841	0.0644101897	0.0644071112	0.0644033487	1.79053e-05	n/a	3.2059976809e-10	n/a	-0.06551860000000001	n/a	n/a	0.004292686945960003	-0.08396729999999998	n/a	0.007050507469289997	n/a	0.00030402900000000004	n/a	n/a	9.243363284100004e-08	0.0006247469999999999	n/a	3.9030881400899993e-07	n/a	0.0	n/a	n/a	0.0	0.0	0.0	0.0	0.0	0.0	0.0	0.0	0.0	0.0	0.0	0.0	0.0	0.0	0.0	0.0	0.0	0.0	0.0	0.0	0.0	0.0	0.0	0.0	0.0	0.0	0.0	0.0	0.0	0.0	0.0	0.0	0.0	0.0	0.0	0.0	0.0	0.0	0.0	0.0	0.0	0.0	0.0	0.0	0.0	0.0	0.0	0.0	0.0	0.0	0.0	0.0	0.0	0.0	0.0	0.0	0.0	0.0	0.0	0.0	0.0	0.0	0.0	0.0	0.0	0.0	0.0	0.0	0.0	0.0	0.0	0.0	0.0	0.0	0.0	0.0	0.0	0.0	0.0	0.0	0.0	0.0	0.0	0.0	0.0	0.0	0.0	0.0	0.0	0.0	0.0	0.0	0.0	0.0	0.0	0.0	0.0	0.0	0.0	0.0	0.0	0.0	0.0	0.0	0.3789665723	-0.1693911645	0.6276425799	0.648733786	0.1539970847	0.9554217864	0.2091302584	-0.1985657645	-0.04890960207	0.007432582365	0.2134482462	-0.6652965361	-0.4964745676	-1.784315497	-0.2792356378	0.1820067978	0.8080827962	0.5895115142	0.3900712179	0.7549107884	1.332824902	-0.06176411064	0.01671719791	-0.3786087016	-0.9971114213	-0.5334025198	2.20111737	1.161537338	0.9239282353	-0.2048384176	-0.4784839553	1.428480455	-0.4698050101	1.020548132
8958.141296246766	-12.518207403458293	80248295.48352169	156.70551659599795	7491.843352102725	-3.0438409034250067	9.264967445363164	56127716.81244579	7839.391502308557	7.179693846999727	61456059.12646762	51.548003736645725	7803.0330926091065	11136.74255712966	0.971505	41.533325	0.1857363987	0.0999199	-0.042342781100000004	0.0034746688	-0.073236549	0.0205618757	0.0661219086	0.0550976563	-0.0247502859	-0.008758746	-0.0079861948	-0.0430550802	-0.032357562799999996	0.0040112224	-0.0554396921	0.00035099029999999997	-0.042712594900000005	-0.0327163734	-0.0048173662	-0.057585297	-0.0013041004	0.0644125841	0.0644033487	0.0643879575	0.0643664117	0.0643387136	0.0643048657	0.000102404	8.449869999999997e-05	1.0486579216e-08	7.140030301689997e-09	-0.12395900000000006	-0.05844040000000005	0.0034152803521600053	0.015365833681000012	-0.0848981	-0.0009308000000000233	0.00720768738361	8.663886400000435e-07	0.00144323	0.0011392009999999998	1.2977789184009994e-06	2.0829128329e-06	-0.000270525	-0.0008952719999999998	7.318377562499998e-08	8.015119539839998e-07	-0.000491141	-0.000491141	2.4121948188099993e-07	2.4121948188099993e-07	0.0	0.0	0.0	0.0	0.0	0.0	0.0	0.0	0.0	0.0	0.0	0.0	0.0	0.0	0.0	0.0	0.0	0.0	0.0	0.0	0.0	0.0	0.0	0.0	0.0	0.0	0.0	0.0	0.0	0.0	0.0	0.0	0.0	0.0	0.0	0.0	0.0	0.0	0.0	0.0	0.0	0.0	0.0	0.0	0.0	0.0	0.0	0.0	0.0	0.0	0.0	0.0	0.0	0.0	0.0	0.0	0.0	0.0	0.0	0.0	0.0	0.0	0.0	0.0	0.0	0.0	0.0	0.0	0.0	0.0	0.0	0.0	0.0	0.0	0.0	0.0	0.0	0.0	0.0	0.0	0.0	0.0	0.0	0.0	0.0	0.0	0.0	0.0	0.0	0.0	0.0	0.0	0.0	0.0	0.0	0.0	0.0	0.0	0.0	0.0	0.0	0.0	0.0	0.3334401774	-0.2270602851	0.5696392664	0.6403260449	0.1808558054	0.3418679509	0.1723454189	-0.3567609847	0.01626456686	0.4495459188	0.2816496402	-0.2083879941	-0.7749059685	-1.923472185	-0.2910219146	0.5020941341	0.5173110309	-0.3146394667	0.681733738	0.6269971785	-0.001743853342	-0.1406689513	-0.03944896325	-0.04482866567	-1.246919712	0.009402963609	1.7890876	1.205938263	1.506731193	0.2368165521	1.078698884	-1.489157863	0.3688178201	0.1241526709
8955.431806595123	-2.709489651642798	80199758.84257558	7.341334172359412	7426.064110808677	-65.779241294048	4326.908585220591	55146428.17784066	7841.277495530838	1.8859932222803764	61485632.76191837	3.5569704344875173	7803.913224269591	11259.185898809246	0.7407249999999999	31.667133000000003	0.390459124	0.237311	-0.0426442572	0.014187041599999999	-0.0664726183	0.0145579401	0.0518172713	0.0574206454	-0.0099486245	-0.0090230565	-0.0231691127	-0.0423372079	-0.0399072866	0.0083212698	-0.0595151409	0.0096670823	-0.041948340099999995	-0.0401863021	-0.0095943569	-0.060943412999999995	0.0059002885	0.0644071112	0.0643814593	0.0643387136	0.0642788855	0.064201991	0.0641080503	-0.00994497	-0.010047374	9.890242830089998e-05	0.000100949724295876	0.08343339999999999	0.20739240000000006	0.04301160757776002	0.0069611322355599995	-0.00218586	0.08271224	4.7779839396e-06	0.006841314645817601	0.0010706	-0.00037263000000000015	1.3885311690000004e-07	1.1461843599999995e-06	-6.3738e-06	0.0002641512	4.062532644e-11	6.977585646143999e-08	0.00067822	0.0011693609999999998	1.3674051483209995e-06	4.599823684e-07	0.0	0.0	0.0	0.0	0.0	0.0	0.0	0.0	0.0	0.0	0.0	0.0	0.0	0.0	0.0	0.0	0.0	0.0	0.0	0.0	0.0	0.0	0.0	0.0	0.0	0.0	0.0	0.0	0.0	0.0	0.0	0.0	0.0	0.0	0.0	0.0	0.0	0.0	0.0	0.0	0.0	0.0	0.0	0.0	0.0	0.0	0.0	0.0	0.0	0.0	0.0	0.0	0.0	0.0	0.0	0.0	0.0	0.0	0.0	0.0	0.0	0.0	0.0	0.0	0.0	0.0	0.0	0.0	0.0	0.0	0.0	0.0	0.0	0.0	0.0	0.0	0.0	0.0	0.0	0.0	0.0	0.0	0.0	0.0	0.0	0.0	0.0	0.0	0.0	0.0	0.0	0.0	0.0	0.0	0.0	0.0	0.0	0.0	0.0	0.0	0.0	0.0	0.0	0.3859515316	-0.2261252242	0.5445977652	0.5619400582	0.2661066434	0.7390725197	0.1186728612	-0.1480539088	0.1258031734	-0.05560012686	0.2567191339	-0.3564229178	-0.5758883055	-1.583571514	-0.4048716175	0.2437030041	0.8155012893	-0.1051795283	0.6081942868	0.7043166587	0.8629210665	-0.1197738186	-0.05947419695	-0.3176467504	-1.186260865	0.8145466804	2.070163099	1.29370481	1.033612771	0.3439392545	0.4334696153	-0.762022949	-0.05986596848	-0.9084572594
8949.733540889632	-5.698265705490486	80097730.45292488	32.47023205036897	7467.349005256815	41.2848944481384	1704.4425095939291	55761301.16630994	7848.266034053186	6.988538522347881	61595279.74127292	48.839670678340305	7811.623914740358	11342.169740776853	0.64999	27.788067	0.254249437	0.146309	-0.0430015706	0.0148908599	-0.0658839176	0.0206115096	0.060325881	0.054670389699999995	0.0209160671	-0.020881826000000003	-0.0005098039	-0.047745605	-0.0279802734	0.012791128	-0.0587750472	0.027773967000000004	-0.047398460499999996	-0.0285461905	-0.013234273400000001	-0.057775984	0.028060663700000002	0.0643989022	0.0643486298	0.06426487139999999	0.0641476706	0.0639970885	0.0638132035	0.000114987	0.010059957	1.3222010169e-08	0.000101202734841849	-0.0422037	-0.1256371	0.01578468089641	0.0017811522936899997	-0.052524199999999986	-0.05033834	0.0027587915856399988	0.0025339484739555994	0.00109918	2.8580000000000048e-05	8.168164000000033e-10	1.2081966723999998e-06	0.000845076	0.0008514498000000001	7.141534457760001e-07	7.249667619200402e-07	0.00019396900000000005	-0.000484251	2.3449903100100002e-07	3.762397296100001e-08	0.0	0.0	0.0	0.0	0.0	0.0	0.0	0.0	0.0	0.0	0.0	0.0	0.0	0.0	0.0	0.0	0.0	0.0	0.0	0.0	0.0	0.0	0.0	0.0	0.0	0.0	0.0	0.0	0.0	0.0	0.0	0.0	0.0	0.0	0.0	0.0	0.0	0.0	0.0	0.0	0.0	0.0	0.0	0.0	0.0	0.0	0.0	0.0	0.0	0.0	0.0	0.0	0.0	0.0	0.0	0.0	0.0	0.0	0.0	0.0	0.0	0.0	0.0	0.0	0.0	0.0	0.0	0.0	0.0	0.0	0.0	0.0	0.0	0.0	0.0	0.0	0.0	0.0	0.0	0.0	0.0	0.0	0.0	0.0	0.0	0.0	0.0	0.0	0.0	0.0	0.0	0.0	0.0	0.0	0.0	0.0	0.0	0.0	0.0	0.0	0.0	0.0	0.0	0.3114280629	-0.18205151	0.5759508722	0.5882998833	0.3561615037	0.7284044463	0.3829076951	-0.1377078214	0.05212615407	0.2450419358	0.07292902765	-0.3590076435	-0.7003200474	-1.885905071	-0.2315080521	0.666156511	0.933160377	-0.3183042826	1.08936769	0.3870518958	0.5428580172	-0.4471154545	-0.06805931968	0.08029764589	-1.202904927	1.168558966	1.990119896	1.187629384	-0.06929324667	-0.06059256257	0.3832429453	0.1409704438	0.1571092191	0.3880991514
8934.11657502476	-15.616965864872329	79818438.97613215	243.88962282458743	7407.73152634641	-59.61747891040522	3554.243791632612	54874486.36642651	7845.305072806652	-2.9609612465337705	61548811.68540578	8.767291503474821	7808.950846318505	11317.754410683923	0.648435	27.721569	0.120379158	0.0845618	-0.0425575192	0.013588593500000001	-0.06689134	0.0164850545	0.0323174129	0.06449162650000001	0.0319275139	0.012128398600000001	-0.0138072266	-0.044341444400000006	-0.0383029672	0.013747800800000001	-0.0533925371	0.0304712941	-0.044176245700000005	-0.038677147599999996	-0.0129876151	-0.0518324596	0.0345692694	0.0643879575	0.0643048657	0.06416645900000001	0.0639728562	0.0637242239	0.0634207761	0.00710728	0.006992292999999999	5.05134289984e-05	4.8892161397848996e-05	-0.123476	-0.0812723	0.006605186747290001	0.015246322575999999	-0.0378368	0.014687399999999991	0.0014316234342400002	0.0002157197187599997	0.00109918	0.0	0.0	1.2081966723999998e-06	0.0007627239999999999	-8.235200000000016e-05	5.817479001759999e-07	6.781851904000028e-09	-7.222229999999998e-05	-0.00026619130000000003	7.085780819569001e-08	5.216060617289998e-09	0.0	0.0	0.0	0.0	0.0	0.0	0.0	0.0	0.0	0.0	0.0	0.0	0.0	0.0	0.0	0.0	0.0	0.0	0.0	0.0	0.0	0.0	0.0	0.0	0.0	0.0	0.0	0.0	0.0	0.0	0.0	0.0	0.0	0.0	0.0	0.0	0.0	0.0	0.0	0.0	0.0	0.0	0.0	0.0	0.0	0.0	0.0	0.0	0.0	0.0	0.0	0.0	0.0	0.0	0.0	0.0	0.0	0.0	0.0	0.0	0.0	0.0	0.0	0.0	0.0	0.0	0.0	0.0	0.0	0.0	0.0	0.0	0.0	0.0	0.0	0.0	0.0	0.0	0.0	0.0	0.0	0.0	0.0	0.0	0.0	0.0	0.0	0.0	0.0	0.0	0.0	0.0	0.0	0.0	0.0	0.0	0.0	0.0	0.0	0.0	0.0	0.0	0.0	0.3317566908	-0.221805932	0.5306569312	0.5483567384	0.2994214171	0.4406594607	0.06747183514	-0.3096242578	0.1657024635	-0.2094382473	0.3596658434	-0.3214061164	-0.9106641086	-1.790075138	-0.3759468713	0.5044486088	0.6466828441	0.01244887239	1.203284894	0.4091873085	0.8886349755	-0.1821193715	-0.2042276956	-0.5463112771	-1.087996109	-0.00338151818	1.968611113	1.346914858	-1.425428252	0.2090902985	0.08441172832	0.4342265394	-0.04581031815	1.012459855
8928.834648918642	-5.281926106117679	79724088.18773009	27.89874339048748	7445.524745470412	37.79321912400246	1428.3274117548654	55435838.73541225	7842.554360738948	-2.7507120677037165	61505658.9011455	7.566416879410855	7806.661241081699	11313.608459723571	0.622251	26.602192	0.34671930399999995	0.219414	-0.0419852847	0.0124111909	-0.059983541200000004	0.026979116600000002	0.0405878895	0.0578311829	0.0191155681	0.0138658842	0.003535165300000001	-0.0442863205	-0.030408626600000002	0.007476559200000002	-0.0552300637	0.0242918692	-0.044249442699999995	-0.0306905479	-0.006256642	-0.0531703947	0.030223342200000006	0.0643742773	0.0642501747	0.06404351400000001	0.063754561	0.06338368679999999	0.0629313682	0.000177191	-0.006930089	3.1396650480999995e-08	4.8026133547921e-05	0.0790697	0.20254570000000002	0.04102476058849	0.006252017458090001	0.0145678	0.052404599999999996	0.00021222079684	0.0027462421011600004	0.0005764930000000001	-0.0005226869999999999	2.732016999689999e-07	3.323441790490001e-07	0.000149674	-0.0006130499999999999	2.2402306275999997e-08	3.7583030249999977e-07	0.000488819	0.0005610413000000001	3.147673403056901e-07	2.38944014761e-07	0.0	0.0	0.0	0.0	0.0	0.0	0.0	0.0	0.0	0.0	0.0	0.0	0.0	0.0	0.0	0.0	0.0	0.0	0.0	0.0	0.0	0.0	0.0	0.0	0.0	0.0	0.0	0.0	0.0	0.0	0.0	0.0	0.0	0.0	0.0	0.0	0.0	0.0	0.0	0.0	0.0	0.0	0.0	0.0	0.0	0.0	0.0	0.0	0.0	0.0	0.0	0.0	0.0	0.0	0.0	0.0	0.0	0.0	0.0	0.0	0.0	0.0	0.0	0.0	0.0	0.0	0.0	0.0	0.0	0.0	0.0	0.0	0.0	0.0	0.0	0.0	0.0	0.0	0.0	0.0	0.0	0.0	0.0	0.0	0.0	0.0	0.0	0.0	0.0	0.0	0.0	0.0	0.0	0.0	0.0	0.0	0.0	0.0	0.0	0.0	0.0	0.0	0.0	0.215081862	-0.1745145478	0.5290105507	0.653811302	0.2482374435	0.6309496133	0.2787878302	-0.0796473064	-0.07071059915	0.456391745	-0.01563824085	-0.2838107645	-0.9279492811	-1.783652519	-0.344059064	0.6604310656	0.7027032282	-0.5666412058	0.8788618784	0.3206069111	0.4939663835	-0.3449944581	-0.09521420603	0.08625242053	-1.278638734	-0.1059285298	1.71061019	1.058918234	-0.7813033885	0.0956675937	0.6269969416	1.628598757	0.04254018929	1.370478914
8919.277090719737	-9.557558198905099	79553503.82103795	91.34691872545807	7409.976973902925	-35.54777156748696	1263.6440634142346	54907758.75377155	7841.369337819714	-1.185022919234143	61487073.09209918	1.4042793191102103	7804.9648978846	11368.639761412129	0.579341	24.767691	0.252186234	0.166519	-0.0439197392	0.0170418087	-0.07114646940000001	0.0315776445	0.027829112000000003	0.0750460012	0.016298674	0.0199359077	-0.0143460849	-0.0423860457	-0.034006967799999996	6.28325e-05	-0.052121867999999995	0.0379528581	-0.042194929699999995	-0.0346861918	0.0007411144	-0.0503469354	0.0420661249	0.0643578625	0.0641845658	0.06389608349999999	0.06349293339999999	0.062975839	0.0623457281	0.0195734	0.019396208999999998	0.0003831179875600001	0.00037621292357168106	-0.07818859999999997	-0.15725829999999996	0.024730172918889987	0.006113457169959995	-0.0195061	-0.034073900000000004	0.00038048793720999987	0.0011610306612100001	0.0008249349999999997	0.00024844199999999965	6.172342736399983e-08	6.805177542249996e-07	0.000121579	-2.809500000000001e-05	1.4781453241e-08	7.893290250000004e-10	-6.38005e-05	-0.0005526195	3.0538831178025004e-07	4.07050380025e-09	0.0	0.0	0.0	0.0	0.0	0.0	0.0	0.0	0.0	0.0	0.0	0.0	0.0	0.0	0.0	0.0	0.0	0.0	0.0	0.0	0.0	0.0	0.0	0.0	0.0	0.0	0.0	0.0	0.0	0.0	0.0	0.0	0.0	0.0	0.0	0.0	0.0	0.0	0.0	0.0	0.0	0.0	0.0	0.0	0.0	0.0	0.0	0.0	0.0	0.0	0.0	0.0	0.0	0.0	0.0	0.0	0.0	0.0	0.0	0.0	0.0	0.0	0.0	0.0	0.0	0.0	0.0	0.0	0.0	0.0	0.0	0.0	0.0	0.0	0.0	0.0	0.0	0.0	0.0	0.0	0.0	0.0	0.0	0.0	0.0	0.0	0.0	0.0	0.0	0.0	0.0	0.0	0.0	0.0	0.0	0.0	0.0	0.0	0.0	0.0	0.0	0.0	0.0	0.3075816538	-0.2383867944	0.5088358118	0.6444464735	0.2311937842	0.5173747533	0.3287788867	-0.2106563732	0.1101740415	0.04307115264	0.5523970692	-0.1604623174	-1.079082105	-1.88962735	-0.3640331758	0.627706775	0.7143177673	0.03187701442	0.7118016125	0.5028977994	0.9435669806	-0.3733776941	-0.2721691283	-0.5464113869	-1.123145226	-0.8448621864	1.590475695	1.07959596	0.201591758	0.2028161069	0.3332996095	1.840867873	0.1240987344	0.9103779209
8894.788942348843	-24.488148370894127	79117270.32893126	599.6694106349245	7396.475647232382	-13.501326670543676	182.285821864734	54707852.00010168	7840.312748736728	-1.0565890829857378	61470503.99800367	1.1163804902846428	7804.710624353808	11111.704571103508	0.546189	23.350418	0.04750711149999999	0.0266153	-0.0405769038	-0.00032783309999999996	-0.07074086389999999	0.0337078799	0.0244220496	0.056404609400000014	-0.0017417532999999998	0.0268111808	-0.0344969246	-0.0426139693	-0.0312328094	0.0019165074	-0.052504144100000004	0.026985351299999998	-0.0423352233	-0.0317538786	-0.0016192341	-0.052433821	0.029014703500000006	0.0643387136	0.0641080503	0.0637242239	0.0631881514	0.0625011134	0.06166475160000001	0.0195774	4.000000000000531e-06	0.00038327459076000007	1.600000000000425e-11	-0.0676803	0.01050829999999997	0.00011042436888999938	0.004580623008090001	-0.0123067	0.007199399999999998	0.00015145486488999998	5.183136035999997e-05	0.0012912000000000002	0.0004662650000000004	2.1740305022500038e-07	1.6671974400000003e-06	-8.06413e-06	-0.00012964313	6.50301926569e-11	1.6807341156196898e-08	-6.380060000000001e-05	-1.0000000000699551e-10	1.0000000001399106e-20	4.070516560360001e-09	0.0	0.0	0.0	0.0	0.0	0.0	0.0	0.0	0.0	0.0	0.0	0.0	0.0	0.0	0.0	0.0	0.0	0.0	0.0	0.0	0.0	0.0	0.0	0.0	0.0	0.0	0.0	0.0	0.0	0.0	0.0	0.0	0.0	0.0	0.0	0.0	0.0	0.0	0.0	0.0	0.0	0.0	0.0	0.0	0.0	0.0	0.0	0.0	0.0	0.0	0.0	0.0	0.0	0.0	0.0	0.0	0.0	0.0	0.0	0.0	0.0	0.0	0.0	0.0	0.0	0.0	0.0	0.0	0.0	0.0	0.0	0.0	0.0	0.0	0.0	0.0	0.0	0.0	0.0	0.0	0.0	0.0	0.0	0.0	0.0	0.0	0.0	0.0	0.0	0.0	0.0	0.0	0.0	0.0	0.0	0.0	0.0	0.0	0.0	0.0	0.0	0.0	0.0	0.2275704828	-0.2423463417	0.4941251227	0.6345241481	0.2028777266	0.2866126347	0.03036435121	-0.3263792632	-0.1557065082	0.5074934963	0.03391273926	-0.1263320487	-1.212847343	-1.88609401	-0.4990499383	0.5952300266	0.6383804844	-0.354426084	0.2276494315	0.264914709	0.1210761801	-0.3565903031	-0.07435603038	-0.1160503493	-1.453897288	-1.177598244	1.416119913	0.8893549131	0.8949648191	-0.2746068969	0.3961977326	0.9142141507	0.02365360229	0.5157900137
8895.591967610779	0.8030252619355451	79131556.45422141	0.6448495713066509	7398.103628345247	1.6279811128652	2.650322503845815	54731937.29573511	7828.371193988822	-11.941554747906597	61283395.55087397	142.6007297972505	7792.7833133199365	11157.206819006988	0.540168	23.093006	0.29182484350000004	0.186554	-0.037904639	0.0104816889	-0.0728350483	0.0345178654	0.028684147599999998	0.0671035935	0.0011711294999999999	0.0116720984	-0.0335396079	-0.0368436397	-0.0315756829	0.0022510117	-0.0503886937	0.011257393700000002	-0.0367606414	-0.032045935899999996	-0.0018643767	-0.050108134500000005	0.014088267600000001	0.0643168315	0.0640206412	0.0635280008	0.0628404219	0.0619600143	0.0608894797	0.0195967	1.9299999999999876e-05	0.00038403065089	3.724899999999951e-10	0.06983160000000001	0.13751190000000002	0.01890952264161001	0.004876452358560001	0.0365622	0.048868899999999986	0.0013367944688399995	0.0023881693872099988	-0.000580647	-0.0018718470000000005	3.503811191409001e-06	3.37150938609e-07	-0.000244712	-0.00023664787	5.988396294400001e-08	5.60022143755369e-08	-6.380060000000001e-05	0.0	0.0	4.070516560360001e-09	0.0	0.0	0.0	0.0	0.0	0.0	0.0	0.0	0.0	0.0	0.0	0.0	0.0	0.0	0.0	0.0	0.0	0.0	0.0	0.0	0.0	0.0	0.0	0.0	0.0	0.0	0.0	0.0	0.0	0.0	0.0	0.0	0.0	0.0	0.0	0.0	0.0	0.0	0.0	0.0	0.0	0.0	0.0	0.0	0.0	0.0	0.0	0.0	0.0	0.0	0.0	0.0	0.0	0.0	0.0	0.0	0.0	0.0	0.0	0.0	0.0	0.0	0.0	0.0	0.0	0.0	0.0	0.0	0.0	0.0	0.0	0.0	0.0	0.0	0.0	0.0	0.0	0.0	0.0	0.0	0.0	0.0	0.0	0.0	0.0	0.0	0.0	0.0	0.0	0.0	0.0	0.0	0.0	0.0	0.0	0.0	0.0	0.0	0.0	0.0	0.0	0.0	0.0	0.2750808081	-0.1773450398	0.4447900526	0.6523743486	0.1225399881	0.587086906	-0.03857666608	-0.1762522543	0.007188760967	0.08372290357	0.4838021321	-0.1360046048	-0.9968546723	-1.819937521	-0.3656022279	0.4739854486	0.3037532013	-0.1435998625	-0.04858273251	0.8135300584	0.661720721	-0.3219637821	-0.2180935785	-0.5951858933	-1.355373775	-0.9466860652	1.463274061	0.8974165823	1.148169549	0.4357627575	0.5154380188	1.077337381	0.08203773049	0.1773117031
8887.478289487313	-8.113678123465434	78987270.34610835	65.83177269120156	7420.170425220246	22.06679687499945	486.94352432248564	55058929.13931321	7829.529226401419	1.1580324125970949	61301527.907074	1.3410390686254476	7793.472473305009	10968.932704098299	0.60226	25.747517	0.35346161	0.203746	-0.0343840188	-0.0016834556	-0.0720449458	0.0370605658	0.0449877963	0.0605600082	-0.0195695844	-0.0032174440000000003	-0.031883274100000004	-0.0391301666	-0.0214434271	0.0021384885	-0.0515562038	-0.0014849627999999999	-0.0386922309	-0.0220321346	-0.0025467157	-0.0528056832	-0.0009681898	0.064292217	0.06392235339999999	0.06330748929999999	0.0624499814	0.061353116299999996	0.06002109820000001	0.013950799999999998	-0.005645900000000004	0.00019462482063999992	3.187618681000004e-05	-0.096563	-0.1663946	0.02768716290916	0.009324412969	-0.0201831	-0.0567453	0.00040735752561000003	0.0032200290720900003	0.000727482	0.001308129	1.7112014806409997e-06	5.29230060324e-07	0.0007812109999999998	0.0010259229999999998	6.102906265209996e-07	1.0525180019289995e-06	9.56636e-05	0.00015946420000000002	2.5428831081640005e-08	9.151524364960004e-09	0.0	0.0	0.0	0.0	0.0	0.0	0.0	0.0	0.0	0.0	0.0	0.0	0.0	0.0	0.0	0.0	0.0	0.0	0.0	0.0	0.0	0.0	0.0	0.0	0.0	0.0	0.0	0.0	0.0	0.0	0.0	0.0	0.0	0.0	0.0	0.0	0.0	0.0	0.0	0.0	0.0	0.0	0.0	0.0	0.0	0.0	0.0	0.0	0.0	0.0	0.0	0.0	0.0	0.0	0.0	0.0	0.0	0.0	0.0	0.0	0.0	0.0	0.0	0.0	0.0	0.0	0.0	0.0	0.0	0.0	0.0	0.0	0.0	0.0	0.0	0.0	0.0	0.0	0.0	0.0	0.0	0.0	0.0	0.0	0.0	0.0	0.0	0.0	0.0	0.0	0.0	0.0	0.0	0.0	0.0	0.0	0.0	0.0	0.0	0.0	0.0	0.0	0.0	0.2988596164	-0.2078801803	0.4740650018	0.6297147216	0.1848736279	0.4523884938	0.1564826574	-0.2295646936	-0.2344964323	0.5915961319	-0.01948589805	-0.1479709488	-1.007258222	-2.067020264	-0.3369357309	0.4887017641	0.6378714529	-0.4479664279	-0.3717529455	0.4921295521	0.09835685921	-0.4754727978	-0.0938358328	-0.08040790589	-1.597820082	-0.1744133548	1.311415188	0.6946860352	1.558182978	-0.1831629258	0.6805462493	-0.4785489129	0.1300927109	-0.3418520872
8889.810205270487	2.331915783173826	79028725.4857313	5.437831219815202	7361.617737076132	-58.552688144114654	3428.417288901945	54193415.70683391	7827.514874303143	-2.0143520982755945	61269989.10743696	4.05761437582729	7790.737809444498	10965.539667739162	0.518089	22.149082	0.09604861	0.0412316	-0.0342704446	-0.0005565614	-0.0747491055	0.0244589181	0.0314147028	0.05974611940000001	-0.0133630975	-0.0014494707999999999	-0.0414136289	-0.0363551679	-0.0329547757	0.0027292779	-0.0480443567	0.0087215569	-0.0359349273	-0.0333263313	-0.0038103131	-0.0500418612	0.005637386800000001	0.06426487139999999	0.0638132035	0.0630627737	0.0620170952	0.0606810639	0.05906093480000001	0.0195707	0.005619900000000002	0.00038301229849000004	3.1583276010000024e-05	-0.08655989999999998	0.010003100000000016	0.00010006200961000029	0.007492616288009997	0.0017765	0.021959599999999996	3.15595225e-06	0.00048222403216000004	0.00120766	0.000480178	2.3057091168399996e-07	1.4584426755999996e-06	0.000251533	-0.0005296779999999998	6.326885008900001e-08	2.805587836839998e-07	-6.380060000000001e-05	-0.00015946420000000002	2.5428831081640005e-08	4.070516560360001e-09	0.0	0.0	0.0	0.0	0.0	0.0	0.0	0.0	0.0	0.0	0.0	0.0	0.0	0.0	0.0	0.0	0.0	0.0	0.0	0.0	0.0	0.0	0.0	0.0	0.0	0.0	0.0	0.0	0.0	0.0	0.0	0.0	0.0	0.0	0.0	0.0	0.0	0.0	0.0	0.0	0.0	0.0	0.0	0.0	0.0	0.0	0.0	0.0	0.0	0.0	0.0	0.0	0.0	0.0	0.0	0.0	0.0	0.0	0.0	0.0	0.0	0.0	0.0	0.0	0.0	0.0	0.0	0.0	0.0	0.0	0.0	0.0	0.0	0.0	0.0	0.0	0.0	0.0	0.0	0.0	0.0	0.0	0.0	0.0	0.0	0.0	0.0	0.0	0.0	0.0	0.0	0.0	0.0	0.0	0.0	0.0	0.0	0.0	0.0	0.0	0.0	0.0	0.0	0.3663151286	-0.2416730836	0.422040191	0.5840743941	0.1729035364	0.41935397	-0.2051319015	-0.282368357	0.03336321601	-0.1043851544	0.4395438661	-0.07808016348	-0.9958492122	-1.77524293	-0.3937029879	0.2536825877	0.4517913727	0.08011271694	-0.5685344881	0.6025421663	0.4548787945	-0.3006520069	-0.09709408662	-0.4467758462	-1.480225354	-0.02571373583	1.402358893	0.8686474551	0.8929190351	0.1561233221	0.2919327412	-1.131245976	-0.0629742848	-1.114382106
8896.31673574337	6.5065304728832425	79144451.46266757	42.33493879455822	7397.766571953956	36.14883487782481	1306.7382630242435	54726950.25311939	7826.332508040992	-1.1823662621509357	61251480.52641921	1.3979899778727751	7790.332076290842	10981.632883226759	0.545668	23.328152	0.2433033	0.165919	-0.0340393538	-0.0005001013	-0.068532517	0.0335609304	0.0511479779	0.047076155700000004	-0.022581973999999998	-0.0195793795	-0.0314754766	-0.038484631899999996	-0.0235765686	0.0047112026000000005	-0.0568353204	-0.0034356846000000003	-0.038057092	-0.023769241899999998	-0.005852414	-0.0589211828	-0.005904752199999999	0.06423479559999999	0.0636932101	0.06279394740000001	0.0615420576	0.0599445708	0.05801045780000001	0.0217662	0.0021954999999999995	0.00047376746244	4.820220249999999e-06	0.0372641	0.12382399999999998	0.015332382975999996	0.0013886131488099994	0.0228977	0.021121200000000003	0.00052430466529	0.00044610508944000003	-0.000687534	-0.001895194	3.5917602976359993e-06	4.7270300115600004e-07	0.000223475	-2.8058000000000025e-05	4.9941075625e-08	7.872513640000012e-10	-6.380060000000001e-05	0.0	0.0	4.070516560360001e-09	0.0	0.0	0.0	0.0	0.0	0.0	0.0	0.0	0.0	0.0	0.0	0.0	0.0	0.0	0.0	0.0	0.0	0.0	0.0	0.0	0.0	0.0	0.0	0.0	0.0	0.0	0.0	0.0	0.0	0.0	0.0	0.0	0.0	0.0	0.0	0.0	0.0	0.0	0.0	0.0	0.0	0.0	0.0	0.0	0.0	0.0	0.0	0.0	0.0	0.0	0.0	0.0	0.0	0.0	0.0	0.0	0.0	0.0	0.0	0.0	0.0	0.0	0.0	0.0	0.0	0.0	0.0	0.0	0.0	0.0	0.0	0.0	0.0	0.0	0.0	0.0	0.0	0.0	0.0	0.0	0.0	0.0	0.0	0.0	0.0	0.0	0.0	0.0	0.0	0.0	0.0	0.0	0.0	0.0	0.0	0.0	0.0	0.0	0.0	0.0	0.0	0.0	0.0	0.2506743312	-0.1149975643	0.5120971193	0.7310567778	0.1987182783	0.6262184665	-0.09204976748	-0.06973701921	-0.08966436523	0.4289706175	0.0197655718	-0.1255644062	-0.912297441	-1.96280594	-0.1397112118	0.4057779356	0.4734100644	-0.3825786006	-0.7526110511	0.5816184176	0.02131401445	-0.4700229453	-0.0340513581	0.03708292112	-1.509707013	0.4449522807	1.338501866	0.6505007909	1.229361381	0.0938244953	0.762226282	-0.8594892739	0.1086707999	-1.055623865
8905.351746817463	9.035011074092836	79305289.73454484	81.63142510898018	7380.662048599568	-17.10452335438822	292.56471918081206	54474172.27563798	7829.114760866939	2.782252825946671	61295037.93882459	7.740930787488235	7792.776802083048	11003.710690599306	0.584379	24.983103	0.32910812	0.183346	-0.0332086812	0.0044941897	-0.0741549222	0.0240166213	0.0422683862	0.05667655980000001	-0.0062353162	-0.0367446415	-0.032058494900000005	-0.037274027200000004	-0.027859955699999998	0.0031898847	-0.0499416129	0.0081960095	-0.036815841099999996	-0.0281727838	-0.0043912872999999995	-0.051400270899999996	0.0047554949	0.064201991	0.0635623935	0.0625011134	0.0610251914	0.059144419000000004	0.0568712735	0.00191281	-0.01985339	3.6588420961e-06	0.00039415709449209987	-0.102711	-0.1399751	0.01959302862001	0.010549549521000002	-0.0167548	-0.0396525	0.00028072332304000005	0.00157232075625	0.00102274	0.001710274	2.9250371550759998e-06	1.0459971076e-06	0.000905132	0.000681657	8.19263937424e-07	4.6465626564899996e-07	0.000136811	0.0002006116	4.024501405456e-08	1.8717249721e-08	0.0	0.0	0.0	0.0	0.0	0.0	0.0	0.0	0.0	0.0	0.0	0.0	0.0	0.0	0.0	0.0	0.0	0.0	0.0	0.0	0.0	0.0	0.0	0.0	0.0	0.0	0.0	0.0	0.0	0.0	0.0	0.0	0.0	0.0	0.0	0.0	0.0	0.0	0.0	0.0	0.0	0.0	0.0	0.0	0.0	0.0	0.0	0.0	0.0	0.0	0.0	0.0	0.0	0.0	0.0	0.0	0.0	0.0	0.0	0.0	0.0	0.0	0.0	0.0	0.0	0.0	0.0	0.0	0.0	0.0	0.0	0.0	0.0	0.0	0.0	0.0	0.0	0.0	0.0	0.0	0.0	0.0	0.0	0.0	0.0	0.0	0.0	0.0	0.0	0.0	0.0	0.0	0.0	0.0	0.0	0.0	0.0	0.0	0.0	0.0	0.0	0.0	0.0	0.3995661033	-0.2414373221	0.453919692	0.6119635339	0.1978243965	0.5527367776	-0.1063891902	-0.2273970378	0.1194140777	-0.1824139723	0.2773378787	-0.134506351	-0.801656582	-1.728714097	-0.3766113003	0.2526528815	0.6267652481	-0.1745863966	-0.4428212176	0.5979756872	0.5374919059	-0.3231068852	-0.2304978244	-0.4388892289	-1.431130332	1.010336281	1.646023252	0.913960374	0.4559038034	0.2524704816	0.372850836	-1.068429153	0.1738404179	-1.026400489
8896.854044900614	-8.49770191684911	79154011.89626442	72.21093786762103	7383.961287088598	3.299238489029449	10.88497460749332	54522884.289223105	7825.951108623864	-3.163652243075376	61245510.75457108	10.008695515115855	7789.108033617373	10932.349722035988	0.495259	21.173058	0.14039001000000004	0.0716306	-0.031425763100000004	-0.003278148	-0.07192632040000001	0.0249923366	0.0496164382	0.0439452441	-0.0156627679	-0.0274723202	-0.0310803891	-0.0363038716	-0.024228239300000003	0.0108048658	-0.0452709175	0.0035346775	-0.0359096919	-0.0243707998	-0.0117077943	-0.0459968463	0.0025264559	0.06416645900000001	0.0634207761	0.062184383600000004	0.060466848	0.0582814584	0.055645124000000004	-0.00767298	-0.00958579	5.88746220804e-05	9.18873699241e-05	-0.0497775	0.0529335	0.00280195542225	0.0024777995062499995	0.00565687	0.02241167	3.20001781969e-05	0.0005022829521889	0.0007209309999999999	-0.0003018090000000002	9.108867248100012e-08	5.197415067609998e-07	0.00071334	-0.000191792	5.088539556000001e-07	3.6784171263999985e-08	-0.000478769	-0.00061558	3.789387364e-07	2.2921975536100006e-07	0.0	0.0	0.0	0.0	0.0	0.0	0.0	0.0	0.0	0.0	0.0	0.0	0.0	0.0	0.0	0.0	0.0	0.0	0.0	0.0	0.0	0.0	0.0	0.0	0.0	0.0	0.0	0.0	0.0	0.0	0.0	0.0	0.0	0.0	0.0	0.0	0.0	0.0	0.0	0.0	0.0	0.0	0.0	0.0	0.0	0.0	0.0	0.0	0.0	0.0	0.0	0.0	0.0	0.0	0.0	0.0	0.0	0.0	0.0	0.0	0.0	0.0	0.0	0.0	0.0	0.0	0.0	0.0	0.0	0.0	0.0	0.0	0.0	0.0	0.0	0.0	0.0	0.0	0.0	0.0	0.0	0.0	0.0	0.0	0.0	0.0	0.0	0.0	0.0	0.0	0.0	0.0	0.0	0.0	0.0	0.0	0.0	0.0	0.0	0.0	0.0	0.0	0.0	0.2755893379	-0.1992405131	0.4974060993	0.6631897398	0.2381070995	0.5766594618	-0.110873809	-0.181619911	-0.1369436762	0.3064268674	-0.2006761282	-0.201713548	-1.040399872	-1.683132558	-0.4109423317	0.4239785904	0.816432579	-0.3811578842	-0.4096098228	0.3502814998	-0.05755025917	-0.4301038606	0.007540817822	0.01292188017	-1.510101017	1.061154321	1.536321288	0.7238159074	-0.08203578378	-0.2432204951	0.500437387	-1.395054088	0.04086943172	-0.6693394377
8915.87692452798	19.02287962736591	79492861.33333051	361.86994931725303	7392.729152987868	8.767865899269964	76.87547242758109	54652444.32943671	7826.948255100361	0.997146476497619	61261118.98801859	0.9943010955916166	7789.339681560172	11170.289323138308	0.571612	24.437288	0.22449435500000006	0.13366800000000004	-0.0340013172	0.0157673409	-0.07112815389999999	0.020574485400000002	0.046932876799999995	0.0548307022	0.0113762429	-0.0272773807	-0.0327169961	-0.0362026002	-0.0256769419	0.00914242	-0.0520830284	0.0130219562	-0.035647830400000004	-0.0261201171	-0.0099603075	-0.0526122066	0.0109447399	0.064128201	0.0632683818	0.061843879000000004	0.0598674067	0.0573566053	0.0543338842	-0.007975559999999998	-0.0003025799999999976	6.360955731359998e-05	9.155465639999856e-08	0.0386632	0.08844069999999997	0.007821757416489997	0.0014948430342399993	0.0229874	0.017330530000000004	0.0005284205587600001	0.0003003472700809001	-0.000910814	-0.0016317449999999998	2.662591745024999e-06	8.295821425959998e-07	0.000923824	0.00021048399999999996	8.534507829759998e-07	4.4303514255999973e-08	4.74129e-05	0.0005261819	2.7686739188761e-07	2.24798308641e-09	0.0	0.0	0.0	0.0	0.0	0.0	0.0	0.0	0.0	0.0	0.0	0.0	0.0	0.0	0.0	0.0	0.0	0.0	0.0	0.0	0.0	0.0	0.0	0.0	0.0	0.0	0.0	0.0	0.0	0.0	0.0	0.0	0.0	0.0	0.0	0.0	0.0	0.0	0.0	0.0	0.0	0.0	0.0	0.0	0.0	0.0	0.0	0.0	0.0	0.0	0.0	0.0	0.0	0.0	0.0	0.0	0.0	0.0	0.0	0.0	0.0	0.0	0.0	0.0	0.0	0.0	0.0	0.0	0.0	0.0	0.0	0.0	0.0	0.0	0.0	0.0	0.0	0.0	0.0	0.0	0.0	0.0	0.0	0.0	0.0	0.0	0.0	0.0	0.0	0.0	0.0	0.0	0.0	0.0	0.0	0.0	0.0	0.0	0.0	0.0	0.0	0.0	0.0	0.3509811234	-0.1508248591	0.5118728726	0.5822524717	0.207465031	0.6844427973	-0.1942184695	-0.0003590867105	0.3201812884	-0.2874594373	0.3054623573	-0.1754953739	-0.8115219099	-1.554725223	-0.3616193003	0.3688610633	0.5948394018	-0.2466833824	-0.1701720845	0.768624834	0.6852021008	-0.3705202129	-0.2367872248	-0.5756877902	-1.204496555	1.272283259	1.728434859	0.8696237473	-0.01166323473	0.5327568555	0.2046768428	-0.3859006168	0.1706308706	-0.9024650575
8899.302407315998	-16.57451721198231	79197583.33686031	274.7146208102979	7423.2486572265625	30.519504238694932	931.4401389757179	55104620.62701596	7829.660289974717	2.712034874355595	61303580.25640696	7.355133159720968	7793.399851204741	11013.497264771888	0.624246	26.687485	0.318392625	0.201166	-0.030507046800000007	0.0019127401	-0.0683423467	0.024402533599999998	0.0546858699	0.0459232663	0.0191154253	-0.0300396825	-0.014544457299999999	-0.0383041999	-0.0181094031	0.0115375079	-0.0574678297	0.0102723311	-0.0381712035	-0.0183294156	-0.011851553899999999	-0.0567691708	0.0112195367	0.0640872188	0.0631052366	0.0614797299	0.0592272751	0.056370842000000004	0.052939559299999994	-0.00261758	0.005357979999999997	6.8517250564e-06	2.870794968039998e-05	-0.122537	-0.16120020000000002	0.02598550448004	0.015015316368999996	-0.022015700000000003	-0.0450031	0.0004846910464900001	0.0020252790096100004	0.0008576110000000001	0.001768425	3.1273269806250008e-06	7.354966273210002e-07	0.00092783	4.006000000000083e-06	8.608685089e-07	1.6048036000000668e-11	-0.000316783	-0.0003641959	1.3263865357681002e-07	1.0035146908899999e-07	0.0	0.0	0.0	0.0	0.0	0.0	0.0	0.0	0.0	0.0	0.0	0.0	0.0	0.0	0.0	0.0	0.0	0.0	0.0	0.0	0.0	0.0	0.0	0.0	0.0	0.0	0.0	0.0	0.0	0.0	0.0	0.0	0.0	0.0	0.0	0.0	0.0	0.0	0.0	0.0	0.0	0.0	0.0	0.0	0.0	0.0	0.0	0.0	0.0	0.0	0.0	0.0	0.0	0.0	0.0	0.0	0.0	0.0	0.0	0.0	0.0	0.0	0.0	0.0	0.0	0.0	0.0	0.0	0.0	0.0	0.0	0.0	0.0	0.0	0.0	0.0	0.0	0.0	0.0	0.0	0.0	0.0	0.0	0.0	0.0	0.0	0.0	0.0	0.0	0.0	0.0	0.0	0.0	0.0	0.0	0.0	0.0	0.0	0.0	0.0	0.0	0.0	0.0	0.2696128831	-0.2169290699	0.5333331734	0.6193790948	0.2479876948	0.4508981424	0.04315869354	-0.1761236701	-0.1921111836	0.3308560907	-0.3456821089	-0.2678110024	-1.003635188	-1.731320658	-0.4648308956	0.5520453674	0.8387402575	-0.6455298319	0.02768688766	0.2410730903	0.06632592486	-0.5056657492	-0.1510527388	-0.1176798738	-1.379906404	1.27953869	1.537870138	0.7711788442	-0.8005640254	-0.1498410117	0.4283437441	-0.7168008715	0.2097252442	-0.01561873627
8904.12341368366	4.821006367661539	79283413.76610954	23.24210239703311	7387.275261801861	-35.973395424701266	1294.085178381918	54571835.79362976	7828.729791371932	-0.9304986027846098	61289010.14631442	0.8658276497841111	7792.165085708122	11161.402699861597	0.579138	24.759024	0.227104615	0.13384100000000002	-0.030138649700000002	0.0179156703	-0.0704938838	0.0108084927	0.0389435037	0.0574128666	0.036399796899999996	-0.016463091000000003	-0.0141833442	-0.034354981	-0.0316264814	0.0055486469999999994	-0.047536755800000004	0.023057274300000003	-0.0341796043	-0.0321161929	-0.0053439215	-0.0463628829	0.0245258838	0.06404351400000001	0.0629313682	0.061092075499999995	0.0585468883	0.0553252151	0.0514642813	-0.00818865	-0.005571070000000001	6.70539888225e-05	3.103682094490001e-05	-0.018768700000000003	0.1037683	0.010767860084889998	0.00035226409969000015	0.0366784	0.058694100000000006	0.00134530502656	0.0034449973748100003	8.872209999999999e-05	-0.0007688889000000001	5.911901405432101e-07	7.871611028409997e-09	0.0007203060000000001	-0.00020752399999999995	5.188407336360003e-07	4.3066210575999984e-08	-0.000111773	0.00020501	4.2029100100000006e-08	1.2493203528999998e-08	0.0	0.0	0.0	0.0	0.0	0.0	0.0	0.0	0.0	0.0	0.0	0.0	0.0	0.0	0.0	0.0	0.0	0.0	0.0	0.0	0.0	0.0	0.0	0.0	0.0	0.0	0.0	0.0	0.0	0.0	0.0	0.0	0.0	0.0	0.0	0.0	0.0	0.0	0.0	0.0	0.0	0.0	0.0	0.0	0.0	0.0	0.0	0.0	0.0	0.0	0.0	0.0	0.0	0.0	0.0	0.0	0.0	0.0	0.0	0.0	0.0	0.0	0.0	0.0	0.0	0.0	0.0	0.0	0.0	0.0	0.0	0.0	0.0	0.0	0.0	0.0	0.0	0.0	0.0	0.0	0.0	0.0	0.0	0.0	0.0	0.0	0.0	0.0	0.0	0.0	0.0	0.0	0.0	0.0	0.0	0.0	0.0	0.0	0.0	0.0	0.0	0.0	0.0	0.2802400921	-0.2339170032	0.4574103395	0.5016393789	0.1389301242	0.6618815877	-0.1068401545	-0.08968425972	0.2161695963	-0.3928188447	0.3222977122	-0.2841327156	-1.076618229	-1.485488241	-0.5388284452	0.435448517	0.6185593611	-0.00644708851	0.1204674475	0.5984333465	0.7766583092	-0.3545548733	-0.1799348878	-0.6452988098	-1.171987055	0.8804735726	1.571350467	0.9881120535	-1.478431053	0.38524072	0.03780801297	-0.3141520692	-0.02202932219	-0.05991315317
8909.696550278857	5.573136595197866	79382692.61805096	31.059851508733658	7432.935149497174	45.659887695313046	2084.8253443485996	55248524.93663058	7836.8908783328325	8.16108696090032	61416858.63889635	66.60334038337723	7801.03060584106	11202.008262955762	0.590205	25.232182	0.150454765	0.0646313	-0.0317256756	0.014100761000000003	-0.06392523509999999	0.0252749456	0.0497225966	0.049343821100000004	0.0349467808	0.013248463200000001	-0.0195184604	-0.041018294500000003	-0.0223330421	0.011424594599999999	-0.05447011190000002	0.023505732	-0.0410154276	-0.0227841211	-0.0111138251	-0.052655340700000004	0.026758214500000002	0.0639970885	0.0627468061	0.0606810639	0.05782670860000001	0.054220835300000006	0.049910306200000004	0.015410399999999998	0.02359905	0.0002374804281599999	0.0005569151609024998	-0.00129758	0.017471120000000003	0.00030524003405440017	1.6837138564e-06	0.00604196	-0.03063644	3.65052806416e-05	0.0009385914558736	-0.000919476	-0.0010081981	1.0164634088436105e-06	8.45436114576e-07	0.000228707	-0.0004915990000000001	5.2306891849000004e-08	2.416695768010001e-07	-0.000186939	-7.516600000000002e-05	5.6499275560000036e-09	3.4946189720999995e-08	0.0	0.0	0.0	0.0	0.0	0.0	0.0	0.0	0.0	0.0	0.0	0.0	0.0	0.0	0.0	0.0	0.0	0.0	0.0	0.0	0.0	0.0	0.0	0.0	0.0	0.0	0.0	0.0	0.0	0.0	0.0	0.0	0.0	0.0	0.0	0.0	0.0	0.0	0.0	0.0	0.0	0.0	0.0	0.0	0.0	0.0	0.0	0.0	0.0	0.0	0.0	0.0	0.0	0.0	0.0	0.0	0.0	0.0	0.0	0.0	0.0	0.0	0.0	0.0	0.0	0.0	0.0	0.0	0.0	0.0	0.0	0.0	0.0	0.0	0.0	0.0	0.0	0.0	0.0	0.0	0.0	0.0	0.0	0.0	0.0	0.0	0.0	0.0	0.0	0.0	0.0	0.0	0.0	0.0	0.0	0.0	0.0	0.0	0.0	0.0	0.0	0.0	0.0	0.1906440439	-0.1056497787	0.5941437509	0.6888751396	0.2078994683	0.6676334953	0.06272108544	0.0207636501	-0.03799264018	0.4211048092	-0.1000168581	-0.2908566604	-1.064355932	-1.721242989	-0.2706142342	0.6642119705	0.8179302108	-0.5362243111	0.05566568894	0.2516836482	0.1386519863	-0.6043320874	-0.09368900986	-0.07344595631	-1.204466683	0.757337993	1.439433523	0.7119089381	-1.212030272	-0.08552266353	0.3408874274	0.9410852415	-0.2789587882	0.7685704464
8909.936592304926	0.24004202606920444	79386970.07889432	0.057620174279408624	7370.970144198804	-61.96500529837068	3839.6618816271052	54331200.86667013	7827.006726615902	-9.88415171693032	61262034.29849058	97.69645516329656	7791.995765411883	11148.990595379444	0.67296	28.770065	0.25808039	0.164416	-0.0289801595	0.0189180844	-0.0703907584	0.0156125909	0.0190403437	0.0741308022	0.0425532283	0.0375120475	-0.0238290455	-0.0338667987	-0.0304296987	0.004803551	-0.040541715	0.041978750499999995	-0.0337293527	-0.030838831299999998	-0.0029888194	-0.0377938113	0.0487364542	0.0639479444	0.0625515817	0.0602468524	0.0570672255	0.053058875199999994	0.048280010199999994	0.00999244	-0.005417959999999998	9.98488571536e-05	2.9354290561599968e-05	-0.123003	-0.12170542	0.0148122092573764	0.015129738008999999	-0.0116892	-0.01773116	0.00013663739663999998	0.0003143940349456	0.000966619	0.001886095	3.557354349025e-06	9.343522911609998e-07	0.000604455	0.00037574800000000013	3.653658470250001e-07	1.4118655950400006e-07	-0.000189613	-2.6739999999999815e-06	7.150275999999902e-12	3.5953089768999994e-08	0.0	0.0	0.0	0.0	0.0	0.0	0.0	0.0	0.0	0.0	0.0	0.0	0.0	0.0	0.0	0.0	0.0	0.0	0.0	0.0	0.0	0.0	0.0	0.0	0.0	0.0	0.0	0.0	0.0	0.0	0.0	0.0	0.0	0.0	0.0	0.0	0.0	0.0	0.0	0.0	0.0	0.0	0.0	0.0	0.0	0.0	0.0	0.0	0.0	0.0	0.0	0.0	0.0	0.0	0.0	0.0	0.0	0.0	0.0	0.0	0.0	0.0	0.0	0.0	0.0	0.0	0.0	0.0	0.0	0.0	0.0	0.0	0.0	0.0	0.0	0.0	0.0	0.0	0.0	0.0	0.0	0.0	0.0	0.0	0.0	0.0	0.0	0.0	0.0	0.0	0.0	0.0	0.0	0.0	0.0	0.0	0.0	0.0	0.0	0.0	0.0	0.0	0.0	0.3112646632	-0.2395072411	0.468451933	0.5379474086	0.1232533928	0.4200098047	-0.1677772377	-0.1877506645	0.2143736587	-0.2916550367	0.4902742461	-0.2035018465	-1.091838206	-1.465441169	-0.5911457658	0.3896014925	0.4134801428	-0.08749119345	0.04913895871	0.4788276099	0.7626281517	-0.195997917	-0.2941571908	-0.5626478423	-1.169283303	-0.8637671224	1.599185489	1.036131178	-1.078829757	0.3571041769	0.1062516239	0.741485412	-0.1593629073	1.081892279
8917.533601285351	7.597008980425016	79522405.53005329	57.71454544865835	7434.879912421044	63.90976822224002	4084.45847422044	55277439.31212194	7841.530230212244	14.523503596341472	61489596.35133249	210.93215671294362	7805.701137746665	11143.795386319292	0.6044510000000001	25.841185	0.32261144	0.184944	-0.0302903331	0.012840723200000001	-0.0657343862	0.0232149953	0.0455178818	0.048667099500000005	0.0082065711	0.044355514000000006	-0.0168626251	-0.041741853599999997	-0.0260865606	-0.0006200623	-0.0447799454	0.029406647200000007	-0.0417624503	-0.0264380569	0.0018436080999999999	-0.0436404984	0.0348712277	0.06389608349999999	0.0623457281	0.059789606900000014	0.0562689553	0.0518405688	0.046575886500000004	0.0197958	0.00980336	0.00039187369764	9.610586728959998e-05	0.00526034	0.12826334	0.0164514843879556	2.7671176915599995e-05	0.034603300000000004	0.0462925	0.0011973883708900005	0.00214299555625	-0.000959221	-0.00192584	3.7088597055999984e-06	9.20104926841e-07	-8.554209999999998e-05	-0.0006899971000000001	7.317450872409996e-09	4.7609599800841005e-07	-4.04053e-05	0.0001492077	2.2262937739289998e-08	1.6325882680900007e-09	0.0	0.0	0.0	0.0	0.0	0.0	0.0	0.0	0.0	0.0	0.0	0.0	0.0	0.0	0.0	0.0	0.0	0.0	0.0	0.0	0.0	0.0	0.0	0.0	0.0	0.0	0.0	0.0	0.0	0.0	0.0	0.0	0.0	0.0	0.0	0.0	0.0	0.0	0.0	0.0	0.0	0.0	0.0	0.0	0.0	0.0	0.0	0.0	0.0	0.0	0.0	0.0	0.0	0.0	0.0	0.0	0.0	0.0	0.0	0.0	0.0	0.0	0.0	0.0	0.0	0.0	0.0	0.0	0.0	0.0	0.0	0.0	0.0	0.0	0.0	0.0	0.0	0.0	0.0	0.0	0.0	0.0	0.0	0.0	0.0	0.0	0.0	0.0	0.0	0.0	0.0	0.0	0.0	0.0	0.0	0.0	0.0	0.0	0.0	0.0	0.0	0.0	0.0	0.1745117616	-0.1750532665	0.5559100586	0.7564124876	0.2287404153	0.5131367212	0.07137142784	-0.05815031171	-0.06961974506	0.7596094778	-0.08274349629	-0.2666656311	-1.113140926	-1.742618626	-0.2963847917	0.4585977803	0.7977281318	-0.5758707308	-0.04689559496	0.2058834421	0.007734727892	-0.3473615484	-0.1170784161	-0.0838696418	-1.228761856	-0.9045287174	1.389968962	0.8944803075	-0.6502532527	-0.1222775024	0.7516525766	1.122338194	-0.3428350722	1.177160794
8924.515079443298	6.981478157946185	79646969.40321079	48.741037269879655	7384.39311367603	-50.4867987450134	2548.916847519487	54529261.65730598	7834.580899952025	-6.9493302602186295	61380657.87789308	48.29319106559034	7797.713622190992	11322.086058378465	0.625663	26.748028	0.136266615	0.0696073	-0.0292310952	0.0331951324	-0.0733356139	0.0162915272	0.020236493300000002	0.0755476663	0.025193654	0.0286482811	-0.0314404033	-0.0374690854	-0.0307533517	-0.0011847098	-0.037602361699999996	0.0304348483	-0.037135544300000004	-0.0315667157	0.001905939	-0.036693406	0.0341219143	0.0638415083	0.062129280499999995	0.059309502199999996	0.0554324405	0.0505672099	0.0448005407	0.00133345	-0.01846235	1.7780889024999997e-06	0.00034085836752249994	-0.0190376	-0.02429794	0.0005903898882435997	0.00036243021376	0.0204161	-0.01418720000000001	0.0004168171392099999	0.00020127664384000018	-1.18858e-05	0.0009473352	8.9744398115904e-07	1.4127224163999997e-10	-8.554209999999998e-05	0.0	7.317450872409996e-09	0.0	0.0005986419999999999	0.0006390472999999999	4.083814516372899e-07	3.5837224416399996e-07	0.0	0.0	0.0	0.0	0.0	0.0	0.0	0.0	0.0	0.0	0.0	0.0	0.0	0.0	0.0	0.0	0.0	0.0	0.0	0.0	0.0	0.0	0.0	0.0	0.0	0.0	0.0	0.0	0.0	0.0	0.0	0.0	0.0	0.0	0.0	0.0	0.0	0.0	0.0	0.0	0.0	0.0	0.0	0.0	0.0	0.0	0.0	0.0	0.0	0.0	0.0	0.0	0.0	0.0	0.0	0.0	0.0	0.0	0.0	0.0	0.0	0.0	0.0	0.0	0.0	0.0	0.0	0.0	0.0	0.0	0.0	0.0	0.0	0.0	0.0	0.0	0.0	0.0	0.0	0.0	0.0	0.0	0.0	0.0	0.0	0.0	0.0	0.0	0.0	0.0	0.0	0.0	0.0	0.0	0.0	0.0	0.0	0.0	0.0	0.0	0.0	0.0	0.0	0.3237453723	-0.2092616662	0.4374521298	0.645348529	0.137584995	0.6118594956	0.1361040237	0.09508810777	0.3543641006	-0.2783333703	0.6995934133	-0.1012354309	-0.994936367	-1.515208346	-0.3578338365	0.3965307601	0.671888587	0.06001800096	0.2463428926	0.6678502835	1.189432255	-0.289095001	-0.1916548584	-0.3511075311	-1.065002924	-0.9305235891	1.396350036	1.120809925	-0.1018144154	0.3389426846	0.1427499457	1.747177837	0.1131141781	0.8700226673
8902.222250413124	-22.29282903017338	79249560.9957505	496.97022616854105	7413.658929832945	29.26581615691521	856.4879953303592	54962338.72789177	7843.2182896236645	8.637389671639541	61516073.13868716	74.60450033974539	7807.531240906243	11143.487509685332	0.675497	28.878511	0.236085575	0.123217	-0.030785186699999998	0.0121927763	-0.07459014280000001	0.0212977393	0.0343276682	0.0479075401	-0.018293079099999998	0.018726628999999998	-0.027539000499999997	-0.04251766	-0.0246125131	0.0015810239	-0.04797411	0.0239159919	-0.0421772516	-0.024913537799999996	-0.0012431866999999999	-0.04815667269999999	0.025919880299999996	0.0637842209	0.0619022754	0.058806722	0.0545582497	0.0492401508	0.042956687800000004	0.00576253	0.00442908	3.32067520009e-05	1.96167496464e-05	-0.095705	-0.0766674	0.00587789022276	0.009159447025	-0.016831799999999997	-0.0372479	0.00028330949123999994	0.0013874060544099994	0.00105125	0.0010631358	1.1302577292416402e-06	1.1051265625000002e-06	0.000248192	0.00033373409999999995	6.1599268864e-08	1.1137844950280995e-07	-0.000359312	-0.000957954	9.176758661159998e-07	1.2910511334400001e-07	0.0	0.0	0.0	0.0	0.0	0.0	0.0	0.0	0.0	0.0	0.0	0.0	0.0	0.0	0.0	0.0	0.0	0.0	0.0	0.0	0.0	0.0	0.0	0.0	0.0	0.0	0.0	0.0	0.0	0.0	0.0	0.0	0.0	0.0	0.0	0.0	0.0	0.0	0.0	0.0	0.0	0.0	0.0	0.0	0.0	0.0	0.0	0.0	0.0	0.0	0.0	0.0	0.0	0.0	0.0	0.0	0.0	0.0	0.0	0.0	0.0	0.0	0.0	0.0	0.0	0.0	0.0	0.0	0.0	0.0	0.0	0.0	0.0	0.0	0.0	0.0	0.0	0.0	0.0	0.0	0.0	0.0	0.0	0.0	0.0	0.0	0.0	0.0	0.0	0.0	0.0	0.0	0.0	0.0	0.0	0.0	0.0	0.0	0.0	0.0	0.0	0.0	0.0	0.2437880084	-0.2630057951	0.5444161245	0.7504522452	0.2152900323	0.3662636452	0.24604892	-0.1781004111	-0.2595241276	0.7844557178	-0.1501278825	-0.2526351245	-1.130401592	-1.832640259	-0.2914482063	0.5739634446	1.018973007	-0.5759309096	0.1660951142	0.2401687048	0.01685505556	-0.4491123895	-0.06397563181	0.4632990333	-1.241705113	-1.030027095	1.122804339	0.8871452169	0.6003806385	-0.3135152596	0.8393099016	0.9677225302	0.2479591072	0.5275872874
8899.743859532971	-2.4783908801528014	79205440.76529483	6.142421354824577	7374.159307471742	-39.499622361203365	1560.2201666776766	54378225.49197213	7830.235467887683	-12.982821735981815	61312587.48256624	168.55366022828187	7793.426908982835	11267.976539258967	0.722259	30.877691	0.37801235	0.20648	-0.0274419327	0.0279994061	-0.0780508564	0.0091333882	0.0161662383	0.06844720559999999	0.0085029199	0.015157798899999997	-0.0364225747	-0.0339800537	-0.0318844404	-0.0025922784	-0.028010393300000002	0.0305924391	-0.03337064	-0.032627223399999995	0.0036479313	-0.0285400635	0.0326072741	0.0637242239	0.06166475160000001	0.0582814584	0.0536469771	0.0478608008	0.0410471473	-0.00988702	-0.015649549999999998	9.77531644804e-05	0.00024490841520249994	0.05143430000000001	0.14713929999999997	0.021649973604490003	0.002645487216490001	0.0467471	0.0635789	0.00218529135841	0.00404227652521	-0.0007291049999999999	-0.001780355	3.169663926025e-06	5.315941010249998e-07	-0.0008217910000000001	-0.001069983	6.753404476810002e-07	1.144863620289e-06	-0.000176758	0.000182554	3.332596291599998e-08	3.1243390564e-08	0.0	0.0	0.0	0.0	0.0	0.0	0.0	0.0	0.0	0.0	0.0	0.0	0.0	0.0	0.0	0.0	0.0	0.0	0.0	0.0	0.0	0.0	0.0	0.0	0.0	0.0	0.0	0.0	0.0	0.0	0.0	0.0	0.0	0.0	0.0	0.0	0.0	0.0	0.0	0.0	0.0	0.0	0.0	0.0	0.0	0.0	0.0	0.0	0.0	0.0	0.0	0.0	0.0	0.0	0.0	0.0	0.0	0.0	0.0	0.0	0.0	0.0	0.0	0.0	0.0	0.0	0.0	0.0	0.0	0.0	0.0	0.0	0.0	0.0	0.0	0.0	0.0	0.0	0.0	0.0	0.0	0.0	0.0	0.0	0.0	0.0	0.0	0.0	0.0	0.0	0.0	0.0	0.0	0.0	0.0	0.0	0.0	0.0	0.0	0.0	0.0	0.0	0.0	0.3583910038	-0.2100088428	0.4361109987	0.6396250783	0.0895873397	0.5337929701	-0.2207294275	-0.01240578853	0.486571556	-0.2851349805	0.7488103093	-0.1216066783	-0.9840183092	-1.342610132	-0.4638382955	0.3761860522	0.2333738733	-0.004781976983	0.2181659772	0.8614105295	1.20128996	-0.2306767429	-0.2487579887	-0.5954733027	-0.9555071829	-1.428667904	1.325856479	1.243474601	0.6483008103	0.76007852	0.1001993134	1.229856058	-0.1509167905	-0.06926517216
8895.022046453207	-4.721813079764615	79121417.20688859	22.295518760236202	7460.745129654255	86.58582218251286	7497.104603021736	55662717.88965969	7840.627551165572	10.392083277889471	61475440.39609664	107.99539485458992	7804.30421751325	11022.86039274398	0.8021749999999999	34.294189	0.32316024	0.173209	-0.0233145566	0.011453582	-0.0747760602	0.025548001299999998	0.0534870597	0.040749141	-0.0336377528	0.0051718451	-0.023066689799999998	-0.043193269900000004	-0.023452110099999996	0.0002351807	-0.056061864	0.0019015032	-0.042684210300000004	-0.0241517448	-0.0002395982	-0.0575701829	0.0039387226	0.06366151980000001	0.0614167493	0.057733912199999994	0.052699241900000006	0.0464306245	0.0390748391	-0.00314215	0.00674487	9.8731066225e-06	4.54932713169e-05	-0.042478	-0.0939123	0.00881952009129	0.0018043804839999995	-0.00983788	-0.05658498	9.67838828944e-05	0.0032018599616004	0.000819898	0.0015490029999999998	2.3994102940089994e-06	6.72232730404e-07	0.000858186	0.001679977	7.364832105960002e-07	2.822322720529e-06	-8.737620000000001e-05	8.938179999999999e-05	7.989106171240001e-09	7.634600326440003e-09	0.0	0.0	0.0	0.0	0.0	0.0	0.0	0.0	0.0	0.0	0.0	0.0	0.0	0.0	0.0	0.0	0.0	0.0	0.0	0.0	0.0	0.0	0.0	0.0	0.0	0.0	0.0	0.0	0.0	0.0	0.0	0.0	0.0	0.0	0.0	0.0	0.0	0.0	0.0	0.0	0.0	0.0	0.0	0.0	0.0	0.0	0.0	0.0	0.0	0.0	0.0	0.0	0.0	0.0	0.0	0.0	0.0	0.0	0.0	0.0	0.0	0.0	0.0	0.0	0.0	0.0	0.0	0.0	0.0	0.0	0.0	0.0	0.0	0.0	0.0	0.0	0.0	0.0	0.0	0.0	0.0	0.0	0.0	0.0	0.0	0.0	0.0	0.0	0.0	0.0	0.0	0.0	0.0	0.0	0.0	0.0	0.0	0.0	0.0	0.0	0.0	0.0	0.0	0.1928332562	-0.232770949	0.5198413317	0.745925226	0.159124029	0.7084484282	0.3930085766	-0.08377745502	-0.4316697101	0.9383859033	-0.2586304112	-0.2885361936	-1.029827036	-2.041964552	-0.1559266775	0.5090297526	1.077871083	-0.7520351355	-0.4052180587	0.2739495991	-0.1821813886	-0.6688217744	-0.05914802356	0.6470771442	-1.458009838	-0.5960680558	1.027216815	0.5786856713	1.478952488	-0.4824052975	0.9990641617	0.4841841903	0.06023910359	0.2186158256
8885.617626568557	-9.404419884649542	78954200.60558584	88.4431133667917	7317.123860850234	-143.62126880402047	20627.068852876702	53540301.59502384	7826.018688631079	-14.6088625344928	61246568.51480292	213.41886455170743	7788.124565425408	11079.70709551569	0.8870110000000001	37.921062	0.17166124849999995	0.08174729999999998	-0.0228207901	0.0242577837	-0.0800604464	0.0063662952	0.0103974039	0.0778667165	0.008322359	-0.0102471064	-0.0326223313	-0.031464277799999996	-0.0299405883	0.0029044634	-0.0249103916	0.026842275	-0.0306616111	-0.0308518152	-0.0033691831	-0.0266946567	0.0248938665	0.0635961111	0.0611583107	0.057164292900000004	0.0517156884	0.04495114099999999	0.0370427793	-3.79115e-05	0.0031042385	1.4372818322499998e-09	9.63629666488225e-06	-0.106708	-0.06423000000000001	0.0041254929000000004	0.011386597264	-0.040194699999999986	-0.030356819999999993	0.0016156139080899994	0.0009215365205123996	0.000379792	-0.0004401060000000001	1.936932912360001e-07	1.4424196326399995e-07	0.000357411	-0.0005007750000000001	1.2774262292099998e-07	2.507756006250001e-07	-0.000625899	-0.0005385228	2.9000680611984e-07	3.91749558201e-07	0.0	0.0	0.0	0.0	0.0	0.0	0.0	0.0	0.0	0.0	0.0	0.0	0.0	0.0	0.0	0.0	0.0	0.0	0.0	0.0	0.0	0.0	0.0	0.0	0.0	0.0	0.0	0.0	0.0	0.0	0.0	0.0	0.0	0.0	0.0	0.0	0.0	0.0	0.0	0.0	0.0	0.0	0.0	0.0	0.0	0.0	0.0	0.0	0.0	0.0	0.0	0.0	0.0	0.0	0.0	0.0	0.0	0.0	0.0	0.0	0.0	0.0	0.0	0.0	0.0	0.0	0.0	0.0	0.0	0.0	0.0	0.0	0.0	0.0	0.0	0.0	0.0	0.0	0.0	0.0	0.0	0.0	0.0	0.0	0.0	0.0	0.0	0.0	0.0	0.0	0.0	0.0	0.0	0.0	0.0	0.0	0.0	0.0	0.0	0.0	0.0	0.0	0.0	0.4280299801	-0.2368878557	0.4328118385	0.4833228352	0.1086156008	0.3240311889	-0.4525549479	-0.2038103402	0.5118795796	-0.6136475601	0.8583926125	0.009303234386	-1.161863901	-1.507574749	-0.5234224855	0.2760064784	0.1689281796	0.2970701962	-0.3008489943	0.9210370959	1.292132082	-0.1590431251	-0.2393073999	-0.7994340943	-1.149560268	-0.845891704	1.312597401	1.173708088	0.8822213656	0.5560308159	-0.09711278419	-0.82011492	0.05462481243	-0.9867562519
8905.05754026965	19.439913701093246	79300049.79551336	377.9102447059529	7460.799778455369	143.6759176051346	20642.769299677428	55663533.33419968	7837.952115936486	11.93342730540644	61433493.37171324	142.40668725342	7802.547576931042	10956.218258786175	1.035213	44.256924	0.3859757385	0.210903	-0.0218045063	0.008650877900000001	-0.0701316778	0.0168758675	0.0706223193	0.0183964634	-0.0539462142	-0.0072493442000000005	-0.042868574900000005	-0.0400542051	-0.0193216231	0.0062772598	-0.05080252389999999	-0.0093014642	-0.039687699999999985	-0.019529137	-0.0074333696	-0.0533253763	-0.011657640700000001	0.0635280008	0.0608894797	0.0565728181	0.050696985099999994	0.0434239212	0.034954075099999996	-0.011295800000000002	-0.011257888500000002	0.00012759509764000005	0.0001267400534784323	0.0623523	0.1690603	0.028581385036090003	0.00388780931529	0.0297089	0.06990360000000001	0.00088261873921	0.00488651329296	-0.000919568	-0.00129936	1.6883364096e-06	8.456053066240002e-07	0.0010066	0.0006491890000000001	1.01324356e-06	4.214463577210001e-07	0.000140631	0.00076653	5.875682408999999e-07	1.9777078161e-08	0.0	0.0	0.0	0.0	0.0	0.0	0.0	0.0	0.0	0.0	0.0	0.0	0.0	0.0	0.0	0.0	0.0	0.0	0.0	0.0	0.0	0.0	0.0	0.0	0.0	0.0	0.0	0.0	0.0	0.0	0.0	0.0	0.0	0.0	0.0	0.0	0.0	0.0	0.0	0.0	0.0	0.0	0.0	0.0	0.0	0.0	0.0	0.0	0.0	0.0	0.0	0.0	0.0	0.0	0.0	0.0	0.0	0.0	0.0	0.0	0.0	0.0	0.0	0.0	0.0	0.0	0.0	0.0	0.0	0.0	0.0	0.0	0.0	0.0	0.0	0.0	0.0	0.0	0.0	0.0	0.0	0.0	0.0	0.0	0.0	0.0	0.0	0.0	0.0	0.0	0.0	0.0	0.0	0.0	0.0	0.0	0.0	0.0	0.0	0.0	0.0	0.0	0.0	0.1440588668	-0.1647736382	0.6005511895	0.7556208577	0.2694633183	0.7108784266	0.3040216648	-0.05014236342	-0.540694341	1.288717254	-0.4430981924	-0.4086608192	-1.035139075	-2.183713374	-0.009770169457	0.2978007624	1.054128793	-1.157947281	-0.7417138553	0.373722952	-0.6953129529	-0.5809652736	-0.03933853879	0.7822369009	-1.546506732	0.1485050901	0.9833720355	0.6081096603	1.375563043	-0.4023197816	1.435986872	-0.9657380716	-0.02099921866	-0.6019473495
8893.575846514224	-11.481693755426024	79095691.3377012	131.82929149338892	7297.502242457614	-163.2975359977554	26666.085262938217	53253538.9786739	7809.464336865475	-28.487779071010667	60987733.22877371	811.5535563987132	7772.51026267905	11158.191002589949	1.253537	53.59060699999999	0.32194883	0.188626	-0.0166560246	0.0354821946	-0.0750807225	0.0027283246	0.0035164236	0.0877151268	0.0361717852	-0.027480857999999997	-0.0370261572	-0.0236206882	-0.027093421200000002	0.0017230681	-0.022639391800000002	0.0355944677	-0.0231275525	-0.0276861515	-0.0024500009	-0.023754278700000003	0.0309084869	0.0634571917	0.0606103021	0.0559597141	0.0496438243	0.041850587	0.0328119206	-0.00363117	0.007664630000000001	1.31853955689e-05	5.8746553036900024e-05	-0.08085939999999997	-0.14321169999999994	0.02050959101688999	0.006538242568359995	-0.05896990000000001	-0.0886788	0.003477449106010001	0.007863929569439999	0.000159619	0.001079187	1.1646445809690002e-06	2.5478225161000003e-08	0.0007587339999999997	-0.00024786600000000034	5.756772827559996e-07	6.143755395600018e-08	-0.00018019	-0.000320821	1.02926114041e-07	3.24684361e-08	0.0	0.0	0.0	0.0	0.0	0.0	0.0	0.0	0.0	0.0	0.0	0.0	0.0	0.0	0.0	0.0	0.0	0.0	0.0	0.0	0.0	0.0	0.0	0.0	0.0	0.0	0.0	0.0	0.0	0.0	0.0	0.0	0.0	0.0	0.0	0.0	0.0	0.0	0.0	0.0	0.0	0.0	0.0	0.0	0.0	0.0	0.0	0.0	0.0	0.0	0.0	0.0	0.0	0.0	0.0	0.0	0.0	0.0	0.0	0.0	0.0	0.0	0.0	0.0	0.0	0.0	0.0	0.0	0.0	0.0	0.0	0.0	0.0	0.0	0.0	0.0	0.0	0.0	0.0	0.0	0.0	0.0	0.0	0.0	0.0	0.0	0.0	0.0	0.0	0.0	0.0	0.0	0.0	0.0	0.0	0.0	0.0	0.0	0.0	0.0	0.0	0.0	0.0	0.5368067962	-0.2111846201	0.3657314532	0.3790323848	0.1241434004	0.4777326572	-0.5897024312	-0.1206115181	0.7124757184	-1.321506489	0.9986764444	0.07806420834	-1.001811004	-1.32958363	-0.6024221119	0.3449626809	0.09159774027	0.5438328876	-0.2621856423	0.9939315643	2.187556008	-0.02391427409	-0.4264069774	-1.15132782	-1.048849759	0.3666187014	1.651020891	1.390620324	0.4999909759	0.7007427256	-0.792992194	-1.000776297	-0.06091654942	-1.002032398
8945.427155681502	51.85130916727758	80020666.99760404	2688.5582623606037	7575.092275806181	277.59003334856794	77056.22661445902	57382022.98697847	7867.2963547648915	57.83201789941632	61894351.93369695	3344.542294318409	7831.094143706179	10825.60986789182	1.7811009999999998	76.14477499999998	0.19431182	0.0866345	-0.0207160616	-0.0018802266	-0.0662231224	0.013192221	0.1121933518	-0.0231024641	-0.0614169468	-0.028535431200000006	-0.0154716429	-0.053487559000000004	-0.0210753038	0.0243269165	-0.05570063150000002	-0.026055927000000003	-0.053354794500000004	-0.0209222625	-0.025218022000000003	-0.0572405685	-0.0253587061	0.06338368679999999	0.060320825099999996	0.0553252151	0.0485569219	0.0402328093	0.0306195914	0.0199601	0.02359127	0.0003984055920100001	0.0005565480202129001	-0.13414000000000004	-0.05328060000000007	0.002838822336360007	0.01799353960000001	-0.005017100000000001	0.0539528	2.517129241000001e-05	0.00291090462784	0.00113717	0.000977551	9.556059576010005e-07	1.2931556089e-06	0.000470787	-0.00028794699999999977	2.2164039936900001e-07	8.291347480899987e-08	-0.000175945	4.2449999999999975e-06	1.802002499999998e-11	3.0956643025e-08	1.0	0.0	0.0	0.0	0.0	0.0	0.0	0.0	0.0	0.0	0.0	0.0	0.0	0.0	0.0	0.0	0.0	0.0	0.0	0.0	0.0	0.0	0.0	0.0	0.0	0.0	0.0	0.0	0.0	0.0	0.0	0.0	0.0	0.0	0.0	0.0	0.0	0.0	0.0	0.0	0.0	0.0	0.0	0.0	0.0	0.0	0.0	0.0	0.0	0.0	0.0	0.0	0.0	0.0	0.0	0.0	0.0	0.0	0.0	0.0	0.0	0.0	0.0	0.0	0.0	0.0	0.0	0.0	0.0	0.0	0.0	0.0	0.0	0.0	0.0	0.0	0.0	0.0	0.0	0.0	0.0	0.0	0.0	0.0	0.0	0.0	0.0	0.0	0.0	0.0	0.0	0.0	0.0	0.0	0.0	0.0	0.0	0.0	0.0	0.0	0.0	0.0	0.0	0.016646886	-0.2145037105	0.6746250897	0.8497035297	0.3350992529	0.6946148	0.9414513905	-0.2180228079	-1.190445495	2.006168531	-0.8883970161	-0.7295866511	-1.002195229	-2.433494204	0.5082342984	-0.01175347325	1.519527215	-1.594409855	-0.7489212515	-0.03024569772	-1.951656393	-0.7588657036	0.1028009804	2.057556151	-1.769812094	1.406101527	0.9256538867	0.3017995504	-0.5623230064	-1.041160732	1.866976932	-1.712409835	0.9908426326	0.1313701522
8524.228881423818	-421.1982742576838	72662478.02289996	177407.98623765106	6823.053607047872	-752.0386687583094	565562.1593077704	46554060.52464898	7521.4482178938115	-345.84813687108004	56572183.294458	119610.93377719726	7481.815642802367	9028.99944171533	4.138896	176.94409199999996	3.5537797500000003	1.87114	0.1637443817	-0.053805702000000004	0.0045022898	0.0201065456	-0.203371143	0.021045570099999997	0.17443077850000002	-0.1240085876	-0.1327717784	0.12750859650000002	-0.012595086399999999	-0.0301853025	0.0224648756	0.0838768304	0.12846342189999999	-0.0131668847	0.0301689084	0.0237105709	0.0760715894	0.06330748929999999	0.06002109820000001	0.054669563899999996	0.0474370166	0.038572306	0.028380439900000002	0.0264008	0.006440699999999997	0.00069700224064	4.148261648999996e-05	-0.8128920000000001	-0.678752	0.460704277504	0.6607934036640001	1.7569400000000002	1.7619571000000005	3.0868381636000004	3.104492822240411	0.0145154	0.01337823	0.0001789770379329	0.00021069683716	-0.00748106	-0.007951847	5.59662587236e-05	6.3231870711409e-05	-0.000978467	-0.000802522	6.440415604839999e-07	9.57397670089e-07	0.0	1.0	0.0	0.0	0.0	0.0	0.0	0.0	0.0	0.0	0.0	0.0	0.0	0.0	0.0	0.0	0.0	0.0	0.0	0.0	0.0	0.0	0.0	0.0	0.0	0.0	0.0	0.0	0.0	0.0	0.0	0.0	0.0	0.0	0.0	0.0	0.0	0.0	0.0	0.0	0.0	0.0	0.0	0.0	0.0	0.0	0.0	0.0	0.0	0.0	0.0	0.0	0.0	0.0	0.0	0.0	0.0	0.0	0.0	0.0	0.0	0.0	0.0	0.0	0.0	0.0	0.0	0.0	0.0	0.0	0.0	0.0	0.0	0.0	0.0	0.0	0.0	0.0	0.0	0.0	0.0	0.0	0.0	0.0	0.0	0.0	0.0	0.0	0.0	0.0	0.0	0.0	0.0	0.0	0.0	0.0	0.0	0.0	0.0	0.0	0.0	0.0	0.0	1.586504702	-1.051461108	-2.345857992	-1.499649763	-1.822140753	-0.8068682229	-2.880306839	-0.5255561826	-0.8250796842	-4.2449013	1.260329057	3.608073204	0.7254435501	2.316176519	-2.669674782	2.040633163	-2.842947283	-1.139338439	-2.216335727	2.861996929	6.322591184	1.502700928	-0.5894761646	-1.893034713	1.035569587	-0.2974204725	2.40990794	1.993607026	-1.45076123	3.208312565	-4.706519715	-2.016305616	4.251695652	-0.6503307365
7743.761587163207	-780.4672942606113	59965843.51882443	609129.1974104794	6800.1848445811165	-22.868762466755467	522.9802967608838	46242513.92047071	7163.07756011703	-358.3706577767816	51309680.13225214	128429.52835536313	7125.221445710486	7159.068457294709	5.811367	248.444778	2.07441515	0.978474	0.19882838600000002	-0.2860552024	0.1227900207	0.1246555712	-0.2181926277	0.08461346460000001	-0.3344320961	0.1333123799	0.07584467610000001	0.2832350651	-0.0306208421	-0.1652930023	-0.23813065460000002	0.017981285	0.2847448179	-0.0314921465	0.1650575216	-0.2329791839	0.0293413546	0.0632286023	0.059711172	0.0539930111	0.0462848695	0.0368708406	0.0260978903	-0.163965	-0.1903658	0.026884521225	0.03623913780964	-1.08765	-0.27475799999999995	0.07549195856399997	1.1829825225	2.70115	0.94421	7.2962113225	0.8915325241	0.0203178	0.005802400000000001	3.366784576000001e-05	0.00041281299683999995	-0.0018298	0.00565126	3.34816804e-06	3.19367395876e-05	0.0008695	0.001847967	3.414982033089e-06	7.560302500000002e-07	0.0	0.0	1.0	0.0	0.0	0.0	0.0	0.0	0.0	0.0	0.0	0.0	0.0	0.0	0.0	0.0	0.0	0.0	0.0	0.0	0.0	0.0	0.0	0.0	0.0	0.0	0.0	0.0	0.0	0.0	0.0	0.0	0.0	0.0	0.0	0.0	0.0	0.0	0.0	0.0	0.0	0.0	0.0	0.0	0.0	0.0	0.0	0.0	0.0	0.0	0.0	0.0	0.0	0.0	0.0	0.0	0.0	0.0	0.0	0.0	0.0	0.0	0.0	0.0	0.0	0.0	0.0	0.0	0.0	0.0	0.0	0.0	0.0	0.0	0.0	0.0	0.0	0.0	0.0	0.0	0.0	0.0	0.0	0.0	0.0	0.0	0.0	0.0	0.0	0.0	0.0	0.0	0.0	0.0	0.0	0.0	0.0	0.0	0.0	0.0	0.0	0.0	0.0	1.779581054	-2.773723279	-2.963003117	-2.322820511	-4.061216881	-0.9133331957	-6.373337795	-0.8425488743	-7.260597931	1.004123419	-3.804438011	1.211571407	0.9315856414	0.584332714	-1.203821339	1.333618536	-0.9444495152	-8.705173513	0.5709119231	2.570589733	6.609499712	3.185160214	-4.519688273	1.225946402	2.593353796	-1.350905912	4.020093771	3.396002483	-0.8595259238	-1.370047919	1.339878216	-1.414314148	0.02881253038	1.516558236
8692.031352444463	948.2697652812558	75551409.03187752	899215.547746568	7450.999262253782	650.8144176726655	423559.4062506107	55517390.00610641	7656.304855367199	493.22729525016894	58619004.03831934	243273.1647797973	7626.666266184749	10884.145770560066	6.729164	287.682007	7.3435324999999985	3.77069	-0.027674701	-0.068942238	0.1437700124	0.0747815122	0.057047059299999994	-0.0875691846	-0.11161397810000001	0.1326310164	-0.0010911285	0.0195345948	0.1582681246	-0.3586890532	-0.0002669252	-0.1258045326	0.0178403238	0.15737988519999999	0.35786634689999997	-0.0049054543	-0.1328636373	0.06314702929999999	0.0593910994	0.0532958153	0.0451012638	0.0351302199	0.0237754328	0.13799	0.30195500000000003	0.0190412401	0.09117682202499998	-1.77272	-0.6850700000000001	0.4693209049000001	3.1425361983999998	0.938837	-1.7623130000000002	0.8814149125690001	3.1057471099690015	-0.051321800000000015	-0.07163960000000001	0.005132232288160002	0.0026339271552400013	0.00998128	0.01181108	9.96259504384e-05	0.00013950161076639998	-0.00756371	-0.00843321	7.11190309041e-05	5.720970896410001e-05	0.0	0.0	0.0	1.0	0.0	0.0	0.0	0.0	0.0	0.0	0.0	0.0	0.0	0.0	0.0	0.0	0.0	0.0	0.0	0.0	0.0	0.0	0.0	0.0	0.0	0.0	0.0	0.0	0.0	0.0	0.0	0.0	0.0	0.0	0.0	0.0	0.0	0.0	0.0	0.0	0.0	0.0	0.0	0.0	0.0	0.0	0.0	0.0	0.0	0.0	0.0	0.0	0.0	0.0	0.0	0.0	0.0	0.0	0.0	0.0	0.0	0.0	0.0	0.0	0.0	0.0	0.0	0.0	0.0	0.0	0.0	0.0	0.0	0.0	0.0	0.0	0.0	0.0	0.0	0.0	0.0	0.0	0.0	0.0	0.0	0.0	0.0	0.0	0.0	0.0	0.0	0.0	0.0	0.0	0.0	0.0	0.0	0.0	0.0	0.0	0.0	0.0	0.0	-2.125046331	1.119208785	2.442168052	1.401841245	5.436610702	-0.6484054809	-2.818101598	-1.475889466	-3.346850664	3.004472429	-1.878091603	-2.257364239	-1.190877504	-1.658816386	1.790514675	-2.576292664	6.536869077	0.447307097	0.5792052567	-1.543876816	-4.010920436	-1.446500849	1.82230694	-1.605127312	2.89214594	1.326718702	-0.2819399205	1.581844576	-0.1536991065	0.3260232277	3.114487737	0.2277852049	-2.435015032	1.053900432
8845.19251906885	153.16116662438802	78237430.69939156	23458.34296174354	7072.443686627325	-378.55557562645663	143304.32383787792	50019459.70051471	7745.311601461824	89.00674609462477	59989851.80373912	7922.2008503530005	7708.748245546841	10875.09425120339	3.888349	166.232834	2.8884926	1.90762	0.0158582305	0.056518545	0.0845670998	0.018961967	-0.1157660742	-0.0068552281	0.0977410186	0.0020159010999999997	-0.0002770039	0.0245547666	0.0046874533	-0.06537648389999999	0.0967111299	0.0119845263	0.024544983599999997	0.0047263727	0.0660682211	0.09589690449999999	0.0047499615	0.0630627737	0.05906093480000001	0.0525782431	0.0438870039	0.033352292400000004	0.0214166188	0.07090439999999999	-0.06708560000000001	0.005027433939359999	0.0045004777273600005	-0.376695	1.396025	1.9488858006250005	0.141899123025	0.872346	-0.06649100000000008	0.760987543716	0.00442105308100001	-0.027186900000000003	0.024134900000000004	0.0005824933980100003	0.0007391275316100003	0.00821674	-0.0017645400000000004	6.75148162276e-05	3.1136014116000007e-06	-0.00628533	0.00127838	1.6342554244e-06	3.95053732089e-05	0.0	0.0	0.0	0.0	1.0	0.0	0.0	0.0	0.0	0.0	0.0	0.0	0.0	0.0	0.0	0.0	0.0	0.0	0.0	0.0	0.0	0.0	0.0	0.0	0.0	0.0	0.0	0.0	0.0	0.0	0.0	0.0	0.0	0.0	0.0	0.0	0.0	0.0	0.0	0.0	0.0	0.0	0.0	0.0	0.0	0.0	0.0	0.0	0.0	0.0	0.0	0.0	0.0	0.0	0.0	0.0	0.0	0.0	0.0	0.0	0.0	0.0	0.0	0.0	0.0	0.0	0.0	0.0	0.0	0.0	0.0	0.0	0.0	0.0	0.0	0.0	0.0	0.0	0.0	0.0	0.0	0.0	0.0	0.0	0.0	0.0	0.0	0.0	0.0	0.0	0.0	0.0	0.0	0.0	0.0	0.0	0.0	0.0	0.0	0.0	0.0	0.0	0.0	-0.4864409109	0.7790479734	0.4092022155	0.2429926256	1.985756594	-0.06439387035	-2.188096468	0.4191979712	1.55242379	-2.579157924	-3.668639543	-0.04914290426	-0.4363702163	-0.04059275227	-0.7252791955	0.3574347222	-2.160306651	1.462551954	0.77656174	1.520301217	2.117142122	1.563694102	2.371933452	1.675945286	0.09009939563	-0.8912166639	-0.8625505514	0.3763158561	-1.06899222	0.89186415	0.4885239663	0.0963593399	-1.265593828	-0.2704046779
8816.429694065937	-28.762825002913807	77729432.55040759	827.300102148244	7283.59238982505	211.14870319772493	44583.77486208092	53050718.10111739	7748.784420873488	3.4728194116642044	60043660.00117167	12.06047466603171	7714.714881729808	10734.291834220612	2.440072	104.316818	0.2932605000000001	0.151719	-0.0015834146	0.0586203471	0.0764172869	0.0809968326	-0.0132619546	-0.0513075547	-0.038123544700000005	0.016294913	0.070649817	0.010113648000000001	0.037912711	-0.004917085	0.0168421455	-0.0131055093	0.0094284937	0.0382425359	0.0065011537	0.019291346100000002	-0.0064284710999999994	0.062975839	0.05872073410000001	0.0518405688	0.0426429151	0.0315389461	0.0190250555	0.0650544	-0.005849999999999994	0.00423207495936	3.422249999999993e-05	-0.31997	0.056725000000000025	0.003217725625000003	0.1023808009	0.787844	-0.08450199999999998	0.620698168336	0.0071405880039999954	-0.0257372	0.0014497000000000015	2.1016300900000047e-06	0.00066240346384	0.007475159999999998	-0.0007415800000000021	5.5878017025599974e-05	5.499408964000032e-07	-0.00555294	0.0007323900000000003	5.363951121000004e-07	3.08351426436e-05	0.0	0.0	0.0	0.0	0.0	1.0	0.0	0.0	0.0	0.0	0.0	0.0	0.0	0.0	0.0	0.0	0.0	0.0	0.0	0.0	0.0	0.0	0.0	0.0	0.0	0.0	0.0	0.0	0.0	0.0	0.0	0.0	0.0	0.0	0.0	0.0	0.0	0.0	0.0	0.0	0.0	0.0	0.0	0.0	0.0	0.0	0.0	0.0	0.0	0.0	0.0	0.0	0.0	0.0	0.0	0.0	0.0	0.0	0.0	0.0	0.0	0.0	0.0	0.0	0.0	0.0	0.0	0.0	0.0	0.0	0.0	0.0	0.0	0.0	0.0	0.0	0.0	0.0	0.0	0.0	0.0	0.0	0.0	0.0	0.0	0.0	0.0	0.0	0.0	0.0	0.0	0.0	0.0	0.0	0.0	0.0	0.0	0.0	0.0	0.0	0.0	0.0	0.0	-1.317367489	0.5766098938	0.6672846849	0.907876177	0.753007176	1.810568119	1.780142302	-0.6774763401	-1.861013893	1.146217238	1.432417857	-1.269926088	-1.284686181	-0.4230084941	0.1461002846	-2.859195813	3.054100709	0.6258567394	0.3038991984	0.8641204996	-1.06614645	0.2473048102	-0.3287581418	0.8819436719	0.02048833107	-0.1327869711	-0.7963082921	-0.4985891656	-0.7819113237	1.048952823	2.083245609	2.020942276	-0.4742619234	0.6107337515
8693.957122745735	-122.4725713202024	75584890.45214128	14999.530725782062	7049.378277458029	-234.21411236702167	54856.25043187186	49693734.09869713	7681.018856169984	-67.7655647035035	58998050.66883885	4592.171759584721	7648.454010090005	10281.73450585235	3.663649	156.626602	1.7452471	1.01472	0.0424206988	-0.0354051165	0.1363631216	0.0561191447	-0.11696429039999999	-0.022819751699999998	0.068485142	-0.010389063	-0.0289337616	0.0538856951	0.006912164	0.0123372468	0.0884646998	0.0071398167	0.0535866787	0.0076915362	-0.0121517574	0.0881190152	0.00191208	0.062886229	0.0583705553	0.0510830745	0.041369842999999996	0.0296921069	0.0166043998	0.256101	0.1910466	0.06558772220100001	0.036498803371559994	-0.591785	-0.27181500000000003	0.07388339422500001	0.35020948622500003	0.922239	0.13439499999999993	0.8505247731209998	0.01806201602499998	-0.022324700000000003	0.003412499999999999	1.1645156249999992e-05	0.0004983922300900002	0.00864811	0.0011729500000000025	7.478980657210001e-05	1.3758117025000058e-06	-0.0239273	-0.01837436	0.0003376171054096	0.0005725156852899999	0.0	0.0	0.0	0.0	0.0	0.0	1.0	0.0	0.0	0.0	0.0	0.0	0.0	0.0	0.0	0.0	0.0	0.0	0.0	0.0	0.0	0.0	0.0	0.0	0.0	0.0	0.0	0.0	0.0	0.0	0.0	0.0	0.0	0.0	0.0	0.0	0.0	0.0	0.0	0.0	0.0	0.0	0.0	0.0	0.0	0.0	0.0	0.0	0.0	0.0	0.0	0.0	0.0	0.0	0.0	0.0	0.0	0.0	0.0	0.0	0.0	0.0	0.0	0.0	0.0	0.0	0.0	0.0	0.0	0.0	0.0	0.0	0.0	0.0	0.0	0.0	0.0	0.0	0.0	0.0	0.0	0.0	0.0	0.0	0.0	0.0	0.0	0.0	0.0	0.0	0.0	0.0	0.0	0.0	0.0	0.0	0.0	0.0	0.0	0.0	0.0	0.0	0.0	-0.8436958085	0.4206856885	0.08347195002	0.420251562	-0.2573038001	-0.2957269333	-2.051036643	0.4280455544	1.523981156	-1.0749922	-6.922703552	1.340095966	-0.2833356909	0.07569001496	-1.617489484	4.404288911	-1.236590128	-0.7518643431	-0.2846835598	-2.067723307	1.354073838	0.2499707318	2.290773168	1.776001115	-1.368445795	-0.482939798	-0.5514283495	-0.8066434131	1.529570202	-2.160857629	-0.6805931429	0.04047009538	0.8953773921	2.871982836
8609.74542526	-84.21169748573448	74127716.2877855	7091.609993428859	7137.055823013629	87.67754555560076	7687.351994654448	50937565.82081275	7602.709657594689	-78.30919857529534	57801194.13768356	6132.330581505038	7569.397066589409	9845.194976610614	2.889031	123.510506	1.1732535	0.564764	0.0541825851	-0.1079773253	0.0879338958	-0.0122474149	-0.08995871820000001	-0.07931272219999999	-0.0026184476999999997	-0.0707424663	-0.0257286204	0.0897876464	0.016406636999999998	0.0154562607	0.0866697933	-0.0756638038	0.089503029	0.0172647781	-0.0160528854	0.0821596797	-0.08136189049999999	0.06279394740000001	0.05801045780000001	0.050306049900000004	0.0400686528	0.027813735899999997	0.0141583533	0.28932800000000003	0.033227000000000007	0.08371069158400002	0.0011040335290000004	-0.5525399999999999	0.039245000000000085	0.0015401700250000064	0.3053004515999999	1.32497	0.4027310000000001	1.7555455009	0.16219225836100004	-0.017346200000000003	0.004978499999999999	2.4785462250000007e-05	0.00030089065444000013	0.006944199999999999	-0.0017039100000000012	4.822191363999999e-05	2.9033092881000037e-06	-0.0312059	-0.007278600000000003	5.297801796000005e-05	0.00097380819481	0.0	0.0	0.0	0.0	0.0	0.0	0.0	1.0	0.0	0.0	0.0	0.0	0.0	0.0	0.0	0.0	0.0	0.0	0.0	0.0	0.0	0.0	0.0	0.0	0.0	0.0	0.0	0.0	0.0	0.0	0.0	0.0	0.0	0.0	0.0	0.0	0.0	0.0	0.0	0.0	0.0	0.0	0.0	0.0	0.0	0.0	0.0	0.0	0.0	0.0	0.0	0.0	0.0	0.0	0.0	0.0	0.0	0.0	0.0	0.0	0.0	0.0	0.0	0.0	0.0	0.0	0.0	0.0	0.0	0.0	0.0	0.0	0.0	0.0	0.0	0.0	0.0	0.0	0.0	0.0	0.0	0.0	0.0	0.0	0.0	0.0	0.0	0.0	0.0	0.0	0.0	0.0	0.0	0.0	0.0	0.0	0.0	0.0	0.0	0.0	0.0	0.0	0.0	-0.2866564135	0.04616050688	-0.08154523	0.08852710224	-1.083753613	-0.6543027535	1.123507707	-1.529489471	0.508973093	0.4422378542	-3.318310335	0.2140148361	0.2667598017	0.8369381795	1.516815892	4.866885548	-1.148274084	-7.76792026	-1.000154495	-4.592894658	-0.6139566204	-0.08655469011	4.898448113	-1.726640762	-1.158866414	-0.3448409395	0.245247375	-0.1246284246	2.456401756	-1.437282691	1.053493812	0.04094218834	0.1919170592	2.338707264
8810.725217493986	200.97979223398582	77628878.85818444	40392.876886416096	7251.915746031416	114.85992301778695	13192.801915651951	52590281.9875384	7741.272386305538	138.56272871084914	59927298.15897664	19199.62978779637	7703.735839629779	10935.509973186874	3.820893	163.348984	2.7973905	1.46773	0.010633744099999998	0.0347885594	0.0375065573	-0.066209887	-0.0236551922	-0.037287007999999996	-0.059789197599999996	-0.052706277	-0.0045200943	0.0132348039	0.0249040137	0.062299198499999986	0.030111304199999998	0.0378787636	0.0137328865	0.0248741394	-0.062250026500000014	0.0298320438	0.032450528199999995	0.0626989983	0.0576405028	0.049509791799999994	0.0387402291	0.0259058278	0.011690656399999999	0.201075	-0.08825300000000003	0.040431155625	0.007788592009000004	-0.204669	0.34787099999999993	0.12101423264099995	0.041889399561	0.531536	-0.793434	0.282530519296	0.629537512356	-0.00776505	0.009581150000000005	9.179843532250008e-05	6.02960015025e-05	0.0119305	0.004986300000000001	0.00014233683025	2.486318769000001e-05	-0.0144167	0.016789200000000004	0.00028187723664000017	0.00020784123889	0.0	0.0	0.0	0.0	0.0	0.0	0.0	0.0	1.0	0.0	0.0	0.0	0.0	0.0	0.0	0.0	0.0	0.0	0.0	0.0	0.0	0.0	0.0	0.0	0.0	0.0	0.0	0.0	0.0	0.0	0.0	0.0	0.0	0.0	0.0	0.0	0.0	0.0	0.0	0.0	0.0	0.0	0.0	0.0	0.0	0.0	0.0	0.0	0.0	0.0	0.0	0.0	0.0	0.0	0.0	0.0	0.0	0.0	0.0	0.0	0.0	0.0	0.0	0.0	0.0	0.0	0.0	0.0	0.0	0.0	0.0	0.0	0.0	0.0	0.0	0.0	0.0	0.0	0.0	0.0	0.0	0.0	0.0	0.0	0.0	0.0	0.0	0.0	0.0	0.0	0.0	0.0	0.0	0.0	0.0	0.0	0.0	0.0	0.0	0.0	0.0	0.0	0.0	-0.06470084546	0.2902623655	0.3010635813	0.2033102919	-0.8248073985	0.5685987576	0.6040872401	-0.4266316063	0.4828787653	-0.4070153047	1.679413446	0.01823560216	-0.4720120399	1.180382513	-0.784181138	-3.564343695	0.02240889487	1.230686112	-0.2780408841	1.133098841	0.6627318787	0.05050866754	-0.1621489252	0.05437507457	-0.666224248	-1.025301882	-0.9683440104	1.726038951	0.5823025304	-1.519433999	-1.477917434	1.047218922	-0.1373159214	-0.5351679741
8810.785790986893	0.06057349290676939	77629946.25465652	0.0036691480429264416	7269.048538143077	17.132792111660823	293.53256554138716	52839066.64988001	7770.67563231437	29.40324600883196	60383399.78264433	864.5508758558923	7734.851755929558	10544.017500976372	1.677514	71.716301	0.1671755000000001	0.101955	0.024171210800000002	0.00036299050000000016	0.0921762408	-0.0640084809	0.00021255759999999998	-0.06923219230000001	-0.042662087800000005	-0.0360811474	-0.0109890022	0.0011142911	0.011983071599999999	0.0167206087	0.0465022233	-0.034742821800000004	0.0012076379	0.0124063593	-0.0180035126	0.043990579800000006	-0.0410492843	0.06260138559999999	0.0572607532	0.0486946049	0.0373854745	0.0239704089	0.0092050827	0.203708	0.0026329999999999965	0.041496949264	6.932688999999982e-06	-0.168329	0.03634000000000001	0.0013205956000000008	0.028334652241000007	0.574026	0.042490000000000035	0.329505848676	0.0018054001000000024	-0.0090401	-0.0012750500000000009	1.6257525025000015e-06	8.172340801000003e-05	0.0114913	-0.0004392000000000007	0.00013204997568999998	1.9289664000000058e-07	-0.0144167	0.0	0.0	0.00020784123889	0.0	0.0	0.0	0.0	0.0	0.0	0.0	0.0	0.0	1.0	0.0	0.0	0.0	0.0	0.0	0.0	0.0	0.0	0.0	0.0	0.0	0.0	0.0	0.0	0.0	0.0	0.0	0.0	0.0	0.0	0.0	0.0	0.0	0.0	0.0	0.0	0.0	0.0	0.0	0.0	0.0	0.0	0.0	0.0	0.0	0.0	0.0	0.0	0.0	0.0	0.0	0.0	0.0	0.0	0.0	0.0	0.0	0.0	0.0	0.0	0.0	0.0	0.0	0.0	0.0	0.0	0.0	0.0	0.0	0.0	0.0	0.0	0.0	0.0	0.0	0.0	0.0	0.0	0.0	0.0	0.0	0.0	0.0	0.0	0.0	0.0	0.0	0.0	0.0	0.0	0.0	0.0	0.0	0.0	0.0	0.0	0.0	0.0	0.0	0.0	0.0	0.0	0.0	-0.6147589839	0.2995108851	0.3883357096	0.5064543844	-0.1761628463	-0.2650529881	0.4137496354	0.6604796888	0.3717044507	0.3130042241	-1.851596846	0.2258306249	0.2463217344	0.09205206889	-0.7140746687	-0.7491534752	0.02338471986	-2.363437827	-0.8537620696	-1.340922176	-0.8302641854	-1.037012275	1.375869091	0.6442914906	-1.403057061	0.4228541033	-1.347169043	0.5589596681	0.7179233027	-1.734593339	1.42498085	-1.792285602	0.03531141575	-0.6023654199
8838.072803085144	27.287012098251576	78111530.87263331	744.581029250128	7228.931893076794	-40.116645066283134	1609.3452113741382	52257456.31474284	7757.7115674944325	-12.964064819937446	60182088.76443692	168.06697665553978	7722.3552833443455	10855.896768842424	1.321696	56.504536	0.5096894999999999	0.21960900000000005	0.0248838522	0.0118805582	0.0365017281	-0.12273615189999999	-0.025308581299999997	-0.0841853998	0.037780844300000005	-0.0078221519	-0.0343460893	0.0038006511	0.0428632396	0.0120285461	0.057055585	0.0144780244	0.0036548545	0.0429367686	-0.0121470088	0.057351176799999994	0.0097560968	0.0625011134	0.0568712735	0.0478608008	0.0360053101	0.0220095344	0.006705432900000001	0.15473299999999998	-0.04897500000000002	0.023942301288999997	0.002398550625000002	-0.074245	0.094084	0.008851799056	0.005512320025000001	0.7600020000000001	0.18597600000000006	0.5776030400040001	0.034587072576000015	-0.00688931	0.0021507900000000005	4.6258976241000015e-06	4.74625922761e-05	0.0116287	0.00013740000000000106	0.00013522666369000002	1.887876000000029e-08	-0.0130918	0.0013248999999999984	1.7553600099999961e-06	0.00017139522724000003	0.0	0.0	0.0	0.0	0.0	0.0	0.0	0.0	0.0	0.0	1.0	0.0	0.0	0.0	0.0	0.0	0.0	0.0	0.0	0.0	0.0	0.0	0.0	0.0	0.0	0.0	0.0	0.0	0.0	0.0	0.0	0.0	0.0	0.0	0.0	0.0	0.0	0.0	0.0	0.0	0.0	0.0	0.0	0.0	0.0	0.0	0.0	0.0	0.0	0.0	0.0	0.0	0.0	0.0	0.0	0.0	0.0	0.0	0.0	0.0	0.0	0.0	0.0	0.0	0.0	0.0	0.0	0.0	0.0	0.0	0.0	0.0	0.0	0.0	0.0	0.0	0.0	0.0	0.0	0.0	0.0	0.0	0.0	0.0	0.0	0.0	0.0	0.0	0.0	0.0	0.0	0.0	0.0	0.0	0.0	0.0	0.0	0.0	0.0	0.0	0.0	0.0	0.0	-0.1183789635	0.3709129006	0.1294263599	-0.03419145596	0.3430534972	0.584751172	-0.06653866901	0.5982902269	0.6626599362	-0.06217864324	0.2314877629	-0.1314114051	0.2310793272	0.1976531898	-0.7855805231	-2.315745967	-0.4079859895	0.0606629514	-0.5505858182	0.03623816386	0.1222742421	-0.3147367389	0.2850070105	-0.4013217699	0.3346929044	0.5892689252	-0.3505220481	1.857800031	-0.4007780315	-0.5915923964	-0.499987415	0.03556283267	-1.030312023	-0.6774435252
8842.59923343811	4.526430352965691	78191561.20320025	20.488571740249103	7274.121160239361	45.18926716256739	2042.0698666898904	52912838.65384203	7761.091629336095	3.3800618416626094	60234543.278950796	11.42481805346363	7727.512099083006	10814.800527433452	0.979507	41.875408	0.4277845	0.257745	0.021950362	-0.0011094053999999999	0.0618083558	-0.1122038446	-0.0241577714	-0.0786044085	-0.0108706554	0.021288149	-0.0307756127	0.005966381800000001	0.0140614504	-0.0041959659	0.0542665934	-0.014905141299999999	0.0056110872	0.0145593981	0.0045099349	0.0540554868	-0.0154225855	0.0623981861	0.0564721299	0.047008698099999996	0.0346006737	0.0200252867	0.0041955295000000005	0.171483	0.016750000000000015	0.029406419289	0.0002805625000000005	-0.315896	-0.24165100000000003	0.058395205801	0.099790282816	0.712755	-0.04724700000000004	0.508019690025	0.002232279009000004	-0.007520439999999998	-0.0006311299999999981	3.983250768999975e-07	5.6557017793599975e-05	0.0109673	-0.0006614000000000012	0.00012028166929	4.3744996000000154e-07	-0.014242	-0.0011501999999999988	1.3229600399999972e-06	0.000202834564	0.0	0.0	0.0	0.0	0.0	0.0	0.0	0.0	0.0	0.0	0.0	0.0	0.0	0.0	0.0	0.0	0.0	0.0	0.0	0.0	0.0	0.0	0.0	0.0	0.0	0.0	0.0	0.0	0.0	0.0	0.0	0.0	0.0	0.0	0.0	0.0	0.0	0.0	0.0	0.0	0.0	0.0	0.0	0.0	0.0	0.0	0.0	0.0	0.0	0.0	0.0	0.0	0.0	0.0	0.0	0.0	0.0	0.0	0.0	0.0	0.0	0.0	0.0	0.0	0.0	0.0	0.0	0.0	0.0	0.0	0.0	0.0	0.0	0.0	0.0	0.0	0.0	0.0	0.0	0.0	0.0	0.0	0.0	0.0	0.0	0.0	0.0	0.0	0.0	0.0	0.0	0.0	0.0	0.0	0.0	0.0	0.0	0.0	0.0	0.0	0.0	0.0	0.0	-0.3975832742	0.2304630124	0.3514690186	0.3429601116	0.1299716563	0.1944261246	0.1908676584	0.8319745467	0.6703538741	0.2224976339	-1.049339516	-0.03896194414	0.622839025	0.08635617713	-0.5938149322	-1.028259759	0.4054342849	-1.820694081	-0.142023829	-0.9558199068	-0.5125989139	-0.7001298399	1.070526551	0.914843187	-0.04178969086	-0.4394569509	-0.9568638169	1.377403985	0.9248224905	-1.446266714	0.4673476175	0.4173577701	-0.5400782023	0.4832410438
8815.654669764055	-26.94456367405473	77715767.25653279	726.00951158519	7235.253779764377	-38.8673804749842	1510.6732649871828	52348897.25759471	7743.708106081563	-17.38352325453252	59965015.2321933	302.1868807408729	7707.889193963629	10794.78787144017	0.850118	36.343845	0.18541849999999999	0.098521	0.025173343900000002	0.0054295829	0.0391136395	-0.1123294202	-0.038575742	-0.0884621504	-0.0046073094	0.0062093721	-0.0393093894	0.0119955554	0.0377226096	0.007192953800000001	0.059302246100000004	-0.0064327106000000005	0.0120926244	0.0378278843	-0.007123168100000001	0.058219326399999986	-0.009709327	0.062292608	0.0560633903	0.0461386229	0.0331725201	0.018019773	0.0016792104000000001	0.182726	0.011243000000000005	0.033388791076	0.00012640504900000006	-0.360729	-0.04483300000000001	0.002009997889000001	0.13012541144099998	0.748844	0.036088999999999934	0.560767336336	0.0013024159209999947	-0.008732409999999998	-0.0012119699999999995	1.468871280899999e-06	7.625498440809996e-05	0.0111139	0.0001466000000000002	0.00012351877321	2.149156000000006e-08	-0.0147485	-0.0005065000000000016	2.565422500000017e-07	0.00021751825225000004	0.0	0.0	0.0	0.0	0.0	0.0	0.0	0.0	0.0	0.0	0.0	0.0	0.0	0.0	0.0	0.0	0.0	0.0	0.0	0.0	0.0	0.0	0.0	0.0	0.0	0.0	0.0	0.0	0.0	0.0	0.0	0.0	0.0	0.0	0.0	0.0	0.0	0.0	0.0	0.0	0.0	0.0	0.0	0.0	0.0	0.0	0.0	0.0	0.0	0.0	0.0	0.0	0.0	0.0	0.0	0.0	0.0	0.0	0.0	0.0	0.0	0.0	0.0	0.0	0.0	0.0	0.0	0.0	0.0	0.0	0.0	0.0	0.0	0.0	0.0	0.0	0.0	0.0	0.0	0.0	0.0	0.0	0.0	0.0	0.0	0.0	0.0	0.0	0.0	0.0	0.0	0.0	0.0	0.0	0.0	0.0	0.0	0.0	0.0	0.0	0.0	0.0	0.0	-0.3183741518	0.3266173242	0.231516442	0.06839633683	0.3256853863	0.3359702465	-0.2118559755	0.135626849	0.4414387873	0.2237474628	-0.1973588737	0.07941322003	0.1724405578	0.3264073161	-1.218850783	-1.88954282	-0.6155150476	-0.05828471109	0.434275075	-0.201448093	-0.01422219797	-0.2147716951	0.5687927108	0.1872532901	0.2162736503	-0.5197625917	-0.7819169624	2.0272654	1.39981922	-0.9655135835	-0.1602847862	-0.3459965452	0.08470824428	-0.7814681419
8826.533311351885	10.878641587829406	77907690.29640447	118.34484279645152	7304.062156125333	68.80837636095566	4734.592657430922	53349323.98054225	7759.688136560294	15.980030478731349	60212759.97667456	255.36137410118286	7724.125526688999	10915.8671991362	0.791279	33.828384	0.25335300000000005	0.149558	0.0262999178	0.0015495514999999999	0.0614625025	-0.12077715619999999	-0.0135326346	-0.0904578086	-0.026408809100000003	-0.0031367514000000003	-0.0196553191	0.0080736189	0.0177935654	-0.0085566993	0.0685707821	-0.0246169358	0.0082868329	0.0178394993	0.0083474738	0.0661817192	-0.0279221002	0.062184383600000004	0.055645124000000004	0.0452509076	0.03172182	0.0159951231	-0.0008396765	0.15834700000000002	-0.024378999999999984	0.025073772409	0.0005943356409999993	-0.233545	0.12718400000000005	0.016175769856000013	0.05454326702499999	0.8202879999999999	0.07144399999999995	0.6728724029439999	0.005104245135999993	-0.008793729999999998	-6.132000000000012e-05	3.760142400000015e-09	7.732968731289996e-05	0.0113252	0.00021130000000000107	0.00012826015504	4.464769000000045e-08	-0.0144142	0.00033430000000000086	1.117564900000006e-07	0.00020776916163999998	0.0	0.0	0.0	0.0	0.0	0.0	0.0	0.0	0.0	0.0	0.0	0.0	0.0	0.0	0.0	0.0	0.0	0.0	0.0	0.0	0.0	0.0	0.0	0.0	0.0	0.0	0.0	0.0	0.0	0.0	0.0	0.0	0.0	0.0	0.0	0.0	0.0	0.0	0.0	0.0	0.0	0.0	0.0	0.0	0.0	0.0	0.0	0.0	0.0	0.0	0.0	0.0	0.0	0.0	0.0	0.0	0.0	0.0	0.0	0.0	0.0	0.0	0.0	0.0	0.0	0.0	0.0	0.0	0.0	0.0	0.0	0.0	0.0	0.0	0.0	0.0	0.0	0.0	0.0	0.0	0.0	0.0	0.0	0.0	0.0	0.0	0.0	0.0	0.0	0.0	0.0	0.0	0.0	0.0	0.0	0.0	0.0	0.0	0.0	0.0	0.0	0.0	0.0	-0.4767940671	0.2283927422	0.2401972073	0.1267206405	0.1700910707	0.3743907204	0.3033499236	0.825182337	0.6623194649	0.1435942304	-0.8106376746	0.0301407955	0.6784025102	0.07267260206	-0.5650187999	-0.9285262118	0.3976242139	-1.608544073	0.5665691465	-0.8187053522	-0.404605964	-0.4938507273	0.9566735685	0.4738113413	0.2365842206	-0.1461962517	-1.260945827	1.736396495	1.785888702	-1.070644441	0.8938474776	1.170809766	0.01301051803	-0.4744831686
8753.598559421132	-72.9347519307521	76625487.73949972	5319.478039200348	7261.992136594084	-42.07001953124836	1769.8865433596188	52736529.79195432	7726.120588725803	-33.56754783449105	59692939.35153275	1126.7802676208448	7692.010883408195	10807.689407285905	0.801089	34.247757	0.09298249999999987	0.0468548	0.0326535784	0.0007425657000000001	0.0397832822	-0.1218171282	-0.0291250083	-0.09977748800000001	-0.0090573483	-0.024108935499999998	-0.033997375	0.0209830978	0.044173288600000006	0.0205052004	0.06922895849999999	-0.004119395200000001	0.0211037788	0.0445159213	-0.020641380600000002	0.0673626755	-0.0095026835	0.0620735175	0.055217402199999994	0.0443458917	0.0302495594	0.013953486999999999	-0.0033572794	0.137863	-0.020484	0.019006206769000004	0.00041959425600000014	-0.270403	-0.03685800000000003	0.0013585121640000025	0.07311778240899999	0.827751	0.007463000000000109	0.6851717180010001	5.5696369000001626e-05	-0.00849448	0.00029924999999999743	8.955056249999846e-08	7.215619047040001e-05	0.0115318	0.00020659999999999952	0.00013298241124	4.268355999999979e-08	-0.0144719	-5.769999999999907e-05	3.329289999999893e-09	0.00020943588961	0.0	0.0	0.0	0.0	0.0	0.0	0.0	0.0	0.0	0.0	0.0	0.0	0.0	0.0	0.0	0.0	0.0	0.0	0.0	0.0	0.0	0.0	0.0	0.0	0.0	0.0	0.0	0.0	0.0	0.0	0.0	0.0	0.0	0.0	0.0	0.0	0.0	0.0	0.0	0.0	0.0	0.0	0.0	0.0	0.0	0.0	0.0	0.0	0.0	0.0	0.0	0.0	0.0	0.0	0.0	0.0	0.0	0.0	0.0	0.0	0.0	0.0	0.0	0.0	0.0	0.0	0.0	0.0	0.0	0.0	0.0	0.0	0.0	0.0	0.0	0.0	0.0	0.0	0.0	0.0	0.0	0.0	0.0	0.0	0.0	0.0	0.0	0.0	0.0	0.0	0.0	0.0	0.0	0.0	0.0	0.0	0.0	0.0	0.0	0.0	0.0	0.0	0.0	-0.2896821523	0.3721216481	0.07905502799	-0.07888730816	0.1622183091	0.4945349668	-0.2517591073	0.3034677024	0.4005252848	0.02801290502	-0.2897376356	0.2314462355	0.2970361683	0.1192035268	-1.05207767	-1.567380119	-0.8785172133	-0.05323477005	0.5920575948	-0.4462449676	0.1368682	-0.338934311	0.8804655409	0.5881432346	0.375748018	0.9501350701	-1.161558107	2.000098536	1.474229687	-1.495984035	-0.7190633718	0.4364338396	0.2392109195	-0.9762149358
8749.991722229119	-3.6068371920137	76562355.1390781	13.00927452969327	7294.630261490191	32.63812489610609	1065.2471967338204	53211630.65184844	7735.751338232049	9.630749506246502	59841848.76695894	92.75133605206724	7700.109760682275	10507.618282557269	0.8399209999999999	35.90790900000001	0.14024050000000002	0.08223239999999997	0.0370505482	-0.014045172	0.0632827421	-0.1108783525	-0.0073424204000000015	-0.10541874119999999	-0.0163585897	-0.047419437	-0.030999591899999998	0.0210538506	0.0172232913	0.0005658131	0.0723148521	-0.038821328599999996	0.021040280800000002	0.0176875329	-0.0017242558	0.06920033219999999	-0.04612806	0.0619600143	0.0547802975	0.0434239212	0.028756738900000002	0.0118970329	-0.0058697485	0.140547	0.0026839999999999924	0.019753459209	7.203855999999957e-06	-0.343513	-0.07311000000000001	0.005345072100000002	0.118001181169	0.850865	0.023113999999999968	0.7239712482249999	0.0005342569959999985	-0.00839103	0.00010344999999999972	1.0701902499999943e-08	7.040938446090003e-05	0.0117873	0.00025549999999999884	0.00013894044128999998	6.528024999999938e-08	-0.0149396	-0.00046770000000000156	2.1874329000000138e-07	0.00022319164816000006	0.0	0.0	0.0	0.0	0.0	0.0	0.0	0.0	0.0	0.0	0.0	0.0	0.0	0.0	0.0	0.0	0.0	0.0	0.0	0.0	0.0	0.0	0.0	0.0	0.0	0.0	0.0	0.0	0.0	0.0	0.0	0.0	0.0	0.0	0.0	0.0	0.0	0.0	0.0	0.0	0.0	0.0	0.0	0.0	0.0	0.0	0.0	0.0	0.0	0.0	0.0	0.0	0.0	0.0	0.0	0.0	0.0	0.0	0.0	0.0	0.0	0.0	0.0	0.0	0.0	0.0	0.0	0.0	0.0	0.0	0.0	0.0	0.0	0.0	0.0	0.0	0.0	0.0	0.0	0.0	0.0	0.0	0.0	0.0	0.0	0.0	0.0	0.0	0.0	0.0	0.0	0.0	0.0	0.0	0.0	0.0	0.0	0.0	0.0	0.0	0.0	0.0	0.0	-0.4859620001	0.2282641253	0.1535455567	0.0002779551547	0.06692428849	0.08786719056	-0.1130248178	0.6022783714	0.5982480003	-0.1424138914	-0.9815882392	0.04748180454	0.447900427	0.1124400747	-0.7060236287	-1.153563946	0.005709622911	-1.673004708	-0.261621929	-0.9104957419	-0.7295506229	-0.4732803254	0.821598595	0.1560129026	-0.1132955348	1.321759146	-1.401076415	1.394796907	0.09442317679	-1.153790069	0.9982645333	-1.326852731	-0.01156747955	-1.396804161
8713.713618007263	-36.27810422185576	75928805.01664522	1316.1008459318284	7239.816496374252	-54.813765115938615	3004.548846185289	52414942.90117275	7696.5535162597	-39.19782197234964	59236936.02864954	1536.4692473760153	7661.687231145755	10449.198633533095	0.799319	34.172092	0.2361145000000001	0.164097	0.0412783713	-0.011674661599999999	0.045079459599999996	-0.1121589082	-0.024657281	-0.1019070484	0.0200129106	-0.034943342	-0.0228775827	0.0352402364	0.0566388522	0.0264409198	0.075847735	-0.0153556959	0.035170582	0.05720663	-0.026643437000000002	0.0742526938	-0.0208597339	0.061843879000000004	0.0543338842	0.0424853485	0.027244373199999998	0.0098279446	-0.0083732417	0.140632	8.500000000000174e-05	0.019777359424000003	7.225000000000296e-09	-0.191612	0.15190100000000006	0.02307391380100001	0.03671515854399999	0.8713299999999999	0.020464999999999955	0.7592159688999999	0.0004188162249999982	-0.0091324	-0.0007413699999999999	5.496294768999998e-07	8.340072976000001e-05	0.0117231	-6.419999999999863e-05	0.00013743107361000002	4.121639999999825e-09	-0.0144719	0.00046770000000000156	2.1874329000000138e-07	0.00020943588961	0.0	0.0	0.0	0.0	0.0	0.0	0.0	0.0	0.0	0.0	0.0	0.0	0.0	0.0	0.0	0.0	0.0	0.0	0.0	0.0	0.0	0.0	0.0	0.0	0.0	0.0	0.0	0.0	0.0	0.0	0.0	0.0	0.0	0.0	0.0	0.0	0.0	0.0	0.0	0.0	0.0	0.0	0.0	0.0	0.0	0.0	0.0	0.0	0.0	0.0	0.0	0.0	0.0	0.0	0.0	0.0	0.0	0.0	0.0	0.0	0.0	0.0	0.0	0.0	0.0	0.0	0.0	0.0	0.0	0.0	0.0	0.0	0.0	0.0	0.0	0.0	0.0	0.0	0.0	0.0	0.0	0.0	0.0	0.0	0.0	0.0	0.0	0.0	0.0	0.0	0.0	0.0	0.0	0.0	0.0	0.0	0.0	0.0	0.0	0.0	0.0	0.0	0.0	-0.3714015163	0.4018170161	0.1075848671	-0.1751717533	0.2198392394	0.3433329005	-0.6562196785	0.2559943513	0.3477774448	-0.02168976411	-0.6949133667	0.1857529319	-0.026036151	0.05773367079	-1.149746393	-1.780839639	-0.8855720595	-0.1669802375	-1.110557038	-0.5587912757	-0.2703636508	-0.01658408944	0.936550941	0.1073909641	-0.04875903832	1.342640965	-1.048494624	1.554019093	-0.02449689951	-1.73462276	-0.3405727296	-0.8249651348	-0.3891650337	-1.41975923
8780.134346772691	66.42072876542807	77090759.1473775	4411.713209730563	7311.3048381399585	71.48834176570655	5110.583008410462	53455178.43620876	7738.808814144092	42.255297884392355	59889161.86187429	1785.5101992987327	7704.313399640016	10583.535209130408	0.899486	38.454407	0.16288200000000014	0.12932000000000002	0.0368630019	-2.7844e-06	0.0630625013	-0.1104310642	-0.0036898769000000002	-0.0822351066	0.0106134996	-0.05080183480000002	-0.0044861899	0.018575655400000002	0.0141415507	-0.0050652012	0.0709462021	-0.0233357818	0.0183395824	0.0146321888	0.004303492	0.0704213966	-0.028731265	0.0617251165	0.053878238200000005	0.041530532599999996	0.0257134902	0.007748419499999998	-0.010863931	0.145015	0.004382999999999998	0.021029350225	1.9210688999999985e-05	-0.190744	0.0008679999999999799	7.534239999999651e-07	0.036383273536	0.7787	-0.09263	0.60637369	0.008580316899999997	-0.00792638	0.0012060200000000006	1.454484240400001e-06	6.282749990440001e-05	0.0118171	9.400000000000032e-05	0.00013964385241	8.836000000000063e-09	-0.0144719	0.0	0.0	0.00020943588961	0.0	0.0	0.0	0.0	0.0	0.0	0.0	0.0	0.0	0.0	0.0	0.0	0.0	0.0	0.0	0.0	0.0	0.0	0.0	0.0	0.0	0.0	0.0	0.0	0.0	0.0	0.0	0.0	0.0	0.0	0.0	0.0	0.0	0.0	0.0	0.0	0.0	0.0	0.0	0.0	0.0	0.0	0.0	0.0	0.0	0.0	0.0	0.0	0.0	0.0	0.0	0.0	0.0	0.0	0.0	0.0	0.0	0.0	0.0	0.0	0.0	0.0	0.0	0.0	0.0	0.0	0.0	0.0	0.0	0.0	0.0	0.0	0.0	0.0	0.0	0.0	0.0	0.0	0.0	0.0	0.0	0.0	0.0	0.0	0.0	0.0	0.0	0.0	0.0	0.0	0.0	0.0	0.0	0.0	0.0	0.0	0.0	0.0	0.0	0.0	0.0	0.0	0.0	-0.4109103752	0.217551504	0.2838549857	0.07264995429	0.0175710503	0.3484886575	0.02594438919	0.9225258924	0.8878608154	-0.5387381184	-0.6456513459	-0.1847752699	0.5554007938	0.2019191556	-0.4118798941	-1.32305567	0.3404928621	-1.575552289	-1.417434953	-0.7865760477	-0.4671550072	-0.4634726019	0.7623488338	0.1015415873	-0.3378907608	1.425636244	-1.372545907	1.254838212	-0.4870523668	-0.8477573328	1.013918447	-0.2213437602	-0.4819292122	-0.5005708546
8717.060255894743	-63.07409087794804	75987139.50489973	3978.3409400796477	7248.25851271609	-63.04632542386844	3974.8391494523207	52537251.46716127	7704.694478197837	-34.114335946254876	59362317.00237224	1163.787917053937	7671.058944020115	10340.207262944832	1.128683	48.25293	0.0846929999999999	0.0416873	0.045303921	-0.0120094791	0.044485446399999996	-0.1114108712	-0.021408795699999997	-0.11081206369999999	0.041602296600000005	0.0020499503	-0.024069612400000003	0.0302262758	0.0686406706	0.0431834246	0.0687088196	-0.0041703432	0.029673721899999998	0.0692662703	-0.0424750475	0.06930751809999999	-0.0044930989	0.0616037317	0.05341343690000002	0.0405598385	0.024165130400000002	0.0056606658999999995	-0.0133380076	0.145065	4.9999999999994487e-05	0.021043854225	2.499999999999449e-09	-0.218928	-0.02818400000000001	0.0007943378560000008	0.047929469184000005	0.7523489999999999	-0.026351000000000013	0.5660290178009999	0.0006943752010000008	-0.00799474	-6.835999999999995e-05	4.673089599999993e-09	6.39158676676e-05	0.0115527	-0.0002643999999999997	0.00013346487729000005	6.990735999999983e-08	-0.0142025	0.0002693999999999995	7.257635999999973e-08	0.00020171100625	0.0	0.0	0.0	0.0	0.0	0.0	0.0	0.0	0.0	0.0	0.0	0.0	0.0	0.0	0.0	0.0	0.0	0.0	0.0	0.0	0.0	0.0	0.0	0.0	0.0	0.0	0.0	0.0	0.0	0.0	0.0	0.0	0.0	0.0	0.0	0.0	0.0	0.0	0.0	0.0	0.0	0.0	0.0	0.0	0.0	0.0	0.0	0.0	0.0	0.0	0.0	0.0	0.0	0.0	0.0	0.0	0.0	0.0	0.0	0.0	0.0	0.0	0.0	0.0	0.0	0.0	0.0	0.0	0.0	0.0	0.0	0.0	0.0	0.0	0.0	0.0	0.0	0.0	0.0	0.0	0.0	0.0	0.0	0.0	0.0	0.0	0.0	0.0	0.0	0.0	0.0	0.0	0.0	0.0	0.0	0.0	0.0	0.0	0.0	0.0	0.0	0.0	0.0	-0.3186827707	0.4522425389	0.1642524408	-0.1077139009	0.2600730703	0.09574768641	-0.8666040069	-0.1464996424	-0.02569613918	0.3212198253	-0.989569118	0.1642522447	-0.1829659563	0.05040465214	-1.375588043	-1.929606465	-1.356943334	0.09591211114	-1.164482174	-0.9676551152	-0.2754609574	-0.2010144372	1.252263903	0.8073174606	-0.4486145943	0.848621181	-0.7984960559	1.476565027	-1.653778056	-2.481109294	-0.9545709035	-0.9316377037	-0.6983012712	0.373970572
8828.258844237624	111.1985883428806	77938154.22085983	12365.126049449424	7297.360366886221	49.10185417013054	2410.9920829447656	53251468.32420179	7739.573924708826	34.8794465109886	59901004.53603278	1216.575788912915	7704.424311163966	10882.352224900811	1.854985	79.30345200000002	0.402473	0.186504	0.022490347999999997	0.0187107632	0.0930495094	-0.08587338580000001	-0.0196796765	-0.025483313799999997	0.026596234700000002	-0.004178366	0.0160238227	0.020932428899999998	-0.0152110032	-0.0618561562	0.06892361820000001	-0.010934683600000002	0.020745293799999998	-0.0152059565	0.06297831870000001	0.0702889058	-0.0084601525	0.0614797299	0.052939559299999994	0.0395736373	0.0226003462	0.003566901	-0.0157916882	0.155889	0.010824	0.024301380321	0.000117158976	-0.147849	0.071079	0.0050522242410000005	0.021859326801	0.583382	-0.16896699999999998	0.340334557924	0.028549847088999988	-0.010106100000000002	-0.0021113600000000014	4.457841049600006e-06	0.00010213325721000004	0.0110085	-0.0005442000000000016	0.00012118707225	2.9615364000000184e-07	-0.014579	-0.00037650000000000015	1.4175225000000007e-07	0.00021254724099999998	0.0	0.0	0.0	0.0	0.0	0.0	0.0	0.0	0.0	0.0	0.0	1.0	0.0	0.0	0.0	0.0	0.0	0.0	0.0	0.0	0.0	0.0	0.0	0.0	0.0	0.0	0.0	0.0	0.0	0.0	0.0	0.0	0.0	0.0	0.0	0.0	0.0	0.0	0.0	0.0	0.0	0.0	0.0	0.0	0.0	0.0	0.0	0.0	0.0	0.0	0.0	0.0	0.0	0.0	0.0	0.0	0.0	0.0	0.0	0.0	0.0	0.0	0.0	0.0	0.0	0.0	0.0	0.0	0.0	0.0	0.0	0.0	0.0	0.0	0.0	0.0	0.0	0.0	0.0	0.0	0.0	0.0	0.0	0.0	0.0	0.0	0.0	0.0	0.0	0.0	0.0	0.0	0.0	0.0	0.0	0.0	0.0	0.0	0.0	0.0	0.0	0.0	0.0	-0.5058824167	0.03450444995	0.6590364966	0.3791696235	0.03941465372	0.5147921388	0.3894167394	1.553059759	0.9961502765	-1.405684001	-0.7347865418	-0.4152745667	1.026044113	0.6287710927	0.1579085531	-1.395061261	1.213474527	-2.444670539	-0.9734099831	-0.6442581866	-0.07201069724	-0.3500858373	-0.1230280761	-0.4469235798	-0.06816918997	-0.6925448275	-0.9462641254	1.368899668	-1.913803441	1.172932942	3.039871982	0.4536152342	-1.501739978	0.9029993561
8385.803502530938	-442.45534170668543	70321700.38306016	195766.72940477976	6978.027204018451	-319.3331628677697	101973.66890713354	48692863.66002156	7502.618320767733	-236.95560394109268	56289281.66711964	56147.95823908799	7473.905040423355	9886.54437258996	4.241107	181.313782	5.8830735	3.26002	0.0047609682	-0.1279426174	0.1478134293	0.0319087932	-0.11583433480000001	0.0219101832	0.0541259226	0.2084006991	0.019680358000000002	0.103064685	0.1361971675	0.0043676893	-0.005909332	0.0339996287	0.1016744716	0.1363035664	0.0002842943	0.0041089672	0.06250339719999999	0.061353116299999996	0.0524566858	0.038572306	0.021020201000000002	0.0014693481	-0.0182212208	0.355212	0.199323	0.12617556494399998	0.03972965832899999	-1.43507	-1.2872210000000002	1.6569379028410005	2.0594259049000003	-0.15206	-0.7354419999999999	0.023122243599999998	0.5408749353639999	-0.067451	-0.057344900000000004	0.00328843755601	0.004549637400999999	-0.00221345	-0.01322195	4.8993609025e-06	0.0001748199618025	-0.011924100000000005	0.0026548999999999948	7.0484940099999725e-06	0.00014218416081000011	0.0	0.0	0.0	0.0	0.0	0.0	0.0	0.0	0.0	0.0	0.0	0.0	1.0	0.0	0.0	0.0	0.0	0.0	0.0	0.0	0.0	0.0	0.0	0.0	0.0	0.0	0.0	0.0	0.0	0.0	0.0	0.0	0.0	0.0	0.0	0.0	0.0	0.0	0.0	0.0	0.0	0.0	0.0	0.0	0.0	0.0	0.0	0.0	0.0	0.0	0.0	0.0	0.0	0.0	0.0	0.0	0.0	0.0	0.0	0.0	0.0	0.0	0.0	0.0	0.0	0.0	0.0	0.0	0.0	0.0	0.0	0.0	0.0	0.0	0.0	0.0	0.0	0.0	0.0	0.0	0.0	0.0	0.0	0.0	0.0	0.0	0.0	0.0	0.0	0.0	0.0	0.0	0.0	0.0	0.0	0.0	0.0	0.0	0.0	0.0	0.0	0.0	0.0	-2.122836575	1.097736863	1.349712037	1.719675704	0.5823839881	-1.319211703	2.797807539	-3.679899238	1.20498919	1.028359314	-1.339200661	1.518710557	-1.736143016	-1.814377653	-6.513843836	-3.518699569	1.77875755	-2.2229925	-1.461492875	0.8728019996	-2.110409456	0.08915646209	1.689018995	1.035234946	-2.560615229	-1.298964486	3.335194754	-0.6112656579	-1.275252676	-3.647254563	-0.7030474816	3.417465878	1.319634966	1.673974912
8560.694331310619	174.89082877968033	73285487.43413375	30586.801991243454	6937.521718775973	-40.505485242478244	1640.6943347286228	48129207.59848832	7600.685036050958	98.06671528322477	57770413.01724895	9617.08064644107	7565.893200993853	10392.824530606402	3.683876	157.491333	3.4285065	1.77121	-0.0076563180000000005	-0.09672941539999999	0.1145619306	-0.012446414	-0.123918421	0.021766820200000002	-0.09598040890000001	0.067089233	0.056495502999999996	0.0714576788	0.1053498699	0.3548965336	-0.056758147599999996	-0.1658722949	0.0720062691	0.10660985070000001	-0.3532037232	-0.0537698053	-0.1257240935	0.0612238964	0.051964898600000003	0.0375562275	0.019425769	-0.0006297652	-0.020622890300000002	0.15855999999999998	-0.196652	0.025141273599999996	0.038672009104	-0.273202	1.161868	1.3499372494240005	0.074639332804	0.053444000000000005	0.205504	0.0028562611360000005	0.042231894016000006	-0.043708099999999986	0.023742900000000004	0.0005637253004100003	0.0019103980056099997	0.00599512	0.00820857	3.5941463814399993e-05	6.73806214449e-05	-0.00658592	0.005338180000000005	2.849616571240005e-05	4.337434224640001e-05	0.0	0.0	0.0	0.0	0.0	0.0	0.0	0.0	0.0	0.0	0.0	0.0	0.0	1.0	0.0	0.0	0.0	0.0	0.0	0.0	0.0	0.0	0.0	0.0	0.0	0.0	0.0	0.0	0.0	0.0	0.0	0.0	0.0	0.0	0.0	0.0	0.0	0.0	0.0	0.0	0.0	0.0	0.0	0.0	0.0	0.0	0.0	0.0	0.0	0.0	0.0	0.0	0.0	0.0	0.0	0.0	0.0	0.0	0.0	0.0	0.0	0.0	0.0	0.0	0.0	0.0	0.0	0.0	0.0	0.0	0.0	0.0	0.0	0.0	0.0	0.0	0.0	0.0	0.0	0.0	0.0	0.0	0.0	0.0	0.0	0.0	0.0	0.0	0.0	0.0	0.0	0.0	0.0	0.0	0.0	0.0	0.0	0.0	0.0	0.0	0.0	0.0	0.0	-1.498842052	0.6270156898	0.7535625501	0.8685802784	-1.637517686	1.369143367	1.520169068	-1.695957913	-3.724510537	1.890463583	-3.100232655	1.665630582	-1.164513246	1.043854017	-2.647604429	-2.638574536	-2.196520465	-1.962706476	-0.02512875478	-6.377752606	0.7479992351	0.3232132776	1.01097663	4.799880569	0.8272940716	-0.7992229089	1.486699175	1.464407817	1.283205114	-0.6907636402	-0.5008431135	1.263657276	-0.5554588577	1.600409165
8951.423776613265	390.7294453026461	80127987.62851728	152669.4994265135	7161.937911143202	224.4161923672291	50362.62739660517	51293354.64307025	7836.255916935722	235.570880884764	61406906.79571011	55493.63992082363	7798.770502142275	11375.578741949852	3.264927	139.58059699999998	0.6116335	0.356901	-0.0237802705	0.0023855465	0.0696423595	-0.1166155313	-0.0464369027	0.032561366200000004	-0.057084684000000004	-0.023102710099999996	0.06252527969999999	-0.0125476068	-0.06009257570000001	0.015516483400000001	0.0505112211	-0.0950851519	-0.012021007700000001	-0.059370972	-0.017768532	0.0475105647	-0.0980882452	0.061092075499999995	0.0514642813	0.0365257903	0.0178181338	-0.0027282097	-0.022993024	0.16267	0.004110000000000029	0.026461528900000003	1.6892100000000248e-05	-0.458934	-0.18573199999999998	0.034496375824	0.210620416356	0.111458	0.058013999999999975	0.012422885763999995	0.003365624195999998	-0.0379312	0.005776899999999994	3.337257360999994e-05	0.0014387759334399998	0.00645029	0.0004551700000000004	4.16062410841e-05	2.0717972890000035e-07	-0.007629399999999999	-0.0010434799999999985	1.088850510399997e-06	5.8207744359999975e-05	0.0	0.0	0.0	0.0	0.0	0.0	0.0	0.0	0.0	0.0	0.0	0.0	0.0	0.0	1.0	0.0	0.0	0.0	0.0	0.0	0.0	0.0	0.0	0.0	0.0	0.0	0.0	0.0	0.0	0.0	0.0	0.0	0.0	0.0	0.0	0.0	0.0	0.0	0.0	0.0	0.0	0.0	0.0	0.0	0.0	0.0	0.0	0.0	0.0	0.0	0.0	0.0	0.0	0.0	0.0	0.0	0.0	0.0	0.0	0.0	0.0	0.0	0.0	0.0	0.0	0.0	0.0	0.0	0.0	0.0	0.0	0.0	0.0	0.0	0.0	0.0	0.0	0.0	0.0	0.0	0.0	0.0	0.0	0.0	0.0	0.0	0.0	0.0	0.0	0.0	0.0	0.0	0.0	0.0	0.0	0.0	0.0	0.0	0.0	0.0	0.0	0.0	0.0	-1.393466275	0.5163586997	1.056433871	1.176252441	-0.8734700716	1.055031744	1.682383786	1.590462355	2.013430154	-0.1442998229	0.2943932674	-0.4184869833	-1.375217212	0.1761707973	-0.3567489551	-1.291448126	-0.04388606867	-1.797539532	0.499373471	-0.1503285313	-0.4583034395	0.19228411	-0.04031268924	-0.7345154541	1.656467139	-0.6535807957	-0.9559322129	2.024141051	1.238361749	3.024766068	0.0640916553	-1.270978991	-0.0008386760632	-1.512417659
8766.43148192855	-184.99229468471455	76850320.92734799	34222.14909271628	7159.419260098071	-2.5186510451303548	6.343603087136228	51257284.14186322	7725.602134495987	-110.65378243973466	59684928.34052896	12244.259568220126	7691.571719250692	10599.23993348046	1.819795	77.79900399999998	0.2828770000000002	0.168986	-0.0003782985	-0.0381887567	0.0919284251	-0.0532444971	-0.0375179385	-0.0409984195	-0.0256197061	0.0063034399	0.0463650732	0.0269996812	0.0411986139	0.0406588788	0.033639544300000004	-0.0436925488	0.0263368748	0.0420910891	-0.0416097298	0.033152884300000005	-0.0440587796	0.060957659299999994	0.0509549188	0.0354813883	0.0161983881	-0.0048237569	-0.025327997799999998	0.14932899999999996	-0.013341000000000049	0.022299150240999988	0.00017798228100000127	-0.540723	-0.08178899999999995	0.006689440520999991	0.29238136272899995	0.235399	0.12394099999999998	0.05541268920099999	0.015361371480999997	-0.0388312	-0.000899999999999998	8.099999999999966e-07	0.0015078620934399994	0.00632234	-0.00012794999999999994	3.99719830756e-05	1.6371202499999985e-08	-0.00738123	0.00024816999999999895	6.158834889999948e-08	5.44825563129e-05	0.0	0.0	0.0	0.0	0.0	0.0	0.0	0.0	0.0	0.0	0.0	0.0	0.0	0.0	0.0	1.0	0.0	0.0	0.0	0.0	0.0	0.0	0.0	0.0	0.0	0.0	0.0	0.0	0.0	0.0	0.0	0.0	0.0	0.0	0.0	0.0	0.0	0.0	0.0	0.0	0.0	0.0	0.0	0.0	0.0	0.0	0.0	0.0	0.0	0.0	0.0	0.0	0.0	0.0	0.0	0.0	0.0	0.0	0.0	0.0	0.0	0.0	0.0	0.0	0.0	0.0	0.0	0.0	0.0	0.0	0.0	0.0	0.0	0.0	0.0	0.0	0.0	0.0	0.0	0.0	0.0	0.0	0.0	0.0	0.0	0.0	0.0	0.0	0.0	0.0	0.0	0.0	0.0	0.0	0.0	0.0	0.0	0.0	0.0	0.0	0.0	0.0	0.0	-1.687560442	0.650826266	0.7875623674	1.099994062	0.3306475002	0.6212386874	0.2296163399	-0.8106334085	-0.8933088943	0.5974145689	-1.959787282	-0.02451495507	-1.740475604	-0.4261298976	-2.503644798	-1.522384006	-0.1561050068	-0.9991775146	0.1448535725	-1.442375495	-0.5715017704	0.3420722333	1.415028438	1.253065825	0.7746148169	1.299987605	0.1503939389	1.206231609	0.9406795704	-0.285021641	0.6753144656	-1.14094256	0.5045450515	-0.163691345
8863.337489618316	96.90600768976583	78558751.45487352	9390.774326368954	7288.137978931183	128.71871883311178	16568.508578037687	53116955.19993911	7788.304281292021	62.702146796033965	60657683.57799163	3931.5592128313924	7753.002829228232	11144.235563617323	1.065295	45.543007	0.08621749999999999	0.0472216	-0.0125179478	-0.008004006800000001	0.0758783812	-0.0922120458	-0.0018364797	-0.0186954578	-0.0067966233	-0.0370217143	0.0695609139	0.007245092299999999	-0.0179756769	-0.0074190047	0.0530705921	-0.0378726569	0.007088105	-0.017234189	0.0054529126	0.051267538	-0.0457619358	0.060820653499999995	0.0504368977	0.0344234208	0.0145676327	-0.0069141815	-0.027624241	0.139744	-0.009584999999999956	0.019528385536000004	9.187222499999912e-05	-0.5816180000000001	-0.040895000000000126	0.0016724010250000105	0.3382794979240001	0.253216	0.017817000000000027	0.064118342656	0.000317445489000001	-0.0389743	-0.0001431000000000071	2.0477610000002043e-08	0.0015189960604900005	0.00633385	1.1510000000000164e-05	4.01176558225e-05	1.3248010000000382e-10	-0.00717743	0.00020379999999999964	4.1534439999999856e-08	5.151550140490001e-05	0.0	0.0	0.0	0.0	0.0	0.0	0.0	0.0	0.0	0.0	0.0	0.0	0.0	0.0	0.0	0.0	0.0	0.0	0.0	0.0	0.0	0.0	0.0	0.0	0.0	0.0	0.0	0.0	0.0	0.0	0.0	0.0	0.0	0.0	0.0	0.0	0.0	0.0	0.0	0.0	0.0	0.0	0.0	0.0	0.0	0.0	0.0	0.0	0.0	0.0	0.0	0.0	0.0	0.0	0.0	0.0	0.0	0.0	0.0	0.0	0.0	0.0	0.0	0.0	0.0	0.0	0.0	0.0	0.0	0.0	0.0	0.0	0.0	0.0	0.0	0.0	0.0	0.0	0.0	0.0	0.0	0.0	0.0	0.0	0.0	0.0	0.0	0.0	0.0	0.0	0.0	0.0	0.0	0.0	0.0	0.0	0.0	0.0	0.0	0.0	0.0	0.0	0.0	-1.562259892	0.5411087915	0.9290125547	1.100090115	0.1873821116	0.7314648472	0.8888110875	0.6135196085	0.8858887049	-0.1211180239	-0.9215325061	-0.4939970526	-1.876732024	-0.243418024	-1.62555776	-1.260054469	0.4584003411	-1.270327875	0.9708140376	0.102922179	-0.2409080886	0.4636090925	0.5768567112	-0.9577421392	1.697362594	1.432924545	-0.5052870435	1.70625367	1.44611473	1.423784474	0.3948992123	0.0528295566	0.337164514	-0.8251947181
8762.447734404741	-100.88975521357496	76780490.29817478	10178.742707055078	7306.021697089012	17.883718157829207	319.8273751486701	53377953.03833541	7744.518387258026	-43.785894033994744	59977565.05057766	1917.2045163562161	7711.077759323989	10803.92512949741	0.914541	39.098026	0.1001985000000001	0.0571505	-0.0016315385	-0.0297146949	0.0897075224	-0.059008446900000004	0.0076510042	-0.0554147799	-0.016824958	-0.029273725299999998	0.0542466366	0.0217505358	0.0222421451	0.0157629567	0.043541850099999994	-0.040529878	0.021393773999999997	0.022965296	-0.0172840019	0.0427903313	-0.0440186592	0.0606810639	0.049910306200000004	0.033352292400000004	0.012926976000000001	-0.0089972636	-0.0298782424	0.14065200000000005	0.0009080000000000477	0.019782985104000016	8.244640000000866e-07	-0.6240640000000001	-0.042445999999999984	0.0018016629159999984	0.3894558760960001	0.29299899999999995	0.039782999999999964	0.08584841400099998	0.0015826870889999965	-0.0387684	0.00020590000000000194	4.239481000000079e-08	0.00150298883856	0.00623619	-9.766000000000028e-05	3.88900657161e-05	9.537475600000057e-09	-0.00713976	3.7670000000000065e-05	1.4190289000000048e-09	5.09761728576e-05	0.0	0.0	0.0	0.0	0.0	0.0	0.0	0.0	0.0	0.0	0.0	0.0	0.0	0.0	0.0	0.0	0.0	0.0	0.0	0.0	0.0	0.0	0.0	0.0	0.0	0.0	0.0	0.0	0.0	0.0	0.0	0.0	0.0	0.0	0.0	0.0	0.0	0.0	0.0	0.0	0.0	0.0	0.0	0.0	0.0	0.0	0.0	0.0	0.0	0.0	0.0	0.0	0.0	0.0	0.0	0.0	0.0	0.0	0.0	0.0	0.0	0.0	0.0	0.0	0.0	0.0	0.0	0.0	0.0	0.0	0.0	0.0	0.0	0.0	0.0	0.0	0.0	0.0	0.0	0.0	0.0	0.0	0.0	0.0	0.0	0.0	0.0	0.0	0.0	0.0	0.0	0.0	0.0	0.0	0.0	0.0	0.0	0.0	0.0	0.0	0.0	0.0	0.0	-1.739079997	0.6089532697	0.7994783316	1.071585412	0.4144890628	0.5806330677	0.2135330521	-0.6551425175	-0.6318508937	0.4695625985	-1.838525769	-0.1032459223	-1.987550741	-0.6013901642	-2.48289183	-1.191763084	0.1530420039	-1.104403119	0.7666331109	-0.9228040127	-0.4109762597	0.3001718585	1.395629401	0.9586224774	1.047400901	1.871313149	-0.3151572584	1.168568823	1.542737003	-0.4374205967	0.2804483709	0.4296129496	0.8235354952	-0.3737147997
8804.897341142552	42.449606737811344	77526217.18805918	1801.9691121948376	7347.741154577377	41.71945748836424	1740.5131331234313	53989300.07467008	7769.7457724605	25.227385202473673	60368949.36866781	636.4209641539875	7736.473517696237	11048.3274267673	0.7672439999999999	32.800854	0.16533249999999988	0.102764	-0.0073285569999999986	-0.0086782224	0.079088573	-0.0752530046	0.0150911797	-0.0336656028	0.012632023000000001	-0.05645575200000001	0.07896623679999999	0.0144486032	-0.0040841361999999996	-0.0037952565	0.0518787925	-0.037953414399999996	0.014185583100000001	-0.0033133611	0.002030123	0.051165076	-0.0447159638	0.0605388965	0.0493752335	0.0322684125	0.011277533300000002	-0.0110707909	-0.0320865551	0.146548	0.005895999999999957	0.021476316304000004	3.476281599999949e-05	-0.6001489999999999	0.02391500000000013	0.0005719272250000062	0.3601788222009999	0.357896	0.06489700000000004	0.12808954681600002	0.004211620609000005	-0.0397616	-0.0009931999999999996	9.864462399999994e-07	0.0015809848345599998	0.00584325	-0.0003929399999999996	3.4143570562500005e-05	1.5440184359999973e-07	-0.00711341	2.6350000000000505e-05	6.943225000000267e-10	5.0600601828099986e-05	0.0	0.0	0.0	0.0	0.0	0.0	0.0	0.0	0.0	0.0	0.0	0.0	0.0	0.0	0.0	0.0	0.0	0.0	0.0	0.0	0.0	0.0	0.0	0.0	0.0	0.0	0.0	0.0	0.0	0.0	0.0	0.0	0.0	0.0	0.0	0.0	0.0	0.0	0.0	0.0	0.0	0.0	0.0	0.0	0.0	0.0	0.0	0.0	0.0	0.0	0.0	0.0	0.0	0.0	0.0	0.0	0.0	0.0	0.0	0.0	0.0	0.0	0.0	0.0	0.0	0.0	0.0	0.0	0.0	0.0	0.0	0.0	0.0	0.0	0.0	0.0	0.0	0.0	0.0	0.0	0.0	0.0	0.0	0.0	0.0	0.0	0.0	0.0	0.0	0.0	0.0	0.0	0.0	0.0	0.0	0.0	0.0	0.0	0.0	0.0	0.0	0.0	0.0	-1.621021683	0.6619915864	0.861354565	1.03921721	0.2408274789	0.8475940819	0.6910909546	0.2438823592	0.5045303589	0.1226651102	-1.022536251	-0.4704873714	-2.017163821	-0.5326854714	-1.892873711	-1.199579093	0.04209667931	-1.310945699	0.6451635336	0.02156267781	-0.2774423388	0.4638499702	0.7598214263	-0.4498895926	1.415778517	1.731140209	-0.8470364537	1.306178074	1.189538138	1.155207944	0.07644582749	0.8770325234	0.3698870647	-1.008658649
8723.477618908328	-81.41972223422455	76099061.7675945	6629.171168698277	7312.766489101978	-34.97466547539898	1223.2272251160653	53476553.72413287	7729.745598465163	-40.000173995336816	59748967.01699156	1600.0139196572188	7698.5028516951625	10691.702715945268	0.769167	32.883057	0.2295040000000002	0.172203	0.0036765165	-0.032765068700000004	0.086353875	-0.0555673546	0.0054441043000000005	-0.0469131608	0.0132391849	-0.026974421499999998	0.06852335379999999	0.0296794882	0.0245633773	0.016846740500000002	0.047586695	-0.0247527494	0.028888178900000002	0.025677213900000002	-0.0176637949	0.0487034643	-0.027583655699999998	0.060394157300000015	0.0488317708	0.0311721955	0.0096204254	-0.013132561499999999	-0.034245802400000004	0.15020799999999998	0.003659999999999969	0.022562443263999997	1.3395599999999772e-05	-0.768259	-0.1681100000000001	0.02826097210000003	0.5902218910810001	0.322206	-0.03569	0.103816706436	0.0012737761	-0.0396881	7.350000000000413e-05	5.402250000000605e-09	0.0015751452816099994	0.00574142	-0.00010183000000000068	3.29639036164e-05	1.0369348900000136e-08	-0.00684786	0.0002655499999999998	7.05168024999999e-08	4.68931865796e-05	0.0	0.0	0.0	0.0	0.0	0.0	0.0	0.0	0.0	0.0	0.0	0.0	0.0	0.0	0.0	0.0	0.0	0.0	0.0	0.0	0.0	0.0	0.0	0.0	0.0	0.0	0.0	0.0	0.0	0.0	0.0	0.0	0.0	0.0	0.0	0.0	0.0	0.0	0.0	0.0	0.0	0.0	0.0	0.0	0.0	0.0	0.0	0.0	0.0	0.0	0.0	0.0	0.0	0.0	0.0	0.0	0.0	0.0	0.0	0.0	0.0	0.0	0.0	0.0	0.0	0.0	0.0	0.0	0.0	0.0	0.0	0.0	0.0	0.0	0.0	0.0	0.0	0.0	0.0	0.0	0.0	0.0	0.0	0.0	0.0	0.0	0.0	0.0	0.0	0.0	0.0	0.0	0.0	0.0	0.0	0.0	0.0	0.0	0.0	0.0	0.0	0.0	0.0	-1.667193005	0.6539184574	0.7755617371	1.034431276	0.4138054968	0.591360066	0.158091743	-0.6157389399	-0.5058786835	0.2915780223	-1.651608865	-0.2937998496	-1.89984891	-0.819355889	-2.386129045	-1.240408146	-0.06080302907	-1.258140836	-0.07910206784	-0.62845539	-0.3605180354	0.3374702627	1.342593194	0.8204305888	1.026790704	1.952404111	-0.5823133231	0.8456883196	0.2384965857	-0.2869296396	0.04632424825	0.8035670573	0.1662331228	0.1162057717
8760.635807071838	37.15818816351021	76748739.74414924	1380.7309475948298	7310.297764295213	-2.46872480676484	6.0946021715360965	53440453.40265959	7750.903057787462	21.157459322298568	60076498.21121903	447.6380849747184	7717.988501746857	10724.109815394646	0.689655	29.483797	0.022433999999999857	0.0104693	0.0028429587	-0.018737800500000002	0.0758963926	-0.0647627996	0.0046551241	-0.0334810101	0.0321950321	-0.0243049766	0.0974287725	0.0229884132	0.0052416363	-0.0037099449	0.0624815164	-0.0293164327	0.0222430577	0.0060974262	0.0033409123	0.0638127763	-0.030972707999999998	0.0602468524	0.048280010199999994	0.0300640605	0.0079567788	-0.015180385900000001	-0.0363526824	0.158478	0.008270000000000027	0.025115276484	6.839290000000045e-05	-0.77186	-0.003600999999999965	1.296720099999975e-05	0.5957678596	0.322212	6.000000000006001e-06	0.10382057294399999	3.600000000007201e-11	-0.0396631	2.499999999999725e-05	6.249999999998623e-10	0.00157316150161	0.00578137	3.9950000000000395e-05	3.34242390769e-05	1.596002500000032e-09	-0.00699405	-0.00014619000000000006	2.137151610000001e-08	4.89167354025e-05	0.0	0.0	0.0	0.0	0.0	0.0	0.0	0.0	0.0	0.0	0.0	0.0	0.0	0.0	0.0	0.0	0.0	0.0	0.0	0.0	0.0	0.0	0.0	0.0	0.0	0.0	0.0	0.0	0.0	0.0	0.0	0.0	0.0	0.0	0.0	0.0	0.0	0.0	0.0	0.0	0.0	0.0	0.0	0.0	0.0	0.0	0.0	0.0	0.0	0.0	0.0	0.0	0.0	0.0	0.0	0.0	0.0	0.0	0.0	0.0	0.0	0.0	0.0	0.0	0.0	0.0	0.0	0.0	0.0	0.0	0.0	0.0	0.0	0.0	0.0	0.0	0.0	0.0	0.0	0.0	0.0	0.0	0.0	0.0	0.0	0.0	0.0	0.0	0.0	0.0	0.0	0.0	0.0	0.0	0.0	0.0	0.0	0.0	0.0	0.0	0.0	0.0	0.0	-1.641382727	0.6941307182	0.8359275962	0.9763834862	0.2881024059	0.5926010684	0.4970805418	-0.04045955505	0.4409553386	-0.00760785759	-1.020747263	-0.5357235503	-2.198171942	-0.7480205414	-2.115563128	-1.393605014	-0.3043899898	-1.153534949	-0.375572881	0.04556892483	-0.5298776572	0.5722283	0.8938241059	-0.4012884327	1.140156246	1.134250896	-0.9379525958	0.950451707	-0.8762018025	0.8531152943	-0.02284202783	-0.1796678513	-0.2474237655	0.159217411
8728.074092187197	-32.561714884641326	76179277.35870935	1060.265276228673	7297.096755007479	-13.201009287733537	174.2666462148272	53247621.05194069	7725.658063053283	-25.24499473417927	59685792.5072202	637.3097591287392	7693.274677139536	10534.01116364686	0.667663	28.543617	0.2577785	0.155889	0.007027775500000001	-0.0325364712	0.08678161039999999	-0.0507518307	0.0027253225	-0.0472713481	0.026463489700000002	-0.010860810700000001	0.08205087559999999	0.0314344601	0.0239133042	0.011904474299999999	0.050999263499999996	-0.0300082725	0.030709769799999998	0.0249541954	-0.0121235477	0.052995651500000004	-0.029366963700000002	0.0600969881	0.047720045700000005	0.0289444313	0.006287724200000001	-0.017212089399999998	-0.0384039733	0.14273	-0.015748000000000012	0.0203718529	0.00024799950400000037	-0.635843	0.13601699999999994	0.018500624288999984	0.4042963206490001	0.3738530000000001	0.05164100000000005	0.13976606560900004	0.002666792881000005	-0.0403007	-0.0006375999999999951	4.0653375999999376e-07	0.0016241464204899995	0.00561859	-0.00016278000000000042	3.15685535881e-05	2.6497328400000127e-08	-0.00670698	0.0002870699999999995	8.240918489999973e-08	4.49835807204e-05	0.0	0.0	0.0	0.0	0.0	0.0	0.0	0.0	0.0	0.0	0.0	0.0	0.0	0.0	0.0	0.0	0.0	0.0	0.0	0.0	0.0	0.0	0.0	0.0	0.0	0.0	0.0	0.0	0.0	0.0	0.0	0.0	0.0	0.0	0.0	0.0	0.0	0.0	0.0	0.0	0.0	0.0	0.0	0.0	0.0	0.0	0.0	0.0	0.0	0.0	0.0	0.0	0.0	0.0	0.0	0.0	0.0	0.0	0.0	0.0	0.0	0.0	0.0	0.0	0.0	0.0	0.0	0.0	0.0	0.0	0.0	0.0	0.0	0.0	0.0	0.0	0.0	0.0	0.0	0.0	0.0	0.0	0.0	0.0	0.0	0.0	0.0	0.0	0.0	0.0	0.0	0.0	0.0	0.0	0.0	0.0	0.0	0.0	0.0	0.0	0.0	0.0	0.0	-1.703782524	0.6900044262	0.8036801747	0.9310472273	0.4832468196	0.7448769877	0.04349192828	-0.5866234964	-0.4793494313	0.189279472	-1.580558835	-0.3799128197	-1.946752758	-0.8633476096	-2.315003436	-1.299982826	-0.1199616708	-1.220942448	-1.133126698	-0.5458620607	-0.5147146131	0.6014413301	1.347804509	0.6058661657	0.8547561682	1.73078443	-0.5633776781	0.6953686848	-0.3518695355	-0.1157954362	0.2553976885	0.5293064275	-0.4104087201	0.6239408759
8746.532792786309	18.45870059911249	76501835.89528628	340.72362780767577	7290.075001298621	-7.021753708858341	49.30502514786587	53145193.52455909	7738.214457458469	12.556394405186438	59879962.98961927	157.66304045859732	7705.8910741246045	10680.061830816632	0.588388	25.154465	0.09151549999999983	0.0623041	0.0044834862	-0.020643146100000002	0.0713736634	-0.0643258495	-0.0023660338	-0.0306177503	0.031953830499999995	-0.0227520926	0.0911765985	0.026186571800000003	0.0120842785	0.0004479153	0.056469225	-0.024870729700000004	0.025420916499999998	0.0131501965	-0.0007787375	0.0580693663	-0.0264653765	0.0599445708	0.047151972199999996	0.027813735899999997	0.004614396	-0.0192255144	-0.0403965384	0.136078	-0.00665199999999999	0.018517222083999998	4.424910399999989e-05	-0.643733	-0.007889999999999953	6.225209999999926e-05	0.41439217528899996	0.328063	-0.04579000000000005	0.10762533196900001	0.0020967241000000047	-0.0397829	0.0005177999999999919	2.681168399999916e-07	0.0015826791324100005	0.00563364	1.5049999999999961e-05	3.1737899649599986e-05	2.265024999999988e-10	-0.0067978000000000005	-9.082000000000014e-05	8.248272400000024e-09	4.6210084840000015e-05	0.0	0.0	0.0	0.0	0.0	0.0	0.0	0.0	0.0	0.0	0.0	0.0	0.0	0.0	0.0	0.0	0.0	0.0	0.0	0.0	0.0	0.0	0.0	0.0	0.0	0.0	0.0	0.0	0.0	0.0	0.0	0.0	0.0	0.0	0.0	0.0	0.0	0.0	0.0	0.0	0.0	0.0	0.0	0.0	0.0	0.0	0.0	0.0	0.0	0.0	0.0	0.0	0.0	0.0	0.0	0.0	0.0	0.0	0.0	0.0	0.0	0.0	0.0	0.0	0.0	0.0	0.0	0.0	0.0	0.0	0.0	0.0	0.0	0.0	0.0	0.0	0.0	0.0	0.0	0.0	0.0	0.0	0.0	0.0	0.0	0.0	0.0	0.0	0.0	0.0	0.0	0.0	0.0	0.0	0.0	0.0	0.0	0.0	0.0	0.0	0.0	0.0	0.0	-1.645676136	0.7559304606	0.8597292075	0.9243398438	0.3717941733	0.8738356617	0.7758291349	0.03295766296	0.2242370789	-0.02393436823	-1.073931489	-0.5887113548	-2.070075897	-0.6739580923	-2.09214489	-1.259045428	-0.07575520799	-1.125203869	-0.7842203872	0.08747901848	-0.3130090404	0.5085319494	0.9203290438	-0.02647737415	1.164278155	1.27423491	-0.9586327775	0.9847407117	-0.3393658829	0.7502641248	-0.3209999008	0.3009757799	-0.5298468239	0.2824459717
8714.517892971608	-32.014899814701494	75942822.10692231	1024.9538101453736	7272.754579195063	-17.320422103557576	299.9970218454058	52892959.16920276	7718.9800954807615	-19.23436197770752	59582653.71442819	369.9606806894808	7687.440951776129	10494.171227309098	0.619917	26.502386	0.06994600000000005	0.0427336	0.0106972733	-0.0307941556	0.0822183264	-0.0548703229	-0.0074955295	-0.047501580700000004	0.0258018783	0.0062179324	0.0747128133	0.0348265605	0.0220481587	0.0096035198	0.0466398243	-0.0256229533	0.033878615	0.022991357799999997	-0.009584023399999999	0.0489192776	-0.0244943141	0.059789606900000014	0.046575886500000004	0.0266724065	0.0029379315	-0.021218522599999998	-0.0423273308	0.140181	0.004102999999999996	0.019650712761	1.6834608999999967e-05	-0.606061	0.03767200000000004	0.0014191795840000027	0.367309935721	0.321293	-0.006769999999999997	0.10322919184900001	4.583289999999998e-05	-0.0396849	9.800000000000085e-05	9.604000000000172e-09	0.00157489128801	0.00556524	-6.839999999999971e-05	3.09718962576e-05	4.6785599999999616e-09	-0.00653618	0.0002616200000000006	6.844502440000032e-08	4.27216489924e-05	0.0	0.0	0.0	0.0	0.0	0.0	0.0	0.0	0.0	0.0	0.0	0.0	0.0	0.0	0.0	0.0	0.0	0.0	0.0	0.0	0.0	0.0	0.0	0.0	0.0	0.0	0.0	0.0	0.0	0.0	0.0	0.0	0.0	0.0	0.0	0.0	0.0	0.0	0.0	0.0	0.0	0.0	0.0	0.0	0.0	0.0	0.0	0.0	0.0	0.0	0.0	0.0	0.0	0.0	0.0	0.0	0.0	0.0	0.0	0.0	0.0	0.0	0.0	0.0	0.0	0.0	0.0	0.0	0.0	0.0	0.0	0.0	0.0	0.0	0.0	0.0	0.0	0.0	0.0	0.0	0.0	0.0	0.0	0.0	0.0	0.0	0.0	0.0	0.0	0.0	0.0	0.0	0.0	0.0	0.0	0.0	0.0	0.0	0.0	0.0	0.0	0.0	0.0	-1.677831566	0.6920275223	0.7997753498	0.9341273038	0.4922589441	0.6146789681	0.05027687006	-0.7515227305	-0.5624542083	0.08126029439	-1.461386376	-0.3693391962	-1.90738548	-0.8353362009	-2.253368022	-1.263014517	-0.3242280298	-1.043852606	-0.8140784945	-0.4498501967	-0.5366304575	0.4747245383	1.374688754	0.5847881252	0.8283590359	0.9035784637	-0.4981355731	0.7083609768	-0.909497871	-0.1208364797	0.1501164461	-0.2130721375	-0.6742930496	1.089077102
8764.926324868573	50.40843189696534	76823933.48037411	2541.010006310993	7295.980630298372	23.22605110330824	539.4494498534857	53231333.35768902	7742.159975141648	23.179879660886396	59941041.08068533	537.306821093175	7710.325654600713	10705.026275260352	0.6804979999999999	29.092323	0.2560519999999999	0.162509	0.0048139197	-0.0153436019	0.0699925852	-0.0649468363	-0.0003439693	-0.0314272886	0.0279378627	-0.0179182624	0.10782960119999999	0.0265490761	0.0095935065	0.0071032685	0.0583216742	-0.023862901000000002	0.0256622147	0.0106520115	-0.0069979864000000004	0.060805985599999994	-0.022842531200000002	0.059632103	0.0459918862	0.025520879500000003	0.0012594702	-0.023188997700000002	-0.0441933979	0.129274	-0.010907	0.016711767076	0.000118962649	-0.464295	0.141766	0.020097598756	0.215569847025	0.375821	0.05452800000000002	0.141241424041	0.0029733027840000022	-0.0404452	-0.0007602999999999986	5.780560899999978e-07	0.0016358142030400002	0.00565725	9.201e-05	3.20044775625e-05	8.465840100000001e-09	-0.00666089	-0.0001247100000000001	1.5552584100000025e-08	4.43674555921e-05	0.0	0.0	0.0	0.0	0.0	0.0	0.0	0.0	0.0	0.0	0.0	0.0	0.0	0.0	0.0	0.0	0.0	0.0	0.0	0.0	0.0	0.0	0.0	0.0	0.0	0.0	0.0	0.0	0.0	0.0	0.0	0.0	0.0	0.0	0.0	0.0	0.0	0.0	0.0	0.0	0.0	0.0	0.0	0.0	0.0	0.0	0.0	0.0	0.0	0.0	0.0	0.0	0.0	0.0	0.0	0.0	0.0	0.0	0.0	0.0	0.0	0.0	0.0	0.0	0.0	0.0	0.0	0.0	0.0	0.0	0.0	0.0	0.0	0.0	0.0	0.0	0.0	0.0	0.0	0.0	0.0	0.0	0.0	0.0	0.0	0.0	0.0	0.0	0.0	0.0	0.0	0.0	0.0	0.0	0.0	0.0	0.0	0.0	0.0	0.0	0.0	0.0	0.0	-1.694271862	0.7998661886	0.8738239447	0.9205466444	0.4172121144	1.008868187	0.8652683427	0.02791765883	0.1959044988	0.09783622973	-1.151766276	-0.654913296	-2.17078521	-0.5609713815	-2.108736745	-1.318488134	-0.2905208326	-1.186949906	-0.7782784865	0.1119309441	-0.3550310171	0.7362890481	0.7925417535	-0.07913218509	1.12579628	1.15652426	-0.8940397302	1.012575027	-0.675172902	1.094406558	-0.2353443618	0.3096195415	-0.7277895417	0.4946913715
8730.800937134765	-34.125387733807656	76226885.00387329	1164.54208798271	7291.67716298205	-4.303467316321985	18.519830942651552	53168555.84915395	7724.719202169012	-17.440772972635383	59671286.75235867	304.180561883009	7692.697161635216	10600.752556768495	0.669093	28.604744	0.16600299999999998	0.102336	0.0095060477	-0.0251140283	0.07967458599999999	-0.0601454411	-0.005531961700000001	-0.0358430487	0.0275015579	0.0112734654	0.07974381629999999	0.0319088684	0.0263506058	0.0085875413	0.0545167735	-0.0223834416	0.0311035244	0.027083233300000002	-0.0080907609	0.056416970999999996	-0.0206484343	0.059472065899999996	0.0454000708	0.0243595953	-0.0004198472	-0.0251348471	-0.0459918862	0.136897	0.007622999999999991	0.018740788609	5.811012899999987e-05	-0.552353	-0.08805800000000003	0.007754211364000005	0.305093836609	0.337336	-0.038484999999999984	0.11379557689600002	0.0014810952249999993	-0.040012	0.0004332000000000016	1.8766224000000146e-07	0.001600960144	0.00558206	-7.519000000000015e-05	3.11593938436e-05	5.653536100000023e-09	-0.00653254	0.00012835000000000017	1.647372250000004e-08	4.26740788516e-05	0.0	0.0	0.0	0.0	0.0	0.0	0.0	0.0	0.0	0.0	0.0	0.0	0.0	0.0	0.0	0.0	0.0	0.0	0.0	0.0	0.0	0.0	0.0	0.0	0.0	0.0	0.0	0.0	0.0	0.0	0.0	0.0	0.0	0.0	0.0	0.0	0.0	0.0	0.0	0.0	0.0	0.0	0.0	0.0	0.0	0.0	0.0	0.0	0.0	0.0	0.0	0.0	0.0	0.0	0.0	0.0	0.0	0.0	0.0	0.0	0.0	0.0	0.0	0.0	0.0	0.0	0.0	0.0	0.0	0.0	0.0	0.0	0.0	0.0	0.0	0.0	0.0	0.0	0.0	0.0	0.0	0.0	0.0	0.0	0.0	0.0	0.0	0.0	0.0	0.0	0.0	0.0	0.0	0.0	0.0	0.0	0.0	0.0	0.0	0.0	0.0	0.0	0.0	-1.668115285	0.6762543965	0.8194806149	0.9822641414	0.5279811934	0.7686806586	0.09027160335	-0.5789740762	-0.4585290485	0.1426754081	-1.269855861	-0.4117000529	-1.886840599	-0.7933904123	-2.036710145	-1.209163118	-0.03801894677	-1.008002402	-0.8645023733	-0.2891021506	-0.3928100182	0.4483729796	1.303853158	0.4949991205	1.07953929	1.005340984	-0.3549129809	0.7294604601	-0.4220673788	-0.1834817713	-0.04620080951	0.6906942656	-0.7213427116	1.332309926
8773.675239095364	42.87430196059904	76977377.20111509	1838.2057686086266	7304.089383259226	12.412220277176855	154.0632122091603	53349721.71864015	7749.927129549705	25.20792738069213	60061370.51333053	635.4396028302477	7718.223112221667	10738.296213508756	0.759079	32.451778000000004	0.06303499999999998	0.029066	0.0063636726	-0.009033170699999999	0.0702906086	-0.0625239457	0.0014978566	-0.0339780781	0.0404720524	0.003729594	0.0978870592	0.0230942834	0.0125467201	0.0069233474	0.0655635432	-0.023957523199999997	0.0221923418	0.013807339699999999	-0.0061986333999999995	0.06852959730000001	-0.0220339648	0.059309502199999996	0.0448005407	0.023188997700000002	-0.0020988792	-0.0270540043	-0.047720045700000005	0.140183	0.003286000000000011	0.019651273489	1.0797796000000074e-05	-0.557292	-0.004939000000000028	2.4393721000000265e-05	0.310574373264	0.358248	0.020911999999999983	0.12834162950400002	0.0004373117439999994	-0.039556199999999986	0.00045580000000000615	2.0775364000000568e-07	0.0015646929584399994	0.005535	-4.705999999999981e-05	3.0636225e-05	2.2146435999999827e-09	-0.00635744	0.00017510000000000008	3.066001000000003e-08	4.04170433536e-05	0.0	0.0	0.0	0.0	0.0	0.0	0.0	0.0	0.0	0.0	0.0	0.0	0.0	0.0	0.0	0.0	0.0	0.0	0.0	0.0	0.0	0.0	0.0	0.0	0.0	0.0	0.0	0.0	0.0	0.0	0.0	0.0	0.0	0.0	0.0	0.0	0.0	0.0	0.0	0.0	0.0	0.0	0.0	0.0	0.0	0.0	0.0	0.0	0.0	0.0	0.0	0.0	0.0	0.0	0.0	0.0	0.0	0.0	0.0	0.0	0.0	0.0	0.0	0.0	0.0	0.0	0.0	0.0	0.0	0.0	0.0	0.0	0.0	0.0	0.0	0.0	0.0	0.0	0.0	0.0	0.0	0.0	0.0	0.0	0.0	0.0	0.0	0.0	0.0	0.0	0.0	0.0	0.0	0.0	0.0	0.0	0.0	0.0	0.0	0.0	0.0	0.0	0.0	-1.746033649	0.7818931349	0.8810252393	0.9306182998	0.4242084194	0.8374408144	0.9821062283	0.07508320467	0.3993296072	0.1716237322	-1.125171376	-0.6447760342	-2.446750296	-0.494728706	-2.140119408	-1.250011478	-0.3120882614	-1.296740609	-0.4461652218	-0.0700409974	-0.5225029498	0.700963154	0.703495224	-0.02558630045	1.270003276	0.6030037324	-0.8954648616	0.9230758598	-1.078274982	1.102149209	-0.2852981252	0.3161927411	-0.386418094	0.5034653332
8743.418448138134	-30.256790957229896	76447366.15924226	915.4733990295089	7299.792655263051	-4.296727996175832	18.46187147312118	53286972.80983238	7735.48279941205	-14.444330137655015	59837694.13999968	208.6386731255689	7703.785057823456	10666.612178571178	1.031909	44.115665	0.23167850000000004	0.125803	0.0114261659	-0.020131302900000002	0.07879645980000001	-0.0556405395	-0.0006368219000000001	-0.0427402884	0.0183724865	0.0073188568999999985	0.07071537280000001	0.0286951737	0.0262507233	0.008972951	0.0563549624	-0.014461334199999999	0.027663027799999997	0.0272026163	-0.0087250096	0.058526046799999995	-0.0133639175	0.059144419000000004	0.0441933979	0.0220095344	-0.0037764846000000003	-0.0289444313	-0.0493752335	0.130908	-0.009275000000000005	0.017136904464	8.60256250000001e-05	-0.463376	0.093916	0.008820215055999999	0.214717317376	0.416764	0.05851600000000001	0.17369223169599998	0.003424122256000001	-0.040124300000000016	-0.0005681000000000157	3.22737610000018e-07	0.0016099594504900008	0.00495677	-0.0005782299999999999	2.45695688329e-05	3.343499328999999e-07	-0.00610434	0.0002531	6.405961000000001e-08	3.72629668356e-05	0.0	0.0	0.0	0.0	0.0	0.0	0.0	0.0	0.0	0.0	0.0	0.0	0.0	0.0	0.0	0.0	0.0	0.0	0.0	0.0	0.0	0.0	0.0	0.0	0.0	0.0	0.0	0.0	0.0	0.0	0.0	0.0	0.0	0.0	0.0	0.0	0.0	0.0	0.0	0.0	0.0	0.0	0.0	0.0	0.0	0.0	0.0	0.0	0.0	0.0	0.0	0.0	0.0	0.0	0.0	0.0	0.0	0.0	0.0	0.0	0.0	0.0	0.0	0.0	0.0	0.0	0.0	0.0	0.0	0.0	0.0	0.0	0.0	0.0	0.0	0.0	0.0	0.0	0.0	0.0	0.0	0.0	0.0	0.0	0.0	0.0	0.0	0.0	0.0	0.0	0.0	0.0	0.0	0.0	0.0	0.0	0.0	0.0	0.0	0.0	0.0	0.0	0.0	-1.631573592	0.6045533677	0.7955583075	0.9774178992	0.6139547579	0.9708369191	-0.5518358319	-0.6606281683	-0.4537629603	0.1720702111	-1.04514954	-0.1774788787	-1.873397934	-0.8025513012	-1.972111804	-1.213423881	-0.008307141645	-0.7812794476	-0.7987530362	-0.07701214687	-0.3390869235	0.5644314947	1.066709025	0.2805975631	1.064763745	1.471686055	0.08944935555	0.5152409576	-0.4056560637	-0.4014445397	0.1832911518	0.7424236004	-0.6990228025	1.599446856
8777.262832787434	33.84438464929917	77040342.83583169	1145.4423722897175	7346.969111535905	47.176456272854004	2225.6180264645072	53977955.12586268	7774.639758306253	39.156958894202944	60445023.37143631	1533.267429842299	7739.664630699325	10663.039629631396	2.187872	93.534882	2.355306	1.4857200000000002	0.0256972798	0.0126944949	0.0367829857	0.0490965168	0.0089466709	-0.0403318904	0.0199242985	-0.0261774631	0.0984508605	0.0075046478	0.0365564696	-0.0040463878000000005	0.0202889322	-0.0017525339000000002	0.0069802673	0.0366130197	0.0049724713	0.021783725499999997	0.0013835446	0.0589768232	0.0435787454	0.0208216562	-0.0054515232999999995	-0.030804120499999997	-0.0509549188	0.379547	0.248639	0.144055925209	0.06182135232099999	-0.4710180000000001	-0.007642000000000038	5.840016400000059e-05	0.22185795632400004	0.531145	0.11438099999999995	0.282115011025	0.01308301316099999	-0.0338255	0.006298800000000007	3.967488144000009e-05	0.0011441644502499999	-0.00476847	-0.00972524	2.27383061409e-05	9.45802930576e-05	0.0175645	0.02366884	0.0005602139869456	0.00030851166025	0.0	0.0	0.0	0.0	0.0	0.0	0.0	0.0	0.0	0.0	0.0	0.0	0.0	0.0	0.0	0.0	1.0	0.0	0.0	0.0	0.0	0.0	0.0	0.0	0.0	0.0	0.0	0.0	0.0	0.0	0.0	0.0	0.0	0.0	0.0	0.0	0.0	0.0	0.0	0.0	0.0	0.0	0.0	0.0	0.0	0.0	0.0	0.0	0.0	0.0	0.0	0.0	0.0	0.0	0.0	0.0	0.0	0.0	0.0	0.0	0.0	0.0	0.0	0.0	0.0	0.0	0.0	0.0	0.0	0.0	0.0	0.0	0.0	0.0	0.0	0.0	0.0	0.0	0.0	0.0	0.0	0.0	0.0	0.0	0.0	0.0	0.0	0.0	0.0	0.0	0.0	0.0	0.0	0.0	0.0	0.0	0.0	0.0	0.0	0.0	0.0	0.0	0.0	-1.371735017	0.4858979129	0.660464074	0.9860387007	0.7003549753	1.432062583	2.672470562	0.3018339006	-0.09625168649	0.3813021295	-1.489391068	-0.7545471668	-2.260786009	-1.344930603	-1.729367004	0.7204161821	-0.3359450973	-0.4803057085	-1.443457169	0.8238538007	0.1752126095	0.2460137109	-4.097758445	0.1253350371	0.7295592797	0.6176403584	0.1972805911	0.1967473024	-0.1920682201	1.097891564	-0.6726611229	0.6657345732	-0.003680849662	2.802376088
8627.076590580928	-150.186242206506	74426450.49974944	22555.907348111283	7126.434619627607	-220.53449190829724	48635.46212125082	50786070.38782688	7652.415625065659	-122.2241332405938	58559464.89874904	14938.738746414429	7619.447047695792	9956.041089958671	3.262506	139.477127	4.3338115	1.88376	0.0749435678	-0.0164724805	0.0299861262	0.0054249887	-0.0964162989	-0.045097741399999995	-0.0140675447	0.0715318075	0.0199471856	0.0778375352	0.0187383635	-0.021567569900000003	0.07676502610000001	0.0685485712	0.07741382620000001	0.0192411349	0.0244681608	0.0795911149	0.0711735379	0.058806722	0.042956687800000004	0.0196258174	-0.0071228567	-0.0326310971	-0.0524566858	-1.31693	-1.6964769999999998	1.7343046248999998	2.8780342115289987	-1.11894	-0.647922	0.419802918084	1.2520267236	1.22543	0.694285	1.5016786849	0.4820316612250001	-0.026747500000000004	0.007077999999999998	5.0098083999999956e-05	0.0007154287562500003	-0.00585152	-0.0010830499999999997	3.42402863104e-05	1.1729973024999987e-06	0.035306	0.017741499999999997	0.00031476082224999983	0.0012465136359999995	0.0	0.0	0.0	0.0	0.0	0.0	0.0	0.0	0.0	0.0	0.0	0.0	0.0	0.0	0.0	0.0	0.0	1.0	0.0	0.0	0.0	0.0	0.0	0.0	0.0	0.0	0.0	0.0	0.0	0.0	0.0	0.0	0.0	0.0	0.0	0.0	0.0	0.0	0.0	0.0	0.0	0.0	0.0	0.0	0.0	0.0	0.0	0.0	0.0	0.0	0.0	0.0	0.0	0.0	0.0	0.0	0.0	0.0	0.0	0.0	0.0	0.0	0.0	0.0	0.0	0.0	0.0	0.0	0.0	0.0	0.0	0.0	0.0	0.0	0.0	0.0	0.0	0.0	0.0	0.0	0.0	0.0	0.0	0.0	0.0	0.0	0.0	0.0	0.0	0.0	0.0	0.0	0.0	0.0	0.0	0.0	0.0	0.0	0.0	0.0	0.0	0.0	0.0	-0.7420989504	-0.4008843767	0.207758829	0.4105553741	-0.2309050645	1.022927277	0.7781534789	-4.010797957	-0.6980930268	0.7651686432	-0.5097406708	3.204204073	-2.204323603	-0.8128082911	2.457295717	-0.2266106015	1.733902989	-2.302054019	-0.9161878385	2.323663386	0.04724609509	1.843310453	3.255247814	-1.201961821	-1.274726398	0.1075386444	2.499210403	-0.1794416366	-1.296694072	0.8990929444	-1.216846218	-0.9034860924	-3.834710668	2.218327065
8705.531395210966	78.45480463003878	75786276.8730038	6155.1563695375535	7105.572408992685	-20.86221063492212	435.2318325758577	50489159.25943811	7699.385620171903	46.96999510624393	59280538.92810988	2206.1804402805774	7664.297549756758	10315.43390466547	2.625246	112.233276	2.4015615	1.10016	0.053211461200000004	0.003004016	0.044577818600000006	0.0244355022	-0.09493897429999999	-0.0685161999	0.0201073023	-0.0053240734	-0.0119899104	0.0489405246	0.0287461843	0.0143259349	0.053417840700000004	0.0571029373	0.0488314956	0.028749386000000002	-0.0134312527	0.0554265075	0.054264697699999996	0.0586341225	0.0423273308	0.0184224751	-0.0087893489	-0.0344234208	-0.053878238200000005	-0.42052	0.8964099999999999	0.1768370704	0.8035508880999999	-0.776845	0.34209500000000004	0.11702898902500004	0.603488154025	0.8598709999999999	-0.3655590000000001	0.7393781366409999	0.13363338248100007	-0.026229400000000003	0.0005181000000000005	2.684276100000005e-07	0.0006879814243600003	-0.00547267	0.00037885	2.99501169289e-05	1.4352732250000002e-07	0.020253	-0.015052999999999997	0.0002265928089999999	0.000410184009	0.0	0.0	0.0	0.0	0.0	0.0	0.0	0.0	0.0	0.0	0.0	0.0	0.0	0.0	0.0	0.0	0.0	0.0	1.0	0.0	0.0	0.0	0.0	0.0	0.0	0.0	0.0	0.0	0.0	0.0	0.0	0.0	0.0	0.0	0.0	0.0	0.0	0.0	0.0	0.0	0.0	0.0	0.0	0.0	0.0	0.0	0.0	0.0	0.0	0.0	0.0	0.0	0.0	0.0	0.0	0.0	0.0	0.0	0.0	0.0	0.0	0.0	0.0	0.0	0.0	0.0	0.0	0.0	0.0	0.0	0.0	0.0	0.0	0.0	0.0	0.0	0.0	0.0	0.0	0.0	0.0	0.0	0.0	0.0	0.0	0.0	0.0	0.0	0.0	0.0	0.0	0.0	0.0	0.0	0.0	0.0	0.0	0.0	0.0	0.0	0.0	0.0	0.0	-0.6774775419	0.08191772175	0.3687253684	0.9551833397	0.1754325563	1.335775681	-2.410116652	-1.347825936	-1.500217461	0.07901979468	1.95706159	1.929713966	-1.860645045	-0.7577034743	-0.3101272303	-0.2874354077	-1.534342645	0.7457450931	-0.4957407411	0.4414922736	-0.6159351554	0.6730774211	-1.282617694	0.4325268269	-0.8543657874	0.734585929	2.545840981	-1.056748897	-0.4106736964	-1.006126624	-1.552179617	-1.026209268	-0.2779208121	2.756745727
8755.490907671776	49.959512460809485	76658621.03432314	2495.952885321779	7209.360041971408	103.78763297872229	10771.87275932596	51974872.21477398	7747.333169332698	47.94754916079546	60021171.23664263	2298.9674705268976	7713.332570991214	10385.79983990974	2.076302	88.76508299999998	1.7168396	0.7467229999999999	0.0360920971	0.0425155923	0.020208065900000002	0.11255754359999999	-0.0364418251	-0.0327043842	0.04308498980000002	-0.0269184214	0.058167982199999996	0.019738153	0.027668281800000003	0.0055555972999999995	0.037998850099999995	-0.0279755228	0.0190876575	0.0282751882	-0.0053102289	0.037855256000000004	-0.0284079668	0.0584590322	0.0416907812	0.017212089399999998	-0.010449867199999999	-0.0361791883	-0.055217402199999994	-0.0900937	0.3304263	0.00811687477969	0.10918153973169	-0.561789	0.215056	0.04624908313600001	0.315606880521	0.584533	-0.275338	0.341678828089	0.07581101424399997	-0.0250451	0.0011843000000000027	1.4025664900000065e-06	0.00062725703401	-0.000128004	0.005344666	1.6385024016e-08	2.8565454651555995e-05	0.00886158	-0.01139142	0.00012976444961639998	7.852760009640001e-05	0.0	0.0	0.0	0.0	0.0	0.0	0.0	0.0	0.0	0.0	0.0	0.0	0.0	0.0	0.0	0.0	0.0	0.0	0.0	1.0	0.0	0.0	0.0	0.0	0.0	0.0	0.0	0.0	0.0	0.0	0.0	0.0	0.0	0.0	0.0	0.0	0.0	0.0	0.0	0.0	0.0	0.0	0.0	0.0	0.0	0.0	0.0	0.0	0.0	0.0	0.0	0.0	0.0	0.0	0.0	0.0	0.0	0.0	0.0	0.0	0.0	0.0	0.0	0.0	0.0	0.0	0.0	0.0	0.0	0.0	0.0	0.0	0.0	0.0	0.0	0.0	0.0	0.0	0.0	0.0	0.0	0.0	0.0	0.0	0.0	0.0	0.0	0.0	0.0	0.0	0.0	0.0	0.0	0.0	0.0	0.0	0.0	0.0	0.0	0.0	0.0	0.0	0.0	-1.186186936	0.3806459297	0.5233920842	0.9818289104	0.1215020959	1.091015471	1.704821216	-1.10972958	-1.102198391	0.1521388996	-0.5856589917	0.2653178037	-2.315707911	-0.4870616853	-0.4799787912	0.1638579825	-0.428823354	-0.4781311087	-0.6167594626	0.5441747455	-0.6000558791	0.2539088548	-2.244849341	0.3993330766	-0.5489916814	0.6190059422	-0.2033857251	-0.9768040813	-1.207874722	2.324935653	0.5931448133	-0.2680283758	0.5305802194	0.4476700457
8775.061331602199	19.570423930423203	77001701.37338015	383.0014928164812	7239.70951992603	30.349477954622675	921.0908121181276	52413393.93290759	7747.830298628522	0.4971292958234699	60028874.33634613	0.24713753676593905	7714.404614193621	10489.584679653564	1.103719	47.185669	0.269397735	0.142004	0.0366621366	0.0341259731	0.0170965118	0.1031335139	-0.032541	-0.0261778882	0.016850549	0.0003037012	0.0372303406	0.0199889869	0.026001835299999998	0.0012326678999999999	0.037217914500000004	0.004009014	0.0194609218	0.0262696691	-0.000465436	0.037906795699999996	0.0053190908	0.0582814584	0.0410471473	0.0159951231	-0.012103283000000001	-0.037896535099999996	-0.0564721299	-0.061653199999999984	0.028440500000000007	0.0038011170702399993	0.0008088620402500004	-0.459097	0.10269199999999996	0.01054564686399999	0.21077005540900004	0.509262	-0.07527099999999998	0.259347784644	0.005665723440999996	-0.0243448	0.0007003000000000044	4.904200900000062e-07	0.0005926692870399997	-3.17593e-05	9.624469999999999e-05	1.00865313649e-09	9.26304227809e-09	0.008398239999999998	-0.0004633400000000031	2.1468395560000287e-07	7.053043509759996e-05	0.0	0.0	0.0	0.0	0.0	0.0	0.0	0.0	0.0	0.0	0.0	0.0	0.0	0.0	0.0	0.0	0.0	0.0	0.0	0.0	0.0	0.0	0.0	0.0	0.0	0.0	0.0	0.0	0.0	0.0	0.0	0.0	0.0	0.0	0.0	0.0	0.0	0.0	0.0	0.0	0.0	0.0	0.0	0.0	0.0	0.0	0.0	0.0	0.0	0.0	0.0	0.0	0.0	0.0	0.0	0.0	0.0	0.0	0.0	0.0	0.0	0.0	0.0	0.0	0.0	0.0	0.0	0.0	0.0	0.0	0.0	0.0	0.0	0.0	0.0	0.0	0.0	0.0	0.0	0.0	0.0	0.0	0.0	0.0	0.0	0.0	0.0	0.0	0.0	0.0	0.0	0.0	0.0	0.0	0.0	0.0	0.0	0.0	0.0	0.0	0.0	0.0	0.0	-0.7794031349	0.2386785273	0.4761871866	1.154170853	0.1599949294	1.449642888	-0.7301197227	-1.498086422	-1.33888925	0.2663206002	1.038275607	0.6842338936	-1.400826593	-0.7768462672	-0.06361061974	0.1480540701	-0.227436245	0.5016254264	-0.5968768457	0.9174988893	-0.3291502546	0.0365713392	-2.0769551	-0.6503655445	-0.1197754627	0.6365876459	1.156885212	-1.182904773	-0.6011175867	1.241596221	0.03190293908	0.800194681	-0.5812390554	0.8662176444
8771.769376518112	-3.291955084087021	76943937.99482095	10.836968275646392	7254.485429479721	14.775909553690324	218.32750313883702	52627558.84653357	7740.319510151698	-7.510788476824017	59912546.11923502	56.411943543592464	7708.60894106732	10416.25177519466	0.869183	37.158878	0.3371360850000001	0.184335	0.032397114399999996	0.035227582599999994	0.0174569245	0.110863103	-0.028350184100000002	-0.0231262887	0.0058616101	0.024972479500000002	0.0538533037	0.0219373807	0.0337646135	0.0088605309	0.0262208252	0.0067635215	0.0212143694	0.0342796892	-0.0074410972	0.027533272799999998	0.0105720366	0.0581014087	0.0403965384	0.0147720414	-0.0137484725	-0.0395736373	-0.0576405028	-0.0387185	0.022934699999999992	0.0014991222422500005	0.0005260004640899995	-0.626306	-0.167209	0.027958849681	0.392259205636	0.453139	-0.05612299999999998	0.205334953321	0.0031497911289999976	-0.025656	-0.0013112000000000054	1.7192454400000145e-06	0.0006582303360000001	-0.000331657	-0.00029989769999999995	1.0999636564899995e-07	8.993863046528998e-08	0.00819195	-0.00020628999999999786	4.2555564099999116e-08	6.71080448025e-05	0.0	0.0	0.0	0.0	0.0	0.0	0.0	0.0	0.0	0.0	0.0	0.0	0.0	0.0	0.0	0.0	0.0	0.0	0.0	0.0	0.0	0.0	0.0	0.0	0.0	0.0	0.0	0.0	0.0	0.0	0.0	0.0	0.0	0.0	0.0	0.0	0.0	0.0	0.0	0.0	0.0	0.0	0.0	0.0	0.0	0.0	0.0	0.0	0.0	0.0	0.0	0.0	0.0	0.0	0.0	0.0	0.0	0.0	0.0	0.0	0.0	0.0	0.0	0.0	0.0	0.0	0.0	0.0	0.0	0.0	0.0	0.0	0.0	0.0	0.0	0.0	0.0	0.0	0.0	0.0	0.0	0.0	0.0	0.0	0.0	0.0	0.0	0.0	0.0	0.0	0.0	0.0	0.0	0.0	0.0	0.0	0.0	0.0	0.0	0.0	0.0	0.0	0.0	-1.100280683	0.327553058	0.5033044659	1.164539136	0.2446507352	1.184677186	0.9977443931	-1.34851295	-1.262393532	0.4962826195	-0.4105640873	0.2319641958	-2.015606559	-0.7553692933	-0.7673055266	-0.01440467406	0.02496220279	-0.1223568454	-0.6075970625	0.6371717673	-0.658889101	0.08631296726	-2.05682263	-0.3255731484	-0.1301576797	-0.7414711203	0.4056688518	-1.11342367	0.3138928452	1.519987896	0.3841815165	0.9935141947	-0.1995019584	0.6017056885
8807.650311874213	35.88093535610096	77574704.01625793	1287.4415220286962	7267.476485102226	12.991055622505884	168.76752618704168	52816214.46151381	7742.402494655388	2.082984503690568	59944796.38924598	4.338824442615041	7709.32936292777	10513.74624036689	0.682467	29.176489	0.20757870000000025	0.123046	0.033612827799999995	0.041711262400000004	0.013337748600000001	0.0994726453	-0.0301769434	-0.0410609769	-0.0023354154999999997	0.0356037404	0.0380204081	0.023654584399999998	0.025965995699999998	-0.0043967603	0.0412421532	0.016234925600000002	0.0231261216	0.026183301800000003	0.0051999352	0.040332135899999996	0.0142698293	0.0579188907	0.0397390651	0.013543311899999999	-0.0153843175	-0.041208714	-0.05872073410000001	-0.0385428	0.00017570000000000086	0.0014855474318400002	3.08704900000003e-08	-0.517608	0.10869800000000007	0.011815255204000015	0.267918041664	0.510772	0.05763299999999999	0.260888035984	0.0033215626889999987	-0.025202	0.0004539999999999995	2.0611599999999962e-07	0.0006351408040000001	-0.000687097	-0.00035544000000000005	4.72102287409e-07	1.2633759360000006e-07	0.00817995	-1.1999999999999858e-05	1.439999999999966e-10	6.69115820025e-05	0.0	0.0	0.0	0.0	0.0	0.0	0.0	0.0	0.0	0.0	0.0	0.0	0.0	0.0	0.0	0.0	0.0	0.0	0.0	0.0	0.0	0.0	0.0	0.0	0.0	0.0	0.0	0.0	0.0	0.0	0.0	0.0	0.0	0.0	0.0	0.0	0.0	0.0	0.0	0.0	0.0	0.0	0.0	0.0	0.0	0.0	0.0	0.0	0.0	0.0	0.0	0.0	0.0	0.0	0.0	0.0	0.0	0.0	0.0	0.0	0.0	0.0	0.0	0.0	0.0	0.0	0.0	0.0	0.0	0.0	0.0	0.0	0.0	0.0	0.0	0.0	0.0	0.0	0.0	0.0	0.0	0.0	0.0	0.0	0.0	0.0	0.0	0.0	0.0	0.0	0.0	0.0	0.0	0.0	0.0	0.0	0.0	0.0	0.0	0.0	0.0	0.0	0.0	-0.9941886492	0.2550191931	0.4654137641	1.200029168	0.236309969	1.202617971	-0.4503306635	-1.622139641	-0.991593735	0.3320874544	0.7523413553	0.5055886317	-1.737222877	-0.7201711153	-0.4961112032	-0.1783335164	-0.1299605175	0.5614977685	-0.1640547729	0.8799320893	-0.9264153423	0.3177350769	-1.935360844	-0.8474156171	-0.1001230974	-1.027670707	1.0393028	-1.169692721	0.8342008586	1.285557049	-0.05851158199	0.581582929	-0.4093309361	0.533604339
8808.23702275646	0.5867108822476439	77585039.4490576	0.34422965934780864	7312.669906811004	45.19342170877735	2042.445365747388	53475141.16597925	7736.773473174515	-5.6290214808732335	59857663.77521685	31.6858828321323	7703.327078897007	10561.377741689184	0.667717	28.545933	0.2317907	0.162502	0.0351320031	0.0508681121	0.0111441827	0.1041477157	-0.014373824299999999	-0.051061929000000006	-0.0070761385	0.0272059777	0.0496765243	0.0245713155	0.033577769199999996	0.0047662664	0.0315311905	0.0101063127	0.0240247842	0.0338575943	-0.0037936321000000004	0.0322157246	0.010872007	0.057733912199999994	0.0390748391	0.0123094045	-0.0170097061	-0.0428000287	-0.059711172	-0.04107	-0.002527199999999993	0.0016867448999999994	6.386739839999967e-06	-0.371191	0.14641699999999996	0.021437937888999992	0.137782758481	0.57571	0.06493800000000005	0.3314420041000001	0.004216943844000007	-0.0253731	-0.00017109999999999695	2.9275209999998958e-08	0.00064379420361	-0.000687097	0.0	4.72102287409e-07	0.0	0.008367019999999998	0.00018706999999999752	3.499518489999907e-08	7.000702368039996e-05	0.0	0.0	0.0	0.0	0.0	0.0	0.0	0.0	0.0	0.0	0.0	0.0	0.0	0.0	0.0	0.0	0.0	0.0	0.0	0.0	0.0	0.0	0.0	0.0	0.0	0.0	0.0	0.0	0.0	0.0	0.0	0.0	0.0	0.0	0.0	0.0	0.0	0.0	0.0	0.0	0.0	0.0	0.0	0.0	0.0	0.0	0.0	0.0	0.0	0.0	0.0	0.0	0.0	0.0	0.0	0.0	0.0	0.0	0.0	0.0	0.0	0.0	0.0	0.0	0.0	0.0	0.0	0.0	0.0	0.0	0.0	0.0	0.0	0.0	0.0	0.0	0.0	0.0	0.0	0.0	0.0	0.0	0.0	0.0	0.0	0.0	0.0	0.0	0.0	0.0	0.0	0.0	0.0	0.0	0.0	0.0	0.0	0.0	0.0	0.0	0.0	0.0	0.0	-1.091847737	0.3025541868	0.4317762352	1.148148742	0.2305252942	1.545389629	0.7471227532	-1.290770194	-1.1862416	0.3928380137	-0.2448095442	0.303115673	-1.698651461	-0.7168992729	-0.6176593397	-0.02861042934	-0.05365261295	-0.08465826378	0.04187935309	0.6743823463	-0.6414894112	0.3380401181	-1.922250265	-0.1008690366	-0.1063283968	-0.3480399702	0.5632206874	-1.143404326	0.5750469491	1.78904116	0.635357775	1.802512524	0.05527745675	0.8966970571
8799.852561326812	-8.384461429648582	77437405.10109006	70.29919346526474	7297.552957737699	-15.116949073304568	228.52214928488385	53254279.17098624	7736.204562704855	-0.5689104696602953	59848861.03601541	0.32365912248909784	7703.621697896411	10594.478697938515	0.5899760000000001	25.222355	0.18093585	0.0974668	0.0373383803	0.052287521600000005	0.007490271800000002	0.0966423204	-0.021498194900000003	-0.0494181514	-0.0069682168000000004	0.0141231385	0.0400004836	0.025114775099999997	0.0343063033	-0.0034345346999999997	0.0346078361	0.015062913899999999	0.0246790422	0.0344806391	0.0039360171000000005	0.0344232639	0.0126657025	0.05754648110000001	0.0384039733	0.0110707909	-0.0186235337	-0.0443458917	-0.0606103021	-0.0304273	0.010642699999999998	0.00092582058529	0.00011326706328999995	-0.456097	-0.08490600000000004	0.007209028836000006	0.208024473409	0.584109	0.008398999999999934	0.341183323881	7.054320099999889e-05	-0.0248199	0.0005531999999999966	3.060302399999964e-07	0.0006160274360100001	-0.000229554	0.000457543	5.2695038916e-08	2.0934559684900004e-07	0.00889604	0.0005290200000000017	2.7986216040000164e-07	7.913952768159997e-05	0.0	0.0	0.0	0.0	0.0	0.0	0.0	0.0	0.0	0.0	0.0	0.0	0.0	0.0	0.0	0.0	0.0	0.0	0.0	0.0	0.0	0.0	0.0	0.0	0.0	0.0	0.0	0.0	0.0	0.0	0.0	0.0	0.0	0.0	0.0	0.0	0.0	0.0	0.0	0.0	0.0	0.0	0.0	0.0	0.0	0.0	0.0	0.0	0.0	0.0	0.0	0.0	0.0	0.0	0.0	0.0	0.0	0.0	0.0	0.0	0.0	0.0	0.0	0.0	0.0	0.0	0.0	0.0	0.0	0.0	0.0	0.0	0.0	0.0	0.0	0.0	0.0	0.0	0.0	0.0	0.0	0.0	0.0	0.0	0.0	0.0	0.0	0.0	0.0	0.0	0.0	0.0	0.0	0.0	0.0	0.0	0.0	0.0	0.0	0.0	0.0	0.0	0.0	-0.9380150604	0.281248442	0.3740535691	1.128009752	0.3088215218	1.50295216	-0.1040068135	-1.520796309	-1.086108516	0.2171242514	0.7057199884	0.3816475869	-1.54899739	-0.7854053736	-0.3950944088	0.009753693865	0.03582270032	0.4111657666	0.5567259248	1.185284241	-0.7091902605	0.2936096027	-2.110722884	-0.5448236777	0.1214648889	-0.71854153	0.7920758483	-1.166811544	1.35676564	1.439937725	0.04386856604	1.013330539	-0.1905962264	0.4783229129
8791.049369192453	-8.803192134359051	77282549.01157902	77.49619175444106	7307.681098321143	10.128140583443383	102.57923167799288	53402203.0347601	7734.999569279472	-1.2049934253827814	59830218.33675362	1.4520091552157288	7700.6844649319055	10579.525526260422	0.579665	24.781542	0.15189493499999998	0.08132749999999997	0.0356739207	0.0543698788	0.0074475172	0.0990181376	-0.0158873888	-0.0485415733	-0.0058485438	0.033829259199999996	0.0505798504	0.0253637936	0.0310921914	0.0124743457	0.029702715299999998	0.016329626599999997	0.024864244100000002	0.0313644272	-0.0116774199	0.029846829300000002	0.0165383632	0.0573566053	0.0377265816	0.0098279446	-0.020224703400000002	-0.045844661200000004	-0.0614167493	-0.031346299999999994	-0.0009189999999999963	0.0009825905236899996	8.445609999999929e-07	-0.404207	0.051889999999999985	0.002692572099999999	0.16338329884900002	0.601178	0.017069	0.361414987684	0.000291350761	-0.0252336	-0.000413699999999996	1.711476899999967e-07	0.0006367345689599999	-3.26353e-05	0.0001969187	1.0650628060900001e-09	3.877697440969e-08	0.007866319999999998	-0.0010297200000000011	1.0603232784000028e-06	6.187899034239997e-05	0.0	0.0	0.0	0.0	0.0	0.0	0.0	0.0	0.0	0.0	0.0	0.0	0.0	0.0	0.0	0.0	0.0	0.0	0.0	0.0	0.0	0.0	0.0	0.0	0.0	0.0	0.0	0.0	0.0	0.0	0.0	0.0	0.0	0.0	0.0	0.0	0.0	0.0	0.0	0.0	0.0	0.0	0.0	0.0	0.0	0.0	0.0	0.0	0.0	0.0	0.0	0.0	0.0	0.0	0.0	0.0	0.0	0.0	0.0	0.0	0.0	0.0	0.0	0.0	0.0	0.0	0.0	0.0	0.0	0.0	0.0	0.0	0.0	0.0	0.0	0.0	0.0	0.0	0.0	0.0	0.0	0.0	0.0	0.0	0.0	0.0	0.0	0.0	0.0	0.0	0.0	0.0	0.0	0.0	0.0	0.0	0.0	0.0	0.0	0.0	0.0	0.0	0.0	-1.051831961	0.2895380147	0.4364250916	1.057895118	0.2618592771	1.423600176	0.6120191898	-1.553428576	-1.127306296	0.223358423	-0.2717394473	0.1534533544	-1.601872648	-0.6260171235	-0.7351306812	0.1301969365	-0.04236300504	-0.1007995587	0.4162151457	0.8024931748	-0.6534678788	0.363305382	-1.69967445	-0.2900235003	-0.1620307568	-0.8697272211	0.5208468325	-1.167324208	0.5742603109	1.66661666	0.3543910397	1.201239577	-0.2469088679	0.4121990773
8819.37852274198	28.329153549526378	77781437.5274025	802.5409408326433	7316.678020590925	8.996922269782774	80.94461032851318	53533777.25699834	7751.310599511325	16.311030231852783	60082816.01009661	266.04970722441544	7717.815773859449	10632.872286413336	0.686435	29.346155	0.341958415	0.203109	0.0359310246	0.065727874	-0.002308824	0.08455317039999999	-0.0151627353	-0.0526104742	-0.0090482508	0.0201850644	0.0580616366	0.017179019099999998	0.0324166458	0.0108975378	0.0444140747	0.029394148	0.0168591207	0.0325470175	-0.0098317191	0.044654303099999994	0.028113131099999997	0.057164292900000004	0.0370427793	0.0085813409	-0.0218121268	-0.0472947455	-0.062129280499999995	-0.0152735	0.01607279999999999	0.00023327980225	0.0002583348998399997	-0.280272	0.12393500000000007	0.01535988422500002	0.07855239398399998	0.599942	-0.0012360000000000149	0.35993040336399995	1.5276960000000367e-06	-0.0249374	0.00029619999999999647	8.77344399999979e-08	0.00062187391876	0.000535927	0.0005685623	2.8721774932899997e-07	3.2326308898129003e-07	0.00471679	-0.0031495299999999976	9.919539220899983e-06	2.2248107904100007e-05	0.0	0.0	0.0	0.0	0.0	0.0	0.0	0.0	0.0	0.0	0.0	0.0	0.0	0.0	0.0	0.0	0.0	0.0	0.0	0.0	0.0	0.0	0.0	0.0	0.0	0.0	0.0	0.0	0.0	0.0	0.0	0.0	0.0	0.0	0.0	0.0	0.0	0.0	0.0	0.0	0.0	0.0	0.0	0.0	0.0	0.0	0.0	0.0	0.0	0.0	0.0	0.0	0.0	0.0	0.0	0.0	0.0	0.0	0.0	0.0	0.0	0.0	0.0	0.0	0.0	0.0	0.0	0.0	0.0	0.0	0.0	0.0	0.0	0.0	0.0	0.0	0.0	0.0	0.0	0.0	0.0	0.0	0.0	0.0	0.0	0.0	0.0	0.0	0.0	0.0	0.0	0.0	0.0	0.0	0.0	0.0	0.0	0.0	0.0	0.0	0.0	0.0	0.0	-0.8755834666	0.3440446616	0.414763553	1.070198004	0.2014745305	1.708842353	0.11574734	-1.333844945	-0.7390528173	0.465869014	0.493845063	0.2532555456	-1.326786933	-0.5506154473	-0.6768255589	-0.2074810917	-0.2499582211	-0.03272748393	0.2252637429	0.9045622324	-0.4805212486	0.3105664031	-1.093121062	-0.6464560631	-0.1631383067	-0.7881363795	0.6029037039	-1.090775982	1.059939983	0.9654947902	0.02297360018	1.165223956	-0.4728126916	0.8229440691
8819.678949533236	0.30042679125654104	77786736.77283968	0.09025625690470128	7315.812466755318	-0.8655538356069883	0.7491834423339693	53521112.04873253	7750.747721536552	-0.5628779747730732	60074090.24290405	0.3168316144846364	7718.766805155667	10559.129997308306	0.6788810000000001	29.023197	0.34435405	0.214096	0.0316478979	0.055315676900000006	0.0094522953	0.0981138719	-0.0100583837	-0.048581688	-0.0160075373	0.0189624959	0.055150611399999994	0.016865973500000003	0.0312794656	0.0020564031	0.0263886197	0.0123767816	0.0166056252	0.0314295122	-0.0015927305999999999	0.0263701823	0.010453240899999999	0.056969552	0.0363526824	0.0073314563	-0.023384725099999996	-0.0486946049	-0.0627468061	-0.0166042	-0.0013306999999999991	0.00027569945764	1.770762489999997e-06	-0.465131	-0.18485900000000005	0.03417284988100002	0.21634684716100006	0.492261	-0.10768100000000004	0.24232089212099994	0.011595197761000006	-0.0251533	-0.00021589999999999804	4.6612809999999154e-08	0.00063268850089	0.00049502	-4.090699999999997e-05	2.450448004e-07	1.6733826489999972e-09	0.00546965	0.0007528600000000003	5.667981796000002e-07	2.9917071122500005e-05	0.0	0.0	0.0	0.0	0.0	0.0	0.0	0.0	0.0	0.0	0.0	0.0	0.0	0.0	0.0	0.0	0.0	0.0	0.0	0.0	0.0	0.0	0.0	0.0	0.0	0.0	0.0	0.0	0.0	0.0	0.0	0.0	0.0	0.0	0.0	0.0	0.0	0.0	0.0	0.0	0.0	0.0	0.0	0.0	0.0	0.0	0.0	0.0	0.0	0.0	0.0	0.0	0.0	0.0	0.0	0.0	0.0	0.0	0.0	0.0	0.0	0.0	0.0	0.0	0.0	0.0	0.0	0.0	0.0	0.0	0.0	0.0	0.0	0.0	0.0	0.0	0.0	0.0	0.0	0.0	0.0	0.0	0.0	0.0	0.0	0.0	0.0	0.0	0.0	0.0	0.0	0.0	0.0	0.0	0.0	0.0	0.0	0.0	0.0	0.0	0.0	0.0	0.0	-1.087262809	0.3349340461	0.472124767	1.075344818	0.2017441666	1.416229764	0.7525791186	-1.349421403	-1.149494777	0.4237788584	-0.2024422731	0.1780688536	-1.669312324	-0.5026771281	-0.9356941609	-0.1591707735	0.2066940091	-0.00489997621	0.07737544965	0.7750118345	-0.7063173986	0.2337050682	-1.576587051	-0.2127353807	-0.0858169731	-1.052563304	0.3121807479	-1.084664916	1.598442044	1.211513433	0.6890851722	0.4254112022	-0.2527605189	0.1635033348
8849.845218153281	30.166268620045233	78319760.38527049	910.0037624567257	7294.808078976895	-21.004387778423734	441.1843059463963	53214224.90910658	7755.196981323187	4.449259786635594	60143080.21912427	19.79591264897261	7721.674777299244	10637.96098045357	0.5311020000000001	22.705442	0.18932565000000007	0.0866066	0.0327400042	0.0670495057	-6.78381e-05	0.0780862853	-0.0173249954	-0.0510321006	-0.001158027	0.0348888125	0.0409286991	0.015742889399999998	0.0290464572	0.0005203479	0.042673492300000004	0.013304441399999999	0.015489747	0.029022082299999998	-1.53977e-05	0.0413244074	0.0105071958	0.056772391	0.035656408199999996	0.0060787686	-0.0249414294	-0.0500427527	-0.0632683818	-0.0112004	0.0054038	0.00012544896016	2.9201054440000007e-05	-0.404946	0.06018499999999999	0.0036222342249999993	0.163981262916	0.552412	0.06015100000000007	0.305159017744	0.0036181428010000076	-0.0244283	0.000725	5.256249999999999e-07	0.00059674184089	0.000248323	-0.000246697	6.166431232900001e-08	6.085940980900001e-08	0.00516963	-0.00030002000000000067	9.001200040000039e-08	2.67250743369e-05	0.0	0.0	0.0	0.0	0.0	0.0	0.0	0.0	0.0	0.0	0.0	0.0	0.0	0.0	0.0	0.0	0.0	0.0	0.0	0.0	0.0	0.0	0.0	0.0	0.0	0.0	0.0	0.0	0.0	0.0	0.0	0.0	0.0	0.0	0.0	0.0	0.0	0.0	0.0	0.0	0.0	0.0	0.0	0.0	0.0	0.0	0.0	0.0	0.0	0.0	0.0	0.0	0.0	0.0	0.0	0.0	0.0	0.0	0.0	0.0	0.0	0.0	0.0	0.0	0.0	0.0	0.0	0.0	0.0	0.0	0.0	0.0	0.0	0.0	0.0	0.0	0.0	0.0	0.0	0.0	0.0	0.0	0.0	0.0	0.0	0.0	0.0	0.0	0.0	0.0	0.0	0.0	0.0	0.0	0.0	0.0	0.0	0.0	0.0	0.0	0.0	0.0	0.0	-0.9982096622	0.341306857	0.4491114195	1.062017892	0.3451895943	1.336953154	-0.04309610344	-1.258631273	-0.5938819252	0.3932346734	0.3808046292	0.3078720288	-1.55747523	-0.6165989146	-0.7235593679	-0.30465412	0.08799875289	0.1851338748	0.3102758639	0.8435417957	-0.8300714982	0.4743633229	-1.435567705	-0.6188704659	-0.1662056945	-1.002161642	0.694660268	-1.003941056	1.493999544	1.012243812	-0.003802496893	0.2823954284	-0.2847385446	-0.002496948886
8851.61521040498	1.7699922516985682	78351091.8330728	3.132872571072967	7310.864186648106	16.056107671211063	257.7985935495228	53448735.15561387	7752.6860909660745	-2.510890357112657	60104141.62505883	6.3045703854413295	7719.675700369056	10681.597819564522	0.519058	22.190529	0.144028335	0.08622159999999998	0.033813987000000004	0.0683098167	-0.0043098984000000005	0.0809626151	-0.010858728400000002	-0.0620280033	-0.015601141200000003	0.0182136422	0.042194616100000006	0.0168023666	0.0275108069	0.0045560207	0.0352525516	0.0039472977000000005	0.0163912436	0.0277669688	-0.0046253393	0.034193163	0.00045362150000000003	0.0565728181	0.034954075099999996	0.0048237569	-0.0264811816	-0.0513377571	-0.0636932101	-0.0126772	-0.0014768000000000019	0.00016071139984000004	2.1809382400000063e-06	-0.331483	0.07346300000000006	0.005396812369000009	0.10988097928899998	0.591168	0.03875600000000001	0.34947960422400004	0.001502027536000001	-0.0245795	-0.00015119999999999717	2.2861439999999143e-08	0.0006041518202499999	6.233229999999999e-05	-0.0001859907	3.885315623289999e-09	3.4592540486489995e-08	0.00490017	-0.00026946	7.260869160000001e-08	2.40116660289e-05	0.0	0.0	0.0	0.0	0.0	0.0	0.0	0.0	0.0	0.0	0.0	0.0	0.0	0.0	0.0	0.0	0.0	0.0	0.0	0.0	0.0	0.0	0.0	0.0	0.0	0.0	0.0	0.0	0.0	0.0	0.0	0.0	0.0	0.0	0.0	0.0	0.0	0.0	0.0	0.0	0.0	0.0	0.0	0.0	0.0	0.0	0.0	0.0	0.0	0.0	0.0	0.0	0.0	0.0	0.0	0.0	0.0	0.0	0.0	0.0	0.0	0.0	0.0	0.0	0.0	0.0	0.0	0.0	0.0	0.0	0.0	0.0	0.0	0.0	0.0	0.0	0.0	0.0	0.0	0.0	0.0	0.0	0.0	0.0	0.0	0.0	0.0	0.0	0.0	0.0	0.0	0.0	0.0	0.0	0.0	0.0	0.0	0.0	0.0	0.0	0.0	0.0	0.0	-1.017819632	0.3392629393	0.4188048946	1.030629642	0.2552628146	1.684316186	0.5152216161	-1.111209137	-0.9356328897	0.3732435352	-0.2233440854	0.3198229686	-1.487045034	-0.5407649399	-0.721087714	-0.1611321104	0.1642650405	-0.2221457105	0.5263975218	0.6392826297	-0.5667522327	0.5648391659	-1.541964635	0.09701989858	-0.1154342228	-0.4114597652	0.5823124918	-0.8945829343	1.748177952	1.461962984	0.6316409954	0.818002357	0.05474838904	0.3067620821
8848.407821745624	-3.2073886593552743	78294320.97992915	10.287342012160824	7318.482461872507	7.618275224401258	58.03811739472605	53560185.54473547	7752.203320115525	-0.4827708505499686	60096656.31641016	0.2330676941407401	7718.670483655203	10695.526424592224	0.587276	25.106937	0.26001253500000004	0.17911	0.033633104500000004	0.0695238726	-0.0012460359	0.0694678449	-0.0037014469	-0.055787647	-0.0186502898	0.0050897767	0.0411041445	0.016170379	0.027932153799999998	-0.0025181535	0.0420521312	-0.0033735278	0.0158258576	0.028271713599999998	0.0017382507999999998	0.039588045499999995	-0.0098735834	0.056370842000000004	0.034245802400000004	0.003566901	-0.028002935299999997	-0.0525782431	-0.0640206412	-0.0247187	-0.012041499999999998	0.0006110141296900001	0.00014499772224999994	-0.498516	-0.167033	0.027900023088999998	0.248518202256	0.54268	-0.048487999999999976	0.2945015824000001	0.0023510861439999978	-0.0240996	0.00047989999999999833	2.3030400999999842e-07	0.00058079072016	-5.57884e-05	-0.0001181207	3.1123455745600004e-09	1.3952499768489999e-08	0.00484919	-5.097999999999995e-05	2.5989603999999942e-09	2.35146436561e-05	0.0	0.0	0.0	0.0	0.0	0.0	0.0	0.0	0.0	0.0	0.0	0.0	0.0	0.0	0.0	0.0	0.0	0.0	0.0	0.0	0.0	0.0	0.0	0.0	0.0	0.0	0.0	0.0	0.0	0.0	0.0	0.0	0.0	0.0	0.0	0.0	0.0	0.0	0.0	0.0	0.0	0.0	0.0	0.0	0.0	0.0	0.0	0.0	0.0	0.0	0.0	0.0	0.0	0.0	0.0	0.0	0.0	0.0	0.0	0.0	0.0	0.0	0.0	0.0	0.0	0.0	0.0	0.0	0.0	0.0	0.0	0.0	0.0	0.0	0.0	0.0	0.0	0.0	0.0	0.0	0.0	0.0	0.0	0.0	0.0	0.0	0.0	0.0	0.0	0.0	0.0	0.0	0.0	0.0	0.0	0.0	0.0	0.0	0.0	0.0	0.0	0.0	0.0	-0.8713692639	0.3190100795	0.4282493351	1.046467986	0.3292621107	1.456532062	0.09144389075	-1.182584909	-0.5379376504	0.4149076967	0.3520294197	0.4776704803	-1.39806669	-0.542796636	-0.6135231581	-0.1915534481	0.1549825022	-0.0109461506	0.9105917949	0.8182406746	-0.6235668109	0.4099230605	-1.590036317	-0.351707121	0.03789588215	0.1069784151	0.7592459492	-0.8298594993	2.149949099	1.012672753	0.393880911	-0.5044344677	0.3128346407	-0.6065371213
8851.992148792451	3.5843270468267288	78357765.0022832	12.847400378613624	7338.268294963432	19.78583309092482	391.4791911019358	53850181.56886552	7755.084091070253	2.880770954728177	60141329.25957093	8.298841293605495	7721.324492311603	10718.453705304451	0.479262	20.489172	0.11772079500000004	0.0816776	0.0328369666	0.0700575942	8.206319999999999e-05	0.0742185116	0.0078322779	-0.0724882258	-0.028934497599999998	-0.0047842594	0.0398189939	0.016675631200000002	0.023888649799999998	0.0018815243	0.041374938	-0.0038890377000000004	0.0162929465	0.024419306800000002	-0.0029428669	0.038449681	-0.0114569471	0.056166470999999996	0.0335317104	0.0023086813	-0.029505656	-0.053762893099999993	-0.0642501747	-0.0285161	-0.0037974	0.0008131679592099999	1.4420246759999994e-05	-0.423155	0.07536099999999996	0.005679280320999993	0.179060154025	0.5715939999999999	0.02891399999999988	0.32671970083599994	0.0008360193959999932	-0.024117	-1.7400000000000748e-05	3.0276000000002605e-10	0.000581629689	-7.127630000000001e-05	-1.5487900000000005e-05	5.080310941690001e-09	2.3987504641000014e-10	0.00500927	0.00016007999999999994	2.5625606399999978e-08	2.50927859329e-05	0.0	0.0	0.0	0.0	0.0	0.0	0.0	0.0	0.0	0.0	0.0	0.0	0.0	0.0	0.0	0.0	0.0	0.0	0.0	0.0	0.0	0.0	0.0	0.0	0.0	0.0	0.0	0.0	0.0	0.0	0.0	0.0	0.0	0.0	0.0	0.0	0.0	0.0	0.0	0.0	0.0	0.0	0.0	0.0	0.0	0.0	0.0	0.0	0.0	0.0	0.0	0.0	0.0	0.0	0.0	0.0	0.0	0.0	0.0	0.0	0.0	0.0	0.0	0.0	0.0	0.0	0.0	0.0	0.0	0.0	0.0	0.0	0.0	0.0	0.0	0.0	0.0	0.0	0.0	0.0	0.0	0.0	0.0	0.0	0.0	0.0	0.0	0.0	0.0	0.0	0.0	0.0	0.0	0.0	0.0	0.0	0.0	0.0	0.0	0.0	0.0	0.0	0.0	-0.9874547557	0.2814019399	0.4211543685	1.004537478	0.3807192661	1.557760131	0.4512130347	-1.216255502	-0.8143744461	0.2266652833	-0.2520114382	0.4022782311	-1.429183477	-0.48519596	-0.6964379717	-0.06409661893	0.4005737717	-0.1720092591	1.020464142	0.6191778918	-0.5758601699	0.5646434249	-1.554134579	-0.04251485683	0.01021903466	0.4883940088	0.7558611829	-0.7985621719	1.821571446	1.433667123	1.04190565	-0.545075467	0.2983679622	-1.132445874
8853.082454203199	1.0903054107475327	78377068.94092053	1.188765888705346	7338.415586560837	0.14729159740545586	0.021694814666250884	53852343.32107904	7757.912155007739	2.8280639374861494	60185201.00481682	7.997945634509662	7723.447196940389	10821.71996229746	0.507076	21.678272	0.15415390499999998	0.0970073	0.0316870262	0.0774361187	0.00022063630000000001	0.06958433309999999	0.0078313513	-0.0649359531	-0.0120331598	-0.020694576	0.0552799257	0.0143853813	0.024983285	0.00018971810000000002	0.0444435205	-0.0043841385999999994	0.014269966499999997	0.0253271119	-0.0013136979999999999	0.0417239916	-0.0123389737	0.0559597141	0.0328119206	0.0010495788999999999	-0.030988322599999996	-0.0548904493	-0.0643814593	-0.028639599999999994	-0.00012349999999999514	0.0008202266881599998	1.52522499999988e-08	-0.350354	0.072801	0.005299985601000001	0.122747925316	0.595733	0.024139000000000018	0.35489780728899994	0.0005826913210000012	-0.0250364	-0.0009194000000000008	8.452963600000014e-07	0.00062682132496	-6.436819999999999e-05	6.908100000000017e-06	4.143265171239999e-09	4.7721845610000216e-11	0.00522477	0.0002155000000000004	4.6440250000000177e-08	2.72982215529e-05	0.0	0.0	0.0	0.0	0.0	0.0	0.0	0.0	0.0	0.0	0.0	0.0	0.0	0.0	0.0	0.0	0.0	0.0	0.0	0.0	0.0	0.0	0.0	0.0	0.0	0.0	0.0	0.0	0.0	0.0	0.0	0.0	0.0	0.0	0.0	0.0	0.0	0.0	0.0	0.0	0.0	0.0	0.0	0.0	0.0	0.0	0.0	0.0	0.0	0.0	0.0	0.0	0.0	0.0	0.0	0.0	0.0	0.0	0.0	0.0	0.0	0.0	0.0	0.0	0.0	0.0	0.0	0.0	0.0	0.0	0.0	0.0	0.0	0.0	0.0	0.0	0.0	0.0	0.0	0.0	0.0	0.0	0.0	0.0	0.0	0.0	0.0	0.0	0.0	0.0	0.0	0.0	0.0	0.0	0.0	0.0	0.0	0.0	0.0	0.0	0.0	0.0	0.0	-0.8949281528	0.3557108749	0.436018592	1.080959701	0.4186973618	1.802433358	0.04268038519	-1.086057106	-0.3110555221	0.1986304634	0.4657473504	0.4462591562	-1.282856675	-0.5490045843	-0.4546087104	-0.1469365717	0.1958361983	0.06289315622	1.20807095	0.8588379582	-0.4489280414	0.5413441571	-1.466915734	-0.09565496659	0.1767287925	1.390675145	0.9497303339	-0.7314246542	1.9299301	1.125022997	0.2066278575	-0.2580287476	0.5513829835	-0.9910943412
8837.07635503902	-16.006099164178526	78093918.50478974	256.1952104535164	7346.160763484873	7.745176924036058	59.987765584620675	53966077.96296466	7759.05484715987	1.1426921521315307	60202932.12123508	1.3057453545429891	7724.952179677231	10727.527797012875	0.564422	24.129908	0.2737718920000001	0.171019	0.0317684316	0.06579620650000001	0.007255134200000002	0.0783611727	0.0147002282	-0.06549973889999999	-0.0116239454	-0.026157381400000002	0.0524621702	0.0125626455	0.0264709263	0.0051229477	0.0357847809	-0.006783794300000001	0.0120995401	0.026987783799999998	-0.0059104976	0.0341669724	-0.0120071942	0.055750579800000005	0.0320865551	-0.0002099247	-0.0324499271	-0.0559597141	-0.0644142944	-0.0378921	-0.009252500000000006	0.0014358112424099998	8.560875625000008e-05	-0.497021	-0.14666700000000002	0.021511208889000002	0.247029874441	0.536465	-0.05926799999999999	0.287794696225	0.0035126958239999986	-0.0242965	0.0007399000000000018	5.474520100000025e-07	0.0005903199122499999	-8.160359999999996e-06	5.6207840000000004e-05	6.659147532959994e-11	3.1593212774656e-09	0.00484919	-0.0003755800000000004	1.4106033640000027e-07	2.35146436561e-05	0.0	0.0	0.0	0.0	0.0	0.0	0.0	0.0	0.0	0.0	0.0	0.0	0.0	0.0	0.0	0.0	0.0	0.0	0.0	0.0	0.0	0.0	0.0	0.0	0.0	0.0	0.0	0.0	0.0	0.0	0.0	0.0	0.0	0.0	0.0	0.0	0.0	0.0	0.0	0.0	0.0	0.0	0.0	0.0	0.0	0.0	0.0	0.0	0.0	0.0	0.0	0.0	0.0	0.0	0.0	0.0	0.0	0.0	0.0	0.0	0.0	0.0	0.0	0.0	0.0	0.0	0.0	0.0	0.0	0.0	0.0	0.0	0.0	0.0	0.0	0.0	0.0	0.0	0.0	0.0	0.0	0.0	0.0	0.0	0.0	0.0	0.0	0.0	0.0	0.0	0.0	0.0	0.0	0.0	0.0	0.0	0.0	0.0	0.0	0.0	0.0	0.0	0.0	-0.9640091627	0.2662530893	0.4365812487	0.986579058	0.4392320993	1.531213366	0.6367119311	-1.317901163	-0.8616442555	0.002016418523	-0.2924536031	0.3218173447	-1.346442568	-0.4209802502	-0.8042637546	0.03086859628	0.4070602032	-0.1546558143	1.241240118	0.5808763445	-0.3270473382	0.4037386062	-1.573241063	-0.007851580367	0.06689409027	1.618233066	0.8716748209	-0.7554136669	0.5744559704	1.532623878	1.06424535	-0.7283603062	0.4866885446	-0.8062668818
8833.39524983039	-3.68110520863047	78028871.63972609	13.550535557006375	7333.422390812001	-12.738372672872176	162.26613835297658	53779083.96206281	7757.055073682101	-1.9997734777698497	60171903.41613722	3.99909396239172	7722.943320111369	10743.162657875931	0.505627	21.616337	0.25939368200000024	0.160117	0.0319193874	0.07234250490000001	0.004274102199999999	0.0747195764	0.0116906244	-0.060781939199999996	0.0146252681	-0.0329966764	0.0556156686	0.014373644199999999	0.0257653981	0.004221843	0.0422627967	0.0021283523	0.0140302731	0.0261577637	-0.0055164975	0.0412378007	-0.005618747800000001	0.055539077199999995	0.0313557373	-0.0014693481	-0.033889476200000004	-0.056969552	-0.0643486298	-0.0381967	-0.00030460000000000215	0.00145898789089	9.278116000000126e-08	-0.370199	0.126822	0.016083819683999998	0.137047299601	0.603485	0.06702000000000008	0.364194145225	0.004491680400000011	-0.0251794	-0.0008829000000000023	7.795124100000044e-07	0.0006340021843600001	-0.000120952	-0.00011279163999999999	1.4629386304e-08	1.27219540538896e-08	0.00515844	0.0003092500000000005	9.56355625000003e-08	2.6609503233600006e-05	0.0	0.0	0.0	0.0	0.0	0.0	0.0	0.0	0.0	0.0	0.0	0.0	0.0	0.0	0.0	0.0	0.0	0.0	0.0	0.0	0.0	0.0	0.0	0.0	0.0	0.0	0.0	0.0	0.0	0.0	0.0	0.0	0.0	0.0	0.0	0.0	0.0	0.0	0.0	0.0	0.0	0.0	0.0	0.0	0.0	0.0	0.0	0.0	0.0	0.0	0.0	0.0	0.0	0.0	0.0	0.0	0.0	0.0	0.0	0.0	0.0	0.0	0.0	0.0	0.0	0.0	0.0	0.0	0.0	0.0	0.0	0.0	0.0	0.0	0.0	0.0	0.0	0.0	0.0	0.0	0.0	0.0	0.0	0.0	0.0	0.0	0.0	0.0	0.0	0.0	0.0	0.0	0.0	0.0	0.0	0.0	0.0	0.0	0.0	0.0	0.0	0.0	0.0	-0.9425066946	0.3609824396	0.4457166299	1.009291252	0.4840336692	1.714118759	0.0266213116	-1.2538277	-0.4020755826	0.1174049165	0.3949505129	0.3600504247	-1.451385191	-0.4745816704	-0.7276836735	-0.1191218015	0.0904043605	0.08547114961	1.184189174	0.6892270377	-0.4274413164	0.5316613903	-1.510363581	-0.1943951737	0.06518240987	1.886714324	0.9185902038	-0.7230436525	0.6548143052	1.135338771	-0.07285316033	-0.5647789832	0.2001252635	-0.614762683
8827.928987478836	-5.466262351554178	77932330.20796908	29.88002409601861	7351.244298537234	17.82190772523245	317.62039496670013	54040792.73677618	7756.686265727428	-0.3688079546727749	60166181.8249245	0.1360193074299156	7723.756275869064	10784.915913659279	0.523146	22.365299	0.05315575000000018	0.0283571	0.0295117686	0.0652528226	0.0098084698	0.0821437723	0.0119043765	-0.0661288292	0.0275221451	-0.0354294771	0.0658459433	0.013777517900000001	0.025204846099999997	0.0115174579	0.036177761600000004	0.005226012800000001	0.0132351111	0.025511394700000002	-0.0119417791	0.0371916227	0.0018295943	0.0553252151	0.0306195914	-0.0027282097	-0.0353059916	-0.0579188907	-0.0641845658	-0.0355846	0.0026120999999999987	0.0012662637571600002	6.8230664099999965e-06	-0.360539	0.009660000000000002	9.331560000000004e-05	0.129988370521	0.579622	-0.023863000000000082	0.33596166288400003	0.0005694427690000037	-0.0251079	7.149999999999865e-05	5.1122499999998064e-09	0.0006304066424100001	-0.000256375	-0.00013542299999999994	6.572814062499999e-08	1.8339388928999992e-08	0.00502495	-0.00013349	1.78195801e-08	2.5250122502500006e-05	0.0	0.0	0.0	0.0	0.0	0.0	0.0	0.0	0.0	0.0	0.0	0.0	0.0	0.0	0.0	0.0	0.0	0.0	0.0	0.0	0.0	0.0	0.0	0.0	0.0	0.0	0.0	0.0	0.0	0.0	0.0	0.0	0.0	0.0	0.0	0.0	0.0	0.0	0.0	0.0	0.0	0.0	0.0	0.0	0.0	0.0	0.0	0.0	0.0	0.0	0.0	0.0	0.0	0.0	0.0	0.0	0.0	0.0	0.0	0.0	0.0	0.0	0.0	0.0	0.0	0.0	0.0	0.0	0.0	0.0	0.0	0.0	0.0	0.0	0.0	0.0	0.0	0.0	0.0	0.0	0.0	0.0	0.0	0.0	0.0	0.0	0.0	0.0	0.0	0.0	0.0	0.0	0.0	0.0	0.0	0.0	0.0	0.0	0.0	0.0	0.0	0.0	0.0	-1.038844024	0.3336947236	0.4399572346	0.9689278663	0.4485197936	1.718426859	0.667430882	-1.341130354	-1.005826715	-0.09628257507	-0.2510373831	0.2857403844	-1.461130868	-0.4952289355	-0.6651035842	-0.00801932452	0.3995498202	-0.01850163252	1.046977741	0.4687488157	-0.102600597	0.4578709292	-1.560309874	0.2316277569	0.04586546964	1.933686991	0.7246883402	-0.7633284239	0.1318035729	1.495407635	0.663243553	0.5839122633	0.2725893647	0.009779693715
8814.696017029128	-13.232970449707866	77698865.87262917	175.11150692284153	7323.243403528092	-28.00089500914146	784.0501213129629	53629893.94731771	7750.117276029702	-6.5689896977255575	60064317.79221405	43.15162564882449	7716.469846707077	10706.134070777696	0.560982	23.982822	0.1518848449999999	0.0991058	0.0319512913	0.0691156494	0.0043139171	0.0816378014	0.0029579624	-0.0622986505	0.0364167359	-0.0178440299	0.059396452999999995	0.017252713899999998	0.0245567494	0.0086190469	0.0463196804	0.0080929236	0.0166427061	0.024967306	-0.0086803191	0.047301086	0.0044888743	0.0551090028	0.0298782424	-0.0039860282	-0.0366985103	-0.058806722	-0.06392235339999999	-0.0338289	0.001755699999999999	0.0011443944752100002	3.082482489999996e-06	-0.4518970000000001	-0.09135800000000004	0.008346284164000009	0.20421089860900005	0.560362	-0.019259999999999944	0.314005571044	0.0003709475999999978	-0.0247174	0.000390500000000002	1.5249025000000153e-07	0.00061094986276	-8.277209999999999e-05	0.0001736029	6.851220538409999e-09	3.013796688841e-08	0.00479883	-0.00022612000000000063	5.11302544000003e-08	2.30287693689e-05	0.0	0.0	0.0	0.0	0.0	0.0	0.0	0.0	0.0	0.0	0.0	0.0	0.0	0.0	0.0	0.0	0.0	0.0	0.0	0.0	0.0	0.0	0.0	0.0	0.0	0.0	0.0	0.0	0.0	0.0	0.0	0.0	0.0	0.0	0.0	0.0	0.0	0.0	0.0	0.0	0.0	0.0	0.0	0.0	0.0	0.0	0.0	0.0	0.0	0.0	0.0	0.0	0.0	0.0	0.0	0.0	0.0	0.0	0.0	0.0	0.0	0.0	0.0	0.0	0.0	0.0	0.0	0.0	0.0	0.0	0.0	0.0	0.0	0.0	0.0	0.0	0.0	0.0	0.0	0.0	0.0	0.0	0.0	0.0	0.0	0.0	0.0	0.0	0.0	0.0	0.0	0.0	0.0	0.0	0.0	0.0	0.0	0.0	0.0	0.0	0.0	0.0	0.0	-0.9362255489	0.3762186301	0.4379761562	0.9934636285	0.4520272048	1.518280053	0.06266908558	-1.447727051	-0.5726025268	0.1077399552	0.4630505627	0.365774561	-1.558702891	-0.5623879477	-0.7710194399	-0.09173364532	-0.3209234888	0.1386386932	1.276506266	0.5722743588	-0.4626831469	0.4397516059	-1.545151608	-0.139752133	-0.04556874633	1.416208453	0.8456939967	-0.7743157121	-0.4743189894	0.965506377	-0.4714281109	-0.1867630192	0.1063310483	0.5068081584
8820.323605338759	5.627588309631392	77798108.50289613	31.66975018269991	7351.002933843085	27.759530314992844	770.5915233090068	54037244.13336964	7748.442790333651	-1.674485696051306	60038365.67507354	2.803902346280428	7715.977803102403	10682.21531703906	0.599604	25.633972	0.2814435949999999	0.169574	0.030394171	0.0595990296	0.0149410845	0.0872200085	0.0100723307	-0.06104243400000001	0.0362420651	-0.0083502912	0.0699843383	0.0170186449	0.025811410299999997	0.006973969	0.037827419	0.010983263600000001	0.0162314715	0.0264550677	-0.006304962900000001	0.0396036388	0.0112809176	0.0548904493	0.0291318163	-0.0052423228	-0.038066086	-0.059632103	-0.0635623935	-0.035138800000000005	-0.0013099000000000027	0.0012347352654400005	1.7158380100000072e-06	-0.317654	0.13424300000000006	0.018021183049000012	0.100904063716	0.614236	0.053873999999999984	0.377285863696	0.002902407875999997	-0.0259124	-0.0011950000000000016	1.4280250000000038e-06	0.0006714524737600001	-0.000209506	-0.0001267339	4.3892764035999984e-08	1.606148140921e-08	0.00531743	0.0005186000000000001	2.689459600000001e-07	2.82750618049e-05	0.0	0.0	0.0	0.0	0.0	0.0	0.0	0.0	0.0	0.0	0.0	0.0	0.0	0.0	0.0	0.0	0.0	0.0	0.0	0.0	0.0	0.0	0.0	0.0	0.0	0.0	0.0	0.0	0.0	0.0	0.0	0.0	0.0	0.0	0.0	0.0	0.0	0.0	0.0	0.0	0.0	0.0	0.0	0.0	0.0	0.0	0.0	0.0	0.0	0.0	0.0	0.0	0.0	0.0	0.0	0.0	0.0	0.0	0.0	0.0	0.0	0.0	0.0	0.0	0.0	0.0	0.0	0.0	0.0	0.0	0.0	0.0	0.0	0.0	0.0	0.0	0.0	0.0	0.0	0.0	0.0	0.0	0.0	0.0	0.0	0.0	0.0	0.0	0.0	0.0	0.0	0.0	0.0	0.0	0.0	0.0	0.0	0.0	0.0	0.0	0.0	0.0	0.0	-1.094763162	0.3393828049	0.4055518686	0.9538914263	0.419000564	1.591255491	0.6245190538	-1.39603065	-1.219653996	-0.003447782247	-0.3961707516	0.3074971249	-1.583938229	-0.7024556514	-0.6574911211	-0.09850405795	0.3190040206	-0.2030135378	0.8448891377	0.4132971944	-0.2266165089	0.5978528859	-1.623259003	0.02247000657	0.0003037740386	1.278388006	0.5809697239	-0.8506709313	-0.9150091731	1.654968364	0.9977778524	0.9495368087	-0.116902621	0.7540670259
8824.81650218289	4.4928968441308825	77877386.29719946	20.186122052001245	7324.609781727891	-26.393152115194425	696.5984785757919	53649908.4545839	7748.547998090646	0.1052077569947869	60039996.07871455	0.011068672131874131	7717.0268471238915	10788.261944111178	0.624514	26.698942	0.1837621	0.110556	0.026375244500000002	0.0697785122	0.0040312255	0.0837497636	-5.56271e-05	-0.0389080252	0.026143225200000002	0.0230162778	0.07158247200000001	0.0154514574	0.0290350653	0.0101644942	0.0407023185	0.0191223852	0.014543356799999999	0.029726504100000002	-0.0090754676	0.042546161500000006	0.020778781200000002	0.054669563899999996	0.028380439900000002	-0.0064966131000000005	-0.0394077892	-0.060394157300000015	-0.0631052366	-0.0443322	-0.00919339999999999	0.00196534395684	8.451860355999982e-05	-0.388313	-0.07065900000000003	0.004992694281000004	0.150786985969	0.538246	-0.07599	0.289708756516	0.005774480100000001	-0.025561700000000003	0.00035069999999999893	1.2299048999999925e-07	0.0006534005068900003	-0.0003621	-0.00015259400000000004	1.3111641000000005e-07	2.328492883600001e-08	0.00526233	-5.509999999999977e-05	3.0360099999999745e-09	2.76921170289e-05	0.0	0.0	0.0	0.0	0.0	0.0	0.0	0.0	0.0	0.0	0.0	0.0	0.0	0.0	0.0	0.0	0.0	0.0	0.0	0.0	0.0	0.0	0.0	0.0	0.0	0.0	0.0	0.0	0.0	0.0	0.0	0.0	0.0	0.0	0.0	0.0	0.0	0.0	0.0	0.0	0.0	0.0	0.0	0.0	0.0	0.0	0.0	0.0	0.0	0.0	0.0	0.0	0.0	0.0	0.0	0.0	0.0	0.0	0.0	0.0	0.0	0.0	0.0	0.0	0.0	0.0	0.0	0.0	0.0	0.0	0.0	0.0	0.0	0.0	0.0	0.0	0.0	0.0	0.0	0.0	0.0	0.0	0.0	0.0	0.0	0.0	0.0	0.0	0.0	0.0	0.0	0.0	0.0	0.0	0.0	0.0	0.0	0.0	0.0	0.0	0.0	0.0	0.0	-0.9377527591	0.4525123525	0.4781494257	1.112596857	0.4368785092	1.647694646	0.08849090321	-1.254459267	-0.4264871515	0.3919095006	0.7064483864	0.4652542768	-1.648299363	-0.7514912402	-0.6024976371	-0.1615796793	-0.313183006	0.08199659254	0.9507308737	0.4949149477	-0.5241346498	0.4395960421	-1.656638005	-0.135492393	0.136915299	0.5449872103	0.7818212287	-0.8672196853	-0.04667815203	0.7374191411	-0.9294748078	1.392500603	-0.247967964	1.099997377
8826.045754868004	1.2292526851142611	77899083.66702352	1.5110621638606208	7337.7769375415555	13.167155813664975	173.37399222133138	53842970.38511673	7749.525816749428	0.9778186587818708	60055150.38446588	0.9561293294619768	7716.776753832644	10614.922923449743	0.716522	30.632423	0.10449764999999996	0.0648228	0.0276067415	0.0544370592	0.0114155272	0.09285594259999999	-0.0023395276000000003	-0.0410216829	0.0114595868	0.035392786600000004	0.062114733099999986	0.014271773400000003	0.0266748739	0.0002342305	0.031810842799999996	0.0100879401	0.013735515700000001	0.027035812700000002	0.0014037189999999999	0.0336806959	0.0139664804	0.0544463561	0.027624241	-0.007748419499999998	-0.0407227078	-0.061092075499999995	-0.0625515817	-0.0454075	-0.0010753000000000013	0.0020618410562499995	1.156270090000003e-06	-0.4253270000000001	-0.03701400000000005	0.0013700361960000036	0.18090305692900005	0.52045	-0.017796000000000034	0.2708682025	0.00031669761600000123	-0.0247383	0.0008234000000000054	6.779875600000089e-07	0.0006119834868899999	-0.000474947	-0.00011284699999999994	2.2557465280900002e-07	1.2734445408999991e-08	0.00529833	3.600000000000044e-05	1.2960000000000315e-09	2.8072300788900008e-05	0.0	0.0	0.0	0.0	0.0	0.0	0.0	0.0	0.0	0.0	0.0	0.0	0.0	0.0	0.0	0.0	0.0	0.0	0.0	0.0	0.0	0.0	0.0	0.0	0.0	0.0	0.0	0.0	0.0	0.0	0.0	0.0	0.0	0.0	0.0	0.0	0.0	0.0	0.0	0.0	0.0	0.0	0.0	0.0	0.0	0.0	0.0	0.0	0.0	0.0	0.0	0.0	0.0	0.0	0.0	0.0	0.0	0.0	0.0	0.0	0.0	0.0	0.0	0.0	0.0	0.0	0.0	0.0	0.0	0.0	0.0	0.0	0.0	0.0	0.0	0.0	0.0	0.0	0.0	0.0	0.0	0.0	0.0	0.0	0.0	0.0	0.0	0.0	0.0	0.0	0.0	0.0	0.0	0.0	0.0	0.0	0.0	0.0	0.0	0.0	0.0	0.0	0.0	-1.100954094	0.2381874657	0.4275553329	1.012598455	0.3562841424	1.334325384	0.6828304036	-1.594787309	-1.488734821	0.2047661844	-0.6268938406	0.477524811	-1.577028143	-0.7196770834	-0.7480614581	-0.1584138325	0.4220318814	-0.1258155828	0.5816801423	0.3549423903	-0.3648387956	0.4996548977	-1.565364858	-0.06865258922	-0.1085597893	-0.5631166293	0.7338710611	-0.9088043983	-0.2473643256	1.729589501	1.578084077	1.446398244	-0.06383217834	0.8531648412
8825.984887455832	-0.0608674121722288	77898009.23359874	0.003704841864543985	7303.617917844082	-34.15901969747392	1166.8386266924115	53342834.68985312	7748.417932747191	-1.1078840022364602	60037980.46051826	1.2274069624114772	7714.513427413419	10743.05269625155	0.971638	41.53902100000001	0.31586534999999993	0.196588	0.0272653509	0.0763591604	-0.007305876899999998	0.0846794798	-0.0075298292	-0.040847292599999994	0.009275844200000001	0.031365405299999996	0.0650162487	0.0152689134	0.028243352599999997	0.0200355972	0.0454739675	0.0232893347	0.014886665	0.028399622000000006	-0.0191483027	0.0459968896	0.0227452483	0.054220835300000006	0.026863348	-0.0089972636	-0.0420099483	-0.0617251165	-0.0619022754	-0.0468781	-0.0014706000000000025	0.00219755625961	2.1626643600000067e-06	-0.272716	0.1526110000000001	0.02329011732100003	0.07437401665599998	0.597567	0.07711699999999999	0.35708631948899994	0.005947031689	-0.026098400000000004	-0.0013601000000000064	1.8498720100000171e-06	0.0006811264825600003	-0.000216172	0.00025877499999999993	4.673033358400001e-08	6.696450062499998e-08	0.00537279	7.445999999999928e-05	5.544291599999894e-09	2.8866872384099995e-05	0.0	0.0	0.0	0.0	0.0	0.0	0.0	0.0	0.0	0.0	0.0	0.0	0.0	0.0	0.0	0.0	0.0	0.0	0.0	0.0	0.0	0.0	0.0	0.0	0.0	0.0	0.0	0.0	0.0	0.0	0.0	0.0	0.0	0.0	0.0	0.0	0.0	0.0	0.0	0.0	0.0	0.0	0.0	0.0	0.0	0.0	0.0	0.0	0.0	0.0	0.0	0.0	0.0	0.0	0.0	0.0	0.0	0.0	0.0	0.0	0.0	0.0	0.0	0.0	0.0	0.0	0.0	0.0	0.0	0.0	0.0	0.0	0.0	0.0	0.0	0.0	0.0	0.0	0.0	0.0	0.0	0.0	0.0	0.0	0.0	0.0	0.0	0.0	0.0	0.0	0.0	0.0	0.0	0.0	0.0	0.0	0.0	0.0	0.0	0.0	0.0	0.0	0.0	-0.8865324137	0.5523364697	0.4545709772	1.190662336	0.3786899787	1.952734874	-0.2780531728	-1.069631176	0.1189894416	0.6108670047	1.228791866	0.5468455005	-1.698857609	-0.7206064515	-0.5003850067	-0.3144075771	-0.7309524956	0.001743920748	0.8583451823	0.3428712558	-0.8382169515	0.6112676244	-1.724469943	-0.169297718	0.08752283327	-0.2296839517	0.793738283	-0.8983932503	0.9182664782	0.4721436407	-1.860492096	1.50558557	-0.4236668964	0.8604242383
8775.307286210742	-50.677601245090045	77006017.96742333	2568.2192679563527	7341.418871550864	37.80095370678282	1428.9121011423379	53896431.04756317	7697.171373477597	-51.2465592695944	59246447.15268299	2626.209836972052	7660.851739132851	10965.963134953812	2.09554	89.587524	2.1932515	1.039	-0.0098137789	-0.0213070043	-0.00044014589999999995	-0.0122199312	0.0091868824	-0.0038819443	-0.0695322624	-0.044779682300000005	-0.0032993151	0.0397848822	-0.0228493329	-0.0093095538	-0.0007042953	-0.0823792506	0.0406765783	-0.0228578964	0.0076647344	-0.005191145	-0.0826779304	0.0539930111	0.0260978903	-0.0102426677	-0.0432686357	-0.062292608	-0.0611583107	-0.014349700000000003	0.0325284	0.0002059138900900001	0.00105809680656	-0.623768	-0.35105200000000003	0.12323750670400002	0.38908651782399994	-0.354538	-0.952105	0.12569719344400002	0.906503931025	-0.0372855	-0.011187099999999995	0.0001251512064099999	0.00139020851025	0.00356332	0.003779492	1.26972494224e-05	1.4284559778064001e-05	0.00318806	-0.00218473	4.773045172899999e-06	1.01637265636e-05	0.0	0.0	0.0	0.0	0.0	0.0	0.0	0.0	0.0	0.0	0.0	0.0	0.0	0.0	0.0	0.0	0.0	0.0	0.0	0.0	1.0	0.0	0.0	0.0	0.0	0.0	0.0	0.0	0.0	0.0	0.0	0.0	0.0	0.0	0.0	0.0	0.0	0.0	0.0	0.0	0.0	0.0	0.0	0.0	0.0	0.0	0.0	0.0	0.0	0.0	0.0	0.0	0.0	0.0	0.0	0.0	0.0	0.0	0.0	0.0	0.0	0.0	0.0	0.0	0.0	0.0	0.0	0.0	0.0	0.0	0.0	0.0	0.0	0.0	0.0	0.0	0.0	0.0	0.0	0.0	0.0	0.0	0.0	0.0	0.0	0.0	0.0	0.0	0.0	0.0	0.0	0.0	0.0	0.0	0.0	0.0	0.0	0.0	0.0	0.0	0.0	0.0	0.0	-1.269995592	0.1938720274	1.079097083	0.9423177565	-0.9447244137	0.8494994607	0.9043001767	-1.95787929	-1.429438357	0.4698482329	-1.351965242	0.8019968648	-1.141707642	-0.003121769759	-1.219073582	0.1240099507	-1.76150362	0.2843397102	0.3641940642	0.433759712	1.298225118	0.1177919683	-0.3761406873	0.9986584823	0.2992238311	-0.458546215	0.549715053	1.383021742	1.362923129	2.165333682	2.621986517	1.17490506	0.8584209801	0.1872173822
8925.107573308553	149.80028709781072	79657545.19512968	22440.12601458652	7343.805254737367	2.386383186502826	5.694824712823381	53931475.61950817	7857.210520020625	160.03914654302844	61735757.15592279	25612.52842622093	7819.993740820655	10736.185634256266	2.167667	92.671074	2.8716753	1.3126799999999998	5.0865699999999996e-05	0.0132623538	0.025792221299999998	-0.019654788700000002	0.015480474199999997	-0.0468524925	-0.0902493953	-0.024294552400000002	-0.096942679	-0.039985539	-0.0077369127	-0.0210519759	0.0055001612	-0.0390869577	-0.0393110303	-0.0081892876	0.0199117674	0.0015271958	-0.0414056199	0.053762893099999993	0.025327997799999998	-0.011484155800000001	-0.0444979145	-0.06279394740000001	-0.060320825099999996	0.23058	0.2449297	0.053167136399999995	0.059990557942089996	-0.503402	0.12036599999999995	0.014487973955999994	0.25341357360399996	-1.53749	-1.182952	2.3638755001	1.3993754343040001	-0.0558475	-0.018562	0.00034454784400000016	0.0031189432562500003	-0.00165931	-0.00522263	2.7533096761e-06	2.72758641169e-05	0.000504138	-0.002683922	7.2034373020840015e-06	2.54155123044e-07	0.0	0.0	0.0	0.0	0.0	0.0	0.0	0.0	0.0	0.0	0.0	0.0	0.0	0.0	0.0	0.0	0.0	0.0	0.0	0.0	0.0	1.0	0.0	0.0	0.0	0.0	0.0	0.0	0.0	0.0	0.0	0.0	0.0	0.0	0.0	0.0	0.0	0.0	0.0	0.0	0.0	0.0	0.0	0.0	0.0	0.0	0.0	0.0	0.0	0.0	0.0	0.0	0.0	0.0	0.0	0.0	0.0	0.0	0.0	0.0	0.0	0.0	0.0	0.0	0.0	0.0	0.0	0.0	0.0	0.0	0.0	0.0	0.0	0.0	0.0	0.0	0.0	0.0	0.0	0.0	0.0	0.0	0.0	0.0	0.0	0.0	0.0	0.0	0.0	0.0	0.0	0.0	0.0	0.0	0.0	0.0	0.0	0.0	0.0	0.0	0.0	0.0	0.0	-1.823913989	0.5346515518	1.150636008	1.128008243	0.4934229244	1.635205008	1.908339704	-2.346725969	-0.08073013097	1.937607048	-0.773430205	-0.07677092342	-1.169163547	-1.39787389	-2.170682307	-1.216115335	0.8486164275	-0.7224881546	1.553545885	-0.2740044118	0.6201186493	-0.1314530026	-1.133576556	0.9920843567	0.420515463	0.6942210679	0.4457612544	1.430207766	0.4589021621	0.9944556139	-0.5448102984	-1.105496914	-2.199966628	-1.689672713
8880.021147880305	-45.08642542824782	78854775.58680145	2032.785757896952	7089.347448990193	-254.45780574717446	64748.77490566677	50258847.25250375	7817.446669554187	-39.76385046643828	61112472.43132385	1581.1638039172628	7778.659921631073	10592.074605869242	1.5052020000000002	64.349678	0.9630655	0.6943189999999999	0.014874189	0.0230284722	0.020590790600000002	0.0098025922	-0.0799460588	-0.0251503068	-0.0027146362	-0.009621481500000001	-0.047483022400000005	-0.0194205051	-0.0190491143	0.002801315	0.0109325899	0.0072048584999999995	-0.018663221	-0.0196730607	-0.0012858716	0.011016193899999999	0.0130558542	0.0535304912	0.0245538015	-0.012721253200000001	-0.045696949199999996	-0.0632286023	-0.0593910994	0.14948	-0.0811	0.0223442704	0.006577210000000001	-0.419005	0.084397	0.007122853609	0.175565190025	-1.7946799999999998	-0.2571899999999998	3.2208763024	0.0661466960999999	-0.045555	0.010292500000000005	0.00010593555625000006	0.002075258025	-0.00114424	0.0005150700000000001	1.3092851775999998e-06	2.652971049000001e-07	0.000504138	0.0	0.0	2.54155123044e-07	0.0	0.0	0.0	0.0	0.0	0.0	0.0	0.0	0.0	0.0	0.0	0.0	0.0	0.0	0.0	0.0	0.0	0.0	0.0	0.0	0.0	0.0	1.0	0.0	0.0	0.0	0.0	0.0	0.0	0.0	0.0	0.0	0.0	0.0	0.0	0.0	0.0	0.0	0.0	0.0	0.0	0.0	0.0	0.0	0.0	0.0	0.0	0.0	0.0	0.0	0.0	0.0	0.0	0.0	0.0	0.0	0.0	0.0	0.0	0.0	0.0	0.0	0.0	0.0	0.0	0.0	0.0	0.0	0.0	0.0	0.0	0.0	0.0	0.0	0.0	0.0	0.0	0.0	0.0	0.0	0.0	0.0	0.0	0.0	0.0	0.0	0.0	0.0	0.0	0.0	0.0	0.0	0.0	0.0	0.0	0.0	0.0	0.0	0.0	0.0	0.0	0.0	0.0	-1.100082217	0.3046716479	0.7425540043	1.131679247	0.4076112472	1.165226326	1.427879519	-2.078840697	-1.273854913	0.2659475096	-0.5489508694	0.08790617943	-0.5636968597	-0.8644560691	-1.257948484	-0.4942377309	-0.5595007637	0.01584824142	0.2410710325	-0.5517426048	1.223308389	-0.2006499851	-0.9377378409	1.374274578	0.04280955748	-0.4103587572	0.5007240185	0.2617164293	-1.362395704	1.623299816	0.4367968491	-0.3452416634	-1.039491271	0.8788033641
8961.476164090831	81.45501621052608	80308055.03956811	6634.919665857066	7266.978587568566	177.63113857837288	31552.82139264911	52808977.79218002	7888.944657445862	71.4979878916747	62235447.8082436	5111.962272558064	7849.382269656208	10735.147330465996	1.362236	58.23768199999999	1.0616365999999997	0.685027	0.0120474845	0.021134942799999997	0.012198543999999999	0.002139088	-0.0251959021	-0.0108331082	-0.0455219977	0.0765513324	0.074869789	-0.0575969684	-0.0267922165	-0.0569444946	0.0075202968	0.0519408286	-0.0565697289	-0.028202659300000002	0.0583503987	0.0083532825	0.0567189027	0.0532958153	0.0237754328	-0.013953486999999999	-0.046864924800000006	-0.0635961111	-0.0583705553	0.125959	-0.023521000000000014	0.015865669681	0.0005532374410000007	-0.33022	0.08878500000000006	0.007882776225000011	0.10904524839999996	-2.31832	-0.5236400000000001	5.3746076224	0.2741988496000001	-0.040811	0.004743999999999997	2.2505535999999978e-05	0.001665537721	0.0017347	0.00287894	3.00918409e-06	8.288295523599999e-06	0.00139501	0.0008908719999999998	7.936529203839999e-07	1.9460529001e-06	0.0	0.0	0.0	0.0	0.0	0.0	0.0	0.0	0.0	0.0	0.0	0.0	0.0	0.0	0.0	0.0	0.0	0.0	0.0	0.0	0.0	0.0	0.0	1.0	0.0	0.0	0.0	0.0	0.0	0.0	0.0	0.0	0.0	0.0	0.0	0.0	0.0	0.0	0.0	0.0	0.0	0.0	0.0	0.0	0.0	0.0	0.0	0.0	0.0	0.0	0.0	0.0	0.0	0.0	0.0	0.0	0.0	0.0	0.0	0.0	0.0	0.0	0.0	0.0	0.0	0.0	0.0	0.0	0.0	0.0	0.0	0.0	0.0	0.0	0.0	0.0	0.0	0.0	0.0	0.0	0.0	0.0	0.0	0.0	0.0	0.0	0.0	0.0	0.0	0.0	0.0	0.0	0.0	0.0	0.0	0.0	0.0	0.0	0.0	0.0	0.0	0.0	0.0	-0.8951819101	-0.04018562915	0.7749703679	1.186162284	0.2287484865	1.37773279	2.905029164	-1.545325869	-0.83328	1.492537521	-0.596003051	-1.25379299	-0.1763797473	-1.036364939	-1.226057555	-0.6822730109	2.116929945	0.3306748832	0.4859852001	0.2777180281	1.757799935	0.2177764551	-1.076195634	0.3436665851	0.8834504361	-1.107223817	0.4175029123	0.6102010049	-0.6920055297	1.06054447	-0.7652329839	0.582961077	-3.297082953	1.010629276
8897.200347682394	-64.2758164084371	79160174.02679971	4131.380574971111	7165.477802942155	-101.50078462641069	10302.409279777006	51344072.14445673	7855.73407504955	-33.21058239631202	61712557.85789461	1102.9427831022301	7817.960436915432	10863.864560557538	1.941218	82.990021	1.6269731	1.10589	0.0168139272	0.055217243799999996	-0.013145449299999999	0.011868938400000001	-0.0574185962	-0.004086495	0.08145301519999999	0.087543903	-0.1518456306	-0.0406457115	-0.0238698039	0.010199192	-0.012053025	0.053911561600000005	-0.039874900899999996	-0.024541746	-0.007914324300000001	-0.0091146476	0.0611397245	0.053058875199999994	0.022993024	-0.015180385900000001	-0.0480010475	-0.06389608349999999	-0.0572607532	0.0550461	-0.07091289999999999	0.00303007312521	0.005028639386409997	-0.035915800000000005	0.2943042	0.08661496213763997	0.0012899446896400006	-1.22172	1.0965999999999998	1.4925997584000004	1.2025315599999995	-0.038579400000000014	0.0022315999999999933	4.98003855999997e-06	0.0014883701043600006	0.00252405	0.0007893499999999999	6.3708284025e-06	6.230734224999998e-07	0.00111284	-0.00028217	7.96199089e-08	1.2384128656e-06	0.0	0.0	0.0	0.0	0.0	0.0	0.0	0.0	0.0	0.0	0.0	0.0	0.0	0.0	0.0	0.0	0.0	0.0	0.0	0.0	0.0	0.0	0.0	0.0	1.0	0.0	0.0	0.0	0.0	0.0	0.0	0.0	0.0	0.0	0.0	0.0	0.0	0.0	0.0	0.0	0.0	0.0	0.0	0.0	0.0	0.0	0.0	0.0	0.0	0.0	0.0	0.0	0.0	0.0	0.0	0.0	0.0	0.0	0.0	0.0	0.0	0.0	0.0	0.0	0.0	0.0	0.0	0.0	0.0	0.0	0.0	0.0	0.0	0.0	0.0	0.0	0.0	0.0	0.0	0.0	0.0	0.0	0.0	0.0	0.0	0.0	0.0	0.0	0.0	0.0	0.0	0.0	0.0	0.0	0.0	0.0	0.0	0.0	0.0	0.0	0.0	0.0	0.0	-1.267522799	0.2920505653	0.7409494879	1.17184268	0.914158121	1.485700151	0.434456396	-1.710691778	-0.720715363	0.2253980703	-0.4044178448	0.09990458265	0.04034952847	-0.8093903132	-0.7068074206	-0.2828616737	0.1099879931	-0.5246009104	1.682984537	-0.3190126547	0.7854525039	-0.8723236674	-1.332708383	1.848834001	-0.3598662136	-0.297750253	1.067748543	0.3469574587	-0.9501800613	-0.2182315939	-1.869343604	-0.4183774932	-0.01600690504	1.337473143
8805.096926551443	-92.10342113095066	77529731.88596568	8483.040184025249	7184.302526076296	18.824723134141095	354.37020107706695	51614202.78618625	7820.245992416866	-35.488082632683465	61156247.38191205	1259.4040089441705	7782.880771860963	10765.976503195769	1.519374	64.955574	0.8885381599999999	0.427241	0.0051013382000000005	-0.0066840371	-0.0416931352	-0.0704076505	-0.0395007475	0.023220158900000003	0.036632568500000004	-0.0060217426	-0.12330130449999999	-0.0286888001	-0.0061132098999999995	-0.0304047744	-0.0082263633	0.0504018769	-0.028003964	-0.0074106177	0.030941988900000002	-0.0072805419	0.0496522079	0.0528196811	0.022206708199999998	-0.016401481000000002	-0.049104545199999995	-0.064128201	-0.0560633903	-0.00330161	-0.05834771	1.09006285921e-05	0.0034044552622440995	-0.203982	-0.1680662	0.028246247582439998	0.041608656324	-0.911287	0.3104330000000001	0.8304439963690001	0.09636864748900004	-0.031918	0.006661400000000005	4.4374249960000065e-05	0.0010187587240000002	0.00238195	-0.00014210000000000004	5.6736858025e-06	2.0192410000000008e-08	0.0008825149999999998	-0.0002303250000000001	5.304960562500004e-08	7.788327252249997e-07	0.0	0.0	0.0	0.0	0.0	0.0	0.0	0.0	0.0	0.0	0.0	0.0	0.0	0.0	0.0	0.0	0.0	0.0	0.0	0.0	0.0	0.0	0.0	0.0	0.0	1.0	0.0	0.0	0.0	0.0	0.0	0.0	0.0	0.0	0.0	0.0	0.0	0.0	0.0	0.0	0.0	0.0	0.0	0.0	0.0	0.0	0.0	0.0	0.0	0.0	0.0	0.0	0.0	0.0	0.0	0.0	0.0	0.0	0.0	0.0	0.0	0.0	0.0	0.0	0.0	0.0	0.0	0.0	0.0	0.0	0.0	0.0	0.0	0.0	0.0	0.0	0.0	0.0	0.0	0.0	0.0	0.0	0.0	0.0	0.0	0.0	0.0	0.0	0.0	0.0	0.0	0.0	0.0	0.0	0.0	0.0	0.0	0.0	0.0	0.0	0.0	0.0	0.0	-1.039125745	0.1861101515	0.6533864134	1.08169633	0.4818320622	0.5930775395	1.181620964	-1.18071211	-0.5985274024	0.8644374687	-1.142329029	0.1924339417	-0.6910231821	-0.8629826978	-0.2473859798	-0.5814512176	1.429831754	-0.9671740579	0.8783522135	-0.9744261568	0.9049065685	-1.717050758	-1.638181929	-0.9322343993	0.03146268902	0.8558093223	1.485667616	1.985231005	-0.8948520443	-0.2044379941	-0.5370827229	-0.2227157645	-2.603966981	0.6447143505
8824.694159246006	19.597232694562987	77875227.00423057	384.05152928484864	7125.40551342254	-58.89701265375607	3468.8580995367024	50771403.73071233	7835.285424465451	15.039432048584786	61391697.68284074	226.18451634399915	7798.759530364161	10755.312187367328	1.540919	65.87664000000001	1.1644054600000002	0.8127439999999999	-0.0033823926	-0.013818246000000001	-0.07424201150000001	-0.0745267847	-0.06696722719999999	-0.0190747147	0.0605620926	-0.0221891723	-0.07469315280000001	-0.0326617408	-0.0331942625	-0.0254899289	0.0212151356	0.0276003031	-0.0322673442	-0.033630683599999996	0.0256472838	0.0219574388	0.025570075600000002	0.0525782431	0.0214166188	-0.0176163054	-0.050174667699999995	-0.064292217	-0.0547802975	0.0439161	0.04721771	0.00192862383921	0.0022295121376441	-0.225787	-0.02180499999999999	0.00047545802499999963	0.050979769368999985	-1.39423	-0.4829429999999998	1.9438772929	0.2332339412489998	-0.0227303	0.009187700000000005	8.441383129000006e-05	0.0005166665380899999	0.00509489	0.0027129400000000005	2.5957904112100005e-05	7.360043443600002e-06	0.00123067	0.0003481550000000001	1.2121190402500005e-07	1.5145486488999995e-06	0.0	0.0	0.0	0.0	0.0	0.0	0.0	0.0	0.0	0.0	0.0	0.0	0.0	0.0	0.0	0.0	0.0	0.0	0.0	0.0	0.0	0.0	0.0	0.0	0.0	0.0	1.0	0.0	0.0	0.0	0.0	0.0	0.0	0.0	0.0	0.0	0.0	0.0	0.0	0.0	0.0	0.0	0.0	0.0	0.0	0.0	0.0	0.0	0.0	0.0	0.0	0.0	0.0	0.0	0.0	0.0	0.0	0.0	0.0	0.0	0.0	0.0	0.0	0.0	0.0	0.0	0.0	0.0	0.0	0.0	0.0	0.0	0.0	0.0	0.0	0.0	0.0	0.0	0.0	0.0	0.0	0.0	0.0	0.0	0.0	0.0	0.0	0.0	0.0	0.0	0.0	0.0	0.0	0.0	0.0	0.0	0.0	0.0	0.0	0.0	0.0	0.0	0.0	-0.8356968061	-0.0409749767	0.7962024288	1.057675407	0.1896905694	-0.7796750285	-0.3581616996	-1.481326479	-0.1461675808	-0.05325314171	0.02936034677	-0.5763683759	-1.376374642	-1.564004191	-0.01512261468	-0.04583112952	-0.6888458177	-0.02391824865	-0.1822921742	-0.169526326	0.3473016579	-0.7302956084	-1.101123227	0.7556652935	-0.4858652364	0.8956901984	-0.1263061689	1.415266826	-1.040878056	-1.273176592	-3.182308658	-0.847444743	0.3717266662	1.787648124
8904.866580614864	80.17242136885761	79296648.81855145	6427.617148145657	7268.552553607048	143.14704018450809	20491.075113585182	52831856.22454754	7878.091549889167	42.80612542371637	62064326.46843511	1832.364373790937	7840.435298989886	10654.193685047429	1.147901	49.074516	0.18744620000000006	0.118637	-0.0037827326000000002	-0.0051529233	-0.0807538664	-0.052720933600000006	-0.017232993500000002	-0.0233603045	-0.001673679	-0.0307045898	-0.0640109271	-0.051404547599999996	-0.0455446912	0.0017183818	-0.0050751134	-0.0192557477	-0.0506746474	-0.04605261150000002	-0.0022944498	-0.0073942596	-0.0206370622	0.052334571399999995	0.020622890300000002	-0.0188243946	-0.0512106878	-0.0643879575	-0.05341343690000002	0.0433584	-0.0005577000000000013	0.00187995085056	3.110292900000014e-07	-0.230802	-0.005015000000000019	2.5150225000000197e-05	0.053269563203999996	-1.31824	0.07599	1.7377566975999996	0.005774480100000001	-0.0233328	-0.0006025000000000022	3.6300625000000283e-07	0.00054441955584	0.00520424	0.00010934999999999938	2.70841139776e-05	1.1957422499999864e-08	0.00263649	0.00140582	1.9763298724000003e-06	6.9510795201e-06	0.0	0.0	0.0	0.0	0.0	0.0	0.0	0.0	0.0	0.0	0.0	0.0	0.0	0.0	0.0	0.0	0.0	0.0	0.0	0.0	0.0	0.0	0.0	0.0	0.0	0.0	0.0	0.0	0.0	0.0	0.0	0.0	0.0	0.0	0.0	0.0	0.0	0.0	0.0	0.0	0.0	0.0	0.0	0.0	0.0	0.0	0.0	0.0	0.0	0.0	0.0	0.0	0.0	0.0	0.0	0.0	0.0	0.0	0.0	0.0	0.0	0.0	0.0	0.0	0.0	0.0	0.0	0.0	0.0	0.0	0.0	0.0	0.0	0.0	0.0	0.0	0.0	0.0	0.0	0.0	0.0	0.0	0.0	0.0	0.0	0.0	0.0	0.0	0.0	0.0	0.0	0.0	0.0	0.0	0.0	0.0	0.0	0.0	0.0	0.0	0.0	0.0	0.0	-0.9742240492	-0.0876502807	0.6939103156	0.860519514	-0.1257386642	-0.3620577851	0.9157206019	-1.424976366	-1.263517283	1.209206424	-0.4127224864	-0.6627808314	-1.235601772	-1.583328856	0.535065827	-0.3576995832	0.01956080946	-0.2092776243	-0.9335597928	-0.3660376798	0.6782725963	-0.9344996673	-1.920094617	-0.5706346048	-0.5404847634	-0.1813181848	0.3043295942	1.441336219	-0.2269703557	0.604330745	0.9423921244	0.6446047841	-0.2889447647	0.4922581139
8875.131449720966	-29.735130893897804	78767958.24982618	884.1780092772356	7263.376786901596	-5.175766705452587	26.788560989271534	52756642.34850095	7851.4577438648585	-26.6338060243088	61645388.70369545	709.3596233405077	7813.693994012242	10711.701617858393	1.079988	46.171143	0.470463	0.296466	-0.012658345500000001	-0.0282223642	-0.0659333795	-0.0700722673	0.00023713720000000002	0.0065902561	0.016680775800000002	-0.0165665797	-0.1310281244	-0.0409428301	-0.0415106087	-0.0127624229	-0.0107871487	0.0187700674	-0.0401534573	-0.0423024924	0.011737718700000002	-0.0125370964	0.0128372822	0.05208867650000002	0.0198256573	-0.0200252867	-0.0522119012	-0.06441532059999999	-0.051964898600000003	0.0605299	0.0171715	0.0036638687940100004	0.00029486041225	-0.341581	-0.11077899999999996	0.01227198684099999	0.11667757956099994	-1.083	0.2352399999999999	1.1728889999999998	0.05533785759999995	-0.0247841	-0.0014512999999999954	2.1062716899999874e-06	0.0006142516128099997	0.0046398	-0.0005644399999999994	2.1527744040000007e-05	3.185925135999993e-07	0.0027662	0.0001297099999999999	1.6824684099999974e-08	7.651862439999999e-06	0.0	0.0	0.0	0.0	0.0	0.0	0.0	0.0	0.0	0.0	0.0	0.0	0.0	0.0	0.0	0.0	0.0	0.0	0.0	0.0	0.0	0.0	0.0	0.0	0.0	0.0	0.0	0.0	0.0	0.0	0.0	0.0	0.0	0.0	0.0	0.0	0.0	0.0	0.0	0.0	0.0	0.0	0.0	0.0	0.0	0.0	0.0	0.0	0.0	0.0	0.0	0.0	0.0	0.0	0.0	0.0	0.0	0.0	0.0	0.0	0.0	0.0	0.0	0.0	0.0	0.0	0.0	0.0	0.0	0.0	0.0	0.0	0.0	0.0	0.0	0.0	0.0	0.0	0.0	0.0	0.0	0.0	0.0	0.0	0.0	0.0	0.0	0.0	0.0	0.0	0.0	0.0	0.0	0.0	0.0	0.0	0.0	0.0	0.0	0.0	0.0	0.0	0.0	-1.124695962	0.1114919341	0.767110915	1.050985853	0.4832996354	-0.3464483602	0.04521699095	-1.147042513	-0.06253123937	0.6160333354	-0.3411576224	-0.5343126604	-1.151717659	-1.491840727	0.3208845425	-0.4165866089	0.2121883855	-0.3264099435	-0.736251239	-0.6251729821	-0.01684918749	-1.670682296	-1.900029447	0.2380259827	0.1861853129	0.7480110892	0.9572756804	1.747833822	0.07798980596	-0.9793228807	-2.648036466	-0.2895845971	-1.216271293	-0.1726673386
8921.117940824259	45.98649110329279	79586345.31409647	2114.757363993227	7326.575649829621	63.198862928025854	3994.0962753954	53678710.75267634	7857.788491598323	6.330747733464705	61744839.97869505	40.0783668647685	7821.847922108656	10907.616926194218	0.747479	31.955853	0.1410814999999998	0.0861905	-0.0186661676	-0.014614981899999999	-0.066085836	-0.0644368425	0.0137356456	0.0109978892	0.012562046	-0.049941436	-0.0963010999	-0.0458864951	-0.0370247966	-0.005296229	-0.010552139399999999	-0.0032431845000000003	-0.045480065300000004	-0.037531035899999995	0.0047883206	-0.0117496763	-0.0047156666	0.0518405688	0.0190250555	-0.021218522599999998	-0.0531776276	-0.0643742773	-0.0504368977	0.0639489	0.003419000000000005	0.00408946181121	1.1689561000000035e-05	-0.321973	0.01960799999999996	0.0003844736639999984	0.103666612729	-1.01584	0.06716000000000011	1.0319309055999997	0.004510465600000015	-0.0253352	-0.0005511000000000024	3.037112100000025e-07	0.0006418723590399999	0.0047845	0.00014469999999999934	2.289144025e-05	2.093808999999981e-08	0.00308829	0.0003220900000000001	1.037419681000001e-07	9.5375351241e-06	0.0	0.0	0.0	0.0	0.0	0.0	0.0	0.0	0.0	0.0	0.0	0.0	0.0	0.0	0.0	0.0	0.0	0.0	0.0	0.0	0.0	0.0	0.0	0.0	0.0	0.0	0.0	0.0	0.0	0.0	0.0	0.0	0.0	0.0	0.0	0.0	0.0	0.0	0.0	0.0	0.0	0.0	0.0	0.0	0.0	0.0	0.0	0.0	0.0	0.0	0.0	0.0	0.0	0.0	0.0	0.0	0.0	0.0	0.0	0.0	0.0	0.0	0.0	0.0	0.0	0.0	0.0	0.0	0.0	0.0	0.0	0.0	0.0	0.0	0.0	0.0	0.0	0.0	0.0	0.0	0.0	0.0	0.0	0.0	0.0	0.0	0.0	0.0	0.0	0.0	0.0	0.0	0.0	0.0	0.0	0.0	0.0	0.0	0.0	0.0	0.0	0.0	0.0	-1.067493981	0.1775140292	0.7526551987	1.023529849	0.3370348866	-0.1703456379	0.5879949084	-1.21018156	-0.5400741509	0.8988545183	-0.3942426135	-0.3595967279	-0.6689772617	-1.281483005	0.3981598851	-0.1605010068	-0.07792679321	-0.2372856292	-0.3587126027	-0.04513638678	0.4047133205	-1.524702134	-1.453484813	-0.007630441767	0.2577839706	0.5899889001	0.8221368755	1.786300736	0.07694167212	0.1154446303	0.04820122192	1.130058881	0.2643328515	0.4207240788
8866.61904061153	-54.4989002127295	78616933.21133491	2970.130124397047	7303.080802235706	-23.494847593915445	552.0078634613141	53334989.20398373	7842.741255694791	-15.047235903532055	61508590.40377711	226.4193083365441	7804.953411613818	10835.419548583544	0.6544220000000001	27.97752	0.2387066	0.161341	-0.0166132006	-0.022554693100000002	-0.0713546283	-0.0710186991	0.009943268199999999	0.0129555372	-0.005313803000000001	-0.0304195077	-0.10045220519999999	-0.038488626899999996	-0.044171168200000006	-0.0218428813	-0.0148402857	-0.0092120004	-0.037576040299999995	-0.0449779159	0.0202249431	-0.01784525	-0.014718126100000001	0.0515902588	0.0182212208	-0.022403646099999997	-0.054107210499999996	-0.06426487139999999	-0.0488317708	0.07787949999999999	0.013930599999999987	0.006065216520249999	0.00019406161635999964	-0.475567	-0.153594	0.023591116836000004	0.22616397148900005	-1.02154	-0.005700000000000038	1.0435439715999997	3.249000000000044e-05	-0.026110200000000004	-0.0007750000000000049	6.006250000000075e-07	0.0006817425440400003	0.00513726	0.00035276000000000063	2.6391440307600007e-05	1.2443961760000038e-07	0.00290641	-0.00018188000000000012	3.3080334400000056e-08	8.4472190881e-06	0.0	0.0	0.0	0.0	0.0	0.0	0.0	0.0	0.0	0.0	0.0	0.0	0.0	0.0	0.0	0.0	0.0	0.0	0.0	0.0	0.0	0.0	0.0	0.0	0.0	0.0	0.0	0.0	0.0	0.0	0.0	0.0	0.0	0.0	0.0	0.0	0.0	0.0	0.0	0.0	0.0	0.0	0.0	0.0	0.0	0.0	0.0	0.0	0.0	0.0	0.0	0.0	0.0	0.0	0.0	0.0	0.0	0.0	0.0	0.0	0.0	0.0	0.0	0.0	0.0	0.0	0.0	0.0	0.0	0.0	0.0	0.0	0.0	0.0	0.0	0.0	0.0	0.0	0.0	0.0	0.0	0.0	0.0	0.0	0.0	0.0	0.0	0.0	0.0	0.0	0.0	0.0	0.0	0.0	0.0	0.0	0.0	0.0	0.0	0.0	0.0	0.0	0.0	-1.120101791	0.05911874849	0.7191093145	0.987499292	0.5055510763	-0.09821262139	0.7760840596	-1.308481634	-0.3821467354	0.5935591369	-0.4941146658	-0.6202060173	-0.7844479793	-1.448364653	-0.0009024440614	0.03975169866	0.2250891906	-0.4290598393	0.2026060493	-0.2383193291	0.3008194198	-1.728233708	-1.641405961	0.143715801	0.5051304314	1.008396978	0.6766138687	2.080973971	0.682989985	-0.412662691	-0.8656630206	-0.0275936124	-0.1179840716	-0.5001458248
8865.310270249945	-1.3087703615838109	78593726.18779916	1.712879859360219	7365.971344643451	62.89054240774476	3955.2203243403424	54257533.85010845	7844.972785816338	2.231530121546712	61543598.01019895	4.9797266833702825	7809.350768026607	10973.513289291835	0.669377	28.616877	0.3552316999999999	0.211598	-0.0224004846	-0.018290010500000002	-0.0563042556	-0.0698301018	0.0340335532	0.024532513500000002	0.0027057641	-0.0374924105	-0.0931081198	-0.040439989100000004	-0.045061805999999996	-0.0135763247	-0.014771776200000001	-0.0052575962	-0.0401991684	-0.045369817800000004	0.013084730900000001	-0.0162365049	-0.006340436	0.0513377571	0.0174142899	-0.0235802042	-0.0550000181	-0.0640872188	-0.047151972199999996	0.0748568	-0.003022699999999989	0.00560354050624	9.136715289999935e-06	-0.371545	0.10402200000000006	0.010820576484000012	0.13804568702499995	-0.890094	0.13144599999999984	0.7922673288359999	0.01727805091599996	-0.0278556	-0.0017453999999999944	3.0464211599999795e-06	0.0007759344513599999	0.00534634	0.0002090799999999995	2.85833513956e-05	4.3714446399999795e-08	0.00252607	-0.00038033999999999984	1.4465851559999988e-07	6.3810296449e-06	0.0	0.0	0.0	0.0	0.0	0.0	0.0	0.0	0.0	0.0	0.0	0.0	0.0	0.0	0.0	0.0	0.0	0.0	0.0	0.0	0.0	0.0	0.0	0.0	0.0	0.0	0.0	0.0	0.0	0.0	0.0	0.0	0.0	0.0	0.0	0.0	0.0	0.0	0.0	0.0	0.0	0.0	0.0	0.0	0.0	0.0	0.0	0.0	0.0	0.0	0.0	0.0	0.0	0.0	0.0	0.0	0.0	0.0	0.0	0.0	0.0	0.0	0.0	0.0	0.0	0.0	0.0	0.0	0.0	0.0	0.0	0.0	0.0	0.0	0.0	0.0	0.0	0.0	0.0	0.0	0.0	0.0	0.0	0.0	0.0	0.0	0.0	0.0	0.0	0.0	0.0	0.0	0.0	0.0	0.0	0.0	0.0	0.0	0.0	0.0	0.0	0.0	0.0	-1.197507564	0.1432530163	0.7649582636	0.8911894085	0.3567400431	-0.07233237919	0.5479282559	-1.3688524	-0.3712986164	0.536712554	-0.5602766679	-0.4957571093	-0.5604678182	-1.080164014	-0.2042697272	-0.08531262584	0.417256705	-0.4037713106	0.5864126945	0.2079523654	0.5076507745	-1.706296959	-1.405183279	-0.04347686755	0.7553725002	1.187107235	0.890150816	2.147939515	-0.5473811365	-0.3088448966	-0.4424107083	0.8575422784	-0.463827095	-0.3275416877
8816.147062585145	-49.16320766480022	77724449.02912869	2417.02098789227	7348.703642889794	-17.26770175365709	298.17352385325216	54003445.23102173	7833.191494560841	-11.781291255496399	61358888.99046031	138.7988236468359	7798.3872606309205	10958.554380567812	0.643171	27.496548	0.2333105000000001	0.109478	-0.026212805	-0.0238216942	-0.0555598426	-0.05380739440000002	0.0241429253	0.0380997876	0.024192805499999998	-0.012935204099999998	-0.0866024874	-0.0363711867	-0.0401573398	-0.008275250999999999	-0.031758754199999996	0.019844946000000002	-0.0361167298	-0.0406918231	0.0082604181	-0.031893643900000004	0.0205778351	0.0510830745	0.0166043998	-0.0247477468	-0.055855443600000006	-0.0638415083	-0.0454000708	0.0718313	-0.0030255000000000004	0.005159735659689999	9.153650250000002e-06	-0.358274	0.013270999999999977	0.0001761194409999994	0.12836025907600002	-0.792495	0.0975990000000001	0.628048325025	0.00952556480100002	-0.0267211	0.0011344999999999964	1.2870902499999923e-06	0.0007140171852100001	0.00466231	-0.0006840299999999995	2.17371345361e-05	4.6789704089999936e-07	0.0019563	-0.0005697700000000003	3.246378529000003e-07	3.82710969e-06	0.0	0.0	0.0	0.0	0.0	0.0	0.0	0.0	0.0	0.0	0.0	0.0	0.0	0.0	0.0	0.0	0.0	0.0	0.0	0.0	0.0	0.0	0.0	0.0	0.0	0.0	0.0	0.0	0.0	0.0	0.0	0.0	0.0	0.0	0.0	0.0	0.0	0.0	0.0	0.0	0.0	0.0	0.0	0.0	0.0	0.0	0.0	0.0	0.0	0.0	0.0	0.0	0.0	0.0	0.0	0.0	0.0	0.0	0.0	0.0	0.0	0.0	0.0	0.0	0.0	0.0	0.0	0.0	0.0	0.0	0.0	0.0	0.0	0.0	0.0	0.0	0.0	0.0	0.0	0.0	0.0	0.0	0.0	0.0	0.0	0.0	0.0	0.0	0.0	0.0	0.0	0.0	0.0	0.0	0.0	0.0	0.0	0.0	0.0	0.0	0.0	0.0	0.0	-1.201404525	0.1734049316	0.7317166992	0.896003688	0.5017715557	0.01601827382	0.6599795813	-1.268014317	-0.3886104767	0.1848513019	-0.4645517957	-0.3674991526	-0.7269484113	-1.046361177	-0.3343875889	0.3084716486	0.1339071052	-0.5413097192	0.1782294957	-0.09891905702	0.3941843248	-1.914988717	-1.412042414	0.2584975323	0.9695433208	-0.3054697768	0.7050252048	1.876280484	0.1026236704	-0.8454509458	-0.8471910697	2.060868245	-0.4878558673	0.3898153978
8802.762405549376	-13.384657035769123	77488625.96855344	179.1490439651639	7362.274898707614	13.571255817820203	184.1789844727187	54203091.68414021	7830.041751986391	-3.149742574450101	61309553.83785012	9.920878285303552	7793.898024429468	10792.74470962258	0.5728260000000001	24.489202	0.18708289999999989	0.107257	-0.025279428399999998	-0.028993801200000002	-0.0453296974	-0.0459057035	0.0275664163	0.042740773899999994	0.0052156314	-0.0157261703	-0.0829041757	-0.0357678871	-0.0420698421	-0.015011583700000001	-0.0220264084	0.0004714612	-0.0349802745	-0.0427860908	0.0147011081	-0.023223937099999998	0.0001487044	0.050826221799999995	0.0157916882	-0.0259058278	-0.056672905499999995	-0.0635280008	-0.0435787454	0.0579254	-0.0139059	0.0033553519651599996	0.00019337405481	-0.27865700000000004	0.07961699999999994	0.00633886668899999	0.07764972364900002	-0.729004	0.06349099999999996	0.531446832016	0.004031107080999996	-0.027009300000000003	-0.00028820000000000234	8.305924000000135e-08	0.0007295022864900003	0.00479366	0.0001313499999999997	2.29791761956e-05	1.725282249999992e-08	0.00213813	0.00018183	3.3062148900000005e-08	4.571599896899999e-06	0.0	0.0	0.0	0.0	0.0	0.0	0.0	0.0	0.0	0.0	0.0	0.0	0.0	0.0	0.0	0.0	0.0	0.0	0.0	0.0	0.0	0.0	0.0	0.0	0.0	0.0	0.0	0.0	0.0	0.0	0.0	0.0	0.0	0.0	0.0	0.0	0.0	0.0	0.0	0.0	0.0	0.0	0.0	0.0	0.0	0.0	0.0	0.0	0.0	0.0	0.0	0.0	0.0	0.0	0.0	0.0	0.0	0.0	0.0	0.0	0.0	0.0	0.0	0.0	0.0	0.0	0.0	0.0	0.0	0.0	0.0	0.0	0.0	0.0	0.0	0.0	0.0	0.0	0.0	0.0	0.0	0.0	0.0	0.0	0.0	0.0	0.0	0.0	0.0	0.0	0.0	0.0	0.0	0.0	0.0	0.0	0.0	0.0	0.0	0.0	0.0	0.0	0.0	-1.212578189	0.1619809626	0.758519576	0.8046405278	0.217238336	0.01966046539	0.5065106423	-1.309089687	-0.5432479928	0.5242306879	-0.4842466955	-0.1190484818	-0.7488173184	-0.9077087973	-0.5911938879	0.06947849247	0.09525482818	-0.4881716719	-0.4320439844	0.3998077912	0.2736203773	-1.687122346	-1.189979726	-0.2062451552	0.7517421212	-0.7012117966	0.732077205	1.685348032	0.6981454911	-0.697173751	0.008107685059	0.8551280094	-0.8581644285	-0.3892070418
8771.364895500912	-31.39751004846403	76936842.13002573	985.8036372433996	7369.34474370429	7.069844996676693	49.982708277034476	54307241.95156205	7815.961829253452	-14.079922732938941	61089259.31634697	198.24422416553074	7779.05802983009	10630.731357774412	0.600575	25.675482	0.31199930000000003	0.185907	-0.021584597	-0.0354343228	-0.043979533200000004	-0.0390787171	0.0369532482	0.046046877800000004	0.00537988	-0.046324295099999996	-0.0699449136	-0.0313554503	-0.0416220008	-0.014504398200000001	-0.031772094300000005	-0.0007835178999999999	-0.030542860699999997	-0.0422199263	0.0135480722	-0.0330853297	-0.0027710052	0.0505672099	0.0149762932	-0.0270540043	-0.057451848300000004	-0.06314702929999999	-0.0416907812	0.0539251	-0.004000300000000004	0.0029079164100099994	1.6002400090000047e-05	-0.128686	0.14997100000000005	0.02249130084100001	0.016560086595999998	-0.662454	0.06655	0.438845302116	0.0044289025	-0.0282968	-0.001287499999999997	1.6576562499999925e-06	0.00080070889024	0.0049836	0.0001899400000000004	2.4836268960000007e-05	3.6077203600000164e-08	0.00178601	-0.0003521199999999998	1.2398849439999988e-07	3.1898317201e-06	0.0	0.0	0.0	0.0	0.0	0.0	0.0	0.0	0.0	0.0	0.0	0.0	0.0	0.0	0.0	0.0	0.0	0.0	0.0	0.0	0.0	0.0	0.0	0.0	0.0	0.0	0.0	0.0	0.0	0.0	0.0	0.0	0.0	0.0	0.0	0.0	0.0	0.0	0.0	0.0	0.0	0.0	0.0	0.0	0.0	0.0	0.0	0.0	0.0	0.0	0.0	0.0	0.0	0.0	0.0	0.0	0.0	0.0	0.0	0.0	0.0	0.0	0.0	0.0	0.0	0.0	0.0	0.0	0.0	0.0	0.0	0.0	0.0	0.0	0.0	0.0	0.0	0.0	0.0	0.0	0.0	0.0	0.0	0.0	0.0	0.0	0.0	0.0	0.0	0.0	0.0	0.0	0.0	0.0	0.0	0.0	0.0	0.0	0.0	0.0	0.0	0.0	0.0	-1.27875936	0.2739447075	0.7528241486	0.8338025657	0.2612629999	0.2759042274	0.2153913091	-1.266111741	-0.4627877291	0.1226053271	-0.539231204	-0.1110213777	-0.5668545781	-0.8744414673	-0.5129563119	0.10748504	-0.5204131236	-0.7740410952	-1.014324736	0.2156483494	-0.01892921444	-1.72589172	-1.21904819	0.08267662182	0.5507763957	0.2643604944	0.8639699063	1.491651948	0.4527132552	-0.6237269822	-0.4429405734	0.01471200873	-0.6628165021	-0.8653732038
8785.994747618575	14.629852117663177	77193703.7051812	214.03257298469373	7382.659352663729	13.314608959438374	177.2788117427566	54503659.11747323	7816.986243206522	1.0244139530695977	61105273.92648002	1.0494239472436795	7781.901577734718	10598.181511600607	0.611038	26.122814	0.2819306999999999	0.204921	-0.0241523308	-0.037995744	-0.043099092	-0.0393447226	0.0396584711	0.0405112318	0.0181013504	-0.01568639	-0.064162151	-0.0317714321	-0.0364199978	-0.0110084528	-0.0293700831	-0.0012133443	-0.031572527	-0.0369204078	0.0107019357	-0.0290720923	5.57986e-05	0.050306049900000004	0.0141583533	-0.0281918373	-0.0581917426	-0.0626989983	-0.0397390651	0.06396879999999999	0.010043699999999996	0.004092007373439999	0.00010087590968999991	-0.32414	-0.195454	0.038202266115999986	0.1050667396	-0.723121	-0.060667000000000026	0.522903980641	0.0036804848890000033	-0.028305200000000006	-8.400000000002156e-06	7.05600000000362e-11	0.0008011843470400003	0.00508852	0.00010491999999999968	2.58930357904e-05	1.1008206399999929e-08	0.00198801	0.0002020000000000001	4.0804000000000065e-08	3.9521837601e-06	0.0	0.0	0.0	0.0	0.0	0.0	0.0	0.0	0.0	0.0	0.0	0.0	0.0	0.0	0.0	0.0	0.0	0.0	0.0	0.0	0.0	0.0	0.0	0.0	0.0	0.0	0.0	0.0	0.0	0.0	0.0	0.0	0.0	0.0	0.0	0.0	0.0	0.0	0.0	0.0	0.0	0.0	0.0	0.0	0.0	0.0	0.0	0.0	0.0	0.0	0.0	0.0	0.0	0.0	0.0	0.0	0.0	0.0	0.0	0.0	0.0	0.0	0.0	0.0	0.0	0.0	0.0	0.0	0.0	0.0	0.0	0.0	0.0	0.0	0.0	0.0	0.0	0.0	0.0	0.0	0.0	0.0	0.0	0.0	0.0	0.0	0.0	0.0	0.0	0.0	0.0	0.0	0.0	0.0	0.0	0.0	0.0	0.0	0.0	0.0	0.0	0.0	0.0	-1.231670108	0.2979986174	0.7700339081	0.7986540967	0.1602040432	-0.1104494905	0.4180135232	-1.214634173	-0.5492197898	0.5048699107	-0.5021497177	-0.3266091607	-0.7517992705	-0.9652240348	-0.2947467047	-0.1085471487	-0.1271069868	-0.5938164175	-1.423824873	0.5160325188	0.1795113057	-1.670885254	-1.251839016	-0.4687563412	0.6008035641	-0.1662934928	0.9145918624	1.424204072	-0.8789596429	-0.5987751869	0.01587454838	0.4748835354	-1.344713939	0.02095440928
8786.643116144853	0.6483685262774088	77205097.25049573	0.42038174586713895	7332.215142952126	-50.44420971160253	2544.6182934281346	53761378.90253648	7810.846568833868	-6.139674372653644	61009324.12186381	37.69560140221992	7774.414778125171	10495.465642007748	0.53937	23.058903	0.11734959999999996	0.0611632	-0.0267188171	-0.0416267696	-0.046355994500000004	-0.0305005301	0.0200225047	0.0489286726	0.0045268633	0.0042233246999999995	-0.073245492	-0.027794641499999998	-0.04271989019999999	-0.0123189531	-0.0286693194	0.0070366304000000005	-0.027308747400000003	-0.0432954202	0.0128205341	-0.0287342571	0.0108234001	0.0500427527	0.0133380076	-0.0293188918	-0.0588920853	-0.062184383600000004	-0.0377265816	0.0538162	-0.010152599999999998	0.0028961833824399995	0.00010307528675999997	-0.286847	0.03729300000000002	0.0013907678490000016	0.08228120140899997	-0.748486	-0.025364999999999967	0.560231292196	0.0006433832249999985	-0.027780000000000003	0.0005252000000000001	2.7583504e-07	0.0007717284000000003	0.00540982	0.0003213000000000001	2.92661524324e-05	1.0323369000000004e-07	0.00203229	4.427999999999984e-05	1.9607183999999857e-09	4.1302026441e-06	0.0	0.0	0.0	0.0	0.0	0.0	0.0	0.0	0.0	0.0	0.0	0.0	0.0	0.0	0.0	0.0	0.0	0.0	0.0	0.0	0.0	0.0	0.0	0.0	0.0	0.0	0.0	0.0	0.0	0.0	0.0	0.0	0.0	0.0	0.0	0.0	0.0	0.0	0.0	0.0	0.0	0.0	0.0	0.0	0.0	0.0	0.0	0.0	0.0	0.0	0.0	0.0	0.0	0.0	0.0	0.0	0.0	0.0	0.0	0.0	0.0	0.0	0.0	0.0	0.0	0.0	0.0	0.0	0.0	0.0	0.0	0.0	0.0	0.0	0.0	0.0	0.0	0.0	0.0	0.0	0.0	0.0	0.0	0.0	0.0	0.0	0.0	0.0	0.0	0.0	0.0	0.0	0.0	0.0	0.0	0.0	0.0	0.0	0.0	0.0	0.0	0.0	0.0	-1.282907062	0.2697884794	0.8034528995	0.7987382636	0.2582180128	-0.1507823437	0.1942921143	-1.380478463	-0.5076266495	0.267884072	-0.5012271695	-0.2192944016	-0.8061585513	-0.9302137766	-0.4732342022	-0.02590403046	-0.5511230264	-0.7436742289	-1.934762583	0.173362968	-0.2380168637	-1.466816254	-1.260521664	-0.1705490187	0.2276941253	-1.350317467	0.9727021328	1.369955842	-0.2350440531	-0.7982766844	-0.3095362069	0.990406545	-1.188630256	0.5940200343
8814.549631671265	27.906515526412484	77696285.20919603	778.7736088259006	7372.100288813165	39.88514586103884	1590.8248603563434	54347862.66831915	7823.45244204095	12.60587320708146	61206408.112876505	158.90803931301417	7787.261482205336	10633.002370303117	0.500395	21.392641	0.19831909999999991	0.125252	-0.0320262299	-0.0378391294	-0.0389912777	-0.0296453377	0.032153789599999996	0.0537266704	-0.0029186493	0.0027762139000000003	-0.0666434633	-0.03597714	-0.0358483551	-0.016135794199999998	-0.0292781253	0.0011944508	-0.0353672003	-0.036579617099999996	0.0160809447	-0.0295948327	0.0031221776	0.049777329599999996	0.012515395300000001	-0.030434737000000007	-0.0595524007	-0.0616037317	-0.035656408199999996	0.053164599999999985	-0.0006516000000000023	0.0028264746931599997	4.245825600000029e-07	-0.200278	0.08656899999999998	0.0074941917609999955	0.04011127728399999	-0.66668	0.08180599999999992	0.4444622224000001	0.00669222163599999	-0.0281645	-0.000384499999999996	1.478402499999969e-07	0.0007932390602499999	0.00540982	0.0	2.92661524324e-05	0.0	0.00183094	-0.00020134999999999988	4.054182249999995e-08	3.352341283600001e-06	0.0	0.0	0.0	0.0	0.0	0.0	0.0	0.0	0.0	0.0	0.0	0.0	0.0	0.0	0.0	0.0	0.0	0.0	0.0	0.0	0.0	0.0	0.0	0.0	0.0	0.0	0.0	0.0	0.0	0.0	0.0	0.0	0.0	0.0	0.0	0.0	0.0	0.0	0.0	0.0	0.0	0.0	0.0	0.0	0.0	0.0	0.0	0.0	0.0	0.0	0.0	0.0	0.0	0.0	0.0	0.0	0.0	0.0	0.0	0.0	0.0	0.0	0.0	0.0	0.0	0.0	0.0	0.0	0.0	0.0	0.0	0.0	0.0	0.0	0.0	0.0	0.0	0.0	0.0	0.0	0.0	0.0	0.0	0.0	0.0	0.0	0.0	0.0	0.0	0.0	0.0	0.0	0.0	0.0	0.0	0.0	0.0	0.0	0.0	0.0	0.0	0.0	0.0	-1.259478879	0.3061609267	0.791693153	0.8419411062	0.1952222004	0.02344408345	0.3534347823	-1.189841522	-0.6128794563	0.8842950204	-0.4769699248	-0.2486432897	-0.6428702437	-0.8523966784	-0.3244508177	-0.1434435684	-0.1724413374	-0.7087851841	-1.64393334	0.3593757242	0.02947109129	-1.417383651	-1.170640943	-0.6281047214	0.5280634685	-0.9608311718	1.033493893	1.418135726	0.107820667	-0.4116128758	0.222571523	1.730868858	-1.341584565	0.4990635882
8775.935764627591	-38.613867043673956	77017048.54486966	1491.0307280665302	7331.565473840592	-40.53481497257326	1643.0712248607492	53751852.29721142	7794.731871436928	-28.72057060402221	60757844.94759463	824.8711758206249	7760.255340281959	10587.143434953836	0.526347	22.502131	0.061991299999999985	0.0349869	-0.031066385499999998	-0.0440637632	-0.0423755608	-0.026818444599999998	0.0210804125	0.0560177913	-0.011305709099999998	-0.0039045637	-0.0704727463	-0.0229041111	-0.0390990986	-0.0140101542	-0.0298617601	0.0009587395	-0.022291195299999997	-0.039707539	0.0135801243	-0.030244377700000002	0.0011835883999999999	0.049509791799999994	0.011690656399999999	-0.0315389461	-0.06017223980000001	-0.060957659299999994	-0.0335317104	0.044855300000000015	-0.008309299999999985	0.0020119979380900013	6.904446648999974e-05	-0.231969	-0.031691000000000025	0.0010043194810000016	0.053809616961000006	-0.652859	0.013821000000000085	0.426224873881	0.00019102004100000233	-0.0280655	9.900000000000185e-05	9.801000000000368e-09	0.0007876722902499997	0.00540982	0.0	2.92661524324e-05	0.0	0.00189534	6.439999999999983e-05	4.147359999999977e-09	3.5923137156e-06	0.0	0.0	0.0	0.0	0.0	0.0	0.0	0.0	0.0	0.0	0.0	0.0	0.0	0.0	0.0	0.0	0.0	0.0	0.0	0.0	0.0	0.0	0.0	0.0	0.0	0.0	0.0	0.0	0.0	0.0	0.0	0.0	0.0	0.0	0.0	0.0	0.0	0.0	0.0	0.0	0.0	0.0	0.0	0.0	0.0	0.0	0.0	0.0	0.0	0.0	0.0	0.0	0.0	0.0	0.0	0.0	0.0	0.0	0.0	0.0	0.0	0.0	0.0	0.0	0.0	0.0	0.0	0.0	0.0	0.0	0.0	0.0	0.0	0.0	0.0	0.0	0.0	0.0	0.0	0.0	0.0	0.0	0.0	0.0	0.0	0.0	0.0	0.0	0.0	0.0	0.0	0.0	0.0	0.0	0.0	0.0	0.0	0.0	0.0	0.0	0.0	0.0	0.0	-1.286413144	0.3165305866	0.742269945	0.899839704	0.2293229074	0.1607917711	0.2705102549	-1.22615131	-0.5248298939	0.2443455945	-0.4595898919	-0.1439861283	-0.6297346058	-0.8505191312	-0.3729352785	0.0439213435	-0.4191373908	-0.6588335175	-1.529377492	0.08555268733	-0.1121795225	-1.570222767	-1.134936769	0.08966486102	0.4534013791	-0.6725375591	0.6799818441	1.419265554	1.010259408	-0.893149177	-0.64770024	0.9779537397	-0.9551787929	0.09363210358
8791.569841757848	15.634077130256626	77291700.28250611	244.42436771481326	7370.388569024269	38.82309518367674	1507.232719640824	54322627.65840361	7798.359881009077	3.6280095721494954	60814416.83373191	13.162453455608356	7763.201272441252	10476.430814194655	0.6084930000000001	26.014017000000006	0.2074633	0.14999300000000002	-0.0302511533	-0.0461129049	-0.0360964781	-0.028526647999999998	0.047328633700000004	0.0513631513	-0.025460517400000004	-0.036896632799999995	-0.0711798833	-0.0250859432	-0.0313669284	-0.0196792933	-0.025745928300000002	-0.0232599086	-0.0247669159	-0.0316110586	0.017877711799999998	-0.0288296458	-0.0289555487	0.0492401508	0.010863931	-0.0326310971	-0.0607511813	-0.0602468524	-0.0313557373	0.0503281	0.005472799999999993	0.00253291764961	2.9951539839999927e-05	-0.378036	-0.14606700000000006	0.02133556848900001	0.14291121729600004	-0.644814	0.008044999999999969	0.415785094596	6.47220249999995e-05	-0.0278402	0.00022529999999999764	5.0760089999998976e-08	0.00077507673604	0.00571536	0.00030554	3.26653399296e-05	9.33546916e-08	0.00146861	-0.00042673	1.820984929e-07	2.1568153321e-06	0.0	0.0	0.0	0.0	0.0	0.0	0.0	0.0	0.0	0.0	0.0	0.0	0.0	0.0	0.0	0.0	0.0	0.0	0.0	0.0	0.0	0.0	0.0	0.0	0.0	0.0	0.0	0.0	0.0	0.0	0.0	0.0	0.0	0.0	0.0	0.0	0.0	0.0	0.0	0.0	0.0	0.0	0.0	0.0	0.0	0.0	0.0	0.0	0.0	0.0	0.0	0.0	0.0	0.0	0.0	0.0	0.0	0.0	0.0	0.0	0.0	0.0	0.0	0.0	0.0	0.0	0.0	0.0	0.0	0.0	0.0	0.0	0.0	0.0	0.0	0.0	0.0	0.0	0.0	0.0	0.0	0.0	0.0	0.0	0.0	0.0	0.0	0.0	0.0	0.0	0.0	0.0	0.0	0.0	0.0	0.0	0.0	0.0	0.0	0.0	0.0	0.0	0.0	-1.237407958	0.3288155396	0.7453261863	0.8265387958	0.1555214945	-0.1490026789	0.2364183198	-1.254206353	-0.6063992813	0.7656884037	-0.5382239269	-0.2111751237	-0.7130670752	-0.8713714611	-0.3902358057	-0.1722873212	-0.3939281553	-0.5323429789	-1.633516791	0.4032803886	-0.2674242112	-1.53225599	-0.9996808425	-0.6576235275	0.3493979304	0.339763528	0.7889693476	1.339863497	0.6349180639	-0.3594844008	0.3078541592	-1.42065037	-0.8327863715	-0.9977103791
8795.610800668936	4.040958911087728	77362769.35684404	16.329348921099314	7354.136396692154	-16.25217233211424	264.1331055127397	54083322.14115226	7788.076866105445	-10.283014903631738	60654141.27236682	105.74039550831243	7752.084816507244	10493.004996602607	0.5730770000000001	24.499922	0.2721041000000001	0.170067	-0.0320997643	-0.044456904400000004	-0.0283929266	-0.0268021165	0.050909836900000005	0.0564776774	-0.0017078259	-0.0369290642	-0.0653717155	-0.0214384799	-0.0346310299	-0.0098875065	-0.0355441761	-0.0209145826	-0.021134461400000002	-0.034680477599999995	0.008599928	-0.0365458373	-0.0230682348	0.048968418	0.0100353595	-0.0337107723	-0.0612888318	-0.059472065899999996	-0.0291318163	0.0505282	0.00020009999999999475	0.0025530989952399995	4.0040009999997885e-08	-0.277018	0.10101800000000004	0.010204636324000009	0.076738972324	-0.554298	0.09051600000000004	0.307246272804	0.008193146256000008	-0.0292894	-0.0014492000000000012	2.1001806400000037e-06	0.00085786895236	0.00563698	-7.838000000000029e-05	3.17755435204e-05	6.143424400000045e-09	0.0013887900000000006	-7.981999999999933e-05	6.3712323999998925e-09	1.9287376641000017e-06	0.0	0.0	0.0	0.0	0.0	0.0	0.0	0.0	0.0	0.0	0.0	0.0	0.0	0.0	0.0	0.0	0.0	0.0	0.0	0.0	0.0	0.0	0.0	0.0	0.0	0.0	0.0	0.0	0.0	0.0	0.0	0.0	0.0	0.0	0.0	0.0	0.0	0.0	0.0	0.0	0.0	0.0	0.0	0.0	0.0	0.0	0.0	0.0	0.0	0.0	0.0	0.0	0.0	0.0	0.0	0.0	0.0	0.0	0.0	0.0	0.0	0.0	0.0	0.0	0.0	0.0	0.0	0.0	0.0	0.0	0.0	0.0	0.0	0.0	0.0	0.0	0.0	0.0	0.0	0.0	0.0	0.0	0.0	0.0	0.0	0.0	0.0	0.0	0.0	0.0	0.0	0.0	0.0	0.0	0.0	0.0	0.0	0.0	0.0	0.0	0.0	0.0	0.0	-1.302928534	0.3832955311	0.746699471	0.9666314549	0.2306116723	0.1510610661	0.1499577184	-1.104779164	-0.254747684	0.06776745154	-0.502722237	-0.3036293153	-0.6503492977	-0.7863026505	-0.374588154	-0.2801364914	-0.4735181281	-0.6632077657	-1.953090048	0.1236800848	-0.3334476151	-1.347787758	-0.9790497874	-0.2615002644	0.470676117	0.8597624065	0.9388048458	1.280165784	-0.3285897632	-0.5052705062	-0.5810652763	-1.322208588	-1.067996006	-1.023729061
8837.148250262528	41.5374495935921	78095189.19711806	1725.3597187402045	7359.116640521111	4.980243828956191	24.80282859585622	54156597.72879472	7794.056002642102	5.9791365366563705	60747308.97232138	35.750073723979135	7759.294217697265	10643.115122462836	0.558229	23.865126	0.17797590000000002	0.0978011	-0.0373466676	-0.0370024579	-0.0363144779	-0.0370532068	0.0442138746	0.0483389179	0.0255724906	-0.0015328269	-0.06577870870000001	-0.0255234775	-0.0223722065	-0.0054817904	-0.0355563979	-0.008411017	-0.0256824557	-0.0226509201	0.00547223	-0.034572262400000005	-0.0053919059	0.0486946049	0.0092050827	-0.0347775591	-0.0617848259	-0.0586341225	-0.026863348	0.053843100000000005	0.003314900000000009	0.002899079417610001	1.0988562010000064e-05	-0.34875500000000004	-0.07173700000000005	0.0051461971690000075	0.12163005002500002	-0.617624	-0.063326	0.3814594053759999	0.004010182275999999	-0.0295201	-0.00023069999999999688	5.3222489999998566e-08	0.0008714363040099999	0.00611842	0.0004814400000000005	3.743506329640001e-05	2.3178447360000053e-07	0.00146861	7.981999999999933e-05	6.3712323999998925e-09	2.1568153321e-06	0.0	0.0	0.0	0.0	0.0	0.0	0.0	0.0	0.0	0.0	0.0	0.0	0.0	0.0	0.0	0.0	0.0	0.0	0.0	0.0	0.0	0.0	0.0	0.0	0.0	0.0	0.0	0.0	0.0	0.0	0.0	0.0	0.0	0.0	0.0	0.0	0.0	0.0	0.0	0.0	0.0	0.0	0.0	0.0	0.0	0.0	0.0	0.0	0.0	0.0	0.0	0.0	0.0	0.0	0.0	0.0	0.0	0.0	0.0	0.0	0.0	0.0	0.0	0.0	0.0	0.0	0.0	0.0	0.0	0.0	0.0	0.0	0.0	0.0	0.0	0.0	0.0	0.0	0.0	0.0	0.0	0.0	0.0	0.0	0.0	0.0	0.0	0.0	0.0	0.0	0.0	0.0	0.0	0.0	0.0	0.0	0.0	0.0	0.0	0.0	0.0	0.0	0.0	-1.298758684	0.4863793255	0.8014759949	0.9801734342	0.2198074713	0.1407041001	0.2982461622	-0.9873484887	-0.2536589864	0.6144277318	-0.3720990763	-0.3731401676	-0.5932074936	-0.824660184	-0.1893310354	-0.3832941763	-0.09538421956	-0.4298322457	-1.58172732	0.3711095722	-0.07976773084	-1.467879343	-0.9705912984	-0.4685738873	0.6433513005	0.2911061016	1.171364748	1.362817681	-1.074404494	-0.336436373	-0.09571687836	0.195168504	-1.273126439	0.404940575
8835.647537855179	-1.500712407349056	78068667.41320628	2.2521377295713987	7316.788922768451	-42.32771775265974	1791.6356901488266	53535400.14034711	7792.415099577859	-1.6409030642425932	60721733.08412901	2.692562866240732	7756.83218391813	10611.44345928635	0.56991	24.364506	0.17935709999999996	0.109224	-0.0399149104	-0.037391682999999995	-0.0347703916	-0.0318881995	0.0277892187	0.0719065763	0.0011382413	0.03526775	-0.05788210000000001	-0.0223827655	-0.0355122272	-0.0059481716000000006	-0.0339935817	0.0063737486	-0.0221226317	-0.035811526600000004	0.0070222565	-0.033269238900000005	0.0128840177	0.0484187232	0.0083732417	-0.0358310494	-0.0622388263	-0.057733912199999994	-0.0245538015	0.0564742	0.002631099999999991	0.0031893352656399998	6.92268720999995e-06	-0.435368	-0.086613	0.007501811768999999	0.18954529542400006	-0.615364	0.0022599999999999287	0.378672852496	5.107599999999678e-06	-0.028338400000000007	0.0011816999999999939	1.3964148899999857e-06	0.0008030649145600001	0.00566024	-0.0004581799999999999	3.2038316857600014e-05	2.0992891239999987e-07	0.00135143	-0.00011717999999999993	1.3731152399999985e-08	1.8263630449e-06	0.0	0.0	0.0	0.0	0.0	0.0	0.0	0.0	0.0	0.0	0.0	0.0	0.0	0.0	0.0	0.0	0.0	0.0	0.0	0.0	0.0	0.0	0.0	0.0	0.0	0.0	0.0	0.0	0.0	0.0	0.0	0.0	0.0	0.0	0.0	0.0	0.0	0.0	0.0	0.0	0.0	0.0	0.0	0.0	0.0	0.0	0.0	0.0	0.0	0.0	0.0	0.0	0.0	0.0	0.0	0.0	0.0	0.0	0.0	0.0	0.0	0.0	0.0	0.0	0.0	0.0	0.0	0.0	0.0	0.0	0.0	0.0	0.0	0.0	0.0	0.0	0.0	0.0	0.0	0.0	0.0	0.0	0.0	0.0	0.0	0.0	0.0	0.0	0.0	0.0	0.0	0.0	0.0	0.0	0.0	0.0	0.0	0.0	0.0	0.0	0.0	0.0	0.0	-1.301600477	0.3780212149	0.7938438065	0.9919781324	0.252056176	-0.01249000062	0.2697704061	-1.178095665	-0.195664098	0.1649548978	-0.4619492908	-0.3162026542	-0.5951035148	-0.7216776379	-0.4509597663	-0.3089854662	-0.3669885513	-0.5480427661	-1.275224171	0.07343556838	-0.4422122519	-1.34256045	-0.9104048924	-0.3143877248	0.638779388	-1.377552976	1.295735803	1.389432887	-0.1899986202	-0.4696336981	-0.332980114	0.06908431524	-1.095673408	0.6796012123
8884.817728922846	49.17019106766747	78939986.07618172	2417.7076896309263	7365.871926425366	49.08300365691503	2409.1412479847336	54256069.23650133	7807.059742009784	14.644642431924696	60950181.81530988	214.46555195892924	7771.077127789323	10773.17873429321	0.62312	26.639339	0.29599440000000005	0.194621	-0.045617911799999994	-0.0269275571	-0.0308982375	-0.0397391454	0.043760079400000006	0.063122833	-0.0252901954	-0.0039434634000000005	-0.0521435458	-0.0311882952	-0.0366220877	-0.0162069986	-0.037411823399999995	-0.0304537935	-0.0305470558	-0.036922837400000005	0.0150309478	-0.0401823124	-0.0320268858	0.0481407845	0.0075399779000000005	-0.0368708406	-0.0626505246	-0.056772391	-0.022206708199999998	0.053986800000000015	-0.0024873999999999873	0.002914574574240001	6.187158759999935e-06	-0.263336	0.17203200000000002	0.029595009024000005	0.06934584889600001	-0.561225	0.05413900000000005	0.314973500625	0.002931031321000005	-0.029428500000000007	-0.0010900999999999999	1.1883180100000002e-06	0.0008660366122500003	0.00588298	0.0002227399999999999	3.4609453680400004e-05	4.961310759999997e-08	0.00131755	-3.388000000000002e-05	1.1478544000000015e-09	1.7359380025e-06	0.0	0.0	0.0	0.0	0.0	0.0	0.0	0.0	0.0	0.0	0.0	0.0	0.0	0.0	0.0	0.0	0.0	0.0	0.0	0.0	0.0	0.0	0.0	0.0	0.0	0.0	0.0	0.0	0.0	0.0	0.0	0.0	0.0	0.0	0.0	0.0	0.0	0.0	0.0	0.0	0.0	0.0	0.0	0.0	0.0	0.0	0.0	0.0	0.0	0.0	0.0	0.0	0.0	0.0	0.0	0.0	0.0	0.0	0.0	0.0	0.0	0.0	0.0	0.0	0.0	0.0	0.0	0.0	0.0	0.0	0.0	0.0	0.0	0.0	0.0	0.0	0.0	0.0	0.0	0.0	0.0	0.0	0.0	0.0	0.0	0.0	0.0	0.0	0.0	0.0	0.0	0.0	0.0	0.0	0.0	0.0	0.0	0.0	0.0	0.0	0.0	0.0	0.0	-1.265721433	0.4539085749	0.8516044571	1.067188718	0.1195132557	0.2889515881	0.2814625431	-1.01895887	-0.1919656198	0.8597270076	-0.3746228912	-0.2599966141	-0.442397466	-0.4906654893	-0.4234676716	-0.4209410494	-0.229558198	-0.38593841	-0.7583398161	0.5270119772	-0.2783414003	-1.203719997	-0.8066215213	-0.6819928364	0.8539151445	-0.3328143337	1.342936562	1.571612696	1.366389185	-0.1393538553	0.5204493278	-0.7664569102	-1.082898239	-0.1621134753
8878.382853932255	-6.434874990591197	78825682.10099825	41.407616144536064	7354.679702563996	-11.192223861369712	125.26587496301356	54091313.52730683	7802.2353658979655	-4.824376111818309	60874876.70486896	23.274604868283163	7766.222958269713	10898.063258270076	0.5858869999999999	25.047554	0.22188909999999992	0.129179	-0.0469447201	-0.027588445099999998	-0.0371118252	-0.043260684199999996	0.042856549800000004	0.047600676200000004	-0.0173676178	-0.026926636299999997	-0.0629780268	-0.028364598799999998	-0.045778864	-0.0089376979	-0.0397662986	-0.0177084899	-0.0280751034	-0.0459579195	0.0079709664	-0.0407885324	-0.0184802385	0.0478608008	0.006705432900000001	-0.037896535099999996	-0.063019641	-0.055750579800000005	-0.0198256573	0.0550434	0.0010565999999999909	0.00302977588356	1.1164035599999807e-06	-0.34780300000000003	-0.08446700000000001	0.0071346740890000015	0.12096692680900002	-0.623262	-0.062037000000000016	0.388455520644	0.0038485893690000006	-0.0283686	0.001059900000000006	1.1233880100000127e-06	0.0008047774659599999	0.00611842	0.00023543999999999995	3.743506329640001e-05	5.5431993599999974e-08	0.00150878	0.00019122999999999992	3.656891289999997e-08	2.2764170884e-06	0.0	0.0	0.0	0.0	0.0	0.0	0.0	0.0	0.0	0.0	0.0	0.0	0.0	0.0	0.0	0.0	0.0	0.0	0.0	0.0	0.0	0.0	0.0	0.0	0.0	0.0	0.0	0.0	0.0	0.0	0.0	0.0	0.0	0.0	0.0	0.0	0.0	0.0	0.0	0.0	0.0	0.0	0.0	0.0	0.0	0.0	0.0	0.0	0.0	0.0	0.0	0.0	0.0	0.0	0.0	0.0	0.0	0.0	0.0	0.0	0.0	0.0	0.0	0.0	0.0	0.0	0.0	0.0	0.0	0.0	0.0	0.0	0.0	0.0	0.0	0.0	0.0	0.0	0.0	0.0	0.0	0.0	0.0	0.0	0.0	0.0	0.0	0.0	0.0	0.0	0.0	0.0	0.0	0.0	0.0	0.0	0.0	0.0	0.0	0.0	0.0	0.0	0.0	-1.269172619	0.3296493685	0.8207013108	0.9992988018	0.3046112847	0.3443072106	0.6087909752	-1.054478002	-0.03358355105	-0.09833329269	-0.4162475826	-0.385954554	-0.3271373663	-0.5520167438	-0.3898935972	-0.06822457383	-0.01878583084	-0.3798387416	0.00636383346	0.267639207	-0.05571464136	-1.390662098	-0.9241084094	-0.05130008705	0.9703359782	0.803411625	1.567005689	1.713666369	0.6013189824	-0.3947122048	-0.3022752803	-0.999338286	-0.7027891898	-0.4307692386
8891.606713585847	13.223859653591713	79060669.94908491	174.87046413789085	7386.751997278092	32.07229471409573	1028.632088227813	54564105.06929188	7824.534295684391	22.298929786425106	61223336.94434122	497.24226961991684	7787.449913085082	10981.245240073293	0.457296	19.550121	0.10355810000000004	0.0535518	-0.050435655700000005	-0.0267551729	-0.0298652537	-0.0417817478	0.0530633243	0.057270476699999996	0.0141219321	-0.04310684769999999	-0.0542440455	-0.0395671339	-0.0440231002	-0.0014332172	-0.034428661400000005	-0.011803671299999999	-0.0393246023	-0.0443191583	0.0007283429	-0.0350108823	-0.011706551200000002	0.047578783799999996	0.0058697485	-0.0389077407	-0.0633459245	-0.054669563899999996	-0.0174142899	0.053458300000000014	-0.001585099999999992	0.002857789838890001	2.512542009999975e-06	-0.310819	0.03698400000000002	0.0013678162560000011	0.096608450761	-0.593691	0.029571000000000014	0.352469003481	0.0008744440410000009	-0.0276947	0.0006738999999999981	4.541412099999975e-07	0.0007669964080900001	0.00611842	0.0	3.743506329640001e-05	0.0	0.00147432	-3.445999999999983e-05	1.1874915999999885e-09	2.1736194624e-06	0.0	0.0	0.0	0.0	0.0	0.0	0.0	0.0	0.0	0.0	0.0	0.0	0.0	0.0	0.0	0.0	0.0	0.0	0.0	0.0	0.0	0.0	0.0	0.0	0.0	0.0	0.0	0.0	0.0	0.0	0.0	0.0	0.0	0.0	0.0	0.0	0.0	0.0	0.0	0.0	0.0	0.0	0.0	0.0	0.0	0.0	0.0	0.0	0.0	0.0	0.0	0.0	0.0	0.0	0.0	0.0	0.0	0.0	0.0	0.0	0.0	0.0	0.0	0.0	0.0	0.0	0.0	0.0	0.0	0.0	0.0	0.0	0.0	0.0	0.0	0.0	0.0	0.0	0.0	0.0	0.0	0.0	0.0	0.0	0.0	0.0	0.0	0.0	0.0	0.0	0.0	0.0	0.0	0.0	0.0	0.0	0.0	0.0	0.0	0.0	0.0	0.0	0.0	-1.254360221	0.3342037699	0.8175387008	0.918655679	0.3334716373	0.1774882944	0.5421141723	-1.130748093	-0.07443808832	0.3906885575	-0.4596742446	-0.332233732	-0.3700257135	-0.3294297959	-0.4993111889	-0.1077656358	0.1807889304	-0.2345063439	0.794895282	0.5265168765	0.08068490212	-1.359780779	-0.7134517975	-0.3419167956	1.113497729	1.437709868	1.620870664	1.817072568	-0.4054624867	-0.2676247975	0.1736088146	-0.9912495674	-0.4849085558	-0.431853406
8862.058484133624	-29.548229452222586	78536080.57620475	873.0978637611943	7400.22110076255	13.469103484458175	181.4167486750433	54763272.34017129	7817.404672661152	-7.1296230232383095	61111815.81614442	50.83152445348977	7780.6355363476405	11064.904632176303	0.563814	24.103924	0.3176456	0.204491	-0.0544436941	-0.025959601000000002	-0.031774442400000005	-0.0346336325	0.05776629110000001	0.0473612424	0.0227804319	-0.0284045693	-0.026383548399999998	-0.0368717822	-0.0523653792	-0.0017931915	-0.047631506799999994	-0.001117784	-0.0362882494	-0.052716495999999995	0.0009476545	-0.0468897136	-0.0006798749000000001	0.0472947455	0.0050330665999999994	-0.0399040709	-0.0636291533	-0.0535304912	-0.0149762932	0.0480387	-0.0054196000000000105	0.0023077166976899995	2.9372064160000117e-05	-0.129274	0.181545	0.032958587025000013	0.016711767076	-0.5364329999999999	0.057258000000000024	0.2877603634889999	0.0032784785640000034	-0.0287337	-0.0010389999999999985	1.0795209999999963e-06	0.0008256255156899999	0.00578503	-0.00033339000000000025	3.34665721009e-05	1.1114889210000017e-07	0.00157039	9.606999999999997e-05	9.229444899999994e-09	2.4661247521000003e-06	0.0	0.0	0.0	0.0	0.0	0.0	0.0	0.0	0.0	0.0	0.0	0.0	0.0	0.0	0.0	0.0	0.0	0.0	0.0	0.0	0.0	0.0	0.0	0.0	0.0	0.0	0.0	0.0	0.0	0.0	0.0	0.0	0.0	0.0	0.0	0.0	0.0	0.0	0.0	0.0	0.0	0.0	0.0	0.0	0.0	0.0	0.0	0.0	0.0	0.0	0.0	0.0	0.0	0.0	0.0	0.0	0.0	0.0	0.0	0.0	0.0	0.0	0.0	0.0	0.0	0.0	0.0	0.0	0.0	0.0	0.0	0.0	0.0	0.0	0.0	0.0	0.0	0.0	0.0	0.0	0.0	0.0	0.0	0.0	0.0	0.0	0.0	0.0	0.0	0.0	0.0	0.0	0.0	0.0	0.0	0.0	0.0	0.0	0.0	0.0	0.0	0.0	0.0	-1.291425793	0.3504143132	0.8020617213	1.020004797	0.3741201167	0.5373728476	0.4312033049	-1.062368971	-0.08887948178	-0.2107318039	-0.5698659577	-0.3237162473	-0.0983929343	-0.3403504294	-0.5394999847	0.1062195634	-0.2052725812	-0.6361244247	0.8391090568	0.2323069248	0.1888685365	-1.415033285	-0.8271712571	0.1172310052	1.204916163	1.484453632	1.521223077	1.797999718	-0.2578679066	-0.1374308723	-0.2986329738	0.3479033899	-0.3091537292	-0.30975905
8860.351940659948	-1.7065434736759926	78505836.51235649	2.912290627546123	7416.663427214927	16.44232645237662	270.3500991665239	55006896.39258746	7826.874748199203	9.470075538050876	61259968.32399834	89.68233069638961	7792.288423476358	11092.677717971408	0.539662	23.071363	0.2548595000000001	0.17005399999999998	-0.057645153899999996	-0.0269110646	-0.0335628926	-0.0368867367	0.050294454800000006	0.055541245499999996	0.033878153	-0.021388632	-0.0341210415	-0.0434430527	-0.0456317609	-0.0038962546000000002	-0.0468663849	0.0024355504	-0.0433075745	-0.046027340599999994	0.003770802800000001	-0.045067342999999996	0.005428244499999999	0.047008698099999996	0.0041955295000000005	-0.0408851447	-0.0638691351	-0.052334571399999995	-0.012515395300000001	0.0555777	0.007538999999999997	0.0030888807372899995	5.6836520999999954e-05	-0.283675	-0.154401	0.023839668801000004	0.08047150562500001	-0.602431	-0.06599800000000011	0.3629231097610001	0.0043557360040000145	-0.0287028	3.08999999999969e-05	9.548099999998086e-10	0.0008238507278400001	0.00611842	0.00033339000000000025	3.743506329640001e-05	1.1114889210000017e-07	0.00139625	-0.00017414000000000017	3.0324739600000045e-08	1.9495140625e-06	0.0	0.0	0.0	0.0	0.0	0.0	0.0	0.0	0.0	0.0	0.0	0.0	0.0	0.0	0.0	0.0	0.0	0.0	0.0	0.0	0.0	0.0	0.0	0.0	0.0	0.0	0.0	0.0	0.0	0.0	0.0	0.0	0.0	0.0	0.0	0.0	0.0	0.0	0.0	0.0	0.0	0.0	0.0	0.0	0.0	0.0	0.0	0.0	0.0	0.0	0.0	0.0	0.0	0.0	0.0	0.0	0.0	0.0	0.0	0.0	0.0	0.0	0.0	0.0	0.0	0.0	0.0	0.0	0.0	0.0	0.0	0.0	0.0	0.0	0.0	0.0	0.0	0.0	0.0	0.0	0.0	0.0	0.0	0.0	0.0	0.0	0.0	0.0	0.0	0.0	0.0	0.0	0.0	0.0	0.0	0.0	0.0	0.0	0.0	0.0	0.0	0.0	0.0	-1.293550935	0.3868811444	0.8232259202	0.9872132959	0.2134460947	0.2991637998	0.6618831586	-1.029343339	-0.1986937985	0.6059909853	-0.4194997531	-0.4240887201	-0.3331260773	-0.4909344443	-0.4972982605	0.05565593306	0.0614834323	-0.4005452488	0.7524675991	0.4574447825	0.369531989	-1.694293698	-0.7467961202	-0.4439577766	1.222983036	0.9440402084	1.477428064	1.760817402	-0.5697976339	-0.2933984068	0.003484482678	1.047161115	-0.7004391712	0.7238775625
8834.027642924915	-26.324297735032808	78040044.39596154	692.9686512426538	7379.701528216423	-36.96189899850378	1366.1819775755948	54459994.64555981	7814.640077407133	-12.234670792070574	61068599.53941776	149.68716939034482	7779.6672746288905	10835.133741717913	0.571747	24.443066	0.07980539999999996	0.046974	-0.0561143696	-0.0357539306	-0.0322725343	-0.0239379195	0.0396967664	0.0632067936	0.0294610808	0.0196893392	-0.0381866737	-0.036298282700000004	-0.0569951787	-0.0019578191	-0.047102466600000004	0.021938471400000003	-0.0361855298	-0.057287524900000004	0.0030918385999999997	-0.043975658	0.0293611438	0.0467206537	0.0033572794	-0.041850587	-0.06406570660000001	-0.0510830745	-0.0100353595	0.055351300000000006	-0.0002263999999999877	0.003063766411690001	5.1256959999994436e-08	-0.320729	-0.037053999999999976	0.0013729989159999981	0.102867091441	-0.602448	-1.6999999999933735e-05	0.362943592704	2.88999999997747e-10	-0.0282678	0.00043500000000000136	1.8922500000000122e-07	0.0007990685168399999	0.00629638	0.00017795999999999958	3.96444011044e-05	3.166976159999985e-08	0.00115905	-0.0002371999999999999	5.626383999999996e-08	1.3433969025e-06	0.0	0.0	0.0	0.0	0.0	0.0	0.0	0.0	0.0	0.0	0.0	0.0	0.0	0.0	0.0	0.0	0.0	0.0	0.0	0.0	0.0	0.0	0.0	0.0	0.0	0.0	0.0	0.0	0.0	0.0	0.0	0.0	0.0	0.0	0.0	0.0	0.0	0.0	0.0	0.0	0.0	0.0	0.0	0.0	0.0	0.0	0.0	0.0	0.0	0.0	0.0	0.0	0.0	0.0	0.0	0.0	0.0	0.0	0.0	0.0	0.0	0.0	0.0	0.0	0.0	0.0	0.0	0.0	0.0	0.0	0.0	0.0	0.0	0.0	0.0	0.0	0.0	0.0	0.0	0.0	0.0	0.0	0.0	0.0	0.0	0.0	0.0	0.0	0.0	0.0	0.0	0.0	0.0	0.0	0.0	0.0	0.0	0.0	0.0	0.0	0.0	0.0	0.0	-1.365870413	0.3418142206	0.7749210968	0.9823693329	0.2491969881	0.173286476	0.3109910822	-1.225662284	-0.1378123959	-0.1685511347	-0.4278194789	-0.353382399	-0.5047262387	-0.4678282139	-0.6048018884	-0.0614237756	-0.2803767126	-0.5916577549	0.006660429748	-0.02315828451	-0.1119948157	-1.47278946	-0.9289428068	-0.09677737486	0.9436425952	-0.6720548684	1.442090871	1.51991594	-1.048526637	-0.4575201737	-0.5157138361	0.6827782182	-1.034535465	1.169998999
8870.203477603709	36.17583467879376	78680509.73409294	1308.6910147074175	7393.710889451047	14.009361234624519	196.26220220220029	54666960.716787	7824.681303468001	10.041226060868214	61225637.50084169	100.82622080545895	7790.285958105382	10922.568982648703	0.6075550000000001	25.973917	0.32549130000000004	0.199184	-0.06367383730000001	-0.031835952599999995	-0.0292040737	-0.0173225675	0.0444063403	0.0697497207	0.0010618651	0.0107895274	-0.0225651231	-0.044572117	-0.0427203483	-0.013030195900000001	-0.040244373199999996	0.0035352762	-0.0443228326	-0.043021196500000004	0.013445049099999998	-0.0385126527	0.0083715589	0.0464306245	0.0025184589	-0.0428000287	-0.0642187343	-0.049777329599999996	-0.0075399779000000005	0.0440055	-0.011345800000000005	0.00193648403025	0.00012872717764000007	-0.161658	0.159071	0.025303583041	0.026133308964	-0.507486	0.094962	0.257542040196	0.009017781444	-0.0291285	-0.0008607000000000023	7.408044900000042e-07	0.0008484695122500001	0.00611842	-0.00017795999999999958	3.743506329640001e-05	3.166976159999985e-08	0.00132264	0.00016358999999999992	2.6761688099999973e-08	1.7493765695999996e-06	0.0	0.0	0.0	0.0	0.0	0.0	0.0	0.0	0.0	0.0	0.0	0.0	0.0	0.0	0.0	0.0	0.0	0.0	0.0	0.0	0.0	0.0	0.0	0.0	0.0	0.0	0.0	0.0	0.0	0.0	0.0	0.0	0.0	0.0	0.0	0.0	0.0	0.0	0.0	0.0	0.0	0.0	0.0	0.0	0.0	0.0	0.0	0.0	0.0	0.0	0.0	0.0	0.0	0.0	0.0	0.0	0.0	0.0	0.0	0.0	0.0	0.0	0.0	0.0	0.0	0.0	0.0	0.0	0.0	0.0	0.0	0.0	0.0	0.0	0.0	0.0	0.0	0.0	0.0	0.0	0.0	0.0	0.0	0.0	0.0	0.0	0.0	0.0	0.0	0.0	0.0	0.0	0.0	0.0	0.0	0.0	0.0	0.0	0.0	0.0	0.0	0.0	0.0	-1.291447781	0.4473081813	0.8424634852	1.077332452	0.132033496	0.4808116142	0.2755771754	-1.028759361	-0.2954292518	0.9939272065	-0.4073201322	-0.2857989836	-0.4776705477	-0.4368788141	-0.645744089	-0.2290330641	-0.1708454529	-0.5250952278	-0.3913122701	0.4485205113	-0.1064074898	-1.327010008	-0.7459931021	-0.6533885216	0.9066484862	-0.4864579422	1.295563614	1.435676404	-0.07147986169	-0.1218467035	0.3189943769	1.598640474	-0.9540674609	1.31313784
8846.449903081897	-23.753574521811966	78259675.8877377	564.2323025632747	7363.755000727227	-29.955888723820863	897.3552692339379	54224887.71073524	7800.756599785341	-23.92470368266004	60851803.52909456	572.3914463030868	7765.883488219626	10850.461599602851	0.569167	24.332775	0.22029610000000008	0.17594	-0.0631263406	-0.0363912	-0.0306131461	-0.0112163173	0.0398263798	0.0640037173	-0.017359963500000002	0.0047472161	-0.031159276200000002	-0.032540174	-0.04787475730000002	-0.0131803944	-0.0426220895	-0.008086357800000001	-0.0320771961	-0.048282878700000004	0.01286327	-0.0426775546	-0.0059317221	0.0461386229	0.0016792104000000001	-0.043733106900000006	-0.0643281141	-0.0484187232	-0.0050330665999999994	0.0402449	-0.0037606000000000033	0.00161965197601	1.4142112360000022e-05	-0.331939	-0.170281	0.028995618961	0.110183499721	-0.505921	0.0015650000000000386	0.25595605824099993	2.449225000000121e-06	-0.0282927	0.0008358000000000011	6.985616400000018e-07	0.0008004768732899999	0.00611842	0.0	3.743506329640001e-05	0.0	0.00126465	-5.798999999999995e-05	3.362840099999994e-09	1.5993396225e-06	0.0	0.0	0.0	0.0	0.0	0.0	0.0	0.0	0.0	0.0	0.0	0.0	0.0	0.0	0.0	0.0	0.0	0.0	0.0	0.0	0.0	0.0	0.0	0.0	0.0	0.0	0.0	0.0	0.0	0.0	0.0	0.0	0.0	0.0	0.0	0.0	0.0	0.0	0.0	0.0	0.0	0.0	0.0	0.0	0.0	0.0	0.0	0.0	0.0	0.0	0.0	0.0	0.0	0.0	0.0	0.0	0.0	0.0	0.0	0.0	0.0	0.0	0.0	0.0	0.0	0.0	0.0	0.0	0.0	0.0	0.0	0.0	0.0	0.0	0.0	0.0	0.0	0.0	0.0	0.0	0.0	0.0	0.0	0.0	0.0	0.0	0.0	0.0	0.0	0.0	0.0	0.0	0.0	0.0	0.0	0.0	0.0	0.0	0.0	0.0	0.0	0.0	0.0	-1.285274924	0.3562410546	0.7571825881	1.053471043	0.2042168506	0.4386212116	0.5207893129	-1.02562105	-0.3261644876	0.109504341	-0.3250934481	-0.2161212534	-0.5135962332	-0.5021717757	-0.4996545162	-0.004998474846	-0.1740942663	-0.5479321505	-0.49353736	0.1768373292	-0.2222463191	-1.383411622	-0.8810136571	-0.1710280316	0.933299286	-0.6886060183	1.048561249	1.364270835	1.205766539	-0.3694136531	-0.05996974112	0.8480252619	-0.5675155603	0.4199886426
8865.69128824096	19.241385159062702	78600482.01839165	370.23090283939837	7393.5063305144595	29.751329787232862	885.1416241086894	54663935.85935739	7806.042884925832	5.286285140491599	60934305.52130121	27.9448105865823	7770.854087568813	10815.186236013978	0.5157930000000001	22.050919	0.04875929999999992	0.0353419	-0.06604337519999999	-0.0391598421	-0.0216351781	-0.0086152866	0.0550337131	0.0706510672	-0.032834755699999996	-0.0147278601	-0.033224163	-0.0376959614	-0.037600621	-0.0155947302	-0.0381388648	-0.0266258471	-0.0372301415	-0.0382673814	0.014302507800000001	-0.0408144708	-0.027625689	0.045844661200000004	0.0008396765	-0.044649464699999995	-0.0643937718	-0.047008698099999996	-0.0025184589	0.0438327	0.0035878000000000025	0.00192130558929	1.2872308840000015e-05	-0.33315100000000003	-0.0012120000000000466	1.4689440000001126e-06	0.11098958880100003	-0.498699	0.0072219999999999515	0.248700692601	5.2157283999999294e-05	-0.0276079	0.0006847999999999992	4.6895103999999893e-07	0.0007621961424100001	0.00611842	0.0	3.743506329640001e-05	0.0	0.0013146	4.995e-05	2.4950024999999997e-09	1.72817316e-06	0.0	0.0	0.0	0.0	0.0	0.0	0.0	0.0	0.0	0.0	0.0	0.0	0.0	0.0	0.0	0.0	0.0	0.0	0.0	0.0	0.0	0.0	0.0	0.0	0.0	0.0	0.0	0.0	0.0	0.0	0.0	0.0	0.0	0.0	0.0	0.0	0.0	0.0	0.0	0.0	0.0	0.0	0.0	0.0	0.0	0.0	0.0	0.0	0.0	0.0	0.0	0.0	0.0	0.0	0.0	0.0	0.0	0.0	0.0	0.0	0.0	0.0	0.0	0.0	0.0	0.0	0.0	0.0	0.0	0.0	0.0	0.0	0.0	0.0	0.0	0.0	0.0	0.0	0.0	0.0	0.0	0.0	0.0	0.0	0.0	0.0	0.0	0.0	0.0	0.0	0.0	0.0	0.0	0.0	0.0	0.0	0.0	0.0	0.0	0.0	0.0	0.0	0.0	-1.208968321	0.4016195047	0.8261408469	1.007156034	0.1378500987	0.1644475967	0.2753049387	-1.117206764	-0.2822887037	0.9889276921	-0.381814596	-0.08858842273	-0.6120961557	-0.3612168034	-0.6857087467	-0.2056651673	-0.07542037031	-0.2918801096	-0.2523865294	0.5716312394	-0.3452878705	-1.293156865	-0.6645786802	-0.5681947786	0.8101519178	-0.2235669239	1.102745221	1.346955805	1.541855161	-0.3072433619	0.515561541	-0.2584696026	-0.5277331169	-0.4143920201
8842.673546911103	-23.017741329857017	78192875.45724139	529.8164159282079	7363.711701608209	-29.794628906250185	887.7199116611589	54224250.02440167	7789.005021242751	-17.037863683081017	60668599.22094479	290.28879888325093	7752.478193064096	10838.258098940445	0.514714	22.004829	0.2001479	0.140747	-0.06648773849999999	-0.0385483709	-0.025330053300000002	-0.0088057511	0.052925111500000004	0.060603194400000004	-0.033111373199999995	-0.026086176699999998	-0.0280286312	-0.0295561606	-0.052703756500000004	-0.0142593692	-0.0515883931	-0.0153092698	-0.0288849277	-0.053197717	0.013092366000000001	-0.0532397495	-0.0168541495	0.045548751900000004	0.0	-0.045548751900000004	-0.06441566259999999	-0.045548751900000004	-0.0	0.0441841	0.0003514000000000017	0.0019522346928100003	1.234819600000012e-07	-0.210949	0.12220200000000005	0.014933328804000015	0.04449948060099999	-0.479534	0.019164999999999988	0.22995285715600006	0.0003672972249999995	-0.0287635	-0.0011555999999999962	1.3354113599999912e-06	0.0008273389322499997	0.00611842	0.0	3.743506329640001e-05	0.0	0.00130161	-1.299000000000005e-05	1.687401000000013e-10	1.6941885920999996e-06	0.0	0.0	0.0	0.0	0.0	0.0	0.0	0.0	0.0	0.0	0.0	0.0	0.0	0.0	0.0	0.0	0.0	0.0	0.0	0.0	0.0	0.0	0.0	0.0	0.0	0.0	0.0	0.0	0.0	0.0	0.0	0.0	0.0	0.0	0.0	0.0	0.0	0.0	0.0	0.0	0.0	0.0	0.0	0.0	0.0	0.0	0.0	0.0	0.0	0.0	0.0	0.0	0.0	0.0	0.0	0.0	0.0	0.0	0.0	0.0	0.0	0.0	0.0	0.0	0.0	0.0	0.0	0.0	0.0	0.0	0.0	0.0	0.0	0.0	0.0	0.0	0.0	0.0	0.0	0.0	0.0	0.0	0.0	0.0	0.0	0.0	0.0	0.0	0.0	0.0	0.0	0.0	0.0	0.0	0.0	0.0	0.0	0.0	0.0	0.0	0.0	0.0	0.0	-1.262405579	0.3799896916	0.7529329774	1.062127005	0.217069654	0.5211213095	0.3159621833	-0.9948977261	-0.2582843075	-0.1701890244	-0.5372390832	-0.1382725789	-0.3585055261	-0.4348831176	-0.5450115703	-0.04082749695	-0.2811784553	-0.57496876	-0.2550799771	0.190154706	-0.280716618	-1.276812078	-0.8244560628	-0.04848050391	0.9193698014	0.06294782265	1.036465833	1.382605358	1.568912519	-0.04537435659	0.225940978	-0.2096009096	-0.3914406879	-0.6720097645
8870.130310641582	27.456763730479	78679211.72776252	753.8738745513471	7397.855779899435	34.144078291225924	1165.8180823573655	54728270.14019148	7799.785330026473	10.78030878372192	60836651.19449618	116.215057472392	7765.279950127698	10912.134481808387	0.599076	25.611397	0.25716149999999993	0.167107	-0.0696527283	-0.041366537099999996	-0.0249189565	-0.011957094599999999	0.0650802119	0.05825051110000001	-0.029470143900000002	-0.04056215	-0.030361537200000007	-0.0371713064	-0.035403006	-0.0141042877	-0.047323257	-0.0346628681	-0.0369230849	-0.0355960817	0.012336014499999999	-0.049375748399999995	-0.0381006287	0.0452509076	-0.0008396765	-0.0464306245	-0.0643937718	-0.0440404347	0.0025184589	0.0441746	-9.500000000002562e-06	0.0019513952851600003	9.025000000004869e-11	-0.359533	-0.14858400000000002	0.02207720505600001	0.129263978089	-0.523177	-0.04364299999999999	0.273714173329	0.0019047114489999988	-0.0278533	0.0009101999999999963	8.284640399999934e-07	0.0007758063208900001	0.00587268	-0.00024574000000000037	3.44883703824e-05	6.038814760000018e-08	0.00115905	-0.0001425599999999999	2.0323353599999973e-08	1.3433969025e-06	0.0	0.0	0.0	0.0	0.0	0.0	0.0	0.0	0.0	0.0	0.0	0.0	0.0	0.0	0.0	0.0	0.0	0.0	0.0	0.0	0.0	0.0	0.0	0.0	0.0	0.0	0.0	0.0	0.0	0.0	0.0	0.0	0.0	0.0	0.0	0.0	0.0	0.0	0.0	0.0	0.0	0.0	0.0	0.0	0.0	0.0	0.0	0.0	0.0	0.0	0.0	0.0	0.0	0.0	0.0	0.0	0.0	0.0	0.0	0.0	0.0	0.0	0.0	0.0	0.0	0.0	0.0	0.0	0.0	0.0	0.0	0.0	0.0	0.0	0.0	0.0	0.0	0.0	0.0	0.0	0.0	0.0	0.0	0.0	0.0	0.0	0.0	0.0	0.0	0.0	0.0	0.0	0.0	0.0	0.0	0.0	0.0	0.0	0.0	0.0	0.0	0.0	0.0	-1.205236583	0.4148026488	0.8051534332	1.025931482	0.1426538088	0.3157443367	0.5138340011	-1.02210217	-0.2605605267	0.9046223468	-0.4379953197	-0.2729485826	-0.490985911	-0.4631877319	-0.5384530782	-0.1284252876	0.179525043	-0.261939328	0.08278289048	0.5504982575	-0.1271542866	-1.45000401	-0.7479121963	-0.6147193792	0.9603196091	1.435976722	1.229160645	1.486659314	1.07023476	-0.290751642	0.2387546371	-0.5981440268	-0.3507251327	-0.7577922226
8831.039221242694	-39.09108939888756	77987253.72712676	1528.1132703918195	7352.674626516787	-45.181153382648525	2041.336620986412	54061824.16342377	7788.281539226208	-11.503790800265053	60657329.33425176	132.33720277626279	7752.2147390113205	10801.754904728386	0.530756	22.690649	0.07643559999999998	0.037151800000000006	-0.0673491573	-0.0449780424	-0.0181713078	-0.0038550772	0.0570675448	0.058747560199999986	-0.012789570200000001	-0.0349561803	-0.0331447104	-0.029230602999999997	-0.0573966512	-0.0055851253	-0.0593939507	-0.010904151499999999	-0.0288008617	-0.0575905299	0.0045011301	-0.059084318899999995	-0.0103407733	0.04495114099999999	-0.0016792104000000001	-0.0472947455	-0.0643281141	-0.0424853485	0.0050330665999999994	0.043505	-0.0006695999999999994	0.001892685025	4.48364159999999e-07	-0.335757	0.023775999999999964	0.0005652981759999982	0.112732763049	-0.495973	0.027204000000000058	0.24598921672899995	0.0007400576160000032	-0.027479400000000005	0.00037389999999999646	1.3980120999999734e-07	0.0007551174243600003	0.0059945	0.00012181999999999993	3.593403025e-05	1.4840112399999979e-08	0.00115905	0.0	0.0	1.3433969025e-06	0.0	0.0	0.0	0.0	0.0	0.0	0.0	0.0	0.0	0.0	0.0	0.0	0.0	0.0	0.0	0.0	0.0	0.0	0.0	0.0	0.0	0.0	0.0	0.0	0.0	0.0	0.0	0.0	0.0	0.0	0.0	0.0	0.0	0.0	0.0	0.0	0.0	0.0	0.0	0.0	0.0	0.0	0.0	0.0	0.0	0.0	0.0	0.0	0.0	0.0	0.0	0.0	0.0	0.0	0.0	0.0	0.0	0.0	0.0	0.0	0.0	0.0	0.0	0.0	0.0	0.0	0.0	0.0	0.0	0.0	0.0	0.0	0.0	0.0	0.0	0.0	0.0	0.0	0.0	0.0	0.0	0.0	0.0	0.0	0.0	0.0	0.0	0.0	0.0	0.0	0.0	0.0	0.0	0.0	0.0	0.0	0.0	0.0	0.0	0.0	0.0	0.0	0.0	-1.290431136	0.2927810088	0.7058882785	0.9898805636	0.2912655049	0.3309208424	0.4169778226	-1.138276766	-0.1989098398	-0.5342762538	-0.5807542748	-0.2619699952	-0.4691835942	-0.3865139307	-0.6565493982	0.004426909019	-0.06236181689	-0.3951267803	0.04493812486	0.0521582271	-0.1995138482	-1.331608827	-0.7793888879	-0.008447929283	0.9011154509	1.243253844	1.20118712	1.407718003	-0.418096802	-0.272180213	-0.3051705535	-1.134831437	-0.2809450692	-0.7696578213
8865.556489615688	34.51726837299429	78598091.87056684	1191.4418159333122	7381.839382739778	29.164756222990945	850.5830055464891	54491552.67256798	7801.434492397608	13.152953171399533	60862380.13917112	173.00017712902897	7767.004440534961	10935.192646054054	0.577086	24.671316	0.2334554	0.158527	-0.0755716926	-0.041766094100000005	-0.0171373301	-0.0030474101	0.0624548293	0.0641405829	0.0004446675	-0.030999298999999998	-0.0137794408	-0.0407812278	-0.037268641899999996	-0.0092494687	-0.055614361200000004	-0.027639112900000002	-0.040874699900000006	-0.03743423	0.0079085496	-0.055340671200000004	-0.027335196699999998	0.044649464699999995	-0.0025184589	-0.0481407845	-0.0642187343	-0.0408851447	0.0075399779000000005	0.0475914	0.004086399999999997	0.00226494135396	1.6698664959999974e-05	-0.196028	0.13972900000000002	0.01952419344100001	0.038426976784000005	-0.461907	0.03406599999999998	0.213358076649	0.001160492355999999	-0.0285414	-0.0010619999999999935	1.1278439999999862e-06	0.0008146115139599999	0.00594502	-4.948000000000018e-05	3.53432628004e-05	2.4482704000000178e-09	0.00115905	0.0	0.0	1.3433969025e-06	0.0	0.0	0.0	0.0	0.0	0.0	0.0	0.0	0.0	0.0	0.0	0.0	0.0	0.0	0.0	0.0	0.0	0.0	0.0	0.0	0.0	0.0	0.0	0.0	0.0	0.0	0.0	0.0	0.0	0.0	0.0	0.0	0.0	0.0	0.0	0.0	0.0	0.0	0.0	0.0	0.0	0.0	0.0	0.0	0.0	0.0	0.0	0.0	0.0	0.0	0.0	0.0	0.0	0.0	0.0	0.0	0.0	0.0	0.0	0.0	0.0	0.0	0.0	0.0	0.0	0.0	0.0	0.0	0.0	0.0	0.0	0.0	0.0	0.0	0.0	0.0	0.0	0.0	0.0	0.0	0.0	0.0	0.0	0.0	0.0	0.0	0.0	0.0	0.0	0.0	0.0	0.0	0.0	0.0	0.0	0.0	0.0	0.0	0.0	0.0	0.0	0.0	0.0	-1.259235349	0.4804380334	0.8236347904	1.078273808	0.1694702819	0.4242212316	0.2463944997	-1.007946393	-0.2205545764	0.9113204156	-0.4800867502	-0.2661641007	-0.4595620129	-0.4380859279	-0.6287054249	-0.2207117673	-0.05610215153	-0.3866817154	-0.08967767775	0.5873805429	-0.1537877188	-1.397625203	-0.619448025	-0.5919430699	0.9931514264	1.80602332	1.30182958	1.403082754	-0.2198040434	-0.1348820561	0.1297587361	0.03564545702	-0.4367748756	-0.3801476309
8823.662657417213	-41.89383219847514	77857022.691899	1755.0931762739924	7363.412622589761	-18.42676015001689	339.5454896262505	54219845.45051422	7780.242220329309	-21.192272068298735	60532169.00699474	449.1123954167948	7745.659685300378	10892.07364939173	0.579624	24.779793	0.22322210000000006	0.164416	-0.0750856909	-0.0454104482	-0.0169568441	0.0045261723	0.0547184811	0.0695286695	0.0172834655	-0.012534539099999999	-0.01971084	-0.028793827999999997	-0.051540229400000005	-0.0068945421	-0.0617803478	0.0011112861	-0.0286964816	-0.0517086725	0.0068468535	-0.05880901440000001	0.006199058	0.0443458917	-0.0033572794	-0.048968418	-0.06406570660000001	-0.0392415225	0.0100353595	0.0510445	0.003453100000000001	0.00260554098025	1.1923899610000005e-05	-0.3535	-0.15747199999999995	0.024797430783999992	0.12496224999999997	-0.481479	-0.019572000000000037	0.231822027441	0.0003830631840000013	-0.0278603	0.000681099999999997	4.638972099999959e-07	0.00077619631609	0.00611842	0.00017340000000000064	3.743506329640001e-05	3.006756000000022e-08	0.00115905	0.0	0.0	1.3433969025e-06	0.0	0.0	0.0	0.0	0.0	0.0	0.0	0.0	0.0	0.0	0.0	0.0	0.0	0.0	0.0	0.0	0.0	0.0	0.0	0.0	0.0	0.0	0.0	0.0	0.0	0.0	0.0	0.0	0.0	0.0	0.0	0.0	0.0	0.0	0.0	0.0	0.0	0.0	0.0	0.0	0.0	0.0	0.0	0.0	0.0	0.0	0.0	0.0	0.0	0.0	0.0	0.0	0.0	0.0	0.0	0.0	0.0	0.0	0.0	0.0	0.0	0.0	0.0	0.0	0.0	0.0	0.0	0.0	0.0	0.0	0.0	0.0	0.0	0.0	0.0	0.0	0.0	0.0	0.0	0.0	0.0	0.0	0.0	0.0	0.0	0.0	0.0	0.0	0.0	0.0	0.0	0.0	0.0	0.0	0.0	0.0	0.0	0.0	0.0	0.0	0.0	0.0	0.0	-1.29446651	0.3067274798	0.7269537236	1.045335724	0.2670425538	0.3794199682	0.5395764536	-1.007355071	-0.2380835104	-0.5443028123	-0.5569629793	-0.3897037002	-0.3987391581	-0.5458533369	-0.6247987601	0.05458988182	-0.1056370543	-0.5267366206	-0.1170185896	-0.005352185244	-0.0558830413	-1.468590277	-0.8862400438	-0.0506387078	1.120353896	0.7476559589	1.203735784	1.287248363	-0.7274097377	-0.1012051434	-0.4220371596	0.7589733838	-0.475163652	0.5548758306
8850.939284310994	27.27662689378121	78339126.21455961	744.0143747025485	7384.124939744016	20.71231715425529	429.0000818984579	54525301.12574957	7801.071009466222	20.828789136912746	60856708.89473434	433.83845690997435	7766.749569169896	10849.463865379636	0.548482	23.448442	0.05185700000000011	0.033830400000000004	-0.07886955150000001	-0.0453474348	-0.0123931289	0.0082864336	0.0558086848	0.08290214280000001	0.0091188113	0.0163269464	-0.014337268700000001	-0.0418659274	-0.035520793599999996	-0.0113010404	-0.049755652000000004	-0.0118035149	-0.0418389494	-0.0358529437	0.0113819175	-0.0478818487	-0.006062388199999999	0.0440404347	-0.0041955295000000005	-0.049777329599999996	-0.0638691351	-0.0375562275	0.012515395300000001	0.0497255	-0.0013190000000000007	0.00247262535025	1.739761000000002e-06	-0.336246	0.01725399999999999	0.0002977005159999997	0.113061372516	-0.4935479999999999	-0.012068999999999941	0.24358962830399994	0.00014566076099999857	-0.027436	0.00042429999999999904	1.8003048999999914e-07	0.0007527340960000001	0.00611842	0.0	3.743506329640001e-05	0.0	0.00115905	0.0	0.0	1.3433969025e-06	0.0	0.0	0.0	0.0	0.0	0.0	0.0	0.0	0.0	0.0	0.0	0.0	0.0	0.0	0.0	0.0	0.0	0.0	0.0	0.0	0.0	0.0	0.0	0.0	0.0	0.0	0.0	0.0	0.0	0.0	0.0	0.0	0.0	0.0	0.0	0.0	0.0	0.0	0.0	0.0	0.0	0.0	0.0	0.0	0.0	0.0	0.0	0.0	0.0	0.0	0.0	0.0	0.0	0.0	0.0	0.0	0.0	0.0	0.0	0.0	0.0	0.0	0.0	0.0	0.0	0.0	0.0	0.0	0.0	0.0	0.0	0.0	0.0	0.0	0.0	0.0	0.0	0.0	0.0	0.0	0.0	0.0	0.0	0.0	0.0	0.0	0.0	0.0	0.0	0.0	0.0	0.0	0.0	0.0	0.0	0.0	0.0	0.0	0.0	0.0	0.0	0.0	0.0	-1.292597728	0.4447062637	0.8267807641	1.029691228	0.1531637046	0.14931014	0.3286779993	-1.1448069	-0.2923010472	1.114830132	-0.3802077848	-0.3304362244	-0.6787460762	-0.5283044621	-0.7985101673	-0.2553989773	-0.06516533865	-0.1843132122	-0.09439900734	0.4094834807	-0.2508437825	-1.538136555	-0.5844156625	-0.5959393034	0.9293617377	0.3866664777	1.231984338	1.284631364	-1.110310582	-0.3736002329	-0.2931734353	0.3276285774	-0.8083903442	1.028342059
8826.076365675	-24.862918635993985	77899624.01272683	618.1647231000574	7364.873158036899	-19.25178170711661	370.63109889846965	54241356.63397242	7787.527929534294	-13.543079931927426	60645591.25327669	183.41501404257525	7752.708308976329	10836.301246572497	0.593861	25.388456	0.26915170000000005	0.17429	-0.0795927734	-0.0455748783	-0.0105699756	0.0192680447	0.051895917199999995	0.0710494848	0.012233512700000001	0.017766737	-0.0014628426999999998	-0.0331824221	-0.0567518983	-0.0092655799	-0.062175624699999994	0.0052078437	-0.033028514	-0.0569453049	0.0098430709	-0.058835233099999995	0.0124771765	0.043733106900000006	-0.0050330665999999994	-0.0505672099	-0.0636291533	-0.0358310494	0.0149762932	0.0336348	-0.0160907	0.00113129977104	0.00025891062649	-0.18675	0.149496	0.022349054016	0.0348755625	-0.423773	0.06977499999999998	0.17958355552899996	0.004868550624999996	-0.0281118	-0.0006757999999999972	4.5670563999999617e-07	0.0007902732992399999	0.00611842	0.0	3.743506329640001e-05	0.0	0.00115905	0.0	0.0	1.3433969025e-06	0.0	0.0	0.0	0.0	0.0	0.0	0.0	0.0	0.0	0.0	0.0	0.0	0.0	0.0	0.0	0.0	0.0	0.0	0.0	0.0	0.0	0.0	0.0	0.0	0.0	0.0	0.0	0.0	0.0	0.0	0.0	0.0	0.0	0.0	0.0	0.0	0.0	0.0	0.0	0.0	0.0	0.0	0.0	0.0	0.0	0.0	0.0	0.0	0.0	0.0	0.0	0.0	0.0	0.0	0.0	0.0	0.0	0.0	0.0	0.0	0.0	0.0	0.0	0.0	0.0	0.0	0.0	0.0	0.0	0.0	0.0	0.0	0.0	0.0	0.0	0.0	0.0	0.0	0.0	0.0	0.0	0.0	0.0	0.0	0.0	0.0	0.0	0.0	0.0	0.0	0.0	0.0	0.0	0.0	0.0	0.0	0.0	0.0	0.0	0.0	0.0	0.0	0.0	-1.320894722	0.3075871441	0.7289340647	1.043182102	0.3493637777	0.5515631761	0.41663152	-1.012710333	-0.4002371823	-0.557895543	-0.6029758301	-0.3251782163	-0.3789280533	-0.5702153849	-0.665307345	0.003214344194	-0.3523874264	-0.6616527685	-0.2859008496	-0.09023861009	-0.1287975031	-1.365445372	-0.9525030174	0.1211703283	1.0611776	0.3043823269	1.067247598	1.133558328	-1.078272595	0.006928869223	-0.3286669639	0.8717063818	-0.4643352663	1.021747258
8849.624365496875	23.547999821874328	78315851.41039596	554.5082956109934	7387.4125472697815	22.539389232882055	508.0240669913597	54573864.143559	7797.254200947757	9.72627141346311	60797173.07419745	94.60035560834969	7765.533081696602	10907.561355041944	0.624904	26.715607	0.2258597	0.15253599999999998	-0.0862220791	-0.047313105	-0.0177770342	0.0086142611	0.0518210352	0.0845296175	-0.0048958459	0.0204455265	-0.004201069799999999	-0.04283452099999999	-0.031585192799999995	-0.0099652394	-0.0588574128	-0.014138653700000003	-0.043257820599999997	-0.0316211854	0.0105961472	-0.056694438099999994	-0.0065047248	0.0434239212	-0.0058697485	-0.0513377571	-0.0633459245	-0.0340678202	0.0174142899	0.042671	0.0090362	0.001820814241	8.165291044000003e-05	-0.327191	-0.140441	0.019723674481000004	0.107053950481	-0.485168	-0.06139500000000009	0.23538798822400006	0.003769346025000011	-0.028354200000000006	-0.00024240000000000367	5.875776000000181e-08	0.0008039606576400001	0.00617577	5.7349999999999415e-05	3.81401350929e-05	3.289022499999933e-09	0.00115905	0.0	0.0	1.3433969025e-06	0.0	0.0	0.0	0.0	0.0	0.0	0.0	0.0	0.0	0.0	0.0	0.0	0.0	0.0	0.0	0.0	0.0	0.0	0.0	0.0	0.0	0.0	0.0	0.0	0.0	0.0	0.0	0.0	0.0	0.0	0.0	0.0	0.0	0.0	0.0	0.0	0.0	0.0	0.0	0.0	0.0	0.0	0.0	0.0	0.0	0.0	0.0	0.0	0.0	0.0	0.0	0.0	0.0	0.0	0.0	0.0	0.0	0.0	0.0	0.0	0.0	0.0	0.0	0.0	0.0	0.0	0.0	0.0	0.0	0.0	0.0	0.0	0.0	0.0	0.0	0.0	0.0	0.0	0.0	0.0	0.0	0.0	0.0	0.0	0.0	0.0	0.0	0.0	0.0	0.0	0.0	0.0	0.0	0.0	0.0	0.0	0.0	0.0	0.0	0.0	0.0	0.0	0.0	-1.256798335	0.498070947	0.864457651	1.070019059	0.09898426511	0.2457857008	0.5648990178	-1.030574232	-0.4353213961	1.44248644	-0.3196086956	-0.3305993392	-0.6591791771	-0.6146240622	-0.5692248353	-0.225084503	0.1194636173	-0.2021596919	-0.1715572107	0.5566234698	-0.01439852304	-1.686859977	-0.6133567238	-0.8072044665	1.044430211	0.02276791459	1.129270883	1.277673892	-0.2107851272	-0.4305049081	-0.06893108806	1.12027581	-0.9287032507	1.292635752
8826.024374792094	-23.599990704780797	77898706.26442418	556.9595612657399	7338.574033047291	-48.83851422249064	2385.2004714604195	53854668.83851598	7782.52833092731	-14.725870020447474	60567747.22168622	216.8512478591137	7747.8307862611955	10751.906501617115	0.648331	27.717138	0.059360499999999976	0.0403314	-0.0852881126	-0.05307430230000002	-0.0210367795	0.0103616143	0.0363159879	0.0869596992	0.0026907367	0.035949513599999997	-0.0090345909	-0.0308028448	-0.0631199246	-0.0099309769	-0.06946256740000001	0.0098136285	-0.0305242556	-0.06348929860000001	0.0111808059	-0.0664263222	0.019388018	0.0431128907	-0.006705432900000001	-0.05208867650000002	-0.063019641	-0.0322684125	0.0198256573	0.049782	0.007110999999999998	0.002478247524	5.056632099999999e-05	-0.333221	-0.00602999999999998	3.636089999999976e-05	0.111036234841	-0.521195	-0.03602699999999992	0.271644228025	0.001297944728999994	-0.0282077	0.00014650000000000427	2.1462250000001248e-08	0.0007956743392899999	0.00611842	-5.7349999999999415e-05	3.743506329640001e-05	3.289022499999933e-09	0.00115905	0.0	0.0	1.3433969025e-06	0.0	0.0	0.0	0.0	0.0	0.0	0.0	0.0	0.0	0.0	0.0	0.0	0.0	0.0	0.0	0.0	0.0	0.0	0.0	0.0	0.0	0.0	0.0	0.0	0.0	0.0	0.0	0.0	0.0	0.0	0.0	0.0	0.0	0.0	0.0	0.0	0.0	0.0	0.0	0.0	0.0	0.0	0.0	0.0	0.0	0.0	0.0	0.0	0.0	0.0	0.0	0.0	0.0	0.0	0.0	0.0	0.0	0.0	0.0	0.0	0.0	0.0	0.0	0.0	0.0	0.0	0.0	0.0	0.0	0.0	0.0	0.0	0.0	0.0	0.0	0.0	0.0	0.0	0.0	0.0	0.0	0.0	0.0	0.0	0.0	0.0	0.0	0.0	0.0	0.0	0.0	0.0	0.0	0.0	0.0	0.0	0.0	0.0	0.0	0.0	0.0	0.0	0.0	-1.335483608	0.2763538911	0.7713645863	1.023747534	0.2603777644	0.2053475678	0.4893529094	-1.227803002	-0.3992990101	-0.654848237	-0.583650977	-0.3286735675	-0.416803971	-0.5602448047	-0.6643316318	-0.1024140491	-0.3559184649	-0.5080991108	-0.465948322	-0.08447719051	-0.3361356971	-1.408758059	-0.944196926	-0.03714299342	0.8202505826	-1.479524885	1.16971332	1.170477134	-0.1728110839	-0.1761943058	-0.4807455163	0.681502375	-0.8463014179	1.025521782
8882.97253676179	56.94816196969622	78907201.08886419	3243.093151726756	7399.245847012135	60.67181396484375	3681.0690097846086	54748839.10452632	7810.144239069154	27.615908141843647	60998353.03506509	762.6383824987462	7776.160605160632	10914.246818406242	0.7214129999999999	30.841511	0.263873	0.17893199999999998	-0.0929256518	-0.0466143977	-0.016570953200000002	0.0113177822	0.0550302476	0.0849760375	-0.0217477876	0.0312988862	-0.0034699082	-0.050636668899999994	-0.0309917433	-0.013311448	-0.0609512642	-0.012544878700000001	-0.0505030086	-0.0314965988	0.0132314556	-0.0603839418	-0.008462815	0.0428000287	-0.0075399779000000005	-0.0528196811	-0.0626505246	-0.030434737000000007	0.022206708199999998	0.042896	-0.006886000000000003	0.001840066816	4.741699600000005e-05	-0.175176	0.158045	0.024978222025	0.030686630976	-0.457188	0.06400699999999998	0.209020867344	0.004096896048999998	-0.0289064	-0.0006987000000000035	4.88181690000005e-07	0.0008355799609600001	0.00611842	0.0	3.743506329640001e-05	0.0	0.00115905	0.0	0.0	1.3433969025e-06	0.0	0.0	0.0	0.0	0.0	0.0	0.0	0.0	0.0	0.0	0.0	0.0	0.0	0.0	0.0	0.0	0.0	0.0	0.0	0.0	0.0	0.0	0.0	0.0	0.0	0.0	0.0	0.0	0.0	0.0	0.0	0.0	0.0	0.0	0.0	0.0	0.0	0.0	0.0	0.0	0.0	0.0	0.0	0.0	0.0	0.0	0.0	0.0	0.0	0.0	0.0	0.0	0.0	0.0	0.0	0.0	0.0	0.0	0.0	0.0	0.0	0.0	0.0	0.0	0.0	0.0	0.0	0.0	0.0	0.0	0.0	0.0	0.0	0.0	0.0	0.0	0.0	0.0	0.0	0.0	0.0	0.0	0.0	0.0	0.0	0.0	0.0	0.0	0.0	0.0	0.0	0.0	0.0	0.0	0.0	0.0	0.0	0.0	0.0	0.0	0.0	0.0	0.0	-1.248378136	0.5581226626	0.8979221232	1.137195608	0.05873992556	0.4015417361	0.31851834	-1.014751112	-0.4272597112	1.859428386	-0.3345439105	-0.2295192223	-0.5172646461	-0.4270772291	-0.6744557672	-0.4343387678	-0.12182257	-0.2525124516	-0.2190990774	0.7280636316	-0.2539121529	-1.484326124	-0.5456768514	-1.039581009	0.9061642641	-0.4369209241	1.287555753	1.307685723	0.6235314694	-0.2083536323	0.1308229411	1.151231627	-1.096032286	1.191151129
8842.909090103054	-40.06344665873621	78197041.17582722	1605.0797581774018	7326.794648125831	-72.45119888630326	5249.176220062669	53681919.81580532	7781.746088497311	-28.39815057184296	60555572.18584319	806.4549559010647	7746.490897470351	10838.949068671263	0.790185	33.781631	0.306024	0.204346	-0.0913509917	-0.054324513	-0.0258593467	0.0050631474	0.034213344799999997	0.0799336695	-0.0213787377	0.0041292716	-0.026703595	-0.0322650321	-0.0710450435	-0.0174189963	-0.0753904536	-0.0056252914	-0.031599944	-0.0716850483	0.0172173154	-0.0745325727	-0.0007880074000000001	0.0424853485	-0.0083732417	-0.0535304912	-0.0622388263	-0.0285687411	0.0245538015	0.05533	0.012434	0.0030614089	0.000154604356	-0.350873	-0.175697	0.030869435809	0.123111862129	-0.547846	-0.09065800000000007	0.30013523971600004	0.008218872964000014	-0.028361700000000007	0.0005446999999999988	2.9669808999999853e-07	0.0008043860268900002	0.00611842	0.0	3.743506329640001e-05	0.0	0.00115905	0.0	0.0	1.3433969025e-06	0.0	0.0	0.0	0.0	0.0	0.0	0.0	0.0	0.0	0.0	0.0	0.0	0.0	0.0	0.0	0.0	0.0	0.0	0.0	0.0	0.0	0.0	0.0	0.0	0.0	0.0	0.0	0.0	0.0	0.0	0.0	0.0	0.0	0.0	0.0	0.0	0.0	0.0	0.0	0.0	0.0	0.0	0.0	0.0	0.0	0.0	0.0	0.0	0.0	0.0	0.0	0.0	0.0	0.0	0.0	0.0	0.0	0.0	0.0	0.0	0.0	0.0	0.0	0.0	0.0	0.0	0.0	0.0	0.0	0.0	0.0	0.0	0.0	0.0	0.0	0.0	0.0	0.0	0.0	0.0	0.0	0.0	0.0	0.0	0.0	0.0	0.0	0.0	0.0	0.0	0.0	0.0	0.0	0.0	0.0	0.0	0.0	0.0	0.0	0.0	0.0	0.0	0.0	-1.27534688	0.2686544896	0.7405956841	1.070319125	0.2488876803	0.4026759295	0.7344711946	-1.053611053	-0.4231144251	-0.978890969	-0.5365078718	-0.2971570662	-0.2132497804	-0.4912948836	-0.453894255	-0.03362014842	-0.3411950075	-0.4905954147	-0.3051226973	0.01813280587	-0.1979702356	-1.53939283	-0.9829756793	0.2354985076	0.9855817904	-1.145494995	1.051146254	1.417427205	1.205352433	-0.03481774482	-0.220750899	0.4476494135	-0.5368576077	0.4693483738
8896.56713569621	53.6580455931562	79148906.79994987	2879.1858568772304	7389.286867831615	62.49221970578401	3905.2775237559804	54601560.41510876	7818.622660802332	36.876572305021	61130860.31201173	1359.8815849674418	7784.178980326674	10928.13565008981	0.8378339999999999	35.81868	0.0473602000000001	0.0239174	-0.0996746061	-0.053057390999999995	-0.0180567996	0.0050537445	0.05646672990000001	0.08680860539999999	-0.0352663133	0.0109297814	-0.026763617799999997	-0.0554748924	-0.0351678613	-0.0198704559	-0.0585020468	-0.0366791961	-0.0550184164	-0.0355963949	0.0183121724	-0.0612655838	-0.0379473011	0.042168863499999994	-0.0092050827	-0.054220835300000006	-0.0617848259	-0.0266724065	0.026863348	0.0640707	0.008740699999999997	0.004105054598489999	7.639983648999995e-05	-0.332449	0.018424	0.00033944377599999986	0.110522337601	-0.534088	0.013758000000000048	0.285249991744	0.0001892825640000013	-0.0282907	7.100000000000509e-05	5.0410000000007216e-09	0.0008003637064899999	0.00611843	9.999999999940612e-09	3.74351856649e-05	9.999999999881223e-17	0.00110131	-5.773999999999991e-05	3.333907599999991e-09	1.2128837161000002e-06	0.0	0.0	0.0	0.0	0.0	0.0	0.0	0.0	0.0	0.0	0.0	0.0	0.0	0.0	0.0	0.0	0.0	0.0	0.0	0.0	0.0	0.0	0.0	0.0	0.0	0.0	0.0	0.0	0.0	0.0	0.0	0.0	0.0	0.0	0.0	0.0	0.0	0.0	0.0	0.0	0.0	0.0	0.0	0.0	0.0	0.0	0.0	0.0	0.0	0.0	0.0	0.0	0.0	0.0	0.0	0.0	0.0	0.0	0.0	0.0	0.0	0.0	0.0	0.0	0.0	0.0	0.0	0.0	0.0	0.0	0.0	0.0	0.0	0.0	0.0	0.0	0.0	0.0	0.0	0.0	0.0	0.0	0.0	0.0	0.0	0.0	0.0	0.0	0.0	0.0	0.0	0.0	0.0	0.0	0.0	0.0	0.0	0.0	0.0	0.0	0.0	0.0	0.0	-1.219547745	0.5431888159	0.9381907536	1.075829027	0.01852404275	0.01239060398	0.4092866144	-1.114944952	-0.436595557	2.207183314	-0.3199064372	-0.2336438145	-0.6922327246	-0.3651243072	-0.7999651434	-0.4031688696	0.09093452285	-0.002648124543	0.1908644916	0.9556681579	-0.2222728451	-1.665343348	-0.384906729	-1.274225027	0.9415512172	-0.2173492897	1.250062954	1.574833056	1.855938097	-0.284789287	0.2568581854	0.09991539513	-0.9318365034	-0.08471637716
8840.127145401859	-56.43999029435145	78147847.94687082	3185.4725044264856	7344.297699623919	-44.98916820769682	2024.0252560204385	53938708.70070119	7783.350949029655	-35.27171177267701	60580551.99576083	1244.0936513748018	7746.414424752478	10921.033846346472	1.009925	43.175823	0.20416350000000014	0.150429	-0.0969096704	-0.0522133567	-0.0208914841	0.0130974212	0.0423621282	0.0768461201	-0.0329562979	0.0051403526	-0.023233277599999998	-0.0313676792	-0.08632193949999999	-0.0158242835	-0.07554988509999999	0.0051611699	-0.030418757299999998	-0.08695896619999999	0.0155234747	-0.0744390662	0.0096510651	0.041850587	-0.0100353595	-0.0548904493	-0.0612888318	-0.0247477468	0.0291318163	0.0569132	-0.007157499999999997	0.0032391123342399995	5.122980624999996e-05	-0.1913	0.141149	0.019923040201	0.03659569	-0.484018	0.050069999999999996	0.234273424324	0.0025070049000000005	-0.0283487	-5.80000000000025e-05	3.364000000000289e-09	0.00080364879169	0.00611843	0.0	3.74351856649e-05	0.0	0.00115905	5.773999999999991e-05	3.333907599999991e-09	1.3433969025e-06	0.0	0.0	0.0	0.0	0.0	0.0	0.0	0.0	0.0	0.0	0.0	0.0	0.0	0.0	0.0	0.0	0.0	0.0	0.0	0.0	0.0	0.0	0.0	0.0	0.0	0.0	0.0	0.0	0.0	0.0	0.0	0.0	0.0	0.0	0.0	0.0	0.0	0.0	0.0	0.0	0.0	0.0	0.0	0.0	0.0	0.0	0.0	0.0	0.0	0.0	0.0	0.0	0.0	0.0	0.0	0.0	0.0	0.0	0.0	0.0	0.0	0.0	0.0	0.0	0.0	0.0	0.0	0.0	0.0	0.0	0.0	0.0	0.0	0.0	0.0	0.0	0.0	0.0	0.0	0.0	0.0	0.0	0.0	0.0	0.0	0.0	0.0	0.0	0.0	0.0	0.0	0.0	0.0	0.0	0.0	0.0	0.0	0.0	0.0	0.0	0.0	0.0	0.0	-1.303430174	0.1974109023	0.7182718572	1.085759375	0.3161788179	0.6480843853	0.6671390172	-0.9959010742	-0.395180666	-1.757815823	-0.6010702878	-0.2335007069	-0.04183385232	-0.3064844711	-0.5757553576	0.1074420181	-0.5587180927	-0.6329655066	0.04516847143	-0.1991648043	-0.1178895131	-1.325967753	-1.048852536	0.9550720588	1.107726965	-1.132800725	0.8940395558	1.45011167	1.445172139	0.2478133293	-0.3164068347	0.7127478317	-0.2087358959	0.04033362723
8894.881206550226	54.75406114836733	79118911.67864041	2998.0072122391484	7423.090847323802	78.79314769988379	6208.360124455699	55102277.72762241	7822.261904345024	38.91095531536939	61187781.30016744	1514.0624435546736	7788.508983347941	10923.504882477293	1.309726	55.992775	0.25067910000000004	0.181528	-0.1025420093	-0.0562299698	-0.0161262002	0.010524044	0.0736036999	0.09365725400000001	-0.052561021500000006	-0.0157773394	-0.017467397	-0.0631380223	-0.018559001000000002	-0.0180394758	-0.0647050908	-0.05337525480000002	-0.0630733076	-0.0189479496	0.0158463997	-0.0686717537	-0.0568465814	0.041530532599999996	-0.010863931	-0.055539077199999995	-0.0607511813	-0.022796806200000002	0.0313557373	0.057246800000000014	0.0003336000000000103	0.003277196110240001	1.1128896000000684e-07	-0.359154	-0.16785399999999998	0.028174965315999993	0.12899159571599994	-0.534039	-0.05002100000000004	0.2851976535210001	0.002502100441000004	-0.0276993	0.0006494000000000014	4.2172036000000183e-07	0.00076725122049	0.00611842	-9.999999999940612e-09	3.743506329640001e-05	9.999999999881223e-17	0.00115905	0.0	0.0	1.3433969025e-06	0.0	0.0	0.0	0.0	0.0	0.0	0.0	0.0	0.0	0.0	0.0	0.0	0.0	0.0	0.0	0.0	0.0	0.0	0.0	0.0	0.0	0.0	0.0	0.0	0.0	0.0	0.0	0.0	0.0	0.0	0.0	0.0	0.0	0.0	0.0	0.0	0.0	0.0	0.0	0.0	0.0	0.0	0.0	0.0	0.0	0.0	0.0	0.0	0.0	0.0	0.0	0.0	0.0	0.0	0.0	0.0	0.0	0.0	0.0	0.0	0.0	0.0	0.0	0.0	0.0	0.0	0.0	0.0	0.0	0.0	0.0	0.0	0.0	0.0	0.0	0.0	0.0	0.0	0.0	0.0	0.0	0.0	0.0	0.0	0.0	0.0	0.0	0.0	0.0	0.0	0.0	0.0	0.0	0.0	0.0	0.0	0.0	0.0	0.0	0.0	0.0	0.0	0.0	-1.138906738	0.5946486216	0.928989656	1.082001761	-0.09963828292	-0.05075594672	0.4354084766	-1.047382209	-0.4956997852	3.32081283	-0.3267693624	-0.0920093503	-0.9346492449	-0.2433607101	-0.8133751507	-0.4221947579	0.4483175781	0.05109407999	0.5237646642	1.382158865	-0.08170261357	-1.911502058	-0.3018584395	-1.811575721	1.016414664	1.184801046	1.191585675	1.547610617	2.247810304	-0.2813304913	0.5347291621	-0.5015126433	-0.7831353736	-0.5647700405
8832.20565613694	-62.675550413285244	78007856.75229737	3928.224619608259	7356.095083163647	-66.99576416015498	4488.4324154031065	54112134.87254439	7786.0871602823145	-36.17474406270958	60623153.26751312	1308.6121080025418	7747.223044927866	10761.919352836256	2.080128	88.928635	0.7289251999999999	0.375986	-0.08872211630000001	-0.041362781	0.0128960143	0.06028921280000001	0.0613569596	0.020470783899999997	-0.033496903599999996	-0.0317076319	0.011815161599999999	-0.025462829500000003	-0.11418963800000001	8.295599999999999e-06	-0.0522084567	0.0205481734	-0.024400161400000002	-0.11428172	-0.0013396124	-0.0509934705	0.019552906499999998	0.041208714	-0.011690656399999999	-0.056166470999999996	-0.06017223980000001	-0.0208216562	0.0335317104	0.0228431	-0.03440370000000001	0.0005218072176099999	0.0011836145736900006	-0.217408	0.14174599999999998	0.020091928515999998	0.047266238463999986	-0.173082	0.3609570000000001	0.029957378723999995	0.13028995584900005	-0.0248605	0.002838799999999999	8.058785439999994e-06	0.00061804446025	0.00569629	-0.00042213000000000065	3.2447719764099995e-05	1.781937369000005e-07	0.00058361	-0.00057544	3.311311936e-07	3.406006321000001e-07	0.0	0.0	0.0	0.0	0.0	0.0	0.0	0.0	0.0	0.0	0.0	0.0	0.0	0.0	0.0	0.0	0.0	0.0	0.0	0.0	0.0	0.0	0.0	0.0	0.0	0.0	0.0	1.0	0.0	0.0	0.0	0.0	0.0	0.0	0.0	0.0	0.0	0.0	0.0	0.0	0.0	0.0	0.0	0.0	0.0	0.0	0.0	0.0	0.0	0.0	0.0	0.0	0.0	0.0	0.0	0.0	0.0	0.0	0.0	0.0	0.0	0.0	0.0	0.0	0.0	0.0	0.0	0.0	0.0	0.0	0.0	0.0	0.0	0.0	0.0	0.0	0.0	0.0	0.0	0.0	0.0	0.0	0.0	0.0	0.0	0.0	0.0	0.0	0.0	0.0	0.0	0.0	0.0	0.0	0.0	0.0	0.0	0.0	0.0	0.0	0.0	0.0	0.0	-1.362503306	0.08063445078	0.5460214921	0.9431240899	0.6485023807	0.6406151315	0.6042039091	-1.024488214	-0.4258880669	-4.36668033	-0.4527501354	-0.04880869645	-0.2072371024	-0.3092245963	-0.5569312917	0.3375114666	-0.8473885228	-0.6160052012	-0.7695577563	-0.9314406492	-0.5749432895	-0.7554061879	-1.066205537	2.994476448	0.532593914	-0.6403219198	0.2632153558	0.5552648651	0.5944551053	0.3623332231	-0.8970587544	-1.452570722	1.599503877	-1.206918481
8380.324673507199	-451.880982629742	70229841.63339354	204196.4224624212	7081.650790080616	-274.44429308303097	75319.6700058446	50149777.91264942	7482.867845837069	-303.2193144452458	55993311.19826229	91941.95265264485	7457.571130724145	9353.482882367376	4.985805	213.150757	6.2457967000000005	3.39459	0.1148491759	-0.07856386480000001	0.0340815666	-0.0129972212	-0.0897240747	-0.0847125314	-0.009820540899999999	0.19019115920000002	-0.0723513482	0.0809451316	0.2222584384	-0.0874744128	-0.10802616550000001	0.0692368867	0.079092195	0.2220298438	0.0882123147	-0.1075047634	0.0667671631	0.0408851447	-0.012515395300000001	-0.056772391	-0.0595524007	-0.0188243946	0.035656408199999996	-0.392057	-0.4149001	0.153708691249	0.17214209298001001	0.558811	0.776219	0.6025159359610001	0.3122697337209999	3.24582	3.4189019999999997	10.535347472400003	11.688890885604	0.005271199999999999	0.0301317	0.0009079193448899999	2.7785549439999993e-05	0.0033185000000000003	-0.0023777899999999994	1.1012442250000004e-05	5.653885284099998e-06	0.000377588	-0.00020602200000000001	4.2445064484e-08	1.4257269774400005e-07	0.0	0.0	0.0	0.0	0.0	0.0	0.0	0.0	0.0	0.0	0.0	0.0	0.0	0.0	0.0	0.0	0.0	0.0	0.0	0.0	0.0	0.0	0.0	0.0	0.0	0.0	0.0	0.0	1.0	0.0	0.0	0.0	0.0	0.0	0.0	0.0	0.0	0.0	0.0	0.0	0.0	0.0	0.0	0.0	0.0	0.0	0.0	0.0	0.0	0.0	0.0	0.0	0.0	0.0	0.0	0.0	0.0	0.0	0.0	0.0	0.0	0.0	0.0	0.0	0.0	0.0	0.0	0.0	0.0	0.0	0.0	0.0	0.0	0.0	0.0	0.0	0.0	0.0	0.0	0.0	0.0	0.0	0.0	0.0	0.0	0.0	0.0	0.0	0.0	0.0	0.0	0.0	0.0	0.0	0.0	0.0	0.0	0.0	0.0	0.0	0.0	0.0	0.0	-0.1563666646	-0.4527539552	-4.261452252	-0.8860039471	0.9423020262	-5.6298674	-4.949578349	1.592444005	4.786245982	6.568389018	2.142898287	2.062067544	-2.366759827	0.8862127671	0.1054475111	1.981405981	-0.2332377453	-0.1029470281	2.057498615	-1.519751853	9.676256937	-0.276943705	0.8343005768	-6.285576292	2.671582036	2.483864385	2.05034793	1.555889124	3.207199956	2.383327772	-1.714738282	-1.357582256	-7.759379234	0.7331407752
7661.260506342078	-719.064167165121	58694912.54603687	517053.2765008691	6250.045145757148	-831.6056443234684	691567.947670651	39063064.32400249	6903.249752685875	-579.6180931511934	47654857.14795759	335957.1339082257	6861.761208643734	8400.727775456115	6.749408	288.547485	17.751968565000006	9.81933	0.1627083989	-0.1233167255	0.0570386404	0.0144286816	-0.41486076299999997	0.1434925692	-0.09058943119999999	0.2184357911	-0.09593350310000001	0.4071022586	0.11622722869999999	-0.0889206822	-0.1740325032	0.3595779951	0.4090983613000001	0.11543722099999999	0.09169906580000001	-0.17663761809999998	0.34374070479999996	0.0405598385	-0.0133380076	-0.0573566053	-0.0588920853	-0.0168071422	0.0377265816	-0.7317909999999999	-0.3397339999999999	0.5355180676809997	0.1154191907559999	3.35143	2.7926189999999997	7.798720879161001	11.2320830449	7.55037	4.30455	57.008087136899995	18.5291507025	0.19383	0.1885588	0.03555442105744	0.0375700689	1.53007e-05	-0.0033031993000000003	2.3411142049000003e-10	1.0911125615520492e-05	0.014816899999999997	0.014439311999999998	0.00020849373103334396	0.00021954052560999992	0.0	0.0	0.0	0.0	0.0	0.0	0.0	0.0	0.0	0.0	0.0	0.0	0.0	0.0	0.0	0.0	0.0	0.0	0.0	0.0	0.0	0.0	0.0	0.0	0.0	0.0	0.0	0.0	0.0	1.0	0.0	0.0	0.0	0.0	0.0	0.0	0.0	0.0	0.0	0.0	0.0	0.0	0.0	0.0	0.0	0.0	0.0	0.0	0.0	0.0	0.0	0.0	0.0	0.0	0.0	0.0	0.0	0.0	0.0	0.0	0.0	0.0	0.0	0.0	0.0	0.0	0.0	0.0	0.0	0.0	0.0	0.0	0.0	0.0	0.0	0.0	0.0	0.0	0.0	0.0	0.0	0.0	0.0	0.0	0.0	0.0	0.0	0.0	0.0	0.0	0.0	0.0	0.0	0.0	0.0	0.0	0.0	0.0	0.0	0.0	0.0	0.0	0.0	2.223442115	-17.63022427	-7.968616165	-2.57880108	-1.445716304	-7.051013191	-5.142739494	1.606627241	0.04205938351	-7.647306105	0.2989345933	6.64421954	1.951611991	10.09965077	-0.02703480597	5.06986035	-2.471579628	0.4484129324	-3.820762779	2.931518718	2.443296517	6.492719518	1.431634552	-0.9017731888	-0.4866268177	-3.783126923	-0.1637056727	-3.404610842	-1.201279319	3.049498065	-4.277270665	-3.864001073	0.5375392866	-0.6632645471
7611.769729438753	-49.49077690332524	57939038.414000094	2449.336998494711	6562.120903112535	312.0757573553874	97391.27832893863	43061430.74706648	6812.690976514351	-90.5587761715242	46412758.34148006	8200.891941684216	6779.10829434073	8215.472360609001	6.927455	296.159271	16.586790914999998	9.62809	0.13529166210000002	-0.15903201919999999	0.0991968523	0.0781359482	-0.1844211972	0.0541978797	-0.48850655530000003	-0.0706839429	0.07301301240000001	0.4438563192	0.1372973608	0.221964032	-0.4205586713	-0.5033495951	0.4435845765	0.1418682889	-0.22866839530000002	-0.4369228005	-0.4914889663000001	0.0402328093	-0.0141583533	-0.0579188907	-0.0581917426	-0.0147720414	0.0397390651	-0.363206	0.3685849999999999	0.13191859843599998	0.1358549022249999	-1.17406	-4.5254900000000005	20.480059740100003	1.3784168836	5.65752	-1.89285	32.0075325504	3.5828811225000003	0.016699400000000003	-0.1771306	0.03137524945636	0.0002788699603600001	0.00462926	0.0046139593	2.1430048147599995e-05	2.1288620422056486e-05	0.000564141	-0.014252758999999997	0.0002031411391120809	3.18255067881e-07	0.0	0.0	0.0	0.0	0.0	0.0	0.0	0.0	0.0	0.0	0.0	0.0	0.0	0.0	0.0	0.0	0.0	0.0	0.0	0.0	0.0	0.0	0.0	0.0	0.0	0.0	0.0	0.0	0.0	0.0	1.0	0.0	0.0	0.0	0.0	0.0	0.0	0.0	0.0	0.0	0.0	0.0	0.0	0.0	0.0	0.0	0.0	0.0	0.0	0.0	0.0	0.0	0.0	0.0	0.0	0.0	0.0	0.0	0.0	0.0	0.0	0.0	0.0	0.0	0.0	0.0	0.0	0.0	0.0	0.0	0.0	0.0	0.0	0.0	0.0	0.0	0.0	0.0	0.0	0.0	0.0	0.0	0.0	0.0	0.0	0.0	0.0	0.0	0.0	0.0	0.0	0.0	0.0	0.0	0.0	0.0	0.0	0.0	0.0	0.0	0.0	0.0	0.0	0.4328856262	-2.25521684	-7.109170845	-1.532097505	-5.05233668	-1.704848818	-5.826924002	3.565856918	-2.529440137	-0.6436233257	-3.121325969	-0.1778187094	2.252176522	-1.802134491	3.414193596	1.001693698	5.41413642	-4.23285843	1.635372734	-2.022311216	-3.745373331	-0.2769659206	-2.445709972	0.5702324966	2.643276288	-0.009454363603	1.157805152	0.4843288085	-0.7762727164	3.412028516	1.351411216	-2.331146885	5.418076683	-4.256360672
9074.544401725358	1462.774672286605	82347356.09888503	2139709.7418831848	7647.223628137467	1085.1027250249317	1177447.923856533	58480029.21874397	7785.136969565918	972.4459930515668	60608357.634902	945651.2094020479	7756.755665196545	9457.53807976263	7.707991000000002	329.528381	4.722585550000002	3.12711	0.0813636888	0.0048918169	-0.1271329366	-0.0578701335	0.11645812289999999	-0.0221651466	0.2120379771	0.5419316716	0.1563988785	-0.0465490807	0.2827783352	0.2113565325	-0.14147642230000002	0.4950886804	-0.047926655	0.2826856599	-0.2036227377	-0.1229947473	0.49579468439999996	0.0399040709	-0.0149762932	-0.0584590322	-0.057451848300000004	-0.012721253200000001	0.0416907812	-0.128125	0.235081	0.016416015625	0.05526307656099999	-0.180928	0.993132	0.9863111694240002	0.032734941184	2.69066	-2.96686	7.239651235599999	8.8022582596	0.014076000000000003	-0.0026234	6.8822275599999966e-06	0.0001981337760000001	0.010526100000000002	0.005896840000000002	0.00011079878121000004	3.4772721985600033e-05	-0.00146587	-0.002030011	4.120944660121e-06	2.1487748569e-06	0.0	0.0	0.0	0.0	0.0	0.0	0.0	0.0	0.0	0.0	0.0	0.0	0.0	0.0	0.0	0.0	0.0	0.0	0.0	0.0	0.0	0.0	0.0	0.0	0.0	0.0	0.0	0.0	0.0	0.0	0.0	1.0	0.0	0.0	0.0	0.0	0.0	0.0	0.0	0.0	0.0	0.0	0.0	0.0	0.0	0.0	0.0	0.0	0.0	0.0	0.0	0.0	0.0	0.0	0.0	0.0	0.0	0.0	0.0	0.0	0.0	0.0	0.0	0.0	0.0	0.0	0.0	0.0	0.0	0.0	0.0	0.0	0.0	0.0	0.0	0.0	0.0	0.0	0.0	0.0	0.0	0.0	0.0	0.0	0.0	0.0	0.0	0.0	0.0	0.0	0.0	0.0	0.0	0.0	0.0	0.0	0.0	0.0	0.0	0.0	0.0	0.0	0.0	0.6836085009	3.531550292	-2.195668273	-0.8715341464	10.20468778	0.8503803567	-2.35163619	2.471496988	-0.4483719009	4.740741865	-1.465299267	1.774857999	-0.03172665231	2.737436894	4.536906888	-1.316231009	4.200997761	1.457146461	-1.078019346	0.1903599892	-3.676060042	1.176889469	2.249882355	-2.493665085	0.7611472241	0.9329305861	0.5054512294	1.073147609	-0.9621554834	-1.690001564	-0.3697488188	-2.046327983	4.142368865	2.310486719
8796.974306938491	-277.5700947868663	77386756.95693594	77045.15751998995	7026.636581615691	-620.5870465217757	385128.28231062077	49373621.65009984	7658.382799587139	-126.75416997877892	58650827.10501214	16066.619607009183	7620.377191060474	9521.421807989922	3.905202	166.953354	1.71379005	1.13427	0.0970909968	0.0438317589	-0.1087808271	-0.0337604829	-0.0636489837	0.0474472473	0.1367678889	-0.1242037742	0.0289520856	0.0414063936	-0.0819805583	0.10451352259999999	0.0578586425	0.0269986844	0.0422029002	-0.0815292224	-0.10459761869999999	0.060681202999999996	0.025504024	0.0395736373	-0.0157916882	-0.0589768232	-0.056672905499999995	-0.0106569557	0.0435787454	-0.0869302	0.04119479999999999	0.00755685967204	0.0016970115470399992	0.25050300000000003	0.43143100000000006	0.186132707761	0.06275175300900003	1.76927	-0.9213899999999996	3.130316332900001	0.8489595320999994	0.0195092	0.0054331999999999965	2.951966223999997e-05	0.00038060888464	0.0106406	0.0001144999999999983	0.00011322236836	1.3110249999999606e-08	-0.000618085	0.000847785	7.18739406225e-07	3.82029067225e-07	0.0	0.0	0.0	0.0	0.0	0.0	0.0	0.0	0.0	0.0	0.0	0.0	0.0	0.0	0.0	0.0	0.0	0.0	0.0	0.0	0.0	0.0	0.0	0.0	0.0	0.0	0.0	0.0	0.0	0.0	0.0	0.0	1.0	0.0	0.0	0.0	0.0	0.0	0.0	0.0	0.0	0.0	0.0	0.0	0.0	0.0	0.0	0.0	0.0	0.0	0.0	0.0	0.0	0.0	0.0	0.0	0.0	0.0	0.0	0.0	0.0	0.0	0.0	0.0	0.0	0.0	0.0	0.0	0.0	0.0	0.0	0.0	0.0	0.0	0.0	0.0	0.0	0.0	0.0	0.0	0.0	0.0	0.0	0.0	0.0	0.0	0.0	0.0	0.0	0.0	0.0	0.0	0.0	0.0	0.0	0.0	0.0	0.0	0.0	0.0	0.0	0.0	0.0	0.9249510614	0.2621812374	-2.028078867	-1.525699721	-0.9485364281	-0.6806581745	0.2302537591	1.077291929	0.5106651868	-6.123959925	0.5771808882	0.4873118188	0.03759152575	2.373829962	1.668192904	1.009610463	-0.5846368347	0.4873179997	0.7254783546	1.691674136	-1.032220482	1.57153756	-0.5050347975	0.9336797901	-1.110578481	0.03080238713	0.7780647823	1.040565808	-1.590109166	1.296400418	1.177098662	-0.3003491524	1.702068757	0.5408970162
8848.150727878385	51.176420939893426	78289771.30325478	2619.026060217163	7157.199784429024	130.56320281333228	17046.749928875342	51225508.75423086	7725.4862591834535	67.10345959631468	59683137.94083235	4502.8742897942375	7695.2237678280435	9436.106613363048	1.7572439999999998	75.12484	0.2390512500000001	0.170228	0.09246474689999999	0.0469664544	-0.0900653634	-0.0109090751	-0.043692674699999996	0.0004132335	0.076124047	0.08937609390000001	0.0136043769	-0.013923435	0.0818391573	0.0068643948	0.0042356503	0.0706930945	-0.014689978999999999	0.0817089275	-0.0042789848	0.006135199	0.0741881789	0.0392415225	-0.0166043998	-0.059472065899999996	-0.055855443600000006	-0.0085813409	0.0454000708	-0.08702069999999999	-9.049999999999336e-05	0.007572602228489998	8.190249999998797e-09	0.239169	-0.011334000000000037	0.00012845955600000088	0.057201810561	1.79155	0.022279999999999852	3.2096514025	0.0004963983999999934	0.0165961	-0.002913100000000002	8.48615161000001e-06	0.00027543053521	0.0100234	-0.0006172	0.00010046854756	3.8093584000000007e-07	-0.00119472	-0.000576635	3.3250792322500005e-07	1.4273558784e-06	0.0	0.0	0.0	0.0	0.0	0.0	0.0	0.0	0.0	0.0	0.0	0.0	0.0	0.0	0.0	0.0	0.0	0.0	0.0	0.0	0.0	0.0	0.0	0.0	0.0	0.0	0.0	0.0	0.0	0.0	0.0	0.0	0.0	1.0	0.0	0.0	0.0	0.0	0.0	0.0	0.0	0.0	0.0	0.0	0.0	0.0	0.0	0.0	0.0	0.0	0.0	0.0	0.0	0.0	0.0	0.0	0.0	0.0	0.0	0.0	0.0	0.0	0.0	0.0	0.0	0.0	0.0	0.0	0.0	0.0	0.0	0.0	0.0	0.0	0.0	0.0	0.0	0.0	0.0	0.0	0.0	0.0	0.0	0.0	0.0	0.0	0.0	0.0	0.0	0.0	0.0	0.0	0.0	0.0	0.0	0.0	0.0	0.0	0.0	0.0	0.0	0.0	0.0	0.3732393541	0.6916614094	-1.773236614	-1.082227794	2.10877955	-0.2981456121	-0.01292936391	0.9009272636	0.3920623285	2.665592007	0.6005106225	-0.6301448277	-0.3512878225	0.7751476847	1.221361139	0.3829838955	0.610005769	1.174608011	0.3336077447	0.8577220733	-1.035297574	0.1355795099	0.9961242188	0.07105162495	-0.5425072943	-0.7074852402	1.155830738	0.7300703848	0.6844591084	-0.5656951339	0.1806383085	-0.7439342199	1.170343595	1.074008411
8760.82689772537	-87.32383015301457	76752087.93190834	7625.451312592537	7046.082588098405	-111.11719633061877	12347.031320377273	49647279.83830352	7642.186199521655	-83.30005966179851	58403009.90815923	6938.899939659192	7608.023525869919	9410.442829724085	1.7556330000000002	75.055992	1.0552574999999995	0.849725	0.08760557890000001	0.0683478179	-0.03427466	0.0282768631	-0.07294795379999999	0.0600735372	0.019185528700000003	-0.0897967043	0.0627521599	0.0295229977	-0.0036503001	-0.058622526200000004	0.1000847432	-0.041190511400000004	0.0294773311	-0.0038658268	0.058468521399999994	0.096591934	-0.0465332715	0.0389077407	-0.0174142899	-0.0599445708	-0.0550000181	-0.0064966131000000005	0.047151972199999996	-0.08088719999999999	0.0061335	0.0065427391238399996	3.761982225e-05	0.21452	-0.024649000000000004	0.0006075732010000003	0.0460188304	2.07821	0.2866599999999999	4.3189568041	0.08217395559999995	0.00322425	-0.01337185	0.00017880637242249998	1.0395788062500003e-05	0.0104376	0.00041419999999999993	0.00010894349376	1.7156163999999998e-07	-0.00216497	-0.00097025	9.413850625e-07	4.6870951009e-06	0.0	0.0	0.0	0.0	0.0	0.0	0.0	0.0	0.0	0.0	0.0	0.0	0.0	0.0	0.0	0.0	0.0	0.0	0.0	0.0	0.0	0.0	0.0	0.0	0.0	0.0	0.0	0.0	0.0	0.0	0.0	0.0	0.0	0.0	1.0	0.0	0.0	0.0	0.0	0.0	0.0	0.0	0.0	0.0	0.0	0.0	0.0	0.0	0.0	0.0	0.0	0.0	0.0	0.0	0.0	0.0	0.0	0.0	0.0	0.0	0.0	0.0	0.0	0.0	0.0	0.0	0.0	0.0	0.0	0.0	0.0	0.0	0.0	0.0	0.0	0.0	0.0	0.0	0.0	0.0	0.0	0.0	0.0	0.0	0.0	0.0	0.0	0.0	0.0	0.0	0.0	0.0	0.0	0.0	0.0	0.0	0.0	0.0	0.0	0.0	0.0	0.0	0.0	0.01207994464	0.4385399443	-1.936497751	-0.9852699902	-0.5094439225	0.3151808922	1.617490763	0.5603839982	0.515696004	-2.20082972	0.7784135668	-0.3756767279	0.7110032725	0.9672661517	-0.1890939034	0.6768782158	-0.1972960238	0.3646039612	1.378169543	0.3778010265	-0.547524252	1.606494649	0.1896894432	-0.6313945407	-0.7332936142	0.1887636995	1.768401299	-0.2590525134	1.378534484	1.929780555	1.916161125	-1.439815493	-0.2207857951	0.1217283453
8836.915689119993	76.08879139462259	78091078.89661507	5789.504175894394	7199.60083423371	153.51824613530516	23567.851896460143	51834252.17229873	7702.387087094842	60.20088757318717	59326766.83944537	3624.146864599522	7671.692825090039	9530.968104061585	1.439285	61.531639	0.6981590999999999	0.5017739999999999	0.08511116070000001	0.0618182556	-0.0373092553	0.010231818299999999	-0.0234432357	-0.0055954114	0.048106608099999996	0.050312064000000004	0.0424061291	-0.005976904	0.0676274994	-0.0339687761	0.0367018597	0.0569986712	-0.0067333969	0.0674679221	0.035860002099999996	0.0386328892	0.056686945999999995	0.038572306	-0.0182212208	-0.060394157300000015	-0.054107210499999996	-0.0044049861	0.0488317708	-0.0851713	-0.004284100000000013	0.007254150343690002	1.835351281000011e-05	0.165159	-0.04936099999999999	0.0024365083209999987	0.027277495281000003	1.80877	-0.2694399999999999	3.2716489129000004	0.07259791359999995	0.0095178	0.00629355	3.96087716025e-05	9.058851684e-05	0.011486	0.0010483999999999997	0.00013192819600000002	1.0991425599999994e-06	-0.00200544	0.00015953000000000018	2.5449820900000057e-08	4.021789593599998e-06	0.0	0.0	0.0	0.0	0.0	0.0	0.0	0.0	0.0	0.0	0.0	0.0	0.0	0.0	0.0	0.0	0.0	0.0	0.0	0.0	0.0	0.0	0.0	0.0	0.0	0.0	0.0	0.0	0.0	0.0	0.0	0.0	0.0	0.0	0.0	1.0	0.0	0.0	0.0	0.0	0.0	0.0	0.0	0.0	0.0	0.0	0.0	0.0	0.0	0.0	0.0	0.0	0.0	0.0	0.0	0.0	0.0	0.0	0.0	0.0	0.0	0.0	0.0	0.0	0.0	0.0	0.0	0.0	0.0	0.0	0.0	0.0	0.0	0.0	0.0	0.0	0.0	0.0	0.0	0.0	0.0	0.0	0.0	0.0	0.0	0.0	0.0	0.0	0.0	0.0	0.0	0.0	0.0	0.0	0.0	0.0	0.0	0.0	0.0	0.0	0.0	0.0	0.0	0.1170472291	0.5489031399	-1.570724247	-1.059269198	1.277994939	-0.1192183188	0.6562455465	0.7773730177	0.596021292	1.941029382	0.4968455262	-1.237702131	0.2571374835	0.3064767055	0.6099809254	-0.01413138091	1.429711193	0.9615473045	1.667545361	1.723443171	-0.6962611135	0.837514133	0.9049216351	-0.08651643516	-0.02113688571	0.4323729275	1.131542479	-0.1049467957	0.1186626309	-0.8644475313	-0.7020762298	-0.1080142379	1.001271612	0.1633327959
8792.995608440793	-43.9200806791996	77316771.77005908	1928.973486867402	7112.719753573802	-86.88108065990765	7548.322176633376	50590782.29287897	7680.959809703821	-21.42727739102156	58997143.59828536	459.12821639178384	7646.637141556201	9539.788682559289	1.005886	43.003159	0.10510460000000008	0.0575226	0.0841434879	0.0705688163	-0.043931684500000005	0.0168507771	-0.050073483499999995	0.023912533599999997	0.0459746833	-0.04849944269999999	0.0447941013	0.0172099355	-0.0212662221	-0.0002543407	0.0712941145	-0.0111268474	0.0171401708	-0.021118164300000002	0.0012779122	0.07045199070000001	-0.0091883869	0.0382352327	-0.0190250555	-0.060820653499999995	-0.0531776276	-0.0023086813	0.0504368977	-0.0902379	-0.0050665999999999906	0.008142878596409999	2.5670435559999905e-05	0.182717	0.017558000000000018	0.0003082833640000006	0.033385502089000006	1.86291	0.054139999999999855	3.4704336680999988	0.0029311395999999843	0.00963159	0.00011379000000000075	1.2948164100000174e-08	9.27675259281e-05	0.011711	0.0002249999999999995	0.00013714752099999998	5.0624999999999787e-08	-0.00223345	-0.0002280100000000003	5.198856010000012e-08	4.988298902500002e-06	0.0	0.0	0.0	0.0	0.0	0.0	0.0	0.0	0.0	0.0	0.0	0.0	0.0	0.0	0.0	0.0	0.0	0.0	0.0	0.0	0.0	0.0	0.0	0.0	0.0	0.0	0.0	0.0	0.0	0.0	0.0	0.0	0.0	0.0	0.0	0.0	0.0	0.0	0.0	0.0	0.0	0.0	0.0	0.0	0.0	0.0	0.0	0.0	0.0	0.0	0.0	0.0	0.0	0.0	0.0	0.0	0.0	0.0	0.0	0.0	0.0	0.0	0.0	0.0	0.0	0.0	0.0	0.0	0.0	0.0	0.0	0.0	0.0	0.0	0.0	0.0	0.0	0.0	0.0	0.0	0.0	0.0	0.0	0.0	0.0	0.0	0.0	0.0	0.0	0.0	0.0	0.0	0.0	0.0	0.0	0.0	0.0	0.0	0.0	0.0	0.0	0.0	0.0	-0.00826376917	0.2533852223	-1.951176759	-1.250044121	-0.3567874824	0.04147443822	0.7746689683	0.7361695225	0.4610426282	-1.741756643	0.6829525478	-0.6858748508	0.5513686362	0.7234552887	0.4878270049	0.6424102061	-0.09733861294	0.7061874113	1.700147663	1.273694769	-0.733946858	1.386860412	0.3895966684	1.120827026	-0.398392557	-0.9476247694	1.045223034	-0.1713697441	0.1231422492	0.3051500882	0.8417355698	0.1541818758	0.6665701599	0.04716950199
8801.32832690545	8.332718464656864	77463380.31798829	69.43419701123345	7222.021263090091	109.30150951628912	11946.81998253944	52157591.1245254	7687.9689620773315	7.009152373510915	59104866.7618644	49.1282169950937	7656.486411787563	9548.723371484177	0.8663799999999999	37.039062	0.1795092999999998	0.108037	0.083009165	0.058567224699999997	-0.0444780464	0.019668671699999998	-0.0149764353	0.0035973866	0.0176870419	0.005444168	0.0504681732	0.0015547875	0.057997092199999996	-0.0005398128	0.0281779027	0.0059814008999999994	0.0010596772	0.0581329337	0.0013440895	0.027511340099999997	0.0057646545999999995	0.037896535099999996	-0.0198256573	-0.0612238964	-0.0522119012	-0.0002099247	0.051964898600000003	-0.0896006	0.0006372999999999933	0.00802826752036	4.0615128999999157e-07	0.272933	0.09021599999999996	0.008138926655999993	0.074492422489	1.90498	0.04207000000000005	3.6289488004	0.0017698849000000046	0.00921144	-0.00042015000000000113	1.765260225000009e-07	8.485062687359999e-05	0.011306900000000002	-0.0004040999999999975	0.00012784598761000004	1.63296809999998e-07	-0.00234092	-0.0001074699999999997	1.1549800899999936e-08	5.479906446399998e-06	0.0	0.0	0.0	0.0	0.0	0.0	0.0	0.0	0.0	0.0	0.0	0.0	0.0	0.0	0.0	0.0	0.0	0.0	0.0	0.0	0.0	0.0	0.0	0.0	0.0	0.0	0.0	0.0	0.0	0.0	0.0	0.0	0.0	0.0	0.0	0.0	0.0	0.0	0.0	0.0	0.0	0.0	0.0	0.0	0.0	0.0	0.0	0.0	0.0	0.0	0.0	0.0	0.0	0.0	0.0	0.0	0.0	0.0	0.0	0.0	0.0	0.0	0.0	0.0	0.0	0.0	0.0	0.0	0.0	0.0	0.0	0.0	0.0	0.0	0.0	0.0	0.0	0.0	0.0	0.0	0.0	0.0	0.0	0.0	0.0	0.0	0.0	0.0	0.0	0.0	0.0	0.0	0.0	0.0	0.0	0.0	0.0	0.0	0.0	0.0	0.0	0.0	0.0	0.01402485584	0.5284378993	-1.830218361	-1.116960289	1.027180524	0.147970159	0.5745728226	0.8704784767	0.4412596258	1.586866524	0.698746834	-0.8176599401	0.4196916168	0.3321435815	0.790391092	0.3723565951	0.5200057319	0.8880610105	1.41637509	1.047399382	-0.4508214144	0.8341197396	0.9916888914	0.3405463687	-0.01721533845	0.3621198198	1.105877416	0.1654849599	1.441768678	-0.3832089169	0.3646849078	0.2566950116	1.366119084	-0.5821753551
8766.004397865001	-35.323929040449	76842833.10338853	1247.7799628546766	7174.137497922207	-47.88376516788412	2292.854966653073	51468248.83909351	7685.765591514105	-2.203370563226599	59070992.72770216	4.854841838893501	7650.860280096271	9472.41982631546	0.8927450000000001	38.166233	0.33042249999999984	0.1945	0.08017749269999999	0.0633606195	-0.0427954132	0.0231881616	-0.022901117000000002	0.0036320860999999997	0.011196743600000001	-0.0963088247	0.0545811884	0.0113772367	-0.020768671399999997	-0.0003674869	0.06275718870000001	-0.0358988465	0.0116096809	-0.020761280400000002	-0.00046721629999999995	0.0606014768	-0.0399798615	0.0375562275	-0.020622890300000002	-0.0616037317	-0.0512106878	0.0018890548	0.05341343690000002	-0.09467660000000004	-0.005076000000000039	0.008963658587560009	2.5765776000000394e-05	0.140334	-0.132599	0.017582494801	0.019693631556	1.8157	-0.0892799999999998	3.2967664900000004	0.007970918399999964	0.0106285	0.0014170599999999995	2.0080590435999984e-06	0.00011296501224999998	0.0119529	0.0006459999999999973	0.00014287181840999996	4.173159999999965e-07	-0.00234721	-6.290000000000375e-06	3.956410000000472e-11	5.5093947841000006e-06	0.0	0.0	0.0	0.0	0.0	0.0	0.0	0.0	0.0	0.0	0.0	0.0	0.0	0.0	0.0	0.0	0.0	0.0	0.0	0.0	0.0	0.0	0.0	0.0	0.0	0.0	0.0	0.0	0.0	0.0	0.0	0.0	0.0	0.0	0.0	0.0	0.0	0.0	0.0	0.0	0.0	0.0	0.0	0.0	0.0	0.0	0.0	0.0	0.0	0.0	0.0	0.0	0.0	0.0	0.0	0.0	0.0	0.0	0.0	0.0	0.0	0.0	0.0	0.0	0.0	0.0	0.0	0.0	0.0	0.0	0.0	0.0	0.0	0.0	0.0	0.0	0.0	0.0	0.0	0.0	0.0	0.0	0.0	0.0	0.0	0.0	0.0	0.0	0.0	0.0	0.0	0.0	0.0	0.0	0.0	0.0	0.0	0.0	0.0	0.0	0.0	0.0	0.0	0.1124735083	0.2081880667	-1.834392843	-1.447466234	-0.2033911569	-0.06934008686	0.8985264077	0.6710417731	0.4450679313	-1.553512197	0.4217880593	-0.7673152751	0.5625807893	0.6714257784	0.5261299932	0.6514521609	0.01113307865	0.6416826556	1.415634263	1.224729142	-0.7160597132	1.029578245	0.5142629371	0.9652098743	-0.4844579336	1.044628338	0.8222316467	-0.2846416075	0.4565348096	0.3926513641	1.112781132	-0.7711412549	0.9327447272	-1.56360002
8756.223225835554	-9.78117202944668	76671445.180662	95.67132626963007	7213.067052962932	38.92955504072506	1515.5102556688419	52028336.31053937	7681.262457190583	-4.503134323521408	59001792.93624552	20.27821873567661	7648.890755950098	9363.806589704871	0.875959	37.448589	0.29176120000000005	0.1663	0.0804337059	0.0435669905	-0.0341887545	0.0268955301	-0.0077146892	7.538609999999999e-05	0.0406765438	-0.0118429822	0.0660789589	0.0050929631	0.0483088709	0.012397619399999999	0.019904625500000002	0.0197404929	0.0045483929	0.0485942553	-0.011097588700000001	0.0216317802	0.0232342674	0.0372143245	-0.0214166188	-0.0619600143	-0.050174667699999995	0.0039860282	0.0547802975	-0.0945094	0.00016720000000004787	0.008932026688359998	2.7955840000016005e-08	0.245484	0.10515000000000002	0.011056522500000004	0.060262394255999996	1.90229	0.08658999999999993	3.6187072441	0.007497828099999991	0.00948652	-0.001141979999999999	1.3041183203999979e-06	8.999406171040001e-05	0.0112778	-0.0006750999999999997	0.00012718877283999998	4.557600099999996e-07	-0.00252721	-0.00017999999999999958	3.239999999999986e-08	6.3867903840999984e-06	0.0	0.0	0.0	0.0	0.0	0.0	0.0	0.0	0.0	0.0	0.0	0.0	0.0	0.0	0.0	0.0	0.0	0.0	0.0	0.0	0.0	0.0	0.0	0.0	0.0	0.0	0.0	0.0	0.0	0.0	0.0	0.0	0.0	0.0	0.0	0.0	0.0	0.0	0.0	0.0	0.0	0.0	0.0	0.0	0.0	0.0	0.0	0.0	0.0	0.0	0.0	0.0	0.0	0.0	0.0	0.0	0.0	0.0	0.0	0.0	0.0	0.0	0.0	0.0	0.0	0.0	0.0	0.0	0.0	0.0	0.0	0.0	0.0	0.0	0.0	0.0	0.0	0.0	0.0	0.0	0.0	0.0	0.0	0.0	0.0	0.0	0.0	0.0	0.0	0.0	0.0	0.0	0.0	0.0	0.0	0.0	0.0	0.0	0.0	0.0	0.0	0.0	0.0	-0.03181705651	0.5597365212	-1.83690462	-1.242397283	0.8230652221	-0.02083250782	0.2918931232	0.7226947764	0.3536346833	0.9950809674	0.5102559973	-0.791393452	0.3460227141	0.4488917819	0.7415448164	0.2372115854	0.6113517645	0.4626379562	0.8949401763	0.7263187935	-0.732069687	0.8812011171	0.8578669406	0.0522537717	-0.2919064199	0.6404515435	1.273759732	-0.0346813284	-1.103426599	-0.3017874288	0.1863699977	0.6709346261	0.6955697702	-0.5385283382
8774.490942281744	18.267716446189297	76991691.29618436	333.70946415837494	7178.193152115193	-34.87390084773961	1216.1889603379732	51526456.92907345	7687.0551780793	5.792720888716757	59090817.31083578	33.55561529457547	7654.127659549429	9495.204556628833	0.918785	39.279449	0.0930406000000002	0.05365	0.0789003955	0.0714800891	-0.0416107992	0.032065171499999996	-0.0244201228	0.016442591200000002	0.0318454484	-0.0661403771	0.0722676755	0.010747360800000001	-0.0139823332	-0.0119118308	0.0728552529	-0.0305588698	0.0105284234	-0.013680020800000001	0.012431124299999999	0.0710677336	-0.030875790299999997	0.0368708406	-0.022206708199999998	-0.062292608	-0.049104545199999995	0.0060787686	0.0560633903	-0.101294	-0.006784600000000016	0.010260474436000002	4.6030797160000206e-05	0.237415	-0.008068999999999995	6.510876099999989e-05	0.056365882225	1.89963	-0.002660000000000107	3.6085941369	7.075600000000568e-06	0.008578189999999998	-0.0009083300000000023	8.250633889000044e-07	7.358534367609997e-05	0.011576800000000005	0.00029900000000000586	0.00013402229824000013	8.940100000000349e-08	-0.00283042	-0.00030321000000000037	9.193630410000023e-08	8.011277376400001e-06	0.0	0.0	0.0	0.0	0.0	0.0	0.0	0.0	0.0	0.0	0.0	0.0	0.0	0.0	0.0	0.0	0.0	0.0	0.0	0.0	0.0	0.0	0.0	0.0	0.0	0.0	0.0	0.0	0.0	0.0	0.0	0.0	0.0	0.0	0.0	0.0	0.0	0.0	0.0	0.0	0.0	0.0	0.0	0.0	0.0	0.0	0.0	0.0	0.0	0.0	0.0	0.0	0.0	0.0	0.0	0.0	0.0	0.0	0.0	0.0	0.0	0.0	0.0	0.0	0.0	0.0	0.0	0.0	0.0	0.0	0.0	0.0	0.0	0.0	0.0	0.0	0.0	0.0	0.0	0.0	0.0	0.0	0.0	0.0	0.0	0.0	0.0	0.0	0.0	0.0	0.0	0.0	0.0	0.0	0.0	0.0	0.0	0.0	0.0	0.0	0.0	0.0	0.0	-2.637458059e-05	0.3840827147	-1.97384194	-1.382969644	-0.08755783614	0.230628936	0.9144375394	0.9175135957	0.7456678993	-1.22575955	0.7050614357	-0.7923430789	0.5737912111	0.4005080757	0.6617791391	0.7678158964	-0.3796621226	1.22591088	0.4862298954	1.598881902	-0.7884351343	1.206966074	0.9727236411	0.635515647	-0.4800845758	-0.446008013	0.6313801333	-0.4999900193	0.3767703197	0.2486509988	1.245532598	0.376407064	0.4082470103	-0.1514825604
8687.079250464558	-87.41169181718578	75465345.90385187	7640.803866342663	7216.929039228723	38.735887113530225	1500.4689504721566	52084064.75726282	7658.670931923395	-28.384246155905203	58655240.44348837	805.6654298390193	7625.912945572689	8913.016099982737	1.601744	68.477013	0.4636225899999999	0.295763	0.0766597646	-0.0103900902	-0.0037542753	0.0462251755	-0.0070245315	0.0124885491	-0.0013935947	-0.0079226171	0.0343827349	0.013938456299999999	0.0407026239	0.0153952597	-0.011233425	-0.011476823200000002	0.0137980767	0.0407915912	-0.0149507487	-0.0118295498	-0.0094358817	0.0365257903	-0.022993024	-0.06260138559999999	-0.0480010475	0.0081650537	0.0572607532	-0.0865721	0.01472190000000001	0.007494728498409999	0.0002167343396100003	0.00653581	-0.23087919	0.053305200375056115	4.2716812356100014e-05	1.91108	0.01144999999999996	3.6522267664	0.00013110249999999908	0.00506171	-0.003516479999999998	1.2365631590399984e-05	2.56209081241e-05	0.0118558	0.00027899999999999453	0.00014055999364	7.784099999999693e-08	-0.00316637	-0.0003359499999999998	1.1286240249999983e-07	1.00258989769e-05	0.0	0.0	0.0	0.0	0.0	0.0	0.0	0.0	0.0	0.0	0.0	0.0	0.0	0.0	0.0	0.0	0.0	0.0	0.0	0.0	0.0	0.0	0.0	0.0	0.0	0.0	0.0	0.0	0.0	0.0	0.0	0.0	0.0	0.0	0.0	0.0	1.0	0.0	0.0	0.0	0.0	0.0	0.0	0.0	0.0	0.0	0.0	0.0	0.0	0.0	0.0	0.0	0.0	0.0	0.0	0.0	0.0	0.0	0.0	0.0	0.0	0.0	0.0	0.0	0.0	0.0	0.0	0.0	0.0	0.0	0.0	0.0	0.0	0.0	0.0	0.0	0.0	0.0	0.0	0.0	0.0	0.0	0.0	0.0	0.0	0.0	0.0	0.0	0.0	0.0	0.0	0.0	0.0	0.0	0.0	0.0	0.0	0.0	0.0	0.0	0.0	0.0	0.0	-0.2783098521	0.5626279436	-1.500492167	-1.131170858	0.5864440402	-0.2883213439	-0.1703652059	0.6088263253	-0.5100317541	0.9769191423	0.2738910268	-0.3722159495	0.1940664721	0.2339691687	0.7066762635	-0.1619998584	0.7620278086	-1.057735519	0.0256935924	0.3051303224	-1.277583987	1.103127193	0.1321308416	0.836117152	-0.2312855096	0.262938758	1.202942797	-0.1725436937	0.7305053017	0.1112706784	1.147817723	-1.565870897	1.173790087	-1.887682723
8684.133142824907	-2.946107639651018	75414168.44230999	8.679550224410093	7179.161060089759	-37.76797913896371	1426.4202482411981	51540353.52670912	7631.269922247066	-27.40100967632952	58236280.62619273	750.8153312823041	7597.435732066683	9878.119167691513	2.541233	108.641579	2.83837921	1.88581	-0.0362276951	-0.0239798412	0.0553116658	0.022903061000000002	0.0027154190999999998	0.0108110264	0.0181566223	-0.0946177067	-0.044776322400000006	0.0292501729	0.0294360417	-0.1098402998	0.0696613673	-0.0122686493	0.028778286400000002	0.0292676633	0.1081345422	0.0663458409	-0.026663672000000003	0.0361791883	-0.0237754328	-0.062886229	-0.046864924800000006	0.0102426677	0.0583705553	-0.15567899999999998	-0.06910689999999999	0.024235951040999997	0.0047757636276099975	-0.496939	-0.50347481	0.2534868843045361	0.246948369721	1.6695400000000002	-0.24153999999999964	2.787363811600001	0.05834157159999982	-0.0300397	-0.03510141	0.0012321089839881	0.00090238357609	0.0125482	0.000692400000000001	0.00015745732324	4.794177600000013e-07	-0.00785771	-0.00469134	2.2008670995600005e-05	6.174360644410001e-05	0.0	0.0	0.0	0.0	0.0	0.0	0.0	0.0	0.0	0.0	0.0	0.0	0.0	0.0	0.0	0.0	0.0	0.0	0.0	0.0	0.0	0.0	0.0	0.0	0.0	0.0	0.0	0.0	0.0	0.0	0.0	0.0	0.0	0.0	0.0	0.0	0.0	1.0	0.0	0.0	0.0	0.0	0.0	0.0	0.0	0.0	0.0	0.0	0.0	0.0	0.0	0.0	0.0	0.0	0.0	0.0	0.0	0.0	0.0	0.0	0.0	0.0	0.0	0.0	0.0	0.0	0.0	0.0	0.0	0.0	0.0	0.0	0.0	0.0	0.0	0.0	0.0	0.0	0.0	0.0	0.0	0.0	0.0	0.0	0.0	0.0	0.0	0.0	0.0	0.0	0.0	0.0	0.0	0.0	0.0	0.0	0.0	0.0	0.0	0.0	0.0	0.0	0.0	-1.304874539	1.510854115	0.3409932484	-0.0358630004	1.034866538	0.1631702574	-0.292391671	-0.1220919374	-0.5517588219	-1.250229257	-0.4437065319	1.085002718	-1.005163123	1.166867294	-0.1359323789	-1.599977305	-0.364600038	-1.890257927	0.2926264959	-1.769902075	-3.510453903	0.4244120655	0.4146054102	-0.7778813044	-1.725385536	1.392962071	1.387318069	-0.8401978956	0.7672636937	2.784882754	1.764622722	-1.687852829	-1.407883806	-1.141529312
8713.93791795408	29.804775129172413	75932714.03795788	888.3246205005344	7111.4292501246655	-67.73180996509382	4587.598081147582	50572425.97952866	7657.645232046309	26.37530979924304	58639530.49988157	695.656967006046	7624.530509875178	10179.51929929053	2.494119	106.627403	1.7001375	1.1094700000000002	-0.0136964757	-0.0460541826	-0.0072167187	-0.0578246952	-0.027335052599999996	-0.0192174055	-0.0486704103	-0.0516179951	0.059143075199999985	0.011175735400000001	0.07358570610000001	0.0208585738	0.0177498593	0.0272385409	0.011018503999999998	0.07350324559999999	-0.021441033300000002	0.0172714329	0.0205834235	0.0358310494	-0.0245538015	-0.06314702929999999	-0.045696949199999996	0.0123094045	0.0593910994	-0.149027	0.00665199999999999	0.022209046729000002	4.424910399999989e-05	0.190022	0.6869609999999999	0.4719154155210001	0.036108360484	1.55398	-0.11556000000000033	2.4148538404	0.013354113600000076	-0.0142992	0.015740499999999998	0.0002477633402499999	0.00020446712064000006	0.0130593	0.0005110999999999987	0.00017054531648999998	2.6122320999999873e-07	-0.00629002	0.00156769	2.4576519361e-06	3.95643516004e-05	0.0	0.0	0.0	0.0	0.0	0.0	0.0	0.0	0.0	0.0	0.0	0.0	0.0	0.0	0.0	0.0	0.0	0.0	0.0	0.0	0.0	0.0	0.0	0.0	0.0	0.0	0.0	0.0	0.0	0.0	0.0	0.0	0.0	0.0	0.0	0.0	0.0	0.0	1.0	0.0	0.0	0.0	0.0	0.0	0.0	0.0	0.0	0.0	0.0	0.0	0.0	0.0	0.0	0.0	0.0	0.0	0.0	0.0	0.0	0.0	0.0	0.0	0.0	0.0	0.0	0.0	0.0	0.0	0.0	0.0	0.0	0.0	0.0	0.0	0.0	0.0	0.0	0.0	0.0	0.0	0.0	0.0	0.0	0.0	0.0	0.0	0.0	0.0	0.0	0.0	0.0	0.0	0.0	0.0	0.0	0.0	0.0	0.0	0.0	0.0	0.0	0.0	0.0	-0.2473082217	0.8096133478	-0.5431426282	-0.4776660498	0.8637190902	0.2381023435	0.5519526636	1.141057133	-0.3179189864	0.8040444851	-0.6997613133	-0.6853106232	-1.108129847	-0.5767704298	0.7993639642	-1.425659881	-1.013513693	0.6576022457	-0.3047953931	0.7459800427	0.9426243246	1.149819699	1.509220946	-4.24625325	2.162109045	1.513663049	0.5767285635	2.445074647	1.403734232	-0.4889475146	-0.3121904193	-0.2341871753	0.08644356797	-1.883691111
8540.09645849914	-173.84145945493947	72933247.52046955	30220.853025423363	7046.080627701132	-65.34862242353393	4270.442452653601	49647252.21206518	7557.378224713553	-100.26700733275537	57113965.63137458	10053.472759466822	7523.481216256811	9087.041362362555	2.804749	119.907288	2.2760105	1.95757	0.0736240759	-0.035317293	-0.0014687839999999999	0.0229891238	-0.0401669665	0.009650521700000001	-0.0280486689	-0.0414438126	0.01488531	0.0487291699	0.0986470547	0.09471656810000001	-0.11371820560000001	0.18943509420000001	0.0488362725	0.0981447169	-0.0928892551	-0.1036144428	0.19143091059999998	0.0354813883	-0.025327997799999998	-0.06338368679999999	-0.0444979145	0.0143630693	0.060320825099999996	-0.130938	0.018088999999999997	0.017144759844	0.0003272119209999998	0.376798	0.18677600000000005	0.034885274176000014	0.14197673280400006	1.57706	0.023080000000000208	2.4871182436000003	0.0005326864000000098	0.022312	0.036611199999999997	0.0013403799654400006	0.0004978253440000001	0.0141341	0.0010748000000000008	0.00019977278280999998	1.1551950400000015e-06	-0.00301471	0.0032753100000000005	1.0727655596100003e-05	9.0884763841e-06	0.0	0.0	0.0	0.0	0.0	0.0	0.0	0.0	0.0	0.0	0.0	0.0	0.0	0.0	0.0	0.0	0.0	0.0	0.0	0.0	0.0	0.0	0.0	0.0	0.0	0.0	0.0	0.0	0.0	0.0	0.0	0.0	0.0	0.0	0.0	0.0	0.0	0.0	0.0	1.0	0.0	0.0	0.0	0.0	0.0	0.0	0.0	0.0	0.0	0.0	0.0	0.0	0.0	0.0	0.0	0.0	0.0	0.0	0.0	0.0	0.0	0.0	0.0	0.0	0.0	0.0	0.0	0.0	0.0	0.0	0.0	0.0	0.0	0.0	0.0	0.0	0.0	0.0	0.0	0.0	0.0	0.0	0.0	0.0	0.0	0.0	0.0	0.0	0.0	0.0	0.0	0.0	0.0	0.0	0.0	0.0	0.0	0.0	0.0	0.0	0.0	0.0	0.0	1.195491305	-0.5508327824	-1.769087735	-1.501521116	-0.5983362151	-0.3438364931	-0.09126997362	0.06395324331	-0.6895125346	0.8600820343	-1.608438716	-1.190008376	0.2983276913	0.388930036	0.5718582346	-0.7320718022	2.459183005	1.264207428	0.2026719783	0.9917584062	1.472920692	-0.06425696694	0.8696921609	-4.223809144	1.149598696	0.7356219396	0.5566591456	1.666899088	-1.048886322	-3.03733367	-0.208093963	0.107387388	1.009352208	-1.260583651
8844.8469172715	304.7504587723597	78231316.98996715	92872.84212196372	7159.030799119016	112.95017141788412	12757.741223329409	51251721.98273465	7736.380872835017	179.00264812146358	59851589.00956751	32041.94803449652	7701.684858210143	9781.126672962342	2.68066	114.602303	1.2009659999999998	0.80488	0.0249657562	0.05220506900000002	0.015228958999999999	0.0186097957	-0.0361098973	-0.0210678308	0.0146744802	0.0429904867	0.0375402638	-0.0179322225	0.024324308700000002	-0.028821334100000002	0.0317323023	0.0591518086	-0.0179926421	0.023860715299999998	0.0295949171	0.033268839700000004	0.055944683200000005	0.0351302199	-0.0260978903	-0.0635961111	-0.0432686357	0.016401481000000002	0.0611583107	-0.133293	-0.002354999999999996	0.017767023849	5.546024999999981e-06	0.135965	-0.240833	0.05800053388900001	0.018486481225	1.43816	-0.13890000000000002	2.0683041856	0.01929321	0.00721589	-0.015096110000000003	0.0002278925371321001	5.20690684921e-05	0.014124	-1.0099999999999e-05	0.00019948737600000005	1.0200999999997978e-10	-0.00428606	-0.0012713500000000005	1.6163308225000013e-06	1.8370310323600006e-05	0.0	0.0	0.0	0.0	0.0	0.0	0.0	0.0	0.0	0.0	0.0	0.0	0.0	0.0	0.0	0.0	0.0	0.0	0.0	0.0	0.0	0.0	0.0	0.0	0.0	0.0	0.0	0.0	0.0	0.0	0.0	0.0	0.0	0.0	0.0	0.0	0.0	0.0	0.0	0.0	1.0	0.0	0.0	0.0	0.0	0.0	0.0	0.0	0.0	0.0	0.0	0.0	0.0	0.0	0.0	0.0	0.0	0.0	0.0	0.0	0.0	0.0	0.0	0.0	0.0	0.0	0.0	0.0	0.0	0.0	0.0	0.0	0.0	0.0	0.0	0.0	0.0	0.0	0.0	0.0	0.0	0.0	0.0	0.0	0.0	0.0	0.0	0.0	0.0	0.0	0.0	0.0	0.0	0.0	0.0	0.0	0.0	0.0	0.0	0.0	0.0	0.0	0.0	0.1735900176	0.3570921229	-0.8052667084	-1.355413494	1.146576548	0.004685421958	-0.5083048618	0.6184039114	1.39853643	1.150689217	-0.3591125877	-0.7910381565	0.1209292087	0.6181732873	0.3093717905	0.04113856837	0.2387717555	1.889218011	0.1163048534	1.660632262	-1.539375937	-0.08474801691	1.524368144	1.630574822	0.09616443504	-0.5313522563	-0.2722982717	-1.349152756	-1.335206678	-1.416661589	0.4382226292	-2.018911244	-0.3195501546	1.604478332
8748.053777969873	-96.79313930162607	76528444.90225297	9368.911815863989	7128.150677360372	-30.880121758643327	953.5819198286372	50810532.07915314	7662.791015953293	-73.58985688172379	58718366.1541745	5415.467035872591	7628.176048285495	9702.83689041373	1.378134	58.91732800000001	0.21622299999999967	0.168073	0.023584289300000002	0.020372603200000002	0.0245264925	0.0242418761	-0.0384483775	-0.0143196911	0.0049695895	0.021330544700000002	0.0432855612	0.0150194378	0.007538673199999998	0.0281865273	0.0233304734	0.016047933400000002	0.014934029	0.0076449013	-0.026580488700000002	0.026068775899999997	0.0212793732	0.0347775591	-0.026863348	-0.0637842209	-0.0420099483	0.0184224751	0.0619022754	-0.138159	-0.004866000000000009	0.019087909280999998	2.3677956000000087e-05	0.29857399999999995	0.16260899999999995	0.026441686880999984	0.08914643347599997	1.44074	0.002579999999999805	2.0757317476	6.656399999998992e-06	0.00659116	-0.0006247299999999996	3.9028757289999947e-07	4.3443390145600014e-05	0.0140075	-0.00011650000000000203	0.00019621005625	1.357225000000047e-08	-0.00410393	0.00018213	3.317133689999999e-08	1.6842241444900005e-05	0.0	0.0	0.0	0.0	0.0	0.0	0.0	0.0	0.0	0.0	0.0	0.0	0.0	0.0	0.0	0.0	0.0	0.0	0.0	0.0	0.0	0.0	0.0	0.0	0.0	0.0	0.0	0.0	0.0	0.0	0.0	0.0	0.0	0.0	0.0	0.0	0.0	0.0	0.0	0.0	0.0	0.0	0.0	0.0	0.0	0.0	0.0	0.0	0.0	0.0	0.0	0.0	0.0	0.0	0.0	0.0	0.0	0.0	0.0	0.0	0.0	0.0	0.0	0.0	0.0	0.0	0.0	0.0	0.0	0.0	0.0	0.0	0.0	0.0	0.0	0.0	0.0	0.0	0.0	0.0	0.0	0.0	0.0	0.0	0.0	0.0	0.0	0.0	0.0	0.0	0.0	0.0	0.0	0.0	0.0	0.0	0.0	0.0	0.0	0.0	0.0	0.0	0.0	0.04705706556	0.3521716644	-0.832888388	-1.31867879	-0.2459455337	0.103525335	0.4029852796	0.968695406	0.6282331048	-0.4579584014	0.3967599725	-0.6551026537	0.06134314659	0.4626764554	0.6746778712	0.003821870736	-0.09395277474	0.4481619548	-0.1878294134	0.4835550222	-0.3154119263	0.4315756522	0.5981234168	-0.24470294	0.6197687824	-0.5027696153	0.8023036479	-0.6776081924	-0.8915599371	-0.4239554224	0.4867791129	0.4508263197	-0.478505133	0.4235112292
8854.126671716584	106.07289374671019	78395559.11880298	11251.45878780087	7221.408230655751	93.25755329537878	8696.971246640414	52148736.83378263	7723.8686733545055	61.07765740121249	59658147.28322709	3730.4802336198873	7691.458213438391	10046.671598136489	0.878482	37.556431	0.2011499999999999	0.102095	0.0048349485	0.042846681399999996	0.017073881399999997	0.0092959604	-0.0100093377	-0.0320636823	-0.0196150803	0.0339631156	0.0250076463	-0.0157718781	0.0179221978	-0.0215710422	0.045344569	-0.0166625652	-0.016046733100000002	0.0178522623	0.0224052162	0.044483755599999994	-0.0155052623	0.0344234208	-0.027624241	-0.0639479444	-0.0407227078	0.0204239053	0.0625515817	-0.131711	0.006448000000000009	0.017347787521	4.1576704000000124e-05	0.232916	-0.06565799999999998	0.004310972963999996	0.054249863055999985	1.36422	-0.07651999999999992	1.8610962084	0.005855310399999988	0.00624011	-0.00035105000000000027	1.2323610250000025e-07	3.89389728121e-05	0.014394	0.00038650000000000137	0.000207187236	1.493822500000011e-07	-0.00441686	-0.00031292999999999946	9.792518489999967e-08	1.95086522596e-05	0.0	0.0	0.0	0.0	0.0	0.0	0.0	0.0	0.0	0.0	0.0	0.0	0.0	0.0	0.0	0.0	0.0	0.0	0.0	0.0	0.0	0.0	0.0	0.0	0.0	0.0	0.0	0.0	0.0	0.0	0.0	0.0	0.0	0.0	0.0	0.0	0.0	0.0	0.0	0.0	0.0	0.0	0.0	0.0	0.0	0.0	0.0	0.0	0.0	0.0	0.0	0.0	0.0	0.0	0.0	0.0	0.0	0.0	0.0	0.0	0.0	0.0	0.0	0.0	0.0	0.0	0.0	0.0	0.0	0.0	0.0	0.0	0.0	0.0	0.0	0.0	0.0	0.0	0.0	0.0	0.0	0.0	0.0	0.0	0.0	0.0	0.0	0.0	0.0	0.0	0.0	0.0	0.0	0.0	0.0	0.0	0.0	0.0	0.0	0.0	0.0	0.0	0.0	0.02694644282	0.553150896	-0.6466721345	-1.222099904	0.5906176026	0.3242255156	0.3323716298	1.149898078	1.059194205	0.9427827165	0.6797174693	-0.6664827348	0.08547363428	0.2322151299	0.6405486639	0.01879817036	-0.04345863763	1.123893427	0.1603828396	0.9602364649	-0.9873485353	-0.08504427567	1.181184918	0.8729027458	0.6952488686	-0.4592956977	0.3657591987	-1.116406137	1.167639648	-0.4870677793	0.5009255077	-0.6767754133	-0.1117619684	0.4682019736
8806.702102136227	-47.42456958035655	77558001.91577064	2249.08979988208	7190.84575610871	-30.56247454704135	934.0648504385504	51708262.68814664	7698.057127264785	-25.81154608972065	59260083.53463216	666.2359115417734	7663.083485716169	9745.307138415672	0.829617	35.467381	0.2921655	0.16148499999999996	0.018278518100000002	0.0320025544	0.0171170163	0.0166640753	-0.0117118938	-0.029397665	-0.0208741829	-0.0281458495	0.014106858500000001	-0.0002037478	-0.0044687838	0.0177455891	0.0266832658	-0.025399167099999998	2.715030000000001e-05	-0.0042063864000000005	-0.0185547178	0.0244084114	-0.0283418177	0.0340678202	-0.028380439900000002	-0.0640872188	-0.0394077892	0.022403646099999997	0.0631052366	-0.13020199999999998	0.0015090000000000105	0.016952560803999997	2.2770810000000312e-06	0.108456	-0.12446	0.015490291599999997	0.011762703936	1.42204	0.057819999999999976	2.0221977616	0.0033431523999999982	0.00810807	0.00186796	3.4892745616000006e-06	6.57407991249e-05	0.0145375	0.0001434999999999995	0.00021133890625	2.059224999999986e-08	-0.00457293	-0.00015607000000000034	2.4357844900000107e-08	2.0911688784900006e-05	0.0	0.0	0.0	0.0	0.0	0.0	0.0	0.0	0.0	0.0	0.0	0.0	0.0	0.0	0.0	0.0	0.0	0.0	0.0	0.0	0.0	0.0	0.0	0.0	0.0	0.0	0.0	0.0	0.0	0.0	0.0	0.0	0.0	0.0	0.0	0.0	0.0	0.0	0.0	0.0	0.0	0.0	0.0	0.0	0.0	0.0	0.0	0.0	0.0	0.0	0.0	0.0	0.0	0.0	0.0	0.0	0.0	0.0	0.0	0.0	0.0	0.0	0.0	0.0	0.0	0.0	0.0	0.0	0.0	0.0	0.0	0.0	0.0	0.0	0.0	0.0	0.0	0.0	0.0	0.0	0.0	0.0	0.0	0.0	0.0	0.0	0.0	0.0	0.0	0.0	0.0	0.0	0.0	0.0	0.0	0.0	0.0	0.0	0.0	0.0	0.0	0.0	0.0	0.1142300583	0.322261402	-0.8095263504	-1.339350279	-0.01726656293	-0.03971926438	0.5147043977	0.9192471482	0.4915388354	-0.332039404	0.4262481893	-0.5894344809	0.1266906365	0.5153182195	0.572196651	-0.1686641487	0.1558934393	0.3212305583	0.4790128839	0.4444190687	-0.5376854172	0.2480179636	0.5684360063	0.3167972975	0.6153062328	0.471522749	0.8384641334	-0.8084148894	1.294927305	-0.1044905994	1.082308854	-1.791700291	0.3296925506	-1.670655269
8858.387320927786	51.68521879155924	78471025.92757416	2671.361841531348	7239.708284678358	48.86252856964803	2387.546698219669	52413376.04724045	7716.480193421532	18.423066156747154	59544066.5754668	339.4093666158824	7682.205510345913	9923.421222322157	0.6197600000000001	26.495674	0.199235	0.110795	0.013549513300000001	0.0421939835	0.016329829599999998	0.0058783753000000005	0.0036093033	-0.043354616299999996	-0.0069934633	-0.0260642614	0.01941	-0.0106426252	0.009789410699999999	-0.007034299399999999	0.0396000093	-0.019361797	-0.010781009	0.0099807735	0.0060774093	0.0377558204	-0.0242560622	0.0337107723	-0.0291318163	-0.064201991	-0.038066086	0.0243595953	0.0635623935	-0.13963500000000004	-0.00943300000000005	0.01949793322500001	8.8981489000001e-05	0.19098	0.08252399999999999	0.0068102105759999965	0.0364733604	1.43796	0.015920000000000156	2.0677289616000003	0.00025344640000000496	0.00697285	-0.0011352200000000002	1.2887244484000003e-06	4.86206371225e-05	0.0149803	0.0004428000000000002	0.00022440938808999998	1.9607184000000007e-07	-0.00482207	-0.00024914000000000007	6.207073960000006e-08	2.32523590849e-05	0.0	0.0	0.0	0.0	0.0	0.0	0.0	0.0	0.0	0.0	0.0	0.0	0.0	0.0	0.0	0.0	0.0	0.0	0.0	0.0	0.0	0.0	0.0	0.0	0.0	0.0	0.0	0.0	0.0	0.0	0.0	0.0	0.0	0.0	0.0	0.0	0.0	0.0	0.0	0.0	0.0	0.0	0.0	0.0	0.0	0.0	0.0	0.0	0.0	0.0	0.0	0.0	0.0	0.0	0.0	0.0	0.0	0.0	0.0	0.0	0.0	0.0	0.0	0.0	0.0	0.0	0.0	0.0	0.0	0.0	0.0	0.0	0.0	0.0	0.0	0.0	0.0	0.0	0.0	0.0	0.0	0.0	0.0	0.0	0.0	0.0	0.0	0.0	0.0	0.0	0.0	0.0	0.0	0.0	0.0	0.0	0.0	0.0	0.0	0.0	0.0	0.0	0.0	0.03415909699	0.4552774908	-0.7575374238	-1.337338929	0.5878062059	0.1555070456	0.2154693077	1.041333389	0.8727159294	0.5423508201	0.4118772531	-0.716496679	0.1420289956	0.6290243854	0.5727518168	-0.2076372007	0.2291017661	0.8878232709	0.9674642781	0.7090369466	-0.7096547678	0.2451209867	1.136868469	0.7112306542	0.6547013073	1.309885993	0.9276960167	-0.826349513	0.8922823122	-0.4809095494	0.4352104282	-1.683812626	0.3318856357	-1.262146822
8815.05289658454	-43.33442434324571	77705157.56958349	1877.8723331604856	7230.336868870511	-9.37141580784646	87.82343424355453	52277771.23734823	7693.768343485614	-22.711849935917602	59194071.32322138	515.8281275116402	7658.873141236098	9995.924946235116	0.654013	27.960066	0.1781185	0.104186	0.013834370700000001	0.0348671567	0.0227216531	0.006772590500000001	-0.0018601779999999999	-0.0396145917	0.008163088800000001	-0.07628992650000001	0.037062301299999996	-0.0001321778	-0.006296365799999999	0.0218815513	0.0230059924	-0.022775107599999997	-4.74554e-05	-0.0058739424	-0.023113101400000002	0.0220829295	-0.0264156541	0.033352292400000004	-0.0298782424	-0.064292217	-0.0366985103	0.0262896756	0.06392235339999999	-0.122968	0.016667000000000032	0.015121129024000004	0.00027778888900000095	0.27870300000000003	0.08772300000000005	0.00769532472900001	0.07767536220900002	1.45606	0.0181	2.1201107236000003	0.0003276100000000002	0.0062095	-0.0007633500000000003	5.827032225000005e-07	3.855789025e-05	0.014686	-0.00029429999999999913	0.000215678596	8.661248999999947e-08	-0.00487699	-5.491999999999997e-05	3.016206399999997e-09	2.3785031460100004e-05	0.0	0.0	0.0	0.0	0.0	0.0	0.0	0.0	0.0	0.0	0.0	0.0	0.0	0.0	0.0	0.0	0.0	0.0	0.0	0.0	0.0	0.0	0.0	0.0	0.0	0.0	0.0	0.0	0.0	0.0	0.0	0.0	0.0	0.0	0.0	0.0	0.0	0.0	0.0	0.0	0.0	0.0	0.0	0.0	0.0	0.0	0.0	0.0	0.0	0.0	0.0	0.0	0.0	0.0	0.0	0.0	0.0	0.0	0.0	0.0	0.0	0.0	0.0	0.0	0.0	0.0	0.0	0.0	0.0	0.0	0.0	0.0	0.0	0.0	0.0	0.0	0.0	0.0	0.0	0.0	0.0	0.0	0.0	0.0	0.0	0.0	0.0	0.0	0.0	0.0	0.0	0.0	0.0	0.0	0.0	0.0	0.0	0.0	0.0	0.0	0.0	0.0	0.0	-0.005420879364	0.3663480757	-0.8143384764	-1.349326677	0.03546406271	0.38002449	0.7255217359	1.152367198	0.6992488773	-0.7393205004	0.3896752327	-0.7577973795	0.374206804	0.6238656158	0.696533784	0.06501942158	-0.04004913398	0.3874322229	1.22660219	0.363367351	-0.103032983	0.3149867123	0.7588662543	0.5609354522	0.9131057337	1.852328488	0.9975195131	-0.6532130874	0.6954448959	-0.05148121723	0.7536592789	-0.06867618434	0.5563941438	-1.347899958
8828.975377084556	13.922480500015807	77950806.20916538	193.8354632733204	7273.2572743517285	42.92040548121713	1842.1612066720936	52900271.37891033	7716.850523561814	23.082180076199624	59549782.00299624	532.7870370701066	7683.202522886311	10004.2919260223	0.637258	27.243773	0.22687949999999985	0.154126	0.014895316399999999	0.0427988827	0.0229858172	0.0074009146	0.0080394148	-0.0392396179	0.027046800699999998	-0.028751919700000007	0.0305594764	-0.0132533227	0.0124471515	-0.0020121195000000003	0.0315844613	-0.0111471924	-0.0134591185	0.012464641499999998	0.0019717906	0.031734009199999996	-0.011676079399999999	0.0329923955	-0.0306195914	-0.0643578625	-0.0353059916	0.0281918373	0.0641845658	-0.119377	0.003591000000000011	0.014250868129	1.2895281000000078e-05	0.163098	-0.11560500000000005	0.013364516025000007	0.026600957604	1.44107	-0.014990000000000059	2.0766827449000003	0.00022470010000000176	0.00793979	0.0017302900000000006	2.9939034841000017e-06	6.30402652441e-05	0.0147415	5.549999999999825e-05	0.00021731182225	3.080249999999807e-09	-0.00494507	-6.807999999999988e-05	4.634886399999984e-09	2.44537173049e-05	0.0	0.0	0.0	0.0	0.0	0.0	0.0	0.0	0.0	0.0	0.0	0.0	0.0	0.0	0.0	0.0	0.0	0.0	0.0	0.0	0.0	0.0	0.0	0.0	0.0	0.0	0.0	0.0	0.0	0.0	0.0	0.0	0.0	0.0	0.0	0.0	0.0	0.0	0.0	0.0	0.0	0.0	0.0	0.0	0.0	0.0	0.0	0.0	0.0	0.0	0.0	0.0	0.0	0.0	0.0	0.0	0.0	0.0	0.0	0.0	0.0	0.0	0.0	0.0	0.0	0.0	0.0	0.0	0.0	0.0	0.0	0.0	0.0	0.0	0.0	0.0	0.0	0.0	0.0	0.0	0.0	0.0	0.0	0.0	0.0	0.0	0.0	0.0	0.0	0.0	0.0	0.0	0.0	0.0	0.0	0.0	0.0	0.0	0.0	0.0	0.0	0.0	0.0	0.05213861217	0.3814649689	-0.85297394	-1.409816491	0.5542709078	0.2006634467	0.5695217136	0.9876361891	0.8205679459	0.3691980855	0.2766508943	-0.8788450187	0.2978465038	0.5587726739	0.5018294884	0.0247483077	0.3431846182	0.6411503741	1.574520145	0.3625905923	-0.4156538552	-0.05082884998	1.115410172	0.8300598273	0.7743122177	1.382309182	0.8364157143	-0.8587291676	-0.3928358223	-0.5280262105	0.1840308514	0.2210888736	0.1768794704	-0.5209517
8782.655129211356	-46.32024787320007	77135031.11866255	2145.5653630346947	7229.544922394448	-43.712351957280596	1910.769713637172	52266319.78491934	7696.191016456676	-20.65950710513789	59231356.16178845	426.815233827243	7662.288748818882	9856.871456087432	0.570314	24.381813	0.10512549999999993	0.0547344	0.0164318628	0.0321285284	0.025877679900000002	0.0135913302	-0.0036274851	-0.024872112400000004	0.0427273517	-0.021409446699999998	0.043402126500000006	-0.0014495018	-0.0071386732999999996	0.0190300229	0.0246439408	-0.0065239625	-0.0018324495999999999	-0.006935124599999999	-0.0181021413	0.0268664597	-0.0016313378	0.0326310971	-0.0313557373	-0.0643989022	-0.033889476200000004	0.0300640605	0.0643486298	-0.12708100000000006	-0.007704000000000058	0.016149580561000014	5.93516160000009e-05	0.206997	0.043899	0.0019271222009999997	0.042847758009	1.45851	0.0174399999999999	2.1272514201	0.0003041535999999965	0.007631609999999999	-0.00030818000000000165	9.4974912400001e-08	5.824147119209997e-05	0.015016899999999996	0.00027539999999999856	0.00022550728560999996	7.58451599999992e-08	-0.00508314	-0.00013806999999999969	1.9063324899999917e-08	2.58383122596e-05	0.0	0.0	0.0	0.0	0.0	0.0	0.0	0.0	0.0	0.0	0.0	0.0	0.0	0.0	0.0	0.0	0.0	0.0	0.0	0.0	0.0	0.0	0.0	0.0	0.0	0.0	0.0	0.0	0.0	0.0	0.0	0.0	0.0	0.0	0.0	0.0	0.0	0.0	0.0	0.0	0.0	0.0	0.0	0.0	0.0	0.0	0.0	0.0	0.0	0.0	0.0	0.0	0.0	0.0	0.0	0.0	0.0	0.0	0.0	0.0	0.0	0.0	0.0	0.0	0.0	0.0	0.0	0.0	0.0	0.0	0.0	0.0	0.0	0.0	0.0	0.0	0.0	0.0	0.0	0.0	0.0	0.0	0.0	0.0	0.0	0.0	0.0	0.0	0.0	0.0	0.0	0.0	0.0	0.0	0.0	0.0	0.0	0.0	0.0	0.0	0.0	0.0	0.0	-0.003258693938	0.331860911	-0.8914000672	-1.419537475	0.02515619137	0.07657252789	0.3914248524	0.9600485317	0.674601439	-0.7328431269	0.2672302302	-0.7913859548	0.2217055278	0.6531853797	0.4890119651	0.01730486292	0.08203406355	0.2677924892	1.147969788	0.2446409921	-0.4278809142	0.3996860309	0.7631203037	0.5954525874	0.6145759013	0.4564321679	0.9710158967	-0.8965387017	-1.456746184	-0.2372936831	0.4694743239	0.2350983369	0.00788394707	-0.09672600881
8821.240382033191	38.58525282183473	77814281.87761308	1488.8217353249051	7263.278398229721	33.733475835272664	1137.9473919289242	52755213.09019049	7707.665714142516	11.474697685839601	59408110.76096806	131.6686869814127	7675.403485390932	9923.628166653514	0.591757	25.298494	0.1878295	0.117182	0.0161905189	0.0366523962	0.0252830725	0.014678333200000001	2.491760000000001e-05	-0.029524494100000007	0.0396662887	0.0119671739	0.042579802400000005	-0.0100794962	0.0136601965	-0.0097267467	0.0333232301	0.0011256814	-0.0106657526	0.013927415600000001	0.010970273999999999	0.0350638112	0.0053017169	0.0322684125	-0.0320865551	-0.06441532059999999	-0.0324499271	0.031904357	0.0644142944	-0.12410999999999997	0.0029710000000000712	0.015403292099999997	8.826841000000419e-06	0.29004	0.08304300000000002	0.0068961398490000065	0.08412320160000003	1.48061	0.02210000000000001	2.1922059721	0.0004884100000000004	0.00633793	-0.0012936799999999984	1.673607942399996e-06	4.01693566849e-05	0.0148096	-0.00020729999999999707	0.00021932425216000004	4.297328999999879e-08	-0.00498981	9.332999999999998e-05	8.710488899999995e-09	2.48982038361e-05	0.0	0.0	0.0	0.0	0.0	0.0	0.0	0.0	0.0	0.0	0.0	0.0	0.0	0.0	0.0	0.0	0.0	0.0	0.0	0.0	0.0	0.0	0.0	0.0	0.0	0.0	0.0	0.0	0.0	0.0	0.0	0.0	0.0	0.0	0.0	0.0	0.0	0.0	0.0	0.0	0.0	0.0	0.0	0.0	0.0	0.0	0.0	0.0	0.0	0.0	0.0	0.0	0.0	0.0	0.0	0.0	0.0	0.0	0.0	0.0	0.0	0.0	0.0	0.0	0.0	0.0	0.0	0.0	0.0	0.0	0.0	0.0	0.0	0.0	0.0	0.0	0.0	0.0	0.0	0.0	0.0	0.0	0.0	0.0	0.0	0.0	0.0	0.0	0.0	0.0	0.0	0.0	0.0	0.0	0.0	0.0	0.0	0.0	0.0	0.0	0.0	0.0	0.0	-0.06540586512	0.4806367235	-0.8636246049	-1.388132151	0.5173843288	0.4080518158	0.4690692439	1.164172128	0.9186002001	0.4759004119	0.5103457363	-0.930183406	0.242491516	0.5149602084	0.5725296023	0.09038401703	-0.09163452067	0.5916316178	0.7068290368	0.3987026308	-0.4782433341	0.2699104521	1.172460873	0.6262301091	0.6813952914	0.2561525575	0.8330913497	-1.046262792	-0.6636161862	-0.474626547	0.4912257371	0.9724974318	-0.102225768	0.6691838796
8792.223840360874	-29.016541672317548	77303200.05901009	841.9596906213408	7231.6305523811525	-31.64784584856807	1001.5861468547273	52296480.44613253	7694.464820660052	-13.200893482463472	59204788.87637513	174.26358873534653	7661.329505860231	9854.872033655338	0.64666	27.645695	0.31930650000000016	0.198641	0.0076653921	0.0290074717	0.0263403642	0.0197477398	-0.0100326828	-0.017904462700000002	0.0123960744	0.0024212552	0.031045065400000002	-0.0018890948	0.0004343027	0.0044304524	0.0234155986	-0.0147645932	-0.0020433256	0.0004464130000000001	-0.0033200784000000003	0.023950987400000002	-0.009871785	0.031904357	-0.0328119206	-0.0644071112	-0.030988322599999996	0.0337107723	0.0643814593	-0.125369	-0.001259000000000024	0.015717386161	1.5850810000000603e-06	0.12328	-0.16676000000000002	0.02780889760000001	0.015197958400000001	1.4163	-0.06431000000000009	2.00590569	0.004135776100000012	0.00740247	0.00106454	1.1332454116e-06	5.4796562100900014e-05	0.0154516	0.0006419999999999986	0.00023875194256	4.1216399999999816e-07	-0.00502282	-3.300999999999999e-05	1.0896600999999991e-09	2.52287207524e-05	0.0	0.0	0.0	0.0	0.0	0.0	0.0	0.0	0.0	0.0	0.0	0.0	0.0	0.0	0.0	0.0	0.0	0.0	0.0	0.0	0.0	0.0	0.0	0.0	0.0	0.0	0.0	0.0	0.0	0.0	0.0	0.0	0.0	0.0	0.0	0.0	0.0	0.0	0.0	0.0	0.0	0.0	0.0	0.0	0.0	0.0	0.0	0.0	0.0	0.0	0.0	0.0	0.0	0.0	0.0	0.0	0.0	0.0	0.0	0.0	0.0	0.0	0.0	0.0	0.0	0.0	0.0	0.0	0.0	0.0	0.0	0.0	0.0	0.0	0.0	0.0	0.0	0.0	0.0	0.0	0.0	0.0	0.0	0.0	0.0	0.0	0.0	0.0	0.0	0.0	0.0	0.0	0.0	0.0	0.0	0.0	0.0	0.0	0.0	0.0	0.0	0.0	0.0	0.03870387986	0.3338917361	-0.8189057155	-1.471666405	0.04139786941	0.06617601162	0.6095909864	0.967124403	0.5984357339	-0.4036382703	0.4281083237	-0.7217913607	0.1521525164	0.5499397525	0.4586601886	0.015431372	0.1074531644	0.1704179695	0.5519439237	0.4090756352	-0.5482778502	0.3412196351	0.764229188	0.4958889792	0.6702111746	-0.8235009732	0.5690398492	-1.112832889	0.6695571788	-0.1884876813	0.9936525587	0.3940192102	-0.1252829529	0.06632582958
8825.074696506059	32.85085614518539	77881943.3989115	1079.1787494716646	7235.575783847241	3.945231466088444	15.564851321014373	52353556.92379662	7713.995181423515	19.53036076346234	59505721.65902521	381.4349915509893	7680.751308110176	9888.9929957924	0.530151	22.664751000000006	0.10650149999999982	0.0733718	0.0059295243999999995	0.0325607471	0.0236117333	0.0198647039	-0.0085234327	-0.0281284313	0.0003607012	0.033631721	0.019778838	-0.012202660700000001	0.0098970764	-0.013351410900000001	0.0371762807	-0.0094233812	-0.012295313600000001	0.0098556053	0.013978158899999999	0.0365323951	-0.0086109951	0.0315389461	-0.0335317104	-0.0643742773	-0.029505656	0.0354813883	0.0642501747	-0.12287600000000005	0.0024929999999999536	0.015098511376000013	6.2150489999997676e-06	0.191916	0.068636	0.004710900496	0.036831751056	1.41396	-0.002339999999999787	1.9992828816000003	5.475599999999002e-06	0.00720899	-0.0001934800000000002	3.7434510400000086e-08	5.19695368201e-05	0.0150029	-0.0004486999999999998	0.00022508700840999997	2.0133168999999982e-07	-0.00500435	1.84699999999996e-05	3.411408999999852e-10	2.5043518922500006e-05	0.0	0.0	0.0	0.0	0.0	0.0	0.0	0.0	0.0	0.0	0.0	0.0	0.0	0.0	0.0	0.0	0.0	0.0	0.0	0.0	0.0	0.0	0.0	0.0	0.0	0.0	0.0	0.0	0.0	0.0	0.0	0.0	0.0	0.0	0.0	0.0	0.0	0.0	0.0	0.0	0.0	0.0	0.0	0.0	0.0	0.0	0.0	0.0	0.0	0.0	0.0	0.0	0.0	0.0	0.0	0.0	0.0	0.0	0.0	0.0	0.0	0.0	0.0	0.0	0.0	0.0	0.0	0.0	0.0	0.0	0.0	0.0	0.0	0.0	0.0	0.0	0.0	0.0	0.0	0.0	0.0	0.0	0.0	0.0	0.0	0.0	0.0	0.0	0.0	0.0	0.0	0.0	0.0	0.0	0.0	0.0	0.0	0.0	0.0	0.0	0.0	0.0	0.0	-0.01054174494	0.4392204788	-0.7518450091	-1.435900337	0.4984848901	0.1337282496	0.2136439577	1.064520473	0.7932708791	0.615605609	0.5273656482	-0.8586272019	0.1018429358	0.5837892212	0.4580333462	-0.04726817238	-0.01809386725	0.6530801083	0.421305385	0.3977128231	-0.8264000792	0.3067726071	1.142495594	0.5511803894	0.5677855334	-1.109987375	0.6411824956	-1.261171744	1.30538602	-0.5511931974	0.4612540967	-0.6250111013	-0.3364883468	-0.4498543803
8806.924447465746	-18.1502490403127	77561918.22336984	329.43154022537215	7220.167682014628	-15.408101832613285	237.4096020841808	52130821.35640848	7689.166005666776	-24.829175756738554	59123273.86270157	616.4879687590134	7655.8103529105165	9891.187914092641	0.5409109999999999	23.124769	0.17967049999999998	0.110025	0.009771393199999999	0.0286764696	0.0234190971	0.0206451044	-0.0106908582	-0.0272149185	-0.0174374604	-0.0233176696	0.0256006092	0.0001894482	-0.0027912269	-4.43548e-05	0.0289123269	-0.0339462056	0.0002764114	-0.0026919240999999997	-0.0003489958	0.027539027	-0.0347712312	0.0311721955	-0.034245802400000004	-0.0643168315	-0.028002935299999997	0.0372143245	0.0640206412	-0.12598100000000004	-0.0031049999999999828	0.01587121236100001	9.641024999999893e-06	0.27776	0.085844	0.007369192336	0.0771506176	1.45242	0.03845999999999994	2.1095238564	0.0014791715999999953	0.00639376	-0.0008152300000000001	6.645999529000002e-07	4.08801669376e-05	0.0152036	0.00020069999999999984	0.00023114945296	4.028048999999993e-08	-0.00497505	2.930000000000033e-05	8.584900000000195e-10	2.47511225025e-05	0.0	0.0	0.0	0.0	0.0	0.0	0.0	0.0	0.0	0.0	0.0	0.0	0.0	0.0	0.0	0.0	0.0	0.0	0.0	0.0	0.0	0.0	0.0	0.0	0.0	0.0	0.0	0.0	0.0	0.0	0.0	0.0	0.0	0.0	0.0	0.0	0.0	0.0	0.0	0.0	0.0	0.0	0.0	0.0	0.0	0.0	0.0	0.0	0.0	0.0	0.0	0.0	0.0	0.0	0.0	0.0	0.0	0.0	0.0	0.0	0.0	0.0	0.0	0.0	0.0	0.0	0.0	0.0	0.0	0.0	0.0	0.0	0.0	0.0	0.0	0.0	0.0	0.0	0.0	0.0	0.0	0.0	0.0	0.0	0.0	0.0	0.0	0.0	0.0	0.0	0.0	0.0	0.0	0.0	0.0	0.0	0.0	0.0	0.0	0.0	0.0	0.0	0.0	-0.03101417826	0.4090190693	-0.8147686052	-1.402528032	0.04054252172	0.3280139303	0.5976032523	1.109949017	0.6288548832	-0.3826213143	0.5962382009	-0.7993226098	0.2892806998	0.5410764766	0.6024381454	0.1406028393	-0.149539879	0.3260368952	0.4408754101	0.4927883246	-0.415201429	0.4449107679	0.8604038392	0.7118844755	0.7449827648	-0.07502319725	0.6129521191	-1.066122376	1.79669895	-0.08205508565	0.9857475683	-0.3535070127	0.1755727643	-0.9338518977
8827.318344588291	20.393897122545237	77921549.15670498	415.911039844959	7261.011225274267	40.84354325963977	1668.1950260020653	52722284.01355892	7715.952498616792	26.786492950015603	59535922.96091071	717.5162045612353	7681.8532939513025	9867.825411946533	0.585766	25.042412	0.2862500000000001	0.189848	0.0074521890000000006	0.0310964414	0.0205186544	0.0179373924	0.0088283325	-0.0380714531	-0.0270468132	-0.0185817598	0.0199571121	-0.014050387	0.0094175373	-0.0026676762	0.0200041171	-0.0275989058	-0.013841984	0.0094600664	0.0015819337	0.018078571499999998	-0.031174988100000002	0.030804120499999997	-0.034954075099999996	-0.06423479559999999	-0.0264811816	0.0389077407	0.0636932101	-0.12617500000000004	-0.00019399999999999973	0.015920130625000008	3.763599999999989e-08	0.131305	-0.146455	0.021449067025	0.017241003025	1.41494	-0.03748000000000018	2.0020552035999994	0.0014047504000000135	0.0082412	0.0018474400000000003	3.4130345536000018e-06	6.791737744000001e-05	0.0152549	5.1300000000000644e-05	0.00023271197401	2.6316900000000666e-09	-0.00511873	-0.0001436800000000002	2.0643942400000057e-08	2.62013968129e-05	0.0	0.0	0.0	0.0	0.0	0.0	0.0	0.0	0.0	0.0	0.0	0.0	0.0	0.0	0.0	0.0	0.0	0.0	0.0	0.0	0.0	0.0	0.0	0.0	0.0	0.0	0.0	0.0	0.0	0.0	0.0	0.0	0.0	0.0	0.0	0.0	0.0	0.0	0.0	0.0	0.0	0.0	0.0	0.0	0.0	0.0	0.0	0.0	0.0	0.0	0.0	0.0	0.0	0.0	0.0	0.0	0.0	0.0	0.0	0.0	0.0	0.0	0.0	0.0	0.0	0.0	0.0	0.0	0.0	0.0	0.0	0.0	0.0	0.0	0.0	0.0	0.0	0.0	0.0	0.0	0.0	0.0	0.0	0.0	0.0	0.0	0.0	0.0	0.0	0.0	0.0	0.0	0.0	0.0	0.0	0.0	0.0	0.0	0.0	0.0	0.0	0.0	0.0	0.1107992402	0.3778108958	-0.7634812472	-1.495607339	0.4850597852	0.1472373156	0.4548223866	0.9741105612	0.5867543515	0.4250603817	0.3955977814	-0.9148697537	0.163223512	0.6917462045	0.4451776116	0.01997909243	0.2969996514	0.5189695865	0.5861900468	0.3884001957	-0.5893550235	0.1025437583	1.048228184	0.6014560535	0.6454224005	0.856451821	0.6141028642	-1.129212318	1.404977412	-0.4529132262	0.5751363165	-1.453635618	0.2202125945	-1.520465984
8796.948890753509	-30.36945383478269	77386309.78652939	922.3037262229968	7218.586637196642	-42.42458807762522	1799.8456735561808	52107993.03871393	7696.049158497275	-19.903340119516546	59229172.65000662	396.14294791315683	7661.325800314794	9810.493881366723	0.5386529999999999	23.02825	0.220417	0.13	0.0129867623	0.0265222871	0.0233601113	0.0179267733	-0.0021975748	-0.0348577425	-0.0003976139	-0.05968735150000001	0.0356399514	-0.0003815075	-0.0055683009	0.0123658295	0.028009837000000003	-0.0191421169	-0.00046282699999999996	-0.0053108977	-0.0133815101	0.026827186200000002	-0.0231543827	0.030434737000000007	-0.035656408199999996	-0.064128201	-0.0249414294	0.0405598385	0.0632683818	-0.130104	-0.00392899999999996	0.016927050816	1.543704099999969e-05	0.229946	0.09864099999999999	0.009730046881	0.052875162916000015	1.46394	0.04900000000000016	2.1431203236000003	0.0024010000000000147	0.007326639999999999	-0.0009145600000000018	8.364199936000031e-07	5.367965368959998e-05	0.014885399999999997	-0.00036950000000000177	0.00022157513316	1.3653025000000132e-07	-0.00502585	9.288000000000003e-05	8.626694400000009e-09	2.52591682225e-05	0.0	0.0	0.0	0.0	0.0	0.0	0.0	0.0	0.0	0.0	0.0	0.0	0.0	0.0	0.0	0.0	0.0	0.0	0.0	0.0	0.0	0.0	0.0	0.0	0.0	0.0	0.0	0.0	0.0	0.0	0.0	0.0	0.0	0.0	0.0	0.0	0.0	0.0	0.0	0.0	0.0	0.0	0.0	0.0	0.0	0.0	0.0	0.0	0.0	0.0	0.0	0.0	0.0	0.0	0.0	0.0	0.0	0.0	0.0	0.0	0.0	0.0	0.0	0.0	0.0	0.0	0.0	0.0	0.0	0.0	0.0	0.0	0.0	0.0	0.0	0.0	0.0	0.0	0.0	0.0	0.0	0.0	0.0	0.0	0.0	0.0	0.0	0.0	0.0	0.0	0.0	0.0	0.0	0.0	0.0	0.0	0.0	0.0	0.0	0.0	0.0	0.0	0.0	0.003346876282	0.3846020453	-0.8034317593	-1.471739737	0.1096045279	0.229505908	0.4005245888	1.086179631	0.6608806473	-0.5848248061	0.3523789301	-0.8559030515	0.2084768237	0.88586488	0.5435535051	0.09725753243	0.1193121487	0.3608469613	0.609017528	0.3215899786	-0.4720970117	0.4895140584	0.8733263586	0.6437967886	0.6796222318	1.307768338	0.7995019993	-1.018616502	0.306625112	-0.2926440773	0.6331353511	-1.110017501	0.1501713201	-1.69621371
8828.791563087454	31.842672333945302	77947560.4644442	1013.9557813670057	7272.045511968085	53.458874771442424	2857.8512918287634	52882645.92813517	7709.9812474612	13.932088963924796	59443810.83620336	194.10310289871518	7676.293172450152	10032.443636440423	0.586879	25.089962	0.12401600000000003	0.06288730000000001	0.0012667122	0.0293684352	0.027796691600000003	0.0121754007	0.0122741975	-0.0373623581	0.0232747199	-0.0376449686	0.0390978544	-0.0109797223	0.0124603249	0.0077515976	0.0218389567	-0.013377718899999998	-0.0110965581	0.0126172908	-0.00827221	0.0217675787	-0.0144012702	0.0300640605	-0.0363526824	-0.0639970885	-0.023384725099999996	0.042168863499999994	0.0627468061	-0.128243	0.001861000000000001	0.016446267049	3.4633210000000062e-06	0.265021	0.035074999999999995	0.0012302556249999994	0.07023613044100001	1.41283	-0.05110999999999999	1.9960886088999998	0.0026122320999999987	0.00670659	-0.0006200499999999987	3.844620024999984e-07	4.49783494281e-05	0.0148308	-5.45999999999984e-05	0.00021995262864	2.9811599999998247e-09	-0.0049811000000000005	4.474999999999965e-05	2.0025624999999687e-09	2.4811357210000007e-05	0.0	0.0	0.0	0.0	0.0	0.0	0.0	0.0	0.0	0.0	0.0	0.0	0.0	0.0	0.0	0.0	0.0	0.0	0.0	0.0	0.0	0.0	0.0	0.0	0.0	0.0	0.0	0.0	0.0	0.0	0.0	0.0	0.0	0.0	0.0	0.0	0.0	0.0	0.0	0.0	0.0	0.0	0.0	0.0	0.0	0.0	0.0	0.0	0.0	0.0	0.0	0.0	0.0	0.0	0.0	0.0	0.0	0.0	0.0	0.0	0.0	0.0	0.0	0.0	0.0	0.0	0.0	0.0	0.0	0.0	0.0	0.0	0.0	0.0	0.0	0.0	0.0	0.0	0.0	0.0	0.0	0.0	0.0	0.0	0.0	0.0	0.0	0.0	0.0	0.0	0.0	0.0	0.0	0.0	0.0	0.0	0.0	0.0	0.0	0.0	0.0	0.0	0.0	0.02258874588	0.5122006134	-0.6956628354	-1.454677951	0.4906427136	0.4304276993	0.3855338824	1.214516631	0.8548056156	0.2768115272	0.462087346	-0.9583763209	0.1655742437	0.9256003689	0.5357703418	0.09820610153	0.03566817443	0.5426752766	0.5350673745	0.2616813539	-0.3629709028	0.2314815188	1.185486469	0.8051735003	0.8070942193	1.490380546	0.7247192722	-0.9646440635	-0.02216615568	-0.4038632435	0.1758176744	0.2324431303	0.1308244369	-0.7479587493
8798.438382666485	-30.353180420968787	77412517.97357884	921.3155616678827	7239.355574197973	-32.68993777011202	1068.6320314137959	52408269.12967126	7707.541640038448	-2.4396074227515783	59406198.13292658	5.9516843771445975	7673.179192371685	9980.54020570949	0.6350140000000001	27.147829	0.242384	0.160651	-0.0048228753000000004	0.019483139	0.0344025617	0.015320651599999999	-0.0021043404000000003	-0.0266647456	0.0277764629	-0.0229637071	0.0374440608	-0.0077279135	-0.0051789235999999995	0.014093318200000001	0.0196445747	-0.0050900878	-0.0078272828	-0.0051117877	-0.013842975700000001	0.0212707683	-0.0019661994	0.0296921069	-0.0370427793	-0.0638415083	-0.0218121268	0.043733106900000006	0.062129280499999995	-0.128848	-0.0006049999999999943	0.016601807103999996	3.660249999999933e-07	0.122476	-0.142545	0.020319077025	0.015000370576	1.36498	-0.04785000000000017	1.8631704004	0.0022896225000000165	0.00741271	0.0007061200000000003	4.986054544000003e-07	5.49482695441e-05	0.0150642	0.00023339999999999995	0.00022693012164	5.447555999999996e-08	-0.00506926	-8.815999999999945e-05	7.772185599999905e-09	2.56973969476e-05	0.0	0.0	0.0	0.0	0.0	0.0	0.0	0.0	0.0	0.0	0.0	0.0	0.0	0.0	0.0	0.0	0.0	0.0	0.0	0.0	0.0	0.0	0.0	0.0	0.0	0.0	0.0	0.0	0.0	0.0	0.0	0.0	0.0	0.0	0.0	0.0	0.0	0.0	0.0	0.0	0.0	0.0	0.0	0.0	0.0	0.0	0.0	0.0	0.0	0.0	0.0	0.0	0.0	0.0	0.0	0.0	0.0	0.0	0.0	0.0	0.0	0.0	0.0	0.0	0.0	0.0	0.0	0.0	0.0	0.0	0.0	0.0	0.0	0.0	0.0	0.0	0.0	0.0	0.0	0.0	0.0	0.0	0.0	0.0	0.0	0.0	0.0	0.0	0.0	0.0	0.0	0.0	0.0	0.0	0.0	0.0	0.0	0.0	0.0	0.0	0.0	0.0	0.0	0.07929703746	0.3581518958	-0.6523636245	-1.471364241	0.1144720785	0.01251607503	0.5308801604	0.988830198	0.6199723304	-0.4617656041	0.2700955892	-0.8492722523	-0.006537645571	0.9703154443	0.4284259264	0.06711481918	0.07769267265	0.073180959	0.7071092186	0.1904478263	-0.3143893424	0.3109837925	0.7828013762	0.5043168467	0.8077260187	0.3265345601	0.553832826	-0.9892457053	-0.879447629	0.05397460068	0.8887054587	0.230344257	0.003616708701	0.1982873845
8815.94334186256	17.504959196074196	77720857.0069308	306.4235964562226	7263.029182076962	23.673607878989056	560.4397100081328	52751592.89970154	7715.975459325799	8.43381928735107	59536277.28891798	71.12930777169494	7682.4872733407865	9848.900251421874	0.617039	26.379368	0.2327029999999999	0.155445	0.006112996	0.0232853588	0.0294825983	0.0233990975	-0.0015532628	-0.026397618199999997	0.0270875252	0.0380544343	0.0377913368	-0.0122438473	0.008809272	-0.0035838035999999998	0.028084975699999997	0.006991494	-0.0125662218	0.0088581636	0.0048519714	0.0298926285	0.011681728899999999	0.0293188918	-0.0377265816	-0.06366151980000001	-0.020224703400000002	0.0452509076	0.0614167493	-0.129524	-0.0006760000000000098	0.016776466576	4.5697600000001345e-07	0.25703400000000004	0.13455800000000004	0.018105855364000008	0.06606647715600003	1.43031	0.06533000000000011	2.0457866961	0.004268008900000014	0.00700403	-0.0004086800000000007	1.6701934240000055e-07	4.90564362409e-05	0.014830100000000002	-0.0002340999999999975	0.0002199318660100001	5.480280999999883e-08	-0.00506926	0.0	0.0	2.56973969476e-05	0.0	0.0	0.0	0.0	0.0	0.0	0.0	0.0	0.0	0.0	0.0	0.0	0.0	0.0	0.0	0.0	0.0	0.0	0.0	0.0	0.0	0.0	0.0	0.0	0.0	0.0	0.0	0.0	0.0	0.0	0.0	0.0	0.0	0.0	0.0	0.0	0.0	0.0	0.0	0.0	0.0	0.0	0.0	0.0	0.0	0.0	0.0	0.0	0.0	0.0	0.0	0.0	0.0	0.0	0.0	0.0	0.0	0.0	0.0	0.0	0.0	0.0	0.0	0.0	0.0	0.0	0.0	0.0	0.0	0.0	0.0	0.0	0.0	0.0	0.0	0.0	0.0	0.0	0.0	0.0	0.0	0.0	0.0	0.0	0.0	0.0	0.0	0.0	0.0	0.0	0.0	0.0	0.0	0.0	0.0	0.0	0.0	0.0	0.0	0.0	0.0	0.0	0.0	-0.06758696564	0.4876514039	-0.76323569	-1.443213121	0.5609880766	0.2585006735	0.3276080496	1.05981101	0.6628847718	0.4896208087	0.5189816078	-0.9618805647	-0.007041275133	0.7614768998	0.5176898222	-0.01784241513	0.05248666335	0.6295040493	0.3105843083	0.2800151531	-0.6269499424	0.3419761484	1.090445333	0.432603517	0.602096524	-0.7581965962	0.6549832655	-1.141186857	-0.6588870554	-0.2415914358	0.4750156131	0.5026052285	-0.2462615366	0.5095165228
8801.458132910064	-14.485208952495668	77465665.2653687	209.82127839746065	7219.497864548704	-43.531317528258114	1894.9756057460322	52121149.41622329	7693.784041804404	-22.191417521395124	59194312.88192412	492.4590116088825	7660.597913014899	9877.440633854176	0.5437270000000001	23.245138	0.06773099999999994	0.0338925	0.0019116253	0.017812462299999998	0.02867522	0.0244895523	-0.013829608799999999	-0.027647346	0.0027495042	-0.008837736899999999	0.0379494798	0.000275189	-0.0038395053999999997	0.0072503078	0.034212781	-0.021515293300000002	0.0001417383	-0.0035962508000000008	-0.0064050573	0.0342019346	-0.0188635032	0.0289444313	-0.0384039733	-0.0634571917	-0.0186235337	0.0467206537	0.0606103021	-0.133221	-0.0036970000000000063	0.017747834841000003	1.3667809000000043e-05	0.264112	0.007077999999999973	5.0098083999999624e-05	0.069755148544	1.4129600000000002	-0.017349999999999758	1.9964559616000008	0.00030102249999999146	0.00640581	-0.00059822	3.578671684e-07	4.10344017561e-05	0.015024	0.0001938999999999986	0.00022572057600000006	3.759720999999946e-08	-0.00506926	0.0	0.0	2.56973969476e-05	0.0	0.0	0.0	0.0	0.0	0.0	0.0	0.0	0.0	0.0	0.0	0.0	0.0	0.0	0.0	0.0	0.0	0.0	0.0	0.0	0.0	0.0	0.0	0.0	0.0	0.0	0.0	0.0	0.0	0.0	0.0	0.0	0.0	0.0	0.0	0.0	0.0	0.0	0.0	0.0	0.0	0.0	0.0	0.0	0.0	0.0	0.0	0.0	0.0	0.0	0.0	0.0	0.0	0.0	0.0	0.0	0.0	0.0	0.0	0.0	0.0	0.0	0.0	0.0	0.0	0.0	0.0	0.0	0.0	0.0	0.0	0.0	0.0	0.0	0.0	0.0	0.0	0.0	0.0	0.0	0.0	0.0	0.0	0.0	0.0	0.0	0.0	0.0	0.0	0.0	0.0	0.0	0.0	0.0	0.0	0.0	0.0	0.0	0.0	0.0	0.0	0.0	0.0	-0.03149079425	0.4560290625	-0.7590398274	-1.398033441	0.06862808661	0.3187326991	0.6086398342	1.035052167	0.520102412	-0.2552041649	0.5984858159	-0.7700666508	0.1884328876	0.7289667382	0.6661172882	0.06841258625	-0.1783274653	0.3993724771	0.2616294313	0.3452791981	-0.4557919761	0.3847758637	0.9003002235	0.8016515791	0.6677102394	-0.1708442402	0.4622003912	-1.124238012	0.910799525	-0.1828383282	0.5979596862	0.360132076	0.01804835098	0.2307356544
8818.681603250596	17.223470340532003	77769145.2195105	296.6479305711856	7261.058901263298	41.56103671459459	1727.3197727918798	52722976.36761498	7716.3994403259485	22.615398521544193	59542820.32266261	511.45625028826333	7682.593350302642	9873.800119256925	0.653162	27.923681	0.28982899999999995	0.182887	-0.0085874225	0.0132681247	0.027933392799999998	0.022845417799999997	0.0046172809	-0.0380347891	-0.0224208276	-0.0159406985	0.0136115778	-0.0137039797	0.0083377538	-0.0020085125	0.0227890429	-0.0266600991	-0.0137883082	0.0084269042	0.0015755316	0.0206447866	-0.028394861299999997	0.0285687411	-0.0390748391	-0.0632286023	-0.0170097061	0.0481407845	0.059711172	-0.13528900000000002	-0.0020680000000000143	0.01830311352100001	4.276624000000059e-06	0.11907400000000005	-0.14503799999999994	0.021036021443999985	0.014178617476000013	1.33362	-0.07934000000000019	1.7785423044000002	0.00629483560000003	0.00739614	0.0009903300000000002	9.807535089000004e-07	5.47028868996e-05	0.0152471	0.00022309999999999862	0.00023247405841	4.9773609999999405e-08	-0.00501503	5.422999999999973e-05	2.9408928999999705e-09	2.51505259009e-05	0.0	0.0	0.0	0.0	0.0	0.0	0.0	0.0	0.0	0.0	0.0	0.0	0.0	0.0	0.0	0.0	0.0	0.0	0.0	0.0	0.0	0.0	0.0	0.0	0.0	0.0	0.0	0.0	0.0	0.0	0.0	0.0	0.0	0.0	0.0	0.0	0.0	0.0	0.0	0.0	0.0	0.0	0.0	0.0	0.0	0.0	0.0	0.0	0.0	0.0	0.0	0.0	0.0	0.0	0.0	0.0	0.0	0.0	0.0	0.0	0.0	0.0	0.0	0.0	0.0	0.0	0.0	0.0	0.0	0.0	0.0	0.0	0.0	0.0	0.0	0.0	0.0	0.0	0.0	0.0	0.0	0.0	0.0	0.0	0.0	0.0	0.0	0.0	0.0	0.0	0.0	0.0	0.0	0.0	0.0	0.0	0.0	0.0	0.0	0.0	0.0	0.0	0.0	0.1164058368	0.416375635	-0.6053223788	-1.431763185	0.5677290481	-0.009338883648	0.4227043834	0.8086610558	0.3098703887	0.4876087966	0.3981139614	-0.7978960428	0.008940305325	0.6472985863	0.5453112842	-0.1161510724	-0.1156549327	0.5718460134	0.2178081461	0.4042619891	-0.5631526964	0.1050312954	1.108531149	0.6934340112	0.6166954783	0.4185613455	0.2901456223	-1.169773994	1.439625802	-0.2628146211	0.7394492331	-1.648914556	0.289371477	-0.8407587595
8806.947839401839	-11.733763848757008	77562330.24594472	137.68121405839688	7228.934614465592	-32.12428679770619	1031.9698022612802	52257495.6602188	7700.278983683396	-16.1204566425522	59294296.4265562	259.8691223644053	7665.171398701112	9847.493730660699	0.566596	24.222839	0.2449349999999999	0.155522	-0.0023102885	0.0113308499	0.0308546997	0.0220416841	-0.0017199653	-0.0395094152	-0.0100467857	-0.052710248	0.0331909559	-0.0016671203	-0.0084590426	0.014358095100000001	0.0258410107	-0.0206768867	-0.0015635801999999998	-0.0081747397	-0.0155183885	0.0241934207	-0.024624715499999998	0.0281918373	-0.0397390651	-0.062975839	-0.0153843175	0.049509791799999994	0.05872073410000001	-0.139785	-0.004495999999999972	0.019539846225	2.021401599999975e-05	0.247408	0.12833399999999995	0.01646961555599999	0.061210718464	1.39407	0.06045000000000012	1.9434311649000005	0.0036542025000000132	0.00658508	-0.0008110599999999997	6.578183235999995e-07	4.33632786064e-05	0.0151016	-0.0001454999999999998	0.00022805832256	2.117024999999994e-08	-0.00493849	7.653999999999994e-05	5.858371599999991e-09	2.43886834801e-05	0.0	0.0	0.0	0.0	0.0	0.0	0.0	0.0	0.0	0.0	0.0	0.0	0.0	0.0	0.0	0.0	0.0	0.0	0.0	0.0	0.0	0.0	0.0	0.0	0.0	0.0	0.0	0.0	0.0	0.0	0.0	0.0	0.0	0.0	0.0	0.0	0.0	0.0	0.0	0.0	0.0	0.0	0.0	0.0	0.0	0.0	0.0	0.0	0.0	0.0	0.0	0.0	0.0	0.0	0.0	0.0	0.0	0.0	0.0	0.0	0.0	0.0	0.0	0.0	0.0	0.0	0.0	0.0	0.0	0.0	0.0	0.0	0.0	0.0	0.0	0.0	0.0	0.0	0.0	0.0	0.0	0.0	0.0	0.0	0.0	0.0	0.0	0.0	0.0	0.0	0.0	0.0	0.0	0.0	0.0	0.0	0.0	0.0	0.0	0.0	0.0	0.0	0.0	0.007437902882	0.4076317243	-0.6794830602	-1.478505458	0.2316516909	0.1975045139	0.506245361	0.953664592	0.3866540835	-0.3871430247	0.3150387298	-0.8293674874	0.1977973896	0.7381760091	0.7352074943	-0.05642620349	-0.01948318021	0.4082169005	0.1863165903	0.2189856033	-0.3653925545	0.4742207293	0.8756119602	0.735797962	0.5804412932	1.373631056	0.5921736135	-1.123298246	0.5553305218	-0.187508226	0.6258691081	-1.283242341	0.01018369181	-1.505192203
8830.882747048976	23.934907647137152	77984490.09212726	572.8798040769847	7274.01310255984	45.07848809424832	2032.070088863287	52911266.61621224	7710.762454235944	10.48347055254726	59455857.62565471	109.90315482612556	7676.847933021165	10106.476016367082	0.5725180000000001	24.476038	0.1300699999999998	0.0594247	-0.013553473500000001	0.0125980301	0.0330285061	0.0076528988	0.0082312488	-0.0406380262	0.0172055358	-0.0245936635	0.0382999805	-0.0101893381	0.0115917045	0.0068493157	0.0230693742	-0.013392131299999999	-0.0103780422	0.0116946581	-0.0072536698	0.0232800544	-0.014262438999999997	0.027813735899999997	-0.0403965384	-0.0626989983	-0.0137484725	0.050826221799999995	0.0576405028	-0.129918	0.009866999999999987	0.016878686724000003	9.735768899999974e-05	0.231517	-0.015890999999999992	0.0002525238809999996	0.053600121289	1.34078	-0.05329000000000028	1.7976910083999995	0.00283982410000003	0.00581391	-0.0007711699999999997	5.947031688999998e-07	3.3801549488100004e-05	0.014946100000000004	-0.00015549999999999763	0.0002233859052100001	2.4180249999999268e-08	-0.00484472	9.376999999999996e-05	8.792812899999993e-09	2.3471311878400007e-05	0.0	0.0	0.0	0.0	0.0	0.0	0.0	0.0	0.0	0.0	0.0	0.0	0.0	0.0	0.0	0.0	0.0	0.0	0.0	0.0	0.0	0.0	0.0	0.0	0.0	0.0	0.0	0.0	0.0	0.0	0.0	0.0	0.0	0.0	0.0	0.0	0.0	0.0	0.0	0.0	0.0	0.0	0.0	0.0	0.0	0.0	0.0	0.0	0.0	0.0	0.0	0.0	0.0	0.0	0.0	0.0	0.0	0.0	0.0	0.0	0.0	0.0	0.0	0.0	0.0	0.0	0.0	0.0	0.0	0.0	0.0	0.0	0.0	0.0	0.0	0.0	0.0	0.0	0.0	0.0	0.0	0.0	0.0	0.0	0.0	0.0	0.0	0.0	0.0	0.0	0.0	0.0	0.0	0.0	0.0	0.0	0.0	0.0	0.0	0.0	0.0	0.0	0.0	0.0889513554	0.4919042397	-0.5504913876	-1.437509183	0.6117476963	0.1802489988	0.510507437	1.055514158	0.6912539206	0.1782528202	0.4396945559	-0.8780822776	0.175412279	0.558755888	0.8162333026	0.0002934098671	0.03800977856	0.6197469542	0.5101398	0.1503057097	-0.2462127789	0.1864368315	1.152048054	0.4672680901	0.8854793496	1.568363115	0.4870325264	-0.9257136761	0.02455294335	-0.3966216412	0.03270877195	0.1065002301	-0.07364939722	-0.5247378609
8805.57643094636	-25.30631610261662	77538176.28123802	640.4096346855533	7236.903235123005	-37.109867436834975	1377.1422611794646	52372768.43453382	7709.535483448774	-1.2269707871691935	59436937.37055573	1.5054573125665904	7674.782569771582	10060.450454210084	0.545162	23.306526	0.2287800000000001	0.135107	-0.0147587802	0.0095178076	0.0383176462	0.0126430359	-0.0022238908	-0.0339920845	0.0277044297	-0.0132426625	0.0253682822	-0.0072177864000000005	-0.0069326265000000005	0.0185460478	0.024177105	-0.0120636898	-0.0074051215	-0.006787905899999999	-0.0179125456	0.0257697436	-0.008436479399999999	0.0274344528	-0.0410471473	-0.0623981861	-0.012103283000000001	0.05208867650000002	0.0564721299	-0.126402	0.003516000000000019	0.015977465603999996	1.2362256000000134e-05	0.147116	-0.084401	0.0071235288009999995	0.021643117456	1.3002300000000002	-0.040549999999999635	1.6905980529000006	0.0016443024999999712	0.00733558	0.00152167	2.3154795889000006e-06	5.381073393640001e-05	0.0147345	-0.0002116000000000028	0.00021710549025	4.4774560000001166e-08	-0.00511771	-0.00027298999999999986	7.452354009999991e-08	2.61909556441e-05	0.0	0.0	0.0	0.0	0.0	0.0	0.0	0.0	0.0	0.0	0.0	0.0	0.0	0.0	0.0	0.0	0.0	0.0	0.0	0.0	0.0	0.0	0.0	0.0	0.0	0.0	0.0	0.0	0.0	0.0	0.0	0.0	0.0	0.0	0.0	0.0	0.0	0.0	0.0	0.0	0.0	0.0	0.0	0.0	0.0	0.0	0.0	0.0	0.0	0.0	0.0	0.0	0.0	0.0	0.0	0.0	0.0	0.0	0.0	0.0	0.0	0.0	0.0	0.0	0.0	0.0	0.0	0.0	0.0	0.0	0.0	0.0	0.0	0.0	0.0	0.0	0.0	0.0	0.0	0.0	0.0	0.0	0.0	0.0	0.0	0.0	0.0	0.0	0.0	0.0	0.0	0.0	0.0	0.0	0.0	0.0	0.0	0.0	0.0	0.0	0.0	0.0	0.0	0.07829982583	0.3750820135	-0.5740191099	-1.470402475	0.1755275344	-0.09547844035	0.4866936207	0.8983872934	0.5528661747	-0.4298421506	0.2081501685	-0.7954988964	0.06663652082	0.7020528342	0.6403424479	-0.0007418250479	-0.1201364287	0.3233769779	0.8199580423	-0.06001939561	-0.2338926781	0.2150712276	0.9068347692	0.7576422522	0.7087219561	0.5814669201	0.4207561791	-0.9701877477	-1.328679085	-0.2727790158	0.4056103893	-0.003159759626	-0.0145970679	0.1453584176
8817.694951873524	12.118520927164354	77751744.26429582	146.8585494621204	7270.980533161569	34.07729803856364	1161.2622416090933	52867157.913614504	7707.9636025832715	-1.571880865503772	59412702.89874847	2.470809455336888	7674.649136114496	10076.974158338997	0.571901	24.449631	0.3093445000000001	0.183625	-0.0094711407	0.0160021619	0.0354960752	0.010930931699999999	0.0024352209	-0.0333761411	0.0296230138	0.030844860499999998	0.034650650299999995	-0.0082355172	0.0144116119	-0.0004709799	0.0277101194	0.0005726269999999999	-0.0087324831	0.014541648	0.0016996714000000002	0.0298232299	0.0053187773999999995	0.0270540043	-0.0416907812	-0.0620735175	-0.010449867199999999	0.0532958153	0.055217402199999994	-0.133578	-0.007176000000000016	0.017843082083999998	5.149497600000023e-05	0.29552399999999995	0.14840799999999996	0.022024934463999987	0.08733443457599997	1.36206	0.06182999999999982	1.8552074436	0.003822948899999979	0.00613285	-0.0012027300000000008	1.4465594529000019e-06	3.76118491225e-05	0.0153	0.0005655	0.00023409	3.1979025000000004e-07	-0.00504733	7.03800000000001e-05	4.953344400000014e-09	2.54755401289e-05	0.0	0.0	0.0	0.0	0.0	0.0	0.0	0.0	0.0	0.0	0.0	0.0	0.0	0.0	0.0	0.0	0.0	0.0	0.0	0.0	0.0	0.0	0.0	0.0	0.0	0.0	0.0	0.0	0.0	0.0	0.0	0.0	0.0	0.0	0.0	0.0	0.0	0.0	0.0	0.0	0.0	0.0	0.0	0.0	0.0	0.0	0.0	0.0	0.0	0.0	0.0	0.0	0.0	0.0	0.0	0.0	0.0	0.0	0.0	0.0	0.0	0.0	0.0	0.0	0.0	0.0	0.0	0.0	0.0	0.0	0.0	0.0	0.0	0.0	0.0	0.0	0.0	0.0	0.0	0.0	0.0	0.0	0.0	0.0	0.0	0.0	0.0	0.0	0.0	0.0	0.0	0.0	0.0	0.0	0.0	0.0	0.0	0.0	0.0	0.0	0.0	0.0	0.0	0.008889397809	0.4798405928	-0.6533697596	-1.44562294	0.5506730958	0.2355999577	0.456980501	1.068711395	0.7204323563	0.4164285519	0.4952000316	-0.9270677937	0.05133995651	0.5426454241	0.698258709	-0.02299590812	-0.1228628706	0.5323147251	0.6397390222	0.06810270507	-0.3178097087	0.2848728231	1.055556387	0.4613107919	0.8809863226	-0.198990179	0.4356107883	-0.9066669786	-0.715603452	-0.3332858058	0.3820803393	0.6727160413	-0.4493411548	0.7025484986
8808.181852183092	-9.513099690431774	77584067.54112756	90.49906572009309	7236.46914374169	-34.51138941987847	1191.0359996904995	52366485.6683256	7705.73232513797	-2.231277445300293	59378310.66667623	4.978599037905801	7672.593943643526	10125.950488169909	0.56719	24.248257	0.2683750000000001	0.16253399999999998	-0.0196828161	0.010803968	0.034047044500000005	0.010390572800000001	-0.008388632	-0.0276849214	-0.0018527851999999999	0.006374589	0.0203049785	-0.0059614948	-0.0021257409	0.0044230211	0.024158148100000002	-0.0143024075	-0.0061190176	-0.0020493895	-0.0033830317999999997	0.0252941475	-0.0093021837	0.0266724065	-0.0423273308	-0.0617251165	-0.0087893489	0.0544463561	0.053878238200000005	-0.126985	0.0065930000000000155	0.016125190224999995	4.346764900000021e-05	0.17416799999999996	-0.121356	0.014727278736	0.030334492223999983	1.27385	-0.08821000000000012	1.6226938224999998	0.007781004100000021	0.00679375	0.0006609000000000008	4.3678881000000096e-07	4.61550390625e-05	0.015224	-7.599999999999793e-05	0.00023177017600000004	5.775999999999687e-09	-0.00535475	-0.00030742000000000014	9.450705640000004e-08	2.86733475625e-05	0.0	0.0	0.0	0.0	0.0	0.0	0.0	0.0	0.0	0.0	0.0	0.0	0.0	0.0	0.0	0.0	0.0	0.0	0.0	0.0	0.0	0.0	0.0	0.0	0.0	0.0	0.0	0.0	0.0	0.0	0.0	0.0	0.0	0.0	0.0	0.0	0.0	0.0	0.0	0.0	0.0	0.0	0.0	0.0	0.0	0.0	0.0	0.0	0.0	0.0	0.0	0.0	0.0	0.0	0.0	0.0	0.0	0.0	0.0	0.0	0.0	0.0	0.0	0.0	0.0	0.0	0.0	0.0	0.0	0.0	0.0	0.0	0.0	0.0	0.0	0.0	0.0	0.0	0.0	0.0	0.0	0.0	0.0	0.0	0.0	0.0	0.0	0.0	0.0	0.0	0.0	0.0	0.0	0.0	0.0	0.0	0.0	0.0	0.0	0.0	0.0	0.0	0.0	0.06528016095	0.3956046482	-0.5572599553	-1.402466052	0.111737263	-0.02551945113	0.5240775459	0.9654136809	0.7307877614	-0.2258940582	0.512949255	-0.7089256144	-0.02912189536	0.6139962498	0.6396367588	-0.07647811034	-0.2053340561	0.3287985101	0.5418713347	0.07612065113	-0.3758372078	0.2660262744	0.8547526863	0.7896035393	0.9118437464	-0.7207899946	0.2195903984	-0.954687494	0.6238067091	-0.4789355102	0.4966344602	0.1434253756	-0.298855815	0.3195283934
8826.218095318518	18.036243135426048	77902125.86612804	325.30606644020315	7238.764033410905	2.294889669214172	5.26651859386593	52399704.7314033	7723.781811162315	18.049486024344333	59656805.466441795	325.78394574300137	7689.144787586958	10179.395187362248	0.696213	29.764189	0.2544179999999999	0.136744	-0.0297765002	0.0060866385	0.0322252105	0.0080374325	-0.0003821364	-0.0321167505	-0.028841017799999997	0.0181936749	-0.0016988982	-0.0161975849	0.0080702772	-0.0122141952	0.0195575821	-0.0148237731	-0.0160374032	0.0078823458	0.0120286917	0.017048452	-0.0160132664	0.0262896756	-0.042956687800000004	-0.061353116299999996	-0.0071228567	0.055539077199999995	0.0524566858	-0.10828	0.018704999999999986	0.011724558400000001	0.00034987702499999953	0.154634	-0.019533999999999968	0.0003815771559999988	0.023911673956	1.17059	-0.10325999999999992	1.3702809481	0.01066262759999998	0.00745508	0.0006613299999999999	4.373573688999999e-07	5.55782178064e-05	0.0139677	-0.0012563	0.00019509664329000006	1.5782896900000003e-06	-0.005014	0.00034074999999999985	1.1611056249999993e-07	2.5140196000000006e-05	0.0	0.0	0.0	0.0	0.0	0.0	0.0	0.0	0.0	0.0	0.0	0.0	0.0	0.0	0.0	0.0	0.0	0.0	0.0	0.0	0.0	0.0	0.0	0.0	0.0	0.0	0.0	0.0	0.0	0.0	0.0	0.0	0.0	0.0	0.0	0.0	0.0	0.0	0.0	0.0	0.0	0.0	0.0	0.0	0.0	0.0	0.0	0.0	0.0	0.0	0.0	0.0	0.0	0.0	0.0	0.0	0.0	0.0	0.0	0.0	0.0	0.0	0.0	0.0	0.0	0.0	0.0	0.0	0.0	0.0	0.0	0.0	0.0	0.0	0.0	0.0	0.0	0.0	0.0	0.0	0.0	0.0	0.0	0.0	0.0	0.0	0.0	0.0	0.0	0.0	0.0	0.0	0.0	0.0	0.0	0.0	0.0	0.0	0.0	0.0	0.0	0.0	0.0	0.3091571046	0.3302646452	-0.3869695756	-1.359100228	0.524849826	-0.2554323934	0.2769618895	1.020452036	0.675831005	0.4394288391	0.4785003302	-0.739463783	-0.4130748514	0.9889244373	0.5185044653	-0.2327332214	-0.0795282869	0.6395401483	0.3293173881	-0.3483286729	-0.3246807792	0.1635568636	1.053151485	0.446820343	0.9183099251	-0.6811523569	-0.258691673	-0.8026327918	1.756326809	-0.1789116925	0.5605779297	-1.677581938	-0.3755750723	-0.3486845783
8847.912000888338	21.69390556982034	78285546.77546388	470.62553887228216	7272.062280273438	33.29824686253323	1108.7732441182043	52882889.80817571	7738.85584004948	15.074028887165694	59889889.71306795	227.22634689110583	7703.319843583103	10249.031283109063	0.757195	32.371254	0.4796659000000001	0.261973	-0.0242872568	0.016423169799999998	0.0314553298	0.0059878095	0.0152681107	-0.025827911600000003	-0.0179076814	0.0057266191	-0.0032401582	-0.020276803	-0.01144139	-0.0015442726000000002	0.0124584455	-0.0029489907	-0.0201002529	-0.011655359099999998	0.0005703726	0.011524968	-0.0061031626	0.0259058278	-0.0435787454	-0.060957659299999994	-0.0054515232999999995	0.0565728181	0.0509549188	-0.08795859999999997	0.02032140000000003	0.007736715313959995	0.00041295929796000125	0.289513	0.13487900000000005	0.01819234464100001	0.08381777716900002	1.11259	-0.05800000000000005	1.2378565081	0.003364000000000006	0.0109546	0.00349952	1.22466402304e-05	0.00012000326116	0.014867700000000003	0.0009000000000000016	0.0002210485032900001	8.100000000000026e-07	-0.00408421	0.0009297900000000008	8.645094441000013e-07	1.6680771324099995e-05	0.0	0.0	0.0	0.0	0.0	0.0	0.0	0.0	0.0	0.0	0.0	0.0	0.0	0.0	0.0	0.0	0.0	0.0	0.0	0.0	0.0	0.0	0.0	0.0	0.0	0.0	0.0	0.0	0.0	0.0	0.0	0.0	0.0	0.0	0.0	0.0	0.0	0.0	0.0	0.0	0.0	0.0	0.0	0.0	0.0	0.0	0.0	0.0	0.0	0.0	0.0	0.0	0.0	0.0	0.0	0.0	0.0	0.0	0.0	0.0	0.0	0.0	0.0	0.0	0.0	0.0	0.0	0.0	0.0	0.0	0.0	0.0	0.0	0.0	0.0	0.0	0.0	0.0	0.0	0.0	0.0	0.0	0.0	0.0	0.0	0.0	0.0	0.0	0.0	0.0	0.0	0.0	0.0	0.0	0.0	0.0	0.0	0.0	0.0	0.0	0.0	0.0	0.0	0.3649301084	0.1645738412	-0.3986385404	-1.38091388	0.2452876686	-0.4183936906	0.5616515617	1.144292857	0.9064161451	-0.3358185078	0.4398278837	-0.9742876061	-0.3124233506	0.3978138517	1.043261439	-0.1085323156	0.5214481513	0.7766128514	0.1652989278	0.1110909539	-0.1765849813	-0.2339251086	0.6404618621	0.3078525171	0.539915515	0.8798528661	-0.1979657205	-0.8866568197	0.3547186686	0.2967481253	0.2299608537	-1.260222637	0.1834035766	-0.6889186408
8856.756663910226	8.844663021887754	78442138.60371819	78.22806397074862	7277.39244982131	5.330169547872174	28.410707409063853	52960440.86871621	7727.352691062199	-11.503148987281747	59711979.6120662	132.32243662360108	7693.490747583843	10360.768001230992	0.600155	25.657526	0.0648532000000001	0.031519	-0.0213885585	0.0278091967	0.0265247279	0.0015447466	0.0135586192	-0.0269065104	0.0099006113	0.0234818689	-0.0020578459	-0.0165556086	0.0046407883	0.0014653077	0.0165582807	-0.0014212526	-0.0167943826	0.0047227699	-0.0011475982000000002	0.0183015007	0.0003074344	0.025520879500000003	-0.0441933979	-0.0605388965	-0.0037764846000000003	0.05754648110000001	0.0493752335	-0.0956228	-0.007664200000000038	0.00914371987984	5.873996164000059e-05	0.306902	0.017388999999999988	0.00030237732099999963	0.09418883760399999	1.12837	0.015780000000000127	1.2732188569000005	0.00024900840000000404	0.0109546	0.0	0.0	0.00012000326116	0.0152714	0.00040369999999999637	0.00023321565796	1.6297368999999714e-07	-0.00400751	7.669999999999987e-05	5.8828899999999795e-09	1.6060136400099998e-05	0.0	0.0	0.0	0.0	0.0	0.0	0.0	0.0	0.0	0.0	0.0	0.0	0.0	0.0	0.0	0.0	0.0	0.0	0.0	0.0	0.0	0.0	0.0	0.0	0.0	0.0	0.0	0.0	0.0	0.0	0.0	0.0	0.0	0.0	0.0	0.0	0.0	0.0	0.0	0.0	0.0	0.0	0.0	0.0	0.0	0.0	0.0	0.0	0.0	0.0	0.0	0.0	0.0	0.0	0.0	0.0	0.0	0.0	0.0	0.0	0.0	0.0	0.0	0.0	0.0	0.0	0.0	0.0	0.0	0.0	0.0	0.0	0.0	0.0	0.0	0.0	0.0	0.0	0.0	0.0	0.0	0.0	0.0	0.0	0.0	0.0	0.0	0.0	0.0	0.0	0.0	0.0	0.0	0.0	0.0	0.0	0.0	0.0	0.0	0.0	0.0	0.0	0.0	0.2820107712	0.3300752936	-0.4084585983	-1.322882729	0.4097798059	-0.04535513658	0.414092454	1.390292478	1.088568845	0.1508775324	0.7744707342	-0.9922073013	-0.06351615688	0.4243451949	1.092990805	0.02861786159	-0.05815103046	1.070704503	0.5422731424	0.1265477666	-0.1158859124	-0.517664065	1.078844879	0.8496187016	0.8017106626	0.1624187761	0.1052599068	-0.8884045039	-0.2261566284	0.1393219336	0.1409798736	-0.1044162719	0.1636548316	0.4229075161
8859.255828699717	2.4991647894912603	78486413.83834991	6.2458246450328945	7282.316851936503	4.924402115192606	24.24973619211341	53032138.73199838	7732.167856145473	4.8151650832742225	59786419.75560928	23.185814779183264	7697.899694471167	10275.33709638386	0.659668	28.20183	0.25681140000000025	0.173301	-0.0252504681	0.0195760703	0.0277848217	-0.0010683525	0.0172344244	-0.0283270571	-0.0261401048	0.0040789596	-0.0087004013	-0.0175150211	-0.011987555	0.0029722340000000002	0.011310841200000001	-0.0257574383	-0.017485214199999998	-0.0119762194	-0.0034780771	0.0100011227	-0.026513030899999998	0.0251348471	-0.0448005407	-0.0600969881	-0.0020988792	0.0584590322	0.047720045700000005	-0.08864989999999999	0.006972900000000018	0.007858804770009999	4.862133441000025e-05	0.143396	-0.16350599999999998	0.026734212036000002	0.020562412816000002	1.08838	-0.039990000000000185	1.1845710243999998	0.0015992001000000153	0.011242	0.00028740000000000016	8.259876000000008e-08	0.000126382564	0.0155342	0.00026280000000000227	0.00024131136964000005	6.906384000000121e-08	-0.00438416	-0.00037665000000000013	1.4186522250000005e-07	1.92208589056e-05	0.0	0.0	0.0	0.0	0.0	0.0	0.0	0.0	0.0	0.0	0.0	0.0	0.0	0.0	0.0	0.0	0.0	0.0	0.0	0.0	0.0	0.0	0.0	0.0	0.0	0.0	0.0	0.0	0.0	0.0	0.0	0.0	0.0	0.0	0.0	0.0	0.0	0.0	0.0	0.0	0.0	0.0	0.0	0.0	0.0	0.0	0.0	0.0	0.0	0.0	0.0	0.0	0.0	0.0	0.0	0.0	0.0	0.0	0.0	0.0	0.0	0.0	0.0	0.0	0.0	0.0	0.0	0.0	0.0	0.0	0.0	0.0	0.0	0.0	0.0	0.0	0.0	0.0	0.0	0.0	0.0	0.0	0.0	0.0	0.0	0.0	0.0	0.0	0.0	0.0	0.0	0.0	0.0	0.0	0.0	0.0	0.0	0.0	0.0	0.0	0.0	0.0	0.0	0.3723207543	0.1736941673	-0.4065931715	-1.307928429	0.1488831462	-0.4299706563	0.7140799639	1.153376881	0.8834413075	-0.2949735641	0.4493054319	-0.8203358309	-0.1664886112	0.4330590628	0.9926305674	-0.2096355459	0.3851825745	0.6659194069	0.6023105559	0.2266513751	-0.2110324016	-0.3668783951	0.7119244656	0.5917042723	0.8188203619	-0.2448645426	-0.135210376	-0.8155038047	0.8637584747	0.5025398237	0.92608748	-1.58651913	0.4476414175	-0.2422816226
8880.729469719769	21.473641020051215	78867355.91434917	461.11725865802634	7303.4232053066835	21.10635337018084	445.478152586944	53339990.51581215	7738.3276162551465	6.159760109673697	59881714.29649706	37.94264460872733	7702.572065027422	10355.886206455367	0.5785859999999999	24.735435	0.1927637	0.11277	-0.018452571299999998	0.0297810612	0.0206135281	-0.0070310608999999994	0.0271907305	-0.0469671434	-0.0287503348	-0.009599176	-0.0140760076	-0.0196312996	-0.0003557292	0.0052934848	0.0240259296	-0.0190051085	-0.0194960133	-0.0002690837	-0.0066140299	0.0219851245	-0.0241445028	0.0247477468	-0.0454000708	-0.059632103	-0.0004198472	0.059309502199999996	0.0459918862	-0.0884297	0.00022019999999998985	0.00781981184209	4.848803999999553e-08	0.244934	0.10153800000000003	0.010309965444000004	0.059992664356000015	1.13563	0.04725000000000002	1.2896554968999998	0.002232562500000001	0.0119141	0.0006721000000000001	4.517184100000002e-07	0.00014194577881	0.0153312	-0.00020300000000000008	0.00023504569344000005	4.1209000000000015e-08	-0.00438415	9.999999999940612e-09	9.999999999881223e-17	1.92207712225e-05	0.0	0.0	0.0	0.0	0.0	0.0	0.0	0.0	0.0	0.0	0.0	0.0	0.0	0.0	0.0	0.0	0.0	0.0	0.0	0.0	0.0	0.0	0.0	0.0	0.0	0.0	0.0	0.0	0.0	0.0	0.0	0.0	0.0	0.0	0.0	0.0	0.0	0.0	0.0	0.0	0.0	0.0	0.0	0.0	0.0	0.0	0.0	0.0	0.0	0.0	0.0	0.0	0.0	0.0	0.0	0.0	0.0	0.0	0.0	0.0	0.0	0.0	0.0	0.0	0.0	0.0	0.0	0.0	0.0	0.0	0.0	0.0	0.0	0.0	0.0	0.0	0.0	0.0	0.0	0.0	0.0	0.0	0.0	0.0	0.0	0.0	0.0	0.0	0.0	0.0	0.0	0.0	0.0	0.0	0.0	0.0	0.0	0.0	0.0	0.0	0.0	0.0	0.0	0.3672511464	0.2300737542	-0.4429154753	-1.35968045	0.5030398045	-0.2534152988	0.4692882842	1.350899806	0.9926052127	0.1186359301	0.6659079946	-0.9532985338	-0.1960237357	0.4925034169	1.116279816	-0.05871043845	0.2735580713	1.100375315	0.7032478755	0.1553098042	-0.1899210886	-0.4141207896	1.124194717	0.4786349922	0.6909765113	0.8539872267	0.08539262366	-0.6653263214	1.071800101	0.3345331302	0.3946125498	-1.440199436	0.6854577673	-1.048761883
8855.085257030658	-25.644212689110645	78412534.90928172	657.6256444443435	7297.155460958277	-6.267744348406267	39.28461921697871	53248477.82139321	7729.896383807884	-8.431232447262119	59751298.10440621	71.08568057976557	7694.562615972146	10462.920752898763	0.5344810000000001	22.849884	0.11743629999999998	0.0768491	-0.022164659399999998	0.0267823113	0.0258838278	-0.010362025300000001	0.0261626637	-0.041833790499999995	-0.0192458823	-0.0376767294	-0.0051003677	-0.0141294671	-0.0138634883	0.0237708201	0.0060320138	-0.0212208173	-0.013890282299999999	-0.0137052924	-0.0250439156	0.0053940955	-0.0245351408	0.0243595953	-0.0459918862	-0.059144419000000004	0.0012594702	0.0600969881	0.0441933979	-0.08848400000000001	-5.430000000000712e-05	0.007829418256000002	2.948490000000773e-09	0.314867	0.06993300000000001	0.004890624488999999	0.099141227689	1.10321	-0.032419999999999886	1.2170723041	0.001051056399999993	0.0116887	-0.00022540000000000057	5.0805160000000273e-08	0.00013662570769	0.0153918	6.0599999999999196e-05	0.00023690750724	3.672359999999903e-09	-0.00436957	1.4580000000000147e-05	2.125764000000044e-10	1.90931419849e-05	0.0	0.0	0.0	0.0	0.0	0.0	0.0	0.0	0.0	0.0	0.0	0.0	0.0	0.0	0.0	0.0	0.0	0.0	0.0	0.0	0.0	0.0	0.0	0.0	0.0	0.0	0.0	0.0	0.0	0.0	0.0	0.0	0.0	0.0	0.0	0.0	0.0	0.0	0.0	0.0	0.0	0.0	0.0	0.0	0.0	0.0	0.0	0.0	0.0	0.0	0.0	0.0	0.0	0.0	0.0	0.0	0.0	0.0	0.0	0.0	0.0	0.0	0.0	0.0	0.0	0.0	0.0	0.0	0.0	0.0	0.0	0.0	0.0	0.0	0.0	0.0	0.0	0.0	0.0	0.0	0.0	0.0	0.0	0.0	0.0	0.0	0.0	0.0	0.0	0.0	0.0	0.0	0.0	0.0	0.0	0.0	0.0	0.0	0.0	0.0	0.0	0.0	0.0	0.3559137173	0.1947059523	-0.429937252	-1.364513292	0.06030823727	-0.2097971203	0.7965303048	1.434847118	0.9786401437	-0.5458526453	0.4379371068	-0.8812976358	-0.06931887352	0.443577457	1.160766177	0.06327755473	0.3775539947	0.7673445557	1.008180059	0.1500797373	0.1542497871	-0.5183006685	0.8041539061	0.6646416466	0.8346973991	1.546438236	-0.1569660091	-0.6528197599	0.8543806221	0.5670010704	0.3187144931	-0.4324934332	1.011042785	-0.8468104382
8852.010452939125	-3.0748040915332235	78358089.05894352	9.454420201309457	7304.530500436335	7.37503947805817	54.39120730291653	53356165.83180471	7738.505686255114	8.609302447229311	59884470.25620273	74.1200886278686	7703.1993404993555	10422.571897667456	0.5622	24.034922	0.22046320000000008	0.152729	-0.021335305	0.0239619271	0.0273509208	-0.013124852099999999	0.0270779327	-0.0372731106	-0.0012253776	-0.0280933009	-0.008947732199999999	-0.0199187821	-0.0044713528	0.012109076100000001	0.0088568903	-0.016654823200000002	-0.0199269644	-0.0043209274	-0.013208315	0.0083110855	-0.0198496958	0.0239704089	-0.046575886500000004	-0.0586341225	0.0029379315	0.060820653499999995	0.0423273308	-0.0882453	0.00023870000000000835	0.007787232972089999	5.697769000000399e-08	0.174184	-0.140683	0.019791706489	0.030340065856000006	1.08208	-0.02113000000000009	1.1708971264	0.000446476900000004	0.0125655	0.0008768000000000005	7.687782400000007e-07	0.00015789179025	0.0152846	-0.0001072	0.00023361899716	1.1491840000000002e-08	-0.00418534	0.00018422999999999964	3.3940692899999863e-08	1.75170709156e-05	0.0	0.0	0.0	0.0	0.0	0.0	0.0	0.0	0.0	0.0	0.0	0.0	0.0	0.0	0.0	0.0	0.0	0.0	0.0	0.0	0.0	0.0	0.0	0.0	0.0	0.0	0.0	0.0	0.0	0.0	0.0	0.0	0.0	0.0	0.0	0.0	0.0	0.0	0.0	0.0	0.0	0.0	0.0	0.0	0.0	0.0	0.0	0.0	0.0	0.0	0.0	0.0	0.0	0.0	0.0	0.0	0.0	0.0	0.0	0.0	0.0	0.0	0.0	0.0	0.0	0.0	0.0	0.0	0.0	0.0	0.0	0.0	0.0	0.0	0.0	0.0	0.0	0.0	0.0	0.0	0.0	0.0	0.0	0.0	0.0	0.0	0.0	0.0	0.0	0.0	0.0	0.0	0.0	0.0	0.0	0.0	0.0	0.0	0.0	0.0	0.0	0.0	0.0	0.4226932181	0.1912639613	-0.4258684033	-1.428685078	0.3842236123	-0.5013143944	0.5797045054	1.3256097	0.9430065577	-0.02730658968	0.3308233464	-0.9007793411	-0.1977017459	0.2929605336	0.964375228	0.02481889394	0.1502954784	0.8042329396	1.214142059	-0.1487109634	-0.04190606693	-0.6994547876	0.9744176968	0.2814547146	0.7075126605	1.630284784	-0.2930322582	-0.6054746967	-0.6105737127	0.4949022654	0.1181437348	-0.8656396404	1.020613736	-0.4520342966
8820.121241843059	-31.88921109606599	77794538.72081114	1016.9217843294583	7273.276755215259	-31.25374522107632	976.7965903439507	52900554.75795461	7719.742368498922	-18.763317756192013	59594422.23599734	352.0620932198304	7685.040526166909	10240.344696142936	0.452458	19.343271	0.18968639999999992	0.100077	-0.0131061522	0.0196251847	0.0270168627	-0.0052333934	0.0202182988	-0.0416769876	0.0054394589	-0.0368070523	-0.0083985033	-0.0081192855	-0.012691011	0.0165498953	0.017851826499999997	-0.0132718676	-0.0083464989	-0.0123739773	-0.017337736399999998	0.0189573072	-0.014680188799999999	0.0235802042	-0.047151972199999996	-0.0581014087	0.004614396	0.0614797299	0.0403965384	-0.0950837	-0.006838399999999994	0.009040910005689998	4.676371455999992e-05	0.25269	0.07850600000000002	0.006163192036000003	0.06385223610000001	1.12736	0.045280000000000216	1.2709405696000002	0.0020502784000000188	0.012409299999999998	-0.00015620000000000214	2.439844000000068e-08	0.00015399072648999995	0.016045900000000002	0.0007613000000000013	0.0002574709068100001	5.795776900000019e-07	-0.00444908	-0.0002637400000000001	6.955878760000008e-08	1.97943128464e-05	0.0	0.0	0.0	0.0	0.0	0.0	0.0	0.0	0.0	0.0	0.0	0.0	0.0	0.0	0.0	0.0	0.0	0.0	0.0	0.0	0.0	0.0	0.0	0.0	0.0	0.0	0.0	0.0	0.0	0.0	0.0	0.0	0.0	0.0	0.0	0.0	0.0	0.0	0.0	0.0	0.0	0.0	0.0	0.0	0.0	0.0	0.0	0.0	0.0	0.0	0.0	0.0	0.0	0.0	0.0	0.0	0.0	0.0	0.0	0.0	0.0	0.0	0.0	0.0	0.0	0.0	0.0	0.0	0.0	0.0	0.0	0.0	0.0	0.0	0.0	0.0	0.0	0.0	0.0	0.0	0.0	0.0	0.0	0.0	0.0	0.0	0.0	0.0	0.0	0.0	0.0	0.0	0.0	0.0	0.0	0.0	0.0	0.0	0.0	0.0	0.0	0.0	0.0	0.3291338109	0.156758873	-0.5380717272	-1.505572985	0.07824973011	-0.4140129544	0.6913770261	1.275525176	0.8292689649	-0.6429443809	0.2393181841	-0.8773929893	-0.3369071587	0.4091177609	1.04484135	-0.009177411526	0.3202253911	0.7171724221	0.7557423701	-0.08216748106	-0.1215250856	-0.4802270204	0.8103482193	0.39083264	0.4877192611	1.401523527	-0.3267483732	-0.831660322	-0.8208649484	0.4092274591	0.238895772	-0.8201897593	0.7201177649	-0.3087889892
8834.271461699322	14.150219856262991	78044352.25899507	200.22872198057945	7286.676832093582	13.40007687832258	179.5620603449554	53095659.25536936	7723.1599856470275	3.4176171481058186	59647200.16389939	11.680106971026952	7688.643300918191	10363.144152916717	0.476284	20.361877	0.12512319999999985	0.0639108	-0.0194814294	0.018979221	0.0291048469	-0.0087209721	0.0273793946	-0.038191120499999995	0.025332180299999996	-0.0191804648	-0.0099806972	-0.0116313771	0.0025639664	0.0127581073	0.0144436896	-0.0096234035	-0.0117971978	0.0028880125	-0.0132031145	0.015554248100000001	-0.010605125900000002	0.023188997700000002	-0.047720045700000005	-0.05754648110000001	0.006287724200000001	0.0620735175	0.0384039733	-0.091138	0.003945699999999996	0.008306135043999999	1.556854848999997e-05	0.294974	0.04228399999999993	0.0017879366559999945	0.08700966067599998	1.08596	-0.0414000000000001	1.1793091216	0.0017139600000000085	0.011680500000000005	-0.000728799999999993	5.311494399999898e-07	0.00013643408025000011	0.016045900000000002	0.0	0.0002574709068100001	0.0	-0.00447015	-2.106999999999977e-05	4.439448999999903e-10	1.99822410225e-05	0.0	0.0	0.0	0.0	0.0	0.0	0.0	0.0	0.0	0.0	0.0	0.0	0.0	0.0	0.0	0.0	0.0	0.0	0.0	0.0	0.0	0.0	0.0	0.0	0.0	0.0	0.0	0.0	0.0	0.0	0.0	0.0	0.0	0.0	0.0	0.0	0.0	0.0	0.0	0.0	0.0	0.0	0.0	0.0	0.0	0.0	0.0	0.0	0.0	0.0	0.0	0.0	0.0	0.0	0.0	0.0	0.0	0.0	0.0	0.0	0.0	0.0	0.0	0.0	0.0	0.0	0.0	0.0	0.0	0.0	0.0	0.0	0.0	0.0	0.0	0.0	0.0	0.0	0.0	0.0	0.0	0.0	0.0	0.0	0.0	0.0	0.0	0.0	0.0	0.0	0.0	0.0	0.0	0.0	0.0	0.0	0.0	0.0	0.0	0.0	0.0	0.0	0.0	0.332535368	0.292278075	-0.4038214452	-1.478979509	0.3426072739	-0.3540472946	0.495859714	1.346953319	0.9521260637	-0.004908781338	0.5473242768	-0.9512887052	-0.3544570103	0.2064000181	1.077451606	0.03154153745	-0.1328796512	0.9336445027	0.4572410368	-0.1019524779	-0.1551313159	-0.7262479997	0.9831477339	0.3509892364	0.5711702089	1.451052588	-0.3117395942	-0.7843414581	-1.006581473	0.3455318232	-0.1542107343	-0.2282035345	0.6083197124	-0.001969122386
8819.070284906791	-15.201176792530534	77776000.69012596	231.07577587776885	7287.356494140625	0.6796620470431662	0.4619404981909071	53105564.67269354	7720.698269216964	-2.4617164300634613	59609181.76428983	6.060047782044393	7687.578595200722	10318.584603986908	0.590806	25.257856	0.28215840000000003	0.170469	-0.0219818346	0.013274689499999999	0.0350200035	-0.0075847188	0.0198933432	-0.0229696652	0.0172439903	0.0118168501	-0.0040423834	-0.0094322179	-0.0089450864	0.0124843295	0.0123630844	-0.0043289022	-0.009843081600000001	-0.0086709217	-0.011892081499999999	0.0151790596	0.00046999589999999994	0.022796806200000002	-0.048280010199999994	-0.056969552	0.0079567788	0.06260138559999999	0.0363526824	-0.08867809999999997	0.0024599000000000287	0.007863805419609994	6.051108010000141e-06	0.153585	-0.14138899999999996	0.019990849320999992	0.023588352225	1.0280200000000002	-0.057939999999999874	1.0568251204000003	0.003357043599999986	0.012681200000000002	0.0010006999999999967	1.0014004899999936e-06	0.00016081283344000004	0.0156263	-0.0004196000000000026	0.00024418125168999995	1.760641600000022e-07	-0.00465724	-0.00018709	3.50026681e-08	2.16898844176e-05	0.0	0.0	0.0	0.0	0.0	0.0	0.0	0.0	0.0	0.0	0.0	0.0	0.0	0.0	0.0	0.0	0.0	0.0	0.0	0.0	0.0	0.0	0.0	0.0	0.0	0.0	0.0	0.0	0.0	0.0	0.0	0.0	0.0	0.0	0.0	0.0	0.0	0.0	0.0	0.0	0.0	0.0	0.0	0.0	0.0	0.0	0.0	0.0	0.0	0.0	0.0	0.0	0.0	0.0	0.0	0.0	0.0	0.0	0.0	0.0	0.0	0.0	0.0	0.0	0.0	0.0	0.0	0.0	0.0	0.0	0.0	0.0	0.0	0.0	0.0	0.0	0.0	0.0	0.0	0.0	0.0	0.0	0.0	0.0	0.0	0.0	0.0	0.0	0.0	0.0	0.0	0.0	0.0	0.0	0.0	0.0	0.0	0.0	0.0	0.0	0.0	0.0	0.0	0.3699232284	0.1757010807	-0.409059481	-1.398897014	-0.03839428887	-0.7463360203	0.761061443	1.223853995	0.8981615855	-0.4773451804	0.2083999066	-0.7929911782	-0.3296668679	0.2018521677	1.043870304	-0.08002249432	0.1288219609	0.6067706558	0.4735971586	-0.240625942	-0.1448672497	-0.5715812153	0.7017480053	0.03464554286	0.4639743526	0.1491630435	-0.5170445938	-0.8735362152	-1.323857229	0.7132333324	0.4056883201	-0.06632344738	0.2567689517	0.8711917755
8839.291932164264	20.2216472574728	78133081.86202425	408.915017805657	7263.671864091591	-23.684630049034237	560.9617005596157	52760928.949195795	7719.007444483451	-1.690824733513182	59583075.92799094	2.858888279459922	7685.4952903968215	10232.108059168597	0.591443	25.285088	0.2466888000000001	0.14801	-0.011986584	0.0226260006	0.0337862846	-0.0053319809999999995	0.006237549100000001	-0.0291142592	0.0204332658	0.048889161900000006	-0.0021585216	-0.0084291994	0.0061026247999999995	0.0043380349	0.0221612055	-0.0010515767	-0.0089491383	0.0062545913	-0.0032216428	0.024061363500000002	0.0033073471	0.022403646099999997	-0.0488317708	-0.056370842000000004	0.0096204254	0.0630627737	0.034245802400000004	-0.0954094	-0.0067313000000000225	0.009102953608359998	4.531039969000031e-05	0.275827	0.122242	0.014943106563999997	0.07608053392900001	1.10373	0.07570999999999972	1.2182199128999998	0.005732004099999958	0.012447	-0.0002342000000000021	5.484964000000099e-08	0.00015492780899999998	0.016103099999999995	0.000476799999999996	0.00025930982960999983	2.273382399999961e-07	-0.00478635	-0.00012911	1.6669392099999996e-08	2.29091463225e-05	0.0	0.0	0.0	0.0	0.0	0.0	0.0	0.0	0.0	0.0	0.0	0.0	0.0	0.0	0.0	0.0	0.0	0.0	0.0	0.0	0.0	0.0	0.0	0.0	0.0	0.0	0.0	0.0	0.0	0.0	0.0	0.0	0.0	0.0	0.0	0.0	0.0	0.0	0.0	0.0	0.0	0.0	0.0	0.0	0.0	0.0	0.0	0.0	0.0	0.0	0.0	0.0	0.0	0.0	0.0	0.0	0.0	0.0	0.0	0.0	0.0	0.0	0.0	0.0	0.0	0.0	0.0	0.0	0.0	0.0	0.0	0.0	0.0	0.0	0.0	0.0	0.0	0.0	0.0	0.0	0.0	0.0	0.0	0.0	0.0	0.0	0.0	0.0	0.0	0.0	0.0	0.0	0.0	0.0	0.0	0.0	0.0	0.0	0.0	0.0	0.0	0.0	0.0	0.2543768876	0.2665845033	-0.4859622402	-1.433844845	0.3052081887	-0.4030338407	0.3923011604	1.163843682	0.8955320225	0.07457114752	0.4863367836	-0.992300829	-0.3730753614	0.2814608442	1.00791247	-0.2884088074	-0.01472639523	0.996103938	0.2368032618	-0.1613171622	-0.4370671745	-0.5425358579	0.8894330928	0.3973443222	0.4058128425	-0.4834383029	-0.1752577183	-0.9140288098	-1.320546686	0.5149566456	-0.1334415582	-0.1645584743	0.1049639371	0.974119146
8844.55340529157	5.26147312730609	78226124.93905471	27.683099469364123	7259.2987000810335	-4.373164010557049	19.124563463231407	52697417.61699818	7708.354328150388	-10.653116333062826	59418726.44831482	113.48888760576996	7674.27567092668	10329.995936520176	0.486654	20.805222	0.09994290000000004	0.0523068	-0.0169340803	0.019498417	0.0320117982	-0.009178966	0.0038640971999999996	-0.0273312045	0.0091299326	0.061184256299999996	-0.010315278800000001	-0.0009502546000000001	-0.0006483675	0.0074182518	0.0192362397	0.0040133356	-0.0012304157000000001	-0.0005026443	-0.0062781791000000005	0.021001607000000002	0.0089517024	0.0220095344	-0.0493752335	-0.055750579800000005	0.011277533300000002	0.0634571917	0.0320865551	-0.0998828	-0.004473400000000002	0.00997657373584	2.0011307560000026e-05	0.270023	-0.005803999999999976	3.368641599999972e-05	0.072912420529	1.08644	-0.017289999999999806	1.1803518736000005	0.0002989440999999933	0.0114989	-0.0009481000000000004	8.988936100000005e-07	0.00013222470121	0.015728100000000002	-0.00037499999999999334	0.00024737312961000004	1.4062499999999505e-07	-0.00466194	0.00012441000000000017	1.5477848100000037e-08	2.17336845636e-05	0.0	0.0	0.0	0.0	0.0	0.0	0.0	0.0	0.0	0.0	0.0	0.0	0.0	0.0	0.0	0.0	0.0	0.0	0.0	0.0	0.0	0.0	0.0	0.0	0.0	0.0	0.0	0.0	0.0	0.0	0.0	0.0	0.0	0.0	0.0	0.0	0.0	0.0	0.0	0.0	0.0	0.0	0.0	0.0	0.0	0.0	0.0	0.0	0.0	0.0	0.0	0.0	0.0	0.0	0.0	0.0	0.0	0.0	0.0	0.0	0.0	0.0	0.0	0.0	0.0	0.0	0.0	0.0	0.0	0.0	0.0	0.0	0.0	0.0	0.0	0.0	0.0	0.0	0.0	0.0	0.0	0.0	0.0	0.0	0.0	0.0	0.0	0.0	0.0	0.0	0.0	0.0	0.0	0.0	0.0	0.0	0.0	0.0	0.0	0.0	0.0	0.0	0.0	0.2557173592	0.2317158028	-0.4210781906	-1.361169994	-0.006925176913	-0.4307738009	0.8213258289	1.344576896	1.048487605	-0.353683494	0.4030608652	-0.8520456544	-0.2699077874	0.3331648073	1.128062364	-0.1773485048	0.1825146475	0.7418978774	0.2920039879	0.03868583948	-0.2742222488	-0.4090331742	0.7298403869	0.3621059308	0.5808176012	-0.8042327049	-0.3078028338	-0.9442032244	-0.7194385266	0.7337207125	0.2762899781	0.4177856835	0.02864749193	1.092536568
8862.323682660359	17.77027736878881	78540781.05624266	315.7827577636878	7243.2035015999	-16.095198481133593	259.05541414708506	52463996.96558906	7721.896238264617	13.541910114228815	59627681.51452524	183.38332954185262	7687.484445289391	10326.293293348195	0.536366	22.930452	0.16039220000000015	0.0846091	-0.011322896200000002	0.027504013799999998	0.029319124900000007	-0.0172161313	-0.0037722096999999997	-0.0373667819	-0.0021881132000000003	0.058350364	-0.0315862549	-0.006575446800000001	0.0106604748	0.0076453088	0.0319928961	-0.0036279922999999997	-0.0066847612	0.0107706121	-0.0068200584	0.0317394072	-0.0020287994	0.0216144876	-0.049910306200000004	-0.0551090028	0.012926976000000001	0.0637842209	0.0298782424	-0.106341	-0.006458200000000011	0.011308408281000002	4.170834724000014e-05	0.197378	-0.07264500000000003	0.005277296025000002	0.038958074884	1.12121	0.03476999999999997	1.2571118640999999	0.0012089528999999976	0.012123299999999998	0.0006243999999999988	3.898753599999986e-07	0.00014697440288999995	0.016000999999999998	0.0002728999999999961	0.00025603200099999995	7.447440999999787e-08	-0.00462886	3.3079999999999575e-05	1.0942863999999717e-09	2.1426344899600007e-05	0.0	0.0	0.0	0.0	0.0	0.0	0.0	0.0	0.0	0.0	0.0	0.0	0.0	0.0	0.0	0.0	0.0	0.0	0.0	0.0	0.0	0.0	0.0	0.0	0.0	0.0	0.0	0.0	0.0	0.0	0.0	0.0	0.0	0.0	0.0	0.0	0.0	0.0	0.0	0.0	0.0	0.0	0.0	0.0	0.0	0.0	0.0	0.0	0.0	0.0	0.0	0.0	0.0	0.0	0.0	0.0	0.0	0.0	0.0	0.0	0.0	0.0	0.0	0.0	0.0	0.0	0.0	0.0	0.0	0.0	0.0	0.0	0.0	0.0	0.0	0.0	0.0	0.0	0.0	0.0	0.0	0.0	0.0	0.0	0.0	0.0	0.0	0.0	0.0	0.0	0.0	0.0	0.0	0.0	0.0	0.0	0.0	0.0	0.0	0.0	0.0	0.0	0.0	0.3172899627	0.2600556107	-0.4547505249	-1.40088441	0.3509117416	-0.5630064458	0.3861598287	1.277626873	1.035553346	0.3248182514	0.5309060515	-0.943058245	-0.2565763357	0.3446340026	1.030443943	-0.2946296086	-0.1601984102	0.940307389	0.734345588	-0.07924372923	-0.4072438723	-0.4313659556	1.066848344	0.3381599382	0.5187918864	-1.231462336	-0.1847104447	-0.7590254649	-0.1044547341	0.5872186943	-0.03066477161	-0.2293873734	0.2945789382	0.4538360452
8853.97539439096	-8.348288269398836	78392880.28448056	69.69391702898221	7223.055430310837	-20.1480712890625	405.9447766691446	52172529.74934287	7709.758304939629	-12.137933324987898	59440373.12058558	147.32942540185178	7675.319136302791	10299.809060185931	0.5581079999999999	23.859959	0.2872660000000001	0.17541099999999998	-0.0023103354	0.0299623802	0.0279761605	-0.0161647698	-0.0135055982	-0.0377758259	-0.0059660814	0.043550301	-0.0037736788	-0.0002448029	0.0053261021	0.0054737526	0.0315625878	0.0008306463000000001	-0.00032688009999999997	0.0052373329	-0.0043752051	0.0323164206	0.0041107735	0.021218522599999998	-0.0504368977	-0.0544463561	0.0145676327	0.06404351400000001	0.027624241	-0.119613	-0.013272000000000006	0.014307269769000003	0.00017614598400000016	0.338068	0.14068999999999998	0.019793676099999997	0.11428997262399998	1.2012600000000002	0.08005000000000018	1.4430255876000004	0.006408002500000029	0.0113219	-0.000801399999999999	6.422419599999983e-07	0.00012818541961000002	0.015990200000000003	-1.0799999999994843e-05	0.0002556864960400001	1.1663999999988859e-10	-0.00488174	-0.0002528799999999996	6.394829439999981e-08	2.38313854276e-05	0.0	0.0	0.0	0.0	0.0	0.0	0.0	0.0	0.0	0.0	0.0	0.0	0.0	0.0	0.0	0.0	0.0	0.0	0.0	0.0	0.0	0.0	0.0	0.0	0.0	0.0	0.0	0.0	0.0	0.0	0.0	0.0	0.0	0.0	0.0	0.0	0.0	0.0	0.0	0.0	0.0	0.0	0.0	0.0	0.0	0.0	0.0	0.0	0.0	0.0	0.0	0.0	0.0	0.0	0.0	0.0	0.0	0.0	0.0	0.0	0.0	0.0	0.0	0.0	0.0	0.0	0.0	0.0	0.0	0.0	0.0	0.0	0.0	0.0	0.0	0.0	0.0	0.0	0.0	0.0	0.0	0.0	0.0	0.0	0.0	0.0	0.0	0.0	0.0	0.0	0.0	0.0	0.0	0.0	0.0	0.0	0.0	0.0	0.0	0.0	0.0	0.0	0.0	0.2662274582	0.2612460493	-0.5536331239	-1.429718621	0.0528379047	-0.2304543157	0.8161033715	1.39842914	1.145566681	-0.1907549803	0.4440039176	-1.000322274	-0.180380794	0.4986382673	1.130171744	-0.1601838891	0.1947346181	0.6186665411	0.9431904468	0.07130912294	-0.2076428443	-0.2615882172	0.6223424264	0.250000756	0.6173347725	-1.251383271	0.04972014735	-0.793684125	-0.1244921899	0.8058745034	0.4540205286	0.1811250212	-0.2047515577	0.4367779877
8871.722208388668	17.74681399770816	78707454.9428167	314.94940706925024	7231.7953711976415	8.739940886804106	76.38656670483014	52298864.29087564	7719.5291670898	9.770862150170617	59591130.56155013	95.46974715763672	7686.589459244564	10418.733716543262	0.568837	24.318638	0.2822395	0.17815699999999998	-0.0093534103	0.0357354204	0.0243511842	-0.0237957361	-0.0077884895999999985	-0.0377012648	-0.0220109297	0.0507337273	-0.0192746367	-0.006234729699999999	0.012741808799999999	-0.0011422978999999999	0.034001538	-0.0124668846	-0.006425713	0.0127792484	0.0022225189	0.0331381535	-0.0102847816	0.0208216562	-0.0509549188	-0.053762893099999993	0.0161983881	0.06423479559999999	0.025327997799999998	-0.111731	0.007882000000000014	0.012483816361	6.212592400000022e-05	0.205467	-0.13260099999999994	0.01758302520099999	0.042216688089	1.11552	-0.08574000000000015	1.2443848704000002	0.0073513476000000265	0.0123874	0.0010655000000000005	1.135290250000001e-06	0.00015344767876	0.0159892	-1.0000000000044695e-06	0.00025565451663999995	1.000000000008939e-12	-0.00493557	-5.383000000000037e-05	2.8976689000000398e-09	2.4359851224900007e-05	0.0	0.0	0.0	0.0	0.0	0.0	0.0	0.0	0.0	0.0	0.0	0.0	0.0	0.0	0.0	0.0	0.0	0.0	0.0	0.0	0.0	0.0	0.0	0.0	0.0	0.0	0.0	0.0	0.0	0.0	0.0	0.0	0.0	0.0	0.0	0.0	0.0	0.0	0.0	0.0	0.0	0.0	0.0	0.0	0.0	0.0	0.0	0.0	0.0	0.0	0.0	0.0	0.0	0.0	0.0	0.0	0.0	0.0	0.0	0.0	0.0	0.0	0.0	0.0	0.0	0.0	0.0	0.0	0.0	0.0	0.0	0.0	0.0	0.0	0.0	0.0	0.0	0.0	0.0	0.0	0.0	0.0	0.0	0.0	0.0	0.0	0.0	0.0	0.0	0.0	0.0	0.0	0.0	0.0	0.0	0.0	0.0	0.0	0.0	0.0	0.0	0.0	0.0	0.3486587251	0.2772261739	-0.4563252757	-1.37718043	0.3052297787	-0.3413189105	0.6292215453	1.317162411	1.056060257	0.2890983042	0.719150597	-0.9958777524	-0.2170802929	0.3159735889	1.00071145	-0.2150531348	-0.04843405056	1.065726266	1.098221859	0.08635302267	-0.2677765914	-0.5568164281	1.041692999	0.5411555411	0.7804887146	-1.408863972	-0.2259604801	-0.7133171487	1.057486081	0.4377785809	-0.1997989473	-0.375549481	0.1376596506	0.2144100452
8867.055413423279	-4.666794965389271	78624671.70471908	21.778975248982658	7213.577877742686	-18.21749345495573	331.8770677813548	52035705.79825867	7717.402592486728	-2.1265746030712758	59558302.77452088	4.522319542427756	7682.349529670896	10339.654468454046	0.487266	20.831352	0.03746800000000011	0.0183844	-0.008719146	0.030744181699999998	0.0226284175	-0.0255130306	-0.0079987618	-0.038371426	-0.041625921499999996	0.0345184753	-0.0260069352	-0.0018931354000000001	0.0002564857	0.0077328138	0.028055422000000003	-0.0126581405	-0.0018268260000000001	0.00015460120000000002	-0.0080114227	0.026664716	-0.013901406399999998	0.0204239053	-0.0514642813	-0.053058875199999994	0.0178181338	0.0643578625	0.022993024	-0.119237	-0.007505999999999999	0.014217462168999996	5.634003599999998e-05	0.205441	-2.6000000000026002e-05	6.760000000013521e-10	0.042206004481	1.1076700000000002	-0.007849999999999913	1.2269328289000003	6.162249999999863e-05	0.0123086	-7.88000000000004e-05	6.209440000000064e-09	0.00015150163396000001	0.015735599999999995	-0.0002536000000000032	0.00024760910735999983	6.43129600000016e-08	-0.00504489	-0.00010931999999999956	1.1950862399999905e-08	2.54509151121e-05	0.0	0.0	0.0	0.0	0.0	0.0	0.0	0.0	0.0	0.0	0.0	0.0	0.0	0.0	0.0	0.0	0.0	0.0	0.0	0.0	0.0	0.0	0.0	0.0	0.0	0.0	0.0	0.0	0.0	0.0	0.0	0.0	0.0	0.0	0.0	0.0	0.0	0.0	0.0	0.0	0.0	0.0	0.0	0.0	0.0	0.0	0.0	0.0	0.0	0.0	0.0	0.0	0.0	0.0	0.0	0.0	0.0	0.0	0.0	0.0	0.0	0.0	0.0	0.0	0.0	0.0	0.0	0.0	0.0	0.0	0.0	0.0	0.0	0.0	0.0	0.0	0.0	0.0	0.0	0.0	0.0	0.0	0.0	0.0	0.0	0.0	0.0	0.0	0.0	0.0	0.0	0.0	0.0	0.0	0.0	0.0	0.0	0.0	0.0	0.0	0.0	0.0	0.0	0.3423799512	0.1984899859	-0.4296987355	-1.386195625	0.001969000687	-0.5519997781	0.7140104598	1.299573546	1.067463273	-0.133670399	0.4352656255	-0.7669861074	-0.2889468165	0.4803830486	1.024452186	-0.1985294468	0.1831530111	0.7754107676	1.117558854	0.1854508884	-0.3103234463	-0.2821670366	0.7671330069	0.5168365539	0.6647117118	-1.388955738	-0.2567407893	-0.5961598704	1.069669322	0.7874916999	0.5391610433	-1.166484767	0.3276106506	-0.4493945587
8885.3612371204	18.305823697121014	78949644.31412177	335.10318123007727	7229.246720723902	15.668842981216585	245.51264037002025	52262008.14909729	7719.582924535487	2.180332048758828	59591960.52877986	4.753847842844868	7684.87063275002	10457.737865216686	0.525455	22.464008	0.238888	0.14843299999999998	-0.0062925540000000005	0.0360240135	0.0213051015	-0.0324690049	-0.0062720239	-0.0465394458	-0.0376957863	0.0192141225	-0.0253699511	-0.0037638627	0.0122619093	-0.0016654354999999998	0.0343074088	-0.0277027112	-0.0036340353000000004	0.0122875394	0.0010975664	0.0316349735	-0.0315597773	0.0200252867	-0.051964898600000003	-0.052334571399999995	0.019425769	0.0644125841	0.020622890300000002	-0.119753	-0.0005160000000000027	0.014340781009	2.6625600000000265e-07	0.332773	0.127332	0.016213438224	0.110737869529	1.1394	0.031729999999999814	1.29823236	0.0010067928999999882	0.0113195	-0.0009890999999999997	9.783188099999994e-07	0.00012813108025	0.0162515	0.0005159000000000033	0.00026411125224999995	2.6615281000000324e-07	-0.00496369	8.120000000000002e-05	6.593440000000004e-09	2.46382184161e-05	0.0	0.0	0.0	0.0	0.0	0.0	0.0	0.0	0.0	0.0	0.0	0.0	0.0	0.0	0.0	0.0	0.0	0.0	0.0	0.0	0.0	0.0	0.0	0.0	0.0	0.0	0.0	0.0	0.0	0.0	0.0	0.0	0.0	0.0	0.0	0.0	0.0	0.0	0.0	0.0	0.0	0.0	0.0	0.0	0.0	0.0	0.0	0.0	0.0	0.0	0.0	0.0	0.0	0.0	0.0	0.0	0.0	0.0	0.0	0.0	0.0	0.0	0.0	0.0	0.0	0.0	0.0	0.0	0.0	0.0	0.0	0.0	0.0	0.0	0.0	0.0	0.0	0.0	0.0	0.0	0.0	0.0	0.0	0.0	0.0	0.0	0.0	0.0	0.0	0.0	0.0	0.0	0.0	0.0	0.0	0.0	0.0	0.0	0.0	0.0	0.0	0.0	0.0	0.3140478715	0.3139236061	-0.4573711657	-1.354538819	0.3054329427	-0.182113473	0.5466765537	1.434641365	1.10676376	0.3907325689	0.8296114559	-1.062522441	-0.2013206833	0.3444194029	1.121199119	-0.1707265565	-0.2450635128	1.014250301	1.23480408	0.1770371841	-0.1890048564	-0.4831533191	0.9921364336	0.5410711195	0.9145942798	-0.864191292	-0.07887583373	-0.4970766348	1.612815453	0.6177125837	0.09785146682	-0.9252136483	0.2836640975	-0.5763645915
8886.596007041828	1.2347699214278691	78971588.59237176	1.524656758862986	7251.7515666555855	22.50484593168312	506.4680904087944	52587900.78449174	7733.213340058235	13.630415522748079	59802588.56285465	185.78822732277183	7698.485633896904	10417.045378940811	0.600843	25.686935	0.3085974999999998	0.187402	-0.0092568263	0.0310671946	0.023464415	-0.0331949245	0.0058862522999999995	-0.0468275162	-0.0522932378	-0.0053598624	-0.0330883832	-0.0080576803	-0.0062946324	0.0065541272	0.0255118556	-0.0255302819	-0.0080004899	-0.0057528541	-0.0080667745	0.0224240132	-0.031388237299999996	0.0196258174	-0.0524566858	-0.0515902588	0.021020201000000002	0.0643989022	0.0182212208	-0.116301	0.0034519999999999967	0.013525922601	1.1916303999999975e-05	0.189382	-0.14339100000000002	0.020560978881	0.035865541923999995	1.07145	-0.06794999999999995	1.1480051025	0.004617202499999994	0.0127517	0.0014322000000000015	2.0511968400000046e-06	0.00016260585289000002	0.0158432	-0.00040829999999999686	0.0002510069862400001	1.6670888999999744e-07	-0.00499928	-3.5590000000000274e-05	1.2666481000000196e-09	2.49928005184e-05	0.0	0.0	0.0	0.0	0.0	0.0	0.0	0.0	0.0	0.0	0.0	0.0	0.0	0.0	0.0	0.0	0.0	0.0	0.0	0.0	0.0	0.0	0.0	0.0	0.0	0.0	0.0	0.0	0.0	0.0	0.0	0.0	0.0	0.0	0.0	0.0	0.0	0.0	0.0	0.0	0.0	0.0	0.0	0.0	0.0	0.0	0.0	0.0	0.0	0.0	0.0	0.0	0.0	0.0	0.0	0.0	0.0	0.0	0.0	0.0	0.0	0.0	0.0	0.0	0.0	0.0	0.0	0.0	0.0	0.0	0.0	0.0	0.0	0.0	0.0	0.0	0.0	0.0	0.0	0.0	0.0	0.0	0.0	0.0	0.0	0.0	0.0	0.0	0.0	0.0	0.0	0.0	0.0	0.0	0.0	0.0	0.0	0.0	0.0	0.0	0.0	0.0	0.0	0.4202650776	0.1836553853	-0.3906680192	-1.324316371	0.05809922221	-0.5131158345	0.953207773	1.30069698	0.987219623	-0.2126585408	0.4002891895	-0.7947643705	-0.1841688139	0.3908778097	1.156554476	-0.2165708561	0.4024855831	0.746560603	1.263508502	0.1399400527	-0.07991616141	-0.4892056322	0.6709145125	0.4860734095	0.8555284205	-0.01174986308	-0.3348721761	-0.5760352485	1.693635284	0.8076292857	0.734659339	-1.727565247	0.632886769	-1.055027991
8898.838572693066	12.242565651238694	79189327.94284998	149.88041372488942	7246.55984665891	-5.191719996675602	26.953956523881306	52512629.61120921	7732.834163404163	-0.3791766540725803	59796724.19871055	0.14377493499367722	7697.316596683967	10454.88709740085	0.5012840000000001	21.430649	0.14581699999999986	0.0893355	-0.0031311247999999997	0.0379941123	0.0168874823	-0.0369404283	0.0054489078000000005	-0.054847325999999995	-0.0401651029	0.005796915400000001	-0.0411368988	-0.007761191999999998	0.0102716809	0.0042596711	0.0374574481	-0.030405551200000002	-0.007721837099999998	0.0105238971	-0.0054743286	0.0345734215	-0.036032345099999995	0.0192255144	-0.052939559299999994	-0.050826221799999995	0.0226003462	0.0643168315	0.0157916882	-0.113658	0.0026430000000000065	0.012918140964	6.985449000000034e-06	0.264172	0.07478999999999998	0.005593544099999995	0.06978684558399997	1.11497	0.043519999999999996	1.2431581009	0.0018939904000000005	0.0126251	-0.00012660000000000102	1.6027560000000256e-08	0.00015939315001	0.0160411	0.00019789999999999736	0.00025731688921	3.916440999999897e-08	-0.0048265	0.00017277999999999998	2.9852928399999986e-08	2.329510225e-05	0.0	0.0	0.0	0.0	0.0	0.0	0.0	0.0	0.0	0.0	0.0	0.0	0.0	0.0	0.0	0.0	0.0	0.0	0.0	0.0	0.0	0.0	0.0	0.0	0.0	0.0	0.0	0.0	0.0	0.0	0.0	0.0	0.0	0.0	0.0	0.0	0.0	0.0	0.0	0.0	0.0	0.0	0.0	0.0	0.0	0.0	0.0	0.0	0.0	0.0	0.0	0.0	0.0	0.0	0.0	0.0	0.0	0.0	0.0	0.0	0.0	0.0	0.0	0.0	0.0	0.0	0.0	0.0	0.0	0.0	0.0	0.0	0.0	0.0	0.0	0.0	0.0	0.0	0.0	0.0	0.0	0.0	0.0	0.0	0.0	0.0	0.0	0.0	0.0	0.0	0.0	0.0	0.0	0.0	0.0	0.0	0.0	0.0	0.0	0.0	0.0	0.0	0.0	0.424799533	0.2558574866	-0.4543233329	-1.357173895	0.4234392151	-0.3199413607	0.4478177435	1.351885267	0.9916233077	0.1517008	0.767515249	-0.8807468574	-0.2330244675	0.4109033863	1.192173138	-0.2216721714	0.1212461525	1.194575779	1.374084204	0.07441884582	-0.1420358105	-0.4425688558	1.081287192	0.5282795472	0.8588681565	0.2945774301	-0.07758896527	-0.405456466	1.423949352	0.5039893662	0.04709793201	-1.792305196	0.7237301943	-1.38406718
8886.776172866772	-12.062399826294493	78974790.74663259	145.50148956938946	7270.944125041557	24.3842783826467	594.5930322424111	52866628.46947633	7723.036373123041	-9.797790281121706	59645290.8205815	95.99669439284295	7687.6743566327505	10509.647014804146	0.535027	22.87324	0.10808600000000004	0.07791489999999998	-0.0038316721000000004	0.0370574603	0.0215871461	-0.038926788399999995	0.011597636299999999	-0.0529633743	-0.0345381263	-0.0350113502	-0.009688575500000001	-0.0018419327	-0.0022206682	0.018711485	0.0258936089	-0.0256050117	-0.0017789218	-0.0018810714000000001	-0.0199717853	0.0243370705	-0.030460494900000006	0.0188243946	-0.05341343690000002	-0.0500427527	0.024165130400000002	0.06416645900000001	0.0133380076	-0.109524	0.004133999999999999	0.011995506576	1.708995599999999e-05	0.337662	0.07349	0.0054007801000000005	0.11401562624399995	1.11507	9.9999999999989e-05	1.2433811048999999	9.999999999997797e-09	0.012201300000000005	-0.000423799999999995	1.7960643999999572e-07	0.00014887172169000012	0.0162086	0.00016750000000000098	0.00026271871396	2.8056250000000328e-08	-0.00484244	-1.5939999999999878e-05	2.540835999999961e-10	2.34492251536e-05	0.0	0.0	0.0	0.0	0.0	0.0	0.0	0.0	0.0	0.0	0.0	0.0	0.0	0.0	0.0	0.0	0.0	0.0	0.0	0.0	0.0	0.0	0.0	0.0	0.0	0.0	0.0	0.0	0.0	0.0	0.0	0.0	0.0	0.0	0.0	0.0	0.0	0.0	0.0	0.0	0.0	0.0	0.0	0.0	0.0	0.0	0.0	0.0	0.0	0.0	0.0	0.0	0.0	0.0	0.0	0.0	0.0	0.0	0.0	0.0	0.0	0.0	0.0	0.0	0.0	0.0	0.0	0.0	0.0	0.0	0.0	0.0	0.0	0.0	0.0	0.0	0.0	0.0	0.0	0.0	0.0	0.0	0.0	0.0	0.0	0.0	0.0	0.0	0.0	0.0	0.0	0.0	0.0	0.0	0.0	0.0	0.0	0.0	0.0	0.0	0.0	0.0	0.0	0.3816171835	0.2424414755	-0.4478356639	-1.353851307	0.004168928425	-0.2346931202	0.9676702589	1.370764517	1.028919078	-0.4466954946	0.441214803	-0.8339456737	-0.07918431093	0.501576864	1.337225005	-0.1510414588	0.4794536442	0.8143440481	1.466455672	0.09499544591	0.06093967452	-0.4777163482	0.7039041346	0.8633606824	0.8780700986	1.232724543	-0.1251232986	-0.5738429443	1.099493397	0.6475344762	0.348084785	-0.9041275374	0.8437288525	-1.145880815
8895.2285192245	8.452346357727947	79125090.40922488	71.4421589509969	7283.8062749335095	12.862149891952868	165.43489984306316	53053833.85076077	7741.958251624832	18.92187850179107	59937917.56990182	358.0374860365431	7706.65848021712	10538.464914931545	0.578072	24.713448	0.26356699999999994	0.163349	-0.005712770600000001	0.035951132999999996	0.020190933	-0.045773437800000004	0.0153968973	-0.0555429367	-0.0044847105	-0.0218330025	-0.027784784500000003	-0.0101454781	0.0059866832	0.0183587771	0.0300251226	-0.0163769334	-0.0104378621	0.0064083889	-0.0192500752	0.029394724100000002	-0.0202505249	0.0184224751	-0.053878238200000005	-0.0492401508	0.0257134902	0.0639479444	0.010863931	-0.119138	-0.009614000000000013	0.014193863044000003	9.242899600000022e-05	0.190614	-0.14704799999999996	0.021623114303999987	0.036333696995999996	1.07413	-0.040939999999999976	1.1537552569	0.0016760835999999981	0.012891299999999998	0.0006899999999999928	4.7609999999998987e-07	0.00016618561568999994	0.0157019	-0.0005066999999999988	0.00024654966361000005	2.567448899999988e-07	-0.00496504	-0.00012260000000000049	1.503076000000012e-08	2.4651622201600008e-05	0.0	0.0	0.0	0.0	0.0	0.0	0.0	0.0	0.0	0.0	0.0	0.0	0.0	0.0	0.0	0.0	0.0	0.0	0.0	0.0	0.0	0.0	0.0	0.0	0.0	0.0	0.0	0.0	0.0	0.0	0.0	0.0	0.0	0.0	0.0	0.0	0.0	0.0	0.0	0.0	0.0	0.0	0.0	0.0	0.0	0.0	0.0	0.0	0.0	0.0	0.0	0.0	0.0	0.0	0.0	0.0	0.0	0.0	0.0	0.0	0.0	0.0	0.0	0.0	0.0	0.0	0.0	0.0	0.0	0.0	0.0	0.0	0.0	0.0	0.0	0.0	0.0	0.0	0.0	0.0	0.0	0.0	0.0	0.0	0.0	0.0	0.0	0.0	0.0	0.0	0.0	0.0	0.0	0.0	0.0	0.0	0.0	0.0	0.0	0.0	0.0	0.0	0.0	0.4957218783	0.2329479849	-0.4115934657	-1.378545575	0.4702577065	-0.4866799808	0.5430155607	1.281839273	0.9741182961	0.03767278456	0.5200562885	-0.8733952486	-0.1463295998	0.3846278988	1.163773926	-0.2478068432	0.09166607292	0.992892696	1.795709132	-0.127132241	-0.02160533766	-0.6380788873	1.044705077	0.3276435633	0.9261309333	1.437538583	-0.1281578464	-0.3670089908	-0.1609168063	0.5673116825	-0.05216778352	-1.343875689	1.022133978	-0.8099032894
8872.559243603762	-22.66927562073761	78722307.53125857	513.8960571689685	7263.980643284574	-19.825631648935087	393.0556702792566	52765414.78601298	7725.930790017614	-16.027461607218356	59690006.57214218	256.87952557085845	7691.578153458109	10447.782812064625	0.542656	23.199377	0.2391029999999999	0.169132	0.0019862988	0.0357739333	0.021227280600000002	-0.0380308063	0.0074715576	-0.0566964605	0.0043209688	-0.0351816479	-0.005994204	-0.0011501248	-0.0008935628	0.0247015736	0.0352128032	-0.008194341800000001	-0.0015383695	-0.0002778489	-0.025222438399999998	0.0357208463	-0.01054473	0.018019773	-0.0543338842	-0.0484187232	0.027244373199999998	0.06366151980000001	0.0083732417	-0.11946	-0.00032199999999998896	0.0142706916	1.036839999999929e-07	0.35059	0.159976	0.025592320576000003	0.1229133481	1.1194	0.04526999999999992	1.25305636	0.0020493728999999928	0.0126393	-0.00025199999999999875	6.350399999999938e-08	0.00015975190448999998	0.0160393	0.0003373999999999981	0.00025725914449	1.1383875999999874e-07	-0.00488374	8.13000000000003e-05	6.609690000000048e-09	2.3850916387600006e-05	0.0	0.0	0.0	0.0	0.0	0.0	0.0	0.0	0.0	0.0	0.0	0.0	0.0	0.0	0.0	0.0	0.0	0.0	0.0	0.0	0.0	0.0	0.0	0.0	0.0	0.0	0.0	0.0	0.0	0.0	0.0	0.0	0.0	0.0	0.0	0.0	0.0	0.0	0.0	0.0	0.0	0.0	0.0	0.0	0.0	0.0	0.0	0.0	0.0	0.0	0.0	0.0	0.0	0.0	0.0	0.0	0.0	0.0	0.0	0.0	0.0	0.0	0.0	0.0	0.0	0.0	0.0	0.0	0.0	0.0	0.0	0.0	0.0	0.0	0.0	0.0	0.0	0.0	0.0	0.0	0.0	0.0	0.0	0.0	0.0	0.0	0.0	0.0	0.0	0.0	0.0	0.0	0.0	0.0	0.0	0.0	0.0	0.0	0.0	0.0	0.0	0.0	0.0	0.4037750072	0.2186089791	-0.479900475	-1.440361271	0.07022709856	-0.2134351094	0.8283566038	1.308556062	0.978070211	-0.4653734107	0.2838047975	-0.9243238592	-0.08130102649	0.688374968	1.292515025	-0.1232338338	0.3598247813	0.708418912	1.628481306	-0.03552151554	0.06032597404	-0.5035921322	0.6404071849	0.7988828313	0.7377186152	1.366080736	-0.04220410985	-0.5162661167	-0.5330451936	0.6497523417	0.3850512107	-0.7241952664	0.573869034	-0.4454832235
8900.842603387906	28.28335978414361	79224999.05028519	799.9484406793123	7299.232407849901	35.251764565326994	1242.6869049692439	53278793.74380627	7743.7583443347985	17.827554317184877	59965793.29545482	317.8216929321772	7710.502604558947	10755.246420586833	0.643898	27.527636	0.216993	0.117172	-0.0102333984	0.0403696074	0.022211103599999997	-0.048421905999999994	0.015749356000000003	-0.0400246795	0.0198853518	-0.0028849868	-0.0034284136999999998	-0.012368455300000001	0.0115680153	0.0089152198	0.0276514666	0.0020337873	-0.012928563899999999	0.0119300156	-0.008776541700000001	0.0295527769	0.0030969078	0.0176163054	-0.0547802975	-0.047578783799999996	0.028756738900000002	0.06330748929999999	0.0058697485	-0.107859	0.011601	0.011633563881000002	0.000134583201	0.288933	-0.061657000000000024	0.0038015856490000014	0.083482278489	1.01961	-0.09978999999999982	1.0396045521000004	0.009958044099999964	0.0124334	-0.00020589999999999845	4.239480999999936e-08	0.00015458943556000002	0.015568	-0.0004712999999999992	0.000242362624	2.2212368999999923e-07	-0.00468204	0.0002017	4.068288999999999e-08	2.1921498561600006e-05	0.0	0.0	0.0	0.0	0.0	0.0	0.0	0.0	0.0	0.0	0.0	0.0	0.0	0.0	0.0	0.0	0.0	0.0	0.0	0.0	0.0	0.0	0.0	0.0	0.0	0.0	0.0	0.0	0.0	0.0	0.0	0.0	0.0	0.0	0.0	0.0	0.0	0.0	0.0	0.0	0.0	0.0	0.0	0.0	0.0	0.0	0.0	0.0	0.0	0.0	0.0	0.0	0.0	0.0	0.0	0.0	0.0	0.0	0.0	0.0	0.0	0.0	0.0	0.0	0.0	0.0	0.0	0.0	0.0	0.0	0.0	0.0	0.0	0.0	0.0	0.0	0.0	0.0	0.0	0.0	0.0	0.0	0.0	0.0	0.0	0.0	0.0	0.0	0.0	0.0	0.0	0.0	0.0	0.0	0.0	0.0	0.0	0.0	0.0	0.0	0.0	0.0	0.0	0.4811213772	0.3041844664	-0.3087981151	-1.298942057	0.3698851571	-0.2081361281	0.7178746784	1.425819638	1.069817174	0.003346368998	0.7842619976	-0.9768369753	-0.07273457377	0.369696081	1.221380029	-0.0618972083	0.0516557575	1.160632553	1.664545485	-0.147322614	0.2252211568	-0.7845709603	1.050281175	0.1803424743	1.074374305	0.7064184641	-0.1942622507	-0.3936538799	-0.7726739993	0.7317144212	-0.0659384373	0.5698766892	0.4183475195	0.7020356234
8889.24031546856	-11.602287919346054	79018593.38615158	134.61308496340342	7287.673362699466	-11.55904515043494	133.61152478979352	53110183.04139935	7745.635707716726	1.8773633819273527	59994872.51665638	3.5244932678017067	7711.291232056414	10692.881242812844	0.668609	28.584042	0.26182849999999985	0.158722	-0.0146699583	0.0324157179	0.0247529023	-0.046327854	0.0079206908	-0.025254237599999996	0.0004764907	0.0168488032	-0.0181388146	-0.0103803118	-0.0039057723999999998	0.0105670725	0.0249255735	0.012509311100000002	-0.0104913848	-0.0037683659999999996	-0.010078045	0.026163396600000003	0.015095926	0.017212089399999998	-0.055217402199999994	-0.0467206537	0.0302495594	0.062886229	0.0033572794	-0.110109	-0.002250000000000002	0.012123991881	5.062500000000009e-06	0.183437	-0.105496	0.011129406016	0.033649132969	0.939822	-0.07978800000000019	0.8832653916839999	0.006366124944000031	0.0135987	0.0011652999999999993	1.3579240899999984e-06	0.00018492464168999998	0.0156715	0.00010350000000000116	0.00024559591225	1.071225000000024e-08	-0.00489913	-0.00021708999999999964	4.712806809999985e-08	2.40014747569e-05	0.0	0.0	0.0	0.0	0.0	0.0	0.0	0.0	0.0	0.0	0.0	0.0	0.0	0.0	0.0	0.0	0.0	0.0	0.0	0.0	0.0	0.0	0.0	0.0	0.0	0.0	0.0	0.0	0.0	0.0	0.0	0.0	0.0	0.0	0.0	0.0	0.0	0.0	0.0	0.0	0.0	0.0	0.0	0.0	0.0	0.0	0.0	0.0	0.0	0.0	0.0	0.0	0.0	0.0	0.0	0.0	0.0	0.0	0.0	0.0	0.0	0.0	0.0	0.0	0.0	0.0	0.0	0.0	0.0	0.0	0.0	0.0	0.0	0.0	0.0	0.0	0.0	0.0	0.0	0.0	0.0	0.0	0.0	0.0	0.0	0.0	0.0	0.0	0.0	0.0	0.0	0.0	0.0	0.0	0.0	0.0	0.0	0.0	0.0	0.0	0.0	0.0	0.0	0.5153974916	0.155542093	-0.250585411	-1.214307248	-0.07698360141	-0.5765918019	0.8432778876	1.311091841	0.9781716	-0.3544150405	0.292409921	-0.6358011455	-0.157312187	0.6266998289	1.142697484	-0.1614724898	0.3666409642	0.7940059697	1.589718197	0.008554128982	0.03672204315	-0.353219169	0.737098647	0.2340909312	0.9102837275	-1.004146141	-0.5230873664	-0.5018599983	-0.2591588103	0.9415327572	0.6464373132	0.0559297684	0.4216255106	1.112651377
8920.71985186376	31.47953639519983	79579242.67543618	990.9612116567108	7287.633663875498	-0.03969882396813773	0.0015759966244531867	53109604.41885142	7755.530356057927	9.894648341200991	60148251.10373599	97.90406579603152	7721.544076797524	10978.982849089727	0.758212	32.414719	0.43035650000000014	0.234054	-0.0319150165	0.0237506739	0.021006672	-0.054056415499999996	0.0071011252	-0.023823101099999997	-0.0107513607	0.0328117332	-0.0199789317	-0.0159560929	0.012046675	0.0005796748	0.029569468999999998	-4.4818100000000004e-05	-0.0162062327	0.0121907677	7.96921e-05	0.030336263	0.0016679444000000001	0.0168071422	-0.055645124000000004	-0.045844661200000004	0.03172182	0.0623981861	0.0008396765	-0.108662	0.0014470000000000036	0.011807430243999998	2.0938090000000112e-06	0.373256	0.18981900000000002	0.036031252760999985	0.13932004153599994	0.832764	-0.107058	0.6934958796959999	0.011461415363999998	0.0114352	-0.0021635000000000005	4.6807322500000015e-06	0.00013076379904	0.0155835	-8.800000000000127e-05	0.00024284547224999998	7.744000000000223e-09	-0.00450998	0.0003891499999999996	1.5143772249999964e-07	2.0339919600400006e-05	0.0	0.0	0.0	0.0	0.0	0.0	0.0	0.0	0.0	0.0	0.0	0.0	0.0	0.0	0.0	0.0	0.0	0.0	0.0	0.0	0.0	0.0	0.0	0.0	0.0	0.0	0.0	0.0	0.0	0.0	0.0	0.0	0.0	0.0	0.0	0.0	0.0	0.0	0.0	0.0	0.0	0.0	0.0	0.0	0.0	0.0	0.0	0.0	0.0	0.0	0.0	0.0	0.0	0.0	0.0	0.0	0.0	0.0	0.0	0.0	0.0	0.0	0.0	0.0	0.0	0.0	0.0	0.0	0.0	0.0	0.0	0.0	0.0	0.0	0.0	0.0	0.0	0.0	0.0	0.0	0.0	0.0	0.0	0.0	0.0	0.0	0.0	0.0	0.0	0.0	0.0	0.0	0.0	0.0	0.0	0.0	0.0	0.0	0.0	0.0	0.0	0.0	0.0	0.4706757972	0.3467716878	-0.04025565242	-0.9912687665	0.3790489584	-0.2958128049	0.4171721211	1.509460712	1.090425096	0.265886108	0.9353357791	-0.8483679491	-0.1328494795	0.6145340605	1.32265666	-0.1300249058	-0.2437041814	1.332740593	1.228993508	-0.07257108367	0.02169534334	-0.6468825474	1.192429244	0.1028981537	1.264718524	-1.137085577	-0.4730673561	-0.3458089154	0.5670720889	0.918441989	-0.1160453297	0.2196618208	0.3173746603	0.907798009
8920.509830415054	-0.21002144870544728	79575495.63453162	0.04410900891633481	7319.597143814411	31.963479938912315	1021.66404980525	53576502.34773608	7754.065950250903	-1.4644058070234678	60125538.76084045	2.144484367644054	7719.529971417787	10895.330344393222	0.6356149999999999	27.173527000000004	0.1662415	0.110408	-0.0238204922	0.0262025051	0.0167173695	-0.050415594800000005	0.023124187400000003	-0.022510448399999997	-0.028963580699999998	0.0053726487	-0.030484342299999998	-0.0126701323	-0.0037852925	0.010421347	0.0297344929	-0.020501105800000002	-0.012589166799999999	-0.0036027035	-0.0110334444	0.0281566238	-0.0225838498	0.016401481000000002	-0.0560633903	-0.04495114099999999	0.0331725201	0.061843879000000004	-0.0016792104000000001	-0.1035	0.005162	0.01071225	2.6646244000000003e-05	0.331737	-0.041518999999999966	0.0017238273609999975	0.110049437169	0.8236609999999999	-0.009103000000000085	0.6784174429209998	8.286460900000152e-05	0.0132582	0.001823	3.323329e-06	0.00017577986724	0.0152624	-0.00032110000000000125	0.00023294085376	1.031052100000008e-07	-0.00444493	6.505000000000052e-05	4.2315025000000675e-09	1.97574027049e-05	0.0	0.0	0.0	0.0	0.0	0.0	0.0	0.0	0.0	0.0	0.0	0.0	0.0	0.0	0.0	0.0	0.0	0.0	0.0	0.0	0.0	0.0	0.0	0.0	0.0	0.0	0.0	0.0	0.0	0.0	0.0	0.0	0.0	0.0	0.0	0.0	0.0	0.0	0.0	0.0	0.0	0.0	0.0	0.0	0.0	0.0	0.0	0.0	0.0	0.0	0.0	0.0	0.0	0.0	0.0	0.0	0.0	0.0	0.0	0.0	0.0	0.0	0.0	0.0	0.0	0.0	0.0	0.0	0.0	0.0	0.0	0.0	0.0	0.0	0.0	0.0	0.0	0.0	0.0	0.0	0.0	0.0	0.0	0.0	0.0	0.0	0.0	0.0	0.0	0.0	0.0	0.0	0.0	0.0	0.0	0.0	0.0	0.0	0.0	0.0	0.0	0.0	0.0	0.5336169134	0.2331868904	-0.1314849351	-0.9647312224	-0.1348903338	-0.2615333244	1.020908444	1.610295247	1.090378318	-0.2129150841	0.703543206	-0.5684473188	0.0396199316	0.5623209727	1.571223815	-0.007662885108	0.1709918473	1.000348495	1.18360315	0.07225556913	0.2208784422	-0.6453129375	0.7207057775	0.5140168529	1.184148483	-0.2435619529	-0.7514536534	-0.474864466	1.403794541	1.181719095	0.602090525	-0.6207069022	0.889694031	0.3759579516
8921.739059141204	1.2292287261498132	79597427.83940578	1.5110032611918924	7297.226383809842	-22.370760004568186	500.45090318198737	53249512.89657047	7758.298530472603	4.232580221699209	60191196.08793335	17.914735333119324	7722.73662233478	10658.226809628086	0.795415	34.005222	0.4423690000000001	0.213214	-0.004264352	0.0361763935	0.012170180800000001	-0.0550917752	0.0172337877	-0.0467958341	-0.033629394	-0.0055774168	-0.0567353976	-0.0146081126	0.0087942171	0.0102367567	0.0360316932	-0.021320147200000004	-0.014378140900000001	0.0090619426	-0.011406358	0.0329480484	-0.0271706702	0.0159951231	-0.0564721299	-0.0440404347	0.0346006737	0.0612238964	-0.0041955295000000005	-0.108142	-0.004642000000000007	0.011694692164	2.1548164000000067e-05	0.180213	-0.151524	0.022959522576	0.032476725369	0.907957	0.08429600000000015	0.8243859138490001	0.007105815616000025	0.0157762	0.002518000000000001	6.340324000000006e-06	0.00024888848644	0.016187899999999998	0.0009254999999999992	0.0002620481064099999	8.565502499999986e-07	-0.00503957	-0.0005946400000000003	3.535967296000005e-07	2.53972657849e-05	0.0	0.0	0.0	0.0	0.0	0.0	0.0	0.0	0.0	0.0	0.0	0.0	0.0	0.0	0.0	0.0	0.0	0.0	0.0	0.0	0.0	0.0	0.0	0.0	0.0	0.0	0.0	0.0	0.0	0.0	0.0	0.0	0.0	0.0	0.0	0.0	0.0	0.0	0.0	0.0	0.0	0.0	0.0	0.0	0.0	0.0	0.0	0.0	0.0	0.0	0.0	0.0	0.0	0.0	0.0	0.0	0.0	0.0	0.0	0.0	0.0	0.0	0.0	0.0	0.0	0.0	0.0	0.0	0.0	0.0	0.0	0.0	0.0	0.0	0.0	0.0	0.0	0.0	0.0	0.0	0.0	0.0	0.0	0.0	0.0	0.0	0.0	0.0	0.0	0.0	0.0	0.0	0.0	0.0	0.0	0.0	0.0	0.0	0.0	0.0	0.0	0.0	0.0	0.7070257634	0.1864845129	-0.2779796853	-1.197507406	0.5008958156	-0.4873514616	0.388814347	1.426347941	0.8219995467	0.1038728461	0.8619592844	-0.7376068661	0.1344166548	0.6679088861	1.470006233	-0.2568044179	0.07289887311	1.284450355	1.308258289	-0.1396914108	0.07051944159	-0.5200958238	1.061228342	0.04189549081	0.864887054	0.8213974714	-0.2585137433	-0.2739085898	0.7766388202	1.203740059	0.1531920202	-2.078984264	1.294637037	-0.7170515256
8905.222695035645	-16.51636410555875	79302991.24817792	272.7902832673895	7311.552695416391	14.326311606549098	205.24320424794342	53458802.8178507	7745.704872504097	-12.593657968505795	59995943.97193371	158.6002210277095	7708.86752867636	10464.837815852228	0.7635810000000001	32.644271999999994	0.4896725000000001	0.25664000000000003	0.020688678000000002	0.044882982800000006	0.0043751761	-0.0472550671	0.0213405269	-0.0534908824	-0.0128720658	-0.0334209921	-0.039233904900000005	-0.0051496657	0.0023625973000000002	0.0194590211	0.0367833544	-0.0125465156	-0.0047594355	0.0026021459	-0.020778190800000002	0.0344936544	-0.018161548700000002	0.0155880856	-0.0568712735	-0.0431128907	0.0360053101	0.0605388965	-0.006705432900000001	-0.147921	-0.039779	0.021880622241000004	0.0015823688409999995	0.398848	0.218635	0.04780126322499999	0.15907972710399998	1.03618	0.12822299999999984	1.0736689923999998	0.016441137728999966	0.017405700000000003	0.0016295000000000025	2.655270250000008e-06	0.00030295839249000017	0.0159204	-0.0002674999999999969	0.00025345913616000004	7.155624999999836e-08	-0.00487586	0.00016371000000000007	2.6800964100000023e-08	2.37740107396e-05	0.0	0.0	0.0	0.0	0.0	0.0	0.0	0.0	0.0	0.0	0.0	0.0	0.0	0.0	0.0	0.0	0.0	0.0	0.0	0.0	0.0	0.0	0.0	0.0	0.0	0.0	0.0	0.0	0.0	0.0	0.0	0.0	0.0	0.0	0.0	0.0	0.0	0.0	0.0	0.0	0.0	0.0	0.0	0.0	0.0	0.0	0.0	0.0	0.0	0.0	0.0	0.0	0.0	0.0	0.0	0.0	0.0	0.0	0.0	0.0	0.0	0.0	0.0	0.0	0.0	0.0	0.0	0.0	0.0	0.0	0.0	0.0	0.0	0.0	0.0	0.0	0.0	0.0	0.0	0.0	0.0	0.0	0.0	0.0	0.0	0.0	0.0	0.0	0.0	0.0	0.0	0.0	0.0	0.0	0.0	0.0	0.0	0.0	0.0	0.0	0.0	0.0	0.0	0.6585690966	0.08933478501	-0.5596474483	-1.365735947	0.1025692649	-0.1608353894	0.8562030659	1.485558747	0.8749176852	-0.2823962662	0.3875345005	-0.5826080661	0.1395406482	0.880040154	1.514112732	-0.02433442279	0.6999434048	0.7157253371	1.301358611	-0.02773538099	0.2200058164	-0.3770088706	0.6610777041	0.6186599671	0.4320860471	1.419853899	-0.1463126526	-0.2822043466	0.3941561138	1.203420805	0.9262323985	-0.7961558334	1.525295806	-0.7417006904
8893.741472957385	-11.481222078260545	79098637.3878022	131.81846041033737	7305.817537088597	-5.7351583277941245	32.892041044866296	53374969.8852313	7736.702630481182	-9.002242022915198	59856567.59249444	81.04036143914031	7700.455510024957	10240.84448543286	1.188202	50.797462	0.7670494999999999	0.374464	0.07180380410000001	0.0480178398	-0.0514185294	-0.0685521069	0.009897635200000001	-0.0657558922	0.026206003	-0.0184916067	-0.0406745132	-0.0003930875	0.029877958599999997	0.020122831100000002	0.0565801521	-0.0068837295	-0.0002204747	0.030131292200000007	-0.0210773828	0.054161896200000004	-0.0134071332	0.015180385900000001	-0.0572607532	-0.042168863499999994	0.0373854745	0.059789606900000014	-0.0092050827	-0.232621	-0.0847	0.054112529641	0.007174089999999998	0.578504	0.17965600000000004	0.03227627833600001	0.33466687801600004	1.37142	0.3352400000000002	1.8807928164000003	0.11238585760000014	0.0200677	0.0026619999999999977	7.086243999999988e-06	0.00040271258329	0.0162131	0.00029269999999999985	0.00026286461161000003	8.567328999999994e-08	-0.00448149	0.0003943699999999998	1.5552769689999982e-07	2.00837526201e-05	0.0	0.0	0.0	0.0	0.0	0.0	0.0	0.0	0.0	0.0	0.0	0.0	0.0	0.0	0.0	0.0	0.0	0.0	0.0	0.0	0.0	0.0	0.0	0.0	0.0	0.0	0.0	0.0	0.0	0.0	0.0	0.0	0.0	0.0	0.0	0.0	0.0	0.0	0.0	0.0	0.0	1.0	0.0	0.0	0.0	0.0	0.0	0.0	0.0	0.0	0.0	0.0	0.0	0.0	0.0	0.0	0.0	0.0	0.0	0.0	0.0	0.0	0.0	0.0	0.0	0.0	0.0	0.0	0.0	0.0	0.0	0.0	0.0	0.0	0.0	0.0	0.0	0.0	0.0	0.0	0.0	0.0	0.0	0.0	0.0	0.0	0.0	0.0	0.0	0.0	0.0	0.0	0.0	0.0	0.0	0.0	0.0	0.0	0.0	0.0	0.0	0.0	0.0	0.9999508509	0.1439661017	-1.367280024	-1.60072442	0.5533076692	0.5117908129	0.3049172584	1.682139082	1.000729372	0.2749737209	1.305657526	-0.8150689597	0.4301642709	1.224271654	1.665498181	0.560664862	-0.103715969	1.236867148	1.539331278	-0.06253315162	0.4197682106	-0.2933064494	1.050308173	0.6322805021	0.2023558319	1.567518714	0.4219655925	1.043126245	0.216387686	1.314766727	-0.02937476925	0.9121255073	1.478104871	-0.7409711632
8805.675749336106	-88.06572362127918	77539925.40244599	7755.5716769395285	7225.740511760307	-80.0770253282908	6412.3299854277275	52211325.9432941	7688.183848177142	-48.51878230403963	59108170.88337189	2354.072236266789	7653.107940112154	9937.206746116082	1.065364	45.545937	0.5789495	0.276023	0.0941049683	0.015534309599999999	-0.081693341	-0.084823397	-0.022761869599999998	-0.038105151000000004	0.0234344122	-0.049511696200000004	-0.0024955113	0.0253392906	0.028511346	0.0151349839	0.0684444342	-0.01	0.0251305579	0.0287780559	-0.014797063899999999	0.06728388	-0.0108076897	0.0147720414	-0.0576405028	-0.041208714	0.0387402291	0.0589768232	-0.011690656399999999	-0.327641	-0.09501999999999997	0.10734862488099996	0.009028800399999991	0.636659	0.058154999999999964	0.0033820040249999948	0.405334682281	1.60871	0.23729	2.5879478640999998	0.0563065441	0.0236471	0.003579399999999997	1.2812104359999975e-05	0.0005591853384099999	0.0160966	-0.00011650000000000203	0.00025910053156	1.357225000000047e-08	-0.0044077	7.379000000000066e-05	5.444964100000099e-09	1.942781929e-05	0.0	0.0	0.0	0.0	0.0	0.0	0.0	0.0	0.0	0.0	0.0	0.0	0.0	0.0	0.0	0.0	0.0	0.0	0.0	0.0	0.0	0.0	0.0	0.0	0.0	0.0	0.0	0.0	0.0	0.0	0.0	0.0	0.0	0.0	0.0	0.0	0.0	0.0	0.0	0.0	0.0	0.0	1.0	0.0	0.0	0.0	0.0	0.0	0.0	0.0	0.0	0.0	0.0	0.0	0.0	0.0	0.0	0.0	0.0	0.0	0.0	0.0	0.0	0.0	0.0	0.0	0.0	0.0	0.0	0.0	0.0	0.0	0.0	0.0	0.0	0.0	0.0	0.0	0.0	0.0	0.0	0.0	0.0	0.0	0.0	0.0	0.0	0.0	0.0	0.0	0.0	0.0	0.0	0.0	0.0	0.0	0.0	0.0	0.0	0.0	0.0	0.0	0.0	1.253882048	-0.02903410457	-1.976160962	-1.560090329	-0.2237845429	0.7490259715	0.6774679981	1.73093043	1.132295031	-0.05864207266	0.7706876153	-0.468470405	0.7523780427	1.476393312	1.706270552	1.124993443	-0.3791505612	0.6563193491	1.444828412	0.0492352901	0.6241654081	0.08808304988	0.7624944335	1.545227741	0.2900845689	0.490893549	0.02034716967	1.93528658	-0.5107173193	1.11502597	1.523395059	1.390707809	1.174750625	0.2035812444
8795.974681971133	-9.701067364972914	77369170.60587718	94.1107080197425	7167.458034304355	-58.28247745595127	3396.847178403468	51372454.67351405	7704.342806813964	16.158958636821808	59356898.08490606	261.1119442265181	7669.475083641166	9786.390862648192	0.8849940000000001	37.834824	0.4958069999999999	0.309637	0.09486190970000001	0.025835421600000002	-0.0853664349	-0.076362557	-0.04655278559999999	-0.021510216800000002	-0.0014343063	0.0028755584999999996	0.0028182590999999996	0.0169076165	0.050039777	-0.01294173	0.0717681714	-0.0057789466	0.0167392429	0.0499260346	0.014335079799999999	0.0697439493	-0.004930057	0.0143630693	-0.05801045780000001	-0.0402328093	0.0400686528	0.0581014087	-0.0141583533	-0.287197	0.04044399999999998	0.08248211680899999	0.0016357171359999984	0.343422	-0.293237	0.08598793816899998	0.11793867008400001	1.65244	0.04373000000000005	2.7305579536000004	0.001912312900000004	0.0225922	-0.0010548999999999977	1.1128140099999949e-06	0.00051040750084	0.015166399999999997	-0.0009302000000000008	0.00023001968895999995	8.652720400000015e-07	-0.00479052	-0.00038282000000000073	1.4655115240000056e-07	2.2949081870400006e-05	0.0	0.0	0.0	0.0	0.0	0.0	0.0	0.0	0.0	0.0	0.0	0.0	0.0	0.0	0.0	0.0	0.0	0.0	0.0	0.0	0.0	0.0	0.0	0.0	0.0	0.0	0.0	0.0	0.0	0.0	0.0	0.0	0.0	0.0	0.0	0.0	0.0	0.0	0.0	0.0	0.0	0.0	0.0	0.0	0.0	0.0	0.0	0.0	0.0	0.0	0.0	0.0	0.0	0.0	0.0	0.0	0.0	0.0	0.0	0.0	0.0	0.0	0.0	0.0	0.0	0.0	0.0	0.0	0.0	0.0	0.0	0.0	0.0	0.0	0.0	0.0	0.0	0.0	0.0	0.0	0.0	0.0	0.0	0.0	0.0	0.0	0.0	0.0	0.0	0.0	0.0	0.0	0.0	0.0	0.0	0.0	0.0	0.0	0.0	0.0	0.0	0.0	0.0	1.020017455	0.07613066206	-1.940533807	-1.450538833	0.5302290514	0.2936495827	0.2521536651	1.557544604	0.921059686	0.7304644348	1.379347359	-0.6307607231	0.1112588366	0.6898668403	1.349480973	0.9013017379	0.1427141482	1.446611603	0.8207448021	0.1739238881	-0.191171378	-0.1411625338	1.058497795	0.2966531377	-0.04760640109	-1.056717895	-0.1136565298	1.364862444	0.07411240829	1.295468316	1.127610681	0.7172702757	0.8305630023	-0.3553745943
8792.251483022499	-3.7231989486335806	77303686.14071134	13.8622104111062	7206.632019302693	39.1739849983378	1534.601100649995	51935545.06163881	7719.936636808045	15.593829994080807	59597421.6763311	243.16753388429424	7684.317438872837	9751.264777282526	1.062557	45.425941	0.599247	0.344711	0.0764145314	0.0290524255	-0.054953609699999996	-0.0551434917	-0.028699056	-0.024557613399999997	-0.013232841	0.0046699509999999994	-0.0417709757	0.0116622944	0.012320939599999999	0.0200026871	0.062666374	0.0132998472	0.0117235426	0.012351338	-0.0191731697	0.0623680471	0.0142200425	0.013953486999999999	-0.0583705553	-0.0392415225	0.041369842999999996	0.057164292900000004	-0.0166043998	-0.194048	0.09314899999999998	0.037654626304	0.008676736200999997	0.25203600000000004	-0.09138599999999997	0.008351400995999994	0.06352214529600002	1.31857	-0.3338700000000001	1.7386268449000002	0.11146917690000008	0.0214328	-0.0011593999999999981	1.3442083599999952e-06	0.0004593649158400001	0.0153546	0.00018820000000000119	0.00023576374116	3.5419240000000455e-08	-0.00505976	-0.0002692399999999996	7.249017759999977e-08	2.56011712576e-05	0.0	0.0	0.0	0.0	0.0	0.0	0.0	0.0	0.0	0.0	0.0	0.0	0.0	0.0	0.0	0.0	0.0	0.0	0.0	0.0	0.0	0.0	0.0	0.0	0.0	0.0	0.0	0.0	0.0	0.0	0.0	0.0	0.0	0.0	0.0	0.0	0.0	0.0	0.0	0.0	0.0	0.0	0.0	1.0	0.0	0.0	0.0	0.0	0.0	0.0	0.0	0.0	0.0	0.0	0.0	0.0	0.0	0.0	0.0	0.0	0.0	0.0	0.0	0.0	0.0	0.0	0.0	0.0	0.0	0.0	0.0	0.0	0.0	0.0	0.0	0.0	0.0	0.0	0.0	0.0	0.0	0.0	0.0	0.0	0.0	0.0	0.0	0.0	0.0	0.0	0.0	0.0	0.0	0.0	0.0	0.0	0.0	0.0	0.0	0.0	0.0	0.0	0.0	0.7232507791	0.1348098788	-1.226556946	-1.437391436	-0.1450849974	-0.4117980187	0.1526871433	1.338117622	1.104349721	-0.05811270316	0.4194916553	-0.1541243218	-0.3372398481	0.8318058514	1.232108689	0.2879750914	0.6514066019	0.6572687183	0.0828219311	0.03871959722	-0.257808581	-0.01969982864	0.7914883402	0.2641640744	-0.9039402987	-0.9088070493	-0.6090427055	0.3172544323	0.9720438835	0.4464316852	0.4017320133	0.4815721284	1.223571503	0.408268204
8800.584232974355	8.332749951856384	77450282.84167683	69.43472176016259	7186.249344975899	-20.382674326794586	415.4534127121712	51642179.64816653	7722.145013731406	2.2083769233613566	59631523.61309682	4.876928635634972	7685.699899069998	9844.772846186639	0.747915	31.974487	0.264856	0.144255	0.0723824413	0.0303789882	-0.052589341799999995	-0.0556442712	-0.0380250882	-0.0237553944	-0.026314273399999998	0.0134472103	-0.0615001634	0.010395114300000001	0.023454987599999998	0.0062687688	0.0554069057	-0.0047959089000000005	0.0108927902	0.0231456656	-0.0053486872	0.0520673362	-0.005721498100000001	0.013543311899999999	-0.05872073410000001	-0.0382352327	0.0426429151	0.056166470999999996	-0.0190250555	-0.16971	0.024338	0.0288014841	0.000592338244	0.29451	0.04247399999999996	0.001804040675999996	0.0867361401	1.231	-0.08757000000000015	1.5153609999999995	0.007668504900000026	0.0228709	0.0014380999999999975	2.068131609999993e-06	0.00052307806681	0.0148673	-0.0004872999999999995	0.00022103660928999997	2.3746128999999953e-07	-0.00477568	0.00028407999999999987	8.070144639999996e-08	2.28071194624e-05	0.0	0.0	0.0	0.0	0.0	0.0	0.0	0.0	0.0	0.0	0.0	0.0	0.0	0.0	0.0	0.0	0.0	0.0	0.0	0.0	0.0	0.0	0.0	0.0	0.0	0.0	0.0	0.0	0.0	0.0	0.0	0.0	0.0	0.0	0.0	0.0	0.0	0.0	0.0	0.0	0.0	0.0	0.0	0.0	0.0	0.0	0.0	0.0	0.0	0.0	0.0	0.0	0.0	0.0	0.0	0.0	0.0	0.0	0.0	0.0	0.0	0.0	0.0	0.0	0.0	0.0	0.0	0.0	0.0	0.0	0.0	0.0	0.0	0.0	0.0	0.0	0.0	0.0	0.0	0.0	0.0	0.0	0.0	0.0	0.0	0.0	0.0	0.0	0.0	0.0	0.0	0.0	0.0	0.0	0.0	0.0	0.0	0.0	0.0	0.0	0.0	0.0	0.0	0.9168820717	0.003039870874	-1.159503803	-1.54801842	0.4340593694	-0.4995761847	-0.03447701998	1.449001797	0.4664574666	0.3985970711	1.120043621	-0.5370949204	-0.3329480272	0.9782314719	0.9831294855	0.3957425246	-0.1399282548	1.214492977	0.07712039876	-0.5031103651	0.1344707168	-0.1404044937	0.8609644908	-0.08002235208	-0.7244569912	-1.041398151	-1.047513668	0.7843395879	1.763365383	0.9831292761	0.3558987594	-0.4075857497	1.63337607	0.4091373181
8784.904845797335	-15.679387177020544	77174553.1497135	245.84318224691623	7230.242330348238	43.99298537233972	1935.3827619708966	52276404.15555953	7711.095938401711	-11.049075329694462	59461000.57123537	122.08206564126274	7677.142987237073	9765.107566782528	0.8269860000000001	35.354935	0.2647705	0.117632	0.0671402783	0.02255176	-0.042262275	-0.047771351600000005	-0.015726758700000003	-0.031027438900000006	-0.041150906699999996	-4.44741e-05	-0.0503160139	0.0170686763	0.0064957845	0.0125671151	0.053820289900000005	0.0041344326	0.0169658396	0.006892391800000001	-0.012785405	0.052250595999999996	-0.0003415933	0.013132561499999999	-0.05906093480000001	-0.0372143245	0.0438870039	0.0551090028	-0.0214166188	-0.13229100000000002	0.03741899999999998	0.017500908681000002	0.0014001815609999985	0.367204	0.07269399999999998	0.005284417635999997	0.134838777616	1.16998	-0.06101999999999985	1.3688532004	0.003723440399999982	0.022083900000000004	-0.000786999999999996	6.193689999999938e-07	0.0004876986392100002	0.0145485	-0.0003187999999999993	0.00021165885225	1.0163343999999957e-07	-0.00400873	0.0007669499999999997	5.882123024999996e-07	1.6069916212900007e-05	0.0	0.0	0.0	0.0	0.0	0.0	0.0	0.0	0.0	0.0	0.0	0.0	0.0	0.0	0.0	0.0	0.0	0.0	0.0	0.0	0.0	0.0	0.0	0.0	0.0	0.0	0.0	0.0	0.0	0.0	0.0	0.0	0.0	0.0	0.0	0.0	0.0	0.0	0.0	0.0	0.0	0.0	0.0	0.0	0.0	0.0	0.0	0.0	0.0	0.0	0.0	0.0	0.0	0.0	0.0	0.0	0.0	0.0	0.0	0.0	0.0	0.0	0.0	0.0	0.0	0.0	0.0	0.0	0.0	0.0	0.0	0.0	0.0	0.0	0.0	0.0	0.0	0.0	0.0	0.0	0.0	0.0	0.0	0.0	0.0	0.0	0.0	0.0	0.0	0.0	0.0	0.0	0.0	0.0	0.0	0.0	0.0	0.0	0.0	0.0	0.0	0.0	0.0	0.7196682896	-0.07629809709	-1.006101926	-1.404494926	-0.2304004463	-0.7570398224	0.5768590167	1.177787728	0.8894235832	-0.1005636436	-0.01459759077	-0.3986593063	-0.1381591261	0.5064201328	1.165407588	0.1666450878	1.020730623	0.7254972665	-0.2721700668	0.1368481846	0.002724753465	-0.3296099942	0.5323528006	-0.2181419107	-1.038117603	0.3724918745	-0.9329264346	-0.02207927867	1.64326099	0.8031000633	0.4584700588	-0.6180867887	1.32650855	-0.2416828284
8814.765804428656	29.86095863132141	77700096.18692477	891.6768503814886	7231.086270985706	0.8439406374673126	0.7122357995687341	52288608.65843796	7724.054164529114	12.958226127402668	59661012.73657955	167.91562436890115	7689.350809643918	9914.876218994254	0.8302379999999999	35.493942	0.180687	0.129858	0.0679245931	0.0338920766	-0.033931744	-0.0498268829	-0.0169447304	-0.0453225909	0.0182798517	-0.012995856100000001	-0.061150668	0.010619864	0.0275015767	0.018622317700000002	0.057255426799999995	0.0002708725	0.010498663	0.027803304100000002	-0.0187860845	0.055451504000000006	-0.0051776855	0.012721253200000001	-0.0593910994	-0.0361791883	0.0451012638	0.0539930111	-0.0237754328	-0.132713	-0.000421999999999978	0.017612740369	1.7808399999998141e-07	0.382044	0.014840000000000018	0.00022022560000000053	0.14595761793599998	1.2191	0.04912000000000005	1.4862048100000005	0.0024127744000000052	0.0201414	-0.0019425000000000035	3.7733062500000122e-06	0.00040567599395999995	0.0149321	0.0003835999999999996	0.00022296761041	1.4714895999999963e-07	-0.00400873	0.0	0.0	1.6069916212900007e-05	0.0	0.0	0.0	0.0	0.0	0.0	0.0	0.0	0.0	0.0	0.0	0.0	0.0	0.0	0.0	0.0	0.0	0.0	0.0	0.0	0.0	0.0	0.0	0.0	0.0	0.0	0.0	0.0	0.0	0.0	0.0	0.0	0.0	0.0	0.0	0.0	0.0	0.0	0.0	0.0	0.0	0.0	0.0	0.0	0.0	0.0	0.0	0.0	0.0	0.0	0.0	0.0	0.0	0.0	0.0	0.0	0.0	0.0	0.0	0.0	0.0	0.0	0.0	0.0	0.0	0.0	0.0	0.0	0.0	0.0	0.0	0.0	0.0	0.0	0.0	0.0	0.0	0.0	0.0	0.0	0.0	0.0	0.0	0.0	0.0	0.0	0.0	0.0	0.0	0.0	0.0	0.0	0.0	0.0	0.0	0.0	0.0	0.0	0.0	0.0	0.0	0.0	0.0	0.6640279136	0.06452000908	-0.9780946827	-1.535648119	0.6272081025	-0.4138993316	0.01687149218	1.226061775	0.474692302	0.2975238134	1.245524638	-0.9250865068	-0.1868538752	0.1136651036	1.152304586	0.09580777993	-0.1048164297	1.289860439	0.07021097541	-0.142771513	0.0539007134	-0.7967562863	0.8625051895	-0.04274430315	-0.6647238376	0.9853810562	-0.4985753435	0.1692584973	0.1628095328	0.9757729243	-0.3858760731	0.1951392775	1.582874782	-0.3205307993
8778.037042101092	-36.72876232756426	77053934.3124989	1349.0019821147032	7235.345620532747	4.259349547040984	18.14205856387823	52350226.2485624	7697.231824053291	-26.822340475822788	59247377.75321876	719.4379486009612	7661.713741265714	9850.456309272475	0.8796639999999999	37.606979	0.13927350000000022	0.0776098	0.0729499012	0.0280388203	-0.0299500652	-0.045008603	-0.0131230376	-0.039348602	0.0033238584999999996	-0.0069483399	-0.0493646859	0.027151048599999998	0.0065763596	0.0208111211	0.0521962061	0.010361407900000001	0.0273171846	0.00676634	-0.0204663619	0.0522589863	0.0100122784	0.0123094045	-0.059711172	-0.0351302199	0.0462848695	0.0528196811	-0.0260978903	-0.136069	-0.003355999999999998	0.018514772761	1.1262735999999985e-05	0.441539	0.05949500000000003	0.0035396550250000026	0.194956688521	1.21145	-0.007650000000000157	1.4676111024999998	5.852250000000239e-05	0.0206285	0.00048710000000000067	2.3726641000000072e-07	0.0004255350122500001	0.0157207	0.0007886000000000004	0.00024714040849000004	6.218899600000007e-07	-0.00390898	9.975e-05	9.950062500000005e-09	1.5280124640400007e-05	0.0	0.0	0.0	0.0	0.0	0.0	0.0	0.0	0.0	0.0	0.0	0.0	0.0	0.0	0.0	0.0	0.0	0.0	0.0	0.0	0.0	0.0	0.0	0.0	0.0	0.0	0.0	0.0	0.0	0.0	0.0	0.0	0.0	0.0	0.0	0.0	0.0	0.0	0.0	0.0	0.0	0.0	0.0	0.0	0.0	0.0	0.0	0.0	0.0	0.0	0.0	0.0	0.0	0.0	0.0	0.0	0.0	0.0	0.0	0.0	0.0	0.0	0.0	0.0	0.0	0.0	0.0	0.0	0.0	0.0	0.0	0.0	0.0	0.0	0.0	0.0	0.0	0.0	0.0	0.0	0.0	0.0	0.0	0.0	0.0	0.0	0.0	0.0	0.0	0.0	0.0	0.0	0.0	0.0	0.0	0.0	0.0	0.0	0.0	0.0	0.0	0.0	0.0	0.5952778133	0.1269664518	-1.017701885	-1.445179069	-0.294745724	-0.4097084668	0.7134464973	1.280358368	0.8211042356	-0.3726665735	-0.2248011318	-0.3484110568	-0.07469507705	0.6188931441	1.332827521	0.3574511966	0.9488609582	0.4298864002	0.02976262913	0.05346605685	0.00976526458	-0.396458112	0.6531702994	0.9981076182	-0.9241957792	0.1306261963	-0.9180399201	-0.3226227016	0.4451714305	0.5848290326	0.3783280974	1.160470683	1.158972007	0.7575536595
8800.932651263722	22.895609162629622	77456415.53207988	524.2089189278896	7234.986302152592	-0.35931838015494577	0.12910969831717412	52345026.79233563	7730.3857490816545	33.153925028363126	59758863.82960473	1099.1827447863222	7695.455484776407	9936.12278849493	1.022148	43.698402	0.19861900000000016	0.139235	0.0738887067	0.0345741177	-0.0405805731	-0.052377809000000004	-0.0173872133	-0.0475833517	-0.0023315101	-0.011519786899999999	-0.0665871028	0.0090479426	0.0295253195	0.006436973	0.0601533048	-0.018140816599999998	0.0089910273	0.0299712325	-0.006702969499999999	0.0568850538	-0.0236001362	0.0118970329	-0.06002109820000001	-0.0340678202	0.0474370166	0.0515902588	-0.028380439900000002	-0.14029	-0.0042210000000000025	0.0196812841	1.781684100000002e-05	0.307973	-0.13356600000000002	0.017839876356000005	0.094847368729	1.21866	0.007210000000000161	1.4851321956	5.198410000000232e-05	0.0202191	-0.0004094000000000042	1.6760836000000345e-07	0.0004088120048099999	0.0155013	-0.0002193999999999998	0.00024029030169	4.813635999999991e-08	-0.00435262	-0.0004436399999999995	1.9681644959999951e-07	1.89453008644e-05	0.0	0.0	0.0	0.0	0.0	0.0	0.0	0.0	0.0	0.0	0.0	0.0	0.0	0.0	0.0	0.0	0.0	0.0	0.0	0.0	0.0	0.0	0.0	0.0	0.0	0.0	0.0	0.0	0.0	0.0	0.0	0.0	0.0	0.0	0.0	0.0	0.0	0.0	0.0	0.0	0.0	0.0	0.0	0.0	0.0	0.0	0.0	0.0	0.0	0.0	0.0	0.0	0.0	0.0	0.0	0.0	0.0	0.0	0.0	0.0	0.0	0.0	0.0	0.0	0.0	0.0	0.0	0.0	0.0	0.0	0.0	0.0	0.0	0.0	0.0	0.0	0.0	0.0	0.0	0.0	0.0	0.0	0.0	0.0	0.0	0.0	0.0	0.0	0.0	0.0	0.0	0.0	0.0	0.0	0.0	0.0	0.0	0.0	0.0	0.0	0.0	0.0	0.0	0.7121602515	0.06576603576	-1.052713499	-1.600371975	0.938812703	-0.3334486472	0.1137738014	1.195312744	0.01508022827	0.4546012906	1.62239111	-1.000238793	-0.04037732533	0.09835397794	0.9950080742	0.2939912359	-0.5010532666	1.278030006	0.278242919	-0.2248696685	0.1290866417	-0.769938847	1.05742813	0.2375344701	-0.3184204746	0.5977800838	-0.8160177218	0.3960944064	1.600815309	1.106753826	-0.04252742219	-0.5313483896	2.038447532	-0.6527918773
8743.343213700871	-57.589437562850435	76446050.55256908	3316.5433188054485	7259.966025494516	24.97972334192491	623.9865782391083	52707106.69133465	7709.913666687968	-20.472082393686836	59442768.747781895	419.1061575339024	7674.150139316355	9764.081590344702	1.207136	51.606895	0.06656950000000003	0.0466946	0.0755958784	0.0193448418	-0.0293930351	-0.045091296600000004	0.0028819622999999997	-0.0532234995	-0.016491400700000002	-0.0477871766	-0.0370986775	0.0231068194	-0.005677804200000001	0.0303887648	0.0474380895	-0.0040312585	0.0233519014	-0.0054254227	-0.031504822599999996	0.0465343363	-0.008683043100000001	0.011484155800000001	-0.060320825099999996	-0.0329923955	0.0485569219	0.050306049900000004	-0.0306195914	-0.145556	-0.005265999999999993	0.021186549136000002	2.7730755999999927e-05	0.35120300000000004	0.04323000000000005	0.001868832900000004	0.12334354720900002	1.21821	-0.0004500000000000615	1.4840356041	2.0250000000005526e-07	0.019922400000000003	-0.0002966999999999935	8.803088999999614e-08	0.00039690202176000014	0.0155208	1.9499999999998685e-05	0.00024089523264	3.8024999999994867e-10	-0.00438889	-3.6270000000000566e-05	1.3155129000000416e-09	1.92623554321e-05	0.0	0.0	0.0	0.0	0.0	0.0	0.0	0.0	0.0	0.0	0.0	0.0	0.0	0.0	0.0	0.0	0.0	0.0	0.0	0.0	0.0	0.0	0.0	0.0	0.0	0.0	0.0	0.0	0.0	0.0	0.0	0.0	0.0	0.0	0.0	0.0	0.0	0.0	0.0	0.0	0.0	0.0	0.0	0.0	0.0	0.0	0.0	0.0	0.0	0.0	0.0	0.0	0.0	0.0	0.0	0.0	0.0	0.0	0.0	0.0	0.0	0.0	0.0	0.0	0.0	0.0	0.0	0.0	0.0	0.0	0.0	0.0	0.0	0.0	0.0	0.0	0.0	0.0	0.0	0.0	0.0	0.0	0.0	0.0	0.0	0.0	0.0	0.0	0.0	0.0	0.0	0.0	0.0	0.0	0.0	0.0	0.0	0.0	0.0	0.0	0.0	0.0	0.0	0.5352675404	0.08109648739	-0.9655863432	-1.506899613	-0.3607039844	-0.6428324031	0.7746629344	1.276199245	1.084940557	-0.5959173398	-1.070713108	-0.1479072658	-0.2116973554	0.6568332508	1.548148307	0.5635962806	1.605914455	0.3487716811	-0.1265553437	0.06322907276	-0.07317646935	-0.240204898	0.593503688	0.5016275376	-0.8789639653	1.369629024	-1.183391859	-0.5401502799	0.4246967112	0.2986963551	0.4366458369	0.5679655258	1.629709569	-0.5410677679
8771.559940478199	28.21672677732749	76940263.7894019	796.1836700263506	7228.436669921875	-31.529355572641183	994.1002628260394	52250296.69107125	7746.7844384918835	36.87077180391589	60012669.13646001	1359.4538134164388	7710.567185317497	9853.979826312638	1.810164	77.387268	0.2753695999999999	0.141026	0.0917106966	0.029305333700000002	-0.0338919355	-0.0714520128	-0.0228335327	-0.0695236809	0.037958169900000005	-0.0325470738	-0.0623808081	0.0044135799	0.032052289500000004	0.0169288149	0.060491860700000004	-0.0101814139	0.0048894945	0.032116811099999996	-0.0173772933	0.0566544839	-0.0175119623	0.0110707909	-0.0606103021	-0.031904357	0.0496438243	0.048968418	-0.0328119206	-0.08592289999999997	0.05963310000000002	0.0073827447444099956	0.0035561066156100025	0.42187	0.07066699999999992	0.004993824888999989	0.17797429689999994	1.32535	0.10714	1.7565526225	0.011478979600000005	0.019907	-1.5400000000005687e-05	2.3716000000017514e-10	0.00039628864899999986	0.0152505	-0.00027029999999999936	0.00023257775025	7.306208999999966e-08	-0.00486178	-0.0004728899999999993	2.2362495209999923e-07	2.36369047684e-05	0.0	0.0	0.0	0.0	0.0	0.0	0.0	0.0	0.0	0.0	0.0	0.0	0.0	0.0	0.0	0.0	0.0	0.0	0.0	0.0	0.0	0.0	0.0	0.0	0.0	0.0	0.0	0.0	0.0	0.0	0.0	0.0	0.0	0.0	0.0	0.0	0.0	0.0	0.0	0.0	0.0	0.0	0.0	0.0	1.0	0.0	0.0	0.0	0.0	0.0	0.0	0.0	0.0	0.0	0.0	0.0	0.0	0.0	0.0	0.0	0.0	0.0	0.0	0.0	0.0	0.0	0.0	0.0	0.0	0.0	0.0	0.0	0.0	0.0	0.0	0.0	0.0	0.0	0.0	0.0	0.0	0.0	0.0	0.0	0.0	0.0	0.0	0.0	0.0	0.0	0.0	0.0	0.0	0.0	0.0	0.0	0.0	0.0	0.0	0.0	0.0	0.0	0.0	0.7071096525	0.02477390083	-1.290990245	-1.857465337	1.300374722	-0.05226256732	-0.1112716197	1.410400432	-0.4745079252	0.610858475	2.766457782	-1.62156764	-0.08513639322	0.1762560192	0.6791935051	0.5119914407	-1.760476975	0.4900924741	0.1031643048	-0.6831618098	0.5305343385	-1.166968735	1.858498465	0.1619286356	-0.07152255964	1.130169245	-0.5979875092	1.082951196	0.3839472148	1.433109883	-0.3275305357	1.36030366	2.441032684	-1.135999246
8508.606370029012	-262.95357044918643	72396382.36009829	69144.58021197522	7198.636924841048	-29.79974508082705	888.024806882276	51820373.57568499	7592.081130632634	-154.70330785924943	57639695.8941081	23933.113462593712	7555.29801139865	8811.63580226604	3.594635	153.676147	6.6667079	3.40855	0.1189550573	-0.1080538584	-0.006057271899999999	-0.0256848702	-0.0375939676	0.0173348066	-0.0637181017	-0.0498687221	0.0923571349	0.0891216854	-0.0278709846	-0.0076780816	0.0565142063	-0.0188459281	0.0895535975	-0.027595252	0.0070462956	0.05515969	-0.0190455631	0.0106569557	-0.0608894797	-0.030804120499999997	0.050696985099999994	0.047578783799999996	-0.034954075099999996	0.8510069999999998	0.9369298999999998	0.7242129140489998	0.8778376375140096	-0.339117	-0.760987	0.5791012141690001	0.115000339689	2.42157	1.09622	5.8640012649	1.2016982884	0.0318038	0.011896800000000004	0.00014153385024000007	0.00101148169444	0.010212100000000002	-0.005038399999999998	0.00010428698641000004	2.5385474559999985e-05	-0.06537800000000002	-0.06051622000000002	0.003662212883088403	0.004274282884000002	0.0	0.0	0.0	0.0	0.0	0.0	0.0	0.0	0.0	0.0	0.0	0.0	0.0	0.0	0.0	0.0	0.0	0.0	0.0	0.0	0.0	0.0	0.0	0.0	0.0	0.0	0.0	0.0	0.0	0.0	0.0	0.0	0.0	0.0	0.0	0.0	0.0	0.0	0.0	0.0	0.0	0.0	0.0	0.0	0.0	1.0	0.0	0.0	0.0	0.0	0.0	0.0	0.0	0.0	0.0	0.0	0.0	0.0	0.0	0.0	0.0	0.0	0.0	0.0	0.0	0.0	0.0	0.0	0.0	0.0	0.0	0.0	0.0	0.0	0.0	0.0	0.0	0.0	0.0	0.0	0.0	0.0	0.0	0.0	0.0	0.0	0.0	0.0	0.0	0.0	0.0	0.0	0.0	0.0	0.0	0.0	0.0	0.0	0.0	0.0	0.0	0.0	0.0	1.389146243	-0.7477403744	-3.750308594	-1.558709742	-2.221910529	-0.02041392096	-1.251645175	-1.879804993	2.853290835	-0.8158648172	-2.776693496	1.306526189	-0.6824060137	3.288584755	-0.01985556047	1.440238748	3.265800092	2.106382341	-1.835908832	-0.5927527852	-0.6692611964	-0.04385210851	-0.1035100141	0.8631031526	1.639123671	-1.125480245	-0.3647380726	-0.2590440534	-2.446896074	0.2534765092	0.4817549562	0.6740475385	-0.644209104	-0.1215507763
8509.672788389564	1.0664183605513244	72414530.96545781	1.1372481197209745	6958.38993569232	-240.2469891487281	57718.615795029065	48419190.49714417	7613.089116471383	21.007985838748933	57959125.89533503	441.335469001076	7575.74520298977	8888.015765198947	4.837718	206.819809	8.301476499999998	5.55716	0.1421136059	-0.1292496684	0.0529526857	-0.0433507645	-0.1372804873	0.060930777900000004	0.0725000365	0.0659399858	0.027279058	0.0827581518	0.0462733907	0.0082531758	0.0741392162	0.1000269014	0.0826909249	0.0464329449	-0.0059526303	0.07320085	0.09581220359999999	0.0102426677	-0.0611583107	-0.0296921069	0.0517156884	0.0461386229	-0.0370427793	-0.511667	-1.3626739999999995	0.261803118889	1.8568804302759991	-0.744931	-0.405814	0.164685002596	0.554922194761	2.8426	0.42103	8.08037476	0.1772662609	0.0264718	-0.005332	2.8430224e-05	0.0007007561952399999	0.00162473	-0.008587370000000002	2.6397475729e-06	7.374292351690004e-05	0.0429418	0.10831980000000002	0.011733179072040004	0.00184399818724	0.0	0.0	0.0	0.0	0.0	0.0	0.0	0.0	0.0	0.0	0.0	0.0	0.0	0.0	0.0	0.0	0.0	0.0	0.0	0.0	0.0	0.0	0.0	0.0	0.0	0.0	0.0	0.0	0.0	0.0	0.0	0.0	0.0	0.0	0.0	0.0	0.0	0.0	0.0	0.0	0.0	0.0	0.0	0.0	0.0	0.0	1.0	0.0	0.0	0.0	0.0	0.0	0.0	0.0	0.0	0.0	0.0	0.0	0.0	0.0	0.0	0.0	0.0	0.0	0.0	0.0	0.0	0.0	0.0	0.0	0.0	0.0	0.0	0.0	0.0	0.0	0.0	0.0	0.0	0.0	0.0	0.0	0.0	0.0	0.0	0.0	0.0	0.0	0.0	0.0	0.0	0.0	0.0	0.0	0.0	0.0	0.0	0.0	0.0	0.0	0.0	0.0	0.0	0.8851398166	0.1567080087	-4.545499671	-0.9794597621	1.024323814	-2.724103579	-3.843349957	7.980770386	-3.825793628	-1.877347141	1.356561776	3.254336628	-0.7110726136	0.07925498888	0.2126670844	9.520757234	-3.280027033	-3.664257186	-0.4300212131	-1.736085777	-2.275322217	1.572598751	5.849312775	-0.368759089	-0.4819519759	-1.481357483	-0.53552035	-1.983107249	-0.6408131662	-2.499359806	-5.337580346	-1.723034162	-1.741364202	-1.019210182
8105.4805923192225	-404.1921960703412	65698815.63246357	163371.33136416515	6769.5087828291225	-188.88115286319768	35676.08990693066	45826249.16080063	7344.501851135281	-268.5872653361021	53941707.44132957	72139.1191007257	7307.644736020007	7706.014164715853	5.023199	214.749435	4.1488733999999985	1.89345	0.1360351592	-0.216674487	0.0309354075	0.0961846691	-0.1985781798	0.0492078567	0.08754329220000001	-0.1341557063	-0.0384124228	0.2082777448	-0.0746813202	0.0224135637	-0.0532184594	0.1727223205	0.2092754845	-0.0744252839	-0.0188823612	-0.0414681362	0.1875999916	0.0098279446	-0.0614167493	-0.0285687411	0.052699241900000006	0.044649464699999995	-0.0390748391	-0.0459211	0.4657459	0.0021087474252100002	0.21691924336681	-0.370757	0.37417399999999995	0.140006182276	0.137460753049	2.01757	-0.8250299999999999	4.0705887049000005	0.6806745008999999	0.0202431	-0.0062287	3.879670369e-05	0.00040978309761000004	0.014334200000000004	0.012709470000000002	0.00020546928964000006	0.00016153062768090005	0.0122015	-0.0307403	0.00094496604409	0.00014887660225000002	0.0	0.0	0.0	0.0	0.0	0.0	0.0	0.0	0.0	0.0	0.0	0.0	0.0	0.0	0.0	0.0	0.0	0.0	0.0	0.0	0.0	0.0	0.0	0.0	0.0	0.0	0.0	0.0	0.0	0.0	0.0	0.0	0.0	0.0	0.0	0.0	0.0	0.0	0.0	0.0	0.0	0.0	0.0	0.0	0.0	0.0	0.0	1.0	0.0	0.0	0.0	0.0	0.0	0.0	0.0	0.0	0.0	0.0	0.0	0.0	0.0	0.0	0.0	0.0	0.0	0.0	0.0	0.0	0.0	0.0	0.0	0.0	0.0	0.0	0.0	0.0	0.0	0.0	0.0	0.0	0.0	0.0	0.0	0.0	0.0	0.0	0.0	0.0	0.0	0.0	0.0	0.0	0.0	0.0	0.0	0.0	0.0	0.0	0.0	0.0	0.0	0.0	0.0	0.7737391709	-1.148494086	-1.746385694	-2.071165828	-3.909094375	-0.7970424485	-3.630013615	-1.111601318	-7.135820994	-5.692352079	0.9807338497	-0.9923414547	1.721829151	2.628611463	-0.4974486899	1.02216955	1.740295553	-2.652374098	-1.3503403	2.095775535	2.604394668	2.729182961	-5.675125276	3.343460677	1.404946695	-3.530239169	1.627762665	1.437252994	-1.756761121	4.525487552	7.181566628	-0.4314429393	1.006796886	1.55876797
8105.490846178914	0.010253859691147229	65698981.85749016	0.00010514163856573392	6906.961728100066	137.45294527094302	18893.312163656854	47706120.31343904	7423.291297628761	78.78944649347977	55105253.68945089	6207.776878748912	7394.476623802619	9366.728677104704	5.851559	250.163055	9.7395991	4.84306	-0.0276981582	-0.23447342149999997	0.1563725104	0.14932529619999999	-0.1179027123	0.048868321500000006	0.0801970191	0.16441899570000001	-0.1135405906	0.0832785212	0.12415872	-0.6706378298	-0.1074142931	-0.0487972879	0.0821246498	0.12043855640000001	0.6719972193000001	-0.103490772	-0.038755013399999996	0.0094128041	-0.06166475160000001	-0.0274344528	0.0536469771	0.0431128907	-0.0410471473	0.185332	0.2312531	0.034347950224	0.053477996259609986	-1.8071	-1.436343	2.063081213649	3.26561041	-1.31661	-3.3341800000000004	1.7334618921000002	11.1167562724	-0.0638672	-0.08411030000000001	0.00707454256609	0.00407901923584	0.012012	-0.0023222000000000017	0.000144288144	5.392612840000008e-06	0.00387754	-0.00832396	6.92883100816e-05	1.50353164516e-05	0.0	0.0	0.0	0.0	0.0	0.0	0.0	0.0	0.0	0.0	0.0	0.0	0.0	0.0	0.0	0.0	0.0	0.0	0.0	0.0	0.0	0.0	0.0	0.0	0.0	0.0	0.0	0.0	0.0	0.0	0.0	0.0	0.0	0.0	0.0	0.0	0.0	0.0	0.0	0.0	0.0	0.0	0.0	0.0	0.0	0.0	0.0	0.0	1.0	0.0	0.0	0.0	0.0	0.0	0.0	0.0	0.0	0.0	0.0	0.0	0.0	0.0	0.0	0.0	0.0	0.0	0.0	0.0	0.0	0.0	0.0	0.0	0.0	0.0	0.0	0.0	0.0	0.0	0.0	0.0	0.0	0.0	0.0	0.0	0.0	0.0	0.0	0.0	0.0	0.0	0.0	0.0	0.0	0.0	0.0	0.0	0.0	0.0	0.0	0.0	0.0	0.0	0.0	-1.361862168	-0.1433153692	1.842354915	1.462503692	2.52994675	-2.549755997	-6.061677516	-1.455222318	-5.964285174	-2.529233058	-7.709004255	-2.664571823	-0.7436246962	-2.055701832	0.8985702977	-1.581325204	7.292466384	-0.7723836663	-0.00609450443	-3.121607264	-5.08757359	-3.262199897	1.130872972	-6.339719055	0.7561774392	0.2800338686	1.150822383	1.17766691	0.2912358752	0.5756804089	-2.139777737	0.3823815418	-2.089897685	2.233623602
8938.236632895689	832.745786716775	79892074.10563846	693465.5452945405	7343.027858068586	436.06612996852067	190153.6697057228	53920058.12437133	7883.250506337371	459.95920870861033	62145638.54566842	211562.4736758509	7846.433407916405	10893.026698113468	5.885975	251.634415	5.5276745000000025	3.12548	-0.05503248769999999	-0.0105414597	0.0019967115	0.0733982226	0.0323961206	0.0747647779	0.3010269101	-0.0346003258	-0.0837419985	-0.0681123468	-0.0231431311	-0.1730468361	0.0338743745	-0.0169805423	-0.0680462174	-0.024754947599999997	0.170911654	0.030262538199999998	-0.0376286258	0.0089972636	-0.0619022754	-0.0262896756	0.0545582497	0.041530532599999996	-0.042956687800000004	0.16321300000000002	-0.02211899999999997	0.02663848336900001	0.0004892501609999988	0.235001	2.042101	4.170176494200999	0.055225470001	-0.185682	1.1309280000000002	0.034477805124	1.2789981411840003	-0.0179178	0.0459494	0.00211134736036	0.00032104755684000003	0.0126815	0.0006695000000000001	0.00016082044225	4.4823025e-07	0.00384591	-3.162999999999994e-05	1.0004568999999962e-09	1.4791023728100003e-05	0.0	0.0	0.0	0.0	0.0	0.0	0.0	0.0	0.0	0.0	0.0	0.0	0.0	0.0	0.0	0.0	0.0	0.0	0.0	0.0	0.0	0.0	0.0	0.0	0.0	0.0	0.0	0.0	0.0	0.0	0.0	0.0	0.0	0.0	0.0	0.0	0.0	0.0	0.0	0.0	0.0	0.0	0.0	0.0	0.0	0.0	0.0	0.0	0.0	1.0	0.0	0.0	0.0	0.0	0.0	0.0	0.0	0.0	0.0	0.0	0.0	0.0	0.0	0.0	0.0	0.0	0.0	0.0	0.0	0.0	0.0	0.0	0.0	0.0	0.0	0.0	0.0	0.0	0.0	0.0	0.0	0.0	0.0	0.0	0.0	0.0	0.0	0.0	0.0	0.0	0.0	0.0	0.0	0.0	0.0	0.0	0.0	0.0	0.0	0.0	0.0	0.0	0.0	-0.2793172769	1.064085628	0.6328725525	0.7454458581	3.819334215	-0.2097445953	-2.523862264	-1.758155568	0.6799899905	-2.672506131	-0.3190633258	-1.896952575	-0.2475712481	-0.9898514087	0.8672413368	0.1268303624	-3.139069996	2.295797751	-2.012690492	3.109641573	0.7159875791	-1.440124658	1.406776502	0.1588436565	0.03334933819	1.106499929	-1.551861851	-1.235263677	-1.033853567	1.227683235	0.8927471477	0.3040299926	1.033743193	-1.758225969
8727.614004998526	-210.6226278971626	76171246.22024642	44361.89138230662	7281.246047519117	-61.7818105494689	3816.9921147704663	53016544.00451277	7779.707261711746	-103.54324462562543	60523845.07793047	10721.203507602111	7744.234927151519	10470.941282518355	2.783615	119.00377700000004	0.8759709999999999	0.602266	-0.06875489309999999	-0.07490363559999999	0.0368624038	0.0980795046	0.0195649435	0.074040199	0.0365039337	-0.0070385489	-0.0039767466999999996	-0.0090786276	-0.052950761	0.011873738	-0.0681470206	0.0102687487	-0.0091276718	-0.0530150008	-0.0120301171	-0.065012517	0.015484223200000001	0.0085813409	-0.062129280499999995	-0.0251348471	0.0554324405	0.0399040709	-0.0448005407	0.190602	0.02738899999999997	0.036329122404	0.0007501573209999983	-0.319065	-0.554066	0.30698913235599995	0.101802474225	-0.161185	0.02449699999999999	0.025980604225	0.0006001030089999996	-0.0220606	-0.0041427999999999994	1.7162791839999992e-05	0.00048667007236	0.011831	-0.0008505000000000006	0.00013997256100000002	7.233502500000009e-07	0.00425299	0.00040707999999999977	1.657141263999998e-07	1.80879239401e-05	0.0	0.0	0.0	0.0	0.0	0.0	0.0	0.0	0.0	0.0	0.0	0.0	0.0	0.0	0.0	0.0	0.0	0.0	0.0	0.0	0.0	0.0	0.0	0.0	0.0	0.0	0.0	0.0	0.0	0.0	0.0	0.0	0.0	0.0	0.0	0.0	0.0	0.0	0.0	0.0	0.0	0.0	0.0	0.0	0.0	0.0	0.0	0.0	0.0	0.0	1.0	0.0	0.0	0.0	0.0	0.0	0.0	0.0	0.0	0.0	0.0	0.0	0.0	0.0	0.0	0.0	0.0	0.0	0.0	0.0	0.0	0.0	0.0	0.0	0.0	0.0	0.0	0.0	0.0	0.0	0.0	0.0	0.0	0.0	0.0	0.0	0.0	0.0	0.0	0.0	0.0	0.0	0.0	0.0	0.0	0.0	0.0	0.0	0.0	0.0	0.0	0.0	0.0	-0.9630821866	0.6130529575	0.7107119841	1.057884459	-0.2157878822	-0.170267586	0.1774484011	0.2842442531	-1.341787046	-0.6522061548	-1.976309465	-1.242906394	-0.5415373572	0.4676148171	0.4041324295	-0.246391719	1.173629469	-1.180205828	-1.554343313	1.623557697	-0.2419835442	-1.186843897	-1.864343023	0.6149231469	0.3604354611	-0.1700763062	-1.332336656	-1.827750419	-0.9456674526	-0.2309422616	-1.320159819	0.9823876051	-1.406674861	0.5650292554
8790.720005395606	63.106000397079704	77276758.21326251	3982.367286116223	7212.177290506563	-69.06875701255467	4770.49319525932	52015501.26969858	7796.733030530381	17.025768818635694	60789045.94936346	289.8768038656276	7760.675128211273	10602.570061350407	1.429221	61.101387	0.16799249999999996	0.07171989999999999	-0.065030512	-0.043113171	0.0123650621	0.0831334629	-0.014078990900000001	0.0755913711	-0.0054864325	0.0415166495	-0.0077509142	-0.0185653918	-0.015364818899999999	-0.0093817727	-0.037802244	-0.0054027012	-0.0184826545	-0.0157611611	0.0095120033	-0.0382330322	-0.0044490394	0.0081650537	-0.0623457281	-0.0239704089	0.0562689553	0.0382352327	-0.046575886500000004	0.203017	0.01241500000000001	0.041215902289	0.00015413222500000023	-0.268911	0.050153999999999976	0.0025154237159999977	0.072313125921	-0.119362	0.041823	0.014247287044	0.0017491633290000002	-0.021412	0.0006485999999999992	4.206819599999989e-07	0.000458473744	0.012310799999999998	0.00047979999999999903	0.00015155579663999995	2.3020803999999905e-07	0.00410938	-0.00014360999999999974	2.0623832099999928e-08	1.68870039844e-05	0.0	0.0	0.0	0.0	0.0	0.0	0.0	0.0	0.0	0.0	0.0	0.0	0.0	0.0	0.0	0.0	0.0	0.0	0.0	0.0	0.0	0.0	0.0	0.0	0.0	0.0	0.0	0.0	0.0	0.0	0.0	0.0	0.0	0.0	0.0	0.0	0.0	0.0	0.0	0.0	0.0	0.0	0.0	0.0	0.0	0.0	0.0	0.0	0.0	0.0	0.0	0.0	0.0	0.0	0.0	0.0	0.0	0.0	0.0	0.0	0.0	0.0	0.0	0.0	0.0	0.0	0.0	0.0	0.0	0.0	0.0	0.0	0.0	0.0	0.0	0.0	0.0	0.0	0.0	0.0	0.0	0.0	0.0	0.0	0.0	0.0	0.0	0.0	0.0	0.0	0.0	0.0	0.0	0.0	0.0	0.0	0.0	0.0	0.0	0.0	0.0	0.0	0.0	-0.881435417	0.4934945155	0.6738016022	0.9389545279	0.6801261569	-0.09272005275	-0.2585629946	-1.528574903	-0.3266353935	0.2430281125	0.4013596203	-1.532261335	-0.7519097255	-0.01559173921	-0.6356570058	0.1450318058	-1.105053272	0.4740425179	-1.426816465	1.329693016	0.1575881849	-1.519919377	0.1497662707	-1.037614363	0.08973120091	-1.307634723	-1.278598019	-1.046224729	-0.0592511482	0.4050039898	-0.4030685605	0.6633644088	0.6363367624	0.285501732
8776.709706195657	-14.01029919994835	77030633.26682906	196.28848367207337	7345.981439338846	133.80414883228332	17903.550244731825	53963443.30711082	7790.638472163373	-6.094558367008176	60694047.80395205	37.143641688869366	7754.480452916165	10477.139034071291	1.153804	49.326897	0.3995245000000001	0.232852	-0.0539672344	-0.0397562103	0.030909930099999997	0.10995803109999999	0.0390564488	0.040012621400000004	-0.0538628425	-0.0010118749000000002	0.03775833	-0.014635218500000003	-0.0270416115	0.0035585887	-0.050061687699999996	-0.0061541238	-0.0143228566	-0.027261035299999997	-0.0043832458	-0.0504219112	-0.0056090309	0.007748419499999998	-0.0625515817	-0.022796806200000002	0.0570672255	0.0365257903	-0.048280010199999994	0.17410699999999998	-0.02891000000000002	0.030313247448999995	0.0008357881000000012	-0.125425	0.143486	0.020588232196	0.015731430625	0.070246	0.189608	0.004934500516	0.035951193664	-0.0207286	0.0006834000000000041	4.6703556000000574e-07	0.0004296748579599999	0.0122721	-3.869999999999742e-05	0.00015060443841000002	1.4976899999998e-09	0.00413769	2.831000000000014e-05	8.01456100000008e-10	1.7120478536100007e-05	0.0	0.0	0.0	0.0	0.0	0.0	0.0	0.0	0.0	0.0	0.0	0.0	0.0	0.0	0.0	0.0	0.0	0.0	0.0	0.0	0.0	0.0	0.0	0.0	0.0	0.0	0.0	0.0	0.0	0.0	0.0	0.0	0.0	0.0	0.0	0.0	0.0	0.0	0.0	0.0	0.0	0.0	0.0	0.0	0.0	0.0	0.0	0.0	0.0	0.0	0.0	0.0	0.0	0.0	0.0	0.0	0.0	0.0	0.0	0.0	0.0	0.0	0.0	0.0	0.0	0.0	0.0	0.0	0.0	0.0	0.0	0.0	0.0	0.0	0.0	0.0	0.0	0.0	0.0	0.0	0.0	0.0	0.0	0.0	0.0	0.0	0.0	0.0	0.0	0.0	0.0	0.0	0.0	0.0	0.0	0.0	0.0	0.0	0.0	0.0	0.0	0.0	0.0	-1.057422757	0.5400908192	0.6444731816	0.9927789824	-0.184243863	0.388686672	0.3358660826	-0.1029463752	-1.090816223	0.363448691	-1.192309737	-1.100040881	-0.467448972	0.4131959973	-0.2899427733	-0.09399330028	0.9845373793	-0.8954638202	-1.494414403	1.413499381	-0.6666273051	-0.9732841415	-1.234159031	-0.2829021096	-0.4067519732	-0.3731146162	-1.623125768	-1.665442276	1.023914025	0.2807848981	-0.1324050274	0.3414816892	-0.03220561296	-0.01202248103
8798.954452585709	22.24474639005166	77421599.45867787	494.8287419577163	7315.319577480885	-30.661861857961412	940.1497725967087	53513900.52067511	7792.1681831253845	1.5297109620114495	60717884.99411155	2.340015627297995	7756.5008107351705	10698.824580099454	0.887777	37.953823	0.11843099999999998	0.0594155	-0.0535193615	-0.0248771292	0.0169686424	0.0878688654	0.025746759100000002	0.0357681673	-0.0168348378	-0.029263196499999998	0.040345125	-0.0159174797	-0.0115621878	0.006322099499999999	-0.0430561291	-0.018025471799999998	-0.0157133371	-0.0115296469	-0.0073281023	-0.0434210096	-0.0201443328	0.0073314563	-0.0627468061	-0.0216144876	0.05782670860000001	0.0347775591	-0.049910306200000004	0.167831	-0.006275999999999976	0.028167244561000008	3.93881759999997e-05	-0.16781199999999996	-0.04238699999999995	0.0017966577689999962	0.028160867343999987	0.0569175	-0.013328500000000007	0.0032396018062499994	0.00017764891225000018	-0.0214588	-0.0007302000000000038	5.331920400000055e-07	0.00046048009744	0.011902	-0.00037010000000000173	0.00014165760399999995	1.3697401000000125e-07	0.00416618	2.848999999999994e-05	8.116800999999967e-10	1.73570557924e-05	0.0	0.0	0.0	0.0	0.0	0.0	0.0	0.0	0.0	0.0	0.0	0.0	0.0	0.0	0.0	0.0	0.0	0.0	0.0	0.0	0.0	0.0	0.0	0.0	0.0	0.0	0.0	0.0	0.0	0.0	0.0	0.0	0.0	0.0	0.0	0.0	0.0	0.0	0.0	0.0	0.0	0.0	0.0	0.0	0.0	0.0	0.0	0.0	0.0	0.0	0.0	0.0	0.0	0.0	0.0	0.0	0.0	0.0	0.0	0.0	0.0	0.0	0.0	0.0	0.0	0.0	0.0	0.0	0.0	0.0	0.0	0.0	0.0	0.0	0.0	0.0	0.0	0.0	0.0	0.0	0.0	0.0	0.0	0.0	0.0	0.0	0.0	0.0	0.0	0.0	0.0	0.0	0.0	0.0	0.0	0.0	0.0	0.0	0.0	0.0	0.0	0.0	0.0	-0.9178106704	0.5665571683	0.6457923667	0.9345911034	0.49783053	0.5809934315	-0.02568775136	-0.9744270362	-0.4011405652	0.091762306	0.3579254905	-1.401380307	-0.4351670747	-0.08714840842	-0.411069917	0.05080311781	-0.590435804	0.138415385	-0.9683972795	1.380677833	0.2701240419	-1.33665345	-0.04700872398	-0.708601239	0.1220605243	0.790214764	-1.3618631	-1.048273656	0.1249611954	0.7042556974	-0.301596258	-0.1323403319	0.9746745947	-0.6695205915
8776.338894863771	-22.61555772193788	77024124.39749864	511.463451074304	7324.557868080948	9.23829060006392	85.34601321122938	53649147.96286653	7786.174062197972	-5.994120927412041	60624506.52684448	35.929485692438995	7750.929013813095	10571.999295845306	0.8590729999999999	36.726669	0.33006820000000003	0.199349	-0.0594368406	-0.0483742638	0.029853489	0.0870931166	0.0289455167	0.059003196200000003	-0.0099022499	0.0016142499	0.0319715085	-0.011825162	-0.0247575396	0.010838556200000002	-0.06231716480000001	0.006217021800000001	-0.0120019609	-0.024868778900000003	-0.010911233700000002	-0.0599586809	0.0114686628	0.0069141815	-0.0629313682	-0.0204239053	0.0585468883	0.0329923955	-0.0514642813	0.191182	0.023350999999999983	0.036550557124	0.0005452692009999992	-0.305195	-0.13738300000000006	0.01887408868900001	0.093143988025	-0.0810622	-0.13797969999999998	0.006571080268840001	0.019038397612089995	-0.0212305	0.00022830000000000072	5.2120890000000336e-08	0.00045073413025	0.0116471	-0.00025489999999999893	0.00013565493841	6.497400999999942e-08	0.00402229	-0.00014388999999999982	2.070433209999995e-08	1.6178816844100006e-05	0.0	0.0	0.0	0.0	0.0	0.0	0.0	0.0	0.0	0.0	0.0	0.0	0.0	0.0	0.0	0.0	0.0	0.0	0.0	0.0	0.0	0.0	0.0	0.0	0.0	0.0	0.0	0.0	0.0	0.0	0.0	0.0	0.0	0.0	0.0	0.0	0.0	0.0	0.0	0.0	0.0	0.0	0.0	0.0	0.0	0.0	0.0	0.0	0.0	0.0	0.0	0.0	0.0	0.0	0.0	0.0	0.0	0.0	0.0	0.0	0.0	0.0	0.0	0.0	0.0	0.0	0.0	0.0	0.0	0.0	0.0	0.0	0.0	0.0	0.0	0.0	0.0	0.0	0.0	0.0	0.0	0.0	0.0	0.0	0.0	0.0	0.0	0.0	0.0	0.0	0.0	0.0	0.0	0.0	0.0	0.0	0.0	0.0	0.0	0.0	0.0	0.0	0.0	-1.030852853	0.5014512094	0.7621422108	0.9873819352	-0.02272941782	0.07697749234	0.4032850747	-0.3671072705	-0.7672307151	0.1833242622	-1.092975023	-1.301035801	-0.6726421465	0.2514604689	-0.4753986856	-0.102216489	0.6709756571	-0.7146679647	-0.9098502574	1.283101109	-0.3852713437	-1.345345047	-1.109757273	-0.6210750004	0.1987365692	-0.2730883991	-1.0507393	-1.435619177	-1.148400012	0.08727674884	-0.1748364012	0.2919107623	-0.2781521664	0.8003768572
8806.513525628534	30.174630764762696	77554680.47707829	910.5083417897632	7340.692290155937	16.134422074988834	260.319575693887	53885763.29875482	7791.74082584971	5.566763651737347	60711225.09721312	30.988857554304122	7756.146543751884	10744.743260926602	0.714739	30.556181	0.1589367	0.0945636	-0.05827754650000001	-0.0386193963	0.0178125777	0.07465217	0.0244468671	0.0541181191	0.0110419647	0.015565663300000001	0.031054252999999997	-0.0128849227	-0.015749013899999997	0.0022483342000000003	-0.041048367	-0.0031675969	-0.013131532900000001	-0.0158150164	-0.0020382365	-0.0399211147	-0.0012741246000000002	0.0064966131000000005	-0.0631052366	-0.0192255144	0.0592272751	0.0311721955	-0.052939559299999994	0.191191	9.000000000008999e-06	0.036553998481	8.100000000016202e-11	-0.225939	0.079256	0.0062815135359999994	0.051048431721	-0.0716045	0.009457700000000001	0.00512720442025	8.944808928999997e-05	-0.0219484	-0.0007179000000000005	5.153804100000007e-07	0.00048173226256	0.0112236	-0.00042350000000000027	0.00012596919695999999	1.7935225000000025e-07	0.00428517	0.0002628799999999992	6.910589439999957e-08	1.83626819289e-05	0.0	0.0	0.0	0.0	0.0	0.0	0.0	0.0	0.0	0.0	0.0	0.0	0.0	0.0	0.0	0.0	0.0	0.0	0.0	0.0	0.0	0.0	0.0	0.0	0.0	0.0	0.0	0.0	0.0	0.0	0.0	0.0	0.0	0.0	0.0	0.0	0.0	0.0	0.0	0.0	0.0	0.0	0.0	0.0	0.0	0.0	0.0	0.0	0.0	0.0	0.0	0.0	0.0	0.0	0.0	0.0	0.0	0.0	0.0	0.0	0.0	0.0	0.0	0.0	0.0	0.0	0.0	0.0	0.0	0.0	0.0	0.0	0.0	0.0	0.0	0.0	0.0	0.0	0.0	0.0	0.0	0.0	0.0	0.0	0.0	0.0	0.0	0.0	0.0	0.0	0.0	0.0	0.0	0.0	0.0	0.0	0.0	0.0	0.0	0.0	0.0	0.0	0.0	-1.048001805	0.4651213263	0.7140851958	0.8994525761	0.4916644362	0.2417097477	0.1709911512	-1.093581727	-0.295887522	-0.01540760015	0.1239541532	-1.534667574	-0.7254991984	0.0854061647	-0.688197134	0.03846612638	-0.4289525807	-0.02496122691	-0.680574068	1.205735707	0.07824898087	-1.287435728	-0.214927918	-1.142178129	0.409216958	0.1790945168	-0.8161445396	-1.006070465	-1.309687961	0.4968219048	-0.2337476957	0.7978460897	0.4764803478	0.748746578
8762.691053514127	-43.822472114407	76784754.49933653	1920.4090622179785	7376.480646401264	35.788356245326206	1280.8064427423794	54412466.726732396	7785.528689423358	-6.212136426352117	60614456.97383419	38.59063897961085	7750.384713523123	10601.09047532057	0.629364	26.906252	0.04567790000000005	0.0272873	-0.054086810199999995	-0.051101487800000005	0.0268254724	0.0779500169	0.0373152889	0.0557192204	0.0009738953999999999	0.0032927271	0.0474031403	-0.0093751387	-0.026613977400000002	0.011439418400000002	-0.0506679081	-0.0027661751	-0.0097229435	-0.026396618599999998	-0.0114474942	-0.047813983600000005	0.0019192153	0.0060787686	-0.0632683818	-0.018019773	0.0598674067	0.0293188918	-0.0543338842	0.190664	-0.0005269999999999997	0.036352760896	2.7772899999999964e-07	-0.200507	0.02543200000000001	0.0006467866240000005	0.040203057049	-0.0647746	0.006829899999999999	0.0041957488051599994	4.664753401e-05	-0.0217885	0.000159900000000001	2.5568010000000325e-08	0.00047473873225	0.0112917	6.809999999999976e-05	0.00012750248889	4.637609999999967e-09	0.00431495	2.9780000000000084e-05	8.868484000000051e-10	1.86187935025e-05	0.0	0.0	0.0	0.0	0.0	0.0	0.0	0.0	0.0	0.0	0.0	0.0	0.0	0.0	0.0	0.0	0.0	0.0	0.0	0.0	0.0	0.0	0.0	0.0	0.0	0.0	0.0	0.0	0.0	0.0	0.0	0.0	0.0	0.0	0.0	0.0	0.0	0.0	0.0	0.0	0.0	0.0	0.0	0.0	0.0	0.0	0.0	0.0	0.0	0.0	0.0	0.0	0.0	0.0	0.0	0.0	0.0	0.0	0.0	0.0	0.0	0.0	0.0	0.0	0.0	0.0	0.0	0.0	0.0	0.0	0.0	0.0	0.0	0.0	0.0	0.0	0.0	0.0	0.0	0.0	0.0	0.0	0.0	0.0	0.0	0.0	0.0	0.0	0.0	0.0	0.0	0.0	0.0	0.0	0.0	0.0	0.0	0.0	0.0	0.0	0.0	0.0	0.0	-1.09896317	0.447666131	0.7042084328	0.9137229236	0.07129259411	0.1791563039	0.3276888674	-0.4539237704	-0.5831680321	-0.006162248245	-1.052480386	-1.315215616	-0.6390037758	0.3801441218	-0.6457030018	0.006603631243	0.3514555253	-0.7260540166	-0.5286468689	1.207717209	-0.3415314836	-1.203523477	-0.8880248404	-0.5440308969	0.3107306974	0.5311385715	-0.9629885494	-1.379269765	-1.238388417	0.05369160637	-0.3482476013	0.3513025553	0.08830002983	0.9450465515
8779.543167307185	16.852113793058383	77080378.22661029	283.9937392941885	7343.613968804542	-32.866677596721274	1080.2184962468202	53928666.1228212	7794.070892156158	8.542202732800433	60747541.07195589	72.96922752826319	7759.162076316518	10730.442151719471	0.580539	24.818913	0.23075430000000005	0.124101	-0.0485426578	-0.0346747364	0.0181098081	0.0728447215	0.023883540099999996	0.042280722699999995	0.0042689963	-0.0029845040000000002	0.05727957230000001	-0.0127720526	-0.0168621722	0.0035794809	-0.042926018899999994	-0.0062226277	-0.012941809299999999	-0.0168182856	-0.0034122494	-0.041492655499999996	-0.0026364485999999998	0.0056606658999999995	-0.0634207761	-0.0168071422	0.060466848	0.0274344528	-0.055645124000000004	0.179282	-0.011382000000000005	0.032142035524	0.00012954992400000004	-0.131419	0.06908799999999997	0.004773151743999998	0.017270953561000002	0.0191697	0.0839443	0.00036747739809	0.00704664550249	-0.022429	-0.0006404999999999987	4.102402499999984e-07	0.0005030600409999999	0.011665600000000005	0.00037390000000000513	0.00013608622336000012	1.3980121000000383e-07	0.00400255	-0.00031239999999999995	9.759376e-08	1.60204065025e-05	0.0	0.0	0.0	0.0	0.0	0.0	0.0	0.0	0.0	0.0	0.0	0.0	0.0	0.0	0.0	0.0	0.0	0.0	0.0	0.0	0.0	0.0	0.0	0.0	0.0	0.0	0.0	0.0	0.0	0.0	0.0	0.0	0.0	0.0	0.0	0.0	0.0	0.0	0.0	0.0	0.0	0.0	0.0	0.0	0.0	0.0	0.0	0.0	0.0	0.0	0.0	0.0	0.0	0.0	0.0	0.0	0.0	0.0	0.0	0.0	0.0	0.0	0.0	0.0	0.0	0.0	0.0	0.0	0.0	0.0	0.0	0.0	0.0	0.0	0.0	0.0	0.0	0.0	0.0	0.0	0.0	0.0	0.0	0.0	0.0	0.0	0.0	0.0	0.0	0.0	0.0	0.0	0.0	0.0	0.0	0.0	0.0	0.0	0.0	0.0	0.0	0.0	0.0	-1.075953116	0.4616849523	0.637663852	0.834922797	0.4433670828	0.5408082488	0.2254903539	-0.9234624629	-0.3028387107	0.01513679357	0.06194561464	-1.525071869	-0.6650735144	0.08633005671	-0.6517246925	0.237371587	-0.564043545	-0.1746122757	-0.6367287699	1.196044141	0.1257308484	-1.269710765	-0.2308319737	-1.193350696	0.3996086574	0.5067362563	-0.9984796576	-1.097470219	-1.370719417	0.6421255387	0.09395070512	0.4385299224	0.4067629042	0.4367403794
8746.88434910116	-32.6588182060259	76507985.81655079	1066.598406614249	7374.814516627535	31.20054782299303	973.4741844548752	54387889.15466023	7781.559311945841	-12.511580210317335	60552665.32533103	156.5396393592043	7746.986351233842	10585.290912906534	0.6188239999999999	26.455683	0.25576150000000003	0.154052	-0.0492175125	-0.050936576500000004	0.0240111037	0.0755520208	0.0349964102	0.0542238887	0.00018467319999999999	-0.0019130307999999999	0.05022787150000002	-0.0061471144	-0.0206963553	0.009375460300000001	-0.052257525	0.0056752164	-0.0063820034	-0.0206967005	-0.008901886500000001	-0.049749006	0.011644391200000001	0.0052423228	-0.0635623935	-0.0155880856	0.0610251914	0.025520879500000003	-0.0568712735	0.193899	0.014616999999999991	0.037596822201	0.00021365668899999974	-0.254169	-0.12274999999999996	0.01506756249999999	0.06460188056099997	-0.06664980000000001	-0.0858195	0.0044421958400400014	0.007364986580250001	-0.0221563	0.0002726999999999972	7.43652899999985e-08	0.00049090162969	0.011395700000000002	-0.00026990000000000347	0.00012986197849000004	7.284601000000187e-08	0.00411145	0.00010890000000000032	1.1859210000000069e-08	1.69040211025e-05	0.0	0.0	0.0	0.0	0.0	0.0	0.0	0.0	0.0	0.0	0.0	0.0	0.0	0.0	0.0	0.0	0.0	0.0	0.0	0.0	0.0	0.0	0.0	0.0	0.0	0.0	0.0	0.0	0.0	0.0	0.0	0.0	0.0	0.0	0.0	0.0	0.0	0.0	0.0	0.0	0.0	0.0	0.0	0.0	0.0	0.0	0.0	0.0	0.0	0.0	0.0	0.0	0.0	0.0	0.0	0.0	0.0	0.0	0.0	0.0	0.0	0.0	0.0	0.0	0.0	0.0	0.0	0.0	0.0	0.0	0.0	0.0	0.0	0.0	0.0	0.0	0.0	0.0	0.0	0.0	0.0	0.0	0.0	0.0	0.0	0.0	0.0	0.0	0.0	0.0	0.0	0.0	0.0	0.0	0.0	0.0	0.0	0.0	0.0	0.0	0.0	0.0	0.0	-1.076531268	0.4898327525	0.677181593	0.949831143	0.03289499153	0.1921237194	0.3895542342	-0.4850082965	-0.5022589755	0.1101615811	-0.8502423411	-1.397021867	-0.7017719353	0.2193397507	-0.5091824689	0.06412908592	0.349144119	-0.5972130115	-0.9569322648	1.288520857	-0.3464574167	-1.330167361	-0.8975893309	-0.885495069	0.3527177319	0.1348644948	-0.9731848311	-1.432694847	-1.249645919	0.0567134071	-0.3422690227	0.4645685022	-0.3956041676	1.083074079
8779.565611207094	32.68126210593437	77080772.32149018	1068.0648928367816	7344.115445920253	-30.699070707282768	942.4329422907472	53936031.68300443	7788.275909109214	6.7165971633730805	60657241.63641095	45.11267745503131	7753.063782326701	10571.420875713979	0.572701	24.483852	0.0748695	0.0418442	-0.0462862047	-0.044816901500000006	0.0172423383	0.0639245123	0.0196440349	0.0501424042	0.0183302332	0.0333672526	0.0348427811	-0.0069225608	-0.0172946077	0.013404723799999999	-0.0407214316	0.0047966104	-0.006995229699999999	-0.0173813717	-0.012024365700000001	-0.0386297428	0.012195255	0.0048237569	-0.0636932101	-0.0143630693	0.0615420576	0.0235802042	-0.05801045780000001	0.189828	-0.00407099999999999	0.036034669584	1.657304099999993e-05	-0.245617	0.008551999999999976	7.31367039999996e-05	0.060327710689	-0.0666468	3.0000000000030007e-06	0.0044417959502400005	9.000000000018002e-12	-0.0227876	-0.0006312999999999977	3.985396899999973e-07	0.0005192747137599999	0.011787700000000005	0.0003920000000000034	0.0001389498712900001	1.5366400000000274e-07	0.00388988	-0.00022156999999999995	4.909326489999997e-08	1.51311664144e-05	0.0	0.0	0.0	0.0	0.0	0.0	0.0	0.0	0.0	0.0	0.0	0.0	0.0	0.0	0.0	0.0	0.0	0.0	0.0	0.0	0.0	0.0	0.0	0.0	0.0	0.0	0.0	0.0	0.0	0.0	0.0	0.0	0.0	0.0	0.0	0.0	0.0	0.0	0.0	0.0	0.0	0.0	0.0	0.0	0.0	0.0	0.0	0.0	0.0	0.0	0.0	0.0	0.0	0.0	0.0	0.0	0.0	0.0	0.0	0.0	0.0	0.0	0.0	0.0	0.0	0.0	0.0	0.0	0.0	0.0	0.0	0.0	0.0	0.0	0.0	0.0	0.0	0.0	0.0	0.0	0.0	0.0	0.0	0.0	0.0	0.0	0.0	0.0	0.0	0.0	0.0	0.0	0.0	0.0	0.0	0.0	0.0	0.0	0.0	0.0	0.0	0.0	0.0	-1.10694104	0.4879710715	0.6613528252	0.8796597857	0.3159175709	0.1871511893	-0.02631939677	-0.9983132079	-0.1472582277	-0.05966807691	0.04277542737	-1.53307211	-0.8345539431	0.04744234233	-0.6263186578	-0.06664904705	-0.6011301698	-0.1881786244	-1.334309887	1.22248347	-0.2762294306	-1.176876443	-0.3693689748	-1.320246162	0.3282135519	-0.6089978665	-0.8247246155	-1.171527823	-1.620739237	0.4709214379	-0.2382224274	0.09657108351	-0.1690939232	1.109013061
8789.725598561843	10.15998735474932	77259276.09801336	103.22534304866606	7381.360521324645	37.24507540439208	1387.195641878852	54484483.14577003	7778.526466660305	-9.749442448908667	60505473.99253485	95.05162806458222	7743.6529167636645	10589.510681920772	0.532146	22.750065	0.15133309999999991	0.0911785	-0.0456542798	-0.046133865499999996	0.022816566200000003	0.0647834197	0.0313236426	0.0499375646	0.0086521207	0.0344951208	0.0490060879	-0.0020623421	-0.0183982714	0.0076140601	-0.0432819729	0.0052805099	-0.0022554271	-0.0182687504	-0.0066051394	-0.0407174307	0.0120183601	0.0044049861	-0.0638132035	-0.013132561499999999	0.0620170952	0.0216144876	-0.05906093480000001	0.207487	0.01765899999999998	0.043050855169	0.00031184028099999933	-0.166965	0.078652	0.006186137104	0.027877311225	-0.0317947	0.034852100000000004	0.00101090294809	0.0012146688744100005	-0.0230501	-0.00026249999999999885	6.890624999999938e-08	0.0005313071100099999	0.0116468	-0.00014090000000000633	0.00013564795023999994	1.985281000000177e-08	0.00388988	0.0	0.0	1.51311664144e-05	0.0	0.0	0.0	0.0	0.0	0.0	0.0	0.0	0.0	0.0	0.0	0.0	0.0	0.0	0.0	0.0	0.0	0.0	0.0	0.0	0.0	0.0	0.0	0.0	0.0	0.0	0.0	0.0	0.0	0.0	0.0	0.0	0.0	0.0	0.0	0.0	0.0	0.0	0.0	0.0	0.0	0.0	0.0	0.0	0.0	0.0	0.0	0.0	0.0	0.0	0.0	0.0	0.0	0.0	0.0	0.0	0.0	0.0	0.0	0.0	0.0	0.0	0.0	0.0	0.0	0.0	0.0	0.0	0.0	0.0	0.0	0.0	0.0	0.0	0.0	0.0	0.0	0.0	0.0	0.0	0.0	0.0	0.0	0.0	0.0	0.0	0.0	0.0	0.0	0.0	0.0	0.0	0.0	0.0	0.0	0.0	0.0	0.0	0.0	0.0	0.0	0.0	0.0	-1.098603324	0.5230784072	0.7400382444	0.9328025365	0.0877842737	0.3685946319	0.1907882104	-0.3808870678	-0.2911569213	0.1043119529	-0.714062635	-1.470371946	-0.5891740825	0.3591144517	-0.5483084074	-0.1459643065	0.1311302299	-0.570017856	-1.422797762	1.266299299	-0.4981470667	-0.9661530139	-0.7481558133	-0.9990812513	0.2936496222	-0.05328181953	-0.8123717491	-1.3582053	-1.295201218	0.3179744876	-0.04654634402	0.4354435944	-0.5357910736	1.410693251
8805.195319892084	15.469721330240645	77531464.62144946	239.3122780353024	7355.717575657622	-25.64294566702301	657.5606624818944	54106581.05283844	7785.825439124832	7.298972464526741	60619077.76852338	53.27499903791958	7750.684026505841	10669.313002042387	0.482904	20.64488	0.2036599	0.118468	-0.0442914375	-0.0400511332	0.014216811299999996	0.0560850001	0.020938564399999998	0.0526091569	0.013259918700000001	0.0329389273	0.032254892599999994	-0.0057095306	-0.013718684699999999	0.0054965260999999994	-0.0422414688	-0.0034162392	-0.0059804659	-0.0137534909	-0.0046287311	-0.0403546055	0.00211812	0.0039860282	-0.06392235339999999	-0.0118970329	0.0624499814	0.0196258174	-0.06002109820000001	0.218204	0.010717000000000032	0.047612985616000005	0.00011485408900000068	-0.262139	-0.095174	0.009058090276000002	0.06871685532100001	-0.0850461	-0.053251400000000004	0.00723283912521	0.0028357116019599995	-0.0225206	0.0005294999999999987	2.803702499999986e-07	0.0005071774243599999	0.0116206	-2.6199999999998794e-05	0.00013503834436000002	6.864399999999368e-10	0.00422453	0.0003346499999999997	1.1199062249999981e-07	1.78466537209e-05	0.0	0.0	0.0	0.0	0.0	0.0	0.0	0.0	0.0	0.0	0.0	0.0	0.0	0.0	0.0	0.0	0.0	0.0	0.0	0.0	0.0	0.0	0.0	0.0	0.0	0.0	0.0	0.0	0.0	0.0	0.0	0.0	0.0	0.0	0.0	0.0	0.0	0.0	0.0	0.0	0.0	0.0	0.0	0.0	0.0	0.0	0.0	0.0	0.0	0.0	0.0	0.0	0.0	0.0	0.0	0.0	0.0	0.0	0.0	0.0	0.0	0.0	0.0	0.0	0.0	0.0	0.0	0.0	0.0	0.0	0.0	0.0	0.0	0.0	0.0	0.0	0.0	0.0	0.0	0.0	0.0	0.0	0.0	0.0	0.0	0.0	0.0	0.0	0.0	0.0	0.0	0.0	0.0	0.0	0.0	0.0	0.0	0.0	0.0	0.0	0.0	0.0	0.0	-1.036596484	0.4698124611	0.6997409358	0.9034563696	0.3176068058	0.2188075089	0.3145416631	-0.8536879786	-0.1722129047	-0.04438915515	-0.02332130802	-1.627521303	-0.5622949463	0.1560633088	-0.5049433921	-0.06071540506	-0.2282564204	-0.2457467486	-0.9756324401	1.286298378	-0.08405503779	-1.187318123	-0.2833154585	-1.294822714	0.5278266943	-0.213110795	-0.6494907929	-1.160329231	-1.211400441	0.5851842228	0.06526157382	0.4065210028	-0.08906767538	1.133961466
8801.64902644897	-3.5462934431143367	77469025.58479008	12.576197184675735	7386.235315525785	30.51773986816352	931.3324466608971	54556472.13632029	7787.719481218133	1.8940420933013233	60648574.71814443	3.587395451197257	7753.174442862963	10673.226224858126	0.4481310000000001	19.158268	0.09172419999999998	0.0613416	-0.043029413499999995	-0.0419199606	0.0181296468	0.0537009913	0.0305797531	0.049947520499999995	0.0154778151	0.043713765099999996	0.0423412003	-0.0054222027	-0.0181190021	0.0138665944	-0.0449713912	0.0087571078	-0.0057420024	-0.0180726578	-0.012442021200000002	-0.0423290236	0.016655336200000002	0.003566901	-0.0640206412	-0.0106569557	0.0628404219	0.0176163054	-0.0608894797	0.206761	-0.011443000000000007	0.042750111120999995	0.0001309422490000002	-0.204932	0.057207000000000015	0.003272640849000001	0.041997124623999994	-0.0812944	0.0037516999999999967	0.006608779471359999	1.4075252889999975e-05	-0.0225066	1.4000000000000125e-05	1.9600000000000343e-10	0.0005065470435599999	0.0115828	-3.7800000000001034e-05	0.00013416125583999995	1.4288400000000778e-09	0.00388988	-0.0003346499999999997	1.1199062249999981e-07	1.51311664144e-05	0.0	0.0	0.0	0.0	0.0	0.0	0.0	0.0	0.0	0.0	0.0	0.0	0.0	0.0	0.0	0.0	0.0	0.0	0.0	0.0	0.0	0.0	0.0	0.0	0.0	0.0	0.0	0.0	0.0	0.0	0.0	0.0	0.0	0.0	0.0	0.0	0.0	0.0	0.0	0.0	0.0	0.0	0.0	0.0	0.0	0.0	0.0	0.0	0.0	0.0	0.0	0.0	0.0	0.0	0.0	0.0	0.0	0.0	0.0	0.0	0.0	0.0	0.0	0.0	0.0	0.0	0.0	0.0	0.0	0.0	0.0	0.0	0.0	0.0	0.0	0.0	0.0	0.0	0.0	0.0	0.0	0.0	0.0	0.0	0.0	0.0	0.0	0.0	0.0	0.0	0.0	0.0	0.0	0.0	0.0	0.0	0.0	0.0	0.0	0.0	0.0	0.0	0.0	-1.06396034	0.5067272398	0.7285321854	0.9428160472	0.1183351535	0.2538854267	0.1888087444	-0.5448541818	-0.1752617286	-0.03372246449	-0.6941462081	-1.458252059	-0.5268438396	0.335027286	-0.5565110684	-0.1975470401	0.2223358013	-0.4762095839	-0.5728520344	1.279318509	-0.4224206075	-1.050215497	-0.6851061026	-0.8016562592	0.5011090987	-0.267212404	-0.5666069121	-1.262753476	-1.308281364	0.180906921	-0.3802597808	0.2742499942	-0.6481878597	1.493888938
8827.244742706936	25.595716257967073	77920249.74764726	655.1406907583597	7376.290142351516	-9.945173174269256	98.90646946620485	54409656.26415215	7788.418663855893	0.6991826377598045	60659465.28349882	0.488856360944758	7754.416482723146	10847.085124428446	0.525227	22.454271	0.24417609999999995	0.14238399999999998	-0.042361596900000006	-0.0316611234	0.008511515	0.0410010913	0.0224491759	0.0423037026	0.0111339955	0.0347650396	0.0416779985	-0.0055805827	-0.013096556499999999	0.010912237	-0.036544655499999995	0.0057876407999999996	-0.0059078029	-0.0127153955	-0.0092527807	-0.0338183205	0.013892976000000001	0.0031476221999999997	-0.0641080503	-0.0094128041	0.0631881514	0.0155880856	-0.06166475160000001	0.20185	-0.004911	0.0407434225	2.4117920999999992e-05	-0.10811400000000003	0.096818	0.009373725123999995	0.011688636996000005	-0.032962300000000014	0.0483321	0.0010865132212900003	0.00233599189041	-0.0239265	-0.0014199000000000015	2.016116010000005e-06	0.00057247740225	0.0120452	0.00046240000000000164	0.00014508684303999998	2.138137600000016e-07	0.00388988	0.0	0.0	1.51311664144e-05	0.0	0.0	0.0	0.0	0.0	0.0	0.0	0.0	0.0	0.0	0.0	0.0	0.0	0.0	0.0	0.0	0.0	0.0	0.0	0.0	0.0	0.0	0.0	0.0	0.0	0.0	0.0	0.0	0.0	0.0	0.0	0.0	0.0	0.0	0.0	0.0	0.0	0.0	0.0	0.0	0.0	0.0	0.0	0.0	0.0	0.0	0.0	0.0	0.0	0.0	0.0	0.0	0.0	0.0	0.0	0.0	0.0	0.0	0.0	0.0	0.0	0.0	0.0	0.0	0.0	0.0	0.0	0.0	0.0	0.0	0.0	0.0	0.0	0.0	0.0	0.0	0.0	0.0	0.0	0.0	0.0	0.0	0.0	0.0	0.0	0.0	0.0	0.0	0.0	0.0	0.0	0.0	0.0	0.0	0.0	0.0	0.0	0.0	0.0	0.0	0.0	0.0	0.0	-1.017575121	0.5500985013	0.7122116955	0.9365479589	0.2852772374	0.5864824796	0.2108537396	-0.7298857482	-0.01784410197	-0.09436058834	0.07465256709	-1.519142727	-0.4310137789	0.2109053556	-0.410664907	-0.05264734046	-0.5278643506	-0.2704121881	-0.4039210627	1.415132086	0.03353863287	-0.9793475043	-0.220121699	-1.126425012	0.8004673211	-0.4078566219	-0.6726451871	-0.9662510527	-1.046115194	0.7760672826	0.2545063644	0.847823394	-0.2417447565	1.480473291
8818.314612734643	-8.930129972293797	77762672.60916933	79.74722132206006	7376.470643972843	0.18050162132749392	0.03258083530185401	54412319.16139314	7785.017718634441	-3.4009452214522757	60606500.87945219	11.566428399319065	7750.868135604391	10767.355738601604	0.5706829999999999	24.397552	0.2875901000000001	0.176506	-0.0429826464	-0.036917708199999996	0.0102202521	0.0423160742	0.0188834079	0.0569291287	-0.0097846234	0.042479750999999996	0.0235254938	-0.003688752	-0.0157263876	0.0021179536	-0.040857149700000005	0.0121315125	-0.0038091512	-0.0157417095	-0.0011410438	-0.0396242621	0.0177523158	0.0027282097	-0.0641845658	-0.0081650537	0.06349293339999999	0.013543311899999999	-0.0623457281	0.218204	0.01635400000000001	0.047612985616000005	0.0002674533160000002	-0.250483	-0.142369	0.020268932161	0.06274173328900001	-0.0945344	-0.06157209999999999	0.008936752783359998	0.0037911234984099977	-0.0227303	0.0011962000000000016	1.430894440000004e-06	0.0005166665380899999	0.0121949	0.00014969999999999914	0.00014871558601	2.241008999999974e-08	0.00388988	0.0	0.0	1.51311664144e-05	0.0	0.0	0.0	0.0	0.0	0.0	0.0	0.0	0.0	0.0	0.0	0.0	0.0	0.0	0.0	0.0	0.0	0.0	0.0	0.0	0.0	0.0	0.0	0.0	0.0	0.0	0.0	0.0	0.0	0.0	0.0	0.0	0.0	0.0	0.0	0.0	0.0	0.0	0.0	0.0	0.0	0.0	0.0	0.0	0.0	0.0	0.0	0.0	0.0	0.0	0.0	0.0	0.0	0.0	0.0	0.0	0.0	0.0	0.0	0.0	0.0	0.0	0.0	0.0	0.0	0.0	0.0	0.0	0.0	0.0	0.0	0.0	0.0	0.0	0.0	0.0	0.0	0.0	0.0	0.0	0.0	0.0	0.0	0.0	0.0	0.0	0.0	0.0	0.0	0.0	0.0	0.0	0.0	0.0	0.0	0.0	0.0	0.0	0.0	0.0	0.0	0.0	0.0	-0.9807302874	0.4953676404	0.7464853511	0.9938640112	0.04785245305	0.3566815473	0.4633074927	-0.4498963155	-0.159426763	0.1650315232	-0.5216257929	-1.469455505	-0.4336404649	0.3230237626	-0.4591272489	-0.2016314774	0.2690134943	-0.4726649376	-0.4939051189	1.434220187	-0.3807025946	-1.039133022	-0.6520478953	-0.9037417805	0.7425870841	-1.324168509	-0.6735983043	-1.227596292	0.3578179725	0.227759268	0.1482262372	0.695424754	-0.6577260757	1.202523703
8854.277723143448	35.963110408805726	78398233.99855433	1293.3453102759513	7339.5699468085095	-36.900697164333906	1361.6614512138804	53869287.00409467	7797.609003481658	12.59128484721714	60802706.17117821	158.54045410375994	7762.550056210116	10820.783372210573	0.537745	22.989422	0.08696279999999991	0.0465926	-0.0396553539	-0.025712360299999997	0.0062629914	0.0382031011	0.012703681999999999	0.042746462199999995	-0.0240018133	0.034427299700000004	0.016995175300000002	-0.0055494803	-0.021716801400000003	0.0043501852	-0.0281022241	-0.0082880103	-0.0054887435	-0.021815852400000002	-0.0045413247	-0.029396661299999998	-0.0082396091	0.0023086813	-0.0642501747	-0.0069141815	0.063754561	0.011484155800000001	-0.0629313682	0.210554	-0.007650000000000019	0.044332986916	5.852250000000027e-05	-0.21056100000000005	0.03992199999999999	0.0015937660839999987	0.04433593472100001	-0.0763386	0.018195799999999984	0.005827581849960001	0.00033108713763999937	-0.0223422	0.00038809999999999886	1.5062160999999912e-07	0.00049917390084	0.0121591	-3.579999999999903e-05	0.00014784371281000006	1.2816399999999302e-09	0.00388988	0.0	0.0	1.51311664144e-05	0.0	0.0	0.0	0.0	0.0	0.0	0.0	0.0	0.0	0.0	0.0	0.0	0.0	0.0	0.0	0.0	0.0	0.0	0.0	0.0	0.0	0.0	0.0	0.0	0.0	0.0	0.0	0.0	0.0	0.0	0.0	0.0	0.0	0.0	0.0	0.0	0.0	0.0	0.0	0.0	0.0	0.0	0.0	0.0	0.0	0.0	0.0	0.0	0.0	0.0	0.0	0.0	0.0	0.0	0.0	0.0	0.0	0.0	0.0	0.0	0.0	0.0	0.0	0.0	0.0	0.0	0.0	0.0	0.0	0.0	0.0	0.0	0.0	0.0	0.0	0.0	0.0	0.0	0.0	0.0	0.0	0.0	0.0	0.0	0.0	0.0	0.0	0.0	0.0	0.0	0.0	0.0	0.0	0.0	0.0	0.0	0.0	0.0	0.0	0.0	0.0	0.0	0.0	-0.9891468889	0.4536712045	0.7122063046	0.895566844	0.2457998117	0.3685366555	0.2062374864	-0.8537703666	-0.05612851144	0.05533425315	0.02518943901	-1.503152633	-0.5588774163	0.4165247206	-0.6224277931	-0.1869868391	-0.2985433735	-0.1904182393	-0.4127662457	1.494041969	-0.1525636112	-0.7943856945	-0.2790355116	-0.9442042851	0.6319685022	-1.526660352	-0.6335419112	-0.9013050876	0.9303367648	0.7822023838	0.3331470487	-0.1012111053	-0.1324932144	0.217193325
8857.723073152249	3.445350008800233	78459258.04065372	11.870436683139765	7385.611466460532	46.041519652022544	2119.821531867578	54547256.73351329	7793.354712909885	-4.254290571772799	60736377.68123472	18.09898826907493	7757.212009172497	10881.344366765588	0.5641520000000001	24.11837	0.2518947	0.15744	-0.039359320499999996	-0.0299061668	0.0068253147	0.031721946800000005	0.0288621467	0.036452003999999996	-0.0404315427	0.0057980248	0.0262631956	-0.0051083709	-0.0168112149	0.005958466999999999	-0.0367709872	-0.0112503475	-0.0048882696	-0.0168992448	-0.0067613058999999994	-0.0375445563	-0.01194259	0.0018890548	-0.0643048657	-0.0056606658999999995	0.0639728562	0.0094128041	-0.0634207761	0.210942	0.0003880000000000272	0.044496527364000005	1.5054400000002112e-07	-0.0910549	0.11950610000000005	0.014281707937210009	0.008290994814010001	-0.038453	0.03788560000000001	0.0014786332089999994	0.0014353186873600008	-0.0238553	-0.0015131	2.28947161e-06	0.0005690753380900001	0.0117899	-0.00036920000000000014	0.00013900174201000005	1.3630864000000005e-07	0.00388988	0.0	0.0	1.51311664144e-05	0.0	0.0	0.0	0.0	0.0	0.0	0.0	0.0	0.0	0.0	0.0	0.0	0.0	0.0	0.0	0.0	0.0	0.0	0.0	0.0	0.0	0.0	0.0	0.0	0.0	0.0	0.0	0.0	0.0	0.0	0.0	0.0	0.0	0.0	0.0	0.0	0.0	0.0	0.0	0.0	0.0	0.0	0.0	0.0	0.0	0.0	0.0	0.0	0.0	0.0	0.0	0.0	0.0	0.0	0.0	0.0	0.0	0.0	0.0	0.0	0.0	0.0	0.0	0.0	0.0	0.0	0.0	0.0	0.0	0.0	0.0	0.0	0.0	0.0	0.0	0.0	0.0	0.0	0.0	0.0	0.0	0.0	0.0	0.0	0.0	0.0	0.0	0.0	0.0	0.0	0.0	0.0	0.0	0.0	0.0	0.0	0.0	0.0	0.0	0.0	0.0	0.0	0.0	-1.006032759	0.5532053873	0.7689684847	1.036601086	0.06561990917	0.6420219014	0.3117209569	-0.2510671398	-0.06392208874	0.2988217453	-0.4576516994	-1.357403088	-0.3936030666	0.5217354924	-0.4033263208	-0.2056230085	0.1471943526	-0.437040868	-0.1730007107	1.547397605	-0.2520986668	-0.7646680479	-0.6356705016	-0.7993398621	0.8227794384	-0.5863246015	-0.7346954637	-0.8559180943	1.606218927	0.6889234011	0.3427427405	0.1622477645	-0.2626703116	0.3626937225
8873.822317321512	16.09924416926333	78744722.51939332	259.1856628215593	7376.839361572264	-8.772104888267679	76.94982417076967	54417758.96644189	7803.676876654597	10.322163744712268	60897372.79523365	106.54706437265243	7767.568032213724	10930.585253808627	0.601378	25.709829	0.33488909999999994	0.209931	-0.0387647717	-0.0293434547	3.46091e-05	0.018647179399999998	0.0284246326	0.0316276537	-0.0274675536	-0.013430029599999999	0.0029888263	-0.0081482485	-0.0224685937	0.0021069618	-0.0359407807	-0.0097303602	-0.0080326951	-0.0225532962	-0.0035551419	-0.0379165103	-0.0134880444	0.0014693481	-0.0643486298	-0.0044049861	0.0641476706	0.0073314563	-0.0638132035	0.207957	-0.0029850000000000154	0.043246113849	8.910225000000091e-06	-0.256479	-0.16542410000000002	0.02736513286081001	0.06578147744099999	-0.13334300000000002	-0.09489000000000004	0.017780355649000004	0.009004112100000006	-0.0227458	0.0011094999999999994	1.2309902499999987e-06	0.00051737141764	0.012112200000000002	0.000322300000000001	0.00014670538884000006	1.0387729000000068e-07	0.00388988	0.0	0.0	1.51311664144e-05	0.0	0.0	0.0	0.0	0.0	0.0	0.0	0.0	0.0	0.0	0.0	0.0	0.0	0.0	0.0	0.0	0.0	0.0	0.0	0.0	0.0	0.0	0.0	0.0	0.0	0.0	0.0	0.0	0.0	0.0	0.0	0.0	0.0	0.0	0.0	0.0	0.0	0.0	0.0	0.0	0.0	0.0	0.0	0.0	0.0	0.0	0.0	0.0	0.0	0.0	0.0	0.0	0.0	0.0	0.0	0.0	0.0	0.0	0.0	0.0	0.0	0.0	0.0	0.0	0.0	0.0	0.0	0.0	0.0	0.0	0.0	0.0	0.0	0.0	0.0	0.0	0.0	0.0	0.0	0.0	0.0	0.0	0.0	0.0	0.0	0.0	0.0	0.0	0.0	0.0	0.0	0.0	0.0	0.0	0.0	0.0	0.0	0.0	0.0	0.0	0.0	0.0	0.0	-0.9792380388	0.4520600391	0.7278822787	0.9506058256	0.3489680865	0.4279162093	0.5958288342	-0.6663520014	-0.06074574463	-0.01559050039	-0.06442369178	-1.50125891	-0.5138564221	0.4541330927	-0.472344516	-0.02556341355	0.08129006823	-0.1063829916	0.2002277304	1.579059301	0.1866027588	-1.045250118	-0.3986137929	-0.8350026303	1.021656929	0.4256115832	-0.6344719716	-0.5159438047	1.173860073	0.8606684446	0.4066656986	-0.9763498103	0.5096933141	-0.3970185472
8857.791317659949	-16.030999661563328	78460467.02721196	256.99295014904357	7388.254372974152	11.41501140188757	130.3024853052232	54586302.67977168	7802.9366137181	-0.7402629364969471	60885819.7977025	0.5479892151510831	7766.304881678455	10918.725013003688	0.505845	21.625631	0.22251310000000007	0.14111500000000002	-0.0367795882	-0.027972620299999997	0.0075644058	0.0219503279	0.0369051967	0.0306719634	-0.022362489500000002	-0.0190798525	0.0218697339	-0.0070606292000000015	-0.0232481237	0.0102300229	-0.0370222407	-0.001017252	-0.0068726562	-0.0231362351	-0.011421095400000001	-0.0368067131	-0.0037578591999999997	0.0010495788999999999	-0.0643814593	-0.0031476221999999997	0.0642788855	0.0052423228	-0.0641080503	0.207592	-0.0003650000000000042	0.043094438464000004	1.3322500000000307e-07	-0.15918800000000002	0.097291	0.009465538680999998	0.02534081934400001	-0.0491209	0.08422210000000002	0.0024128628168100003	0.007093362128410005	-0.0234216	-0.0006757999999999972	4.5670563999999617e-07	0.0005485713465599999	0.0121647	5.249999999999873e-05	0.00014797992609	2.7562499999998667e-09	0.00397428	8.44000000000001e-05	7.123360000000017e-09	1.5794901518400006e-05	0.0	0.0	0.0	0.0	0.0	0.0	0.0	0.0	0.0	0.0	0.0	0.0	0.0	0.0	0.0	0.0	0.0	0.0	0.0	0.0	0.0	0.0	0.0	0.0	0.0	0.0	0.0	0.0	0.0	0.0	0.0	0.0	0.0	0.0	0.0	0.0	0.0	0.0	0.0	0.0	0.0	0.0	0.0	0.0	0.0	0.0	0.0	0.0	0.0	0.0	0.0	0.0	0.0	0.0	0.0	0.0	0.0	0.0	0.0	0.0	0.0	0.0	0.0	0.0	0.0	0.0	0.0	0.0	0.0	0.0	0.0	0.0	0.0	0.0	0.0	0.0	0.0	0.0	0.0	0.0	0.0	0.0	0.0	0.0	0.0	0.0	0.0	0.0	0.0	0.0	0.0	0.0	0.0	0.0	0.0	0.0	0.0	0.0	0.0	0.0	0.0	0.0	0.0	-1.043548729	0.4562143855	0.7665680841	0.943950505	0.2855088684	0.4632995074	0.3249746989	-0.4383374105	-0.02427216207	-0.04624979724	-0.6560096216	-1.4046945	-0.4737361144	0.5251067476	-0.5264125263	-0.182868013	0.4827586114	-0.401261646	0.6281067057	1.53845967	-0.1205651316	-0.8204212439	-0.6789515689	-0.7245409317	0.8833644802	1.141539593	-0.5364978189	-0.6946626799	0.3777516512	0.4591914999	0.2013713022	-1.08703869	0.2177874462	-0.5570496255
8874.79990328144	17.008585621491875	78762073.32328427	289.2919848436201	7376.161345071993	-12.093027902158608	146.2413238423867	54407756.18853428	7806.7422040240845	3.80559030598306	60945223.8400908	14.48251757699224	7771.2103375260185	11113.239319224029	0.5227510000000001	22.348412	0.07296350000000001	0.0412426	-0.0383971025	-0.0232003438	0.0031900340000000004	0.0090844308	0.026979816	0.0282201867	0.0077659272999999985	-0.0317507181	0.0210386459	-0.0083660418	-0.0179247542	0.0098165314	-0.0376975029	-0.0028850357	-0.0084391168	-0.0178380229	-0.010517404199999998	-0.0360133939	-0.0025672823000000003	0.0006297652	-0.0644033487	-0.0018890548	0.0643664117	0.0031476221999999997	-0.0643048657	0.217023	0.009430999999999995	0.047098982529	8.89437609999999e-05	-0.147313	0.011875000000000023	0.00014101562500000057	0.021701119969000003	-0.0891854	-0.0400645	0.00795403557316	0.0016051641602499998	-0.0235688	-0.0001472000000000001	2.1667840000000034e-08	0.0005554883334399999	0.0121073	-5.740000000000085e-05	0.00014658671329	3.294760000000098e-09	0.00400154	2.7259999999999437e-05	7.431075999999693e-10	1.6012322371599994e-05	0.0	0.0	0.0	0.0	0.0	0.0	0.0	0.0	0.0	0.0	0.0	0.0	0.0	0.0	0.0	0.0	0.0	0.0	0.0	0.0	0.0	0.0	0.0	0.0	0.0	0.0	0.0	0.0	0.0	0.0	0.0	0.0	0.0	0.0	0.0	0.0	0.0	0.0	0.0	0.0	0.0	0.0	0.0	0.0	0.0	0.0	0.0	0.0	0.0	0.0	0.0	0.0	0.0	0.0	0.0	0.0	0.0	0.0	0.0	0.0	0.0	0.0	0.0	0.0	0.0	0.0	0.0	0.0	0.0	0.0	0.0	0.0	0.0	0.0	0.0	0.0	0.0	0.0	0.0	0.0	0.0	0.0	0.0	0.0	0.0	0.0	0.0	0.0	0.0	0.0	0.0	0.0	0.0	0.0	0.0	0.0	0.0	0.0	0.0	0.0	0.0	0.0	0.0	-1.042505404	0.4723995985	0.7535898078	0.9383215314	0.3386800001	0.5225726209	0.5586305014	-0.6360920209	0.02470344166	-0.2794315262	-0.09839360015	-1.668189546	-0.3908856233	0.3558597834	-0.4026208541	-0.03479911338	0.1539771559	-0.1654889372	0.8599947885	1.414522884	0.3896304064	-1.008890497	-0.3597642698	-0.6235595573	1.163968493	1.191616608	-0.5268613662	-0.5015512963	-0.2266184442	0.6906247175	0.1629512258	0.3324567512	0.5114739297	0.1123887998
8845.962190860344	-28.837712421096512	78251047.08213073	831.6136576818642	7384.809372662483	8.648027590489619	74.78838120586968	54535409.47056366	7798.530649770808	-8.211554253275608	60817080.29541469	67.42962325448873	7762.949259511428	10977.336363671862	0.501434	21.437054	0.17318760000000008	0.101355	-0.0356617915	-0.0317959958	0.0071727284999999995	0.0152383418	0.028359608300000002	0.0311125774	0.0144977976	-0.0195972869	0.012071979299999999	-0.0034283509000000005	-0.0222742971	0.0184963383	-0.036802951699999996	0.0047959013	-0.0037362327	-0.022098244	-0.018437324799999998	-0.034451762000000004	0.007431973499999999	0.0002099247	-0.0644142944	-0.0006297652	0.0644101897	0.0010495788999999999	-0.0644033487	0.220313	0.0032900000000000147	0.048537817969	1.0824100000000099e-05	-0.231953	-0.08464000000000002	0.007163929600000003	0.05380219420900001	-0.12793	-0.03874459999999999	0.016366084899999998	0.0015011440291599991	-0.0230907	0.0004780999999999952	2.2857960999999538e-07	0.0005331804264900001	0.0117668	-0.00034050000000000047	0.00013845758223999998	1.1594025000000036e-07	0.00388988	-0.00011165999999999954	1.2467955599999896e-08	1.51311664144e-05	0.0	0.0	0.0	0.0	0.0	0.0	0.0	0.0	0.0	0.0	0.0	0.0	0.0	0.0	0.0	0.0	0.0	0.0	0.0	0.0	0.0	0.0	0.0	0.0	0.0	0.0	0.0	0.0	0.0	0.0	0.0	0.0	0.0	0.0	0.0	0.0	0.0	0.0	0.0	0.0	0.0	0.0	0.0	0.0	0.0	0.0	0.0	0.0	0.0	0.0	0.0	0.0	0.0	0.0	0.0	0.0	0.0	0.0	0.0	0.0	0.0	0.0	0.0	0.0	0.0	0.0	0.0	0.0	0.0	0.0	0.0	0.0	0.0	0.0	0.0	0.0	0.0	0.0	0.0	0.0	0.0	0.0	0.0	0.0	0.0	0.0	0.0	0.0	0.0	0.0	0.0	0.0	0.0	0.0	0.0	0.0	0.0	0.0	0.0	0.0	0.0	0.0	0.0	-1.017423216	0.4614028198	0.7763288337	0.9572210881	0.2200962156	0.178181735	0.3844168918	-0.610308645	-0.0632667304	-0.1863428918	-0.6684211645	-1.506459624	-0.390935091	0.4705430262	-0.5169044022	-0.03383944767	0.2611281158	-0.4577164953	1.103057705	1.382705942	-0.06496897756	-1.041608775	-0.581257253	-0.7304415444	1.023336934	0.8856176415	-0.4174808874	-0.7219853521	-1.026665212	0.3124250368	-0.07806333946	-0.1358418204	0.25436982	0.830967816
8857.460168446632	11.49797758628847	78454600.63561864	132.20348857479206	7387.461012332998	2.651639670514669	7.031192942247142	54574580.20874008	7801.9042503668115	3.373600596003598	60869709.93189172	11.381180981355831	7767.346581260956	11063.24647468849	0.547335	23.399389000000006	0.31313080000000004	0.195228	-0.0329588558	-0.0228561852	0.0055640164	0.0141280518	0.024197513799999997	0.023905578700000003	0.0233900327	0.0046879478999999995	0.032786627900000004	-0.0047330561	-0.0165121535	0.0114790591	-0.0310386408	0.0043761631	-0.0051549456	-0.016226600900000002	-0.011537290700000001	-0.029127188999999998	0.0065791483	-0.0002099247	-0.0644142944	0.0006297652	0.0644101897	-0.0010495788999999999	-0.0644033487	0.220434	0.00012100000000001002	0.048591148356000015	1.4641000000002417e-08	-0.0740983	0.1578547	0.02491810631209001	0.005490558062890001	-0.0479149	0.08001509999999998	0.0022958376420100005	0.0064024162280099965	-0.0241977	-0.0011069999999999967	1.225448999999993e-06	0.00058552868529	0.0121626	0.0003958000000000017	0.00014792883876	1.5665764000000137e-07	0.00388988	0.0	0.0	1.51311664144e-05	0.0	0.0	0.0	0.0	0.0	0.0	0.0	0.0	0.0	0.0	0.0	0.0	0.0	0.0	0.0	0.0	0.0	0.0	0.0	0.0	0.0	0.0	0.0	0.0	0.0	0.0	0.0	0.0	0.0	0.0	0.0	0.0	0.0	0.0	0.0	0.0	0.0	0.0	0.0	0.0	0.0	0.0	0.0	0.0	0.0	0.0	0.0	0.0	0.0	0.0	0.0	0.0	0.0	0.0	0.0	0.0	0.0	0.0	0.0	0.0	0.0	0.0	0.0	0.0	0.0	0.0	0.0	0.0	0.0	0.0	0.0	0.0	0.0	0.0	0.0	0.0	0.0	0.0	0.0	0.0	0.0	0.0	0.0	0.0	0.0	0.0	0.0	0.0	0.0	0.0	0.0	0.0	0.0	0.0	0.0	0.0	0.0	0.0	0.0	0.0	0.0	0.0	0.0	-1.053711977	0.5078207977	0.7263988836	0.8854627592	0.3227323724	0.5919518641	0.5042933937	-0.7406620462	-0.1100897901	-0.1837138097	-0.1447469951	-1.648262487	-0.374551228	0.2897558971	-0.5218032494	0.01746646222	-0.1194477124	-0.3678846862	0.7813880238	1.255738787	0.261897243	-0.9346022705	-0.3002385981	-1.00097115	1.078934182	0.6950604761	-0.5206095812	-0.6309793602	-1.135992145	0.7007184048	0.4482604822	0.9625990651	0.03093272302	1.091863123
8838.297919405144	-19.162249041488394	78115510.1121613	367.1917883280228	7397.295144913044	9.834132580046573	96.71016360193344	54719975.46095409	7786.302573511388	-15.601676855423648	60626507.76627006	243.412320701062	7752.937215632874	10967.234859186234	0.586562	25.076439	0.3140548	0.200322	-0.0357210853	-0.033658332	0.0027756258	0.0116013456	0.0199326262	0.046960194000000004	0.0086784664	0.0263157975	0.0183008612	0.0012918727000000001	-0.012878791799999999	0.005943658100000001	-0.0402094443	0.01864776	0.0008226467	-0.0126396631	-0.004763628	-0.0370565534	0.0253098144	-0.0006297652	-0.0644033487	0.0018890548	0.0643664117	-0.0031476221999999997	-0.0643048657	0.225707	0.005273	0.05094364984900001	2.7804529000000004e-05	-0.230501	-0.1564027	0.024461804567290003	0.053130711001	-0.15043099999999998	-0.10251609999999996	0.022629485760999997	0.010509550759209995	-0.0233728	0.0008248999999999999	6.804600099999999e-07	0.00054628777984	0.0121604	-2.2000000000008124e-06	0.00014787532816	4.840000000003576e-12	0.00371972	-0.00017015999999999993	2.8954425599999976e-08	1.38363168784e-05	0.0	0.0	0.0	0.0	0.0	0.0	0.0	0.0	0.0	0.0	0.0	0.0	0.0	0.0	0.0	0.0	0.0	0.0	0.0	0.0	0.0	0.0	0.0	0.0	0.0	0.0	0.0	0.0	0.0	0.0	0.0	0.0	0.0	0.0	0.0	0.0	0.0	0.0	0.0	0.0	0.0	0.0	0.0	0.0	0.0	0.0	0.0	0.0	0.0	0.0	0.0	0.0	0.0	0.0	0.0	0.0	0.0	0.0	0.0	0.0	0.0	0.0	0.0	0.0	0.0	0.0	0.0	0.0	0.0	0.0	0.0	0.0	0.0	0.0	0.0	0.0	0.0	0.0	0.0	0.0	0.0	0.0	0.0	0.0	0.0	0.0	0.0	0.0	0.0	0.0	0.0	0.0	0.0	0.0	0.0	0.0	0.0	0.0	0.0	0.0	0.0	0.0	0.0	-0.9956608904	0.5257023865	0.8071181263	1.002220978	0.1470640171	0.1845211257	0.482029875	-0.5151545581	-0.1691208607	0.08433538218	-0.613411629	-1.562552759	-0.3337911568	0.3508925674	-0.4698864739	-0.06380732765	0.3614461048	-0.5977301002	0.5223612487	1.348202666	-0.153275052	-1.140207537	-0.5747085661	-0.968230077	0.9953163083	-0.4622594605	-0.5473713812	-0.8970357627	-0.2419403935	0.1406798645	-0.05255730098	1.345062326	-0.3669362785	1.650101915
8858.791800095802	20.493880690657534	78478192.15744461	419.99914576290564	7362.9278871576835	-34.3672577553607	1181.1084056234	54212707.07148431	7796.133312380939	9.830738869551167	60779694.62441579	96.64342672130421	7761.690067435022	10883.385219938586	0.570723	24.399281	0.12737649999999998	0.07668849999999999	-0.02841659	-0.0263238731	0.0026634832	0.0170182074	0.0080538994	0.0413960553	0.0013576097	0.0396107707	0.0068639041	-0.0021956766	-0.011461138300000001	0.000935313	-0.0284624029	0.0124500042	-0.0023878309	-0.0115578885	-0.000352795	-0.027524418399999997	0.015602975600000001	-0.0010495788999999999	-0.0643814593	0.0031476221999999997	0.0642788855	-0.0052423228	-0.0641080503	0.223614	-0.0020930000000000393	0.050003220995999985	4.380649000000164e-06	-0.171173	0.05932800000000003	0.0035198115840000023	0.029300195929	-0.10341	0.047020999999999986	0.010693628099999998	0.0022109744409999988	-0.0233588	1.4000000000000125e-05	1.9600000000000343e-10	0.0005456335374400001	0.0124275	0.00026710000000000096	0.00015444275625000004	7.134241000000054e-08	0.00381731	9.758999999999984e-05	9.523808099999968e-09	1.45718556361e-05	0.0	0.0	0.0	0.0	0.0	0.0	0.0	0.0	0.0	0.0	0.0	0.0	0.0	0.0	0.0	0.0	0.0	0.0	0.0	0.0	0.0	0.0	0.0	0.0	0.0	0.0	0.0	0.0	0.0	0.0	0.0	0.0	0.0	0.0	0.0	0.0	0.0	0.0	0.0	0.0	0.0	0.0	0.0	0.0	0.0	0.0	0.0	0.0	0.0	0.0	0.0	0.0	0.0	0.0	0.0	0.0	0.0	0.0	0.0	0.0	0.0	0.0	0.0	0.0	0.0	0.0	0.0	0.0	0.0	0.0	0.0	0.0	0.0	0.0	0.0	0.0	0.0	0.0	0.0	0.0	0.0	0.0	0.0	0.0	0.0	0.0	0.0	0.0	0.0	0.0	0.0	0.0	0.0	0.0	0.0	0.0	0.0	0.0	0.0	0.0	0.0	0.0	0.0	-1.036016452	0.4710732766	0.7362190402	0.8831553316	0.2724069586	0.2585388915	0.3597448123	-0.9214886574	-0.2395874718	0.03293533638	-0.137809141	-1.594534113	-0.4451534026	0.2482939812	-0.6098238464	-0.1564998708	-0.1238762151	-0.2715090215	0.1469310189	1.324616514	-0.1890238683	-0.7592835989	-0.2816956871	-1.322253666	0.7468812508	-1.602294634	-0.5819709256	-0.8284926169	0.3374363906	0.7084529016	0.5976241812	0.5319613703	-0.2817535126	1.070297455
8857.288176718259	-1.5036233775426808	78451553.84543306	2.2608832614928587	7380.808575829039	17.880688671355532	319.71902736194187	54476335.23303149	7781.0347415064025	-15.098570874536565	60544501.64852961	227.96684245340373	7746.938346468282	10914.625962537093	0.60614	25.913393	0.1275915	0.07460279999999997	-0.02608425	-0.0265572183	-0.0017350504	0.010601873400000001	0.0202848108	0.037575214100000004	-0.0321814031	0.0131718405	0.0120329816	0.0054097139	-0.0086943439	0.0002519107	-0.0232000182	-0.0062000741	0.0053252656	-0.008640481700000001	-0.0008998706	-0.023506273199999997	-0.0081787631	-0.0014693481	-0.0643486298	0.0044049861	0.0641476706	-0.0073314563	-0.0638132035	0.208709	-0.014904999999999976	0.043559446681	0.00022215902499999918	-0.103755	0.06741799999999999	0.004545186723999999	0.010765100025	-0.08655949999999997	0.016850500000000018	0.007492547040249996	0.00028393935025000064	-0.0235917	-0.00023290000000000122	5.424241000000054e-08	0.00055656830889	0.0121799	-0.00024760000000000233	0.00014834996400999996	6.130576000000116e-08	0.00372945	-8.785999999999992e-05	7.719379599999988e-09	1.39087973025e-05	0.0	0.0	0.0	0.0	0.0	0.0	0.0	0.0	0.0	0.0	0.0	0.0	0.0	0.0	0.0	0.0	0.0	0.0	0.0	0.0	0.0	0.0	0.0	0.0	0.0	0.0	0.0	0.0	0.0	0.0	0.0	0.0	0.0	0.0	0.0	0.0	0.0	0.0	0.0	0.0	0.0	0.0	0.0	0.0	0.0	0.0	0.0	0.0	0.0	0.0	0.0	0.0	0.0	0.0	0.0	0.0	0.0	0.0	0.0	0.0	0.0	0.0	0.0	0.0	0.0	0.0	0.0	0.0	0.0	0.0	0.0	0.0	0.0	0.0	0.0	0.0	0.0	0.0	0.0	0.0	0.0	0.0	0.0	0.0	0.0	0.0	0.0	0.0	0.0	0.0	0.0	0.0	0.0	0.0	0.0	0.0	0.0	0.0	0.0	0.0	0.0	0.0	0.0	-0.9220057426	0.5895120485	0.777802177	0.9756541066	0.08160218474	0.4814042895	0.1794304735	-0.3783477616	-0.1535924551	0.2376410026	-0.4487578288	-1.448788762	-0.2768745362	0.5066199741	-0.4451514973	-0.1540667306	0.03610272781	-0.4132244709	0.1010702037	1.364138171	-0.3828045409	-0.7372322937	-0.4186322991	-0.876873532	0.7723686723	-0.4145426875	-0.8887230272	-0.821511753	1.679602583	0.1210268389	-0.2238079258	0.09587520796	-0.3822650475	0.9356123696
8878.48918871665	21.201011998391554	78827570.27415845	449.4829097559424	7329.180085656998	-51.628490172040976	2665.5009974445325	53716880.72799112	7792.662474108621	11.627732602218204	60725588.43538069	135.20416546868807	7756.067078439109	10899.346927889816	0.7727319999999999	33.035477	0.3983045	0.238261	-0.0235587441	-0.0243854235	0.0009913205000000001	0.0022695007	0.0098431109	0.0273744529	-0.0349942712	-0.0122967106	-0.0131437307	0.0014129010999999999	-0.015492879	0.0012804168	-0.0308081425	-0.0241641927	0.0016362938	-0.0153160916	-0.0026925199	-0.0334783384	-0.0280731854	-0.0018890548	-0.0643048657	0.0056606658999999995	0.0639728562	-0.0094128041	-0.0634207761	0.200824	-0.007885000000000003	0.040330278976	6.217322500000005e-05	-0.2598	-0.15604500000000002	0.024350042025	0.06749604	-0.196106	-0.10954650000000003	0.038457563236	0.012000435662250009	-0.0215991	0.0019926000000000006	3.970454760000001e-06	0.00046652112081	0.0121941	1.4200000000000672e-05	0.00014869607481000002	2.0164000000001901e-10	0.00323969	-0.0004897600000000001	2.398648576000001e-07	1.04955912961e-05	0.0	0.0	0.0	0.0	0.0	0.0	0.0	0.0	0.0	0.0	0.0	0.0	0.0	0.0	0.0	0.0	0.0	0.0	0.0	0.0	0.0	0.0	0.0	0.0	0.0	0.0	0.0	0.0	0.0	0.0	0.0	0.0	0.0	0.0	0.0	0.0	0.0	0.0	0.0	0.0	0.0	0.0	0.0	0.0	0.0	0.0	0.0	0.0	0.0	0.0	0.0	0.0	0.0	0.0	0.0	0.0	0.0	0.0	0.0	0.0	0.0	0.0	0.0	0.0	0.0	0.0	0.0	0.0	0.0	0.0	0.0	0.0	0.0	0.0	0.0	0.0	0.0	0.0	0.0	0.0	0.0	0.0	0.0	0.0	0.0	0.0	0.0	0.0	0.0	0.0	0.0	0.0	0.0	0.0	0.0	0.0	0.0	0.0	0.0	0.0	0.0	0.0	0.0	-0.8255743986	0.4589287941	0.7535062574	0.7948900747	0.2392064235	0.2988211963	0.6645062377	-0.8558752742	-0.4488948107	-0.1407432751	-0.226758271	-1.593822143	-0.5047212211	0.9598940227	-0.6014884743	-0.05669130965	-0.1037642909	-0.0713579599	0.3498685051	0.8625320744	0.3115083573	-0.8018638683	-0.1317992918	-0.443720351	0.6212822312	0.4824294196	-0.8907508014	-0.4318530872	0.8913128924	0.7279905799	0.3743640121	-1.767718399	0.03053124278	0.009000989954
8892.286144501728	13.796955785077445	79072752.87569742	190.35598893538196	7376.621038948221	47.4409532912232	2250.6440491800213	54414537.95225354	7799.211061594788	6.54858748616698	60827693.18330249	42.88399806398277	7763.311008623877	10936.607936541566	0.698325	29.85446	0.185825	0.0983878	-0.0262908736	-0.0258455233	0.0026393845	-0.0026783503000000005	0.024735654300000003	0.049122090800000004	-0.0204735725	-0.0008874784	-0.012738163500000002	-0.0029005463	-0.0192914085	-0.0053480428	-0.0358731814	-0.0073021565	-0.0030342861	-0.0192907204	0.0050355829	-0.0360622837	-0.0069008314	-0.0023086813	-0.0642501747	0.0069141815	0.063754561	-0.011484155800000001	-0.0629313682	0.225681	0.02485699999999999	0.050931913761	0.0006178704489999995	-0.192166	0.06763399999999997	0.004574357955999996	0.036927771556	-0.252452	-0.056346000000000014	0.06373201230400001	0.003174871716000001	-0.0214	0.0001991000000000007	3.964081000000027e-08	0.0004579599999999999	0.0124875	0.00029340000000000095	0.00015593765625000002	8.608356000000055e-08	0.00348695	0.00024726	6.113750760000001e-08	1.21588203025e-05	0.0	0.0	0.0	0.0	0.0	0.0	0.0	0.0	0.0	0.0	0.0	0.0	0.0	0.0	0.0	0.0	0.0	0.0	0.0	0.0	0.0	0.0	0.0	0.0	0.0	0.0	0.0	0.0	0.0	0.0	0.0	0.0	0.0	0.0	0.0	0.0	0.0	0.0	0.0	0.0	0.0	0.0	0.0	0.0	0.0	0.0	0.0	0.0	0.0	0.0	0.0	0.0	0.0	0.0	0.0	0.0	0.0	0.0	0.0	0.0	0.0	0.0	0.0	0.0	0.0	0.0	0.0	0.0	0.0	0.0	0.0	0.0	0.0	0.0	0.0	0.0	0.0	0.0	0.0	0.0	0.0	0.0	0.0	0.0	0.0	0.0	0.0	0.0	0.0	0.0	0.0	0.0	0.0	0.0	0.0	0.0	0.0	0.0	0.0	0.0	0.0	0.0	0.0	-0.7941835257	0.4263875173	0.8713399057	0.9736635835	0.1570788274	-0.02880396237	0.3838397193	-0.5743148253	-0.2093215389	0.1844140563	-0.6104593034	-1.781711218	-0.4487062964	0.480990266	-0.3247995907	-0.2814656305	0.3823732353	-0.1652856566	0.760302548	1.196797856	-0.0859777568	-1.002057149	-0.6570546235	-0.8890635705	0.8121032485	0.7165022454	-0.4914120849	-0.5710743795	-0.4409260367	0.4474016211	-0.1022663714	-1.533334849	-0.2161782775	0.8898713255
8907.579592207992	15.29344770626449	79344974.1915203	233.88954274424648	7348.3703237330665	-28.250715215154738	798.1029101677756	53998546.41472081	7786.367337748802	-12.84372384598555	60627516.31836137	164.96124223193786	7752.643105776868	11073.603274620815	1.272621	54.406479	1.3236915000000002	1.0420200000000002	-0.0369728365	-0.056326603499999996	-0.0311974652	-0.0652878648	0.0064910526	-0.0007906012	-0.013490998200000002	0.0253296477	0.0743749985	0.0072811006000000015	0.0004941116000000001	-0.0014887102	-0.0100539024	-0.027849213799999998	0.006722730400000001	0.0011391755	0.0019142958	-0.0088128935	-0.0235954635	-0.0027282097	-0.0641845658	0.0081650537	0.06349293339999999	-0.013543311899999999	-0.0623457281	0.192115	-0.03356599999999998	0.036908173225	0.001126676355999999	-0.282299	-0.09013299999999996	0.008123957688999994	0.07969272540099998	0.087826	0.340278	0.007713406276	0.115789117284	-0.0377824	-0.016382400000000002	0.00026838302976000004	0.0014275097497600002	0.0130502	0.0005627000000000009	0.00017030772004000006	3.166312900000012e-07	0.00373614	0.00024919000000000026	6.209565610000013e-08	1.39587420996e-05	0.0	0.0	0.0	0.0	0.0	0.0	0.0	0.0	0.0	0.0	0.0	0.0	0.0	0.0	0.0	0.0	0.0	0.0	0.0	0.0	0.0	0.0	0.0	0.0	0.0	0.0	0.0	0.0	0.0	0.0	0.0	0.0	0.0	0.0	0.0	0.0	0.0	0.0	0.0	0.0	0.0	0.0	0.0	0.0	0.0	0.0	0.0	0.0	0.0	0.0	0.0	1.0	0.0	0.0	0.0	0.0	0.0	0.0	0.0	0.0	0.0	0.0	0.0	0.0	0.0	0.0	0.0	0.0	0.0	0.0	0.0	0.0	0.0	0.0	0.0	0.0	0.0	0.0	0.0	0.0	0.0	0.0	0.0	0.0	0.0	0.0	0.0	0.0	0.0	0.0	0.0	0.0	0.0	0.0	0.0	0.0	0.0	0.0	0.0	0.0	0.0	0.0	0.0	-1.549303468	0.8726231814	0.9232343733	1.069522812	0.596265707	0.4793679576	0.5041604539	-1.090514972	-0.1146742642	0.2301533715	-0.2609448005	-1.749956532	-1.370373761	0.05097362319	-0.6409211286	-0.4806114263	-0.2770785323	-0.3408841967	1.060137789	0.6553869109	-0.2846230284	0.5264198861	-0.3782837924	-0.6174176934	1.725878078	0.1892833197	-0.9468034152	1.327320557	-0.3027119521	1.359613659	0.006821602304	0.2576679952	-0.8135910102	1.663777603
8870.827576488053	-36.752015719939656	78691581.89178091	1350.7106594786924	7300.287414550781	-48.08290918228522	2311.966155431888	53294196.33504853	7752.646243845599	-33.72109390320293	60103523.78221328	1137.1121740286294	7718.951578633393	11117.474196086072	0.926875	39.625309	0.7734455	0.529025	-0.0349847235	-0.064051676	-0.0361869716	-0.0736548031	-0.0086889974	-0.025822924100000002	-0.036170411	0.003468776	0.0683448331	0.0283710956	0.0174163086	0.011623783600000001	0.015412210800000001	-0.026386970699999998	0.027984517799999997	0.017994104099999998	-0.0117862902	0.015673575	-0.0263246023	-0.0031476221999999997	-0.0641080503	0.0094128041	0.0631881514	-0.0155880856	-0.06166475160000001	0.179133	-0.01298200000000002	0.032088631688999995	0.00016853232400000054	-0.11844	0.16385899999999998	0.026849771880999997	0.014028033600000002	0.28817	0.200344	0.0830419489	0.04013771833599999	-0.045263300000000006	-0.0074809000000000065	5.596386481000009e-05	0.0020487663268900012	0.0133852	0.0003349999999999985	0.00017916357904	1.12224999999999e-07	0.00362683	-0.00010931000000000004	1.1948676100000013e-08	1.3153895848900004e-05	0.0	0.0	0.0	0.0	0.0	0.0	0.0	0.0	0.0	0.0	0.0	0.0	0.0	0.0	0.0	0.0	0.0	0.0	0.0	0.0	0.0	0.0	0.0	0.0	0.0	0.0	0.0	0.0	0.0	0.0	0.0	0.0	0.0	0.0	0.0	0.0	0.0	0.0	0.0	0.0	0.0	0.0	0.0	0.0	0.0	0.0	0.0	0.0	0.0	0.0	0.0	0.0	1.0	0.0	0.0	0.0	0.0	0.0	0.0	0.0	0.0	0.0	0.0	0.0	0.0	0.0	0.0	0.0	0.0	0.0	0.0	0.0	0.0	0.0	0.0	0.0	0.0	0.0	0.0	0.0	0.0	0.0	0.0	0.0	0.0	0.0	0.0	0.0	0.0	0.0	0.0	0.0	0.0	0.0	0.0	0.0	0.0	0.0	0.0	0.0	0.0	0.0	0.0	-1.740081063	1.201934866	0.9876388711	1.106207558	0.6065707528	0.8050870796	0.3715202582	-1.185980104	-0.3469707083	0.5101851615	-0.7828971954	-1.476080817	-1.423194907	0.436176813	-0.9608423518	-0.6266959814	0.07129189161	-0.7994713293	1.9544992	0.4910825695	-0.6382061749	1.15691167	-0.5805655334	0.08637743929	1.471639042	0.4635677992	-1.20415555	2.344063618	1.563211045	1.019028449	-0.5471286514	0.6497852675	-1.221035618	1.256376721
8851.095321711357	-19.73225477669621	78341888.39402066	389.3618785724504	7259.16376695836	-41.12364759242155	1691.1543913056787	52695458.59552109	7755.660459811674	3.0142159660745165	60150269.16788622	9.08549789013853	7721.565112475864	11059.358609535713	0.752183	32.15696	0.424314	0.269363	-0.030056533	-0.0647620381	-0.0324983934	-0.0821479899	-0.0135891284	-0.0335295063	-0.0139955291	-0.0069999756000000005	0.06272222059999999	0.028174201	0.0074402129000000015	-0.0069627181	0.017343868000000002	-0.034050809	0.027753527400000002	0.0084487385	0.0054793973	0.015625543000000002	-0.0393176862	-0.003566901	-0.0640206412	0.0106569557	0.0628404219	-0.0176163054	-0.0608894797	0.167916	-0.011216999999999977	0.028195783056	0.00012582108899999948	-0.348262	-0.22982200000000005	0.05281815168400001	0.121286420644	0.265006	-0.02316399999999996	0.07022818003600001	0.0005365708959999984	-0.0430684	0.0021949000000000066	4.817586010000029e-06	0.00185488707856	0.0137041	0.00031890000000000043	0.00018780235681	1.0169721000000027e-07	0.00293841	-0.0006884200000000004	4.739220964000005e-07	8.634253328099999e-06	0.0	0.0	0.0	0.0	0.0	0.0	0.0	0.0	0.0	0.0	0.0	0.0	0.0	0.0	0.0	0.0	0.0	0.0	0.0	0.0	0.0	0.0	0.0	0.0	0.0	0.0	0.0	0.0	0.0	0.0	0.0	0.0	0.0	0.0	0.0	0.0	0.0	0.0	0.0	0.0	0.0	0.0	0.0	0.0	0.0	0.0	0.0	0.0	0.0	0.0	0.0	0.0	0.0	0.0	0.0	0.0	0.0	0.0	0.0	0.0	0.0	0.0	0.0	0.0	0.0	0.0	0.0	0.0	0.0	0.0	0.0	0.0	0.0	0.0	0.0	0.0	0.0	0.0	0.0	0.0	0.0	0.0	0.0	0.0	0.0	0.0	0.0	0.0	0.0	0.0	0.0	0.0	0.0	0.0	0.0	0.0	0.0	0.0	0.0	0.0	0.0	0.0	0.0	-1.758807124	0.9812525536	0.8595045997	1.070710689	0.6656836915	0.4976570237	0.864839266	-1.036681433	-0.3670750672	0.350038243	-0.5466156238	-1.493988752	-1.869417831	-0.1615801731	-0.9732330909	-0.2439513024	0.1116934079	-0.5518202753	1.975828617	0.8065895007	-0.3597937652	0.6217918005	-0.3553603577	-0.6034076202	1.800473939	1.08822258	-1.731684544	2.075209544	1.46911926	1.439433508	0.8168759268	-0.7162731103	0.2071046696	0.04749184759
8829.085485167947	-22.00983654340962	77952750.50440332	484.4329046676095	7287.741218144843	28.577451186482907	816.6707163158131	53111172.06264728	7744.218596905991	-11.441862905682685	59972921.6766646	130.91622675243738	7709.832367612018	11020.505622118864	0.5620229999999999	24.027323000000006	0.17200750000000006	0.0920791	-0.0308569252	-0.0699438922	-0.0286939052	-0.0759426886	-0.0053771531000000004	-0.041668292200000005	-0.0306093833	-0.0154865921	0.059764867	0.034493016099999996	0.0114055006	0.0054427697	0.023632201000000002	-0.0275576344	0.034018343199999995	0.0123457424	-0.0068916262	0.0222863145	-0.033341764100000004	-0.0039860282	-0.06392235339999999	0.0118970329	0.0624499814	-0.0196258174	-0.06002109820000001	0.154888	-0.013028000000000012	0.023990292544	0.00016972878400000032	-0.267065	0.08119700000000002	0.006592952809000003	0.071323714225	0.280236	0.015229999999999966	0.078532215696	0.00023195289999999898	-0.042522	0.0005463999999999955	2.9855295999999516e-07	0.0018081204840000003	0.0143173	0.0006131999999999995	0.00020498507929	3.760142399999994e-07	0.00284696	-9.144999999999986e-05	8.363102499999975e-09	8.1051812416e-06	0.0	0.0	0.0	0.0	0.0	0.0	0.0	0.0	0.0	0.0	0.0	0.0	0.0	0.0	0.0	0.0	0.0	0.0	0.0	0.0	0.0	0.0	0.0	0.0	0.0	0.0	0.0	0.0	0.0	0.0	0.0	0.0	0.0	0.0	0.0	0.0	0.0	0.0	0.0	0.0	0.0	0.0	0.0	0.0	0.0	0.0	0.0	0.0	0.0	0.0	0.0	0.0	0.0	0.0	0.0	0.0	0.0	0.0	0.0	0.0	0.0	0.0	0.0	0.0	0.0	0.0	0.0	0.0	0.0	0.0	0.0	0.0	0.0	0.0	0.0	0.0	0.0	0.0	0.0	0.0	0.0	0.0	0.0	0.0	0.0	0.0	0.0	0.0	0.0	0.0	0.0	0.0	0.0	0.0	0.0	0.0	0.0	0.0	0.0	0.0	0.0	0.0	0.0	-1.764490115	1.051326457	0.9475771496	1.012177368	0.6649718658	0.4826561681	0.3145164145	-1.068014384	-0.1275434896	0.2835970714	-0.8377774472	-1.411533315	-2.008695247	0.1107130694	-1.080429917	-0.4601288267	0.245359315	-0.578816283	1.986754306	0.586706543	-0.6550312643	0.9983860001	-0.3861689546	-0.1306269375	1.553655092	1.592720737	-1.707038925	2.107879555	1.338897888	0.6148162852	-0.5774307285	-0.8156005952	-0.4669654657	-0.2061747735
8845.156925877202	16.071440709254606	78236801.04339342	258.29120647108607	7323.186689433645	35.445471288802764	1256.3814348853412	53629063.28829812	7768.394946212461	24.17634930647	60347960.0403393	584.4958657884525	7734.7079764657865	11094.797548017668	0.587799	25.129293	0.17967950000000013	0.11061	-0.0298885818	-0.0646416135	-0.0314922104	-0.0726985278	0.0058092151	-0.0437084295	0.0029055068	-0.0419136107	0.0751138391	0.022380565499999998	0.002322524	0.0086067414	0.0158818971	-0.0352210145	0.0220596825	0.0032489520000000003	-0.009950026800000001	0.0155839095	-0.039448925499999996	-0.0044049861	-0.0638132035	0.013132561499999999	0.0620170952	-0.0216144876	-0.05906093480000001	0.137922	-0.01696600000000001	0.019022478084	0.0002878451560000003	-0.166302	0.100763	0.010153182168999998	0.027656355203999998	0.285076	0.004840000000000011	0.081268325776	2.342560000000011e-05	-0.043182300000000014	-0.0006603000000000027	4.3599609000000343e-07	0.0018647110332900003	0.014027800000000005	-0.0002894999999999946	0.00019677917284000013	8.381024999999689e-08	0.00265455	-0.00019241000000000006	3.7021608100000015e-08	7.046635702499998e-06	0.0	0.0	0.0	0.0	0.0	0.0	0.0	0.0	0.0	0.0	0.0	0.0	0.0	0.0	0.0	0.0	0.0	0.0	0.0	0.0	0.0	0.0	0.0	0.0	0.0	0.0	0.0	0.0	0.0	0.0	0.0	0.0	0.0	0.0	0.0	0.0	0.0	0.0	0.0	0.0	0.0	0.0	0.0	0.0	0.0	0.0	0.0	0.0	0.0	0.0	0.0	0.0	0.0	0.0	0.0	0.0	0.0	0.0	0.0	0.0	0.0	0.0	0.0	0.0	0.0	0.0	0.0	0.0	0.0	0.0	0.0	0.0	0.0	0.0	0.0	0.0	0.0	0.0	0.0	0.0	0.0	0.0	0.0	0.0	0.0	0.0	0.0	0.0	0.0	0.0	0.0	0.0	0.0	0.0	0.0	0.0	0.0	0.0	0.0	0.0	0.0	0.0	0.0	-1.808723271	1.015603462	0.8832322017	1.042103108	0.5839448264	0.5428474305	0.6063664132	-1.149630413	-0.3173930822	0.1875706587	-0.4612731414	-1.447958248	-1.966844039	-0.2436732742	-0.9009997088	-0.2338590499	-0.1358707105	-0.5573506583	1.630265053	0.6490606864	-0.3253991654	0.6918065237	-0.4477732615	-0.2240279597	1.747094639	2.28627901	-1.87375613	2.07562456	0.8291258	1.496633671	0.6570644079	0.1624340896	0.32471385	-0.02722104331
8810.47673022277	-34.68019565443137	77624500.21379691	1202.7159706296409	7319.65404663086	-3.5326428027856314	12.479565172073116	53577335.36235952	7743.970403283982	-24.424542928479237	59969077.60693827	596.5582972651252	7711.1044552775475	11046.310592478865	0.713693	30.511484000000006	0.408137	0.241892	-0.028361229100000006	-0.0672724584	-0.026772309100000002	-0.08582782470000001	-0.0009241889	-0.021047905899999997	0.0093523367	-0.0193165611	0.08115306679999999	0.0321046655	0.0167984	0.016638562	0.0133431144	-0.0089952821	0.0313023459	0.0177495309	-0.0165007356	0.0160406784	-0.0086892547	-0.0048237569	-0.0636932101	0.0143630693	0.0615420576	-0.0235802042	-0.05801045780000001	0.139102	0.0011800000000000144	0.019349366404	1.392400000000034e-06	-0.368304	-0.202002	0.040804808004000014	0.135647836416	0.193422	-0.091654	0.037412070084000014	0.008400455715999997	-0.0422802	0.0009021000000000097	8.137844100000176e-07	0.0017876153120399995	0.014610299999999996	0.0005824999999999927	0.00021346086608999996	3.393062499999916e-07	0.00187313	-0.0007814199999999999	6.106172163999999e-07	3.5086159969e-06	0.0	0.0	0.0	0.0	0.0	0.0	0.0	0.0	0.0	0.0	0.0	0.0	0.0	0.0	0.0	0.0	0.0	0.0	0.0	0.0	0.0	0.0	0.0	0.0	0.0	0.0	0.0	0.0	0.0	0.0	0.0	0.0	0.0	0.0	0.0	0.0	0.0	0.0	0.0	0.0	0.0	0.0	0.0	0.0	0.0	0.0	0.0	0.0	0.0	0.0	0.0	0.0	0.0	0.0	0.0	0.0	0.0	0.0	0.0	0.0	0.0	0.0	0.0	0.0	0.0	0.0	0.0	0.0	0.0	0.0	0.0	0.0	0.0	0.0	0.0	0.0	0.0	0.0	0.0	0.0	0.0	0.0	0.0	0.0	0.0	0.0	0.0	0.0	0.0	0.0	0.0	0.0	0.0	0.0	0.0	0.0	0.0	0.0	0.0	0.0	0.0	0.0	0.0	-1.749192655	1.049617861	0.9508140912	1.085540542	0.5451001711	0.2885116192	0.5081123271	-0.915111048	0.1030884321	0.1968065907	-0.7743480526	-1.599237899	-2.105302039	-0.05095124035	-1.060601	-0.6149625982	0.3198556006	-0.5725981162	1.679526082	0.656817334	-0.6253662579	0.6657288933	-0.3970546313	-0.3205848246	1.69440878	1.762966041	-1.779658963	1.831096505	-0.3548567215	0.3227881384	-1.092910688	0.2004174631	-0.4417956353	0.7813572727
8843.303700892884	32.82697067011395	78204020.34622578	1077.6100033765217	7312.52686270856	-7.127183922299992	50.79675066229149	53473049.11783429	7775.263738190201	31.293334906219567	60454726.19841546	979.2728095528199	7741.492182578672	10949.833447918005	0.740727	31.667208	0.2968489999999997	0.182502	-0.023450432799999997	-0.060521915999999995	-0.0245291771	-0.07466922990000001	-0.0072816291	-0.0457750302	0.028572406800000002	0.015054767	0.08840531230000001	0.022376785	-0.004744196500000001	0.0129978353	0.0204547875	-0.038875476400000004	0.0217742976	-0.0036799143	-0.012858661499999998	0.0224421881	-0.0351088761	-0.0052423228	-0.0635623935	0.0155880856	0.0610251914	-0.025520879500000003	-0.0568712735	0.136068	-0.003034000000000009	0.018514500624	9.205156000000052e-06	-0.207654	0.16065000000000002	0.025808422500000004	0.043120183716	0.2709	0.07747799999999996	0.07338680999999997	0.0060028404839999935	-0.04218	0.00010019999999999474	1.0040039999998943e-08	0.0017791524	0.0154622	0.0008519000000000028	0.00023907962884	7.257336100000046e-07	0.00203477	0.00016164	2.61274896e-08	4.1402889529e-06	0.0	0.0	0.0	0.0	0.0	0.0	0.0	0.0	0.0	0.0	0.0	0.0	0.0	0.0	0.0	0.0	0.0	0.0	0.0	0.0	0.0	0.0	0.0	0.0	0.0	0.0	0.0	0.0	0.0	0.0	0.0	0.0	0.0	0.0	0.0	0.0	0.0	0.0	0.0	0.0	0.0	0.0	0.0	0.0	0.0	0.0	0.0	0.0	0.0	0.0	0.0	0.0	0.0	0.0	0.0	0.0	0.0	0.0	0.0	0.0	0.0	0.0	0.0	0.0	0.0	0.0	0.0	0.0	0.0	0.0	0.0	0.0	0.0	0.0	0.0	0.0	0.0	0.0	0.0	0.0	0.0	0.0	0.0	0.0	0.0	0.0	0.0	0.0	0.0	0.0	0.0	0.0	0.0	0.0	0.0	0.0	0.0	0.0	0.0	0.0	0.0	0.0	0.0	-1.900623966	0.9621936535	0.8262338734	0.9260361744	0.4851438518	0.4388906249	0.5113771657	-1.174886146	-0.3329180745	0.2418669153	-0.5626482719	-1.578786965	-2.013562272	-0.3583267208	-1.050200463	-0.3945994009	-0.5370060249	-0.6149260057	1.013951696	0.4079638361	-0.4017173599	0.7654219341	-0.344958287	0.17260613	1.561533387	0.980069534	-1.922996011	1.695361739	-1.340015036	1.363616826	0.8927278474	0.4250940408	-0.01472269754	1.299274327
8780.70258971468	-62.601111178204526	77100737.96902208	3918.899120745922	7300.407641974914	-12.119220733645305	146.87551119081832	53295951.73900573	7695.742715723575	-79.52102246662616	59224455.94661247	6323.593014137664	7663.6194471380995	11046.782499448609	1.122721	47.998047	0.3698440000000002	0.260776	-0.0282386167	-0.0655455432	-0.0341041261	-0.0821968818	-0.0152486927	0.022527903	0.0092912047	0.0394500478	0.0743839472	0.047266135199999997	0.0629968542	0.014495006699999997	0.0054895903000000005	0.0628580388	0.0465288975	0.0634531863	-0.011683355500000001	0.0091880617	0.06886619719999999	-0.0056606658999999995	-0.0634207761	0.0168071422	0.060466848	-0.0274344528	-0.055645124000000004	0.15479500000000002	0.018727000000000018	0.02396149202500001	0.0003507005290000008	-0.215969	-0.008314999999999989	6.913922499999982e-05	0.046642608961	0.126132	-0.14476799999999998	0.015909281424	0.020957773824	-0.0389468	0.0032331999999999986	1.0453582239999989e-05	0.0015168532302400005	0.0151386	-0.0003236000000000003	0.00022917720996	1.0471696000000018e-07	0.00243865	0.0004038800000000001	1.631190544000001e-07	5.947013822500001e-06	0.0	0.0	0.0	0.0	0.0	0.0	0.0	0.0	0.0	0.0	0.0	0.0	0.0	0.0	0.0	0.0	0.0	0.0	0.0	0.0	0.0	0.0	0.0	0.0	0.0	0.0	0.0	0.0	0.0	0.0	0.0	0.0	0.0	0.0	0.0	0.0	0.0	0.0	0.0	0.0	0.0	0.0	0.0	0.0	0.0	0.0	0.0	0.0	0.0	0.0	0.0	0.0	0.0	0.0	0.0	0.0	0.0	0.0	0.0	0.0	0.0	0.0	0.0	0.0	0.0	0.0	0.0	0.0	0.0	0.0	0.0	0.0	0.0	0.0	0.0	0.0	0.0	0.0	0.0	0.0	0.0	0.0	0.0	0.0	0.0	0.0	0.0	0.0	0.0	0.0	0.0	0.0	0.0	0.0	0.0	0.0	0.0	0.0	0.0	0.0	0.0	0.0	0.0	-1.2603752	1.128368227	1.036725958	1.117519412	0.6712178521	0.5657787115	0.4202367526	-0.5165138201	0.5080323621	0.4114158137	-0.4662685074	-1.381542684	-1.736548362	0.3340499131	-0.5499888171	-0.9182568471	0.4921494807	-0.9403437518	1.125167514	0.108395625	-0.9948168617	0.4109933239	-0.611178238	-2.04325681	1.554771295	0.03444196717	-1.189923618	1.322759238	0.07860075241	-0.1018502287	-1.782602487	1.734937702	-2.135293216	1.897430035
8919.927609055308	139.22501934062893	79565108.55078715	19383.6060103985	7281.85859504862	-18.549046926294068	344.0671418738594	53025464.59828347	7766.49944999965	70.75673427607491	60318513.70684487	5006.5154454150725	7728.651567464121	11178.54856627132	1.975323	84.448059	3.4808145	2.672	-0.0166116429	-0.0380927283	-0.09017131140000001	-0.12402920419999999	-0.0346215699	-0.08255340309999999	0.0164475083	-0.0821536823	-0.0570101804	0.0088260213	0.015532366499999999	0.033107985699999995	-0.0093580262	-0.0018705209	0.0096029865	0.0148633375	-0.033865067	-0.0130642356	-0.0056658378	-0.0060787686	-0.0632683818	0.018019773	0.0598674067	-0.0293188918	-0.0543338842	0.296628	0.141833	0.087988170384	0.020116599889	-0.13767	0.07829899999999998	0.006130733400999996	0.018953028900000002	-1.7473299999999998	-1.873462	3.0531621288999995	3.5098598654439987	-0.013041999999999998	0.02590480000000001	0.0006710586630400003	0.00017009376399999994	0.0145037	-0.000634899999999999	0.00021035731369000005	4.0309800999999866e-07	0.00364336	0.00120471	1.4513261840999995e-06	1.32740720896e-05	0.0	0.0	0.0	0.0	0.0	0.0	0.0	0.0	0.0	0.0	0.0	0.0	0.0	0.0	0.0	0.0	0.0	0.0	0.0	0.0	0.0	0.0	0.0	0.0	0.0	0.0	0.0	0.0	0.0	0.0	0.0	0.0	0.0	0.0	0.0	0.0	0.0	0.0	0.0	0.0	0.0	0.0	0.0	0.0	0.0	0.0	0.0	0.0	0.0	0.0	0.0	0.0	0.0	1.0	0.0	0.0	0.0	0.0	0.0	0.0	0.0	0.0	0.0	0.0	0.0	0.0	0.0	0.0	0.0	0.0	0.0	0.0	0.0	0.0	0.0	0.0	0.0	0.0	0.0	0.0	0.0	0.0	0.0	0.0	0.0	0.0	0.0	0.0	0.0	0.0	0.0	0.0	0.0	0.0	0.0	0.0	0.0	0.0	0.0	0.0	0.0	0.0	0.0	-0.09761084892	0.1421411209	0.7292409616	0.9145142992	-0.7584152986	-0.8535502889	0.3448035781	-0.5116178358	0.05821430289	-0.9274188042	0.4434634002	-1.373536184	0.1068946049	0.007100416545	0.560535211	-0.3307507315	-0.4231479732	0.3424612152	-0.09454530494	1.323406806	0.2711849395	0.03791271168	-0.02732058828	0.2062363122	0.03387913864	-0.1328258402	-1.564376745	1.272027805	1.653500645	-0.2228279924	-1.884772045	-0.2884106655	0.7486930762	1.147230579
9081.661049916009	161.73344086070028	82476567.42556155	26157.70589264164	7298.4498294262185	16.591234377598084	275.2690581723925	53267369.9126516	7954.424006935302	187.9245569356517	63272861.28210866	35315.639099461	7912.109668139927	11159.027965455482	1.89863	81.16931899999999	2.086167	1.35393	0.0183163585	0.0426770805	-0.09602072099999999	-0.0629408758	0.0014548970000000001	0.009174908	-0.06596763480000001	-0.1141869608	-0.0304721314	-0.0809939954	-0.07673225089999999	0.0618623402	-0.0908105931	-0.010908021200000001	-0.07883966070000001	-0.07761007240000001	-0.06476381169999999	-0.0947181882	-0.015076015900000003	-0.0064966131000000005	-0.0631052366	0.0192255144	0.0592272751	-0.0311721955	-0.052939559299999994	0.31564000000000003	0.019012000000000032	0.0996286096	0.0003614561440000011	0.129917	0.26758699999999996	0.07160280256900001	0.016878426889	-2.8581	-1.11077	8.168735609999999	1.2338099929000002	-0.0049943	0.008047699999999998	6.476547528999996e-05	2.494303249e-05	0.00979219	-0.004711510000000002	9.588698499609998e-05	2.219832648010002e-05	0.00466011	0.0010167500000000003	1.0337805625000003e-06	2.1716625212100008e-05	0.0	0.0	0.0	0.0	0.0	0.0	0.0	0.0	0.0	0.0	0.0	0.0	0.0	0.0	0.0	0.0	0.0	0.0	0.0	0.0	0.0	0.0	0.0	0.0	0.0	0.0	0.0	0.0	0.0	0.0	0.0	0.0	0.0	0.0	0.0	0.0	0.0	0.0	0.0	0.0	0.0	0.0	0.0	0.0	0.0	0.0	0.0	0.0	0.0	0.0	0.0	0.0	0.0	0.0	1.0	0.0	0.0	0.0	0.0	0.0	0.0	0.0	0.0	0.0	0.0	0.0	0.0	0.0	0.0	0.0	0.0	0.0	0.0	0.0	0.0	0.0	0.0	0.0	0.0	0.0	0.0	0.0	0.0	0.0	0.0	0.0	0.0	0.0	0.0	0.0	0.0	0.0	0.0	0.0	0.0	0.0	0.0	0.0	0.0	0.0	0.0	0.0	0.0	0.6203998572	-0.1789108089	0.3949012469	1.197344133	-1.479740484	0.1252653122	1.448648786	-0.4237174711	-0.3911144484	-0.7002756387	0.4391655085	-1.752991034	1.2558678	0.9152804565	0.7233204866	-0.1495583704	0.8167332022	0.7458165749	-0.3157941592	1.296408803	1.742579929	-0.9395156457	-0.06559468565	0.8473598061	-1.446491115	0.1800419156	-2.236582361	0.9484390468	0.8616799403	0.7474206277	-1.168178718	-1.804745556	-0.3903514367	-0.3793849547
9021.249794589969	-60.41125532604019	81382947.85638955	3649.5197700680187	7196.6889785441945	-101.760850882024	10355.270772233522	51792332.25389949	7900.284020793646	-54.13998614165576	62414487.60920742	2931.1380994186766	7857.112038507886	11247.946752087551	1.060552	45.340206	0.40483099999999983	0.230085	0.0230812373	0.0443755405	-0.0877241884	-0.053025878	-0.0359749209	-0.0072596714	-0.047621902599999995	-0.0834327582	-0.0232580241	-0.0631921193	-0.0394586973	0.0162313118	-0.072345066	-0.0177466785	-0.0612731287	-0.0409716487	-0.0177342454	-0.0758700393	-0.01839383	-0.0069141815	-0.0629313682	0.0204239053	0.0585468883	-0.0329923955	-0.0514642813	0.241774	-0.07386600000000004	0.058454667075999986	0.005456185956000006	0.113722	-0.016194999999999998	0.000262278025	0.012932693284	-2.73266	0.12544000000000022	7.467430675599997	0.015735193600000055	-0.00748244	-0.00248814	6.190840659599999e-06	5.59869083536e-05	0.0108041	0.001011910000000001	0.00011672857681000003	1.0239618481000028e-06	0.00437356	-0.00028655	8.21109025e-08	1.91280270736e-05	0.0	0.0	0.0	0.0	0.0	0.0	0.0	0.0	0.0	0.0	0.0	0.0	0.0	0.0	0.0	0.0	0.0	0.0	0.0	0.0	0.0	0.0	0.0	0.0	0.0	0.0	0.0	0.0	0.0	0.0	0.0	0.0	0.0	0.0	0.0	0.0	0.0	0.0	0.0	0.0	0.0	0.0	0.0	0.0	0.0	0.0	0.0	0.0	0.0	0.0	0.0	0.0	0.0	0.0	0.0	0.0	0.0	0.0	0.0	0.0	0.0	0.0	0.0	0.0	0.0	0.0	0.0	0.0	0.0	0.0	0.0	0.0	0.0	0.0	0.0	0.0	0.0	0.0	0.0	0.0	0.0	0.0	0.0	0.0	0.0	0.0	0.0	0.0	0.0	0.0	0.0	0.0	0.0	0.0	0.0	0.0	0.0	0.0	0.0	0.0	0.0	0.0	0.0	0.574270104	-0.1380395938	0.2846994491	1.188386962	-0.7899108305	0.640877876	1.485055552	-0.3280262651	-0.6191581072	-0.7139732548	0.6159566641	-1.986836468	1.809369935	0.2299989781	0.888245356	0.6455571899	0.196395631	0.8896793502	0.5741272059	1.231257381	2.200178415	-1.338272813	0.00411369781	1.114316232	-0.7863782995	0.3127949209	-2.155219686	1.110281433	-0.9868607711	1.834704052	0.6913924044	-2.247378478	1.162061752	0.6505716178
9063.975247617365	42.725453027396725	82155647.28942028	1825.464336396284	7339.227527634641	142.53854909044642	20317.2379768096	53864260.70239008	7925.677006768091	25.39298597444485	62816356.01561241	644.8037366983531	7883.465943238695	11344.148718180171	1.220587	52.181946	0.5339609999999999	0.33107600000000004	0.0156371116	0.026717054599999998	-0.0995062937	-0.0934936675	-0.0089539082	-0.0401030072	-0.08643011839999999	-0.0018332634	0.0077893458	-0.0709706573	-0.0408419278	-0.030456194	-0.0498561414	-0.0221111904	-0.0693056534	-0.0425038346	0.0302936954	-0.053231203399999996	-0.0176816326	-0.0073314563	-0.0627468061	0.0216144876	0.05782670860000001	-0.0347775591	-0.049910306200000004	0.146448	-0.095326	0.021447016704000003	0.009087046276	0.15049300000000002	0.03677100000000001	0.001352106441000001	0.022648143049000004	-2.44775	0.28490999999999955	5.991480062500001	0.08117370809999974	-0.0086847	-0.00120226	1.4454291076000004e-06	7.542401409e-05	0.011424900000000002	0.0006208000000000013	0.00013052834001000006	3.8539264000000146e-07	0.00385754	-0.0005160200000000003	2.662766404000003e-07	1.48806148516e-05	0.0	0.0	0.0	0.0	0.0	0.0	0.0	0.0	0.0	0.0	0.0	0.0	0.0	0.0	0.0	0.0	0.0	0.0	0.0	0.0	0.0	0.0	0.0	0.0	0.0	0.0	0.0	0.0	0.0	0.0	0.0	0.0	0.0	0.0	0.0	0.0	0.0	0.0	0.0	0.0	0.0	0.0	0.0	0.0	0.0	0.0	0.0	0.0	0.0	0.0	0.0	0.0	0.0	0.0	0.0	1.0	0.0	0.0	0.0	0.0	0.0	0.0	0.0	0.0	0.0	0.0	0.0	0.0	0.0	0.0	0.0	0.0	0.0	0.0	0.0	0.0	0.0	0.0	0.0	0.0	0.0	0.0	0.0	0.0	0.0	0.0	0.0	0.0	0.0	0.0	0.0	0.0	0.0	0.0	0.0	0.0	0.0	0.0	0.0	0.0	0.0	0.0	0.0	0.4727804231	-0.2955352481	0.5276252097	0.9840845715	-0.8072038687	1.070002372	1.772843996	-0.2941419211	-0.2057903746	0.6222741908	0.3408874734	-2.000389616	1.750271175	0.5566125964	0.3626815497	0.3523666435	0.9178979623	0.8186577004	0.6640872927	0.05607055336	2.322306296	-0.6563124159	-0.7602021934	0.08349817143	0.07228804896	-0.9779900105	-1.384571568	1.919936169	-1.31650031	1.996988097	0.7564335101	-1.065874088	-2.957261132	0.3954468263
9031.692172575276	-32.28307504208897	81571463.50015752	1042.1969341731476	7244.6373176737025	-94.59020996093841	8947.307820454413	52484769.86463042	7854.257850800859	-71.41915596723175	61689366.38686694	5100.695839071775	7813.001511275403	11682.61514009356	1.834682	78.43544	1.4449351	1.0923600000000002	-0.0116214548	-0.0081848705	-0.0810425751	-0.1146255866	-0.0708864568	-0.050115767400000004	-0.0006021216	0.0430543018	-0.0644968387	-0.0315791171	-0.0218898962	-0.0230853886	-0.0025948084	0.0271734739	-0.0302498662	-0.0235069275	0.023541382200000002	-0.0059181187	0.026561808	-0.007748419499999998	-0.0625515817	0.022796806200000002	0.0570672255	-0.0365257903	-0.048280010199999994	0.0900409	-0.0564071	0.008107363672809998	0.0031817609304100004	0.287437	0.13694399999999998	0.018753659136	0.082620028969	-1.40019	1.04756	1.9605320361	1.0973819536	-0.0105577	-0.0018730000000000012	3.508129000000005e-06	0.00011146502929000005	0.013184200000000002	0.0017593	0.00017382312964000005	3.0951364900000007e-06	0.00340936	-0.0004481799999999999	2.0086531239999983e-07	1.16237356096e-05	0.0	0.0	0.0	0.0	0.0	0.0	0.0	0.0	0.0	0.0	0.0	0.0	0.0	0.0	0.0	0.0	0.0	0.0	0.0	0.0	0.0	0.0	0.0	0.0	0.0	0.0	0.0	0.0	0.0	0.0	0.0	0.0	0.0	0.0	0.0	0.0	0.0	0.0	0.0	0.0	0.0	0.0	0.0	0.0	0.0	0.0	0.0	0.0	0.0	0.0	0.0	0.0	0.0	0.0	0.0	0.0	1.0	0.0	0.0	0.0	0.0	0.0	0.0	0.0	0.0	0.0	0.0	0.0	0.0	0.0	0.0	0.0	0.0	0.0	0.0	0.0	0.0	0.0	0.0	0.0	0.0	0.0	0.0	0.0	0.0	0.0	0.0	0.0	0.0	0.0	0.0	0.0	0.0	0.0	0.0	0.0	0.0	0.0	0.0	0.0	0.0	0.0	0.0	0.05313215172	-0.123413232	0.7624265066	0.8933894967	0.03443816723	0.8873576613	0.5325150365	-0.05101859358	0.7479343525	0.2389090932	0.7140970494	-2.017733773	0.6886512618	-0.6087121821	1.39547544	0.1727680067	0.1505743104	0.8117205873	1.363413329	0.7073577003	0.9658544105	0.4543928352	-0.677487969	0.386072714	1.816156786	-1.788555994	-0.02611134859	1.294425788	0.7171587085	0.7975682832	-1.92688707	-0.6653828631	0.17403303	0.4283552309
8946.306888868528	-85.38528370674794	80036406.94981651	7290.646673681836	7110.320035114693	-134.31728255900907	18041.13239403668	50556651.00175341	7833.169959628703	-21.087891172155647	61358551.61642954	444.69915408868025	7793.304191408818	11479.07731330456	1.693887	72.41624499999998	1.2666065000000002	0.8536309999999999	0.0087447839	0.046421547199999996	-0.0246871251	-0.010794358799999999	-0.0822821345	0.0576439817	0.029567162400000006	-0.011396326200000001	-0.0709754685	-0.0149774802	-0.0273027164	-0.0131877874	-0.022802158700000002	0.0239895938	-0.013865688300000002	-0.0285977416	0.012563261200000002	-0.0253094664	0.022405329900000003	-0.0081650537	-0.0623457281	0.0239704089	0.0562689553	-0.0382352327	-0.046575886500000004	0.0927359	0.002695000000000003	0.00859994714881	7.263025000000017e-06	0.182032	-0.105405	0.011110214025	0.033135649024	-0.526909	0.8732810000000001	0.277633094281	0.7626197049610002	-0.00763828	0.0029194200000000016	8.523013136400011e-06	5.83433213584e-05	0.0117589	-0.0014253000000000026	0.00013827172920999998	2.031480090000008e-06	0.00204957	-0.00135979	1.8490288441e-06	4.2007371849e-06	0.0	0.0	0.0	0.0	0.0	0.0	0.0	0.0	0.0	0.0	0.0	0.0	0.0	0.0	0.0	0.0	0.0	0.0	0.0	0.0	0.0	0.0	0.0	0.0	0.0	0.0	0.0	0.0	0.0	0.0	0.0	0.0	0.0	0.0	0.0	0.0	0.0	0.0	0.0	0.0	0.0	0.0	0.0	0.0	0.0	0.0	0.0	0.0	0.0	0.0	0.0	0.0	0.0	0.0	0.0	0.0	0.0	1.0	0.0	0.0	0.0	0.0	0.0	0.0	0.0	0.0	0.0	0.0	0.0	0.0	0.0	0.0	0.0	0.0	0.0	0.0	0.0	0.0	0.0	0.0	0.0	0.0	0.0	0.0	0.0	0.0	0.0	0.0	0.0	0.0	0.0	0.0	0.0	0.0	0.0	0.0	0.0	0.0	0.0	0.0	0.0	0.0	0.0	-0.1140927529	-0.004812909382	0.5283826686	0.9293178885	-0.1023808611	0.3240559191	1.232425942	0.3315562282	-0.2033407118	0.05884872406	-0.3181448554	-1.560011013	-0.133575135	-0.1992201725	0.8767135554	0.514744452	1.128303834	0.3103018467	2.234548876	0.02342126321	1.831822343	-0.6780623053	-0.6458392291	-0.3352099516	0.5606323663	-1.689655962	-0.04068868575	-0.1843190701	-0.2348723173	1.708386055	0.5862285021	0.670282758	0.4526565708	0.03600795691
8912.779463562787	-33.52742530574142	79437637.76610656	1124.08824763207	7164.873725663855	54.55369054916173	2976.105152533698	51335415.50470825	7823.717165657566	-9.45279397113791	61210550.28820485	89.3553138607812	7785.685661991263	11433.453825669323	0.926351	39.602898	0.4117071	0.285093	0.0094469189	0.05955277990000001	-0.034788458	0.0031890847	-0.0662981284	0.0972854009	-0.0079668189	0.03601389	-0.084649067	-0.0094125449	-0.026887317999999997	-0.0100681995	-0.0090910765	0.0230059028	-0.0089070772	-0.027886852799999997	0.0106720578	-0.0106578895	0.023754107400000002	-0.0085813409	-0.062129280499999995	0.0251348471	0.0554324405	-0.0399040709	-0.0448005407	0.103974	0.0112381	0.010810592676	0.00012629489161000002	0.13472300000000004	-0.04730899999999996	0.0022381414809999967	0.018150286729000008	-0.264311	0.26259799999999994	0.06986030472100001	0.06895770960399998	-0.00768422	-4.594000000000039e-05	2.1104836000000362e-09	5.904723700840001e-05	0.0101067	-0.0016521999999999976	0.00010214538489000003	2.7297648399999924e-06	0.00216267	0.00011309999999999966	1.2791609999999923e-08	4.677141528899998e-06	0.0	0.0	0.0	0.0	0.0	0.0	0.0	0.0	0.0	0.0	0.0	0.0	0.0	0.0	0.0	0.0	0.0	0.0	0.0	0.0	0.0	0.0	0.0	0.0	0.0	0.0	0.0	0.0	0.0	0.0	0.0	0.0	0.0	0.0	0.0	0.0	0.0	0.0	0.0	0.0	0.0	0.0	0.0	0.0	0.0	0.0	0.0	0.0	0.0	0.0	0.0	0.0	0.0	0.0	0.0	0.0	0.0	0.0	0.0	0.0	0.0	0.0	0.0	0.0	0.0	0.0	0.0	0.0	0.0	0.0	0.0	0.0	0.0	0.0	0.0	0.0	0.0	0.0	0.0	0.0	0.0	0.0	0.0	0.0	0.0	0.0	0.0	0.0	0.0	0.0	0.0	0.0	0.0	0.0	0.0	0.0	0.0	0.0	0.0	0.0	0.0	0.0	0.0	-0.3194280274	0.1033411501	0.617317265	1.128716388	0.04280885887	0.252294343	0.6401564744	-0.2392934846	-0.2539996324	0.1728959263	0.2021960254	-1.675356269	-0.4019324949	-0.1332480011	0.453811531	0.1665322552	0.9144331624	0.6018721646	2.587119687	0.5229775688	1.189988992	-1.161496903	-0.06793183929	0.8739995207	-0.1613931552	-1.753640544	-0.6526051693	-0.2524931237	-0.2454758067	0.3446805394	-1.860770066	1.06757	1.515630188	0.2678305118
8929.304452639062	16.524989076275233	79732478.00791979	273.07526397101583	7226.433873732546	61.56014806869098	3789.651830239158	52221346.53142917	7846.424701056316	22.707535398750228	61566380.58934669	515.6321638854945	7809.282057632593	11353.260149692092	0.7317899999999999	31.285118	0.26668859999999994	0.17844100000000002	0.0158423693	0.0528537612	-0.045939725599999995	0.0020669154	-0.0427946979	0.054658188499999996	0.0028972073	0.0202010321	-0.0596075466	-0.0224295997	-0.0187005784	-0.0022252973000000003	-0.024683405699999997	0.0285742556	-0.021774042799999997	-0.019482353	0.0020808411	-0.0253023121	0.028068450099999996	-0.0089972636	-0.0619022754	0.0262896756	0.0545582497	-0.041530532599999996	-0.042956687800000004	0.08038610000000003	-0.02358789999999998	0.0064619250732100035	0.0005563890264099991	0.16798	0.03325699999999995	0.001106028048999997	0.0282172804	-0.0962138	0.16809720000000003	0.00925709531044	0.02825666864784	-0.00785984	-0.0001756199999999996	3.0842384399999864e-08	6.17770848256e-05	0.00971731	-0.0003893900000000016	9.44261136361e-05	1.5162457210000123e-07	0.00243259	0.0002699200000000003	7.285680640000018e-08	5.9174941081000015e-06	0.0	0.0	0.0	0.0	0.0	0.0	0.0	0.0	0.0	0.0	0.0	0.0	0.0	0.0	0.0	0.0	0.0	0.0	0.0	0.0	0.0	0.0	0.0	0.0	0.0	0.0	0.0	0.0	0.0	0.0	0.0	0.0	0.0	0.0	0.0	0.0	0.0	0.0	0.0	0.0	0.0	0.0	0.0	0.0	0.0	0.0	0.0	0.0	0.0	0.0	0.0	0.0	0.0	0.0	0.0	0.0	0.0	0.0	0.0	0.0	0.0	0.0	0.0	0.0	0.0	0.0	0.0	0.0	0.0	0.0	0.0	0.0	0.0	0.0	0.0	0.0	0.0	0.0	0.0	0.0	0.0	0.0	0.0	0.0	0.0	0.0	0.0	0.0	0.0	0.0	0.0	0.0	0.0	0.0	0.0	0.0	0.0	0.0	0.0	0.0	0.0	0.0	0.0	-0.3271192075	0.1860458564	0.4557037197	1.077935998	-0.02839119429	0.4268163752	1.102317251	-0.0006692125782	-0.5333886461	0.4732574079	-0.2246837724	-1.189300773	-0.3698295004	-0.05001109526	0.4790055982	0.5308928078	0.8261470731	0.3200914869	1.814624145	0.4857539416	1.256146349	-1.297758082	-0.274387857	0.04360877113	-0.5274363682	-1.329809981	-1.100472194	-0.1229272856	0.1977598696	1.265983758	0.5784807168	1.442462326	1.167639889	0.3173654905
8899.597844765709	-29.70660787335328	79202841.79855846	882.4825513411749	7294.0944780065665	67.66060427402043	4577.957370725593	53203814.25408588	7829.004537010449	-17.42016404586684	61293312.0405302	303.4621153849118	7793.1545756788855	11112.22083832132	0.796397	34.047195	0.3739522	0.188125	0.0135841807	0.045113961699999997	-0.030167202	0.0232966329	-0.0145414059	0.0653300569	-0.0045826966	0.004553419	-0.0672177275	-0.014248494099999997	-0.0204959524	-0.0097329562	-0.024313593199999997	0.0205884798	-0.013765891	-0.021201846	0.0091389116	-0.0259576103	0.0174838008	-0.0094128041	-0.06166475160000001	0.0274344528	0.0536469771	-0.0431128907	-0.0410471473	0.0995537	0.019167599999999983	0.009910939183690001	0.00036739688975999916	0.0125151	-0.1554649	0.02416933513201	0.00015662772801000002	-0.185341	-0.08912719999999999	0.034351286280999996	0.007943657779840001	-0.00942188	-0.0015620400000000009	2.439968961600002e-06	8.877182273440001e-05	0.0100892	0.0003718900000000015	0.00010179195664000002	1.3830217210000109e-07	0.00216267	-0.0002699200000000003	7.285680640000018e-08	4.677141528899998e-06	0.0	0.0	0.0	0.0	0.0	0.0	0.0	0.0	0.0	0.0	0.0	0.0	0.0	0.0	0.0	0.0	0.0	0.0	0.0	0.0	0.0	0.0	0.0	0.0	0.0	0.0	0.0	0.0	0.0	0.0	0.0	0.0	0.0	0.0	0.0	0.0	0.0	0.0	0.0	0.0	0.0	0.0	0.0	0.0	0.0	0.0	0.0	0.0	0.0	0.0	0.0	0.0	0.0	0.0	0.0	0.0	0.0	0.0	0.0	0.0	0.0	0.0	0.0	0.0	0.0	0.0	0.0	0.0	0.0	0.0	0.0	0.0	0.0	0.0	0.0	0.0	0.0	0.0	0.0	0.0	0.0	0.0	0.0	0.0	0.0	0.0	0.0	0.0	0.0	0.0	0.0	0.0	0.0	0.0	0.0	0.0	0.0	0.0	0.0	0.0	0.0	0.0	0.0	-0.4029510641	0.279628083	0.5286616111	1.119101822	0.2048429807	0.4060521917	0.8880451547	-0.4067859781	-0.6487779455	0.09532900801	0.05509846876	-1.333985536	-0.4209338528	-0.172137488	0.5280247722	0.02636148863	1.090115381	0.5270995866	1.365351995	0.7553597666	0.7685196125	-1.39196339	-0.1659541611	0.3665994536	-0.4956236909	-0.1304619359	-0.9875075585	-0.6708316304	1.086921167	0.5135634991	-0.5598851996	-0.1340844789	1.563495323	-0.5641785618
8913.84004328745	14.242198521740649	79456544.31731479	202.84021873267147	7299.8768715716415	5.782393565074925	33.436075341419915	53288202.34010658	7835.6221116774295	6.617574666980544	61396973.87700826	43.79229447306267	7798.974641256642	10995.69036024668	0.722495	30.887768	0.12625077000000004	0.09111	0.0126785912	0.0374393342	-0.021962193999999997	0.0205150768	0.0025065797	0.0367333367	0.0103424792	-0.0150958646	-0.055158135899999995	-0.014683439599999999	-0.0267853021	0.0171439497	-0.0185989494	0.0060725748	-0.014629048200000001	-0.0267790127	-0.0182132696	-0.019351631100000002	0.0027519677000000004	-0.0098279446	-0.0614167493	0.0285687411	0.052699241900000006	-0.044649464699999995	-0.0390748391	0.104486	0.004932300000000001	0.010917324195999998	2.432758329000001e-05	0.007915129999999998	-0.004599970000000004	2.1159724000900032e-05	6.264928291689998e-05	-0.13395	0.051390999999999985	0.0179426025	0.0026410348809999987	-0.0105511	-0.0011292200000000002	1.2751378084000003e-06	0.00011132571121	0.0102021	0.00011289999999999913	0.00010408284441	1.27464099999998e-08	0.00209824	-6.442999999999987e-05	4.151224899999984e-09	4.4026110976e-06	0.0	0.0	0.0	0.0	0.0	0.0	0.0	0.0	0.0	0.0	0.0	0.0	0.0	0.0	0.0	0.0	0.0	0.0	0.0	0.0	0.0	0.0	0.0	0.0	0.0	0.0	0.0	0.0	0.0	0.0	0.0	0.0	0.0	0.0	0.0	0.0	0.0	0.0	0.0	0.0	0.0	0.0	0.0	0.0	0.0	0.0	0.0	0.0	0.0	0.0	0.0	0.0	0.0	0.0	0.0	0.0	0.0	0.0	0.0	0.0	0.0	0.0	0.0	0.0	0.0	0.0	0.0	0.0	0.0	0.0	0.0	0.0	0.0	0.0	0.0	0.0	0.0	0.0	0.0	0.0	0.0	0.0	0.0	0.0	0.0	0.0	0.0	0.0	0.0	0.0	0.0	0.0	0.0	0.0	0.0	0.0	0.0	0.0	0.0	0.0	0.0	0.0	0.0	-0.5563380982	0.3328975809	0.5362086122	1.061226523	0.003457709628	0.08309003726	0.5527809362	-0.5183145444	-0.7028748985	0.08874949269	-0.4860595217	-1.100686587	-0.3820832534	-0.06846989331	0.1926625697	-0.129949805	0.6469609415	0.3885095083	1.03888083	0.7287051453	0.5575149845	-1.235105051	-0.1987759072	0.1477862493	-0.8545950003	0.7276391389	-0.7108598927	-0.7438997996	-1.188734979	0.8065275113	-0.03014976341	-0.7269390135	1.272833324	-0.4127335375
8931.677178188591	17.837134901141322	79774857.21537492	318.163381481514	7339.411184108004	39.53431253636245	1562.9618677227854	53866956.52940965	7824.5051532165735	-11.11695846085604	61222880.89271271	123.58676542039869	7788.621324517452	11252.85689950847	0.7505779999999999	32.088356	0.25228917	0.14723699999999998	0.008830995999999999	0.048861252599999995	-0.0279197934	0.029239033900000006	0.0068475175	0.055011775	0.0022420443	-0.0068898319	-0.049372632199999995	-0.0103091184	-0.02035377	0.0089858124	-0.0227396634	0.024894598700000003	-0.010166925600000001	-0.0205204225	-0.0084478173	-0.0218033009	0.026951755600000002	-0.0102426677	-0.0611583107	0.0296921069	0.0517156884	-0.0461386229	-0.0370427793	0.0897762	-0.014709799999999997	0.008059766086439999	0.00021637821603999983	0.135327	0.12741187	0.016233784616896903	0.018313396928999998	-0.131377	0.0025730000000000197	0.017259916129000002	6.620329000000103e-06	-0.0113785	-0.000827399999999999	6.845907599999983e-07	0.00012947026225	0.0105722	0.0003701	0.00011177141284000002	1.3697400999999995e-07	0.00305263	0.0009543900000000004	9.108602721000004e-07	9.3185499169e-06	0.0	0.0	0.0	0.0	0.0	0.0	0.0	0.0	0.0	0.0	0.0	0.0	0.0	0.0	0.0	0.0	0.0	0.0	0.0	0.0	0.0	0.0	0.0	0.0	0.0	0.0	0.0	0.0	0.0	0.0	0.0	0.0	0.0	0.0	0.0	0.0	0.0	0.0	0.0	0.0	0.0	0.0	0.0	0.0	0.0	0.0	0.0	0.0	0.0	0.0	0.0	0.0	0.0	0.0	0.0	0.0	0.0	0.0	0.0	0.0	0.0	0.0	0.0	0.0	0.0	0.0	0.0	0.0	0.0	0.0	0.0	0.0	0.0	0.0	0.0	0.0	0.0	0.0	0.0	0.0	0.0	0.0	0.0	0.0	0.0	0.0	0.0	0.0	0.0	0.0	0.0	0.0	0.0	0.0	0.0	0.0	0.0	0.0	0.0	0.0	0.0	0.0	0.0	-0.4916867456	0.4371670372	0.5967690032	1.118173668	0.104109808	0.8441488989	0.8657993406	-0.4314880255	-0.6231432442	0.07805686582	0.3561089466	-1.22948135	0.04181414562	0.3382865717	0.508809332	0.06851135863	0.4887727786	0.5431379262	1.036478279	0.9141489751	0.7830465987	-1.21327628	-0.15046086	0.1850639287	-0.570983612	-0.2850688106	-0.6120401551	-0.7145661369	-0.5871386506	0.7921771856	-0.1332334968	1.862570305	1.039772851	0.8198792636
8939.801560434764	8.1243822461729	79920051.93995184	66.0055868819294	7393.02498655928	53.61380245127565	2874.439813284412	54656818.45188984	7843.971148728148	19.465995511574874	61527883.38207959	378.9249812566532	7806.947522282914	11259.592044465713	0.716861	30.646887	0.2701776	0.147549	0.0164585376	0.0469756856	-0.0340611564	0.026888889	0.0277307384	0.023034568	-0.0046694628	-0.0248963897	-0.0431219114	-0.0202805198	-0.019340561699999998	0.0077698564000000005	-0.0154507664	0.0117263904	-0.0196996403	-0.0198007951	-0.0085521484	-0.017107306699999998	0.008274966	-0.0106569557	-0.0608894797	0.030804120499999997	0.050696985099999994	-0.047578783799999996	-0.034954075099999996	0.035402300000000005	-0.0543739	0.0012533228452900006	0.00295652100121	0.16249	0.027162999999999996	0.0007378285689999996	0.0264030001	-0.015976299999999995	0.11540070000000001	0.00025524216168999986	0.013317321560489998	-0.0118645	-0.00048600000000000027	2.3619600000000032e-07	0.00014076636025	0.00974522	-0.0008269799999999997	9.49693128484e-05	6.838959203999995e-07	0.00320445	0.00015182	2.30493124e-08	1.02684998025e-05	0.0	0.0	0.0	0.0	0.0	0.0	0.0	0.0	0.0	0.0	0.0	0.0	0.0	0.0	0.0	0.0	0.0	0.0	0.0	0.0	0.0	0.0	0.0	0.0	0.0	0.0	0.0	0.0	0.0	0.0	0.0	0.0	0.0	0.0	0.0	0.0	0.0	0.0	0.0	0.0	0.0	0.0	0.0	0.0	0.0	0.0	0.0	0.0	0.0	0.0	0.0	0.0	0.0	0.0	0.0	0.0	0.0	0.0	0.0	0.0	0.0	0.0	0.0	0.0	0.0	0.0	0.0	0.0	0.0	0.0	0.0	0.0	0.0	0.0	0.0	0.0	0.0	0.0	0.0	0.0	0.0	0.0	0.0	0.0	0.0	0.0	0.0	0.0	0.0	0.0	0.0	0.0	0.0	0.0	0.0	0.0	0.0	0.0	0.0	0.0	0.0	0.0	0.0	-0.4276369255	0.4394036795	0.4232786452	1.12450948	0.06331597898	1.104876794	0.9078266068	-0.2350442956	-0.6490943658	0.1062394479	0.08580420582	-0.7192427367	0.4050077116	0.1902141861	0.5817507791	0.353966511	1.164555374	0.4984890876	0.9932641786	1.108486815	0.6376521606	-1.185223149	-0.2329968474	0.1836254412	-0.5473332659	0.5256738376	-0.8512698351	-0.7678458615	0.9576394332	1.080222112	0.5874317127	0.966064019	1.247815668	-0.5174580233
8895.49317844995	-44.30838198481433	79129798.88784958	1963.2327141122196	7365.451783655045	-27.57320290423468	760.2815183980955	54249879.97734729	7821.378763989663	-22.592384738485638	61173965.76978847	510.4158481717586	7784.683655266591	11233.314685472606	0.8875959999999999	37.946095	0.4415842	0.218844	0.0227607839	0.056267557	-0.058395623499999987	-0.0041448524	0.0234646194	0.0113836	0.0162119752	-0.005322251700000001	-0.015375634	-0.011611376000000001	0.0012966682	0.013751900800000001	-0.0057326566	0.0326456894	-0.0114544259	0.0011172872	-0.014005374	-0.0051486778	0.0295854735	-0.0110707909	-0.0606103021	0.031904357	0.0496438243	-0.048968418	-0.0328119206	0.0531623	0.017759999999999998	0.0028262301412900004	0.00031541759999999995	0.0903046	-0.0721854	0.005210731973159999	0.008154920781159999	0.180654	0.19663029999999998	0.032635867716	0.03866347487808999	-0.0109265	0.0009379999999999996	8.798439999999992e-07	0.00011938840225	0.00849425	-0.0012509700000000006	7.21522830625e-05	1.5649259409000014e-06	0.00229325	-0.0009112	8.302854399999999e-07	5.258995562500002e-06	0.0	0.0	0.0	0.0	0.0	0.0	0.0	0.0	0.0	0.0	0.0	0.0	0.0	0.0	0.0	0.0	0.0	0.0	0.0	0.0	0.0	0.0	0.0	0.0	0.0	0.0	0.0	0.0	0.0	0.0	0.0	0.0	0.0	0.0	0.0	0.0	0.0	0.0	0.0	0.0	0.0	0.0	0.0	0.0	0.0	0.0	0.0	0.0	0.0	0.0	0.0	0.0	0.0	0.0	0.0	0.0	0.0	0.0	0.0	0.0	0.0	0.0	0.0	0.0	0.0	0.0	0.0	0.0	0.0	0.0	0.0	0.0	0.0	0.0	0.0	0.0	0.0	0.0	0.0	0.0	0.0	0.0	0.0	0.0	0.0	0.0	0.0	0.0	0.0	0.0	0.0	0.0	0.0	0.0	0.0	0.0	0.0	0.0	0.0	0.0	0.0	0.0	0.0	-0.3507794896	0.4762313503	0.4644407537	1.023141704	0.4684541214	1.384124914	0.3583734968	-0.1430666944	-0.2299215289	-0.06111369423	0.479137855	-0.9133169793	0.4152707029	0.1941095471	0.2973613489	0.02848638964	0.153759206	0.3389109881	1.377492239	0.8920409431	0.6990403823	-1.317406821	-0.1166113898	0.4926461991	-0.8621820339	0.7655131997	-0.7851380467	0.1009301248	-0.5449169122	0.5590491359	-0.6008630697	0.2951374236	0.4733002586	-0.4026057592
8897.062184255987	1.5690058060372394	79157715.51051791	2.4617792193785677	7323.548209981715	-41.903573673329454	1755.9094865961488	53634358.38392639	7829.55078354805	8.172019558387548	61301865.47215789	66.7819036626686	7794.351493066491	11080.559737986674	0.7808579999999999	33.382858	0.30162690000000003	0.173083	0.0144936681	0.0472044553	-0.031849696000000004	0.0299697967	-0.0001285296	0.0269261729	0.0035387845000000007	0.0157109209	-0.015616231599999999	-0.012133406499999999	-0.0098340919	0.0095798451	-0.0202038598	0.0332156636	-0.0125193986	-0.0096388899	-0.0090123485	-0.01875199	0.0343284341	-0.011484155800000001	-0.060320825099999996	0.0329923955	0.0485569219	-0.050306049900000004	-0.0306195914	0.0847469	0.0315846	0.00718203705961	0.00099758695716	-0.0626322	-0.15293679999999998	0.023389664794239998	0.00392279247684	0.151748	-0.02890600000000001	0.023027455504	0.0008355568360000009	-0.0124121	-0.0014856	2.20700736e-06	0.00015406022640999999	0.008563239999999998	6.898999999999794e-05	7.332907929759997e-05	4.759620099999716e-09	0.00208385	-0.00020940000000000018	4.384836000000009e-08	4.3424308225e-06	0.0	0.0	0.0	0.0	0.0	0.0	0.0	0.0	0.0	0.0	0.0	0.0	0.0	0.0	0.0	0.0	0.0	0.0	0.0	0.0	0.0	0.0	0.0	0.0	0.0	0.0	0.0	0.0	0.0	0.0	0.0	0.0	0.0	0.0	0.0	0.0	0.0	0.0	0.0	0.0	0.0	0.0	0.0	0.0	0.0	0.0	0.0	0.0	0.0	0.0	0.0	0.0	0.0	0.0	0.0	0.0	0.0	0.0	0.0	0.0	0.0	0.0	0.0	0.0	0.0	0.0	0.0	0.0	0.0	0.0	0.0	0.0	0.0	0.0	0.0	0.0	0.0	0.0	0.0	0.0	0.0	0.0	0.0	0.0	0.0	0.0	0.0	0.0	0.0	0.0	0.0	0.0	0.0	0.0	0.0	0.0	0.0	0.0	0.0	0.0	0.0	0.0	0.0	-0.6392272011	0.4249837506	0.5283735157	1.028745713	0.2411593138	0.854029987	0.5567373854	-0.4354494657	-0.4746632698	0.2422515431	-0.2853599025	-0.7088417718	-0.1543109959	0.4371264152	-0.2856310419	0.2285395715	0.7699019317	0.0248165972	0.8541793302	0.9851241602	0.5518986787	-1.086082674	-0.227590561	0.1215760111	-0.9199026583	-0.4417162868	-0.8159440318	-0.4573114469	-0.8926754078	0.9131571616	0.8077935846	1.717709436	0.6172931937	0.4322291156
8870.127534368821	-26.934649887165502	78679162.47596791	725.4753645441847	7361.186378511468	37.63816852975288	1416.6317302740797	54187064.89918279	7818.056678050411	-11.494105497638884	61122010.22120863	132.1144611908524	7782.368822450496	11130.54829312645	0.5253369999999999	22.458939	0.17914713999999993	0.0904145	0.0154202691	0.0498162678	-0.033737814500000005	0.0297186825	0.0048727423999999995	0.0201243199	0.0055686432999999995	0.0172532696	-0.0093501554	-0.0080817531	-0.0082513746	0.0108265258	-0.0142772324	0.0388398116	-0.0082754616	-0.0083265634	-0.0098660357	-0.012796503	0.0408224289	-0.0118970329	-0.06002109820000001	0.0340678202	0.0474370166	-0.0515902588	-0.028380439900000002	0.122617	0.0378701	0.015034928688999999	0.0014341444740100006	-0.00594066	0.05669154	0.0032139307075716	3.52914412356e-05	0.190458	0.03871	0.036274249764000004	0.0014984640999999995	-0.013051900000000005	-0.0006398000000000046	4.0934404000000596e-07	0.00017035209361000017	0.008780599999999998	0.00021735999999999975	7.709893635999998e-05	4.72453695999999e-08	0.0020235	-6.034999999999981e-05	3.6421224999999775e-09	4.094552250000002e-06	0.0	0.0	0.0	0.0	0.0	0.0	0.0	0.0	0.0	0.0	0.0	0.0	0.0	0.0	0.0	0.0	0.0	0.0	0.0	0.0	0.0	0.0	0.0	0.0	0.0	0.0	0.0	0.0	0.0	0.0	0.0	0.0	0.0	0.0	0.0	0.0	0.0	0.0	0.0	0.0	0.0	0.0	0.0	0.0	0.0	0.0	0.0	0.0	0.0	0.0	0.0	0.0	0.0	0.0	0.0	0.0	0.0	0.0	0.0	0.0	0.0	0.0	0.0	0.0	0.0	0.0	0.0	0.0	0.0	0.0	0.0	0.0	0.0	0.0	0.0	0.0	0.0	0.0	0.0	0.0	0.0	0.0	0.0	0.0	0.0	0.0	0.0	0.0	0.0	0.0	0.0	0.0	0.0	0.0	0.0	0.0	0.0	0.0	0.0	0.0	0.0	0.0	0.0	-0.7062325079	0.405664506	0.5346461576	0.9874787775	0.3061683809	1.059154379	0.3916249986	-0.4915453391	-0.3640080697	0.1371069052	0.2667812725	-0.8752213609	-0.185975112	0.5145109884	-0.3886525381	0.1097005665	0.5800732243	-0.002598462585	1.093078538	0.7623021232	0.6322884855	-1.15129722	-0.1219967002	0.2549922749	-0.818819352	-0.312600448	-0.890741086	-0.3977467422	-0.4012901664	0.368373849	0.0187611146	2.716353267	0.7959366544	0.7236353983
8838.075118135604	-32.05241623321672	78111571.79380769	1027.3573863873746	7364.969906161696	3.7835276502273705	14.315081480035046	54242781.71866742	7819.696367305683	1.63968925527206	61147651.276853696	2.688580853854643	7783.379830282681	10999.975016469456	0.4787	20.465141	0.07875046000000002	0.041873900000000006	0.0185878551	0.0398607727	-0.0283083331	0.0354008692	0.0019853491	0.0195880742	0.0048498159	0.025489060600000002	-0.016615466000000002	-0.0081411079	-0.0133510606	0.0083467214	-0.0188674809	0.0285554483	-0.0079938005	-0.0135294785	-0.0076940939	-0.0176823979	0.0306904394	-0.0123094045	-0.059711172	0.0351302199	0.0462848695	-0.0528196811	-0.0260978903	0.122545	-7.200000000000263e-05	0.015017277025	5.184000000000377e-09	0.0180158	0.02395646	0.0005739119757316	0.00032456904963999993	0.21597800000000006	0.025520000000000043	0.046646496484000016	0.0006512704000000022	-0.013292300000000005	-0.0002404	5.779216e-08	0.00017668523929000013	0.0090531	0.00027250000000000364	8.195861961000003e-05	7.425625000000197e-08	0.00195236	-7.114000000000014e-05	5.060899600000019e-09	3.8117095696e-06	0.0	0.0	0.0	0.0	0.0	0.0	0.0	0.0	0.0	0.0	0.0	0.0	0.0	0.0	0.0	0.0	0.0	0.0	0.0	0.0	0.0	0.0	0.0	0.0	0.0	0.0	0.0	0.0	0.0	0.0	0.0	0.0	0.0	0.0	0.0	0.0	0.0	0.0	0.0	0.0	0.0	0.0	0.0	0.0	0.0	0.0	0.0	0.0	0.0	0.0	0.0	0.0	0.0	0.0	0.0	0.0	0.0	0.0	0.0	0.0	0.0	0.0	0.0	0.0	0.0	0.0	0.0	0.0	0.0	0.0	0.0	0.0	0.0	0.0	0.0	0.0	0.0	0.0	0.0	0.0	0.0	0.0	0.0	0.0	0.0	0.0	0.0	0.0	0.0	0.0	0.0	0.0	0.0	0.0	0.0	0.0	0.0	0.0	0.0	0.0	0.0	0.0	0.0	-0.7679486885	0.3721885434	0.4594348419	0.9250387108	0.1247287998	0.7415528375	0.3797999404	-0.3716682541	-0.4794334471	0.2419589475	-0.2608356424	-0.7687550969	-0.2696604767	0.4976173312	-0.5360437883	0.3839068673	0.7566489472	-0.09625862041	0.8559568759	0.8424532399	0.6029039624	-1.083564482	-0.2223870269	0.1643622739	-0.839116883	-0.5789112698	-1.279326508	-0.5489601812	-0.2597311595	0.4127608639	0.7702072358	2.549383038	0.815944396	0.5432731706
8817.612258782021	-20.462859353583553	77750285.94622298	418.728612924542	7373.462747257315	8.492841095619044	72.12834987543566	54367952.88519139	7802.9544204445165	-16.74194686116789	60886097.68753461	280.2927847021693	7767.2105697912675	10962.52229506678	0.521993	22.315977	0.2672764	0.14941400000000002	0.0222980619	0.0425955955	-0.026794194	0.0377033479	0.005503643000000001	0.0090253124	-0.0075079983	0.0033314023	-0.0028413978	-0.0016212089000000002	-0.0026484077	0.0089013262	-0.0100787212	0.0256081065	-0.0014697435	-0.0028175917999999998	-0.0080052843	-0.0090681245	0.027616750099999997	-0.012721253200000001	-0.0593910994	0.0361791883	0.0451012638	-0.0539930111	-0.0237754328	0.104431	-0.018114	0.010905833761	0.0003281169960000002	0.0894457	0.0714299	0.005102230614010001	0.00800053324849	0.288172	0.07219399999999995	0.083043101584	0.005211973635999993	-0.014892600000000002	-0.0016002999999999972	2.5609600899999907e-06	0.0002217895347600001	0.00953634	0.0004832399999999993	9.09417805956e-05	2.3352089759999932e-07	0.00197959	2.722999999999983e-05	7.414728999999909e-10	3.918776568099998e-06	0.0	0.0	0.0	0.0	0.0	0.0	0.0	0.0	0.0	0.0	0.0	0.0	0.0	0.0	0.0	0.0	0.0	0.0	0.0	0.0	0.0	0.0	0.0	0.0	0.0	0.0	0.0	0.0	0.0	0.0	0.0	0.0	0.0	0.0	0.0	0.0	0.0	0.0	0.0	0.0	0.0	0.0	0.0	0.0	0.0	0.0	0.0	0.0	0.0	0.0	0.0	0.0	0.0	0.0	0.0	0.0	0.0	0.0	0.0	0.0	0.0	0.0	0.0	0.0	0.0	0.0	0.0	0.0	0.0	0.0	0.0	0.0	0.0	0.0	0.0	0.0	0.0	0.0	0.0	0.0	0.0	0.0	0.0	0.0	0.0	0.0	0.0	0.0	0.0	0.0	0.0	0.0	0.0	0.0	0.0	0.0	0.0	0.0	0.0	0.0	0.0	0.0	0.0	-0.8203168653	0.4645803953	0.4543563271	0.924330627	0.2038953498	1.222881911	0.3667246967	-0.4245698879	-0.3643248179	0.2164641871	0.3216773075	-0.8587855302	-0.2202249785	0.470950447	-0.3759980814	0.07304758051	0.166520174	-0.1500329594	0.3343865886	0.74757329	0.5562233789	-0.9810932516	-0.06206655112	0.1157296406	-0.8480944824	-0.7231014667	-1.530396046	-0.6627601197	0.2960123222	0.2510752461	0.2281648868	2.191396781	0.5958835162	0.2358144063
8800.39049591492	-17.22176286710055	77446872.88058966	296.58911625064343	7360.22596383602	-13.236783421294605	175.21243534225968	54172926.23872587	7798.992791668708	-3.9616287758071853	60824288.56450047	15.694502557303537	7763.43931158335	10648.434035611912	0.631009	26.976601	0.2066466	0.134545	0.0247188561	0.028107588	-0.0174137643	0.05207803230000002	0.0087909974	0.0044192769	-0.0346023071	-0.0013812001	-0.0135852879	-0.0007798642	-0.0050849916999999994	-0.0002704852	-0.0168430283	0.0060080436	-0.0005911137999999999	-0.0052849946	-2.48623e-05	-0.017816860900000002	0.0040764744	-0.013132561499999999	-0.05906093480000001	0.0372143245	0.0438870039	-0.0551090028	-0.0214166188	0.0991578	-0.005273199999999992	0.009832269300840002	2.7806638239999914e-05	-0.0326147	-0.1220604	0.01489874124816	0.0010637186560899998	0.23648	-0.05169199999999996	0.05592279040000001	0.002672062863999996	-0.0149694	-7.679999999999665e-05	5.8982399999994885e-09	0.00022408293636	0.00972506	0.00018871999999999983	9.457679200360003e-05	3.5615238399999955e-08	0.00169269	-0.0002868999999999999	8.231160999999991e-08	2.8651994361e-06	0.0	0.0	0.0	0.0	0.0	0.0	0.0	0.0	0.0	0.0	0.0	0.0	0.0	0.0	0.0	0.0	0.0	0.0	0.0	0.0	0.0	0.0	0.0	0.0	0.0	0.0	0.0	0.0	0.0	0.0	0.0	0.0	0.0	0.0	0.0	0.0	0.0	0.0	0.0	0.0	0.0	0.0	0.0	0.0	0.0	0.0	0.0	0.0	0.0	0.0	0.0	0.0	0.0	0.0	0.0	0.0	0.0	0.0	0.0	0.0	0.0	0.0	0.0	0.0	0.0	0.0	0.0	0.0	0.0	0.0	0.0	0.0	0.0	0.0	0.0	0.0	0.0	0.0	0.0	0.0	0.0	0.0	0.0	0.0	0.0	0.0	0.0	0.0	0.0	0.0	0.0	0.0	0.0	0.0	0.0	0.0	0.0	0.0	0.0	0.0	0.0	0.0	0.0	-0.7979188969	0.4550383978	0.4431962536	0.8567551167	0.09535599143	0.8098376469	0.3249568029	-0.4872924412	-0.6534535963	0.3499118318	-0.3394959759	-0.7222142242	-0.2324485872	0.3204827871	-0.4845398245	0.09469819867	0.5633568018	-0.2838733248	-0.5321163247	0.937079521	0.268544295	-0.9806048907	-0.2216688039	0.1012754031	-1.096868134	-0.3874667714	-1.576954376	-1.074154846	1.282353923	0.2574804409	1.059133093	0.1114056297	0.577946002	-0.6453780018
8820.848083487075	20.457587572154807	77807360.91195759	418.5128892723829	7336.235908670627	-23.990055165392732	575.5227468385865	53820357.30766834	7799.520103136557	0.527311467848449	60832513.83923128	0.27805738412448583	7762.700936507175	10606.397848664428	0.595345	25.451908	0.08369537999999994	0.044274199999999986	0.024598408	0.0301390188	-0.0155926256	0.0434346004	0.009942412	0.0028235542	-0.0146477836	-0.0175644692	-0.0026846516	-0.0009667799000000001	-0.003281686	0.008043476800000001	-0.015753351999999998	0.0043991558	-0.0005588519000000001	-0.0030631025	-0.0086229619	-0.0165800299	0.000949642	-0.013543311899999999	-0.05872073410000001	0.0382352327	0.0426429151	-0.056166470999999996	-0.0190250555	0.0913466	-0.007811200000000005	0.00834420133156	6.1014845440000074e-05	-0.00570402	0.02691068	0.0007241846980623997	3.2535844160399995e-05	0.241949	0.005468999999999946	0.058539318600999986	2.9909960999999407e-05	-0.0155141	-0.0005447000000000004	2.966980900000005e-07	0.00024068729881	0.00951126	-0.0002138000000000001	9.04640667876e-05	4.5710440000000045e-08	0.0015811	-0.00011158999999999995	1.245232809999999e-08	2.49987721e-06	0.0	0.0	0.0	0.0	0.0	0.0	0.0	0.0	0.0	0.0	0.0	0.0	0.0	0.0	0.0	0.0	0.0	0.0	0.0	0.0	0.0	0.0	0.0	0.0	0.0	0.0	0.0	0.0	0.0	0.0	0.0	0.0	0.0	0.0	0.0	0.0	0.0	0.0	0.0	0.0	0.0	0.0	0.0	0.0	0.0	0.0	0.0	0.0	0.0	0.0	0.0	0.0	0.0	0.0	0.0	0.0	0.0	0.0	0.0	0.0	0.0	0.0	0.0	0.0	0.0	0.0	0.0	0.0	0.0	0.0	0.0	0.0	0.0	0.0	0.0	0.0	0.0	0.0	0.0	0.0	0.0	0.0	0.0	0.0	0.0	0.0	0.0	0.0	0.0	0.0	0.0	0.0	0.0	0.0	0.0	0.0	0.0	0.0	0.0	0.0	0.0	0.0	0.0	-0.7948347989	0.4719324053	0.5077731526	0.8919461748	0.3194051099	1.005229427	0.124497593	-0.6494536911	-0.5261471016	0.09536577756	0.184473416	-1.027486971	-0.1743113016	0.279776999	-0.2983738036	-0.3991232928	0.3318566386	-0.1355141922	-0.8476874228	0.8620847695	0.2049748706	-0.8592505929	-0.1490755653	0.2423042834	-1.099773428	0.3940472559	-1.23369244	-1.005426507	-0.1014904783	0.275471803	0.3633470473	-1.268757418	0.3278608399	-1.237012642
8849.470542900992	28.62245941391666	78313128.88967237	819.2451829013063	7349.917261391498	13.681352720870564	187.17941227287238	54021283.7493007	7802.022199506772	2.5020963702154404	60871550.4015965	6.260486245845282	7765.714898526512	10713.499762132258	0.5602199999999999	23.950256	0.08803882000000003	0.055597400000000005	0.0215601073	0.025813831000000002	-0.011863961999999999	0.044989094699999996	0.013813216299999998	0.0018444715	0.0120389684	-0.021645502400000002	0.0027715312	-0.0015099772	-0.0037940996	0.0097757458	-0.016132590500000002	0.0049819758	-0.0014259853	-0.003686647	-0.0104550501	-0.0158104788	0.0025461793	-0.013953486999999999	-0.0583705553	0.0392415225	0.041369842999999996	-0.057164292900000004	-0.0166043998	0.0874387	-0.003907900000000007	0.007645526257689998	1.5271682410000046e-05	0.0351469	0.04085092	0.0016687976648464	0.0012353045796100002	0.23803	-0.00391899999999995	0.05665828090000001	1.535856099999961e-05	-0.0162273	-0.0007132000000000006	5.08654240000001e-07	0.00026332526529	0.00945493	-5.633000000000027e-05	8.939570130490001e-05	3.1730689000000303e-09	0.00156341	-1.7689999999999893e-05	3.1293609999999623e-10	2.4442508281000003e-06	0.0	0.0	0.0	0.0	0.0	0.0	0.0	0.0	0.0	0.0	0.0	0.0	0.0	0.0	0.0	0.0	0.0	0.0	0.0	0.0	0.0	0.0	0.0	0.0	0.0	0.0	0.0	0.0	0.0	0.0	0.0	0.0	0.0	0.0	0.0	0.0	0.0	0.0	0.0	0.0	0.0	0.0	0.0	0.0	0.0	0.0	0.0	0.0	0.0	0.0	0.0	0.0	0.0	0.0	0.0	0.0	0.0	0.0	0.0	0.0	0.0	0.0	0.0	0.0	0.0	0.0	0.0	0.0	0.0	0.0	0.0	0.0	0.0	0.0	0.0	0.0	0.0	0.0	0.0	0.0	0.0	0.0	0.0	0.0	0.0	0.0	0.0	0.0	0.0	0.0	0.0	0.0	0.0	0.0	0.0	0.0	0.0	0.0	0.0	0.0	0.0	0.0	0.0	-0.8296690758	0.4984638994	0.5480416678	0.8835615919	0.3219290949	1.056407644	0.262410126	-0.4002511663	-0.4929251048	0.06656127989	-0.3939288872	-0.9567695376	0.003701697549	0.4084551856	-0.2469205861	-0.0687262949	0.7258872895	-0.1201633787	-0.8911603196	0.8061180464	0.4610415757	-0.6742088167	-0.2116800598	0.3174836286	-0.921607105	1.17832648	-1.035682394	-0.9347010995	-0.5632870407	0.3801063835	0.6750614675	-0.08686149784	0.542933967	-0.7242819563
8833.096584841898	-16.37395805909364	78023595.27714561	268.10650252095746	7354.080663413189	4.163402021690672	17.333916394217976	54082502.40398777	7799.231165169066	-2.791034337706151	60828006.76774443	7.789872674254812	7762.3796088229565	10791.78540760444	0.4601560000000001	19.672386	0.11930409999999995	0.0727492	0.0203857934	0.0319533469	-0.0204589239	0.041272615299999996	0.013018076699999999	0.0082842011	0.019152260600000002	-0.0304642498	-0.0054496835	-0.0016502685	-0.0057235796	0.010617991299999999	-0.014639821899999999	0.0149910605	-0.0013245501000000001	-0.0059872314	-0.011165638799999999	-0.0147869281	0.0126878146	-0.0143630693	-0.05801045780000001	0.0402328093	0.0400686528	-0.0581014087	-0.0141583533	0.08736489999999998	-7.380000000001274e-05	0.0076326257520099965	5.446440000001881e-09	-0.0102399	-0.045386800000000005	0.0020599616142400004	0.00010485555201	0.211509	-0.026521000000000017	0.044736057081	0.0007033634410000009	-0.0154545	0.0007728000000000006	5.97219840000001e-07	0.00023884157025	0.00952544	7.050999999999931e-05	9.07340071936e-05	4.971660099999905e-09	0.00146027	-0.00010314000000000003	1.0637859600000007e-08	2.1323884729000003e-06	0.0	0.0	0.0	0.0	0.0	0.0	0.0	0.0	0.0	0.0	0.0	0.0	0.0	0.0	0.0	0.0	0.0	0.0	0.0	0.0	0.0	0.0	0.0	0.0	0.0	0.0	0.0	0.0	0.0	0.0	0.0	0.0	0.0	0.0	0.0	0.0	0.0	0.0	0.0	0.0	0.0	0.0	0.0	0.0	0.0	0.0	0.0	0.0	0.0	0.0	0.0	0.0	0.0	0.0	0.0	0.0	0.0	0.0	0.0	0.0	0.0	0.0	0.0	0.0	0.0	0.0	0.0	0.0	0.0	0.0	0.0	0.0	0.0	0.0	0.0	0.0	0.0	0.0	0.0	0.0	0.0	0.0	0.0	0.0	0.0	0.0	0.0	0.0	0.0	0.0	0.0	0.0	0.0	0.0	0.0	0.0	0.0	0.0	0.0	0.0	0.0	0.0	0.0	-0.7399551539	0.4607661012	0.5217988032	0.9029112949	0.4672937328	1.160772	0.4283388399	-0.5873934343	-0.5788159387	-0.1540241499	0.1217273175	-0.9595239068	0.05440060733	0.4369500865	-0.2660222867	-0.07320536337	0.5161349489	-0.1120612945	-0.1483597799	0.6693675236	0.5761482077	-1.024408683	-0.08179109716	0.3229272118	-0.766617705	1.117441989	-1.044677463	-0.8067781221	-0.4806787316	0.312974336	0.3198978659	0.03937783772	0.9239760147	-0.7279738676
8818.179853719059	-14.916731122839336	77760295.93253668	222.50886739108373	7348.048888900432	-6.031774512756782	36.382303772742326	53993822.47367087	7799.630188234501	0.3990230654344487	60834231.07321895	0.1592194067487043	7763.5682158006275	10827.862265513342	0.479919	20.517275	0.13609070000000004	0.0882039	0.0220415211	0.030640886699999998	-0.015970486000000002	0.0423965796	0.011924704099999999	-0.006496113299999999	0.019621578	-0.028581401800000007	0.0069823247	-0.0013011147	-0.005312792199999999	0.0119971772	-0.019917203999999997	0.0140443151	-0.0013226091	-0.0051704112	-0.012800039099999999	-0.0185127654	0.011729511599999999	-0.0147720414	-0.0576405028	0.041208714	0.0387402291	-0.0589768232	-0.011690656399999999	0.0882992	0.0009343000000000127	0.007796748720639998	8.729164900000241e-07	0.0468225	0.0570624	0.00325611749376	0.00219234650625	0.272188	0.060678999999999976	0.07408630734399999	0.0036819410409999974	-0.0157405	-0.0002860000000000016	8.179600000000089e-08	0.00024776334025	0.00950415	-2.12900000000002e-05	9.03288672225e-05	4.532641000000085e-10	0.0014192600000000005	-4.100999999999953e-05	1.6818200999999612e-09	2.0142989476000013e-06	0.0	0.0	0.0	0.0	0.0	0.0	0.0	0.0	0.0	0.0	0.0	0.0	0.0	0.0	0.0	0.0	0.0	0.0	0.0	0.0	0.0	0.0	0.0	0.0	0.0	0.0	0.0	0.0	0.0	0.0	0.0	0.0	0.0	0.0	0.0	0.0	0.0	0.0	0.0	0.0	0.0	0.0	0.0	0.0	0.0	0.0	0.0	0.0	0.0	0.0	0.0	0.0	0.0	0.0	0.0	0.0	0.0	0.0	0.0	0.0	0.0	0.0	0.0	0.0	0.0	0.0	0.0	0.0	0.0	0.0	0.0	0.0	0.0	0.0	0.0	0.0	0.0	0.0	0.0	0.0	0.0	0.0	0.0	0.0	0.0	0.0	0.0	0.0	0.0	0.0	0.0	0.0	0.0	0.0	0.0	0.0	0.0	0.0	0.0	0.0	0.0	0.0	0.0	-0.8135785773	0.4607055486	0.4585259026	0.8452722055	0.2919248597	1.035360827	0.3250393875	-0.4859379042	-0.5690787724	-0.03619052698	-0.4690452912	-0.9171315318	-0.02396194565	0.4802424098	-0.4326012536	0.1575923223	0.6253265866	-0.1425301418	0.2556920257	0.7665708501	0.5893266265	-0.9292099359	-0.1220995257	0.3374409878	-0.8113786613	0.9522958143	-1.362554117	-0.8378304375	-1.176191369	0.385903787	0.5057257654	0.4231579686	0.6619593862	-0.6174283052
8812.094626330076	-6.085227388983184	77653011.70339541	37.02999237563111	7356.268284184882	8.219395284450004	67.55845884203893	54114683.06890439	7799.920600456809	0.2904122223080776	60838761.3734305	0.0843392588659163	7764.6382886533875	10921.952959082231	0.490107	20.952814	0.03411859999999998	0.0185601	0.019114513899999998	0.0372313213	-0.0172409697	0.0440754604	0.012402884099999999	0.0070104712	0.031285881200000004	-0.0120734923	-0.0012637633	-0.0021256262	-0.0051249544	0.0145425413	-0.0194725842	0.0211468436	-0.0022214781	-0.0051948381	-0.014149901999999999	-0.0172792019	0.0223296371	-0.015180385900000001	-0.0572607532	0.042168863499999994	0.0373854745	-0.059789606900000014	-0.0092050827	0.0927962	0.004497000000000001	0.00861113473444	2.0223009000000007e-05	0.0426824	-0.004140100000000001	1.7140428010000006e-05	0.00182178726976	0.273381	0.0011929999999999994	0.074737171161	1.423248999999999e-06	-0.0160438	-0.00030329999999999935	9.199088999999963e-08	0.00025740351844000004	0.00961481	0.00011066000000000027	9.24445713361e-05	1.2245635600000058e-08	0.00134745	-7.181000000000051e-05	5.156676100000071e-09	1.8156215025e-06	0.0	0.0	0.0	0.0	0.0	0.0	0.0	0.0	0.0	0.0	0.0	0.0	0.0	0.0	0.0	0.0	0.0	0.0	0.0	0.0	0.0	0.0	0.0	0.0	0.0	0.0	0.0	0.0	0.0	0.0	0.0	0.0	0.0	0.0	0.0	0.0	0.0	0.0	0.0	0.0	0.0	0.0	0.0	0.0	0.0	0.0	0.0	0.0	0.0	0.0	0.0	0.0	0.0	0.0	0.0	0.0	0.0	0.0	0.0	0.0	0.0	0.0	0.0	0.0	0.0	0.0	0.0	0.0	0.0	0.0	0.0	0.0	0.0	0.0	0.0	0.0	0.0	0.0	0.0	0.0	0.0	0.0	0.0	0.0	0.0	0.0	0.0	0.0	0.0	0.0	0.0	0.0	0.0	0.0	0.0	0.0	0.0	0.0	0.0	0.0	0.0	0.0	0.0	-0.8419959144	0.5473190713	0.4993404787	0.9173814705	0.3016626328	1.309003867	0.4343033553	-0.5247514917	-0.52182167	-0.1462510402	0.3227333296	-0.9603362922	-0.1869042943	0.4135981347	-0.3688607989	0.03452635001	0.2629721471	0.02160949666	0.006301455586	0.7239615899	0.5819172921	-1.133272657	0.02352825532	0.337507975	-0.7323525288	0.3562337033	-1.485689592	-0.8554274971	-1.219975732	0.2194436248	0.057523197	1.679686903	0.5344358904	0.001920589863
8800.48282184634	-11.611804483734884	77448497.89761253	134.83400336848558	7355.034089563248	-1.2341946216338329	1.5232363640698798	54096526.45863748	7803.299754896382	3.37915443957354	60891487.06476594	11.418684726489566	7768.919711113812	10669.874539821269	0.5699310000000001	24.365402	0.15602900000000006	0.103052	0.022776924	0.0277192837	-0.0169840908	0.053417190999999996	0.002189251	0.0133509554	0.014943160300000001	0.0212301795	-0.0054005271	-0.0034308147999999998	-0.0050072537	0.0041332406	-0.0194639055	0.0292267943	-0.0036604890000000003	-0.0047400938	-0.0032499569	-0.0177106881	0.0320846018	-0.0155880856	-0.0568712735	0.0431128907	0.0360053101	-0.0605388965	-0.006705432900000001	0.0970669	0.004270700000000002	0.009421983075610001	1.823887849000002e-05	-0.0529064	-0.0955888	0.00913721868544	0.0027990871609599997	0.25750700000000004	-0.015873999999999944	0.06630985504900003	0.00025198387599999824	-0.0155629	0.00048090000000000117	2.3126481000000108e-07	0.00024220385641000002	0.00975419	0.0001393799999999997	9.514422255609997e-05	1.942678439999992e-08	0.00116182	-0.00018563	3.44584969e-08	1.3498257124000002e-06	0.0	0.0	0.0	0.0	0.0	0.0	0.0	0.0	0.0	0.0	0.0	0.0	0.0	0.0	0.0	0.0	0.0	0.0	0.0	0.0	0.0	0.0	0.0	0.0	0.0	0.0	0.0	0.0	0.0	0.0	0.0	0.0	0.0	0.0	0.0	0.0	0.0	0.0	0.0	0.0	0.0	0.0	0.0	0.0	0.0	0.0	0.0	0.0	0.0	0.0	0.0	0.0	0.0	0.0	0.0	0.0	0.0	0.0	0.0	0.0	0.0	0.0	0.0	0.0	0.0	0.0	0.0	0.0	0.0	0.0	0.0	0.0	0.0	0.0	0.0	0.0	0.0	0.0	0.0	0.0	0.0	0.0	0.0	0.0	0.0	0.0	0.0	0.0	0.0	0.0	0.0	0.0	0.0	0.0	0.0	0.0	0.0	0.0	0.0	0.0	0.0	0.0	0.0	-0.8109887049	0.4872390278	0.4524472005	0.8637606839	0.2088727963	0.7667203465	0.1348721699	-0.5058083477	-0.6028361409	0.2109323578	-0.4514088855	-0.7549612795	-0.151111194	0.5058996443	-0.6808670996	0.1657450153	0.2877806446	-0.322305324	-0.5012585625	0.7856587908	0.2536996251	-0.9644977127	-0.1432424756	0.03965367368	-1.097458878	-0.8730972748	-1.416018049	-1.036674389	-0.8658654306	0.3341276689	0.7494871756	1.23120824	0.1807844029	0.5152922429
8815.470439337789	14.987617491447963	77712519.06683838	224.6286780699569	7363.951407055145	8.917317491896938	79.5185512512911	54227780.32546945	7803.167561885434	-0.1321930109479581	60889423.99886107	0.017474992143486967	7767.392417432968	10710.630836322152	0.487719	20.850733	0.1482046	0.092938	0.0224277273	0.03433266	-0.0198137808	0.050287607699999994	0.0040712719	0.0091222822	0.0057894648	0.032326442000000004	0.0033970309000000004	-0.0039310073999999995	-0.0049502810999999996	0.0039996566	-0.0163191356	0.0373267504	-0.0040067639	-0.0051008451	-0.0030298539	-0.0141606093	0.0397815551	-0.0159951231	-0.0564721299	0.0440404347	0.0346006737	-0.0612238964	-0.0041955295000000005	0.0926643	-0.004402599999999993	0.008586672494490001	1.938288675999993e-05	0.0234851	0.0763915	0.005835661272249999	0.0005515499220100001	0.295743	0.03823599999999994	0.08746392204899997	0.0014619916959999952	-0.016044099999999995	-0.0004811999999999959	2.31553439999996e-07	0.00025741314480999983	0.00983843	8.424000000000105e-05	9.67947048649e-05	7.096377600000177e-09	0.00114377	-1.805000000000014e-05	3.2580250000000514e-10	1.3082098129e-06	0.0	0.0	0.0	0.0	0.0	0.0	0.0	0.0	0.0	0.0	0.0	0.0	0.0	0.0	0.0	0.0	0.0	0.0	0.0	0.0	0.0	0.0	0.0	0.0	0.0	0.0	0.0	0.0	0.0	0.0	0.0	0.0	0.0	0.0	0.0	0.0	0.0	0.0	0.0	0.0	0.0	0.0	0.0	0.0	0.0	0.0	0.0	0.0	0.0	0.0	0.0	0.0	0.0	0.0	0.0	0.0	0.0	0.0	0.0	0.0	0.0	0.0	0.0	0.0	0.0	0.0	0.0	0.0	0.0	0.0	0.0	0.0	0.0	0.0	0.0	0.0	0.0	0.0	0.0	0.0	0.0	0.0	0.0	0.0	0.0	0.0	0.0	0.0	0.0	0.0	0.0	0.0	0.0	0.0	0.0	0.0	0.0	0.0	0.0	0.0	0.0	0.0	0.0	-0.8797727971	0.4882520523	0.5084915366	0.8362660212	0.3119431602	1.178598644	0.3298408124	-0.5494438335	-0.5627721049	0.1838522697	0.3457743495	-0.9490602129	-0.2435714499	0.5375558055	-0.4993954303	-0.1752886254	0.2186051949	-0.07536197881	-0.8446251436	0.7258029573	0.2224629166	-0.8362307934	-0.006988740758	0.006577392644	-1.078843963	-1.293915719	-1.438344359	-0.9758787451	-0.4986499096	0.2069319476	0.3895347167	1.342974123	0.009404934715	0.3987457734
8820.783200877879	5.312761540089923	77806216.2768894	28.22543518185865	7377.45532642121	13.50391936606502	182.35583824518588	54426847.09334068	7801.88305718778	-1.2845046976544836	60869379.23803373	1.6499523182964364	7767.145555955919	10690.089564794871	0.473301	20.23432	0.07290679999999995	0.0339301	0.020532338	0.0254590119	-0.0168151307	0.058468969	0.0059959044999999996	0.0095085189	0.0039388978000000005	0.0112742759	-4.5589899999999995e-05	-0.004226661	-0.0053637867	0.0061834034	-0.017485171299999998	0.0170029056	-0.0041612515	-0.005354500999999999	-0.0058917026	-0.0170077486	0.017222243600000003	-0.016401481000000002	-0.0560633903	0.04495114099999999	0.0331725201	-0.061843879000000004	-0.0016792104000000001	0.08636929999999997	-0.006295000000000037	0.0074596559824899955	3.962702500000046e-05	0.0313214	0.007836300000000001	6.140759769000001e-05	0.00098103009796	0.26576900000000003	-0.029973999999999945	0.07063316136100002	0.0008984406759999967	-0.0163637	-0.00031960000000000316	1.0214416000000203e-07	0.00026777067768999995	0.0100819	0.00024346999999999908	0.00010164470761	5.927764089999957e-08	0.00113081	-1.2959999999999796e-05	1.679615999999947e-10	1.2787312561000003e-06	0.0	0.0	0.0	0.0	0.0	0.0	0.0	0.0	0.0	0.0	0.0	0.0	0.0	0.0	0.0	0.0	0.0	0.0	0.0	0.0	0.0	0.0	0.0	0.0	0.0	0.0	0.0	0.0	0.0	0.0	0.0	0.0	0.0	0.0	0.0	0.0	0.0	0.0	0.0	0.0	0.0	0.0	0.0	0.0	0.0	0.0	0.0	0.0	0.0	0.0	0.0	0.0	0.0	0.0	0.0	0.0	0.0	0.0	0.0	0.0	0.0	0.0	0.0	0.0	0.0	0.0	0.0	0.0	0.0	0.0	0.0	0.0	0.0	0.0	0.0	0.0	0.0	0.0	0.0	0.0	0.0	0.0	0.0	0.0	0.0	0.0	0.0	0.0	0.0	0.0	0.0	0.0	0.0	0.0	0.0	0.0	0.0	0.0	0.0	0.0	0.0	0.0	0.0	-0.8722343661	0.5227043347	0.5261163356	0.8363329421	0.1539049734	0.9918647968	0.1543810072	-0.4027278273	-0.6144243842	0.2620346853	-0.3250187545	-0.726368765	-0.09917718605	0.6103139823	-0.5277382273	0.215319151	0.4081740992	-0.1347058431	-0.901956706	0.8205414108	0.26003735	-0.7468571765	-0.02182363971	0.2960868687	-1.050276803	-0.6341610962	-1.481531728	-1.154884699	0.2873890475	0.1778885486	0.7522244263	1.516136866	0.2313253147	0.6494122462
8814.747214692565	-6.035986185313959	77699768.45893033	36.43312922930096	7387.415346445936	9.960020024725964	99.2019988929422	54573905.50090493	7805.977455347763	4.0943981599830295	60933284.03339753	16.764096292472416	7769.506430355945	10646.032845774507	0.5314979999999999	22.722336	0.21734129999999985	0.129847	0.020250598300000002	0.031596817799999996	-0.0222749593	0.0572962667	0.017476330800000002	0.0110657521	-0.0227346971	0.0045533603999999995	-0.0080976034	-0.0068250689	-0.0078000129	-0.0027444973	-0.0230870402	0.006557515799999999	-0.006340055799999999	-0.008282471	0.0031154494	-0.023781752200000002	0.007326131	-0.0168071422	-0.055645124000000004	0.045844661200000004	0.03172182	-0.0623981861	0.0008396765	0.0927805	0.006411200000000034	0.00860822118025	4.110348544000043e-05	-0.0566192	-0.08794060000000001	0.007733549128360002	0.00320573380864	0.21681	-0.04895900000000003	0.0470065761	0.002396983681000003	-0.0151155	0.0012481999999999981	1.5580032399999948e-06	0.00022847834025000005	0.00986	-0.00022190000000000054	9.721959999999998e-05	4.9239610000000256e-08	0.0011203	-1.051000000000025e-05	1.1046010000000524e-10	1.2550720899999996e-06	0.0	0.0	0.0	0.0	0.0	0.0	0.0	0.0	0.0	0.0	0.0	0.0	0.0	0.0	0.0	0.0	0.0	0.0	0.0	0.0	0.0	0.0	0.0	0.0	0.0	0.0	0.0	0.0	0.0	0.0	0.0	0.0	0.0	0.0	0.0	0.0	0.0	0.0	0.0	0.0	0.0	0.0	0.0	0.0	0.0	0.0	0.0	0.0	0.0	0.0	0.0	0.0	0.0	0.0	0.0	0.0	0.0	0.0	0.0	0.0	0.0	0.0	0.0	0.0	0.0	0.0	0.0	0.0	0.0	0.0	0.0	0.0	0.0	0.0	0.0	0.0	0.0	0.0	0.0	0.0	0.0	0.0	0.0	0.0	0.0	0.0	0.0	0.0	0.0	0.0	0.0	0.0	0.0	0.0	0.0	0.0	0.0	0.0	0.0	0.0	0.0	0.0	0.0	-0.8093210095	0.4560132463	0.5141667404	0.7880388938	0.2696870408	0.9876286142	0.5152094593	-0.6312506815	-0.8214101048	0.2029168041	0.2738848494	-0.8937443245	-0.1726744333	0.6428563854	-0.5086811895	-0.006473592197	0.2789663353	-0.1848237882	-0.7797950373	0.8338900231	0.233855512	-1.032761042	0.02978276884	0.08854940083	-1.043407001	-0.9455184054	-1.405417558	-1.058491646	1.002599953	0.1871801852	0.8182309287	0.5961516115	0.5036150368	-0.3817615999
8803.476032454346	-11.271182238218898	77501190.25399812	127.0395490471412	7384.469077252325	-2.9462691936105334	8.68050216121846	54530383.55289581	7802.4889089463795	-3.488546401383246	60878833.17423126	12.169955994603994	7766.012763034242	10663.940216817198	0.4949770000000001	21.161015	0.22668029999999995	0.13906500000000002	0.0204250967	0.0245791613	-0.0155050578	0.06256260059999999	0.009950734499999999	0.0037283123	-0.022683897	0.0166456595	-0.0076745638	-0.0046396251	-0.008492958299999999	-0.0009953097	-0.0197377465	0.0099041496	-0.0042310953	-0.0089165248	0.0011160885	-0.020274349	0.0102205026	-0.017212089399999998	-0.055217402199999994	0.0467206537	0.0302495594	-0.062886229	0.0033572794	0.08803689999999999	-0.0047436000000000145	0.007750495761609999	2.2501740960000133e-05	0.044582	0.1012012	0.010241682881439998	0.001987554724	0.27463200000000004	0.05782200000000004	0.07542273542400002	0.003343383684000005	-0.016204399999999997	-0.0010888999999999966	1.1857032099999932e-06	0.0002625825793599999	0.00991078	5.078000000000027e-05	9.822356020839997e-05	2.5786084000000277e-09	0.00123889	0.00011859000000000025	1.4063588100000057e-08	1.5348484321e-06	0.0	0.0	0.0	0.0	0.0	0.0	0.0	0.0	0.0	0.0	0.0	0.0	0.0	0.0	0.0	0.0	0.0	0.0	0.0	0.0	0.0	0.0	0.0	0.0	0.0	0.0	0.0	0.0	0.0	0.0	0.0	0.0	0.0	0.0	0.0	0.0	0.0	0.0	0.0	0.0	0.0	0.0	0.0	0.0	0.0	0.0	0.0	0.0	0.0	0.0	0.0	0.0	0.0	0.0	0.0	0.0	0.0	0.0	0.0	0.0	0.0	0.0	0.0	0.0	0.0	0.0	0.0	0.0	0.0	0.0	0.0	0.0	0.0	0.0	0.0	0.0	0.0	0.0	0.0	0.0	0.0	0.0	0.0	0.0	0.0	0.0	0.0	0.0	0.0	0.0	0.0	0.0	0.0	0.0	0.0	0.0	0.0	0.0	0.0	0.0	0.0	0.0	0.0	-0.8857068068	0.4355447044	0.5103208174	0.7660574238	0.1416229353	0.9306109874	0.1122754774	-0.4784074912	-0.6726834842	0.3067041237	-0.4227981706	-0.728512608	-0.1293325167	0.6789390218	-0.7102135767	0.3049974631	0.462688367	-0.1331065854	-0.6674420486	0.8525249198	0.195987444	-0.7275293878	-0.1135805905	0.1476563312	-1.044748777	-1.069032271	-1.45105178	-1.123442293	0.9421240983	0.1391803718	0.9823415564	0.9901172432	0.1394066529	-0.4220695155
8803.016535343793	-0.4594971105525474	77493100.12153624	0.21113759460614	7390.497122776762	6.028045524436492	36.337332844678826	54619447.7217716	7794.580400071087	-7.908508875292682	60755483.61317234	62.544512630583135	7758.562584090504	10697.13139884298	0.496036	21.206295	0.03256899999999999	0.015706999999999995	0.0212149491	0.0302432409	-0.017848301599999998	0.0595491709	0.0177086264	0.0078047117000000004	-0.0233674279	-0.0141973994	-0.0097775029	-0.0031587286999999998	-0.0027057601000000002	0.0032513412	-0.023166147999999998	0.0033057378000000003	-0.002660693	-0.0029590928000000002	-0.0037103033	-0.0234257798	0.0009526513000000001	-0.0176163054	-0.0547802975	0.047578783799999996	0.028756738900000002	-0.06330748929999999	0.0058697485	0.08726489999999999	-0.0007719999999999949	0.0076151627720099984	5.959839999999921e-07	0.0555795	0.010997499999999999	0.00012094500625	0.00308908082025	0.265883	-0.008749000000000062	0.07069376968899999	7.654500100000109e-05	-0.016389599999999997	-0.00018519999999999995	3.429903999999998e-08	0.00026861898815999993	0.00987016	-4.061999999999989e-05	9.742005842559997e-05	1.6499843999999912e-09	0.00125408	1.5189999999999993e-05	2.3073609999999986e-10	1.5727166464e-06	0.0	0.0	0.0	0.0	0.0	0.0	0.0	0.0	0.0	0.0	0.0	0.0	0.0	0.0	0.0	0.0	0.0	0.0	0.0	0.0	0.0	0.0	0.0	0.0	0.0	0.0	0.0	0.0	0.0	0.0	0.0	0.0	0.0	0.0	0.0	0.0	0.0	0.0	0.0	0.0	0.0	0.0	0.0	0.0	0.0	0.0	0.0	0.0	0.0	0.0	0.0	0.0	0.0	0.0	0.0	0.0	0.0	0.0	0.0	0.0	0.0	0.0	0.0	0.0	0.0	0.0	0.0	0.0	0.0	0.0	0.0	0.0	0.0	0.0	0.0	0.0	0.0	0.0	0.0	0.0	0.0	0.0	0.0	0.0	0.0	0.0	0.0	0.0	0.0	0.0	0.0	0.0	0.0	0.0	0.0	0.0	0.0	0.0	0.0	0.0	0.0	0.0	0.0	-0.8697764804	0.5277616825	0.4962681408	0.8284647764	0.2256035741	1.310187049	0.4945453229	-0.4837747984	-0.7301294104	0.03015738184	0.4195561679	-0.8740227073	-0.1489724736	0.5843705488	-0.3281850778	-0.008473937416	0.2843964282	-0.03448393607	-0.8407202318	0.9345656502	0.227084133	-1.021478348	0.02713568374	0.08937341849	-0.8525819899	-0.2018211551	-1.635821359	-1.114053753	1.208723548	0.2279309553	0.6066015926	0.6917186954	0.5909507809	-0.6699436679
8787.915771338225	-15.100764005568635	77227463.60413511	228.03307355187732	7367.879542314246	-22.617580462516347	511.554945978401	54285648.95005278	7797.378684542736	2.7982844716489126	60799114.3501614	7.8303959842714335	7761.640961682972	10449.592054302375	0.6502600000000001	27.79962	0.2614056	0.159418	0.0212283157	0.015350460500000001	-0.0138230623	0.0678713881	0.0211691619	0.0042536833	-0.0315170246	-0.022007495499999998	-0.025998006400000002	-0.004126922	-0.0089014314	2.706050000000001e-05	-0.023573361400000003	0.0044786204	-0.0038627972	-0.0088875906	-0.0011680256	-0.024784131299999998	-1.58013e-05	-0.018019773	-0.0543338842	0.0484187232	0.027244373199999998	-0.06366151980000001	0.0083732417	0.0794215	-0.007843399999999986	0.006307774662250001	6.151892355999979e-05	-0.07307519999999999	-0.12865469999999998	0.016552031832089996	0.00533998485504	0.207112	-0.05877099999999999	0.042895380544	0.003454030440999999	-0.015364	0.001025599999999998	1.051855359999996e-06	0.000236052496	0.00967308	-0.0001970799999999988	9.35684766864e-05	3.8840526399999515e-08	0.00115403	-0.00010005000000000018	1.0010002500000036e-08	1.3317852408999998e-06	0.0	0.0	0.0	0.0	0.0	0.0	0.0	0.0	0.0	0.0	0.0	0.0	0.0	0.0	0.0	0.0	0.0	0.0	0.0	0.0	0.0	0.0	0.0	0.0	0.0	0.0	0.0	0.0	0.0	0.0	0.0	0.0	0.0	0.0	0.0	0.0	0.0	0.0	0.0	0.0	0.0	0.0	0.0	0.0	0.0	0.0	0.0	0.0	0.0	0.0	0.0	0.0	0.0	0.0	0.0	0.0	0.0	0.0	0.0	0.0	0.0	0.0	0.0	0.0	0.0	0.0	0.0	0.0	0.0	0.0	0.0	0.0	0.0	0.0	0.0	0.0	0.0	0.0	0.0	0.0	0.0	0.0	0.0	0.0	0.0	0.0	0.0	0.0	0.0	0.0	0.0	0.0	0.0	0.0	0.0	0.0	0.0	0.0	0.0	0.0	0.0	0.0	0.0	-0.7689283531	0.4389289077	0.4941747877	0.77000828	0.1661100507	0.71350862	-0.04970308069	-0.5981559182	-0.798386853	0.1463065633	-0.7379103668	-0.6295100644	-0.1425088604	0.7241180797	-0.7571062717	0.184118788	0.4139479234	-0.2667144681	-1.109905259	0.9312042613	0.08002744353	-0.891500294	-0.1932282043	0.2249942881	-1.234408801	0.6629659244	-1.360418624	-1.293259914	0.2375089361	0.1703273948	0.8969936983	-1.21132617	0.3889548456	-1.122904521
8819.211582918044	31.295811579819198	77778492.94427578	979.4278224395456	7367.237862055353	-0.6416802588928476	0.411753554652792	54276193.71610192	7795.966808365258	-1.4118761774780069	60777098.47713278	1.9933943405299084	7760.027928425075	10568.702008458104	0.565413	24.172262	0.2108826000000001	0.121539	0.0204244412	0.027473740400000002	-0.016770235300000002	0.0596514264	0.0264140273	-0.0013015045	-0.0150281426	-0.0344549852	-0.0041283602	-0.0048062164000000004	-0.0075622131	0.0032416123999999998	-0.0217198859	-5.95594e-05	-0.0046849515	-0.0073981694999999984	-0.0047402361	-0.0225356273	-0.0051181790000000005	-0.0184224751	-0.053878238200000005	0.0492401508	0.0257134902	-0.0639479444	0.010863931	0.07428569999999997	-0.005135800000000038	0.005518365224489995	2.6376441640000384e-05	0.0189326	0.0920078	0.008465435260840001	0.00035844334276	0.255732	0.04862000000000002	0.06539885582400001	0.0023639044000000023	-0.016208100000000003	-0.0008441000000000039	7.125048100000066e-07	0.0002627025056100001	0.00982438	0.00015130000000000005	9.65184423844e-05	2.289169000000001e-08	0.00146101	0.00030698000000000015	9.423672040000006e-08	2.1345502201e-06	0.0	0.0	0.0	0.0	0.0	0.0	0.0	0.0	0.0	0.0	0.0	0.0	0.0	0.0	0.0	0.0	0.0	0.0	0.0	0.0	0.0	0.0	0.0	0.0	0.0	0.0	0.0	0.0	0.0	0.0	0.0	0.0	0.0	0.0	0.0	0.0	0.0	0.0	0.0	0.0	0.0	0.0	0.0	0.0	0.0	0.0	0.0	0.0	0.0	0.0	0.0	0.0	0.0	0.0	0.0	0.0	0.0	0.0	0.0	0.0	0.0	0.0	0.0	0.0	0.0	0.0	0.0	0.0	0.0	0.0	0.0	0.0	0.0	0.0	0.0	0.0	0.0	0.0	0.0	0.0	0.0	0.0	0.0	0.0	0.0	0.0	0.0	0.0	0.0	0.0	0.0	0.0	0.0	0.0	0.0	0.0	0.0	0.0	0.0	0.0	0.0	0.0	0.0	-0.8638742917	0.4681388093	0.5041674127	0.7715890573	0.3344102714	1.213041914	0.4490071928	-0.6319618401	-0.6961126597	-0.04331563668	0.374600856	-1.017092443	-0.3710129246	0.5930771495	-0.3959670693	-0.3161476492	0.4075679362	-0.0575940369	-1.342327665	0.8015884685	0.1346523999	-0.7386814969	-0.01742027938	-0.07705841316	-1.086614492	0.7195032017	-1.334939727	-1.109594061	-0.1729543399	0.2472803011	0.8517931466	-1.08445259	0.3123228074	-1.309477096
8823.643423258685	4.431840340641429	77856683.26081625	19.64120880493674	7361.116488322807	-6.12137373254609	37.47121637350525	54186035.95465789	7789.060871338001	-6.905937027257097	60669469.25740869	47.69196622444058	7753.120598942643	10618.819733638311	0.565174	24.162035	0.06678109999999995	0.0360941	0.0162179462	0.0184342402	-0.0125720325	0.0607129752	0.0179415111	-0.00106838	0.009202820799999999	-0.0341157171	0.003414339	-0.0019480376	-0.0036978147999999996	0.0080377204	-0.024113211800000003	0.0044539927	-0.0018324665	-0.0036210444	-0.0088529844	-0.023356023700000002	0.0024383069	-0.0188243946	-0.05341343690000002	0.0500427527	0.024165130400000002	-0.06416645900000001	0.0133380076	0.074289	3.300000000025505e-06	0.005518855520999999	1.0890000000168332e-11	0.0479844	0.0290518	0.0008440070832399997	0.0023025026433599995	0.24831	-0.007422000000000013	0.061657856100000005	5.508608400000018e-05	-0.016606099999999995	-0.00039799999999999216	1.5840399999999372e-07	0.00027576255720999985	0.00970487	-0.00011950999999999976	9.418450171690002e-05	1.4282640099999941e-08	0.00137244	-8.857000000000005e-05	7.844644900000011e-09	1.8835915536e-06	0.0	0.0	0.0	0.0	0.0	0.0	0.0	0.0	0.0	0.0	0.0	0.0	0.0	0.0	0.0	0.0	0.0	0.0	0.0	0.0	0.0	0.0	0.0	0.0	0.0	0.0	0.0	0.0	0.0	0.0	0.0	0.0	0.0	0.0	0.0	0.0	0.0	0.0	0.0	0.0	0.0	0.0	0.0	0.0	0.0	0.0	0.0	0.0	0.0	0.0	0.0	0.0	0.0	0.0	0.0	0.0	0.0	0.0	0.0	0.0	0.0	0.0	0.0	0.0	0.0	0.0	0.0	0.0	0.0	0.0	0.0	0.0	0.0	0.0	0.0	0.0	0.0	0.0	0.0	0.0	0.0	0.0	0.0	0.0	0.0	0.0	0.0	0.0	0.0	0.0	0.0	0.0	0.0	0.0	0.0	0.0	0.0	0.0	0.0	0.0	0.0	0.0	0.0	-0.835793618	0.5394452001	0.5617926539	0.8110101431	0.223202949	0.9298322463	-0.2489994091	-0.3578417089	-0.4355832536	0.02447220762	-0.6666387793	-0.782556962	-0.09728715282	0.7256320204	-0.5148563396	0.1404824455	0.4720724886	-0.1293132045	-1.139645637	0.8442763926	0.1511779697	-0.5209151349	-0.1876008187	0.3993940768	-1.021639465	1.267238731	-1.128937299	-1.190772293	-0.4782396278	0.2107494499	0.3626237777	-0.4889595771	0.2240363937	-0.6283750921
8845.16174885261	21.518325593924605	78236886.36336537	463.03833636615053	7378.111115930435	16.99462760762799	288.81736752195144	54436523.63901624	7797.520226793618	8.459355455617697	60801321.687255606	71.56069472448891	7761.9969226726835	10740.858802097553	0.6669930000000001	28.514961	0.1820625	0.1215	0.0153169424	0.0366594096	-0.0162663021	0.0498530642	0.026348967400000003	-0.0012369388	0.0214457567	-0.0353944627	0.0021736684	-0.0066313854	-0.0023373406	0.0103448355	-0.025627702599999996	0.0017868259	-0.006870863299999999	-0.0024940051999999997	-0.010475190300000001	-0.024507306800000003	0.0021415139999999997	-0.0192255144	-0.052939559299999994	0.050826221799999995	0.0226003462	-0.0643168315	0.0157916882	0.0839696	0.009680600000000013	0.007050893724160002	9.371401636000022e-05	-0.062942	-0.1109264	0.01230466621696	0.003961695364	0.236462	-0.011848000000000023	0.05591427744399999	0.0001403751040000006	-0.015835	0.0007710999999999968	5.94595209999995e-07	0.000250747225	0.00978057	7.569999999999973e-05	9.565954952490003e-05	5.730489999999958e-09	0.00122709	-0.00014535000000000004	2.1126622500000008e-08	1.5057498680999995e-06	0.0	0.0	0.0	0.0	0.0	0.0	0.0	0.0	0.0	0.0	0.0	0.0	0.0	0.0	0.0	0.0	0.0	0.0	0.0	0.0	0.0	0.0	0.0	0.0	0.0	0.0	0.0	0.0	0.0	0.0	0.0	0.0	0.0	0.0	0.0	0.0	0.0	0.0	0.0	0.0	0.0	0.0	0.0	0.0	0.0	0.0	0.0	0.0	0.0	0.0	0.0	0.0	0.0	0.0	0.0	0.0	0.0	0.0	0.0	0.0	0.0	0.0	0.0	0.0	0.0	0.0	0.0	0.0	0.0	0.0	0.0	0.0	0.0	0.0	0.0	0.0	0.0	0.0	0.0	0.0	0.0	0.0	0.0	0.0	0.0	0.0	0.0	0.0	0.0	0.0	0.0	0.0	0.0	0.0	0.0	0.0	0.0	0.0	0.0	0.0	0.0	0.0	0.0	-0.823943711	0.4704014386	0.5332230853	0.800079186	0.3658160417	1.148866863	0.7861300094	-0.5317409772	-0.5435913843	-0.1346904578	0.4598737845	-1.249337598	-0.2171298416	0.5849783817	-0.3221222847	-0.3489888485	0.3077673565	-0.1600735418	-0.5489760487	0.7199660752	0.3936779837	-0.8710144887	-0.006744597661	-0.177928239	-0.8363552669	0.8735242908	-1.124822645	-0.8894178076	-1.434613884	0.4516791471	0.8026307198	-0.4235536214	0.5774206173	0.007228078205
8832.942757747336	-12.218991105273744	78020877.76164111	149.30374363075887	7354.691151200966	-23.419964729469033	548.4947479295734	54091481.92955378	7791.586497896297	-5.933728897321088	60708820.15419988	35.209138626903346	7756.055015838117	10704.824554349267	0.682175	29.164013	0.1814537	0.12755	0.0164078224	0.026098394599999998	-0.0125015493	0.0535279612	0.0119812261	-0.0012367955000000001	0.0230065538	-0.0104572612	0.0041239689	-0.0034842568	-0.0045764991999999996	0.0077737538	-0.023781281600000002	0.0182270473	-0.0036186662	-0.0044529301	-0.0077934626	-0.0218243189	0.018800160700000002	-0.0196258174	-0.0524566858	0.0515902588	0.021020201000000002	-0.0643989022	0.0182212208	0.08905419999999999	0.005084599999999982	0.007930650537639998	2.5853157159999805e-05	0.0520506	0.11499260000000001	0.01322329805476	0.00270926496036	0.28746	0.050998000000000016	0.0826332516	0.0026007960040000016	-0.016016700000000002	-0.00018170000000000341	3.301489000000123e-08	0.00025653467889000004	0.00979486	1.4290000000000134e-05	9.59392824196e-05	2.0420410000000392e-10	0.00121551	-1.1579999999999969e-05	1.3409639999999922e-10	1.4774645601e-06	0.0	0.0	0.0	0.0	0.0	0.0	0.0	0.0	0.0	0.0	0.0	0.0	0.0	0.0	0.0	0.0	0.0	0.0	0.0	0.0	0.0	0.0	0.0	0.0	0.0	0.0	0.0	0.0	0.0	0.0	0.0	0.0	0.0	0.0	0.0	0.0	0.0	0.0	0.0	0.0	0.0	0.0	0.0	0.0	0.0	0.0	0.0	0.0	0.0	0.0	0.0	0.0	0.0	0.0	0.0	0.0	0.0	0.0	0.0	0.0	0.0	0.0	0.0	0.0	0.0	0.0	0.0	0.0	0.0	0.0	0.0	0.0	0.0	0.0	0.0	0.0	0.0	0.0	0.0	0.0	0.0	0.0	0.0	0.0	0.0	0.0	0.0	0.0	0.0	0.0	0.0	0.0	0.0	0.0	0.0	0.0	0.0	0.0	0.0	0.0	0.0	0.0	0.0	-0.8257663617	0.4793068934	0.5270382757	0.7690067273	0.2070239003	0.8596159706	-0.3946095972	-0.3901767251	-0.2938681307	-0.08861520302	-0.8676380361	-0.8563634309	0.003063437792	0.8332060375	-0.6992646053	0.2447017314	0.6927778645	-0.04756022941	-0.2146261317	0.7695457303	0.2262131992	-0.4336737733	-0.1995106946	0.2864843081	-0.9585046421	0.8534622096	-1.00746519	-0.9301518506	-1.441517182	0.3003425824	0.3387209611	-0.2610865286	-0.1490570021	0.2935521595
8869.770167857421	36.82741011008511	78672822.83061346	1356.258135416399	7393.151719048683	38.460567847717364	1479.2152791688702	54658692.3408725	7807.9210826099215	16.33458471362428	60963631.63226449	266.81865776656804	7772.287124994865	10999.15290253062	0.8248709999999999	35.264496	0.10322860000000007	0.048661	0.0095127331	0.047469554500000004	-0.014426783200000001	0.0425041165	0.026881079	0.0036883934999999996	0.0301360243	-0.0024853266	0.020742839199999998	-0.0145960765	0.0007932155000000001	0.0129782715	-0.0316683704	0.0099570301	-0.014813169499999999	0.0007792513	-0.013066256100000001	-0.0296475993	0.0111758765	-0.0200252867	-0.051964898600000003	0.052334571399999995	0.019425769	-0.0644125841	0.020622890300000002	0.091411	0.00235680000000002	0.008355970921000001	5.554506240000095e-06	0.07386439999999997	0.021813799999999973	0.0004758418704399989	0.0054559495873599964	0.256258	-0.031202000000000008	0.06566816256399999	0.0009735648040000004	-0.0167648	-0.0007480999999999982	5.596536099999971e-07	0.00028105851904000004	0.00994769	0.00015282999999999963	9.89565363361e-05	2.3357008899999887e-08	0.0012717	5.619000000000002e-05	3.1573161000000017e-09	1.61722089e-06	0.0	0.0	0.0	0.0	0.0	0.0	0.0	0.0	0.0	0.0	0.0	0.0	0.0	0.0	0.0	0.0	0.0	0.0	0.0	0.0	0.0	0.0	0.0	0.0	0.0	0.0	0.0	0.0	0.0	0.0	0.0	0.0	0.0	0.0	0.0	0.0	0.0	0.0	0.0	0.0	0.0	0.0	0.0	0.0	0.0	0.0	0.0	0.0	0.0	0.0	0.0	0.0	0.0	0.0	0.0	0.0	0.0	0.0	0.0	0.0	0.0	0.0	0.0	0.0	0.0	0.0	0.0	0.0	0.0	0.0	0.0	0.0	0.0	0.0	0.0	0.0	0.0	0.0	0.0	0.0	0.0	0.0	0.0	0.0	0.0	0.0	0.0	0.0	0.0	0.0	0.0	0.0	0.0	0.0	0.0	0.0	0.0	0.0	0.0	0.0	0.0	0.0	0.0	-0.8843093621	0.5655255883	0.5875115812	0.8806088896	0.384485567	1.575495569	1.080333514	-0.4129566366	-0.4511977537	-0.1313996365	1.005530893	-1.386212314	-0.182823235	0.6050260765	-0.05922190318	-0.32432727	0.3017496364	-0.145085347	-0.01746300828	0.726804091	0.6103181373	-1.002582743	0.1248269217	0.03983265538	-0.3873844389	0.7288996366	-1.202483233	-0.7488538675	-1.382667756	0.5201774488	0.5263974541	1.044375382	0.4543440055	0.3040601043
8824.775762941643	-44.994404915778425	77876667.26620226	2024.4964737250266	7361.628417189578	-31.523301859105228	993.7185601002674	54193572.95277312	7792.391378870357	-15.529703739564864	60721363.40149306	241.17169823865498	7758.677777062166	10727.014168310998	1.088012	46.514172	0.3098625	0.191424	0.007371458199999998	0.021960782	-0.0106123176	0.0722433861	0.0011503316	0.0246714013	0.0124392552	0.0447044016	-0.014365749799999999	-0.0065233612	-0.005269991700000001	-0.0048813347	-0.0333302619	0.0238106873	-0.0066727038	-0.0052500783	0.0061829442	-0.0316510895	0.0298489852	-0.0204239053	-0.0514642813	0.053058875199999994	0.0178181338	-0.0643578625	0.022993024	0.0927837	0.0013726999999999904	0.008608814985690001	1.8843052899999744e-06	-0.0627384	-0.13660279999999994	0.01866032496783999	0.00393610683456	0.171033	-0.085225	0.029252287089	0.007263300624999998	-0.015287899999999997	0.0014769000000000015	2.1812336100000044e-06	0.00023371988640999994	0.00969704	-0.00025064999999999983	9.40325847616e-05	6.282542249999991e-08	0.0012773900000000006	5.690000000000686e-06	3.237610000000781e-11	1.6317252121000015e-06	0.0	0.0	0.0	0.0	0.0	0.0	0.0	0.0	0.0	0.0	0.0	0.0	0.0	0.0	0.0	0.0	0.0	0.0	0.0	0.0	0.0	0.0	0.0	0.0	0.0	0.0	0.0	0.0	0.0	0.0	0.0	0.0	0.0	0.0	0.0	0.0	0.0	0.0	0.0	0.0	0.0	0.0	0.0	0.0	0.0	0.0	0.0	0.0	0.0	0.0	0.0	0.0	0.0	0.0	0.0	0.0	0.0	0.0	0.0	0.0	0.0	0.0	0.0	0.0	0.0	0.0	0.0	0.0	0.0	0.0	0.0	0.0	0.0	0.0	0.0	0.0	0.0	0.0	0.0	0.0	0.0	0.0	0.0	0.0	0.0	0.0	0.0	0.0	0.0	0.0	0.0	0.0	0.0	0.0	0.0	0.0	0.0	0.0	0.0	0.0	0.0	0.0	0.0	-0.7523047709	0.4321030836	0.5913362904	0.871654203	0.02969280354	0.504305957	-0.7157914783	-0.4631685627	-0.3485058919	0.1907027283	-1.413908768	-0.5200900253	0.08349780629	1.001267577	-1.083954331	0.6430515113	0.6600600013	0.0243270649	-0.0444753886	0.8039971824	0.2392406018	-0.6853292682	-0.2976052519	0.5562932878	-0.9129988376	-0.6399522479	-0.6939560482	-1.214720555	-0.5885176084	0.07023929369	0.312617536	1.034802428	-0.3599940061	1.13040725
8895.753972857574	70.97820991593106	79134438.74561131	5037.906282869976	7445.765863491626	84.13744630204837	7079.109870230073	55439429.293937206	7832.395441606727	40.00406273637054	61346418.35370184	1600.3250354154702	7795.699125672724	10994.976144851418	1.563634	66.84774	0.18942030000000007	0.103429	0.009359366800000001	0.0563142661	-0.008029808900000001	0.034758114799999996	0.0362050536	0.0138925644	0.0036304261	0.0182422119	0.014724601100000003	-0.0274480237	-0.0099998017	0.0031633534999999996	-0.0389951279	0.0121880002	-0.0273484131	-0.0105462173	-0.0027349806	-0.037618943599999996	0.015773927099999998	-0.0208216562	-0.0509549188	0.053762893099999993	0.0161983881	-0.06423479559999999	0.025327997799999998	0.0975257	0.004741999999999996	0.00951126216049	2.2486563999999967e-05	0.0163176	0.079056	0.006249851136	0.0002662640697600001	0.222045	0.051012	0.049303982025	0.002602224144	-0.0157352	-0.00044730000000000285	2.0007729000000253e-07	0.00024759651904000005	0.00948884	-0.00020820000000000043	9.003808454560001e-05	4.3347240000000173e-08	0.0008406839999999999	-0.00043670600000000084	1.907121304360007e-07	7.067495878559999e-07	0.0	0.0	0.0	0.0	0.0	0.0	0.0	0.0	0.0	0.0	0.0	0.0	0.0	0.0	0.0	0.0	0.0	0.0	0.0	0.0	0.0	0.0	0.0	0.0	0.0	0.0	0.0	0.0	0.0	0.0	0.0	0.0	0.0	0.0	0.0	0.0	0.0	0.0	0.0	0.0	0.0	0.0	0.0	0.0	0.0	0.0	0.0	0.0	0.0	0.0	0.0	0.0	0.0	0.0	0.0	0.0	0.0	0.0	1.0	0.0	0.0	0.0	0.0	0.0	0.0	0.0	0.0	0.0	0.0	0.0	0.0	0.0	0.0	0.0	0.0	0.0	0.0	0.0	0.0	0.0	0.0	0.0	0.0	0.0	0.0	0.0	0.0	0.0	0.0	0.0	0.0	0.0	0.0	0.0	0.0	0.0	0.0	0.0	0.0	0.0	0.0	0.0	0.0	-0.8826200005	0.4349846884	0.5779535019	0.8716174407	0.3775772527	1.623096175	2.279021081	-0.5868030332	-0.6061208296	0.1304942605	1.828644099	-1.688695773	-0.4408519571	0.6449092735	0.1333520843	-0.7310934154	0.07596305212	-0.8221929778	-0.2501981244	0.3051175365	0.6637781569	-1.310893542	0.7163350736	-0.8165415556	-0.4325028624	-1.403408399	-1.24947014	-0.6516532573	-0.6719111555	0.5645825283	1.346945016	1.534671579	0.7573070055	0.271710249
8519.823224020172	-375.93074883740167	72587387.76855348	141323.92792144947	7036.767532673289	-408.9983308183373	167279.63461218608	49516097.30888493	7575.250294588329	-257.14514701839835	57384417.02566057	66123.6266351137	7539.335256859045	9646.920602106484	3.933373000000001	168.157715	7.07117055	3.61797	0.095842783	-0.11364267759999999	0.0213705275	-0.0501285428	-0.1401902189	0.0020000478	0.0013128276000000001	0.1107335073	-0.0701145068	0.11437713220000001	-0.0043961810999999995	-0.040582667999999995	0.0760544871	0.0935840133	0.1147790051	-0.00468666	0.0426385223	0.0788868522	0.09531173230000001	-0.021218522599999998	-0.0504368977	0.0544463561	0.0145676327	-0.06404351400000001	0.027624241	0.680645	0.5831192999999999	0.463277616025	0.3400281180324899	-1.13891	-1.1552276	1.3345508078017605	1.2971159881000005	1.43546	1.213415	2.0605454116	1.472375962225	-0.00293552	0.01279968	0.00016383180810240002	8.6172776704e-06	0.000278331	-0.009210509	7.746814556099999e-08	8.4833476039081e-05	-0.0595373	-0.060377984	0.0036455009519042562	0.00354469009129	0.0	0.0	0.0	0.0	0.0	0.0	0.0	0.0	0.0	0.0	0.0	0.0	0.0	0.0	0.0	0.0	0.0	0.0	0.0	0.0	0.0	0.0	0.0	0.0	0.0	0.0	0.0	0.0	0.0	0.0	0.0	0.0	0.0	0.0	0.0	0.0	0.0	0.0	0.0	0.0	0.0	0.0	0.0	0.0	0.0	0.0	0.0	0.0	0.0	0.0	0.0	0.0	0.0	0.0	0.0	0.0	0.0	0.0	0.0	1.0	0.0	0.0	0.0	0.0	0.0	0.0	0.0	0.0	0.0	0.0	0.0	0.0	0.0	0.0	0.0	0.0	0.0	0.0	0.0	0.0	0.0	0.0	0.0	0.0	0.0	0.0	0.0	0.0	0.0	0.0	0.0	0.0	0.0	0.0	0.0	0.0	0.0	0.0	0.0	0.0	0.0	0.0	0.0	0.08005892682	-0.6822236614	-0.7962080273	-0.9327669478	-1.107162908	0.7505531157	-3.113943985	-0.4934069177	0.134267239	-0.126964341	-4.359316254	1.835537867	-0.1112322772	2.29600531	-5.091101387	1.604681113	4.905395993	4.821555116	-1.117499585	-0.7475535024	-0.4061129223	0.376455601	-0.1285954712	-0.1663679841	0.284792018	-1.989557412	0.4348826458	0.6320451366	-1.682248778	-1.972106118	-1.313506738	1.349260389	-2.635055023	-0.31686073
8671.663137807973	151.83991378780047	75197741.57561761	23055.35941908668	7163.764677526596	126.99714485330696	16128.274800891832	51319524.35497773	7647.7816779847535	72.53138339642463	58488564.5941193	5260.801577399145	7614.485828396315	10412.770127409163	3.183391	136.094818	3.44577795	1.33201	0.0340296353	-0.0641652838	-0.0204247102	-0.08216044	-0.081610997	-0.074425825	0.061958527	-0.0854421319	-0.0692863881	0.0729664427	0.021833200299999998	0.0754750159	0.09923800560000001	0.0503000778	0.0725900297	0.0228808242	-0.0743860436	0.1000009992	0.04344257519999999	-0.0216144876	-0.049910306200000004	0.0551090028	0.012926976000000001	-0.0637842209	0.0298782424	-0.198442	-0.8790870000000001	0.039379227364	0.7727939535689999	-0.719004	0.4199060000000001	0.17632104883600008	0.516966752016	1.02778	-0.40768	1.0563317283999998	0.16620298240000006	-0.0177025	-0.01476698	0.0002180636983204	0.00031337850625	0.00754845	0.007270119	5.69790974025e-05	5.285463027416101e-05	-0.0467923	0.012745000000000001	0.00016243502499999998	0.0021895193392899998	0.0	0.0	0.0	0.0	0.0	0.0	0.0	0.0	0.0	0.0	0.0	0.0	0.0	0.0	0.0	0.0	0.0	0.0	0.0	0.0	0.0	0.0	0.0	0.0	0.0	0.0	0.0	0.0	0.0	0.0	0.0	0.0	0.0	0.0	0.0	0.0	0.0	0.0	0.0	0.0	0.0	0.0	0.0	0.0	0.0	0.0	0.0	0.0	0.0	0.0	0.0	0.0	0.0	0.0	0.0	0.0	0.0	0.0	0.0	0.0	1.0	0.0	0.0	0.0	0.0	0.0	0.0	0.0	0.0	0.0	0.0	0.0	0.0	0.0	0.0	0.0	0.0	0.0	0.0	0.0	0.0	0.0	0.0	0.0	0.0	0.0	0.0	0.0	0.0	0.0	0.0	0.0	0.0	0.0	0.0	0.0	0.0	0.0	0.0	0.0	0.0	0.0	0.0	-0.2414884264	0.4600185719	0.3937781787	-0.1019105632	-0.4198946941	0.6973534312	-2.803945481	0.06726477292	1.689436515	-0.4760465128	-3.805483467	1.276919232	-0.2191112832	2.395633526	-0.2102601756	-0.05637763723	-2.63959478	-2.999226163	-0.05787212167	-1.478509089	-0.477589653	1.065009066	0.1837417403	0.8310000408	-1.379523565	-0.534245038	-0.4756297805	0.3636856468	2.342098981	-2.103680198	-1.741139361	0.09746729753	0.8349455119	3.331607496
8781.744157088033	110.08101928006	77119030.44054979	12117.830805736941	7139.332804708278	-24.431872818317967	596.9164094104644	50970072.89638376	7739.297614753754	91.51593676900028	59896727.56973314	8375.166682707659	7702.034477320813	10708.668896799587	2.440902	104.352264	1.1867575	0.5878369999999999	0.027138687400000003	-0.0039618114	-0.0572364125	-0.0609793606	-0.067315301	-0.0648794967	0.0042033193	-0.07056714759999999	-0.0094479866	0.0269557869	0.023731371400000003	0.0329511536	0.0980305665	-0.022801684300000003	0.027119528700000003	0.0239860954	-0.0329452225	0.09406978560000001	-0.0293939529	-0.0220095344	-0.0493752335	0.055750579800000005	0.011277533300000002	-0.0634571917	0.0320865551	-0.339385	-0.14094299999999998	0.115182178225	0.019864929248999998	-0.464272	0.254732	0.06488839182399997	0.21554848998400006	0.8986299999999999	-0.12915	0.8075358768999998	0.016679722499999997	-0.0168105	0.0008920000000000004	7.956640000000008e-07	0.00028259291025	0.0106362	0.00308775	0.00011312875044	9.5342000625e-06	-0.0375334	0.0092589	8.572722921000001e-05	0.0014087561155599999	0.0	0.0	0.0	0.0	0.0	0.0	0.0	0.0	0.0	0.0	0.0	0.0	0.0	0.0	0.0	0.0	0.0	0.0	0.0	0.0	0.0	0.0	0.0	0.0	0.0	0.0	0.0	0.0	0.0	0.0	0.0	0.0	0.0	0.0	0.0	0.0	0.0	0.0	0.0	0.0	0.0	0.0	0.0	0.0	0.0	0.0	0.0	0.0	0.0	0.0	0.0	0.0	0.0	0.0	0.0	0.0	0.0	0.0	0.0	0.0	0.0	1.0	0.0	0.0	0.0	0.0	0.0	0.0	0.0	0.0	0.0	0.0	0.0	0.0	0.0	0.0	0.0	0.0	0.0	0.0	0.0	0.0	0.0	0.0	0.0	0.0	0.0	0.0	0.0	0.0	0.0	0.0	0.0	0.0	0.0	0.0	0.0	0.0	0.0	0.0	0.0	0.0	0.0	-0.7788288404	0.4496603077	0.3513792627	0.07780544981	-0.05316595181	1.341844846	1.446544168	-0.3825090247	0.07281006223	0.09985884347	1.848622361	0.2816935658	-2.125213358	1.38098142	-0.0638618846	-1.124803353	-0.6068367032	0.1350318866	0.06801490413	-1.07912055	-0.2633284078	-0.234271526	-0.1755693576	-1.758101152	-0.6881129631	-1.030716189	-1.992444611	1.329636422	0.3809514853	-0.8379994966	2.142859607	-1.075378373	0.06460435703	-0.5812327122
8697.27622265948	-84.46793442855233	75642613.69323796	7134.8319466262155	7111.299305497841	-28.033499210437185	785.8770779815821	50570577.81237407	7677.034285179013	-62.26332957474097	58936855.41581404	3876.722209732813	7644.092701971271	10323.31633191045	1.533173	65.545502	0.5370950000000001	0.263261	0.0319700542	-0.0654385139	-0.029525551400000002	-0.11210996449999999	-0.0903966666	-0.0832237862	0.033508606499999996	-0.0074515231	-0.0586260947	0.0536837264	0.0399426211	0.0056129547	0.10650837689999999	0.0027258337	0.0531512034	0.040991468999999996	-0.0054774972	0.1039753457	-0.006597261	-0.022403646099999997	-0.0488317708	0.056370842000000004	0.0096204254	-0.0630627737	0.034245802400000004	-0.381245	-0.041860000000000015	0.145347750025	0.0017522596000000008	-0.253739	0.21053300000000005	0.04432414408900001	0.064383480121	0.927317	0.028687000000000133	0.8599168184890001	0.0008229439690000074	-0.014663999999999996	0.0021465000000000013	4.607462250000004e-06	0.00021503289599999995	0.0116818	0.001045599999999999	0.00013646445123999994	1.0932793599999977e-06	-0.0356052	0.0019282000000000051	3.717955240000019e-06	0.0012677302670399998	0.0	0.0	0.0	0.0	0.0	0.0	0.0	0.0	0.0	0.0	0.0	0.0	0.0	0.0	0.0	0.0	0.0	0.0	0.0	0.0	0.0	0.0	0.0	0.0	0.0	0.0	0.0	0.0	0.0	0.0	0.0	0.0	0.0	0.0	0.0	0.0	0.0	0.0	0.0	0.0	0.0	0.0	0.0	0.0	0.0	0.0	0.0	0.0	0.0	0.0	0.0	0.0	0.0	0.0	0.0	0.0	0.0	0.0	0.0	0.0	0.0	0.0	1.0	0.0	0.0	0.0	0.0	0.0	0.0	0.0	0.0	0.0	0.0	0.0	0.0	0.0	0.0	0.0	0.0	0.0	0.0	0.0	0.0	0.0	0.0	0.0	0.0	0.0	0.0	0.0	0.0	0.0	0.0	0.0	0.0	0.0	0.0	0.0	0.0	0.0	0.0	0.0	0.0	-0.4209960991	0.2857945534	0.4243918084	-0.05649096099	0.4141892771	0.3135380819	-1.946984729	0.03165998234	0.9460746703	0.4539985999	-1.473430924	0.6832901887	-0.4977280245	0.8937885992	-0.57312966	-0.7337715818	-1.364338797	-1.209432128	-0.4651836824	-1.335343943	-0.6450850821	0.1049462925	-0.4074065295	-0.3471487252	-0.5426677807	0.7887980401	-0.7385006398	1.568965576	1.321470057	-1.993942932	-1.09325828	-1.407765959	-1.44178178	0.1887705514
8849.479006675694	152.20278401621363	78313278.68959384	23165.687462286176	7305.520352497509	194.22104699966803	37721.81509764726	53370627.62075532	7764.740094193852	87.70580901483936	60291188.73038156	7692.308934947478	7728.773517846014	10870.499671990925	1.635011	69.899231	0.983709	0.639456	0.0113721503	0.013369437	-0.0070252488	-0.0291677994	-0.0028133591999999997	-0.0188495817	-0.025432475899999998	-0.0706213234	-0.0039499116	0.0078086330000000015	0.012214100600000001	0.0287454564	0.0552365846	-0.08017986519999999	0.0076487996999999985	0.0129802822	-0.0293816842	0.05167910480000002	-0.0817590454	-0.022796806200000002	-0.048280010199999994	0.056969552	0.0079567788	-0.06260138559999999	0.0363526824	-0.282945	0.0983	0.080057873025	0.00966289	-0.27975900000000004	-0.026020000000000043	0.0006770404000000023	0.07826509808100003	0.366498	-0.5608190000000001	0.134320784004	0.3145179507610001	-0.0121904	0.0024735999999999994	6.118696959999998e-06	0.00014860585215999996	0.010165100000000002	-0.0015166999999999976	0.00010332925801000004	2.3003788899999927e-06	-0.0336241	0.0019810999999999995	3.924757209999999e-06	0.0011305801008099998	0.0	0.0	0.0	0.0	0.0	0.0	0.0	0.0	0.0	0.0	0.0	0.0	0.0	0.0	0.0	0.0	0.0	0.0	0.0	0.0	0.0	0.0	0.0	0.0	0.0	0.0	0.0	0.0	0.0	0.0	0.0	0.0	0.0	0.0	0.0	0.0	0.0	0.0	0.0	0.0	0.0	0.0	0.0	0.0	0.0	0.0	0.0	0.0	0.0	0.0	0.0	0.0	0.0	0.0	0.0	0.0	0.0	0.0	0.0	0.0	0.0	0.0	0.0	1.0	0.0	0.0	0.0	0.0	0.0	0.0	0.0	0.0	0.0	0.0	0.0	0.0	0.0	0.0	0.0	0.0	0.0	0.0	0.0	0.0	0.0	0.0	0.0	0.0	0.0	0.0	0.0	0.0	0.0	0.0	0.0	0.0	0.0	0.0	0.0	0.0	0.0	0.0	0.0	-0.4813114474	0.3942689279	0.6793093008	0.7595889693	-0.07607669637	0.6630696851	0.914523391	-0.3115350895	-0.4164355659	0.5940611507	0.983589533	0.009106475396	-0.9369476427	1.061225829	-0.1795824224	-1.007656468	-0.6284476835	-0.3667273722	-0.1051448984	-1.363214881	0.5129076345	-0.8599994111	0.1938161348	-0.2960791303	-1.208646879	0.3598737854	-1.348715283	0.7604408065	-0.7766632319	-1.322772652	1.438743251	0.004558187147	0.5616860173	0.1941914657
8838.341268099199	-11.137738576495394	78116276.37138535	124.04922059835366	7299.852152593085	-5.668199904424	32.128490156512235	53287841.44971789	7765.32549427807	0.5854000842182359	60300280.03208496	0.34269325860271765	7730.838814336725	10861.997345817545	0.995047	42.539764	0.5613651	0.304235	0.0112010448	0.0085267513	0.0266635863	-0.0203887696	-0.0150624798	0.024575191200000002	-0.035152027999999995	-0.015240116100000001	-0.018796107700000002	0.0036358684999999997	0.0134743203	-0.0137673883	0.0507816175	-0.0352714757	0.0033415295	0.013691936699999999	0.0137821818	0.0483771962	-0.0367460236	-0.023188997700000002	-0.047720045700000005	0.05754648110000001	0.006287724200000001	-0.0620735175	0.0384039733	-0.270048	0.012896999999999992	0.07292592230400001	0.00016633260899999978	-0.0546809	0.22507810000000006	0.05066015109961002	0.00299000082481	0.26027	-0.106228	0.0677404729	0.011284387983999998	-0.0116016	0.0005887999999999987	3.4668543999999854e-07	0.00013459712256000002	0.00914266	-0.0010224400000000012	8.35882318756e-05	1.0453835536000023e-06	-0.0308921	0.0027319999999999983	7.463823999999991e-06	0.00095432184241	0.0	0.0	0.0	0.0	0.0	0.0	0.0	0.0	0.0	0.0	0.0	0.0	0.0	0.0	0.0	0.0	0.0	0.0	0.0	0.0	0.0	0.0	0.0	0.0	0.0	0.0	0.0	0.0	0.0	0.0	0.0	0.0	0.0	0.0	0.0	0.0	0.0	0.0	0.0	0.0	0.0	0.0	0.0	0.0	0.0	0.0	0.0	0.0	0.0	0.0	0.0	0.0	0.0	0.0	0.0	0.0	0.0	0.0	0.0	0.0	0.0	0.0	0.0	0.0	1.0	0.0	0.0	0.0	0.0	0.0	0.0	0.0	0.0	0.0	0.0	0.0	0.0	0.0	0.0	0.0	0.0	0.0	0.0	0.0	0.0	0.0	0.0	0.0	0.0	0.0	0.0	0.0	0.0	0.0	0.0	0.0	0.0	0.0	0.0	0.0	0.0	0.0	0.0	-0.265729849	0.1692660972	0.6820157263	0.8551660107	0.1509675227	0.8046362219	-0.0012184795	-0.104977735	-0.366878468	0.8792628706	-1.086060122	0.2796698879	-0.1148685901	0.9789645339	-1.074893661	-0.9499889893	0.1535437334	-0.4684122176	0.2803053482	-1.323833438	0.7159552637	-0.8186034097	-0.009818887876	-0.04222598004	-1.166273601	-0.4651999597	-0.6495983461	0.2276943681	0.742864677	-0.8263733101	1.449733094	0.445535086	-0.3598636508	0.06183319978
8850.756744902495	12.41547680329677	78335894.95743702	154.14406425320018	7272.957192278925	-26.894960314160016	723.3388903002423	52895906.32072174	7781.593353859676	16.26785958160599	60553195.12483309	264.6432553668498	7745.117770356321	10900.364559475467	1.021085	43.652939	0.9150591	0.5803189999999999	0.0123178666	0.031286280699999995	0.0561680429	-0.0382563683	-0.0094606383	0.0043850048999999995	-0.0243084668	-0.0033632073999999997	-0.023106062099999998	-0.0088019602	0.0185301351	-0.0259113284	0.0512441011	-0.0356665087	-0.0088877005	0.018598083	0.025354477400000002	0.048073274699999995	-0.0394309693	-0.0235802042	-0.047151972199999996	0.0581014087	0.004614396	-0.0614797299	0.0403965384	-0.131164	0.13888399999999998	0.017203994896	0.019288765456	-0.17285699999999998	-0.11817609999999998	0.013965590611209996	0.029879542448999995	0.26355	0.003280000000000005	0.06945860250000001	1.0758400000000034e-05	-0.011920600000000005	-0.00031900000000000504	1.0176100000000322e-07	0.00014210070436000013	0.00531068	-0.003831980000000001	2.82033220624e-05	1.4684070720400006e-05	-0.0219487	0.008943399999999999	7.998440356000002e-05	0.00048174543169	0.0	0.0	0.0	0.0	0.0	0.0	0.0	0.0	0.0	0.0	0.0	0.0	0.0	0.0	0.0	0.0	0.0	0.0	0.0	0.0	0.0	0.0	0.0	0.0	0.0	0.0	0.0	0.0	0.0	0.0	0.0	0.0	0.0	0.0	0.0	0.0	0.0	0.0	0.0	0.0	0.0	0.0	0.0	0.0	0.0	0.0	0.0	0.0	0.0	0.0	0.0	0.0	0.0	0.0	0.0	0.0	0.0	0.0	0.0	0.0	0.0	0.0	0.0	0.0	0.0	1.0	0.0	0.0	0.0	0.0	0.0	0.0	0.0	0.0	0.0	0.0	0.0	0.0	0.0	0.0	0.0	0.0	0.0	0.0	0.0	0.0	0.0	0.0	0.0	0.0	0.0	0.0	0.0	0.0	0.0	0.0	0.0	0.0	0.0	0.0	0.0	0.0	0.0	-0.4333689912	0.1566256624	0.5833164231	0.985777662	0.4285822926	0.9163886469	1.24214967	-0.01648007848	-0.2666483205	0.6579699326	-0.3309958689	0.1502897118	-0.4286682333	0.1543451094	-0.850773493	-1.831128891	0.7587943814	-0.6973251585	0.8253613932	-1.534650398	0.6991963095	-1.240069708	0.268213169	0.240819034	-0.9706519248	0.6175262229	-0.6183857746	-0.260786106	0.09567994749	-1.590636999	0.9793449287	-0.9552403314	0.2803177377	-0.8032145148
8844.819144491681	-5.937600410814412	78230825.69876656	35.25509863850347	7318.459172934674	45.50198065574932	2070.4302435961854	53559844.66591168	7773.844649085332	-7.748704774344332	60432660.62811265	60.04242567994665	7738.450709805167	10922.61462007152	0.743488	31.785236	0.30078390000000016	0.17230799999999996	0.0123013419	0.016063741399999998	0.045839585499999995	-0.0586984306	0.0048584665	-0.0147349325	-0.0038452809000000003	-0.0076197422	-0.0356350821	-0.0045057883	0.014873498999999997	-0.011125109499999999	0.0495884287	-0.0318398225	-0.0045755539	0.015207143999999999	0.0102322571	0.0463269553	-0.0365637126	-0.0239704089	-0.046575886500000004	0.0586341225	0.0029379315	-0.060820653499999995	0.0423273308	-0.122021	0.009142999999999998	0.014889124440999999	8.359444899999998e-05	-0.0233326	0.14952439999999995	0.02235754619535999	0.00054441022276	0.343298	0.07974799999999999	0.11785351680400001	0.006359743503999997	-0.0116075	0.0003131000000000054	9.803161000000338e-08	0.00013473405625	0.00578795	0.0004772700000000001	3.3500365202500004e-05	2.277866529000001e-07	-0.0214917	0.00045699999999999913	2.0884899999999915e-07	0.00046189316889	0.0	0.0	0.0	0.0	0.0	0.0	0.0	0.0	0.0	0.0	0.0	0.0	0.0	0.0	0.0	0.0	0.0	0.0	0.0	0.0	0.0	0.0	0.0	0.0	0.0	0.0	0.0	0.0	0.0	0.0	0.0	0.0	0.0	0.0	0.0	0.0	0.0	0.0	0.0	0.0	0.0	0.0	0.0	0.0	0.0	0.0	0.0	0.0	0.0	0.0	0.0	0.0	0.0	0.0	0.0	0.0	0.0	0.0	0.0	0.0	0.0	0.0	0.0	0.0	0.0	0.0	0.0	0.0	0.0	0.0	0.0	0.0	0.0	0.0	0.0	0.0	0.0	0.0	0.0	0.0	0.0	0.0	0.0	0.0	0.0	0.0	0.0	0.0	0.0	0.0	0.0	0.0	0.0	0.0	0.0	0.0	0.0	0.0	0.0	0.0	0.0	0.0	0.0	-0.2875576915	0.1759751462	0.4954536853	0.846416461	0.4749464481	0.5446634079	-0.1068702913	0.0596014838	-0.08596831369	0.1781252262	-1.165515193	0.3763331981	-0.1184828958	0.1366201809	-1.023756309	-1.375895552	0.558923686	-1.084982381	0.9412515129	-1.351878229	0.5470923874	-0.649128004	0.4447894507	0.2231050393	-0.9794461885	1.46892797	-0.4003151555	0.1697238339	0.0011769468	-1.235912889	0.100968725	-0.08412979785	0.07483511528	-1.320897254
8821.765087465992	-23.054057025688962	77823539.25843386	531.4895453437186	7333.670174326794	15.211001392120126	231.37456335108035	53782718.22581039	7765.808882976208	-8.03576610912387	60307787.60691218	64.57353696054379	7731.176285900014	10992.652407419768	0.603903	25.817793	0.1929746	0.109356	0.0096272944	0.0268564281	0.047292682999999995	-0.052042661799999994	0.013946986299999999	-0.0260882871	0.0021545233	-0.0344597127	0.0019455110999999998	-0.0022672442	0.019917995900000002	0.010610148500000001	0.0332959211	-0.0259629254	-0.0025010887	0.0202597547	-0.0113566907	0.0323810041	-0.028225603999999998	-0.0243595953	-0.0459918862	0.059144419000000004	0.0012594702	-0.0600969881	0.0441933979	-0.0952472	0.0267738	0.00907202910784	0.0007168363664400001	-0.028242400000000008	-0.004909800000000006	2.4106136040000055e-05	0.0007976331577600003	0.375655	0.032357000000000025	0.14111667902500002	0.0010469754490000016	-0.012969799999999998	-0.0013622999999999984	1.8558612899999958e-06	0.00016821571203999995	0.00543667	-0.0003512799999999998	2.95573806889e-05	1.2339763839999984e-07	-0.0206266	0.0008651000000000006	7.483980100000009e-07	0.00042545662756	0.0	0.0	0.0	0.0	0.0	0.0	0.0	0.0	0.0	0.0	0.0	0.0	0.0	0.0	0.0	0.0	0.0	0.0	0.0	0.0	0.0	0.0	0.0	0.0	0.0	0.0	0.0	0.0	0.0	0.0	0.0	0.0	0.0	0.0	0.0	0.0	0.0	0.0	0.0	0.0	0.0	0.0	0.0	0.0	0.0	0.0	0.0	0.0	0.0	0.0	0.0	0.0	0.0	0.0	0.0	0.0	0.0	0.0	0.0	0.0	0.0	0.0	0.0	0.0	0.0	0.0	0.0	0.0	0.0	0.0	0.0	0.0	0.0	0.0	0.0	0.0	0.0	0.0	0.0	0.0	0.0	0.0	0.0	0.0	0.0	0.0	0.0	0.0	0.0	0.0	0.0	0.0	0.0	0.0	0.0	0.0	0.0	0.0	0.0	0.0	0.0	0.0	0.0	-0.4383411577	0.2853805839	0.4510954314	0.9016155634	0.3768526622	1.066591572	0.7828322133	0.1152106951	-0.303923692	0.2553702591	-0.4701157132	0.07962564188	-0.243119955	-0.06644090053	-0.7402293458	-1.782650678	0.4663706165	-0.9326429519	0.9442162304	-1.38177076	0.7157704307	-0.9807787137	0.4512933526	0.4184109376	-0.7471123308	1.764658022	-0.893797707	0.07645869669	-0.1907591186	-1.684444857	0.121006001	0.9064419636	0.3261685835	-0.8213954198
8784.85866441654	-36.906423049451405	77173741.75377437	1362.084062305078	7334.461727061171	0.7915527343766371	0.626555731299131	53794328.82572513	7749.982392219191	-15.826490757017384	60062227.07970749	250.4778096819566	7715.0510363031335	10784.902092458293	0.643059	27.491753000000006	0.2736063	0.160788	0.013836042199999999	0.0115222846	0.056559589800000004	-0.0396165233	0.01195609	-0.022460280699999998	0.022607719300000002	-0.0022550245999999998	-0.0116786579	0.0051238622	0.019326173000000002	0.0039549074	0.040289509	-0.0094211569	0.0048333245	0.0194283877	-0.0037283839000000004	0.0401728193	-0.0098052663	-0.0247477468	-0.0454000708	0.059632103	-0.0004198472	-0.059309502199999996	0.0459918862	-0.083759	0.011488200000000004	0.007015570081	0.0001319787392400001	-0.16351	-0.13526760000000002	0.01829732360976	0.0267355201	0.352814	-0.022841000000000056	0.12447771859599994	0.0005217112810000027	-0.012368700000000002	0.0006010999999999968	3.613212099999962e-07	0.00015298473969000006	0.00683196	0.0013952899999999993	4.66756774416e-05	1.9468341840999987e-06	-0.0207104	-8.380000000000193e-05	7.022440000000323e-09	0.00042892066816000005	0.0	0.0	0.0	0.0	0.0	0.0	0.0	0.0	0.0	0.0	0.0	0.0	0.0	0.0	0.0	0.0	0.0	0.0	0.0	0.0	0.0	0.0	0.0	0.0	0.0	0.0	0.0	0.0	0.0	0.0	0.0	0.0	0.0	0.0	0.0	0.0	0.0	0.0	0.0	0.0	0.0	0.0	0.0	0.0	0.0	0.0	0.0	0.0	0.0	0.0	0.0	0.0	0.0	0.0	0.0	0.0	0.0	0.0	0.0	0.0	0.0	0.0	0.0	0.0	0.0	0.0	0.0	0.0	0.0	0.0	0.0	0.0	0.0	0.0	0.0	0.0	0.0	0.0	0.0	0.0	0.0	0.0	0.0	0.0	0.0	0.0	0.0	0.0	0.0	0.0	0.0	0.0	0.0	0.0	0.0	0.0	0.0	0.0	0.0	0.0	0.0	0.0	0.0	-0.4309953883	0.2629241661	0.4093624929	0.8070723931	0.4153173338	0.5056042048	0.03586725087	-0.1512420414	-0.3440752294	0.0863822777	-1.19588222	0.2470529121	-0.2240095183	-0.04014966946	-1.174032467	-1.379970648	0.2530094955	-0.9677089669	0.8045282589	-1.446371968	0.4494093628	-0.8705674811	0.5359941299	0.05929816332	-1.011097639	0.9944283436	-0.9048130195	-0.07038099763	-1.38051168	-1.587897214	0.1229190521	0.2950361139	0.1083004405	-0.1073988321
8785.667234284676	0.8085698681352369	77187948.75158335	0.6537852316562344	7346.594233086767	12.13250602559674	147.19770246114118	53972446.82562375	7750.1820756133375	0.19968339414663205	60065322.20515826	0.039873457897919205	7715.9690157516725	10744.8211919269	0.57635	24.639853	0.3698265	0.207782	0.0129586922	0.0164386595	0.052663879000000004	-0.0354052454	0.0184258899	-0.028824958799999998	0.024921467200000002	0.0120348424	0.0192533072	0.002673122	0.0264699742	0.0083915255	0.0405066315	-0.0119391251	0.0021901554	0.0269297847	-0.0078709231	0.0419836985	-0.009550761500000001	-0.0251348471	-0.0448005407	0.0600969881	-0.0020988792	-0.0584590322	0.047720045700000005	-0.0834179	0.00034109999999999696	0.00695854604041	1.1634920999999792e-07	-0.0233836	0.14012639999999998	0.01963540797696	0.0005467927489599999	0.453924	0.10111000000000003	0.20604699777600002	0.010223232100000007	-0.013933	-0.0015642999999999994	2.4470344899999983e-06	0.00019412848900000006	0.00736874	0.0005367800000000006	5.42983291876e-05	2.8813276840000057e-07	-0.0211743	-0.00046389999999999973	2.152032099999997e-07	0.00044835098049	0.0	0.0	0.0	0.0	0.0	0.0	0.0	0.0	0.0	0.0	0.0	0.0	0.0	0.0	0.0	0.0	0.0	0.0	0.0	0.0	0.0	0.0	0.0	0.0	0.0	0.0	0.0	0.0	0.0	0.0	0.0	0.0	0.0	0.0	0.0	0.0	0.0	0.0	0.0	0.0	0.0	0.0	0.0	0.0	0.0	0.0	0.0	0.0	0.0	0.0	0.0	0.0	0.0	0.0	0.0	0.0	0.0	0.0	0.0	0.0	0.0	0.0	0.0	0.0	0.0	0.0	0.0	0.0	0.0	0.0	0.0	0.0	0.0	0.0	0.0	0.0	0.0	0.0	0.0	0.0	0.0	0.0	0.0	0.0	0.0	0.0	0.0	0.0	0.0	0.0	0.0	0.0	0.0	0.0	0.0	0.0	0.0	0.0	0.0	0.0	0.0	0.0	0.0	-0.5729956363	0.3655895406	0.4005629003	0.7476028488	0.3762921255	0.975388709	0.5208920073	-0.06378387521	-0.3543622699	0.328729828	-0.4993809751	0.005053250619	-0.339301785	0.02161946347	-0.8778012334	-1.869374571	0.2130901301	-1.029043275	0.1201790977	-1.413786028	0.3362851269	-0.7396170641	0.4014357968	-0.043840608	-1.029529911	0.8701987624	-1.372932108	-0.0705784523	-1.610525883	-1.568780668	0.3273613292	0.797536661	-0.4758044176	-0.04699707551
8775.029603932913	-10.637630351762711	77001144.54989903	113.15917950074322	7325.320256919049	-21.2739761677185	452.58206198465484	53660316.86642856	7730.630027042595	-19.55204857074205	59762640.6150126	382.282603312656	7698.716865666595	10687.93778927402	0.5229	22.354776	0.2015701	0.116153	0.011843840100000001	0.012668806000000001	0.0554692174	-0.0243482558	0.0029533751000000003	-0.0023678332000000002	0.0285270442	0.0401657755	0.0077469411	0.0107341392	0.0325424673	-0.0060867966	0.042506271100000007	-0.0020824287	0.0100742373	0.0329833454	0.007982067399999999	0.0443866613	0.0038332197	-0.025520879500000003	-0.0441933979	0.0605388965	-0.0037764846000000003	-0.05754648110000001	0.0493752335	-0.07414769999999997	0.009270200000000034	0.0054978814152899964	8.593660804000063e-05	-0.112698	-0.08931440000000003	0.007977062047360003	0.012700839204	0.39459	-0.059334000000000005	0.15570126809999998	0.003520523556	-0.0135021	0.0004308999999999997	1.8567480999999973e-07	0.00018230670441000006	0.00769097	0.0003222299999999997	5.91510195409e-05	1.0383217289999985e-07	-0.0212942	-0.00011989999999999917	1.4376009999999804e-08	0.00045344295364	0.0	0.0	0.0	0.0	0.0	0.0	0.0	0.0	0.0	0.0	0.0	0.0	0.0	0.0	0.0	0.0	0.0	0.0	0.0	0.0	0.0	0.0	0.0	0.0	0.0	0.0	0.0	0.0	0.0	0.0	0.0	0.0	0.0	0.0	0.0	0.0	0.0	0.0	0.0	0.0	0.0	0.0	0.0	0.0	0.0	0.0	0.0	0.0	0.0	0.0	0.0	0.0	0.0	0.0	0.0	0.0	0.0	0.0	0.0	0.0	0.0	0.0	0.0	0.0	0.0	0.0	0.0	0.0	0.0	0.0	0.0	0.0	0.0	0.0	0.0	0.0	0.0	0.0	0.0	0.0	0.0	0.0	0.0	0.0	0.0	0.0	0.0	0.0	0.0	0.0	0.0	0.0	0.0	0.0	0.0	0.0	0.0	0.0	0.0	0.0	0.0	0.0	0.0	-0.5067506948	0.4169702591	0.4113104705	0.8167869325	0.3245694995	0.7010784334	0.08932699427	-0.02688331945	-0.2778267577	0.1764768206	-0.8348154305	0.187284859	-0.2248559588	-0.03468807852	-0.9610468973	-1.535602149	0.2217284848	-0.8983353896	-0.3473041925	-1.410963772	0.2093537804	-0.7450573742	0.588634963	-0.00986476436	-1.107713601	-0.4637701299	-1.296267433	-0.4119296778	-0.9254071062	-1.699816813	0.1267023341	1.332269904	-0.681830538	0.7446526654
8806.072113455795	31.042509522882032	77546906.06738381	963.6373974782215	7327.4779057928845	2.15764887383466	4.6554486627599765	53691932.45988286	7744.124914534366	13.494887491770895	59971470.69191191	182.11198841555458	7710.763184342648	10497.637824345711	0.652887	27.911905	0.1133121	0.0842865	0.012759499799999999	0.0138752445	0.0474426367	-0.0197640424	0.008658079	-0.0236574892	-0.0131353961	0.0389005434	-0.0045547209	0.0049720101	0.025757905499999997	-0.0056394876000000005	0.0427377938	-0.0334553659	0.004683662700000001	0.026185689100000003	0.006088781800000001	0.0414961191	-0.0323099108	-0.0259058278	-0.0435787454	0.060957659299999994	-0.0054515232999999995	-0.0565728181	0.0509549188	-0.06788910000000001	0.0062585999999999605	0.004608929898810001	3.9170073959999515e-05	-0.194914	-0.082216	0.006759470655999999	0.037991467396000005	0.37984	-0.014749999999999984	0.1442784256	0.0002175624999999996	-0.0135021	0.0	0.0	0.00018230670441000006	0.007836819999999998	0.00014584999999999772	6.141574771239996e-05	2.127222249999933e-08	-0.0213501	-5.589999999999762e-05	3.1248099999997337e-09	0.0004558267700099999	0.0	0.0	0.0	0.0	0.0	0.0	0.0	0.0	0.0	0.0	0.0	0.0	0.0	0.0	0.0	0.0	0.0	0.0	0.0	0.0	0.0	0.0	0.0	0.0	0.0	0.0	0.0	0.0	0.0	0.0	0.0	0.0	0.0	0.0	0.0	0.0	0.0	0.0	0.0	0.0	0.0	0.0	0.0	0.0	0.0	0.0	0.0	0.0	0.0	0.0	0.0	0.0	0.0	0.0	0.0	0.0	0.0	0.0	0.0	0.0	0.0	0.0	0.0	0.0	0.0	0.0	0.0	0.0	0.0	0.0	0.0	0.0	0.0	0.0	0.0	0.0	0.0	0.0	0.0	0.0	0.0	0.0	0.0	0.0	0.0	0.0	0.0	0.0	0.0	0.0	0.0	0.0	0.0	0.0	0.0	0.0	0.0	0.0	0.0	0.0	0.0	0.0	0.0	-0.5860071005	0.3946999706	0.3888357343	0.8394943942	0.2655505183	0.589251055	0.3904380884	-0.1429253211	-0.3655315363	0.528902341	-0.4221188017	0.00445560843	-0.4629978131	0.07252371258	-0.9048240083	-2.067104846	0.1480754719	-0.7150006368	-0.8522164705	-1.193289939	-0.2783488999	-0.6629506337	0.5814069478	-0.2427526492	-1.309905071	-0.9347511144	-1.512596495	-0.4130736264	0.3486312218	-1.681585449	0.8045120084	-1.115334284	-0.4308042139	-0.4551056338
8855.888567240385	49.816453784589605	78426762.31537896	2481.6790676721525	7305.412964906084	-22.064940886799373	486.8616163379509	53369058.58781791	7743.203319021214	-0.9215955131521696	59957197.63970115	0.8493382898622108	7708.535867595756	10662.487479575491	0.663742	28.375999	0.3483028	0.208879	0.0085089306	0.0150477826	0.0494684104	-0.0385205176	0.0072304952	-0.0323208092	-0.0056085595	0.0108727735	0.0107446311	0.0043154801000000005	0.0348578855	-0.0029092640999999995	0.0410464011	-0.020395083300000002	0.0041223577	0.0353071421	0.002675003	0.0398115114	-0.023184810099999998	-0.0262896756	-0.042956687800000004	0.061353116299999996	-0.0071228567	-0.055539077199999995	0.0524566858	-0.072897	-0.005007899999999996	0.005313972609000001	2.507906240999996e-05	-0.0112101	0.1837039	0.03374712287521	0.00012566634201000002	0.433108	0.05326799999999998	0.18758253966400001	0.002837479823999998	-0.014385299999999997	-0.0008831999999999973	7.800422399999951e-07	0.00020693685608999995	0.007301659999999998	-0.0005351599999999998	5.331423875559997e-05	2.863962255999998e-07	-0.020642	0.0007080999999999997	5.014056099999996e-07	0.0004260921639999999	0.0	0.0	0.0	0.0	0.0	0.0	0.0	0.0	0.0	0.0	0.0	0.0	0.0	0.0	0.0	0.0	0.0	0.0	0.0	0.0	0.0	0.0	0.0	0.0	0.0	0.0	0.0	0.0	0.0	0.0	0.0	0.0	0.0	0.0	0.0	0.0	0.0	0.0	0.0	0.0	0.0	0.0	0.0	0.0	0.0	0.0	0.0	0.0	0.0	0.0	0.0	0.0	0.0	0.0	0.0	0.0	0.0	0.0	0.0	0.0	0.0	0.0	0.0	0.0	0.0	0.0	0.0	0.0	0.0	0.0	0.0	0.0	0.0	0.0	0.0	0.0	0.0	0.0	0.0	0.0	0.0	0.0	0.0	0.0	0.0	0.0	0.0	0.0	0.0	0.0	0.0	0.0	0.0	0.0	0.0	0.0	0.0	0.0	0.0	0.0	0.0	0.0	0.0	-0.47807855	0.4383090529	0.4676754616	0.8695757209	0.4469792037	0.8667285605	-0.1256088107	0.07621215252	0.02404952112	0.3348746381	-0.8209900064	0.03158868116	-0.03843542861	0.05807494661	-0.724532289	-1.944753691	0.2682107807	-0.8131964457	-0.661859218	-1.103258121	0.04919777744	-0.2520765562	0.5138349974	-0.02970140753	-0.9783829347	0.8227886366	-0.953502669	-0.06265296531	0.2573110779	-1.299294701	0.4036224406	-1.455489331	-0.8247094821	-0.7275872883
8900.111315475338	44.222748234953535	79211981.42785215	1955.6514614520866	7326.919091277427	21.506126371342358	462.5134715001474	53683743.37012563	7769.5647131331225	26.36139411190834	60366135.83156338	694.9230995233555	7734.911936272663	10909.476329117371	0.664234	28.397017	0.3219442	0.190208	0.0022723253	0.034626815899999996	0.055460671600000004	-0.0361780879	0.011205456499999999	-0.018738568400000002	0.015384373500000001	0.032357046699999996	0.0025615249	-0.0097653419	0.0244344867	0.0073266075	0.026228903900000003	-0.007817264	-0.0101333805	0.0246504855	-0.006633038000000001	0.0273816258	-0.0050638794	-0.0266724065	-0.0423273308	0.0617251165	-0.0087893489	-0.0544463561	0.053878238200000005	-0.055951199999999986	0.01694580000000001	0.003130536781439999	0.00028716013764000037	-0.13535899999999998	-0.12414889999999998	0.015412949371209997	0.018322058880999997	0.333818	-0.09929	0.111434457124	0.009858504099999998	-0.012991	0.0013942999999999994	1.9440724899999984e-06	0.00016876608099999996	0.007240769999999999	-6.088999999999921e-05	5.242875019289998e-05	3.707592099999904e-09	-0.020818	-0.00017600000000000254	3.0976000000000886e-08	0.000433389124	0.0	0.0	0.0	0.0	0.0	0.0	0.0	0.0	0.0	0.0	0.0	0.0	0.0	0.0	0.0	0.0	0.0	0.0	0.0	0.0	0.0	0.0	0.0	0.0	0.0	0.0	0.0	0.0	0.0	0.0	0.0	0.0	0.0	0.0	0.0	0.0	0.0	0.0	0.0	0.0	0.0	0.0	0.0	0.0	0.0	0.0	0.0	0.0	0.0	0.0	0.0	0.0	0.0	0.0	0.0	0.0	0.0	0.0	0.0	0.0	0.0	0.0	0.0	0.0	0.0	0.0	0.0	0.0	0.0	0.0	0.0	0.0	0.0	0.0	0.0	0.0	0.0	0.0	0.0	0.0	0.0	0.0	0.0	0.0	0.0	0.0	0.0	0.0	0.0	0.0	0.0	0.0	0.0	0.0	0.0	0.0	0.0	0.0	0.0	0.0	0.0	0.0	0.0	-0.4984233275	0.4250630682	0.4882760152	0.9589097803	0.4643307832	0.9312085634	0.7442827699	0.08928000075	-0.01350991624	0.2917467536	-0.2803883525	-0.08804957746	-0.02245577069	0.1302828687	-0.5530928219	-2.133719545	0.9017362599	-0.7343835622	0.4296748053	-1.28096267	0.4603913153	-0.6411500768	0.4706229813	0.1274380559	-0.7634369093	0.3251028843	-0.6059601019	-0.1216176056	-0.880780629	-1.473101243	0.5512062087	-0.00999930374	-0.5738601127	0.4210636959
8897.473784980284	-2.637530495054307	79165039.75441138	6.956567112341419	7323.493454953457	-3.4256363239692282	11.734984224097412	53633556.38474613	7768.1884786416895	-1.3762344914330242	60344752.23970149	1.8940213754099149	7733.061054199646	11013.655964834717	0.5279050000000001	22.568752	0.10792620000000007	0.06785269999999999	-0.0010493441	0.033131007999999997	0.0565158425	-0.0430493003	-0.0010395775	-0.0225434217	0.0208808393	0.05796688410000001	0.0012986844	-0.0088315483	0.023827176499999998	0.005550699	0.0349162406	0.011699413300000001	-0.0090703456	0.0238652844	-0.003934616	0.0366608523	0.016698596399999998	-0.0270540043	-0.0416907812	0.0620735175	-0.010449867199999999	-0.0532958153	0.055217402199999994	-0.0561489	-0.00019770000000000895	0.00315269897121	3.9085290000003556e-08	-0.120669	0.014689999999999969	0.00021579609999999904	0.014561007561000002	0.369245	0.03542699999999998	0.136341870025	0.001255072328999999	-0.0138156	-0.0008246000000000017	6.799651600000027e-07	0.00019087080336	0.007301099999999999	6.0329999999999926e-05	5.330606120999998e-05	3.639708899999992e-09	-0.0210853	-0.0002672999999999981	7.144928999999898e-08	0.0004445898760899999	0.0	0.0	0.0	0.0	0.0	0.0	0.0	0.0	0.0	0.0	0.0	0.0	0.0	0.0	0.0	0.0	0.0	0.0	0.0	0.0	0.0	0.0	0.0	0.0	0.0	0.0	0.0	0.0	0.0	0.0	0.0	0.0	0.0	0.0	0.0	0.0	0.0	0.0	0.0	0.0	0.0	0.0	0.0	0.0	0.0	0.0	0.0	0.0	0.0	0.0	0.0	0.0	0.0	0.0	0.0	0.0	0.0	0.0	0.0	0.0	0.0	0.0	0.0	0.0	0.0	0.0	0.0	0.0	0.0	0.0	0.0	0.0	0.0	0.0	0.0	0.0	0.0	0.0	0.0	0.0	0.0	0.0	0.0	0.0	0.0	0.0	0.0	0.0	0.0	0.0	0.0	0.0	0.0	0.0	0.0	0.0	0.0	0.0	0.0	0.0	0.0	0.0	0.0	-0.5106858967	0.3589770712	0.5211879819	0.8945477788	0.5276956837	0.8180143207	0.2494267196	0.006924418382	0.1232311653	0.06820373799	-0.6746001996	0.03060865777	0.1345740974	0.3443319069	-0.7372973543	-1.811895923	0.5965008791	-0.6816371669	1.349187532	-1.413650356	0.4729787315	-0.3321378856	0.6586939556	0.1109816896	-0.5501067441	-0.7071740361	-0.3850364643	0.1020769366	-0.8997301823	-1.331326373	0.3129079539	0.7348367811	-0.4790022489	0.8166700292
8902.060796807516	4.587011827232344	79246686.43005727	21.040677503169423	7359.195394832529	35.70193987907169	1274.6285111288496	54157756.85932431	7777.589159258916	9.4006806172265	60490893.13022181	88.372796067098	7742.82900441978	11270.492178090677	0.5856859999999999	25.03896	0.2380869000000001	0.17333900000000002	-0.0042530146000000005	0.04440175389999999	0.053296202800000005	-0.050052334299999994	0.0097240461	-0.0189376915	0.009479151199999999	0.0299805283	0.0150411245	-0.0152221252	0.0244050071	0.0015451809	0.0274911558	0.000548313	-0.015443121499999999	0.0243636679	-0.000227333	0.0288591076	0.0052344609000000005	-0.0274344528	-0.0410471473	0.0623981861	-0.012103283000000001	-0.05208867650000002	0.0564721299	-0.06566849999999999	-0.009519599999999991	0.0043123518922499994	9.06227841599998e-05	0.0485463	0.16921529999999999	0.028633817754090005	0.00235674324369	0.40563	0.036385	0.1645356969	0.001323868225	-0.0136095	0.00020610000000000075	4.2477210000000296e-08	0.00018521849025	0.00739044	8.934000000000112e-05	5.46186033936e-05	7.9816356000002e-09	-0.020921400000000003	0.0001638999999999946	2.686320999999823e-08	0.00043770497796000017	0.0	0.0	0.0	0.0	0.0	0.0	0.0	0.0	0.0	0.0	0.0	0.0	0.0	0.0	0.0	0.0	0.0	0.0	0.0	0.0	0.0	0.0	0.0	0.0	0.0	0.0	0.0	0.0	0.0	0.0	0.0	0.0	0.0	0.0	0.0	0.0	0.0	0.0	0.0	0.0	0.0	0.0	0.0	0.0	0.0	0.0	0.0	0.0	0.0	0.0	0.0	0.0	0.0	0.0	0.0	0.0	0.0	0.0	0.0	0.0	0.0	0.0	0.0	0.0	0.0	0.0	0.0	0.0	0.0	0.0	0.0	0.0	0.0	0.0	0.0	0.0	0.0	0.0	0.0	0.0	0.0	0.0	0.0	0.0	0.0	0.0	0.0	0.0	0.0	0.0	0.0	0.0	0.0	0.0	0.0	0.0	0.0	0.0	0.0	0.0	0.0	0.0	0.0	-0.4799182958	0.3529957432	0.4789004942	0.8827466852	0.4757246231	1.268008652	0.8253955709	0.1686591122	0.05889391361	0.2852954994	-0.2596692863	-0.07078654955	0.2904253932	0.3316182877	-0.5774804435	-1.734037088	0.5574415004	-0.8860407533	2.155155767	-1.335960512	0.9271898671	-0.4470893305	0.581802794	0.3561346558	-0.2681355734	-0.0568543287	-0.6136997311	0.4108616701	-0.4800297998	-1.290273637	0.4375840549	1.941042692	-0.3039351166	0.8562134806
8855.550424064813	-46.51037274270311	78420773.31315449	2163.2147726651806	7364.40480229804	5.209407465511504	27.13792614172699	54234458.09211044	7770.956398191499	-6.632761067417049	60387763.34259339	43.99351937744336	7736.913240103425	11164.921418271353	0.564516	24.133902	0.29804980000000003	0.181223	-0.0052599053	0.0385081723	0.0572548626	-0.0414836188	0.00998285	-0.0029192982	0.0052478739	0.0316543264	-0.0029966109999999997	-0.0128769256	0.018585086599999998	-0.0031171159999999996	0.0240244287	0.011537127	-0.0129439999	0.018412518899999997	0.0041684966	0.0252078821	0.0141393971	-0.027813735899999997	-0.0403965384	0.0626989983	-0.0137484725	-0.050826221799999995	0.0576405028	-0.0557265	0.009941999999999993	0.00310544280225	9.884336399999984e-05	-0.109427	-0.15797329999999998	0.024955563512889998	0.011974268329	0.348593	-0.057037	0.121517079649	0.003253219369000001	-0.012759800000000005	0.0008496999999999949	7.219900899999912e-07	0.00016281249604000014	0.007425089999999999	3.464999999999892e-05	5.513196150809998e-05	1.2006224999999248e-09	-0.0203438	0.0005776000000000045	3.336217600000052e-07	0.00041387019844	0.0	0.0	0.0	0.0	0.0	0.0	0.0	0.0	0.0	0.0	0.0	0.0	0.0	0.0	0.0	0.0	0.0	0.0	0.0	0.0	0.0	0.0	0.0	0.0	0.0	0.0	0.0	0.0	0.0	0.0	0.0	0.0	0.0	0.0	0.0	0.0	0.0	0.0	0.0	0.0	0.0	0.0	0.0	0.0	0.0	0.0	0.0	0.0	0.0	0.0	0.0	0.0	0.0	0.0	0.0	0.0	0.0	0.0	0.0	0.0	0.0	0.0	0.0	0.0	0.0	0.0	0.0	0.0	0.0	0.0	0.0	0.0	0.0	0.0	0.0	0.0	0.0	0.0	0.0	0.0	0.0	0.0	0.0	0.0	0.0	0.0	0.0	0.0	0.0	0.0	0.0	0.0	0.0	0.0	0.0	0.0	0.0	0.0	0.0	0.0	0.0	0.0	0.0	-0.3996762402	0.2783464371	0.4588280106	0.8736253818	0.4276765441	0.8606827784	0.5613885933	0.07665549125	0.007741560826	0.09983378221	-0.5330433707	0.1315791048	0.1776352672	0.1551930997	-0.7535146743	-1.426764341	0.4965429245	-0.8778457605	1.997686641	-1.330451865	0.8573772412	-0.6359229895	0.6962018818	0.346719332	-0.334327703	-0.7793387159	-0.7826451567	0.2180209611	0.4184061865	-1.473441838	0.5208208927	1.686146675	0.07009556771	0.3461946878
8855.849707587244	0.29928352243041445	78426074.04337308	0.0895706267983564	7373.05315564744	8.648353349399258	74.79401565606538	54361912.83600267	7779.740167403211	8.783769211711842	60524357.07230694	77.15460156461687	7745.454781882498	11041.415231890938	0.48817	20.870033	0.11153599999999997	0.0594886	-0.0038373382	0.0385996459	0.053533967300000006	-0.0371598001	0.013850339199999999	-0.014232431200000001	-0.0047764684	0.046770394400000005	-0.007359930600000002	-0.017719846100000002	0.0193802811	-0.0060789366	0.0321519397	0.0035582763	-0.017836303600000002	0.019216985500000002	0.006889281800000001	0.0320887407	0.0048430573	-0.0281918373	-0.0397390651	0.062975839	-0.0153843175	-0.049509791799999994	0.05872073410000001	-0.0625505	-0.006823999999999997	0.003912565050249999	4.656697599999996e-05	-0.0756465	0.033780499999999984	0.0011411221802499994	0.005722392962250001	0.392621	0.04402800000000001	0.154151249641	0.0019384647840000012	-0.0126436	0.00011620000000000381	1.3502440000000885e-08	0.00015986062096000006	0.00700322	-0.0004218699999999986	4.90450903684e-05	1.7797429689999891e-07	-0.0203438	0.0	0.0	0.00041387019844	0.0	0.0	0.0	0.0	0.0	0.0	0.0	0.0	0.0	0.0	0.0	0.0	0.0	0.0	0.0	0.0	0.0	0.0	0.0	0.0	0.0	0.0	0.0	0.0	0.0	0.0	0.0	0.0	0.0	0.0	0.0	0.0	0.0	0.0	0.0	0.0	0.0	0.0	0.0	0.0	0.0	0.0	0.0	0.0	0.0	0.0	0.0	0.0	0.0	0.0	0.0	0.0	0.0	0.0	0.0	0.0	0.0	0.0	0.0	0.0	0.0	0.0	0.0	0.0	0.0	0.0	0.0	0.0	0.0	0.0	0.0	0.0	0.0	0.0	0.0	0.0	0.0	0.0	0.0	0.0	0.0	0.0	0.0	0.0	0.0	0.0	0.0	0.0	0.0	0.0	0.0	0.0	0.0	0.0	0.0	0.0	0.0	0.0	0.0	0.0	0.0	0.0	0.0	-0.5164502365	0.2917468354	0.3877870433	0.821039305	0.4294146541	0.9161901253	0.7243552715	0.006623527332	0.00650872214	0.3558027349	-0.2923946721	0.008872199084	-0.09987078088	0.2418951196	-0.7391993247	-1.740615095	0.5534016076	-0.8452598523	1.450282384	-1.403658286	0.4814625669	-0.4553200099	0.63355023	0.06985565686	-0.6530685671	-1.442620636	-0.967153623	0.1159899925	0.5778508159	-1.592877676	0.6235589157	0.9966296074	-0.3658995406	-0.3014176526
8835.726189655226	-20.12351793201742	78070057.29855926	404.9559739602267	7375.603369140625	2.550213493184856	6.503588860822106	54399525.05887853	7765.07100924736	-14.669158155850711	60296327.77865382	215.1842010013614	7730.674229427141	10959.348018822666	0.5316270000000001	22.727861	0.2147535	0.134331	-0.002836999	0.0312919942	0.0509889913	-0.0400427478	0.0168412526	-0.0203772825	-0.006967438100000001	0.0290050182	-0.0066130958	-0.0115637929	0.0239261629	-0.0047641053	0.031260218799999996	-0.0199496766	-0.011563676299999999	0.0240038729	0.0053223297	0.0302582242	-0.0189736723	-0.0285687411	-0.0390748391	0.0632286023	-0.0170097061	-0.0481407845	0.059711172	-0.077528	-0.014977500000000003	0.006010590784	0.0002243255062500001	0.0456695	0.121316	0.014717571856000004	0.00208570323025	0.423686	0.031064999999999957	0.17950982659599996	0.0009650342249999973	-0.0132832	-0.0006395999999999989	4.0908815999999853e-07	0.00017644340224	0.00707882	7.560000000000032e-05	5.0109692592400014e-05	5.715360000000048e-09	-0.0201111	0.00023269999999999888	5.414928999999949e-08	0.00040445634321	0.0	0.0	0.0	0.0	0.0	0.0	0.0	0.0	0.0	0.0	0.0	0.0	0.0	0.0	0.0	0.0	0.0	0.0	0.0	0.0	0.0	0.0	0.0	0.0	0.0	0.0	0.0	0.0	0.0	0.0	0.0	0.0	0.0	0.0	0.0	0.0	0.0	0.0	0.0	0.0	0.0	0.0	0.0	0.0	0.0	0.0	0.0	0.0	0.0	0.0	0.0	0.0	0.0	0.0	0.0	0.0	0.0	0.0	0.0	0.0	0.0	0.0	0.0	0.0	0.0	0.0	0.0	0.0	0.0	0.0	0.0	0.0	0.0	0.0	0.0	0.0	0.0	0.0	0.0	0.0	0.0	0.0	0.0	0.0	0.0	0.0	0.0	0.0	0.0	0.0	0.0	0.0	0.0	0.0	0.0	0.0	0.0	0.0	0.0	0.0	0.0	0.0	0.0	-0.4537413095	0.367187579	0.4033221543	0.8260925529	0.3465582258	1.03887947	0.1615054914	0.1851534363	0.008485466477	0.2820205646	-0.4732888126	0.1723363291	0.1477132718	0.1641109593	-0.662307383	-1.540995822	0.07305613907	-0.8942298993	0.707158189	-1.257588569	0.4247043201	-0.4142909273	0.6605844403	0.4014727318	-0.7506195645	-0.4599230945	-1.07483993	0.1653856644	1.331236755	-1.292869045	0.4429803619	0.8221711339	-0.1710501315	-0.1623086876
8840.813739869314	5.087550214087968	78159987.58306205	25.883167180866536	7375.516421313997	-0.08694782662769285	0.007559924555279335	54398242.48107242	7770.930597856727	5.859588609367165	60387362.35670591	34.334778671025425	7735.8791176531	10807.352445941544	0.643874	27.526609000000004	0.3717497000000001	0.227885	-0.0029607187	0.0290012952	0.0589113486	-0.0321989481	0.0316439839	-0.0156266811	-0.0231636904	-0.003084069	-0.0077896489000000005	-0.0164283779	0.0193741554	-0.0059169648	0.0222675669	-0.0292815455	-0.0163579466	0.0192915782	0.0049922049	0.020606231399999998	-0.0318354769	-0.0289444313	-0.0384039733	0.0634571917	-0.0186235337	-0.0467206537	0.0606103021	-0.0607298	0.0167982	0.00368810860804	0.00028217952324	-0.155604	-0.2012735	0.04051102180225	0.024212604816	0.351605	-0.07208099999999995	0.12362607602499999	0.005195670560999993	-0.0123032	0.00098	9.604000000000002e-07	0.00015136873024	0.00697578	-0.00010304000000000041	4.86615066084e-05	1.0617241600000089e-08	-0.0195622	0.000548899999999998	3.012912099999978e-07	0.0003826796688400001	0.0	0.0	0.0	0.0	0.0	0.0	0.0	0.0	0.0	0.0	0.0	0.0	0.0	0.0	0.0	0.0	0.0	0.0	0.0	0.0	0.0	0.0	0.0	0.0	0.0	0.0	0.0	0.0	0.0	0.0	0.0	0.0	0.0	0.0	0.0	0.0	0.0	0.0	0.0	0.0	0.0	0.0	0.0	0.0	0.0	0.0	0.0	0.0	0.0	0.0	0.0	0.0	0.0	0.0	0.0	0.0	0.0	0.0	0.0	0.0	0.0	0.0	0.0	0.0	0.0	0.0	0.0	0.0	0.0	0.0	0.0	0.0	0.0	0.0	0.0	0.0	0.0	0.0	0.0	0.0	0.0	0.0	0.0	0.0	0.0	0.0	0.0	0.0	0.0	0.0	0.0	0.0	0.0	0.0	0.0	0.0	0.0	0.0	0.0	0.0	0.0	0.0	0.0	-0.4400065599	0.3063705212	0.4110660685	0.8160271396	0.3508722369	0.7720468529	0.7002176392	0.1225488263	-0.003775448773	0.3072168631	-0.5529562153	-0.01755065411	-0.1028464893	0.1335395407	-0.6765953868	-1.867673581	0.6213126182	-0.9428771364	0.4211294618	-1.217496036	0.4523013807	-0.6389101076	0.6492568684	0.1393240093	-0.9289383072	0.6050828282	-1.090965925	-0.01130869451	0.5278961854	-1.613449654	0.9889774549	-1.16685927	-0.04481842403	-1.358714221
8835.405270870831	-5.408468998482932	78064386.30053207	29.25153690755096	7348.145693774933	-27.370727539064323	749.1567260176939	53995245.13694309	7749.597707135428	-21.332890721299012	60056264.62243869	455.0922265268853	7715.162121464347	10787.642711925604	0.534431	22.847731	0.32119800000000004	0.178492	-0.0045802869	0.0223841509	0.055224923700000005	-0.0339779906	0.024619831000000002	-0.0327217319	0.0072296662	-0.010892520800000001	0.0134622933	-0.005716946	0.0281639379	0.0013004719	0.0289889406	-0.0135804983	-0.0061460543	0.028526922000000007	-0.0020361893	0.0287396576	-0.0169635548	-0.0293188918	-0.0377265816	0.06366151980000001	-0.020224703400000002	-0.0452509076	0.0614167493	-0.0635698	-0.0028399999999999953	0.004041119472039999	8.065599999999974e-06	-0.0428385	0.1127655	0.012716057990249998	0.00183513708225	0.436157	0.08455199999999996	0.190232928649	0.0071490407039999935	-0.0138409	-0.0015376999999999995	2.3645212899999986e-06	0.00019157051281	0.00741169	0.0004359100000000003	5.4933148656100014e-05	1.9001752810000024e-07	-0.020009400000000004	-0.00044720000000000176	1.999878400000016e-07	0.0004003760883600001	0.0	0.0	0.0	0.0	0.0	0.0	0.0	0.0	0.0	0.0	0.0	0.0	0.0	0.0	0.0	0.0	0.0	0.0	0.0	0.0	0.0	0.0	0.0	0.0	0.0	0.0	0.0	0.0	0.0	0.0	0.0	0.0	0.0	0.0	0.0	0.0	0.0	0.0	0.0	0.0	0.0	0.0	0.0	0.0	0.0	0.0	0.0	0.0	0.0	0.0	0.0	0.0	0.0	0.0	0.0	0.0	0.0	0.0	0.0	0.0	0.0	0.0	0.0	0.0	0.0	0.0	0.0	0.0	0.0	0.0	0.0	0.0	0.0	0.0	0.0	0.0	0.0	0.0	0.0	0.0	0.0	0.0	0.0	0.0	0.0	0.0	0.0	0.0	0.0	0.0	0.0	0.0	0.0	0.0	0.0	0.0	0.0	0.0	0.0	0.0	0.0	0.0	0.0	-0.4925755555	0.3750953296	0.4471543895	0.7564974076	0.4663988999	0.8505087984	-0.1221150743	0.03570957367	0.136923667	-0.01196267339	-0.6671326974	-0.01110660204	0.01325243892	0.198861044	-0.7141295829	-1.798285079	0.2392297607	-0.8459979329	0.2596902063	-1.265729503	0.3147283119	-0.2145969657	0.6218261106	0.2716018458	-0.8624539184	1.191827247	-0.7884690388	0.07673672043	-0.6698580398	-1.41294016	0.3906092603	-0.9866204967	-0.4162220843	-0.8850772972
8863.212498661256	27.807227790424804	78556535.7964251	773.2419173885735	7344.320990379821	-3.8247033951120097	14.628356060581336	53939050.80973363	7756.243339152146	6.645632016718082	60159310.73614204	44.164424901628436	7722.644890078946	10971.92839923792	0.53187	22.738255	0.08971769999999996	0.0447995	-0.0095541277	0.037157323	0.0628572871	-0.027801700699999998	0.025852842799999998	-0.013056499899999999	0.0160268388	0.0030545621000000003	0.015768338	-0.011550686299999998	0.032233187	0.010317014499999999	0.019187698	-0.0146053881	-0.012149528400000002	0.032543663	-0.0097541173	0.0207136177	-0.0117998302	-0.0296921069	-0.0370427793	0.0638415083	-0.0218121268	-0.043733106900000006	0.062129280499999995	-0.0551075	0.008462299999999992	0.0030368365562500003	7.161052128999987e-05	-0.0158966	0.026941900000000005	0.00072586597561	0.00025270189156	0.406573	-0.029583999999999944	0.165301604329	0.0008752130559999965	-0.0136803	0.00016060000000000033	2.5792360000000105e-08	0.00018715060809	0.007552279999999998	0.00014058999999999773	5.703693319839998e-05	1.9765548099999358e-08	-0.0202028	-0.00019339999999999635	3.7403559999998585e-08	0.00040815312783999995	0.0	0.0	0.0	0.0	0.0	0.0	0.0	0.0	0.0	0.0	0.0	0.0	0.0	0.0	0.0	0.0	0.0	0.0	0.0	0.0	0.0	0.0	0.0	0.0	0.0	0.0	0.0	0.0	0.0	0.0	0.0	0.0	0.0	0.0	0.0	0.0	0.0	0.0	0.0	0.0	0.0	0.0	0.0	0.0	0.0	0.0	0.0	0.0	0.0	0.0	0.0	0.0	0.0	0.0	0.0	0.0	0.0	0.0	0.0	0.0	0.0	0.0	0.0	0.0	0.0	0.0	0.0	0.0	0.0	0.0	0.0	0.0	0.0	0.0	0.0	0.0	0.0	0.0	0.0	0.0	0.0	0.0	0.0	0.0	0.0	0.0	0.0	0.0	0.0	0.0	0.0	0.0	0.0	0.0	0.0	0.0	0.0	0.0	0.0	0.0	0.0	0.0	0.0	-0.5005469955	0.4497412829	0.4699936021	0.8202914889	0.3903294716	1.037645715	0.5653998019	0.2328395933	0.2132288291	0.09343319183	-0.3792576688	-0.06867439021	0.0271579831	0.2185085829	-0.5085980053	-1.936147218	0.5819332459	-0.8926369555	0.3949507553	-1.260566475	0.592625558	-0.4018914114	0.5615019041	0.2369318051	-0.7035332382	0.7118913669	-0.854918029	-0.02261731658	-0.9320807242	-1.488412841	0.6996646876	0.76306663	-0.4791218015	0.0645738794
8854.25418027157	-8.95831838968661	78397817.08885656	80.2514683709973	7333.361280335772	-10.959710044048734	120.1152442496227	53778187.66792791	7753.207492939509	-3.0358462126368977	60112226.42857336	9.216362226781797	7719.747347939549	10902.1040979995	0.583011	24.924608	0.27141960000000004	0.168107	-0.0115364748	0.031518746800000004	0.0563227961	-0.0296068694	0.012560758200000001	0.0002556032	0.0075003817	0.0415623945	-0.001083067	-0.0111413677	0.0294967927	-0.005808918299999999	0.020873436699999998	-0.0107754674	-0.011599935	0.0294469638	0.0071717541	0.0216931907	-0.005205538	-0.0300640605	-0.0363526824	0.0639970885	-0.023384725099999996	-0.042168863499999994	0.0627468061	-0.0511363	0.003971200000000001	0.0026149211776900004	1.577042944000001e-05	-0.152112	-0.1362154	0.01855463519716	0.023138060543999996	0.35270100000000004	-0.053871999999999975	0.12439799540100005	0.002902192383999997	-0.0124767	0.0012035999999999991	1.4486529599999981e-06	0.00015566804288999998	0.00738836	-0.00016391999999999796	5.45878634896e-05	2.6869766399999332e-08	-0.0203825	-0.00017969999999999792	3.229208999999925e-08	0.00041544630624999984	0.0	0.0	0.0	0.0	0.0	0.0	0.0	0.0	0.0	0.0	0.0	0.0	0.0	0.0	0.0	0.0	0.0	0.0	0.0	0.0	0.0	0.0	0.0	0.0	0.0	0.0	0.0	0.0	0.0	0.0	0.0	0.0	0.0	0.0	0.0	0.0	0.0	0.0	0.0	0.0	0.0	0.0	0.0	0.0	0.0	0.0	0.0	0.0	0.0	0.0	0.0	0.0	0.0	0.0	0.0	0.0	0.0	0.0	0.0	0.0	0.0	0.0	0.0	0.0	0.0	0.0	0.0	0.0	0.0	0.0	0.0	0.0	0.0	0.0	0.0	0.0	0.0	0.0	0.0	0.0	0.0	0.0	0.0	0.0	0.0	0.0	0.0	0.0	0.0	0.0	0.0	0.0	0.0	0.0	0.0	0.0	0.0	0.0	0.0	0.0	0.0	0.0	0.0	-0.4246207945	0.3520208553	0.4911541173	0.8503159874	0.3981739101	0.6922518988	0.1853862105	0.02887600264	0.1639327339	0.1155081881	-0.5279343178	0.04729906818	0.04651326856	0.2806553628	-0.8065301111	-1.698015343	0.295003334	-0.8783551252	0.5115212479	-1.264747922	0.312291855	-0.4133068168	0.668694372	0.05399038306	-0.73266396	-1.082384889	-0.5775598356	0.03876266367	-0.2511460129	-1.417190429	0.8532561201	0.6990356566	-0.4922812335	0.4955526999
8875.841738548597	21.58755827702771	78780566.56776139	466.0226723640676	7339.116966474817	5.755686139044883	33.12792293119339	53862637.84759852	7755.963786755695	2.7562938161854618	60154974.26146574	7.597155601142216	7721.874777577406	10978.005245541986	0.525554	22.468231	0.24509539999999996	0.159281	-0.0124178184	0.0388901911	0.0517066275	-0.0357194749	0.0189339432	-0.0112895269	-0.0193749172	0.03518227	0.015222107700000001	-0.0134249381	0.0317024933	-0.012209106200000002	0.0224631925	-0.0199940041	-0.0135144602	0.0315059483	0.0128740208	0.021473666800000003	-0.0181419999	-0.030434737000000007	-0.035656408199999996	0.064128201	-0.0249414294	-0.0405598385	0.0632683818	-0.0546011	-0.003464799999999997	0.0029812801212099997	1.200483903999998e-05	-0.022540900000000003	0.1295711	0.016788669955209997	0.0005080921728100002	0.419376	0.06667499999999997	0.17587622937600006	0.004445555624999997	-0.0133268	-0.0008500999999999995	7.226700099999991e-07	0.00017760359824	0.007390749999999998	2.3899999999979493e-06	5.462318556249997e-05	5.712099999990197e-12	-0.0204377	-5.520000000000178e-05	3.047040000000196e-09	0.00041769958129	0.0	0.0	0.0	0.0	0.0	0.0	0.0	0.0	0.0	0.0	0.0	0.0	0.0	0.0	0.0	0.0	0.0	0.0	0.0	0.0	0.0	0.0	0.0	0.0	0.0	0.0	0.0	0.0	0.0	0.0	0.0	0.0	0.0	0.0	0.0	0.0	0.0	0.0	0.0	0.0	0.0	0.0	0.0	0.0	0.0	0.0	0.0	0.0	0.0	0.0	0.0	0.0	0.0	0.0	0.0	0.0	0.0	0.0	0.0	0.0	0.0	0.0	0.0	0.0	0.0	0.0	0.0	0.0	0.0	0.0	0.0	0.0	0.0	0.0	0.0	0.0	0.0	0.0	0.0	0.0	0.0	0.0	0.0	0.0	0.0	0.0	0.0	0.0	0.0	0.0	0.0	0.0	0.0	0.0	0.0	0.0	0.0	0.0	0.0	0.0	0.0	0.0	0.0	-0.5041622582	0.3505980495	0.4483393304	0.8435366923	0.34995356	1.1115556	0.5419932753	0.1613160831	0.2903857628	0.4351659438	-0.297369933	-0.02210602323	0.06950768613	0.3822305804	-0.6947061392	-1.933781651	0.5495265469	-0.8395366523	0.69340919	-1.136767216	0.3317229118	-0.251657236	0.5935383201	0.0481589207	-0.5674588315	-1.278688604	-0.7123354017	0.1608821198	0.7835055714	-1.397467844	1.073193734	0.3968570438	-0.5535737524	-0.2674879777
8859.537177520659	-16.30456102793869	78491398.99987072	265.83871031377714	7340.020963368517	0.9039968937004232	0.8172103838200143	53875907.7426893	7747.069157017769	-8.894629737926152	60017080.523616	79.11443817480026	7712.801354370652	11032.492493303069	0.496283	21.216864	0.05689629000000002	0.0320171	-0.012752576100000001	0.0362070586	0.0543770277	-0.0361251077	0.0205658311	-0.016340108500000002	-0.017556616599999998	0.0267469975	0.007777920799999998	-0.009894356600000001	0.034496486	-0.0043360108	0.023945712	-0.022392618	-0.0100558768	0.0345242505	0.0044294999	0.022908016	-0.022897369	-0.030804120499999997	-0.034954075099999996	0.06423479559999999	-0.0264811816	-0.0389077407	0.0636932101	-0.050925800000000014	0.003675299999999993	0.002593437105640001	1.3507830089999944e-05	0.00158359	0.02412449	0.0005819910177601	2.5077572881e-06	0.417701	-0.001674999999999982	0.17447412540100005	2.80562499999994e-06	-0.0135798	-0.0002529999999999997	6.400899999999987e-08	0.00018441096804	0.007436179999999999	4.543000000000082e-05	5.5296772992399975e-05	2.063884900000074e-09	-0.0201877	0.0002500000000000002	6.250000000000013e-08	0.00040754323129	0.0	0.0	0.0	0.0	0.0	0.0	0.0	0.0	0.0	0.0	0.0	0.0	0.0	0.0	0.0	0.0	0.0	0.0	0.0	0.0	0.0	0.0	0.0	0.0	0.0	0.0	0.0	0.0	0.0	0.0	0.0	0.0	0.0	0.0	0.0	0.0	0.0	0.0	0.0	0.0	0.0	0.0	0.0	0.0	0.0	0.0	0.0	0.0	0.0	0.0	0.0	0.0	0.0	0.0	0.0	0.0	0.0	0.0	0.0	0.0	0.0	0.0	0.0	0.0	0.0	0.0	0.0	0.0	0.0	0.0	0.0	0.0	0.0	0.0	0.0	0.0	0.0	0.0	0.0	0.0	0.0	0.0	0.0	0.0	0.0	0.0	0.0	0.0	0.0	0.0	0.0	0.0	0.0	0.0	0.0	0.0	0.0	0.0	0.0	0.0	0.0	0.0	0.0	-0.4663330095	0.406432711	0.4627723389	0.8445682786	0.3716873126	1.139676158	0.1494309429	0.2915085165	0.3389224977	0.06299354206	-0.3897977187	0.1745415783	0.2922442706	0.322761725	-0.6916493598	-1.587825701	0.3668485952	-0.8164456479	0.8732935005	-1.03600542	0.3484374154	-0.4016698336	0.6813244383	0.3915364023	-0.4545175839	-0.09836093575	-0.7304190029	0.2518286731	1.293823675	-1.260345614	0.7820228202	0.2424603999	-0.09131134063	-0.4981209965
8855.550491440457	-3.986686080201253	78420774.50645132	15.893665902070428	7359.699932471742	19.67896910322452	387.26182496566514	54165183.09602456	7759.866845528035	12.797688510266196	60215533.46032522	163.78083120579947	7725.747256146095	10946.56009616832	0.541234	23.138597	0.22738539	0.14993	-0.0142925626	0.035392599	0.055639580999999994	-0.0375652919	0.0363522928	-0.0254970757	-0.030426814500000007	-0.0153874508	0.0059921812	-0.0177652305	0.030487950899999998	-0.0008832558000000002	0.0164221402	-0.0364046493	-0.0180119238	0.0307498995	-8.583629999999999e-05	0.0145582049	-0.0390176269	-0.0311721955	-0.034245802400000004	0.0643168315	-0.028002935299999997	-0.0372143245	0.0640206412	-0.0431645	0.0077613000000000066	0.00186317406025	6.0237777690000084e-05	-0.127276	-0.12885959	0.0166047939349681	0.016199180176	0.386026	-0.031675000000000016	0.14901607267600006	0.0010033056250000004	-0.0124818	0.001098	1.205604e-06	0.00015579533124000002	0.00735239	-8.378999999999852e-05	5.40576387121e-05	7.020764099999752e-09	-0.0201877	0.0	0.0	0.00040754323129	0.0	0.0	0.0	0.0	0.0	0.0	0.0	0.0	0.0	0.0	0.0	0.0	0.0	0.0	0.0	0.0	0.0	0.0	0.0	0.0	0.0	0.0	0.0	0.0	0.0	0.0	0.0	0.0	0.0	0.0	0.0	0.0	0.0	0.0	0.0	0.0	0.0	0.0	0.0	0.0	0.0	0.0	0.0	0.0	0.0	0.0	0.0	0.0	0.0	0.0	0.0	0.0	0.0	0.0	0.0	0.0	0.0	0.0	0.0	0.0	0.0	0.0	0.0	0.0	0.0	0.0	0.0	0.0	0.0	0.0	0.0	0.0	0.0	0.0	0.0	0.0	0.0	0.0	0.0	0.0	0.0	0.0	0.0	0.0	0.0	0.0	0.0	0.0	0.0	0.0	0.0	0.0	0.0	0.0	0.0	0.0	0.0	0.0	0.0	0.0	0.0	0.0	0.0	-0.4275535766	0.3403618494	0.4581007968	0.795918906	0.3894362088	0.9314481942	0.5523127483	0.2367447954	0.2610580511	0.2402396026	-0.5335120686	0.003195530376	0.1103069571	0.471975274	-0.8631433439	-1.738574206	0.5173018158	-0.9339872474	0.955884453	-1.068996518	0.3911246783	-0.6131601339	0.630026818	0.1250134268	-0.6885649783	0.7625208108	-0.7733011253	0.3059351267	0.7064777831	-1.51145609	1.161669023	-1.278839063	0.03064910169	-1.532107055
8842.397552813929	-13.15293862652834	78187994.48200975	172.99979451322116	7341.2520328602905	-18.44789961145125	340.3250000741831	53893981.40997535	7750.778269755365	-9.088575772670085	60074563.78691197	82.6022095755656	7715.227155091991	10962.632324030565	0.530997	22.700922	0.3013005	0.187656	-0.015153583500000001	0.029167174599999998	0.0550285326	-0.0370640574	0.0304586997	-0.031724308799999996	-0.006670761	-0.014538044699999999	0.022732687400000003	-0.012542358500000001	0.0331187876	-0.003758348	0.0199109308	-0.026776914300000003	-0.012608400300000001	0.0332885045	0.0029141559999999998	0.0184971292	-0.0297120902	-0.0315389461	-0.0335317104	0.0643742773	-0.029505656	-0.0354813883	0.0642501747	-0.0525998	-0.009435299999999999	0.0027667389600399997	8.902488609e-05	0.0149612	0.1422372	0.02023142106384	0.00022383750544	0.477694	0.09166799999999993	0.228191557636	0.008403022223999985	-0.013517800000000005	-0.0010360000000000057	1.0732960000000117e-06	0.0001827309168400001	0.00747559	0.00012319999999999953	5.58844458481e-05	1.5178239999999883e-08	-0.0201877	0.0	0.0	0.00040754323129	0.0	0.0	0.0	0.0	0.0	0.0	0.0	0.0	0.0	0.0	0.0	0.0	0.0	0.0	0.0	0.0	0.0	0.0	0.0	0.0	0.0	0.0	0.0	0.0	0.0	0.0	0.0	0.0	0.0	0.0	0.0	0.0	0.0	0.0	0.0	0.0	0.0	0.0	0.0	0.0	0.0	0.0	0.0	0.0	0.0	0.0	0.0	0.0	0.0	0.0	0.0	0.0	0.0	0.0	0.0	0.0	0.0	0.0	0.0	0.0	0.0	0.0	0.0	0.0	0.0	0.0	0.0	0.0	0.0	0.0	0.0	0.0	0.0	0.0	0.0	0.0	0.0	0.0	0.0	0.0	0.0	0.0	0.0	0.0	0.0	0.0	0.0	0.0	0.0	0.0	0.0	0.0	0.0	0.0	0.0	0.0	0.0	0.0	0.0	0.0	0.0	0.0	0.0	-0.4860617997	0.3744302722	0.4848544736	0.7119051158	0.5556261327	1.124681024	0.007015399139	0.2116316465	0.3072052594	0.04257594958	-0.5479842267	0.08760295649	0.1614037147	0.4711967112	-0.9113016388	-1.532438083	0.2287478338	-0.8826977213	0.7484524418	-1.11581705	0.3244886171	-0.2993616669	0.6284473101	0.1117509698	-0.5967543201	1.243273572	-0.5773092098	0.4225580892	0.1262632431	-1.240042785	0.6765552618	-0.506376636	-0.2546735766	-1.323935273
8846.504829967802	4.1072771538729285	78260647.70664364	16.869725618726505	7371.019316717919	29.767283857628176	886.0911882606108	54331925.76742869	7760.100155326402	9.321885571037457	60219154.42069686	86.89755059951632	7726.681076063178	11078.749115084329	0.522345	22.331032	0.07636144000000014	0.037719	-0.020096529	0.0385437495	0.0620550384	-0.030266910600000002	0.0396086064	-0.0174002454	0.0174547227	-0.0190541325	0.0243985457	-0.019241908500000002	0.0324449183	0.0012857093	0.0139645501	-0.0208379801	-0.0195664946	0.032648074900000004	-0.0018057873999999998	0.0142196766	-0.021255219500000002	-0.031904357	-0.0328119206	0.0644071112	-0.030988322599999996	-0.0337107723	0.0643814593	-0.048354400000000006	0.004245399999999996	0.002338147999360001	1.802342115999997e-05	-0.00469234	-0.01965354	0.00038626163453159984	2.20180546756e-05	0.444723	-0.032970999999999966	0.197778546729	0.0010870868409999985	-0.0137598	-0.00024199999999999398	5.856399999999708e-08	0.00018933209604	0.00754472	6.913000000000058e-05	5.6922799878400014e-05	4.77895690000008e-09	-0.020109	7.869999999999752e-05	6.19368999999961e-09	0.0004043718810000001	0.0	0.0	0.0	0.0	0.0	0.0	0.0	0.0	0.0	0.0	0.0	0.0	0.0	0.0	0.0	0.0	0.0	0.0	0.0	0.0	0.0	0.0	0.0	0.0	0.0	0.0	0.0	0.0	0.0	0.0	0.0	0.0	0.0	0.0	0.0	0.0	0.0	0.0	0.0	0.0	0.0	0.0	0.0	0.0	0.0	0.0	0.0	0.0	0.0	0.0	0.0	0.0	0.0	0.0	0.0	0.0	0.0	0.0	0.0	0.0	0.0	0.0	0.0	0.0	0.0	0.0	0.0	0.0	0.0	0.0	0.0	0.0	0.0	0.0	0.0	0.0	0.0	0.0	0.0	0.0	0.0	0.0	0.0	0.0	0.0	0.0	0.0	0.0	0.0	0.0	0.0	0.0	0.0	0.0	0.0	0.0	0.0	0.0	0.0	0.0	0.0	0.0	0.0	-0.5036082007	0.4534066597	0.5076823431	0.7507226591	0.4325162688	1.21562636	0.6184846888	0.3404161553	0.3092320965	0.09267857378	-0.449478232	-0.08717885274	0.1395848865	0.3423931762	-0.7850346729	-1.668850154	0.5455214215	-0.9634254244	0.7514067427	-1.113072554	0.6067973182	-0.5445733246	0.5936850533	0.04603366789	-0.6111240704	1.292077186	-0.7529489354	0.2467049337	-0.3945108011	-1.389061711	0.5885004102	1.260098796	-0.3501523383	-0.3327095012
8821.258040856914	-25.246789110888127	77814593.42338276	637.4003604096595	7340.283771920712	-30.735544797206785	944.673713981105	53879765.85232256	7755.108615876954	-4.9915394494482825	60141709.64404897	24.915466075398463	7721.472557288528	10915.978682358244	0.622364	26.607008	0.2834542600000001	0.180604	-0.0183667747	0.0313374036	0.0638127982	-0.0196108742	0.021206924	-0.0023115131	0.0210905766	0.021114507200000004	0.0106472241	-0.0165689742	0.032000218999999996	-0.00028918490000000004	0.0137879451	0.0047350908	-0.017090563700000002	0.0320152123	0.0014366051000000001	0.0157819041	0.009630499	-0.0322684125	-0.0320865551	0.06441532059999999	-0.0324499271	-0.031904357	0.0644142944	-0.0317943	0.016560100000000008	0.0010108775124899995	0.00027423691201000026	-0.161971	-0.15727866	0.024736576891395603	0.026234604841	0.39488	-0.04984299999999997	0.15593021440000002	0.002484324648999997	-0.0127271	0.0010326999999999992	1.0664692899999984e-06	0.00016197907441	0.00762877	8.404999999999959e-05	5.81981317129e-05	7.0644024999999285e-09	-0.0201877	-7.869999999999752e-05	6.19368999999961e-09	0.00040754323129	0.0	0.0	0.0	0.0	0.0	0.0	0.0	0.0	0.0	0.0	0.0	0.0	0.0	0.0	0.0	0.0	0.0	0.0	0.0	0.0	0.0	0.0	0.0	0.0	0.0	0.0	0.0	0.0	0.0	0.0	0.0	0.0	0.0	0.0	0.0	0.0	0.0	0.0	0.0	0.0	0.0	0.0	0.0	0.0	0.0	0.0	0.0	0.0	0.0	0.0	0.0	0.0	0.0	0.0	0.0	0.0	0.0	0.0	0.0	0.0	0.0	0.0	0.0	0.0	0.0	0.0	0.0	0.0	0.0	0.0	0.0	0.0	0.0	0.0	0.0	0.0	0.0	0.0	0.0	0.0	0.0	0.0	0.0	0.0	0.0	0.0	0.0	0.0	0.0	0.0	0.0	0.0	0.0	0.0	0.0	0.0	0.0	0.0	0.0	0.0	0.0	0.0	0.0	-0.4802983638	0.3850082347	0.4770098979	0.7315246818	0.4447548189	0.8110946683	0.1123672532	-0.01057972283	0.04434457491	0.0458498591	-0.5450248419	0.09545439931	-0.02050180056	0.3740448659	-1.125484248	-1.433180863	0.1100823837	-0.905789433	0.7062052399	-1.249738318	0.3601781928	-0.5269767673	0.6421465376	0.06058796575	-0.7951734687	-0.3563500885	-0.6959648712	0.1520912376	-0.9795718153	-1.405482932	0.6167648971	0.8997873311	-0.4937973736	0.7104899189
8841.655779536432	20.397738679517715	78174876.92380998	416.0677432378931	7353.8960459607715	13.612274040059676	185.2940045416825	54079787.05479747	7765.583473332096	10.474857455142226	60304286.68128858	109.72263870554873	7731.295097544987	10878.427024974608	0.493185	21.084402	0.24992130000000004	0.157067	-0.019881597	0.0348486592	0.059394772	-0.017461996100000002	0.0221643508	-0.0066863138	0.0049454759	0.055846873	0.029752368300000002	-0.0230794298	0.032444887799999995	-0.005229615999999999	0.016732651100000002	-0.0037904901	-0.023509087400000003	0.0323421049	0.0065098523	0.0178153069	0.0010485763	-0.0326310971	-0.0313557373	0.0643989022	-0.033889476200000004	-0.0300640605	0.0643486298	-0.0370331	-0.005238800000000003	0.0013714504956099998	2.744502544000002e-05	-0.049437	0.112534	0.012663901156	0.0024440169690000003	0.464048	0.06916799999999995	0.215340546304	0.004784212223999993	-0.013933100000000002	-0.0012060000000000024	1.4544360000000054e-06	0.00019413127561000005	0.00768238	5.3609999999999936e-05	5.90189624644e-05	2.874032099999994e-09	-0.0201877	0.0	0.0	0.00040754323129	0.0	0.0	0.0	0.0	0.0	0.0	0.0	0.0	0.0	0.0	0.0	0.0	0.0	0.0	0.0	0.0	0.0	0.0	0.0	0.0	0.0	0.0	0.0	0.0	0.0	0.0	0.0	0.0	0.0	0.0	0.0	0.0	0.0	0.0	0.0	0.0	0.0	0.0	0.0	0.0	0.0	0.0	0.0	0.0	0.0	0.0	0.0	0.0	0.0	0.0	0.0	0.0	0.0	0.0	0.0	0.0	0.0	0.0	0.0	0.0	0.0	0.0	0.0	0.0	0.0	0.0	0.0	0.0	0.0	0.0	0.0	0.0	0.0	0.0	0.0	0.0	0.0	0.0	0.0	0.0	0.0	0.0	0.0	0.0	0.0	0.0	0.0	0.0	0.0	0.0	0.0	0.0	0.0	0.0	0.0	0.0	0.0	0.0	0.0	0.0	0.0	0.0	0.0	-0.5818343686	0.4052691694	0.4531854416	0.7222040301	0.4572158359	0.9510805998	0.4653822633	0.06934020839	0.1399026597	0.4515066487	-0.4274294989	-0.002592532668	-0.1530358392	0.2827778648	-1.071554064	-1.786811654	0.3644744181	-0.9279571521	0.287508737	-1.138884766	0.1735916463	-0.283572208	0.5359358651	-0.2991366693	-0.9047112146	-1.042516449	-1.012175403	0.1664975497	-0.3148115243	-1.422941598	0.8787312254	1.32885481	-0.9169380712	0.565135253
8827.849985625828	-13.805793910603823	77930935.36871393	190.59994550206562	7335.525261801861	-18.370784158910283	337.4857106132689	53809930.86653327	7747.987946500483	-17.595526831612915	60031317.21911678	309.60256448201005	7715.043236106451	10910.813469160496	0.475117	20.31196	0.1468454	0.0819928	-0.0192577221	0.0325010558	0.05785868070000001	-0.0171603865	0.0193126274	-0.01671372	0.00021120900000000002	0.0222427994	0.020775145800000002	-0.0151551247	0.0330683213	-0.0046996431	0.0188627832	-0.0167951704	-0.015559803799999999	0.033190862200000004	0.0054825060999999994	0.019630786299999998	-0.0136623466	-0.0329923955	-0.0306195914	0.0643578625	-0.0353059916	-0.0281918373	0.0641845658	-0.055024	-0.017990900000000004	0.003027640576000001	0.0003236724828100001	0.0155785	0.0650155	0.00422701524025	0.00024268966225	0.483693	0.019645000000000083	0.23395891824900006	0.00038592602500000313	-0.0145481	-0.0006149999999999975	3.7822499999999686e-07	0.00021164721361	0.007413500000000002	-0.00026887999999999907	5.495998225000001e-05	7.229645439999952e-08	-0.0201877	0.0	0.0	0.00040754323129	0.0	0.0	0.0	0.0	0.0	0.0	0.0	0.0	0.0	0.0	0.0	0.0	0.0	0.0	0.0	0.0	0.0	0.0	0.0	0.0	0.0	0.0	0.0	0.0	0.0	0.0	0.0	0.0	0.0	0.0	0.0	0.0	0.0	0.0	0.0	0.0	0.0	0.0	0.0	0.0	0.0	0.0	0.0	0.0	0.0	0.0	0.0	0.0	0.0	0.0	0.0	0.0	0.0	0.0	0.0	0.0	0.0	0.0	0.0	0.0	0.0	0.0	0.0	0.0	0.0	0.0	0.0	0.0	0.0	0.0	0.0	0.0	0.0	0.0	0.0	0.0	0.0	0.0	0.0	0.0	0.0	0.0	0.0	0.0	0.0	0.0	0.0	0.0	0.0	0.0	0.0	0.0	0.0	0.0	0.0	0.0	0.0	0.0	0.0	0.0	0.0	0.0	0.0	-0.5542428359	0.4613888152	0.4325462095	0.7365443026	0.4185992477	1.139503796	0.08392235614	0.124736051	0.08724361156	0.286803065	-0.3306031664	0.1795211478	-0.03256417972	0.252092549	-0.98478613	-1.420729826	-0.07182213624	-0.8568047148	0.3391494852	-1.049744258	0.272421285	-0.2882258698	0.6742598491	0.2782952753	-0.7466618203	-0.5258177818	-1.096656633	0.1891933931	0.8072035726	-1.213345968	0.5279563499	1.258112852	-0.4349053534	0.4926681876
8830.02157469744	2.171589071613198	77969281.00962228	4.715799095949873	7351.8864247423535	16.36116294049225	267.68765276533696	54050234.0023109	7761.787994015436	13.800047514952896	60245352.86404217	190.44131141495757	7727.29236759918	10835.873630504078	0.573025	24.497692	0.3105077	0.192853	-0.0203269416	0.0321280252	0.0575202412	-0.020730613300000002	0.0345495449	-0.0102441089	-0.026497614	0.0062889497	0.020553787	-0.0229702036	0.0322680399	-0.0073936963	0.0181516246	-0.0322507388	-0.023069944199999998	0.03208109	0.006938603000000001	0.0164224449	-0.0330465512	-0.033352292400000004	-0.0298782424	0.064292217	-0.0366985103	-0.0262896756	0.06392235339999999	-0.0472853	0.007738700000000001	0.00223589959609	5.988747769000003e-05	-0.143954	-0.1595325	0.02545061855625	0.020722754116	0.429152	-0.054541000000000006	0.184171439104	0.0029747206810000005	-0.0131282	0.0014198999999999982	2.0161160099999952e-06	0.00017234963524000006	0.00727409	-0.0001394100000000004	5.291238532810001e-05	1.9435148100000117e-08	-0.0199731	0.0002145999999999988	4.605315999999949e-08	0.00039892472361	0.0	0.0	0.0	0.0	0.0	0.0	0.0	0.0	0.0	0.0	0.0	0.0	0.0	0.0	0.0	0.0	0.0	0.0	0.0	0.0	0.0	0.0	0.0	0.0	0.0	0.0	0.0	0.0	0.0	0.0	0.0	0.0	0.0	0.0	0.0	0.0	0.0	0.0	0.0	0.0	0.0	0.0	0.0	0.0	0.0	0.0	0.0	0.0	0.0	0.0	0.0	0.0	0.0	0.0	0.0	0.0	0.0	0.0	0.0	0.0	0.0	0.0	0.0	0.0	0.0	0.0	0.0	0.0	0.0	0.0	0.0	0.0	0.0	0.0	0.0	0.0	0.0	0.0	0.0	0.0	0.0	0.0	0.0	0.0	0.0	0.0	0.0	0.0	0.0	0.0	0.0	0.0	0.0	0.0	0.0	0.0	0.0	0.0	0.0	0.0	0.0	0.0	0.0	-0.4608864628	0.3759595317	0.4159130521	0.7470536552	0.4130935549	0.8794022414	0.6382449499	0.1586247748	0.03007360551	0.4801012109	-0.5131366389	0.1844411405	-0.02761293882	0.2627191384	-0.9097622675	-1.708691446	0.4614443017	-1.013252962	0.3650428602	-1.167308153	0.2597786449	-0.6424117798	0.5561161522	-0.006382316747	-0.9038795164	-0.01516147594	-1.305213447	0.13822608	1.343876381	-1.579490979	1.257463193	-0.2696603672	-0.2116738101	-1.040406352
8812.255375486799	-17.7661992106423	77655844.80279598	315.63783439222703	7332.96704517121	-18.919379571143512	357.9429233570023	53772405.68556698	7750.847745764581	-10.940248250854893	60075640.77802389	119.68903179033354	7716.074031204637	10800.334788558665	0.447355	19.125097	0.1613153999999999	0.0928232	-0.0205223867	0.0248319819	0.058418635499999996	-0.0179993261	0.0299005782	-0.0287200673	-0.0221216225	0.000778127	0.011475160900000001	-0.0178554603	0.0308577846	-0.004999164	0.021510646600000002	-0.023978995099999997	-0.0179032808	0.030896344500000002	0.0045034607	0.0194092596	-0.026549715499999998	-0.0337107723	-0.0291318163	0.064201991	-0.038066086	-0.0243595953	0.0635623935	-0.0550424	-0.007757099999999995	0.00302966579776	6.0172600409999936e-05	-0.0754262	0.0685278	0.00469605937284	0.00568911164644	0.46442	0.035267999999999966	0.2156859364	0.0012438318239999975	-0.0138661	-0.0007378999999999997	5.444964099999995e-07	0.00019226872921	0.00731684	4.2749999999999386e-05	5.35361475856e-05	1.8275624999999475e-09	-0.0201877	-0.0002145999999999988	4.605315999999949e-08	0.00040754323129	0.0	0.0	0.0	0.0	0.0	0.0	0.0	0.0	0.0	0.0	0.0	0.0	0.0	0.0	0.0	0.0	0.0	0.0	0.0	0.0	0.0	0.0	0.0	0.0	0.0	0.0	0.0	0.0	0.0	0.0	0.0	0.0	0.0	0.0	0.0	0.0	0.0	0.0	0.0	0.0	0.0	0.0	0.0	0.0	0.0	0.0	0.0	0.0	0.0	0.0	0.0	0.0	0.0	0.0	0.0	0.0	0.0	0.0	0.0	0.0	0.0	0.0	0.0	0.0	0.0	0.0	0.0	0.0	0.0	0.0	0.0	0.0	0.0	0.0	0.0	0.0	0.0	0.0	0.0	0.0	0.0	0.0	0.0	0.0	0.0	0.0	0.0	0.0	0.0	0.0	0.0	0.0	0.0	0.0	0.0	0.0	0.0	0.0	0.0	0.0	0.0	0.0	0.0	-0.4958550485	0.3583858661	0.4314058322	0.6963991806	0.5021120906	0.971304665	-0.01422857654	0.004510240002	-0.04144877893	0.1355566674	-0.5470410132	0.1823035468	-0.0455752962	0.2681782581	-0.9640510428	-1.460011239	0.2008690704	-0.7037512862	0.2274046679	-1.168661442	0.2250216844	-0.3795062944	0.6556452688	0.1608617529	-0.844872793	0.2148392887	-1.090346279	0.1146461142	1.071941713	-1.339147023	0.6888353779	-0.7013415482	-0.207068717	-1.437159628
8830.735533564413	18.480158077614764	77981890.06375717	341.51624257363005	7391.048260887633	58.081215716422776	3373.427619097636	54627594.3947701	7767.916814362076	17.06906859749506	60340531.63484907	291.353102785992	7733.497577209207	10885.967195704932	0.5071760000000001	21.68255	0.14542924	0.0910482	-0.0255605383	0.034791715699999996	0.0653614802	-0.0140407599	0.050262273899999994	-0.0184284533	-0.0152547872	-0.026952285099999997	0.029292231600000006	-0.028022985	0.031114796299999997	0.0013936058999999999	0.012571271200000001	-0.0292926167	-0.0281163451	0.031226444199999998	-0.0021591896	0.0114709205	-0.0310968609	-0.0340678202	-0.028380439900000002	0.0640872188	-0.0394077892	-0.022403646099999997	0.0631052366	-0.054938199999999986	0.00010420000000000568	0.0030182058192399987	1.0857640000001184e-08	0.00148684	0.07691304	0.0059156157220416	2.2106931856e-06	0.458746	-0.0056740000000000115	0.21044789251600002	3.219427600000014e-05	-0.014307	-0.00044089999999999754	1.9439280999999787e-07	0.00020469024899999995	0.00722538	-9.145999999999979e-05	5.22061161444e-05	8.364931599999964e-09	-0.0194653	0.0007224000000000015	5.218617600000021e-07	0.00037889790408999986	0.0	0.0	0.0	0.0	0.0	0.0	0.0	0.0	0.0	0.0	0.0	0.0	0.0	0.0	0.0	0.0	0.0	0.0	0.0	0.0	0.0	0.0	0.0	0.0	0.0	0.0	0.0	0.0	0.0	0.0	0.0	0.0	0.0	0.0	0.0	0.0	0.0	0.0	0.0	0.0	0.0	0.0	0.0	0.0	0.0	0.0	0.0	0.0	0.0	0.0	0.0	0.0	0.0	0.0	0.0	0.0	0.0	0.0	0.0	0.0	0.0	0.0	0.0	0.0	0.0	0.0	0.0	0.0	0.0	0.0	0.0	0.0	0.0	0.0	0.0	0.0	0.0	0.0	0.0	0.0	0.0	0.0	0.0	0.0	0.0	0.0	0.0	0.0	0.0	0.0	0.0	0.0	0.0	0.0	0.0	0.0	0.0	0.0	0.0	0.0	0.0	0.0	0.0	-0.5418832561	0.4625127363	0.4629703487	0.781738273	0.4977995788	1.039447181	0.5079507081	0.2444995011	0.1598775861	0.2660468621	-0.5357812772	0.07806157927	-0.01782185069	0.152470727	-0.7182189172	-1.809408609	0.6213125417	-1.046216968	0.1988366843	-1.280007656	0.2822202726	-0.459495139	0.6121393523	0.1476838709	-0.8763985381	1.264367958	-1.186349144	-0.05650913763	0.8807226583	-1.653394277	0.5999160925	0.2639620858	-0.1941119691	-1.536267328
8804.776345303602	-25.959188260811057	77524086.49081786	673.8794551602307	7345.081532060341	-45.96672882729217	2112.9401590818134	53950222.71261388	7758.6970103224085	-9.219804039667906	60197379.29798588	85.00478652987664	7723.788288995741	10794.796679850595	0.6041850000000001	25.829834	0.29551654000000005	0.186836	-0.0234192076	0.024031854199999998	0.067423843	-0.013143850600000001	0.0369441917	-0.0209713774	0.01895086	-0.0299675075	0.0123576211	-0.0243873358	0.031593211600000004	0.0084198739	0.011404728999999999	-0.014589507199999999	-0.0247217044	0.0316428198	-0.008638908	0.012184836000000001	-0.0146966804	-0.0344234208	-0.027624241	0.0639479444	-0.0407227078	-0.0204239053	0.0625515817	-0.0548745	6.369999999999293e-05	0.0030112107502500004	4.0576899999991e-09	-0.151503	-0.15298984	0.0234058911432256	0.022953159009	0.40089	-0.05785599999999996	0.16071279210000006	0.003347316735999996	-0.012950299999999998	0.0013567000000000006	1.8406348900000016e-06	0.00016771027008999996	0.00709334	-0.00013203999999999996	5.03154723556e-05	1.7434561599999986e-08	-0.0192619	0.00020339999999999597	4.1371559999998346e-08	0.0003710207916100001	0.0	0.0	0.0	0.0	0.0	0.0	0.0	0.0	0.0	0.0	0.0	0.0	0.0	0.0	0.0	0.0	0.0	0.0	0.0	0.0	0.0	0.0	0.0	0.0	0.0	0.0	0.0	0.0	0.0	0.0	0.0	0.0	0.0	0.0	0.0	0.0	0.0	0.0	0.0	0.0	0.0	0.0	0.0	0.0	0.0	0.0	0.0	0.0	0.0	0.0	0.0	0.0	0.0	0.0	0.0	0.0	0.0	0.0	0.0	0.0	0.0	0.0	0.0	0.0	0.0	0.0	0.0	0.0	0.0	0.0	0.0	0.0	0.0	0.0	0.0	0.0	0.0	0.0	0.0	0.0	0.0	0.0	0.0	0.0	0.0	0.0	0.0	0.0	0.0	0.0	0.0	0.0	0.0	0.0	0.0	0.0	0.0	0.0	0.0	0.0	0.0	0.0	0.0	-0.4714496231	0.3686046219	0.4231848671	0.725043728	0.5141694821	0.7810884492	-0.07699136104	-0.05853916564	-0.1073768502	-0.1095738808	-0.5521842353	0.1606784828	-0.1321961603	0.1967564997	-0.946353176	-1.517031602	-0.01251605387	-0.8672736692	0.3153197159	-1.461393695	0.371641223	-0.5522483748	0.6479660807	0.2934277248	-0.9227907363	1.146800134	-0.7618021957	-0.001364005528	-1.053777734	-1.516916756	0.2698305282	-0.2008266268	-0.04523580166	-0.4510145224
8823.807458524047	19.031113220444237	77859578.06510459	362.18327040936754	7361.471847469249	16.390315408908464	268.6424392035022	54191267.76108232	7764.105570958582	5.408560636173206	60281335.31699009	29.25252815516232	7729.998472141864	10825.992211399684	0.5548390000000001	23.720209	0.27982890000000005	0.168899	-0.0268101338	0.033819052599999996	0.0722210006	-0.0083579636	0.0431524138	-0.0144595299	0.014936251299999996	0.0047107191	0.0423919896	-0.027955344	0.034041655	0.0012493447	0.0099702286	-0.0184648661	-0.0284344382	0.0341337154	-0.0010150678	0.011695188700000001	-0.0157983277	-0.0347775591	-0.026863348	0.0637842209	-0.0420099483	-0.0184224751	0.0619022754	-0.0550674	-0.00019289999999999585	0.0030324185427599995	3.72104099999984e-08	-0.010862	0.14064100000000002	0.019779890881	0.00011798304400000001	0.45499	0.054099999999999926	0.2070159001	0.0029268099999999924	-0.0140368	-0.0010865000000000024	1.1804822500000052e-06	0.00019703175424	0.007249239999999999	0.00015589999999999875	5.2551480577599985e-05	2.430480999999961e-08	-0.0197174	-0.0004554999999999977	2.0748024999999773e-07	0.00038877586276	0.0	0.0	0.0	0.0	0.0	0.0	0.0	0.0	0.0	0.0	0.0	0.0	0.0	0.0	0.0	0.0	0.0	0.0	0.0	0.0	0.0	0.0	0.0	0.0	0.0	0.0	0.0	0.0	0.0	0.0	0.0	0.0	0.0	0.0	0.0	0.0	0.0	0.0	0.0	0.0	0.0	0.0	0.0	0.0	0.0	0.0	0.0	0.0	0.0	0.0	0.0	0.0	0.0	0.0	0.0	0.0	0.0	0.0	0.0	0.0	0.0	0.0	0.0	0.0	0.0	0.0	0.0	0.0	0.0	0.0	0.0	0.0	0.0	0.0	0.0	0.0	0.0	0.0	0.0	0.0	0.0	0.0	0.0	0.0	0.0	0.0	0.0	0.0	0.0	0.0	0.0	0.0	0.0	0.0	0.0	0.0	0.0	0.0	0.0	0.0	0.0	0.0	0.0	-0.5625205114	0.409165468	0.4450738679	0.7473015941	0.4964582686	1.006412042	0.5434976144	0.1380011484	0.1584703099	0.3111547987	-0.6550853993	0.005492296168	-0.1118738799	0.2505890402	-0.7829391021	-1.939946541	0.4909243615	-1.08776185	0.09113602857	-1.434411803	0.372886623	-0.3698049635	0.5036184032	-0.1317214481	-0.9782604694	0.6807822386	-1.002830814	-0.01961189081	-1.449693068	-1.592604401	0.8240646733	0.6771307463	-0.7810615493	-0.0697827577
8818.510632153435	-5.296826370611598	77766129.76940317	28.056369600406427	7357.405328499001	-4.066518970247672	16.536576535384178	54131413.1678255	7758.838443032832	-5.267127925749263	60199573.98508415	27.74263658620775	7726.004802038542	10858.256568148105	0.534297	22.842018	0.18977170000000002	0.11182	-0.028136364	0.030270682599999998	0.0731461717	-0.0007549347999999999	0.033063284500000005	0.0094185949	0.030645193799999998	0.0358888265	0.0289193756	-0.0266670123	0.036993817400000004	-0.0023930093	0.0013228078	0.0044166633	-0.0273542462	0.0372504077	0.0036343119	0.0044500178	0.010430151	-0.0351302199	-0.0260978903	0.0635961111	-0.0432686357	-0.016401481000000002	0.0611583107	-0.0505952	0.0044721999999999965	0.00255987426304	2.000057283999996e-05	-0.091742	-0.08088	0.006541574399999999	0.008416594563999999	0.395516	-0.05947399999999998	0.15643290625599998	0.003537156675999997	-0.013469299999999998	0.0005675000000000019	3.220562500000023e-07	0.00018142204248999995	0.00743045	0.0001812100000000011	5.52115872025e-05	3.28370641000004e-08	-0.0198676	-0.00015019999999999964	2.2560039999999885e-08	0.00039472152976	0.0	0.0	0.0	0.0	0.0	0.0	0.0	0.0	0.0	0.0	0.0	0.0	0.0	0.0	0.0	0.0	0.0	0.0	0.0	0.0	0.0	0.0	0.0	0.0	0.0	0.0	0.0	0.0	0.0	0.0	0.0	0.0	0.0	0.0	0.0	0.0	0.0	0.0	0.0	0.0	0.0	0.0	0.0	0.0	0.0	0.0	0.0	0.0	0.0	0.0	0.0	0.0	0.0	0.0	0.0	0.0	0.0	0.0	0.0	0.0	0.0	0.0	0.0	0.0	0.0	0.0	0.0	0.0	0.0	0.0	0.0	0.0	0.0	0.0	0.0	0.0	0.0	0.0	0.0	0.0	0.0	0.0	0.0	0.0	0.0	0.0	0.0	0.0	0.0	0.0	0.0	0.0	0.0	0.0	0.0	0.0	0.0	0.0	0.0	0.0	0.0	0.0	0.0	-0.5364698603	0.4380809582	0.4905283907	0.7966555357	0.471693588	0.9309677092	0.009343954911	0.04300365034	-0.03832267183	0.07264947464	-0.2943568837	0.1485083045	-0.1581286294	0.2375487562	-0.8113762614	-1.488782285	0.2166407785	-0.8290550633	-0.1038782636	-1.362621981	0.4392668185	-0.4932704782	0.6696162926	0.1232056384	-0.85034496	-0.2514250312	-0.6773558175	-0.1554061382	-0.9777764628	-1.323617049	0.2671350058	1.440515219	-0.5756411508	0.7496109007
8843.116246770793	24.605614617357787	78200704.95390154	605.4362706979311	7383.101205898853	25.69587739985127	660.2781153481873	54510183.41654509	7765.356333255127	6.517890222294228	60300758.9824255	42.48289294987869	7731.949091116448	10817.245329712792	0.560976	23.982595	0.06556830000000005	0.0329412	-0.0318776345	0.0368494298	0.0722757253	-0.0012759571000000001	0.040025651	0.0087199334	-0.006327641899999999	0.0430058184	0.034335806600000005	-0.0301630012	0.0343996647	-0.0037329683000000002	0.010341686800000001	-0.0095020412	-0.030570629	0.0344406673	0.0047147771	0.011597156899999999	-0.005598874	-0.0354813883	-0.025327997799999998	0.06338368679999999	-0.0444979145	-0.0143630693	0.060320825099999996	-0.0550535	-0.0044582999999999975	0.00303088786225	1.9876438889999987e-05	-0.118331	-0.026588999999999998	0.0007069749210000001	0.014002225560999998	0.3936	-0.0019159999999999735	0.15492096	3.671055999999898e-06	-0.0132232	0.0002460999999999991	6.056520999999956e-08	0.00017485301823999994	0.007266749999999998	-0.00016370000000000186	5.280565556249997e-05	2.679769000000061e-08	-0.0196253	0.00024230000000000082	5.87092900000004e-08	0.00038515240008999986	0.0	0.0	0.0	0.0	0.0	0.0	0.0	0.0	0.0	0.0	0.0	0.0	0.0	0.0	0.0	0.0	0.0	0.0	0.0	0.0	0.0	0.0	0.0	0.0	0.0	0.0	0.0	0.0	0.0	0.0	0.0	0.0	0.0	0.0	0.0	0.0	0.0	0.0	0.0	0.0	0.0	0.0	0.0	0.0	0.0	0.0	0.0	0.0	0.0	0.0	0.0	0.0	0.0	0.0	0.0	0.0	0.0	0.0	0.0	0.0	0.0	0.0	0.0	0.0	0.0	0.0	0.0	0.0	0.0	0.0	0.0	0.0	0.0	0.0	0.0	0.0	0.0	0.0	0.0	0.0	0.0	0.0	0.0	0.0	0.0	0.0	0.0	0.0	0.0	0.0	0.0	0.0	0.0	0.0	0.0	0.0	0.0	0.0	0.0	0.0	0.0	0.0	0.0	-0.5583163185	0.384126293	0.5061244403	0.8319924519	0.3586214099	0.7082832062	0.595330965	0.1210140658	0.2410687836	0.4668459613	-0.6020780249	0.1202329139	-0.2045275598	0.3437164232	-0.8484859429	-2.012504232	0.6502542404	-0.9266324749	0.04430160619	-1.444519911	0.1215780404	-0.3850627733	0.6502201275	-0.3755870571	-1.154655892	-1.154062987	-0.9634869088	-0.148003426	-0.09390115878	-1.798493856	1.076555346	1.204920218	-0.5807212751	0.2833239133
8813.760173876657	-29.356072894135647	77682368.40261428	861.7790157658059	7321.551725087267	-61.54948081158546	3788.338588175726	53605119.66312834	7742.62062669837	-22.73570655675667	59948174.16897506	516.9123526349481	7708.760129268288	10853.639114803302	0.623235	26.64426	0.30602080000000004	0.17967	-0.0286862621	0.028551776299999998	0.0721448046	-0.0002180747	0.0175497148	-0.005268000300000001	0.0071039621999999985	0.0205989773	0.0236772029	-0.020377151200000002	0.0430616083	0.0007728189	0.008741785699999999	-0.0123475945	-0.020706182	0.0430550041	0.0003949121	0.009223123199999999	-0.008628674499999999	-0.0358310494	-0.0245538015	0.06314702929999999	-0.045696949199999996	-0.0123094045	0.0593910994	-0.0636528	-0.008599299999999997	0.0040516789478400005	7.394796048999997e-05	0.0298115	0.14814249999999998	0.021946200306249997	0.0008887255322500002	0.458166	0.06456599999999996	0.209916083556	0.004168768355999994	-0.0142898	-0.0010666000000000009	1.137635560000002e-06	0.00020419838404	0.00748271	0.000215960000000002	5.59909489441e-05	4.663872160000087e-08	-0.020037	-0.00041170000000000095	1.6949689000000082e-07	0.000401481369	0.0	0.0	0.0	0.0	0.0	0.0	0.0	0.0	0.0	0.0	0.0	0.0	0.0	0.0	0.0	0.0	0.0	0.0	0.0	0.0	0.0	0.0	0.0	0.0	0.0	0.0	0.0	0.0	0.0	0.0	0.0	0.0	0.0	0.0	0.0	0.0	0.0	0.0	0.0	0.0	0.0	0.0	0.0	0.0	0.0	0.0	0.0	0.0	0.0	0.0	0.0	0.0	0.0	0.0	0.0	0.0	0.0	0.0	0.0	0.0	0.0	0.0	0.0	0.0	0.0	0.0	0.0	0.0	0.0	0.0	0.0	0.0	0.0	0.0	0.0	0.0	0.0	0.0	0.0	0.0	0.0	0.0	0.0	0.0	0.0	0.0	0.0	0.0	0.0	0.0	0.0	0.0	0.0	0.0	0.0	0.0	0.0	0.0	0.0	0.0	0.0	0.0	0.0	-0.5793642367	0.4336571875	0.4743729209	0.7984196253	0.3680666194	1.123673164	-0.3127916799	0.01222946204	-0.1124171833	0.2235831101	-0.2306712754	0.2200354958	-0.07062290657	0.4666728222	-0.7855798426	-1.387505012	-0.2093234725	-0.8700816216	0.1044625913	-1.433595635	0.2561511168	-0.2556142539	0.7132202302	0.2420358491	-0.7872311261	-0.8155001205	-0.7453397609	-0.04260162662	0.3366937795	-0.9073002042	0.3452501183	1.493837768	-0.3667130796	0.5368641255
8838.059308534519	24.299134657861945	78111292.34117366	590.4479451209073	7395.0265900307495	73.47486494348232	5398.5557784629655	54686418.26726182	7764.333805236406	21.71317853803612	60284879.43913685	471.46212222463237	7730.514360111915	10830.550681667975	0.727503	31.101864000000006	0.30833350000000004	0.182889	-0.0319831974	0.040637654599999996	0.0752047677	-0.0007291582000000001	0.052410882699999994	0.0078252466	-0.049181325	0.0208880867	0.0362551755	-0.03195135	0.0382970126	-0.010414869200000001	0.0119725425	-0.0374027687	-0.0322157276	0.0380462292	0.0106580741	0.011022535200000001	-0.035032214900000004	-0.0361791883	-0.0237754328	0.062886229	-0.046864924800000006	-0.0102426677	0.0583705553	-0.0552283	0.008424499999999994	0.0030501651208899995	7.09722002499999e-05	-0.107276	-0.1370875	0.01879298265625	0.011508140176	0.393093	-0.06507299999999999	0.154522106649	0.0042344953289999996	-0.0127852	0.0015046	2.2638211600000003e-06	0.00016346133903999999	0.00769238	0.00020967000000000037	5.9172710064400014e-05	4.3961508900000136e-08	-0.0197963	0.00024069999999999994	5.793648999999996e-08	0.00039189349369000005	0.0	0.0	0.0	0.0	0.0	0.0	0.0	0.0	0.0	0.0	0.0	0.0	0.0	0.0	0.0	0.0	0.0	0.0	0.0	0.0	0.0	0.0	0.0	0.0	0.0	0.0	0.0	0.0	0.0	0.0	0.0	0.0	0.0	0.0	0.0	0.0	0.0	0.0	0.0	0.0	0.0	0.0	0.0	0.0	0.0	0.0	0.0	0.0	0.0	0.0	0.0	0.0	0.0	0.0	0.0	0.0	0.0	0.0	0.0	0.0	0.0	0.0	0.0	0.0	0.0	0.0	0.0	0.0	0.0	0.0	0.0	0.0	0.0	0.0	0.0	0.0	0.0	0.0	0.0	0.0	0.0	0.0	0.0	0.0	0.0	0.0	0.0	0.0	0.0	0.0	0.0	0.0	0.0	0.0	0.0	0.0	0.0	0.0	0.0	0.0	0.0	0.0	0.0	-0.5187318767	0.3782833498	0.4756801942	0.8086912289	0.3027343775	0.8689713939	1.055189366	0.3455677438	0.2508920166	0.6816097377	-0.7166177892	0.0966008123	-0.07342439872	0.4238487806	-0.8319209526	-1.957587014	0.8902208595	-1.091572569	0.1098402707	-1.463985254	0.2757085171	-0.622944862	0.713244549	-0.236405193	-1.166840527	-0.5910497356	-1.328305168	-0.2097038149	1.323950054	-1.947232905	1.365297984	0.7030937582	-0.4319473243	-0.5863547262
8786.313498227313	-51.74581030720583	77199304.88913149	2677.628884349329	7308.83080639129	-86.19578363945948	7429.713117220509	53419007.75645436	7742.9671122552245	-21.366692981181586	59953539.70146601	456.5355689520745	7708.707147008174	10697.348902421032	0.84265	36.024555	0.11648079999999995	0.0793717	-0.0275913055	0.0166908485	0.0697935325	-0.0068376597	0.0201893729	-0.023893742599999997	-0.0026546916999999996	0.010113244399999999	0.0025857052	-0.0212257341	0.0427887917	4.29217e-05	0.011207018300000001	-0.0158997854	-0.0214288577	0.0430423221	-0.000554324	0.0099245872	-0.0180270404	-0.0365257903	-0.022993024	0.06260138559999999	-0.0480010475	-0.0081650537	0.0572607532	-0.0552049	2.339999999999981e-05	0.00304758098401	5.475599999999911e-10	-0.08691659999999997	0.020359400000000027	0.00041450516836000114	0.007554495355559993	0.444193	0.051100000000000034	0.19730742124899997	0.002611210000000004	-0.0135805	-0.0007953000000000005	6.325020900000008e-07	0.00018442998025	0.00767272	-1.9660000000000337e-05	5.88706321984e-05	3.8651560000001325e-10	-0.0197113	8.499999999999827e-05	7.2249999999997065e-09	0.00038853534768999997	0.0	0.0	0.0	0.0	0.0	0.0	0.0	0.0	0.0	0.0	0.0	0.0	0.0	0.0	0.0	0.0	0.0	0.0	0.0	0.0	0.0	0.0	0.0	0.0	0.0	0.0	0.0	0.0	0.0	0.0	0.0	0.0	0.0	0.0	0.0	0.0	0.0	0.0	0.0	0.0	0.0	0.0	0.0	0.0	0.0	0.0	0.0	0.0	0.0	0.0	0.0	0.0	0.0	0.0	0.0	0.0	0.0	0.0	0.0	0.0	0.0	0.0	0.0	0.0	0.0	0.0	0.0	0.0	0.0	0.0	0.0	0.0	0.0	0.0	0.0	0.0	0.0	0.0	0.0	0.0	0.0	0.0	0.0	0.0	0.0	0.0	0.0	0.0	0.0	0.0	0.0	0.0	0.0	0.0	0.0	0.0	0.0	0.0	0.0	0.0	0.0	0.0	0.0	-0.5277768023	0.3770525596	0.4338083716	0.6903620102	0.4303367864	0.8100549772	-0.8426164412	-0.123274566	-0.2528885135	-0.02316283914	-0.2030519849	0.2847232048	-0.1530617279	0.4194746478	-0.8946918119	-1.224110472	-0.4440075732	-0.7556725728	-0.08772920685	-1.374306621	0.08781874476	-0.3116868267	0.8111655611	0.5321756422	-0.8325510283	-0.3361762052	-0.7513767402	0.05749951864	1.063418509	-0.7685461308	-0.003319039162	-0.6955122315	-0.1661827558	-1.16833578
8853.354323548103	67.04082532078974	78381882.77828789	4494.472259692642	7418.238531104555	109.40772471326454	11970.050226933477	55030262.90436426	7765.042170450646	22.07505819542166	60295879.90887688	487.30819433125305	7730.767412618626	10849.78103684742	1.205913	51.554634	0.2706081	0.177939	-0.0377954104	0.048812834299999996	0.08231493599999999	0.0022320664	0.0689297029	-0.0080293937	-0.0670188645	-0.0096731442	0.0720192059	-0.035473186000000004	0.04601105690000002	-0.0141046379	0.0031139760999999997	-0.049332073	-0.0355602337	0.0460603138	0.0130752723	0.000637166	-0.051336972	-0.0368708406	-0.022206708199999998	0.062292608	-0.049104545199999995	-0.0060787686	0.0560633903	-0.060176	-0.004971099999999999	0.0036211509759999996	2.471183520999999e-05	0.0689539	0.15587049999999994	0.02429561277024999	0.0047546403252100005	0.454032	0.009838999999999987	0.206145057024	9.680592099999974e-05	-0.014955	-0.0013745000000000007	1.889250250000002e-06	0.00022365202500000006	0.007535069999999999	-0.00013765000000000129	5.6777279904899973e-05	1.8947522500000358e-08	-0.019224900000000003	0.00048639999999999805	2.36584959999998e-07	0.00036959678001000014	0.0	0.0	0.0	0.0	0.0	0.0	0.0	0.0	0.0	0.0	0.0	0.0	0.0	0.0	0.0	0.0	0.0	0.0	0.0	0.0	0.0	0.0	0.0	0.0	0.0	0.0	0.0	0.0	0.0	0.0	0.0	0.0	0.0	0.0	0.0	0.0	0.0	0.0	0.0	0.0	0.0	0.0	0.0	0.0	0.0	0.0	0.0	0.0	0.0	0.0	0.0	0.0	0.0	0.0	0.0	0.0	0.0	0.0	0.0	0.0	0.0	0.0	0.0	0.0	0.0	0.0	0.0	0.0	0.0	0.0	0.0	0.0	0.0	0.0	0.0	0.0	0.0	0.0	0.0	0.0	0.0	0.0	0.0	0.0	0.0	0.0	0.0	0.0	0.0	0.0	0.0	0.0	0.0	0.0	0.0	0.0	0.0	0.0	0.0	0.0	0.0	0.0	0.0	-0.5644942166	0.4677110555	0.5111420129	0.8526543599	0.4159660102	1.032090441	1.740949283	0.6999782193	0.7887562494	0.7705924042	-1.1415705	-0.03073385221	-0.001557274744	0.3115789752	-0.6604475473	-2.521174356	1.397637126	-1.239649957	-0.0929127467	-1.386172112	0.3097491813	-0.3155613972	0.6464788681	-0.6394218444	-1.19739353	0.8089936972	-1.778467105	-0.2640096291	1.238380601	-2.174297097	2.007545761	-0.1168169081	-0.6297324091	-1.810370541
8780.707476384456	-72.64684716364718	77100823.78583388	5277.5644028183115	7189.389557534076	-228.84897357047885	52371.85270426173	51687322.20998001	7755.375327089345	-9.66684336130129	60145846.46402616	93.4478605719348	7717.1027644806845	10677.071330714449	2.968228	126.896255	1.80336145	1.07559	-0.0245781211	-0.015457776999999999	0.0911111426	0.0604947634	-0.0232533454	-0.0165355961	0.11285387890000001	-0.0619481074	-0.034709640800000004	-0.022097328500000003	0.014380119399999999	0.0472129171	-0.0288558798	0.0148068208	-0.021775825	0.014278939499999999	-0.0476565303	-0.0277871638	0.014713417	-0.0372143245	-0.0214166188	0.0619600143	-0.050174667699999995	-0.0039860282	0.0547802975	-0.204921	-0.14474499999999998	0.041992616241	0.020951115024999998	-0.215122	-0.2840759	0.08069911696080999	0.04627747488399999	0.329773	-0.124259	0.108750231529	0.015440299081000003	-0.0152842	-0.0003292	1.0837264e-07	0.00023360676964000006	0.00254027	-0.004994799999999999	6.452971672899998e-06	2.4948027039999992e-05	0.000456731	0.019681631	0.00038736659882016093	2.08603206361e-07	0.0	0.0	0.0	0.0	0.0	0.0	0.0	0.0	0.0	0.0	0.0	0.0	0.0	0.0	0.0	0.0	0.0	0.0	0.0	0.0	0.0	0.0	0.0	0.0	0.0	0.0	0.0	0.0	0.0	0.0	0.0	0.0	0.0	0.0	0.0	0.0	0.0	0.0	0.0	0.0	0.0	0.0	0.0	0.0	0.0	0.0	0.0	0.0	0.0	0.0	0.0	0.0	0.0	0.0	0.0	0.0	0.0	0.0	0.0	0.0	0.0	0.0	0.0	0.0	0.0	0.0	1.0	0.0	0.0	0.0	0.0	0.0	0.0	0.0	0.0	0.0	0.0	0.0	0.0	0.0	0.0	0.0	0.0	0.0	0.0	0.0	0.0	0.0	0.0	0.0	0.0	0.0	0.0	0.0	0.0	0.0	0.0	0.0	0.0	0.0	0.0	0.0	0.0	-0.5658928127	0.5136501931	0.1960812935	0.9197932057	-0.1639679696	0.406487507	-3.300987254	-1.29508108	-2.024272392	-1.264072177	1.897573224	1.134340723	-0.2423442114	0.361188487	-0.3464304948	1.613230951	-0.5157729248	-0.7356323735	-0.8390662712	-1.093718112	-0.3511761951	0.1920318158	3.075638427	3.288400513	-0.00314657476	0.8800729961	1.01139148	-0.8858742648	-0.8335829674	2.541979769	-3.768079634	-0.05006611036	1.517330067	-1.934951761
8668.923536807082	-111.78393957737353	75150235.28700781	12495.649147437896	7278.005636012301	88.61607847822506	7852.809364858943	52969366.03782682	7608.019876504895	-147.3554505844495	57881966.44129356	21713.628816946137	7573.306178983108	10561.977646130821	2.948842	126.067505	2.52659815	1.61095	-0.0248743597	-0.039370296299999996	-0.0334930644	-0.0201970201	-0.0025193433	-0.0503798512	-0.034318137900000004	-0.0526541163	0.0113826628	0.0421052196	0.030053579100000002	-0.022009235800000002	-0.0456710253	-0.0605381177	0.0417490316	0.0297030969	0.022404171400000002	-0.046428379000000006	-0.052244858600000006	-0.0375562275	-0.020622890300000002	0.0616037317	-0.0512106878	-0.0018890548	0.05341343690000002	-0.263301	-0.058380000000000015	0.069327416601	0.003408224400000002	-0.489461	-0.274339	0.075261886921	0.239572070521	0.731684	0.401911	0.535361475856	0.16153245192100002	-0.0103226	0.004961600000000003	2.4617474560000022e-05	0.00010655607076	0.000829876	-0.0017103939999999998	6.886941753760002e-07	2.925447635236e-06	0.0296241	0.029167369	0.0008507354143821609	0.0008775873008099997	0.0	0.0	0.0	0.0	0.0	0.0	0.0	0.0	0.0	0.0	0.0	0.0	0.0	0.0	0.0	0.0	0.0	0.0	0.0	0.0	0.0	0.0	0.0	0.0	0.0	0.0	0.0	0.0	0.0	0.0	0.0	0.0	0.0	0.0	0.0	0.0	0.0	0.0	0.0	0.0	0.0	0.0	0.0	0.0	0.0	0.0	0.0	0.0	0.0	0.0	0.0	0.0	0.0	0.0	0.0	0.0	0.0	0.0	0.0	0.0	0.0	0.0	0.0	0.0	0.0	0.0	0.0	1.0	0.0	0.0	0.0	0.0	0.0	0.0	0.0	0.0	0.0	0.0	0.0	0.0	0.0	0.0	0.0	0.0	0.0	0.0	0.0	0.0	0.0	0.0	0.0	0.0	0.0	0.0	0.0	0.0	0.0	0.0	0.0	0.0	0.0	0.0	0.0	0.3950373596	-0.04354461683	0.2885750577	0.06518120458	-0.7644997474	1.473388015	-0.933742607	0.389086897	-2.188155805	0.07786286148	1.51685173	1.234586498	0.2821839393	0.6266477185	0.5242463574	-0.03652230348	-4.598542848	0.3341151345	-0.4958656013	0.399839687	0.6828101298	0.9778275208	-3.162791495	2.00108414	-0.07461134826	-0.7097476201	1.92274904	1.859678197	-1.690620665	4.170523877	1.68288155	-0.9545706673	-0.9797287176	1.209239434
8922.640733945913	253.71719713883067	79613517.66707087	64372.416123984265	7326.700355302527	48.6947192902262	2371.175686753928	53680538.09639017	7825.16520069213	217.14532418723502	61233210.41812311	47152.09181637938	7786.405565400591	10812.60054249778	2.816229	120.398102	2.5877950000000003	1.42535	-0.052858364000000005	0.0290381593	-0.0203860597	0.1129948421	0.0341535337	0.10830254199999999	-0.2081142463	0.0195541831	0.0508355312	-0.0599478051	-0.0128620755	-0.0823853086	-0.0835566929	-0.065022649	-0.0593425409	-0.0145282201	0.08134708389999999	-0.088181455	-0.060083387599999996	-0.037896535099999996	-0.0198256573	0.0612238964	-0.0522119012	0.0002099247	0.051964898600000003	-0.07613169999999997	0.18716930000000004	0.005796035744889995	0.035032346862490016	-0.73025	-0.240789	0.05797934252099999	0.5332650624999999	-0.035386	-0.76707	0.001252168996	0.5883963849	-0.00794673	0.0023758699999999987	5.644758256899994e-06	6.315051769290001e-05	0.00488025	0.004050374	2.38168400625e-05	1.6405529539876002e-05	0.00819501	-0.02142909	0.0004592058982280999	6.715818890010001e-05	0.0	0.0	0.0	0.0	0.0	0.0	0.0	0.0	0.0	0.0	0.0	0.0	0.0	0.0	0.0	0.0	0.0	0.0	0.0	0.0	0.0	0.0	0.0	0.0	0.0	0.0	0.0	0.0	0.0	0.0	0.0	0.0	0.0	0.0	0.0	0.0	0.0	0.0	0.0	0.0	0.0	0.0	0.0	0.0	0.0	0.0	0.0	0.0	0.0	0.0	0.0	0.0	0.0	0.0	0.0	0.0	0.0	0.0	0.0	0.0	0.0	0.0	0.0	0.0	0.0	0.0	0.0	0.0	1.0	0.0	0.0	0.0	0.0	0.0	0.0	0.0	0.0	0.0	0.0	0.0	0.0	0.0	0.0	0.0	0.0	0.0	0.0	0.0	0.0	0.0	0.0	0.0	0.0	0.0	0.0	0.0	0.0	0.0	0.0	0.0	0.0	0.0	0.0	0.2532056723	-0.3992311557	0.8644499885	0.7982594469	-0.1861151709	-0.05406991087	3.027335819	-1.039392334	-0.6177702807	1.922400596	-0.699999189	-0.8141433693	-0.2826194909	1.095811482	-0.2122174082	0.521712229	1.339433266	0.7752772083	-0.6677342399	0.4204969915	0.9623403481	-0.2099407079	-1.316816766	0.4782730699	-1.587489318	-2.085741684	-0.1063561499	0.5379944824	0.1522955862	1.244012359	2.269675607	-1.251102756	-1.094637012	-1.357734414
8753.777171341462	-168.86356260445064	76628614.76549894	28514.902775467217	7102.950032205785	-223.75032309674225	50064.20708589655	50451899.16001216	7744.353571653686	-80.81162903844415	59975012.24278521	6530.519387847111	7703.918642543889	10493.805084197149	1.728798	73.90876	0.8520485999999999	0.416583	-0.0418389818	-0.025283849900000002	-0.049692144400000006	0.0543230473	-0.0443175412	0.0414122773	-0.1157897308	0.0319788789	-0.034566502799999996	-0.015121570400000001	-0.026869517000000002	-0.0314405204	-0.0743032046	-0.0027876576	-0.0141985931	-0.027831980200000002	0.0299612244	-0.07861879570000001	-0.0056044401	-0.0382352327	-0.0190250555	0.060820653499999995	-0.0531776276	0.0023086813	0.0504368977	0.0333689	0.10950059999999998	0.00111348348721	0.011990381400359995	-0.986914	-0.256664	0.06587640889600001	0.973999243396	0.134221	0.16960699999999998	0.018015276841	0.028766534449000007	-0.00725058	0.0006961500000000004	4.846248225000007e-07	5.257091033640001e-05	0.0046091000000000005	-0.0002711499999999995	2.1243802810000006e-05	7.352232249999974e-08	0.00283677	-0.00535824	2.8710735897600006e-05	8.047264032900001e-06	0.0	0.0	0.0	0.0	0.0	0.0	0.0	0.0	0.0	0.0	0.0	0.0	0.0	0.0	0.0	0.0	0.0	0.0	0.0	0.0	0.0	0.0	0.0	0.0	0.0	0.0	0.0	0.0	0.0	0.0	0.0	0.0	0.0	0.0	0.0	0.0	0.0	0.0	0.0	0.0	0.0	0.0	0.0	0.0	0.0	0.0	0.0	0.0	0.0	0.0	0.0	0.0	0.0	0.0	0.0	0.0	0.0	0.0	0.0	0.0	0.0	0.0	0.0	0.0	0.0	0.0	0.0	0.0	0.0	1.0	0.0	0.0	0.0	0.0	0.0	0.0	0.0	0.0	0.0	0.0	0.0	0.0	0.0	0.0	0.0	0.0	0.0	0.0	0.0	0.0	0.0	0.0	0.0	0.0	0.0	0.0	0.0	0.0	0.0	0.0	0.0	0.0	0.0	0.5786660222	-0.6265406177	0.543682724	0.4280769627	-0.6877002641	-0.6493808887	-0.2030001858	-1.388125671	-1.510119752	0.5327905742	-0.1952594695	-0.2419720837	0.1288144856	1.839087176	-1.185321022	0.7765432454	-0.1759764445	-0.2645811141	-0.1020460428	0.9674562187	0.7273036431	0.492219596	-0.8804632684	1.739849972	-1.426941993	-1.385644563	0.2998785692	1.406814366	0.6983602566	1.792620895	-1.254295978	-1.244709579	-1.100117702	-1.157887897
8820.090622564123	66.31345122266066	77793998.59024358	4397.4738130601945	7304.394808115858	201.44477591007308	40579.99774145956	53354183.5128299	7784.797644190699	40.4440725370132	60603074.36099706	1635.7230033791852	7747.490726186767	10668.840789198997	1.213739	51.889206	0.73811618	0.372027	-0.055974964	-0.0228685248	-0.09548472390000001	0.0171167409	0.0292899837	0.0099976487	-0.09830782460000001	0.027705279300000003	-0.0202440619	-0.0385098844	-0.0152389428	0.0038792933000000003	-0.078135663	0.0150232549	-0.0381565273	-0.0158149416	-0.0052014745	-0.0793969236	0.0121578334	-0.038572306	-0.0182212208	0.060394157300000015	-0.054107210499999996	0.0044049861	0.0488317708	0.00314572	-0.03022318	9.8955543184e-06	0.0009134406093124	-0.690322	0.296592	0.08796681446399998	0.476544463684	0.336158	0.20193699999999998	0.113002200964	0.040778551969	-0.00395328	0.0032973000000000004	1.0872187290000004e-05	1.56284227584e-05	0.0044915	-0.00011760000000000069	2.017357225e-05	1.382976000000016e-08	0.00360915	0.00077238	5.965708644e-07	1.30259637225e-05	0.0	0.0	0.0	0.0	0.0	0.0	0.0	0.0	0.0	0.0	0.0	0.0	0.0	0.0	0.0	0.0	0.0	0.0	0.0	0.0	0.0	0.0	0.0	0.0	0.0	0.0	0.0	0.0	0.0	0.0	0.0	0.0	0.0	0.0	0.0	0.0	0.0	0.0	0.0	0.0	0.0	0.0	0.0	0.0	0.0	0.0	0.0	0.0	0.0	0.0	0.0	0.0	0.0	0.0	0.0	0.0	0.0	0.0	0.0	0.0	0.0	0.0	0.0	0.0	0.0	0.0	0.0	0.0	0.0	0.0	1.0	0.0	0.0	0.0	0.0	0.0	0.0	0.0	0.0	0.0	0.0	0.0	0.0	0.0	0.0	0.0	0.0	0.0	0.0	0.0	0.0	0.0	0.0	0.0	0.0	0.0	0.0	0.0	0.0	0.0	0.0	0.0	0.0	0.4263027662	-0.3639920438	0.4815024432	0.5984895023	-0.258116446	-0.6812364394	0.1416861337	-1.061270986	-0.2757706049	0.7113352062	-0.3559514378	-0.1312659104	0.4604947291	1.032040302	-0.593221125	0.1954024326	0.8547826653	-0.7108188348	0.3559206717	0.8595976788	-0.4634896524	-0.406882618	-1.468220419	1.273792143	-1.389791919	0.3764300054	0.03943122694	1.249743898	1.044340389	0.1194095856	-1.901537113	-0.1523059249	-1.796332227	-1.394885
8785.617976815529	-34.472645748594005	77187083.23454419	1188.3633049080565	7242.116050947473	-62.2787571683848	3878.643594438641	52448244.89539103	7773.206144311513	-11.591499879186811	60422733.76196225	134.3628694491879	7736.006265812438	10675.164890771535	0.946415	40.460674	0.40627708	0.248106	-0.0538468389	-0.0294893939	-0.10142967369999999	0.0157220323	0.0007092471	-0.008016622099999999	0.0016398162	-0.0028888837	-0.0349343528	-0.036046595699999996	-0.0039377307	-0.0010926828999999999	-0.0699693062	0.028938041499999997	-0.0360705665	-0.004596251	0.0006806585000000001	-0.06863502190000001	0.029088396000000002	-0.0389077407	-0.0174142899	0.0599445708	-0.0550000181	0.0064966131000000005	0.047151972199999996	0.0326378	0.02949208	0.00106522598884	0.0008697827827264	-0.464581	0.225741	0.05095899908099999	0.215835505561	0.403577	0.067419	0.16287439492900002	0.0045453215610000005	-0.00465337	-0.0007000900000000004	4.901260081000007e-07	2.1653852356900007e-05	0.00539639	0.0009048900000000002	2.91210250321e-05	8.188259121000005e-07	0.00367667	6.751999999999973e-05	4.558950399999964e-09	1.35179022889e-05	0.0	0.0	0.0	0.0	0.0	0.0	0.0	0.0	0.0	0.0	0.0	0.0	0.0	0.0	0.0	0.0	0.0	0.0	0.0	0.0	0.0	0.0	0.0	0.0	0.0	0.0	0.0	0.0	0.0	0.0	0.0	0.0	0.0	0.0	0.0	0.0	0.0	0.0	0.0	0.0	0.0	0.0	0.0	0.0	0.0	0.0	0.0	0.0	0.0	0.0	0.0	0.0	0.0	0.0	0.0	0.0	0.0	0.0	0.0	0.0	0.0	0.0	0.0	0.0	0.0	0.0	0.0	0.0	0.0	0.0	0.0	0.0	0.0	0.0	0.0	0.0	0.0	0.0	0.0	0.0	0.0	0.0	0.0	0.0	0.0	0.0	0.0	0.0	0.0	0.0	0.0	0.0	0.0	0.0	0.0	0.0	0.0	0.0	0.0	0.0	0.0	0.0	0.0	0.1370119218	-0.2143867564	0.4277986415	0.4470814985	-0.008415558327	-0.4188987436	-0.652661291	-1.011291165	-1.022297252	-0.2189152047	0.06568587777	-0.2568930639	0.1894714012	0.7137062951	-0.8747315346	0.8465312669	-0.8881724341	-0.4606827082	0.711707152	0.7365899814	-0.134836807	-0.7024386845	-1.545729281	1.532183139	-0.8571713845	0.8672718054	0.2300833932	1.551135255	-0.5741531544	0.8981967897	-1.515195238	-0.2715256127	-0.9456805063	-0.3638506799
8851.823951059494	66.2059742439651	78354787.26055051	4383.23102559257	7358.085791015625	115.96974006815162	13448.980611474652	54141426.50794603	7802.092998646556	28.886854335043612	60872655.15952961	834.4503533740277	7765.354933288199	11048.954701312889	0.945243	40.410595	0.41764490000000004	0.243969	-0.06574448570000001	-0.0032504162	-0.1103279953	0.0037728702000000003	0.0438023224	0.0290907866	-0.0190746241	0.0179109742	0.0043418359	-0.0529757282	-0.0016563492000000002	-0.006354339200000001	-0.0780046195	0.0310051934	-0.052959050300000005	-0.0025085818	0.0065934586	-0.07607141440000001	0.0341241515	-0.0392415225	-0.0166043998	0.059472065899999996	-0.055855443600000006	0.0085813409	0.0454000708	0.0169704	-0.0156674	0.00028799447616	0.00024546742276000005	-0.260396	0.20418499999999998	0.041691514225	0.06780607681600001	0.358722	-0.044855000000000034	0.12868147328399998	0.002011971025000003	-0.00268461	0.0019687600000000004	3.876015937600001e-06	7.2071308521e-06	0.00495161	-0.0004447799999999997	2.45184415921e-05	1.9782924839999968e-07	0.00432188	0.0006452100000000003	4.1629594410000033e-07	1.86786467344e-05	0.0	0.0	0.0	0.0	0.0	0.0	0.0	0.0	0.0	0.0	0.0	0.0	0.0	0.0	0.0	0.0	0.0	0.0	0.0	0.0	0.0	0.0	0.0	0.0	0.0	0.0	0.0	0.0	0.0	0.0	0.0	0.0	0.0	0.0	0.0	0.0	0.0	0.0	0.0	0.0	0.0	0.0	0.0	0.0	0.0	0.0	0.0	0.0	0.0	0.0	0.0	0.0	0.0	0.0	0.0	0.0	0.0	0.0	0.0	0.0	0.0	0.0	0.0	0.0	0.0	0.0	0.0	0.0	0.0	0.0	0.0	0.0	0.0	0.0	0.0	0.0	0.0	0.0	0.0	0.0	0.0	0.0	0.0	0.0	0.0	0.0	0.0	0.0	0.0	0.0	0.0	0.0	0.0	0.0	0.0	0.0	0.0	0.0	0.0	0.0	0.0	0.0	0.0	0.2886956689	-0.1491254554	0.5159595125	0.612931194	0.05355911613	-0.2252266817	0.5842491968	-0.3861061177	-0.2763184667	0.2416482766	0.08597391257	-0.5661078983	-0.003438724809	0.1094966557	-0.3460389607	0.8715225822	0.5698339493	-0.112536867	0.6634617995	0.9205855569	0.1497226262	-0.9852225811	-1.217084828	0.2515404698	-0.7225513946	0.318712365	-0.3289413926	1.414346253	-0.7673549106	0.5425773576	-0.4685542973	2.227987204	-1.217168266	-0.07459768791
8786.894687111175	-64.9292639483192	77209518.24238259	4215.8093168705045	7321.157760035739	-36.928030979885996	1363.6794720514195	53599350.94733151	7788.096373280618	-13.996625365938597	60654445.11950671	195.90552163443581	7751.688805649513	10723.809118476704	0.8733479999999999	37.336964	0.3608246	0.263056	-0.0600060272	-0.0386706941	-0.102957264	0.0247224935	0.0193540067	0.0124781404	0.0090321254	0.0407260079	-0.027260639700000002	-0.0450656996	0.0002442686	-0.0148652677	-0.0768181515	0.058685742400000004	-0.0450846244	-0.0006150692	0.0157259181	-0.0738646791	0.0626536563	-0.0395736373	-0.0157916882	0.0589768232	-0.056672905499999995	0.0106569557	0.0435787454	0.0176505	0.0006800999999999996	0.00031154015025	4.6253600999999935e-07	-0.5149600000000001	-0.2545640000000001	0.06480283009600002	0.2651838016000001	0.386709	0.02798700000000004	0.14954385068099998	0.0007832721690000023	-0.00294443	-0.00025982	6.750643240000001e-08	8.6696680249e-06	0.0060413	0.00108969	3.649730569000001e-05	1.1874242960999998e-06	0.00411952	-0.00020236000000000041	4.0949569600000153e-08	1.6970445030399998e-05	0.0	0.0	0.0	0.0	0.0	0.0	0.0	0.0	0.0	0.0	0.0	0.0	0.0	0.0	0.0	0.0	0.0	0.0	0.0	0.0	0.0	0.0	0.0	0.0	0.0	0.0	0.0	0.0	0.0	0.0	0.0	0.0	0.0	0.0	0.0	0.0	0.0	0.0	0.0	0.0	0.0	0.0	0.0	0.0	0.0	0.0	0.0	0.0	0.0	0.0	0.0	0.0	0.0	0.0	0.0	0.0	0.0	0.0	0.0	0.0	0.0	0.0	0.0	0.0	0.0	0.0	0.0	0.0	0.0	0.0	0.0	0.0	0.0	0.0	0.0	0.0	0.0	0.0	0.0	0.0	0.0	0.0	0.0	0.0	0.0	0.0	0.0	0.0	0.0	0.0	0.0	0.0	0.0	0.0	0.0	0.0	0.0	0.0	0.0	0.0	0.0	0.0	0.0	0.2328485341	-0.1605286688	0.4502167424	0.4622974483	0.06965908187	-0.4774789273	-0.5113070237	-1.063439181	-1.12126181	0.03607968462	0.06062195699	-0.3773371935	0.1659400717	0.3746846595	-0.7707398861	0.8794345136	-0.2567517722	-0.1381829426	0.2182539264	1.139124246	-0.3103774836	-0.8004861322	-1.629050878	1.026572028	-0.6086689735	-0.7091275144	-0.4113215634	1.625215448	-0.05690872997	0.7548116649	-1.493773734	2.009319855	-1.293908699	0.02770151041
8768.1837679513	-18.71091915987563	76881046.58856465	350.09849580740087	7339.247591838432	18.08983180269297	327.24201464972197	53864555.21430622	7767.8926684056005	-20.203704875017138	60340156.50786948	408.1896906767912	7730.981497200407	10517.670573721689	0.688604	29.438875	0.4492095	0.243977	-0.056745221	-0.0381807436	-0.10186960710000001	0.0257296853	0.02958353	-0.013179953700000002	-0.022169509700000003	0.0559401346	-0.021547074500000003	-0.0349373436	0.006266417	-0.007817084399999999	-0.0584944591	0.0138727018	-0.0346734475	0.005463063000000001	0.0083181214	-0.0578406766	0.0184418605	-0.0399040709	-0.0149762932	0.0584590322	-0.057451848300000004	0.012721253200000001	0.0416907812	-0.0484355	-0.066086	0.00234599766025	0.0043673593960000005	-0.593284	-0.07832399999999995	0.006134648975999992	0.35198590465600005	0.512687	0.12597799999999998	0.262847959969	0.015870456483999994	-0.00554194	-0.0025975100000000004	6.7470582001000026e-06	3.071309896360001e-05	0.00645166	0.00041035999999999937	4.1623916755599986e-05	1.683953295999995e-07	0.00355096	-0.0005685599999999996	3.232604735999996e-07	1.26093169216e-05	0.0	0.0	0.0	0.0	0.0	0.0	0.0	0.0	0.0	0.0	0.0	0.0	0.0	0.0	0.0	0.0	0.0	0.0	0.0	0.0	0.0	0.0	0.0	0.0	0.0	0.0	0.0	0.0	0.0	0.0	0.0	0.0	0.0	0.0	0.0	0.0	0.0	0.0	0.0	0.0	0.0	0.0	0.0	0.0	0.0	0.0	0.0	0.0	0.0	0.0	0.0	0.0	0.0	0.0	0.0	0.0	0.0	0.0	0.0	0.0	0.0	0.0	0.0	0.0	0.0	0.0	0.0	0.0	0.0	0.0	0.0	0.0	0.0	0.0	0.0	0.0	0.0	0.0	0.0	0.0	0.0	0.0	0.0	0.0	0.0	0.0	0.0	0.0	0.0	0.0	0.0	0.0	0.0	0.0	0.0	0.0	0.0	0.0	0.0	0.0	0.0	0.0	0.0	-0.005070010215	-0.1238566351	0.4162131519	0.3768436033	-0.02288575744	-0.5882327233	-0.2270976824	-1.143685525	-0.8548297887	0.5780413991	-0.2634218242	-0.04304603773	0.3224558371	0.3212036828	-0.6161669551	0.5416221676	-0.2781953764	-0.3621659511	-0.0640194409	0.8497878992	-0.9999113389	-0.696845221	-1.42095636	0.8570023411	-1.123373084	-1.051241938	-0.9889222396	1.283645899	0.4743700301	-0.03020311863	-1.081701508	1.418143285	-1.194236632	-0.8366160036
8717.769366162996	-50.414401788302705	75999502.72160998	2541.61190767242	7301.770283930352	-37.47730790807964	1404.5486080370083	53315849.27928834	7741.056877105453	-26.835791300147317	59923961.57458163	720.1596947050625	7704.597526690712	10432.331153328592	0.571058	24.413593	0.16850799999999996	0.0807977	-0.053690597699999995	-0.050302972599999995	-0.0995029844	0.0313953019	0.022970874900000004	-0.029149805499999997	-0.0090357022	0.0222059665	-0.0229237283	-0.022345905699999998	0.007803014899999999	0.0038806625	-0.056218268499999995	0.0067131026000000005	-0.0223019634	0.0073816866	-0.0037585554	-0.0564823604	0.0084719719	-0.0402328093	-0.0141583533	0.0579188907	-0.0581917426	0.0147720414	0.0397390651	-0.07917649999999997	-0.03074099999999997	0.006268918152249996	0.0009450090809999983	-0.546103	0.04718100000000003	0.0022260467610000032	0.29822848660900003	0.543773	0.03108599999999995	0.2956890755289999	0.0009663393959999967	-0.00609559	-0.0005536499999999993	3.0652832249999924e-07	3.71562174481e-05	0.00668809	0.0002364300000000001	4.47305478481e-05	5.589914490000007e-08	0.00315104	-0.00039992000000000017	1.5993600640000017e-07	9.9290530816e-06	0.0	0.0	0.0	0.0	0.0	0.0	0.0	0.0	0.0	0.0	0.0	0.0	0.0	0.0	0.0	0.0	0.0	0.0	0.0	0.0	0.0	0.0	0.0	0.0	0.0	0.0	0.0	0.0	0.0	0.0	0.0	0.0	0.0	0.0	0.0	0.0	0.0	0.0	0.0	0.0	0.0	0.0	0.0	0.0	0.0	0.0	0.0	0.0	0.0	0.0	0.0	0.0	0.0	0.0	0.0	0.0	0.0	0.0	0.0	0.0	0.0	0.0	0.0	0.0	0.0	0.0	0.0	0.0	0.0	0.0	0.0	0.0	0.0	0.0	0.0	0.0	0.0	0.0	0.0	0.0	0.0	0.0	0.0	0.0	0.0	0.0	0.0	0.0	0.0	0.0	0.0	0.0	0.0	0.0	0.0	0.0	0.0	0.0	0.0	0.0	0.0	0.0	0.0	-0.0361106442	-0.03568273728	0.3543133578	0.3244326769	-0.2053094105	-0.4267961461	-1.01869268	-1.179927835	-1.245550998	0.2018393635	0.1865072776	0.3007074216	0.36526508	0.2959130891	-0.4303025957	0.6520875064	-1.090396786	-0.5064005851	-0.4841351375	0.7997430572	-1.039572402	-0.5828522014	-1.723838852	1.279918222	-1.071938033	-0.4523823738	-0.8750350483	1.329413342	0.7978194555	0.2798240578	-1.471407273	1.884067471	-1.085081301	-0.7869601251
8708.700203153518	-9.069163009478869	75841459.22840612	82.24971769249984	7297.670095370679	-4.10018855967337	16.811546224876384	53255988.82086749	7744.558780548766	3.5019034433125853	59978190.70537498	12.263327726284542	7707.824411216689	10406.737582952612	0.5784020000000001	24.727581	0.16026109999999996	0.074599	-0.0541435199	-0.0394281346	-0.0947716184	0.0394250865	0.029534874300000007	-0.0055557517	-0.0274622293	0.0079506038	0.0027441377	-0.025252981	0.0124538024	-0.0123725272	-0.053395827800000004	0.0043386668	-0.025171905	0.011529983600000002	0.012323698700000002	-0.0541727551	0.0063901573	-0.0405598385	-0.0133380076	0.0573566053	-0.0588920853	0.0168071422	0.0377265816	-0.0956821	-0.016505600000000037	0.009155064260410002	0.00027243483136000124	-0.585697	-0.03959400000000002	0.0015676848360000016	0.343040975809	0.524835	-0.0189379999999999	0.275451777225	0.00035864784399999616	-0.0069876	-0.0008920100000000004	7.956818401000006e-07	4.8826553759999996e-05	0.00686275	0.0001746600000000001	4.70973375625e-05	3.050611560000003e-08	0.00251324	-0.0006377999999999999	4.0678884000000003e-07	6.3163752976e-06	0.0	0.0	0.0	0.0	0.0	0.0	0.0	0.0	0.0	0.0	0.0	0.0	0.0	0.0	0.0	0.0	0.0	0.0	0.0	0.0	0.0	0.0	0.0	0.0	0.0	0.0	0.0	0.0	0.0	0.0	0.0	0.0	0.0	0.0	0.0	0.0	0.0	0.0	0.0	0.0	0.0	0.0	0.0	0.0	0.0	0.0	0.0	0.0	0.0	0.0	0.0	0.0	0.0	0.0	0.0	0.0	0.0	0.0	0.0	0.0	0.0	0.0	0.0	0.0	0.0	0.0	0.0	0.0	0.0	0.0	0.0	0.0	0.0	0.0	0.0	0.0	0.0	0.0	0.0	0.0	0.0	0.0	0.0	0.0	0.0	0.0	0.0	0.0	0.0	0.0	0.0	0.0	0.0	0.0	0.0	0.0	0.0	0.0	0.0	0.0	0.0	0.0	0.0	-0.08537176011	-0.01534134685	0.4147264379	0.3713241653	-0.01673513408	-0.3228207677	0.1556537832	-1.023863118	-1.032283966	0.4498896624	-0.1036667572	0.2267973812	0.1465584753	0.04929040483	-0.4598423814	0.6014675525	-0.7383855824	-0.4782045486	-0.800496342	0.665777832	-0.7949281324	-0.9618941171	-1.459903858	0.6774979869	-1.242904717	-0.5815397575	-1.444466572	1.19920505	0.712539588	-0.06858790579	-0.5844930857	1.456752013	-1.005181706	-1.303824007
8595.44975938183	-113.25044377168707	73881756.56605718	12825.663014484053	7210.368384827959	-87.30171054271976	7621.588663684829	51989412.24492655	7677.855158841327	-66.7036217074392	58949459.84014637	4449.3731488891535	7641.405230857321	9938.694809634295	1.390785	59.45819100000001	1.3682564999999998	0.78457	-0.028980142999999996	-0.09962177380000001	-0.0591439355	0.0103736483	-0.0086772886	-0.07157376780000001	-0.0102661686	0.0171383139	-0.0113581897	0.011217373300000002	0.0220444022	-0.021472398900000002	-0.008382173199999999	0.015511005800000003	0.011318588000000001	0.021461144900000003	0.021239252200000003	-0.0097546263	0.0128600329	-0.0408851447	-0.012515395300000001	0.056772391	-0.0595524007	0.0188243946	0.035656408199999996	-0.231621	-0.13593889999999995	0.053648287641000006	0.01847938453320999	-1.14634	-0.5606429999999999	0.3143205734489999	1.3140953956	0.984805	0.4599699999999999	0.969840888025	0.2115724008999999	-0.00914555	-0.0021579500000000005	4.656748202500002e-06	8.36410848025e-05	0.00704202	0.0001792700000000005	4.959004568040001e-05	3.2137732900000174e-08	0.0006163680000000001	-0.0018968720000000002	3.5981233843839995e-06	3.7990951142400007e-07	0.0	0.0	0.0	0.0	0.0	0.0	0.0	0.0	0.0	0.0	0.0	0.0	0.0	0.0	0.0	0.0	0.0	0.0	0.0	0.0	0.0	0.0	0.0	0.0	0.0	0.0	0.0	0.0	0.0	0.0	0.0	0.0	0.0	0.0	0.0	0.0	0.0	0.0	0.0	0.0	0.0	0.0	0.0	0.0	0.0	0.0	0.0	0.0	0.0	0.0	0.0	0.0	0.0	0.0	0.0	0.0	0.0	0.0	0.0	0.0	0.0	0.0	0.0	0.0	0.0	0.0	0.0	0.0	0.0	0.0	0.0	1.0	0.0	0.0	0.0	0.0	0.0	0.0	0.0	0.0	0.0	0.0	0.0	0.0	0.0	0.0	0.0	0.0	0.0	0.0	0.0	0.0	0.0	0.0	0.0	0.0	0.0	0.0	0.0	0.0	0.0	0.0	0.0	-0.1346025686	-0.1947478771	0.01155580389	-0.4261650793	-0.1911153022	-0.7639959933	-0.6009190647	-1.122993596	-0.7057135651	0.4000268817	0.002710109628	0.7974703883	0.03499088709	-0.01395649638	-0.2202894791	0.4939849553	-1.427465995	-0.1387614388	-1.45630086	0.5479431024	-1.361204433	0.1106748415	-1.130007617	-0.1039274151	0.06936679892	-0.5365994901	-1.095984517	1.169792252	0.4040238321	-0.2347582426	-1.181807506	-0.3141494223	-2.325593752	-2.628773257
8535.32507773594	-60.12468164588972	72851774.18262805	3614.977343019589	7103.860014180934	-106.50837064702499	11344.033017884058	50464827.10107874	7622.1199102534265	-55.73524858790007	58096711.9262817	3106.417935155016	7587.767743631374	9655.605968487105	0.7886269999999999	33.715022999999995	0.5360739500000001	0.319247	-0.020594084	-0.112036809	-0.0388334527	0.015777011100000002	-0.0538288771	-0.07009615820000001	-0.015179816399999999	0.0337079505	-0.026823419100000002	0.0401208875	0.0150882978	-0.0170060996	0.0104261002	-0.0076841029000000016	0.0398854132	0.015219055700000001	0.0165050771	0.0076980595	-0.0119339651	-0.041208714	-0.011690656399999999	0.056166470999999996	-0.06017223980000001	0.0208216562	0.0335317104	-0.290087	-0.05846599999999999	0.08415046756899999	0.003418273155999999	-1.42101	-0.2746700000000002	0.07544360890000011	2.0192694201	1.14403	0.15922499999999995	1.3088046408999998	0.025352600624999985	-0.00878068	0.0003648699999999998	1.3313011689999982e-07	7.710034126240003e-05	0.00728469	0.00024266999999999952	5.30667083961e-05	5.8888728899999775e-08	0.0008830869999999998	0.0002667189999999998	7.113902496099989e-08	7.798426495689996e-07	0.0	0.0	0.0	0.0	0.0	0.0	0.0	0.0	0.0	0.0	0.0	0.0	0.0	0.0	0.0	0.0	0.0	0.0	0.0	0.0	0.0	0.0	0.0	0.0	0.0	0.0	0.0	0.0	0.0	0.0	0.0	0.0	0.0	0.0	0.0	0.0	0.0	0.0	0.0	0.0	0.0	0.0	0.0	0.0	0.0	0.0	0.0	0.0	0.0	0.0	0.0	0.0	0.0	0.0	0.0	0.0	0.0	0.0	0.0	0.0	0.0	0.0	0.0	0.0	0.0	0.0	0.0	0.0	0.0	0.0	0.0	0.0	1.0	0.0	0.0	0.0	0.0	0.0	0.0	0.0	0.0	0.0	0.0	0.0	0.0	0.0	0.0	0.0	0.0	0.0	0.0	0.0	0.0	0.0	0.0	0.0	0.0	0.0	0.0	0.0	0.0	0.0	0.0	-0.1174813291	-0.2400221411	-0.07971996002	-0.6100522152	-0.3006609074	-1.026536204	-1.261553775	-0.9405362805	-0.4626598783	0.2026619833	-0.03782147482	0.7351179134	0.3083300722	-0.01233591309	0.1296852319	0.534073045	-2.139108192	-0.2655413377	-2.148033205	0.6234684008	-1.900606183	0.5600185991	-1.352457502	0.7469445165	0.01064991345	-0.4368836246	-1.024574238	0.2841337035	0.5598215431	-1.053014637	-2.062849109	-1.288822522	-2.23487813	-2.896189341
8537.669792965617	2.3447152296757854	72891805.49371755	5.497689508273568	7027.085559341756	-76.77445483917745	5894.316915852898	49379931.45830944	7619.85694420856	-2.2629660448665163	58062219.85020342	5.121015320218804	7584.42564848115	9629.14221715094	0.542385	23.187796	0.2614454	0.15499099999999996	-0.0189245191	-0.1092172927	-0.0346875605	0.0222687802	-0.0671715096	-0.0517534941	0.029868772000000002	-0.015606229499999999	-0.0307912923	0.0406943721	0.0128740143	-0.0055512747	-0.0003016311	-0.0050913677	0.040548319900000004	0.013157710900000001	0.0046059987	-0.0015427582999999999	-0.009344374499999999	-0.041530532599999996	-0.010863931	0.055539077199999995	-0.0607511813	0.022796806200000002	0.0313557373	-0.311722	-0.021635000000000012	0.097170605284	0.0004680732250000007	-1.4572200000000002	-0.03621000000000008	0.0013111641000000055	2.1234901284000007	1.05674	-0.08728999999999988	1.1166994276	0.007619544099999977	-0.00709946	0.0016812200000000006	2.8265006884000028e-06	5.04023322916e-05	0.00697496	-0.00030973000000000025	4.86500670016e-05	9.593267290000016e-08	0.000547829	-0.00033525799999999985	1.1239792656399989e-07	3.00116613241e-07	0.0	0.0	0.0	0.0	0.0	0.0	0.0	0.0	0.0	0.0	0.0	0.0	0.0	0.0	0.0	0.0	0.0	0.0	0.0	0.0	0.0	0.0	0.0	0.0	0.0	0.0	0.0	0.0	0.0	0.0	0.0	0.0	0.0	0.0	0.0	0.0	0.0	0.0	0.0	0.0	0.0	0.0	0.0	0.0	0.0	0.0	0.0	0.0	0.0	0.0	0.0	0.0	0.0	0.0	0.0	0.0	0.0	0.0	0.0	0.0	0.0	0.0	0.0	0.0	0.0	0.0	0.0	0.0	0.0	0.0	0.0	0.0	0.0	0.0	0.0	0.0	0.0	0.0	0.0	0.0	0.0	0.0	0.0	0.0	0.0	0.0	0.0	0.0	0.0	0.0	0.0	0.0	0.0	0.0	0.0	0.0	0.0	0.0	0.0	0.0	0.0	0.0	0.0	-0.06073273722	-0.161725739	-0.08522855398	-0.5799424927	-0.5121849494	-0.9006170512	-0.9173463701	-0.849610504	-0.7747399539	-0.3523397156	0.3411922677	0.8955329963	-0.008075509128	0.139711622	0.3241977736	0.6573022076	-2.228411954	-0.03300242347	-2.906487459	0.589810511	-1.600121658	0.2663726412	-1.297554322	0.3607845287	-0.03746129569	-0.4110476511	-0.9810531493	0.311056437	-0.2738275526	-0.474438435	-1.358554012	-1.547735421	-2.055764298	-2.737834209
8597.662049801578	59.9922568359616	73919792.72259827	3599.0708802719814	7143.8081701400415	116.72261079828512	13624.16787156795	51033995.17175961	7646.204880383131	26.347936174571263	58464449.07279482	694.2137406592807	7611.0366950206435	9815.726301014853	0.521003	22.273693	0.2883215	0.173646	-0.0321882614	-0.0999214092	-0.0440110667	0.014869040600000001	-0.0260946203	-0.0540218908	-0.0058278031999999995	-0.0015267103	-0.0216800882	0.0246211167	0.0178510984	-0.0115445542	-0.0062725049	-0.0117550366	0.0245012	0.0180371999	0.0107199746	-0.0078854685	-0.0148799958	-0.041850587	-0.0100353595	0.0548904493	-0.0612888318	0.0247477468	0.0291318163	-0.31874600000000003	-0.007024000000000029	0.10159901251600002	4.933657600000042e-05	-1.35161	0.1056100000000002	0.011153472100000042	1.8268495921	0.931067	-0.12567300000000006	0.8668857584890001	0.01579370292900001	-0.00661676	0.0004827	2.3299929e-07	4.37815128976e-05	0.00685482	-0.00012013999999999948	4.698855723240001e-05	1.4433619599999874e-08	0.000150379	-0.00039745	1.5796650250000002e-07	2.2613843641e-08	0.0	0.0	0.0	0.0	0.0	0.0	0.0	0.0	0.0	0.0	0.0	0.0	0.0	0.0	0.0	0.0	0.0	0.0	0.0	0.0	0.0	0.0	0.0	0.0	0.0	0.0	0.0	0.0	0.0	0.0	0.0	0.0	0.0	0.0	0.0	0.0	0.0	0.0	0.0	0.0	0.0	0.0	0.0	0.0	0.0	0.0	0.0	0.0	0.0	0.0	0.0	0.0	0.0	0.0	0.0	0.0	0.0	0.0	0.0	0.0	0.0	0.0	0.0	0.0	0.0	0.0	0.0	0.0	0.0	0.0	0.0	0.0	0.0	0.0	0.0	0.0	0.0	0.0	0.0	0.0	0.0	0.0	0.0	0.0	0.0	0.0	0.0	0.0	0.0	0.0	0.0	0.0	0.0	0.0	0.0	0.0	0.0	0.0	0.0	0.0	0.0	0.0	0.0	0.04577730632	-0.09492652868	0.1647167579	-0.395884619	-0.3535463131	-0.8483365273	-0.8527418906	-0.7950400785	-0.522039999	0.07940107774	0.1927989017	0.8893335313	0.1374342408	0.2916392167	0.3722329854	0.3526951703	-1.772411663	0.1294363457	-2.936332451	0.293727492	-1.621368282	0.2444062942	-1.079154981	0.4860127076	-0.2189546484	-0.2521611281	-0.9941397342	0.4348036051	0.1375868725	-1.015789183	-1.519384775	-1.000700297	-2.314198414	-2.758202916
8624.418600439736	26.75655063815793	74380596.1956109	715.9130020523097	7163.9305695229405	20.122399382898948	404.910956924892	51321901.20494528	7660.210175094024	14.005294710892484	58678819.92661402	196.148279938953	7624.444327913598	9957.482409517419	0.476625	20.37645	0.26628149999999984	0.167771	-0.0385875219	-0.0955868619	-0.052485998	0.0089778236	-0.0183667086	-0.0391414214	-0.00033428550000000004	-0.0062634168	-0.0224743089	0.016943653200000002	0.026570555699999998	-0.0062716825	-0.011232759299999999	0.0010092124000000001	0.0167924549	0.0266698761	0.0054223723	-0.0133521381	-0.0029152532	-0.042168863499999994	-0.0092050827	0.054220835300000006	-0.0617848259	0.0266724065	0.026863348	-0.314043	0.004703000000000068	0.09862300584899998	2.2118209000000643e-05	-1.22646	0.12514999999999987	0.01566252249999997	1.5042041316000003	0.8208629999999999	-0.11020400000000008	0.6738160647689998	0.01214492161600002	-0.00663064	-1.3879999999999967e-05	1.9265439999999916e-10	4.39653868096e-05	0.00635131	-0.0005035100000000004	4.03391387161e-05	2.535223201000004e-07	0.000143279	-7.099999999999983e-06	5.040999999999976e-11	2.0528871840999998e-08	0.0	0.0	0.0	0.0	0.0	0.0	0.0	0.0	0.0	0.0	0.0	0.0	0.0	0.0	0.0	0.0	0.0	0.0	0.0	0.0	0.0	0.0	0.0	0.0	0.0	0.0	0.0	0.0	0.0	0.0	0.0	0.0	0.0	0.0	0.0	0.0	0.0	0.0	0.0	0.0	0.0	0.0	0.0	0.0	0.0	0.0	0.0	0.0	0.0	0.0	0.0	0.0	0.0	0.0	0.0	0.0	0.0	0.0	0.0	0.0	0.0	0.0	0.0	0.0	0.0	0.0	0.0	0.0	0.0	0.0	0.0	0.0	0.0	0.0	0.0	0.0	0.0	0.0	0.0	0.0	0.0	0.0	0.0	0.0	0.0	0.0	0.0	0.0	0.0	0.0	0.0	0.0	0.0	0.0	0.0	0.0	0.0	0.0	0.0	0.0	0.0	0.0	0.0	0.1601878288	-0.1186283878	0.2298420222	-0.1867928247	-0.3052454131	-0.9489091785	-0.7363952974	-0.7566937281	-0.646463742	-0.04928172947	0.4522718892	0.9904811839	0.04788057194	0.2791303099	0.2917667075	0.4863931307	-1.93149785	-0.04247401522	-2.488887598	0.4458530146	-1.372655361	0.005491593651	-1.108506932	0.01882111799	-0.1143341096	-0.370036451	-0.9555455828	0.835679704	0.252370291	-0.3090824991	-0.7866210474	-0.9565532139	-1.824535247	-2.431662152
8638.237122263703	13.818521823966876	74619140.5804547	190.95154539944886	7185.212398707614	21.28182918467337	452.91625344561515	51627277.21454162	7665.423939525787	5.213764431763593	58758724.17265504	27.183339549923144	7630.5001602640905	9971.336090683815	0.448767	19.18549	0.21663680000000016	0.121895	-0.0389931039	-0.09376375949999999	-0.0490189858	0.0073379353	-0.0173239087	-0.0602993554	-0.0044707043	0.013169298000000001	-0.0186479315	0.013969259599999999	0.0317064288	-0.0108946818	-0.0014941847	0.0098385053	0.0137413817	0.0319425942	0.0103308038	-0.0027857027000000004	0.0056854311999999995	-0.0424853485	-0.0083732417	0.0535304912	-0.0622388263	0.0285687411	0.0245538015	-0.313108	0.0009349999999999636	0.098036619664	8.742249999999321e-07	-1.1602	0.06626000000000021	0.004390387600000028	1.3460640399999997	0.9141220000000002	0.09325900000000033	0.8356190308840004	0.008697241081000059	-0.00666616	-3.551999999999982e-05	1.2616703999999876e-09	4.44376891456e-05	0.00686366	0.00051235	4.71098285956e-05	2.625025225e-07	0.000719065	0.000575786	3.31529517796e-07	5.170544742249999e-07	0.0	0.0	0.0	0.0	0.0	0.0	0.0	0.0	0.0	0.0	0.0	0.0	0.0	0.0	0.0	0.0	0.0	0.0	0.0	0.0	0.0	0.0	0.0	0.0	0.0	0.0	0.0	0.0	0.0	0.0	0.0	0.0	0.0	0.0	0.0	0.0	0.0	0.0	0.0	0.0	0.0	0.0	0.0	0.0	0.0	0.0	0.0	0.0	0.0	0.0	0.0	0.0	0.0	0.0	0.0	0.0	0.0	0.0	0.0	0.0	0.0	0.0	0.0	0.0	0.0	0.0	0.0	0.0	0.0	0.0	0.0	0.0	0.0	0.0	0.0	0.0	0.0	0.0	0.0	0.0	0.0	0.0	0.0	0.0	0.0	0.0	0.0	0.0	0.0	0.0	0.0	0.0	0.0	0.0	0.0	0.0	0.0	0.0	0.0	0.0	0.0	0.0	0.0	0.1123778754	-0.1318809458	0.1554517219	-0.3233280146	-0.08255233364	-0.9249246925	-0.8603582142	-0.6786269735	-0.289104415	0.2203098891	0.3076847208	0.8443565653	0.2295641535	0.295679929	0.3311905992	0.3687979633	-1.771453417	-0.05514297383	-2.061083005	0.4206395316	-1.590771691	0.1846424772	-1.155948295	0.1055288726	0.1929052673	-0.4811245775	-0.8680251834	0.6291421605	0.4301956784	-0.7348140538	-1.417353737	-0.7793376951	-2.29550841	-2.55001161
8648.247913569532	10.010791305829118	74792191.97455977	100.21594256886381	7184.167532413564	-1.0448662940498252	1.0917455724414158	51612263.1337852	7672.165156919716	6.741217393928308	58862118.19505292	45.44401195220159	7636.3539396080405	9958.585012563333	0.623667	26.662718	0.5701107500000001	0.330638	-0.0354763384	-0.08608806289999997	-0.050767930700000005	0.018988546999999998	-0.020771877	-0.0697744815	-0.0003279834	-0.0034131915999999997	-0.0262934969	0.0095522576	0.0305363042	-0.0050856396000000005	-0.013596683899999998	-0.0056538079	0.0094971607	0.030472396000000002	0.0042732187	-0.0166362776	-0.0101199208	-0.0428000287	-0.0075399779000000005	0.0528196811	-0.0626505246	0.030434737000000007	0.022206708199999998	-0.320103	-0.006995000000000029	0.102465930609	4.8930025000000396e-05	-0.8521229999999999	0.30807700000000005	0.09491143792900003	0.7261136071289997	0.981002	0.06687999999999983	0.962364924004	0.004472934399999977	-0.00521235	0.0014538099999999998	2.1135635161e-06	2.7168592522500006e-05	0.00834146	0.0014778000000000007	6.95799549316e-05	2.183892840000001e-06	0.00155063	0.0008315650000000001	6.915003492250003e-07	2.4044533969000004e-06	0.0	0.0	0.0	0.0	0.0	0.0	0.0	0.0	0.0	0.0	0.0	0.0	0.0	0.0	0.0	0.0	0.0	0.0	0.0	0.0	0.0	0.0	0.0	0.0	0.0	0.0	0.0	0.0	0.0	0.0	0.0	0.0	0.0	0.0	0.0	0.0	0.0	0.0	0.0	0.0	0.0	0.0	0.0	0.0	0.0	0.0	0.0	0.0	0.0	0.0	0.0	0.0	0.0	0.0	0.0	0.0	0.0	0.0	0.0	0.0	0.0	0.0	0.0	0.0	0.0	0.0	0.0	0.0	0.0	0.0	0.0	0.0	0.0	1.0	0.0	0.0	0.0	0.0	0.0	0.0	0.0	0.0	0.0	0.0	0.0	0.0	0.0	0.0	0.0	0.0	0.0	0.0	0.0	0.0	0.0	0.0	0.0	0.0	0.0	0.0	0.0	0.0	0.0	0.2957761429	-0.15269152	0.04353366164	-0.5428295938	-0.2286851347	-0.5732099093	-1.079392671	-0.8083614609	-0.5079433251	0.1926576668	0.5086967715	0.8224169184	0.6040503965	0.3758259238	0.2570501183	0.6094839854	-2.28764971	-0.2891926643	-1.893938097	0.781093447	-1.306465941	0.3782533547	-1.375528255	0.5949785324	0.440994803	-0.1920511188	-0.6434441205	0.622313299	0.8182455847	0.008408685019	-0.7802854002	-0.7681369208	-2.002469339	-2.545939032
8674.010033881312	25.762120311779647	75238450.06787367	663.6868429586099	7258.441122631317	74.27359021775283	5516.566203834668	52684967.53070537	7687.729962631491	15.564805711775081	59101191.97834198	242.26317684530613	7652.4067536871435	9956.10457887875	0.6398119999999999	27.352943	0.4422185	0.252974	-0.0377356885	-0.0764725088	-0.0538224366	0.026281762400000002	0.0056078636	-0.0586852999	0.002357279	-0.0026753089000000002	-0.0263517013	0.0003778045	0.029417457	-0.0039209582000000005	-0.0303625108	0.0010776129	0.0002015976	0.0294345079	0.0029160794	-0.0308754891	-0.0019145370999999998	-0.0431128907	-0.006705432900000001	0.05208867650000002	-0.063019641	0.0322684125	0.0198256573	-0.330436	-0.01033299999999998	0.109187950096	0.0001067708889999996	-0.7294739999999998	0.122649	0.015042777201000003	0.5321323166759998	0.890683	-0.09031900000000004	0.793316206489	0.008157521761000007	-0.00206286	0.00314949	9.9192872601e-06	4.2553913796e-06	0.00914692	0.0008054599999999993	8.36661454864e-05	6.487658115999987e-07	0.00197403	0.00042339999999999983	1.7926755999999982e-07	3.8967944409e-06	0.0	0.0	0.0	0.0	0.0	0.0	0.0	0.0	0.0	0.0	0.0	0.0	0.0	0.0	0.0	0.0	0.0	0.0	0.0	0.0	0.0	0.0	0.0	0.0	0.0	0.0	0.0	0.0	0.0	0.0	0.0	0.0	0.0	0.0	0.0	0.0	0.0	0.0	0.0	0.0	0.0	0.0	0.0	0.0	0.0	0.0	0.0	0.0	0.0	0.0	0.0	0.0	0.0	0.0	0.0	0.0	0.0	0.0	0.0	0.0	0.0	0.0	0.0	0.0	0.0	0.0	0.0	0.0	0.0	0.0	0.0	0.0	0.0	0.0	0.0	0.0	0.0	0.0	0.0	0.0	0.0	0.0	0.0	0.0	0.0	0.0	0.0	0.0	0.0	0.0	0.0	0.0	0.0	0.0	0.0	0.0	0.0	0.0	0.0	0.0	0.0	0.0	0.0	0.5204510078	-0.1651720353	0.08655350223	-0.4531360431	-0.160332161	-0.170283625	-1.096189952	-0.8783882653	-0.6224276584	0.2665747458	0.3379261796	0.702695352	1.064435234	0.3008103318	0.303706221	0.4655995473	-1.341184099	-0.533141329	-2.112696611	0.8267947436	-1.424247216	0.04005156731	-1.691898723	1.230968749	0.2042715072	0.7204251578	-0.5241505173	0.3001625557	0.003939093797	0.06091879728	-1.099274965	-0.467885218	-2.110385369	-2.701417302
8673.116831117037	-0.8932027642749745	75222955.56620564	0.7978111781084556	7200.60681931516	-57.83430331615728	3344.80664006528	51848738.56636798	7672.223960886724	-15.506001744766765	58863020.50600437	240.43609010870992	7635.017077433446	10137.701727715204	0.905183	38.697975	0.6224774999999999	0.5208229999999999	-0.0341728875	-0.0759185933	-0.0355860444	0.0147739947	-0.0144334657	-0.0598399612	0.0465236474	0.0106720346	-0.012697006399999999	0.010542791599999999	0.0255117998	0.0011102508	-0.0099548866	0.0042301121999999995	0.010495496000000002	0.025320708100000002	-0.00035582699999999997	-0.0093667841	0.0069923812	-0.0434239212	-0.0058697485	0.0513377571	-0.0633459245	0.0340678202	0.0174142899	-0.325942	0.004493999999999998	0.106238187364	2.0196035999999986e-05	-1.24748	-0.5180060000000001	0.2683302160360001	1.5562063504	0.893235	0.0025519999999999987	0.7978687652249999	6.512703999999994e-06	-0.0032136	-0.0011507399999999995	1.3242025475999987e-06	1.0327224959999997e-05	0.008646229999999998	-0.0005006900000000017	7.475729321289998e-05	2.506904761000016e-07	0.00227111	0.00029707999999999986	8.825652639999994e-08	5.157940632099998e-06	0.0	0.0	0.0	0.0	0.0	0.0	0.0	0.0	0.0	0.0	0.0	0.0	0.0	0.0	0.0	0.0	0.0	0.0	0.0	0.0	0.0	0.0	0.0	0.0	0.0	0.0	0.0	0.0	0.0	0.0	0.0	0.0	0.0	0.0	0.0	0.0	0.0	0.0	0.0	0.0	0.0	0.0	0.0	0.0	0.0	0.0	0.0	0.0	0.0	0.0	0.0	0.0	0.0	0.0	0.0	0.0	0.0	0.0	0.0	0.0	0.0	0.0	0.0	0.0	0.0	0.0	0.0	0.0	0.0	0.0	0.0	0.0	0.0	0.0	1.0	0.0	0.0	0.0	0.0	0.0	0.0	0.0	0.0	0.0	0.0	0.0	0.0	0.0	0.0	0.0	0.0	0.0	0.0	0.0	0.0	0.0	0.0	0.0	0.0	0.0	0.0	0.0	0.0	0.2307493264	-0.1279478118	0.1070981415	-0.4691918259	-0.3576846232	-0.3243336726	-0.6670384244	-0.6236307976	-0.1544928969	0.03832538993	0.963161179	0.6982444111	0.2264446393	0.2307008073	0.8425494717	0.7564423936	-2.152117801	0.4121874254	-1.887236726	0.3661328332	-1.038165704	-0.07554798701	-1.166628203	0.5685097873	0.6214312522	0.09513877896	-0.2986010769	0.4499232714	-2.234634854	-0.3318464538	-1.559357305	-0.8766515903	-2.087728695	-1.626037557
8693.028556923638	19.91172580660168	75568745.49148987	396.47682459728736	7232.484460708943	31.87764139378305	1016.1840208306306	52308831.47439633	7670.936979327165	-1.286981559558626	58843274.14080898	1.6563215346439533	7634.9957719379945	10052.13009411458	0.614872	26.286724	0.209733	0.101814	-0.0308909081	-0.073543074	-0.0278165594	0.0233499826	-0.0044045029	-0.063216023	0.0336106626	0.0222537463	-0.0238774741	0.0124900332	0.0185308828	-0.0048980073	-0.012364091	-0.00037032220000000004	0.0120577143	0.0185725202	0.00551325	-0.0120571424	0.0009678051	-0.043733106900000006	-0.0050330665999999994	0.0505672099	-0.0636291533	0.0358310494	0.0149762932	-0.308869	0.017073000000000005	0.09540005916099999	0.0002914873290000001	-1.24604	0.0014399999999998858	2.0735999999996717e-06	1.5526156816	0.964434	0.07119900000000001	0.930132940356	0.005069297601000003	-0.00150337	0.0017102299999999994	2.9248866528999988e-06	2.2601213569e-06	0.00929401	0.0006477800000000022	8.63786218801e-05	4.1961892840000297e-07	0.00231352	4.24100000000001e-05	1.7986081000000086e-09	5.3523747904e-06	0.0	0.0	0.0	0.0	0.0	0.0	0.0	0.0	0.0	0.0	0.0	0.0	0.0	0.0	0.0	0.0	0.0	0.0	0.0	0.0	0.0	0.0	0.0	0.0	0.0	0.0	0.0	0.0	0.0	0.0	0.0	0.0	0.0	0.0	0.0	0.0	0.0	0.0	0.0	0.0	0.0	0.0	0.0	0.0	0.0	0.0	0.0	0.0	0.0	0.0	0.0	0.0	0.0	0.0	0.0	0.0	0.0	0.0	0.0	0.0	0.0	0.0	0.0	0.0	0.0	0.0	0.0	0.0	0.0	0.0	0.0	0.0	0.0	0.0	0.0	0.0	0.0	0.0	0.0	0.0	0.0	0.0	0.0	0.0	0.0	0.0	0.0	0.0	0.0	0.0	0.0	0.0	0.0	0.0	0.0	0.0	0.0	0.0	0.0	0.0	0.0	0.0	0.0	0.2135133911	-0.2425249525	0.04914269013	-0.6388083142	-0.1293323506	-0.4595876746	-0.7598353785	-0.5164913634	-0.2336196144	0.01590237482	0.5215894086	0.6601550194	0.1440990328	0.38536042	0.6888168271	0.607887707	-1.240816082	0.5652848409	-1.772099062	0.3576844109	-1.324237297	0.2699238299	-1.061995513	0.3771413097	0.6033031487	0.7067758938	-0.1500566146	0.05489084809	-1.691682781	-0.6623831805	-1.205237251	-0.8647773734	-1.735132835	-1.760407909
8649.95629143813	-43.07226548550898	74821743.84379008	1855.220054054168	7198.155681464013	-34.328779244930054	1178.46508444714	51813445.21459264	7665.5318995825855	-5.40507974457978	58760379.30351821	29.214887045266615	7628.01546216826	9750.623454612429	0.8471499999999998	36.216953	0.74081745	0.331331	0.0024810509	-0.0518447494	-0.0027018204	0.057690023099999994	-0.0165664632	-0.066384136	0.0525332876	-0.0372874998	-0.0272031365	0.016110938300000002	0.0102818018	-0.00017147900000000002	-0.0039961547	-0.0042902886	0.0162490937	0.0102119627	-0.0001041438	-0.0050102839	-0.0054984425	-0.0440404347	-0.0041955295000000005	0.049777329599999996	-0.0638691351	0.0375562275	0.012515395300000001	-0.314395	-0.005525999999999975	0.098844216025	3.0536675999999725e-05	-1.3066700000000002	-0.06063000000000018	0.003675996900000023	1.7073864889000006	1.18058	0.21614599999999995	1.3937691363999998	0.04671909331599998	0.00334403	0.0048474	2.349728676e-05	1.11825366409e-05	0.00667656	-0.0026174500000000003	4.45764534336e-05	6.851044502500003e-06	0.000608061	-0.001705459	2.908590400681e-06	3.69738179721e-07	0.0	0.0	0.0	0.0	0.0	0.0	0.0	0.0	0.0	0.0	0.0	0.0	0.0	0.0	0.0	0.0	0.0	0.0	0.0	0.0	0.0	0.0	0.0	0.0	0.0	0.0	0.0	0.0	0.0	0.0	0.0	0.0	0.0	0.0	0.0	0.0	0.0	0.0	0.0	0.0	0.0	0.0	0.0	0.0	0.0	0.0	0.0	0.0	0.0	0.0	0.0	0.0	0.0	0.0	0.0	0.0	0.0	0.0	0.0	0.0	0.0	0.0	0.0	0.0	0.0	0.0	0.0	0.0	0.0	0.0	0.0	0.0	0.0	0.0	0.0	1.0	0.0	0.0	0.0	0.0	0.0	0.0	0.0	0.0	0.0	0.0	0.0	0.0	0.0	0.0	0.0	0.0	0.0	0.0	0.0	0.0	0.0	0.0	0.0	0.0	0.0	0.0	0.0	0.3714210514	-0.3675760097	-0.4979836357	-0.9908614271	-0.4384746564	-0.470078038	-0.5424202557	-0.3949917157	-0.5880272867	-0.1505574434	0.626769078	0.7601341457	0.1837866592	0.8102755821	0.8916080065	0.9410599769	-1.425085292	0.2083571773	-1.696344448	0.2392737104	-0.8571387901	0.4148016555	-1.018890668	1.261913538	0.405476488	0.6242323971	0.004411834286	-0.6827371108	-0.7340275305	-0.5469252343	-1.186689117	-1.220139226	-0.8881867615	-2.208792943
8589.167421906917	-60.78886953121218	73773797.00154711	3695.2866588827374	7138.655377067404	-59.50030439660895	3540.286223289123	50960400.59253336	7618.877539018726	-46.65436056385988	58047294.95456404	2176.629359622644	7582.545903144856	9706.475921081983	1.129014	48.26707800000001	1.3685060499999997	0.8933049999999999	0.0229155225	-0.028931855099999997	0.009283128	0.0483065662	-0.0383548182	-0.0506410615	0.0336445392	-0.0272275623	0.0043367191	0.044945769	-0.029127311800000007	-0.0075477235	0.01988201	-0.0064567781	0.045075552000000005	-0.028798020299999998	0.006940599	0.0199779723	-0.0091233014	-0.0443458917	-0.0033572794	0.048968418	-0.06406570660000001	0.0392415225	0.0100353595	-0.33707600000000004	-0.022681000000000062	0.11362022977600005	0.0005144277610000028	-2.1436900000000003	-0.8370200000000001	0.7006024804000002	4.5954068161000015	1.33977	0.15919000000000014	1.7949836529000005	0.02534145610000005	0.00198689	-0.0013571400000000002	1.8418289796000003e-06	3.9477318721e-06	0.00402241	-0.00265415	1.6179782208099998e-05	7.0445122225000016e-06	-0.00237295	-0.0029810109999999996	8.886426582121e-06	5.6308917025e-06	0.0	0.0	0.0	0.0	0.0	0.0	0.0	0.0	0.0	0.0	0.0	0.0	0.0	0.0	0.0	0.0	0.0	0.0	0.0	0.0	0.0	0.0	0.0	0.0	0.0	0.0	0.0	0.0	0.0	0.0	0.0	0.0	0.0	0.0	0.0	0.0	0.0	0.0	0.0	0.0	0.0	0.0	0.0	0.0	0.0	0.0	0.0	0.0	0.0	0.0	0.0	0.0	0.0	0.0	0.0	0.0	0.0	0.0	0.0	0.0	0.0	0.0	0.0	0.0	0.0	0.0	0.0	0.0	0.0	0.0	0.0	0.0	0.0	0.0	0.0	0.0	1.0	0.0	0.0	0.0	0.0	0.0	0.0	0.0	0.0	0.0	0.0	0.0	0.0	0.0	0.0	0.0	0.0	0.0	0.0	0.0	0.0	0.0	0.0	0.0	0.0	0.0	0.0	0.2204144537	-0.6719973532	-0.6826520789	-1.128701594	-1.20207734	-0.673486099	-0.227819384	-0.08817573008	-0.4553611151	-0.5752449732	0.3622481519	0.7882244223	0.066555524	0.7375180437	1.002385813	0.9112175326	-1.392856823	1.193867435	-1.484460071	0.1008724203	-0.6596271104	0.7337955783	0.05306598447	0.7503335214	-0.1084278937	-0.09938038701	0.09538734806	-1.347019156	-0.5909184389	-1.432773295	-1.226966561	-0.5733079283	-1.03210056	-2.518918824
8572.238154337954	-16.929267568963038	73483266.97468738	286.6001004215438	7106.604896318152	-32.050480749251626	1027.2333162581483	50503833.15237314	7635.005576495791	16.128037477064936	58293310.15312182	260.1135928616111	7596.69817532164	9614.960187325863	0.76371	32.649753999999994	0.5154935	0.409171	0.021898607400000002	-0.0316113003	0.008181859	0.049596221100000004	-0.0503688584	-0.038614718900000004	0.0175162552	-0.0435772616	-0.0071954747	0.040036959500000004	-0.0497508128	0.0005888517	0.0187197579	0.0027636692	0.0406555275	-0.049698930599999996	-0.0013500054000000002	0.0190358911	-0.0003948456	-0.044649464699999995	-0.0025184589	0.0481407845	-0.0642187343	0.0408851447	0.0075399779000000005	-0.265638	0.07143800000000006	0.07056354704399999	0.005103387844000008	-2.54583	-0.4021399999999997	0.16171657959999974	6.4812503888999995	1.3267000000000002	-0.013069999999999915	1.7601328900000006	0.00017082489999999782	0.00218104	0.0001941500000000001	3.7694222500000046e-08	4.7569354816e-06	0.00383922	-0.00018318999999999974	1.47396102084e-05	3.35585760999999e-08	-0.00257252	-0.00019957000000000004	3.982818490000002e-08	6.6178591504e-06	0.0	0.0	0.0	0.0	0.0	0.0	0.0	0.0	0.0	0.0	0.0	0.0	0.0	0.0	0.0	0.0	0.0	0.0	0.0	0.0	0.0	0.0	0.0	0.0	0.0	0.0	0.0	0.0	0.0	0.0	0.0	0.0	0.0	0.0	0.0	0.0	0.0	0.0	0.0	0.0	0.0	0.0	0.0	0.0	0.0	0.0	0.0	0.0	0.0	0.0	0.0	0.0	0.0	0.0	0.0	0.0	0.0	0.0	0.0	0.0	0.0	0.0	0.0	0.0	0.0	0.0	0.0	0.0	0.0	0.0	0.0	0.0	0.0	0.0	0.0	0.0	0.0	1.0	0.0	0.0	0.0	0.0	0.0	0.0	0.0	0.0	0.0	0.0	0.0	0.0	0.0	0.0	0.0	0.0	0.0	0.0	0.0	0.0	0.0	0.0	0.0	0.0	0.0	0.362555134	-0.8913279007	-0.8014304301	-1.226350246	-1.608896551	-1.089467373	-0.5179581455	-0.2097290481	-0.7703611243	-0.6816652373	0.09756672108	0.7500942147	0.4348359137	0.7792344052	0.4348456105	0.9298626534	-1.811930562	0.2467108052	-1.787455704	0.6081781462	-0.5536054239	0.8208854654	-0.3343212442	1.072721796	-0.4500825068	-0.9014760734	0.3833148786	-1.400455959	-0.1634671569	-0.6249174034	-1.095058288	-0.5324118693	-0.9603210345	-2.344819722
8520.322632176907	-51.91552216104719	72595897.75638601	2695.221441254182	7098.127564515459	-8.477331802692788	71.86515449294656	50383414.92213416	7611.287415344156	-23.718161151634373	57931696.11897633	562.5511684148981	7574.151207137379	8725.633823947575	1.426976	61.005413	1.2116665000000002	0.738766	0.08571235699999999	-0.014855436299999997	-0.0052186443	0.0371559464	-0.0565179507	-0.0223650829	0.0207724036	-0.013885051	0.0002574366	0.054337482400000005	-0.0760256064	-0.010785459499999999	0.009983523499999999	0.0344734621	0.0546172126	-0.0758473096	0.0098504861	0.012171359	0.0311353404	-0.04495114099999999	-0.0016792104000000001	0.0472947455	-0.0643281141	0.0424853485	0.0050330665999999994	-0.10561	0.160028	0.0111534721	0.025608960784	-3.24486	-0.6990299999999996	0.4886429408999994	10.529116419599998	1.4912299999999998	0.16452999999999962	2.2237669128999995	0.02707012089999988	0.00347418	0.00129314	1.6722110596e-06	1.20699266724e-05	0.00286565	-0.00097357	8.211949922499999e-06	9.478385449e-07	-0.00406738	-0.0014948599999999998	2.2346064195999994e-06	1.6543580064399994e-05	0.0	0.0	0.0	0.0	0.0	0.0	0.0	0.0	0.0	0.0	0.0	0.0	0.0	0.0	0.0	0.0	0.0	0.0	0.0	0.0	0.0	0.0	0.0	0.0	0.0	0.0	0.0	0.0	0.0	0.0	0.0	0.0	0.0	0.0	0.0	0.0	0.0	0.0	0.0	0.0	0.0	0.0	0.0	0.0	0.0	0.0	0.0	0.0	0.0	0.0	0.0	0.0	0.0	0.0	0.0	0.0	0.0	0.0	0.0	0.0	0.0	0.0	0.0	0.0	0.0	0.0	0.0	0.0	0.0	0.0	0.0	0.0	0.0	0.0	0.0	0.0	0.0	0.0	1.0	0.0	0.0	0.0	0.0	0.0	0.0	0.0	0.0	0.0	0.0	0.0	0.0	0.0	0.0	0.0	0.0	0.0	0.0	0.0	0.0	0.0	0.0	0.0	0.0	0.5467091204	-1.0470105	-1.069806528	-1.442717276	-1.833161487	-1.830655349	-0.6484967472	-0.2334636431	-0.728939916	-1.367595906	-0.7727304874	0.5568713256	0.7092394282	0.8352054028	-0.4477995634	0.8624649625	-0.5934797014	0.9562042323	-1.639646077	1.432730603	-1.069658944	1.349394593	0.4547310761	0.5518108413	-1.093575931	-2.017462213	0.2510652222	-1.588704078	-0.6490774021	-0.8077066591	-1.531064446	0.1910721464	-1.60745046	-2.040770004
8457.342823643121	-62.979808533786134	71526647.6366278	3966.45628295236	7039.3225165184485	-58.80504799701066	3458.033669930728	49552061.49156362	7585.315776693292	-25.97163865086441	57537015.43215216	674.526014211074	7547.246264391672	7903.6067274667985	1.53183	65.48808299999999	1.2656360000000002	0.701858	0.11467669470000001	-0.0631921658	-0.0099583075	0.0759169666	-0.0899786515	0.0050824025	0.0466348135	-0.0323838536	-0.0088310324	0.0739837244	-0.1008464792	0.0089927149	0.0065401731	0.0206017433	0.0747300692	-0.1005082584	-0.0089313745	0.0073263181000000005	0.0193066499	-0.0452509076	-0.0008396765	0.0464306245	-0.0643937718	0.0440404347	0.0025184589	-0.155238	-0.04962800000000002	0.024098836644000005	0.002462938384000002	-3.85494	-0.6100800000000004	0.3721976064000005	14.8605624036	1.71645	0.2252200000000002	2.9462006025000003	0.05072404840000009	0.00923406	0.00575988	3.31762176144e-05	8.526786408360001e-05	0.00380961	0.0009439600000000002	1.4513128352100004e-05	8.910604816000004e-07	-0.0049777	-0.00091032	8.286825024000001e-07	2.477749729e-05	0.0	0.0	0.0	0.0	0.0	0.0	0.0	0.0	0.0	0.0	0.0	0.0	0.0	0.0	0.0	0.0	0.0	0.0	0.0	0.0	0.0	0.0	0.0	0.0	0.0	0.0	0.0	0.0	0.0	0.0	0.0	0.0	0.0	0.0	0.0	0.0	0.0	0.0	0.0	0.0	0.0	0.0	0.0	0.0	0.0	0.0	0.0	0.0	0.0	0.0	0.0	0.0	0.0	0.0	0.0	0.0	0.0	0.0	0.0	0.0	0.0	0.0	0.0	0.0	0.0	0.0	0.0	0.0	0.0	0.0	0.0	0.0	0.0	0.0	0.0	0.0	0.0	0.0	0.0	1.0	0.0	0.0	0.0	0.0	0.0	0.0	0.0	0.0	0.0	0.0	0.0	0.0	0.0	0.0	0.0	0.0	0.0	0.0	0.0	0.0	0.0	0.0	0.0	0.9816541189	-1.464028746	-1.853192811	-1.572457391	-2.528517636	-2.128540613	-2.299783832	-1.07964187	-2.399732785	-1.285504757	-1.302683642	0.7405494402	2.195706798	2.012820609	-0.5585579515	0.3795887212	-1.920978369	-1.731335275	-2.72177546	1.496684301	-1.590606703	2.341912471	-1.390608247	3.189902175	-2.663231269	-2.424623158	1.43355321	-1.597477411	-0.4344934615	0.4359615497	-2.189525316	-0.06696599798	-0.4061180952	-1.480014788
8428.393377574344	-28.94944606877652	71037814.92713906	838.0704276890006	7002.642419953042	-36.68009656540653	1345.4294840475482	49037000.8617258	7531.652921655263	-53.662855038029186	56725795.73227825	2879.7020108325346	7493.50715603774	8233.375065614362	1.506593	64.409142	1.4131620000000005	0.971012	0.1215416839	-0.0348544069	-0.024054927099999998	0.060308145199999996	-0.0989588405	0.06194551650000001	0.0459245478	-0.021769475099999998	0.0358704223	0.10542952929999999	-0.1289120482	-0.0097838278	0.024580999300000003	0.0103204242	0.1062460604	-0.12818947449999998	0.0096446936	0.0267874541	0.010584323999999999	-0.045548751900000004	-0.0	0.045548751900000004	-0.06441566259999999	0.045548751900000004	0.0	-0.196304	-0.041065999999999984	0.038535260416	0.0016864163559999993	-4.7633199999999984	-0.9083799999999992	0.8251542243999987	22.6892174224	2.00927	0.29281999999999986	4.0371659329	0.08574355239999992	0.00795005	-0.0012840100000000006	1.648681680100001e-06	6.32032950025e-05	0.00246402	-0.0013455900000000002	6.0713945604e-06	1.8106124481000008e-06	-0.00576602	-0.0007883200000000003	6.214484224000005e-07	3.32469866404e-05	0.0	0.0	0.0	0.0	0.0	0.0	0.0	0.0	0.0	0.0	0.0	0.0	0.0	0.0	0.0	0.0	0.0	0.0	0.0	0.0	0.0	0.0	0.0	0.0	0.0	0.0	0.0	0.0	0.0	0.0	0.0	0.0	0.0	0.0	0.0	0.0	0.0	0.0	0.0	0.0	0.0	0.0	0.0	0.0	0.0	0.0	0.0	0.0	0.0	0.0	0.0	0.0	0.0	0.0	0.0	0.0	0.0	0.0	0.0	0.0	0.0	0.0	0.0	0.0	0.0	0.0	0.0	0.0	0.0	0.0	0.0	0.0	0.0	0.0	0.0	0.0	0.0	0.0	0.0	0.0	1.0	0.0	0.0	0.0	0.0	0.0	0.0	0.0	0.0	0.0	0.0	0.0	0.0	0.0	0.0	0.0	0.0	0.0	0.0	0.0	0.0	0.0	0.0	0.5894844469	-1.617354843	-2.21470152	-1.497533232	-3.173594282	-1.93702168	-0.2434089639	-0.7555331668	-1.771368319	-1.857229641	-0.5858306082	0.7128691167	1.258866868	1.678620334	-0.1321542123	0.6759391832	-1.217771466	1.150788392	-2.632773418	0.9811143591	-1.158221286	2.050662313	-0.05842082494	2.1622719	-3.020359008	-2.827399474	1.327272289	-1.471822507	-1.536537396	-0.777065366	-1.614013181	-0.1917212977	-1.033199378	-0.9238396795
8407.920768210592	-20.47260936375278	70693131.64450699	419.1277341608181	6997.10232712766	-5.5400928253820885	30.692628513850106	48959440.97629532	7546.998749969359	15.345828314096252	56957190.13203906	235.49444664571823	7508.601293538768	8033.255867435655	1.462582	62.527626	1.0876629999999998	0.831702	0.12133113150000001	-0.0666628592	-0.0205881045	0.0234042971	-0.09930964910000001	0.0867377803	0.0453664561	-0.0345790636	0.0384612027	0.108400506	-0.1757153492	0.0240783157	0.0338178029	0.021564374900000002	0.109111377	-0.1745705688	-0.024283293799999998	0.0369410184	0.0210658608	-0.045844661200000004	0.0008396765	0.044649464699999995	-0.0643937718	0.047008698099999996	-0.0025184589	-0.202291	-0.005986999999999992	0.040921648681	3.5844168999999905e-05	-5.5764	-0.8130800000000002	0.6610990864000004	31.096236959999995	2.13539	0.12612000000000026	4.559890452099999	0.01590625440000006	0.008402009999999998	0.00045195999999999783	2.04267841599998e-07	7.059377204009996e-05	0.0013940100000000006	-0.0010700099999999993	1.943263880100002e-06	1.1449214000999985e-06	-0.00709357	-0.0013275500000000007	1.7623890025000008e-06	5.03187353449e-05	0.0	0.0	0.0	0.0	0.0	0.0	0.0	0.0	0.0	0.0	0.0	0.0	0.0	0.0	0.0	0.0	0.0	0.0	0.0	0.0	0.0	0.0	0.0	0.0	0.0	0.0	0.0	0.0	0.0	0.0	0.0	0.0	0.0	0.0	0.0	0.0	0.0	0.0	0.0	0.0	0.0	0.0	0.0	0.0	0.0	0.0	0.0	0.0	0.0	0.0	0.0	0.0	0.0	0.0	0.0	0.0	0.0	0.0	0.0	0.0	0.0	0.0	0.0	0.0	0.0	0.0	0.0	0.0	0.0	0.0	0.0	0.0	0.0	0.0	0.0	0.0	0.0	0.0	0.0	0.0	0.0	1.0	0.0	0.0	0.0	0.0	0.0	0.0	0.0	0.0	0.0	0.0	0.0	0.0	0.0	0.0	0.0	0.0	0.0	0.0	0.0	0.0	0.0	0.7834620244	-1.791654479	-2.517069852	-1.44368084	-3.669205674	-2.999225113	-2.554448524	0.01300224192	-2.328040036	-2.384080178	-1.891325463	1.06997606	1.882552045	2.233972475	-0.3453189461	0.5350256686	-1.907564496	-0.1399483827	-3.023463785	1.095646897	-1.792421704	2.700572701	-0.3133765169	2.185887785	-3.378452986	-2.873002902	2.201321628	-1.507897499	-1.73483379	0.1455163236	-2.970530331	-0.3858437644	-0.251800245	-0.6075088605
8380.296560032604	-27.624208177987384	70229370.4340943	763.0968774607851	6999.318478848072	2.216151720412199	4.911328447885952	48990459.16834409	7540.870577673269	-6.128172296090269	56864729.06921838	37.55449569056829	7502.948441822209	7962.964772767423	1.553321	66.40686	1.3401832000000002	0.8189659999999999	0.1133789487	-0.0899147683	-0.06845531980000001	-0.023326645299999997	-0.0988491519	0.1327883639	0.060057297300000013	-0.0590577316	0.0689995608	0.1139847452	-0.2121617186	0.0163210378	0.036830047000000005	0.0482612459	0.11453938609999999	-0.2109274084	-0.0162317889	0.0421182141	0.0484833985	-0.0461386229	0.0016792104000000001	0.043733106900000006	-0.0643281141	0.0484187232	-0.0050330665999999994	-0.232985	-0.030694	0.054282010225	0.000942121636	-6.3319	-0.7555000000000005	0.5707802500000008	40.09295761	2.37756	0.24216999999999975	5.652791553599999	0.05864630889999989	0.0130926	0.004690590000000003	2.200163454810003e-05	0.00017141617476000004	0.000380716	-0.0010132940000000007	1.4494467265599995e-07	1.0267647304360016e-06	-0.00762607	-0.0005325	2.8355625e-07	5.815694364490001e-05	0.0	0.0	0.0	0.0	0.0	0.0	0.0	0.0	0.0	0.0	0.0	0.0	0.0	0.0	0.0	0.0	0.0	0.0	0.0	0.0	0.0	0.0	0.0	0.0	0.0	0.0	0.0	0.0	0.0	0.0	0.0	0.0	0.0	0.0	0.0	0.0	0.0	0.0	0.0	0.0	0.0	0.0	0.0	0.0	0.0	0.0	0.0	0.0	0.0	0.0	0.0	0.0	0.0	0.0	0.0	0.0	0.0	0.0	0.0	0.0	0.0	0.0	0.0	0.0	0.0	0.0	0.0	0.0	0.0	0.0	0.0	0.0	0.0	0.0	0.0	0.0	0.0	0.0	0.0	0.0	0.0	0.0	1.0	0.0	0.0	0.0	0.0	0.0	0.0	0.0	0.0	0.0	0.0	0.0	0.0	0.0	0.0	0.0	0.0	0.0	0.0	0.0	0.0	1.529179269	-2.223188811	-2.944122845	-1.435982084	-4.307166686	-3.504408632	-1.713624396	-0.7495341533	-2.014731705	-2.880756644	-1.77483779	1.225597611	2.833076417	2.595224391	-1.291963507	-0.1057689171	-2.792420136	-0.9648039874	-2.938780372	1.131616152	-2.15684261	2.920299698	-0.7140656169	3.416979275	-3.697360724	-2.489833002	2.5908637	-0.7538346637	-1.851959715	0.1735542075	-2.631799432	-0.05732463403	-1.906102291	1.641862195
8392.380526040619	12.083966008014611	70432050.89386581	146.02223448285264	6960.1479393492355	-39.17053949883665	1534.331164629923	48443659.33762741	7550.1163850422645	9.245807368995882	57004257.42768368	85.48495390457859	7510.952553591113	8163.148139757585	0.769491	32.896908	0.2744859999999996	0.152062	0.1143154476	-0.072531028	-0.06235361370000001	-0.0176883947	-0.11650317449999999	0.1291486593	0.05043284940000002	-0.0371260563	0.06259273900000001	0.10988478980000001	-0.20641837030000001	-0.0010890507	0.046589270599999996	0.0516941001	0.11092899349999999	-0.2054643052	0.0015203	0.051115782	0.0523010257	-0.0464306245	0.0025184589	0.0428000287	-0.0642187343	0.049777329599999996	-0.0075399779000000005	-0.290854	-0.057869	0.08459604931600001	0.0033488211610000003	-6.27038	0.0615199999999998	0.003784710399999975	39.31766534440001	2.34329	-0.0342699999999998	5.4910080241	0.0011744328999999864	0.0134274	0.0003347999999999997	1.1209103999999976e-07	0.00018029507075999999	0.000708486	0.0003277700000000001	5.01952412196e-07	1.0743317290000004e-07	-0.00938004	-0.0017539699999999988	3.076410760899996e-06	8.798515040159998e-05	0.0	0.0	0.0	0.0	0.0	0.0	0.0	0.0	0.0	0.0	0.0	0.0	0.0	0.0	0.0	0.0	0.0	0.0	0.0	0.0	0.0	0.0	0.0	0.0	0.0	0.0	0.0	0.0	0.0	0.0	0.0	0.0	0.0	0.0	0.0	0.0	0.0	0.0	0.0	0.0	0.0	0.0	0.0	0.0	0.0	0.0	0.0	0.0	0.0	0.0	0.0	0.0	0.0	0.0	0.0	0.0	0.0	0.0	0.0	0.0	0.0	0.0	0.0	0.0	0.0	0.0	0.0	0.0	0.0	0.0	0.0	0.0	0.0	0.0	0.0	0.0	0.0	0.0	0.0	0.0	0.0	0.0	0.0	0.0	0.0	0.0	0.0	0.0	0.0	0.0	0.0	0.0	0.0	0.0	0.0	0.0	0.0	0.0	0.0	0.0	0.0	0.0	0.0	1.242045294	-2.220756893	-2.904441647	-1.481559864	-4.120518196	-3.252536033	-1.07862393	-0.63881953	-2.056837375	-2.787517271	-1.487988419	0.8839351829	2.00164101	2.490049672	-1.218669715	0.5373743304	-1.974624194	0.6183372901	-2.460117063	1.150891521	-1.625074296	2.416151751	-0.1859258619	2.462139659	-3.10175513	-2.788480875	2.219357563	-0.7131593602	-2.164699418	-0.3526709962	-2.712205507	-0.2502790302	-1.568451918	0.7583850324
8405.882065397242	13.501539356622743	70658853.29736699	182.29156499843288	7017.084208257148	56.93626890791256	3241.738717154131	49239470.78577185	7557.563980820682	7.447595778417963	57116773.32419816	55.46668287870906	7519.821590333316	8196.471864204368	0.5907020000000001	25.253416	0.33600630000000026	0.210501	0.1126017498	-0.0725102367	-0.082201083	-0.0236815177	-0.1004435449	0.1320949092	0.0580965348	-0.026581542799999996	0.0787151733	0.1051348824	-0.1960073014	0.0031594237	0.044877694100000004	0.05921058730000001	0.10560159640000001	-0.19495906699999999	-0.0024881907	0.0502105547	0.060060939699999996	-0.0467206537	0.0033572794	0.041850587	-0.06406570660000001	0.0510830745	-0.0100353595	-0.32421	-0.033356	0.1051121241	0.0011126227359999998	-6.07935	0.19103000000000048	0.03649246090000018	36.9584964225	2.34353	0.00023999999999979596	5.492132860899999	5.759999999990205e-08	0.0128518	-0.0005756000000000008	3.313153600000009e-07	0.00016516876324	0.000999452	0.00029096600000000003	9.989043003040001e-07	8.4661213156e-08	-0.008019	0.0013610399999999991	1.8524298815999974e-06	6.430436100000001e-05	0.0	0.0	0.0	0.0	0.0	0.0	0.0	0.0	0.0	0.0	0.0	0.0	0.0	0.0	0.0	0.0	0.0	0.0	0.0	0.0	0.0	0.0	0.0	0.0	0.0	0.0	0.0	0.0	0.0	0.0	0.0	0.0	0.0	0.0	0.0	0.0	0.0	0.0	0.0	0.0	0.0	0.0	0.0	0.0	0.0	0.0	0.0	0.0	0.0	0.0	0.0	0.0	0.0	0.0	0.0	0.0	0.0	0.0	0.0	0.0	0.0	0.0	0.0	0.0	0.0	0.0	0.0	0.0	0.0	0.0	0.0	0.0	0.0	0.0	0.0	0.0	0.0	0.0	0.0	0.0	0.0	0.0	0.0	0.0	0.0	0.0	0.0	0.0	0.0	0.0	0.0	0.0	0.0	0.0	0.0	0.0	0.0	0.0	0.0	0.0	0.0	0.0	0.0	1.342790282	-2.106103153	-2.860057652	-1.344573376	-3.826795904	-3.372953867	-1.522354526	-0.5923102801	-1.834552495	-2.646982874	-1.358952088	1.088954627	2.356589408	2.420623376	-0.9197688238	0.4212560497	-2.128277102	0.2852215801	-2.283984174	1.451690164	-2.117284049	2.614567476	-0.3818942623	2.647498424	-3.17827728	-2.671776513	2.415900243	-0.6470943911	-2.043732517	-0.02512739119	-2.693639593	0.3404339122	-1.278957607	1.071989082
8433.468197854587	27.58613245734523	71123385.84422469	760.994703954196	7061.675366210938	44.591157953789654	1988.371367659819	49867258.97775038	7583.738216138538	26.174235317855164	57513085.33092013	685.0905944744567	7545.5319811380505	8339.12314322649	0.784248	33.527798	0.26897890000000074	0.20523200000000005	0.1087613874	-0.078997048	-0.0725271965	-0.0256141889	-0.09197325519999999	0.1188806526	0.0423766016	-0.038910472	0.08453040740000001	0.09387695720000001	-0.19974838399999997	-0.0011019877	0.043980712000000005	0.0317450098	0.0947948595	-0.1988488837	0.0013852916	0.0474732157	0.033077018199999995	-0.047008698099999996	0.0041955295000000005	0.0408851447	-0.0638691351	0.052334571399999995	-0.012515395300000001	-0.32368	0.0005299999999999749	0.10476874240000003	2.8089999999997346e-07	-6.08154	-0.0021900000000005804	4.7961000000025425e-06	36.985128771599996	2.37529	0.03176000000000023	5.642002584100001	0.0010086976000000148	0.0166252	0.0037734	1.4238547559999996e-05	0.00027639727504	0.00103252	3.306800000000003e-05	1.0660975504e-06	1.093492624000002e-09	-0.00713549	0.0008835099999999998	7.805899200999993e-07	5.091521754010001e-05	0.0	0.0	0.0	0.0	0.0	0.0	0.0	0.0	0.0	0.0	0.0	0.0	0.0	0.0	0.0	0.0	0.0	0.0	0.0	0.0	0.0	0.0	0.0	0.0	0.0	0.0	0.0	0.0	0.0	0.0	0.0	0.0	0.0	0.0	0.0	0.0	0.0	0.0	0.0	0.0	0.0	0.0	0.0	0.0	0.0	0.0	0.0	0.0	0.0	0.0	0.0	0.0	0.0	0.0	0.0	0.0	0.0	0.0	0.0	0.0	0.0	0.0	0.0	0.0	0.0	0.0	0.0	0.0	0.0	0.0	0.0	0.0	0.0	0.0	0.0	0.0	0.0	0.0	0.0	0.0	0.0	0.0	0.0	0.0	0.0	0.0	0.0	0.0	0.0	0.0	0.0	0.0	0.0	0.0	0.0	0.0	0.0	0.0	0.0	0.0	0.0	0.0	0.0	1.45829119	-2.212404836	-3.075254119	-1.471804361	-3.90882557	-3.074611071	-1.119161563	-0.2779156066	-1.741941964	-2.299007893	-1.069405263	0.9762414895	1.988868942	2.307253042	-0.8041398872	0.7469217466	-2.936600574	0.6484682879	-2.576595092	1.121574657	-1.410402277	2.252198227	-0.1225292951	2.435255132	-2.211088228	-2.345107067	2.116273226	-0.4007396593	-1.332339044	-0.6464952622	-2.531197233	-0.06371151101	-0.9616294507	0.7851332391
8327.873815266013	-105.59438258857337	69353482.2829933	11150.173634262002	7052.152475170378	-9.522891040559443	90.68545377036732	49732854.53305169	7528.921935515359	-54.8162806231785	56684665.51108434	3004.8246213590546	7490.560282193183	7956.576106260639	1.421941	60.790134	1.5746707499999997	0.983525	0.1078513658	-0.1147632624	-0.0311154848	0.0022661057000000003	-0.0772604286	0.1466861181	-0.0213016373	-0.0358917146	0.0634846713	0.1206338217	-0.2257248384	-0.009227073	0.0296943002	0.0322418333	0.1214166645	-0.22459287739999997	0.0084529732	0.032599293700000004	0.030744264500000007	-0.0472947455	0.0050330665999999994	0.0399040709	-0.0636291533	0.0535304912	-0.0149762932	-0.340599	-0.016918999999999962	0.116007678801	0.0002862525609999987	-6.93042	-0.8488799999999994	0.7205972543999991	48.0307213764	2.73551	0.36021999999999954	7.4830149600999984	0.12975844839999967	0.015517700000000002	-0.0011074999999999974	1.2265562499999942e-06	0.0002407990132900001	-0.000100505	-0.0011330250000000002	1.0101255025e-08	1.2837456506250003e-06	-0.011868	-0.00473251	2.23966509001e-05	0.000140849424	0.0	0.0	0.0	0.0	0.0	0.0	0.0	0.0	0.0	0.0	0.0	0.0	0.0	0.0	0.0	0.0	0.0	0.0	0.0	0.0	0.0	0.0	0.0	0.0	0.0	0.0	0.0	0.0	0.0	0.0	0.0	0.0	0.0	0.0	0.0	0.0	0.0	0.0	0.0	0.0	0.0	0.0	0.0	0.0	0.0	0.0	0.0	0.0	0.0	0.0	0.0	0.0	0.0	0.0	0.0	0.0	0.0	0.0	0.0	0.0	0.0	0.0	0.0	0.0	0.0	0.0	0.0	0.0	0.0	0.0	0.0	0.0	0.0	0.0	0.0	0.0	0.0	0.0	0.0	0.0	0.0	0.0	0.0	1.0	0.0	0.0	0.0	0.0	0.0	0.0	0.0	0.0	0.0	0.0	0.0	0.0	0.0	0.0	0.0	0.0	0.0	0.0	0.0	1.582542329	-2.47053782	-3.340651158	-1.548179483	-4.597017457	-3.81768164	-1.629946309	-1.248760629	-1.983917602	-2.83890295	-1.18526302	1.583328682	2.366781698	3.113059128	-1.998103192	0.6250117541	-2.318266047	-0.4305956982	-2.506812652	1.952542149	-2.231568974	2.861808408	-0.8548166254	3.375779429	-2.845920286	-2.912633399	1.952190012	-1.250023088	-0.9478769545	1.492909693	-2.694802708	-1.289117549	-2.382407711	0.8884763368
8374.22089732251	46.34708205649622	70127575.63715301	2148.052015151594	7017.948817216589	-34.20365795378893	1169.890217419789	49251605.60107172	7551.473765661769	22.551830146409888	57024756.03347794	508.5850429525216	7512.123825942497	7944.729856281339	1.513516	64.705116	1.2264535	0.769414	0.11897339189999999	-0.0566110966	-0.0335403245	0.0463853429	-0.0817177943	0.1453225609	0.014353148100000001	-0.0477355275	0.0149149707	0.1080586843	-0.2132520121	-0.0160424362	0.05460277349999999	0.0339659889	0.10876234060000001	-0.2121871249	0.0153508001	0.057207762999999995	0.0304406505	-0.047578783799999996	0.0058697485	0.0389077407	-0.0633459245	0.054669563899999996	-0.0174142899	-0.341229	-0.0006300000000000193	0.11643723044099999	3.969000000000245e-07	-6.710560000000001	0.21985999999999886	0.04833841959999949	45.031615513600016	2.5053	-0.2302099999999996	6.27652809	0.05299664409999981	0.00141	-0.014107700000000003	0.00019902719929000006	1.9881e-06	0.000627365	0.0007278699999999999	3.93586843225e-07	5.297947368999999e-07	-0.0111885	0.0006794999999999995	4.6172024999999935e-07	0.00012518253225	0.0	0.0	0.0	0.0	0.0	0.0	0.0	0.0	0.0	0.0	0.0	0.0	0.0	0.0	0.0	0.0	0.0	0.0	0.0	0.0	0.0	0.0	0.0	0.0	0.0	0.0	0.0	0.0	0.0	0.0	0.0	0.0	0.0	0.0	0.0	0.0	0.0	0.0	0.0	0.0	0.0	0.0	0.0	0.0	0.0	0.0	0.0	0.0	0.0	0.0	0.0	0.0	0.0	0.0	0.0	0.0	0.0	0.0	0.0	0.0	0.0	0.0	0.0	0.0	0.0	0.0	0.0	0.0	0.0	0.0	0.0	0.0	0.0	0.0	0.0	0.0	0.0	0.0	0.0	0.0	0.0	0.0	0.0	0.0	1.0	0.0	0.0	0.0	0.0	0.0	0.0	0.0	0.0	0.0	0.0	0.0	0.0	0.0	0.0	0.0	0.0	0.0	0.0	0.7122014467	-1.787146782	-2.688453634	-1.255982359	-4.120235065	-3.276322971	-1.098792384	-0.9788298803	-2.651413799	-3.416478668	-1.209243465	1.523288786	1.223993811	2.36341894	-1.286896209	0.4576963438	-1.475972977	0.4412768037	-2.316610959	1.62749476	-2.135798057	2.413422229	-0.2804881358	2.031395474	-4.026458902	-2.874706438	1.99191506	-1.739673538	-1.255014989	1.793925726	-1.874844158	-0.6466080872	-0.4771141121	0.4535230065
8357.644133890437	-16.576763432072767	69850215.46875323	274.7890858829049	6991.30011739528	-26.64869982130949	710.1532021662607	48878277.33149125	7555.122125028014	3.6483593662451312	57079870.32408781	13.310526065268574	7517.163865432941	7881.55351632129	1.129082	48.269985	0.4965161000000001	0.281689	0.1123651084	-0.07890265269999999	-0.051835491399999996	0.0118037959	-0.09820703759999999	0.15585359710000002	0.0052143594	-0.0499374236	0.0373932715	0.1080627667	-0.20526192829999998	-0.0020314932999999998	0.049361137	0.050520567	0.1087873666	-0.20423099649999998	0.0018398475	0.053029817699999995	0.047442473	-0.0478608008	0.006705432900000001	0.037896535099999996	-0.063019641	0.055750579800000005	-0.0198256573	-0.373295	-0.03206599999999998	0.139349157025	0.001028228355999999	-6.478	0.2325600000000012	0.054084153600000566	41.964484000000006	2.53105	0.02574999999999994	6.4062141025	0.0006630624999999969	0.00430291	0.0028929100000000003	8.3689282681e-06	1.85150344681e-05	0.000528873	-9.849199999999994e-05	2.7970665012899997e-07	9.700674063999989e-09	-0.012319900000000005	-0.0011314000000000044	1.2800659600000104e-06	0.00015177993601000014	0.0	0.0	0.0	0.0	0.0	0.0	0.0	0.0	0.0	0.0	0.0	0.0	0.0	0.0	0.0	0.0	0.0	0.0	0.0	0.0	0.0	0.0	0.0	0.0	0.0	0.0	0.0	0.0	0.0	0.0	0.0	0.0	0.0	0.0	0.0	0.0	0.0	0.0	0.0	0.0	0.0	0.0	0.0	0.0	0.0	0.0	0.0	0.0	0.0	0.0	0.0	0.0	0.0	0.0	0.0	0.0	0.0	0.0	0.0	0.0	0.0	0.0	0.0	0.0	0.0	0.0	0.0	0.0	0.0	0.0	0.0	0.0	0.0	0.0	0.0	0.0	0.0	0.0	0.0	0.0	0.0	0.0	0.0	0.0	0.0	0.0	0.0	0.0	0.0	0.0	0.0	0.0	0.0	0.0	0.0	0.0	0.0	0.0	0.0	0.0	0.0	0.0	0.0	1.281313869	-2.203010604	-2.941845485	-1.343834232	-3.92740596	-3.43619201	-1.7102464	-1.018226979	-2.557983386	-2.66546827	-1.938451378	1.07921443	2.126485217	2.189833594	-1.498309139	-0.1028881884	-2.031227592	-0.8524084268	-2.34983822	2.26618346	-2.017119871	2.945369603	-0.9934431954	2.088426885	-3.498947435	-2.894680004	1.890366934	-0.7646404284	-0.3734146062	1.438195508	-1.835381065	-0.2339168735	-1.030063223	0.892024404
8399.680460158921	42.03632626848412	70554631.83277558	1767.0527261504476	7019.721705659908	28.421588264628554	807.7866794840717	49276492.82491285	7539.880235727567	-15.241889300446928	56849793.9691152	232.31518944707852	7502.976410259812	8187.023394530748	1.571344	67.177376	1.92298785	1.26309	0.11841966289999999	-0.0581560347	-0.047364721299999996	0.015085767	-0.10087290939999999	0.1003520246	0.033949480899999995	-0.0640733827	0.0400122278	0.1057217988	-0.1427535064	-0.019640884299999998	0.06054768150000001	0.0087166708	0.1063821414	-0.142011098	0.019310901000000002	0.0616734709	0.0064044913	-0.0481407845	0.0075399779000000005	0.0368708406	-0.0626505246	0.056772391	-0.022206708199999998	-0.406836	-0.033541000000000036	0.16551553089600002	0.0011249986810000028	-5.373469999999998	1.1045300000000005	1.219986520900001	28.874179840899988	2.18625	-0.3448000000000002	4.779689062499998	0.11888704000000015	0.011740100000000002	0.0074371900000000015	5.531179509610002e-05	0.00013782994801000005	0.00187272	0.001343847	3.5070801984e-06	1.805924759409e-06	-0.0122986	2.1300000000005342e-05	4.536900000002276e-10	0.00015125556196	0.0	0.0	0.0	0.0	0.0	0.0	0.0	0.0	0.0	0.0	0.0	0.0	0.0	0.0	0.0	0.0	0.0	0.0	0.0	0.0	0.0	0.0	0.0	0.0	0.0	0.0	0.0	0.0	0.0	0.0	0.0	0.0	0.0	0.0	0.0	0.0	0.0	0.0	0.0	0.0	0.0	0.0	0.0	0.0	0.0	0.0	0.0	0.0	0.0	0.0	0.0	0.0	0.0	0.0	0.0	0.0	0.0	0.0	0.0	0.0	0.0	0.0	0.0	0.0	0.0	0.0	0.0	0.0	0.0	0.0	0.0	0.0	0.0	0.0	0.0	0.0	0.0	0.0	0.0	0.0	0.0	0.0	0.0	0.0	0.0	1.0	0.0	0.0	0.0	0.0	0.0	0.0	0.0	0.0	0.0	0.0	0.0	0.0	0.0	0.0	0.0	0.0	0.0	1.051115644	-1.905981491	-2.516630108	-1.404062378	-3.489250745	-2.634885003	-0.7973677998	-0.9042482813	-1.830123245	-2.26996247	-0.4828856466	0.8955251962	1.131812245	2.67489877	-0.7528202757	0.7428246022	-2.044102434	0.3323474322	-2.720549741	0.8445289528	-1.108218647	1.934418531	-0.4932004012	2.534173331	-3.182860369	-2.20776449	1.766815593	-0.744475773	-0.06561804882	-0.001018089245	-1.950717971	-1.102480087	-1.079249496	0.03670828931
8549.166408891379	149.48594873245747	73088246.2869167	22346.048868442904	7096.241281582446	76.51957592253801	5855.245499365061	50356640.32643488	7611.886374042259	72.0061383146922	57940814.17133021	5184.8839549945815	7574.2072503560485	8649.187643774489	1.629302	69.65514399999999	2.6588660000000006	1.9175	0.1033211667	-0.029932681099999997	-0.0808644113	-0.0334637119	-0.067745981	0.051462652000000005	0.024456735499999997	-0.034573827	0.0383100136	0.0574579819	-0.0674542177	-0.0174994485	0.0432238987	0.011915888000000001	0.0580013163	-0.0672601642	0.0164252405	0.0423571795	0.0058207925	-0.0484187232	0.0083732417	0.0358310494	-0.0622388263	0.057733912199999994	-0.0245538015	-0.30422	0.10261600000000004	0.0925498084	0.010530043456000008	-3.52925	1.844219999999999	3.4011474083999964	12.455605562500002	2.05303	-0.13321999999999967	4.214932180900002	0.017747568399999913	0.0191428	0.007402699999999997	5.479996728999994e-05	0.00036644679183999985	0.00201705	0.0001443299999999998	4.068490702499998e-06	2.0831148899999943e-08	-0.008269429999999998	0.004029170000000002	1.6234210888900016e-05	6.838347252489996e-05	0.0	0.0	0.0	0.0	0.0	0.0	0.0	0.0	0.0	0.0	0.0	0.0	0.0	0.0	0.0	0.0	0.0	0.0	0.0	0.0	0.0	0.0	0.0	0.0	0.0	0.0	0.0	0.0	0.0	0.0	0.0	0.0	0.0	0.0	0.0	0.0	0.0	0.0	0.0	0.0	0.0	0.0	0.0	0.0	0.0	0.0	0.0	0.0	0.0	0.0	0.0	0.0	0.0	0.0	0.0	0.0	0.0	0.0	0.0	0.0	0.0	0.0	0.0	0.0	0.0	0.0	0.0	0.0	0.0	0.0	0.0	0.0	0.0	0.0	0.0	0.0	0.0	0.0	0.0	0.0	0.0	0.0	0.0	0.0	0.0	0.0	1.0	0.0	0.0	0.0	0.0	0.0	0.0	0.0	0.0	0.0	0.0	0.0	0.0	0.0	0.0	0.0	0.0	1.458617747	-1.403569607	-2.368202385	-1.409506345	-2.043068527	-1.717709653	-0.6532160804	0.05695266857	-0.9710518196	-1.339132898	-0.2760021291	1.001168425	0.6068068853	1.923962713	-0.03167292917	0.4985030913	-0.6118336351	0.9292489339	-2.053788657	0.7169813561	-1.166439429	1.636217054	0.3607709611	1.504662804	-1.943849181	-1.336172591	1.23199104	0.1978722434	0.3008120151	-0.8984112458	-1.015398549	-0.9926042547	-1.065958679	-1.764233792
8547.038341378528	-2.128067512850976	73051864.40899462	4.528671339251738	7065.741919464761	-30.49936211768545	930.2110895857063	49924708.87248156	7592.4060584957	-19.480315546559726	57644629.75708221	379.48269379353655	7556.003981139762	8744.85486671001	1.201975	51.386272	1.0442295	0.8410149999999998	0.10417188039999999	-0.0166217345	-0.0958094128	-0.0548518375	-0.0645165069	0.0244768584	0.0671327818	-0.0490722033	0.0292897151	0.0644258662	-0.0337757361	0.0228121009	0.064081371	0.0185752326	0.0643162892	-0.033014064100000004	-0.0233135269	0.0638331731	0.012397348899999999	-0.0486946049	0.0092050827	0.0347775591	-0.0617848259	0.0586341225	-0.026863348	-0.306137	-0.001917000000000002	0.093719862769	3.6748890000000085e-06	-2.69965	0.8296000000000001	0.6882361600000002	7.288110122500001	1.98016	-0.07287000000000021	3.9210336256000002	0.005310036900000031	0.020834900000000003	0.0016921000000000054	2.8632024100000182e-06	0.00043409305801000016	0.00218067	0.00016362000000000017	4.7553216489e-06	2.6771504400000057e-08	-0.0073283	0.0009411299999999977	8.857256768999952e-07	5.370398089000001e-05	0.0	0.0	0.0	0.0	0.0	0.0	0.0	0.0	0.0	0.0	0.0	0.0	0.0	0.0	0.0	0.0	0.0	0.0	0.0	0.0	0.0	0.0	0.0	0.0	0.0	0.0	0.0	0.0	0.0	0.0	0.0	0.0	0.0	0.0	0.0	0.0	0.0	0.0	0.0	0.0	0.0	0.0	0.0	0.0	0.0	0.0	0.0	0.0	0.0	0.0	0.0	0.0	0.0	0.0	0.0	0.0	0.0	0.0	0.0	0.0	0.0	0.0	0.0	0.0	0.0	0.0	0.0	0.0	0.0	0.0	0.0	0.0	0.0	0.0	0.0	0.0	0.0	0.0	0.0	0.0	0.0	0.0	0.0	0.0	0.0	0.0	0.0	1.0	0.0	0.0	0.0	0.0	0.0	0.0	0.0	0.0	0.0	0.0	0.0	0.0	0.0	0.0	0.0	1.453020623	-1.038934758	-2.289596413	-1.382390765	-1.752997099	-1.383612664	-1.575250198	0.6112629998	-0.3930820841	-1.29008702	-0.1099919089	1.091724603	0.4678745024	1.764378201	0.4919051852	0.3399231482	-1.663717899	0.208220278	-2.068799623	0.2912270606	-1.150933119	1.293487118	0.2247264721	1.902283064	-2.113983544	0.2475402213	1.705258996	0.3224344901	-0.1915255215	-1.564015248	-2.055867187	-0.6846338411	0.04556164749	-0.9575600295
8614.275890488769	67.23754911024116	74205749.11745606	4520.888010352092	7128.6268268991025	62.88490743434159	3954.511583025709	50817320.43718557	7619.102083719989	26.69602522428977	58050716.56214628	712.6777627759157	7582.179035103185	8808.733207490926	1.024447	43.796669	0.7675784999999999	0.41207	0.10834676539999999	0.007122738399999998	-0.06942302759999999	-0.014147060900000001	-0.0335390878	-0.0125840825	0.0407043042	-0.0890458831	0.019585408999999998	0.0489670209	-0.0170757942	0.021702097099999998	0.044984735899999996	-0.0036271027000000003	0.048876123099999995	-0.0164773434	-0.022519674	0.045489565999999995	-0.0077870419	-0.048968418	0.0100353595	0.0337107723	-0.0612888318	0.059472065899999996	-0.0291318163	-0.32512	-0.01898299999999997	0.10570301439999998	0.00036035428899999897	-2.40869	0.2909600000000001	0.08465772160000007	5.8017875161	1.6967	-0.2834599999999998	2.8787908900000003	0.0803495715999999	0.0198767	-0.0009582000000000027	9.181472400000055e-07	0.00039508320288999995	0.003572	0.00139133	1.2759184e-05	1.9357991689e-06	-0.00619432	0.0011339800000000006	1.2859106404000012e-06	3.83696002624e-05	0.0	0.0	0.0	0.0	0.0	0.0	0.0	0.0	0.0	0.0	0.0	0.0	0.0	0.0	0.0	0.0	0.0	0.0	0.0	0.0	0.0	0.0	0.0	0.0	0.0	0.0	0.0	0.0	0.0	0.0	0.0	0.0	0.0	0.0	0.0	0.0	0.0	0.0	0.0	0.0	0.0	0.0	0.0	0.0	0.0	0.0	0.0	0.0	0.0	0.0	0.0	0.0	0.0	0.0	0.0	0.0	0.0	0.0	0.0	0.0	0.0	0.0	0.0	0.0	0.0	0.0	0.0	0.0	0.0	0.0	0.0	0.0	0.0	0.0	0.0	0.0	0.0	0.0	0.0	0.0	0.0	0.0	0.0	0.0	0.0	0.0	0.0	0.0	1.0	0.0	0.0	0.0	0.0	0.0	0.0	0.0	0.0	0.0	0.0	0.0	0.0	0.0	0.0	1.168180092	-1.01854021	-1.669352291	-1.532837803	-1.452455795	-1.215244604	-0.5314552057	0.1705311455	-0.6076039197	-0.864766191	0.08350094878	0.8826087861	-0.3076127914	1.328658705	0.7848003534	0.3560450144	-0.9092951705	0.7023035474	-1.502839558	-0.1369169639	-0.457813345	0.5907095546	0.2003268244	1.016273912	-2.047882404	0.3864402296	1.209295588	0.3358195257	-1.699180731	-1.551617207	-0.2188887042	-0.4738135224	0.1858800211	-1.394613701
8643.380552759176	29.104662270407058	74708027.37981552	847.0813658744562	7109.513058926197	-19.113767972905407	365.3361261220645	50545175.93504214	7625.081359781206	5.9792760612162965	58141865.7432828	35.75174221623428	7588.577545460224	8898.308285265273	0.952539	40.722496	0.8427264999999999	0.573087	0.1066265566	0.0246333764	-0.0379832376	0.012536868799999998	-0.046894984800000004	-0.0092095232	0.0630239889	-0.0413942885	-0.0108106318	0.0426979495	0.0014602234	0.0063231207	0.0345993408	-0.00015592889999999998	0.0424307291	0.0020075349	-0.00628413	0.0363186218	-0.0015703873999999998	-0.0492401508	0.010863931	0.0326310971	-0.0607511813	0.0602468524	-0.0313557373	-0.297091	0.028028999999999967	0.08826306228099999	0.0007856248409999982	-1.86807	0.5406199999999999	0.29226998439999985	3.4896855249000005	1.50315	-0.1935500000000001	2.2594599225	0.03746160250000005	0.0186614	-0.001215299999999999	1.4769540899999976e-06	0.00034824784996000005	0.0038942	0.00032219999999999986	1.516479364e-05	1.0381283999999994e-07	-0.00626737	-7.305000000000072e-05	5.336302500000105e-09	3.92799267169e-05	0.0	0.0	0.0	0.0	0.0	0.0	0.0	0.0	0.0	0.0	0.0	0.0	0.0	0.0	0.0	0.0	0.0	0.0	0.0	0.0	0.0	0.0	0.0	0.0	0.0	0.0	0.0	0.0	0.0	0.0	0.0	0.0	0.0	0.0	0.0	0.0	0.0	0.0	0.0	0.0	0.0	0.0	0.0	0.0	0.0	0.0	0.0	0.0	0.0	0.0	0.0	0.0	0.0	0.0	0.0	0.0	0.0	0.0	0.0	0.0	0.0	0.0	0.0	0.0	0.0	0.0	0.0	0.0	0.0	0.0	0.0	0.0	0.0	0.0	0.0	0.0	0.0	0.0	0.0	0.0	0.0	0.0	0.0	0.0	0.0	0.0	0.0	0.0	0.0	1.0	0.0	0.0	0.0	0.0	0.0	0.0	0.0	0.0	0.0	0.0	0.0	0.0	0.0	0.9443037424	-0.9042938595	-1.273713007	-1.402723649	-0.9537930838	-0.8320486439	-0.9787762322	0.08986283011	-0.6359985923	-0.5614647707	0.2113962743	1.120442733	-0.4351130853	1.106243255	0.8552315649	0.2571742268	-0.5539681752	0.8311330872	-0.8010696201	-0.3873772587	-0.4125732976	0.3728291042	-0.1362178157	1.50730751	-1.869427913	-0.005385088886	1.09927457	-0.4232436114	-2.033257953	-1.515405667	-0.5357332021	0.2826103381	0.00320059733	-0.8789493455
8672.360773666738	28.980220907562398	75209841.38863355	839.8532038511167	7112.012826473156	2.499767546958537	6.248837788827102	50580726.44391868	7636.540834297784	11.459474516578664	58316755.9138975	131.31955619611583	7601.63635489274	9024.244440594288	1.09136	46.657295	1.0789065000000002	0.744762	0.08924600029999999	0.0128144808	-0.012547756399999999	0.023002553999999998	-0.049925358899999994	-0.0212564169	0.0455469941	-0.0057352518000000005	-0.0100804762	0.0280807221	0.0339745108	-0.0020519262	0.0184770277	-0.0249300229	0.0275838571	0.034238099	0.0029149298	0.0190732994	-0.0207018866	-0.049509791799999994	0.011690656399999999	0.0315389461	-0.06017223980000001	0.060957659299999994	-0.0335317104	-0.2585	0.03859099999999999	0.06682225	0.0014892652809999991	-1.15306	0.7150100000000001	0.5112393001000002	1.3295473636	1.39322	-0.10992999999999986	1.9410619684000003	0.012084604899999971	0.015395600000000002	-0.0032657999999999997	1.0665449639999998e-05	0.00023702449936000009	0.00437665	0.0004824500000000002	1.91550652225e-05	2.327580025000001e-07	-0.00570811	0.0005592600000000007	3.1277174760000076e-07	3.2582519772099995e-05	0.0	0.0	0.0	0.0	0.0	0.0	0.0	0.0	0.0	0.0	0.0	0.0	0.0	0.0	0.0	0.0	0.0	0.0	0.0	0.0	0.0	0.0	0.0	0.0	0.0	0.0	0.0	0.0	0.0	0.0	0.0	0.0	0.0	0.0	0.0	0.0	0.0	0.0	0.0	0.0	0.0	0.0	0.0	0.0	0.0	0.0	0.0	0.0	0.0	0.0	0.0	0.0	0.0	0.0	0.0	0.0	0.0	0.0	0.0	0.0	0.0	0.0	0.0	0.0	0.0	0.0	0.0	0.0	0.0	0.0	0.0	0.0	0.0	0.0	0.0	0.0	0.0	0.0	0.0	0.0	0.0	0.0	0.0	0.0	0.0	0.0	0.0	0.0	0.0	0.0	1.0	0.0	0.0	0.0	0.0	0.0	0.0	0.0	0.0	0.0	0.0	0.0	0.0	0.9846268842	-0.6233414202	-0.9810664363	-1.30120663	-0.6103845185	-0.5835336195	-0.8751092806	-0.18927998	-0.4639473283	-0.1679184305	0.2582360823	1.121814378	-0.05402881052	0.9713202581	0.3649624496	0.5200566494	-0.8125479444	-0.05929453793	-0.1217904733	-0.5093038057	-0.03217912722	0.4063121505	-0.1446145261	1.805347322	-0.7683259319	-0.1425907971	0.7188083164	-0.2460467724	-1.484669588	-1.168424617	-0.1487574634	1.327636483	-0.3000771101	-0.3496257156
8769.409699049133	97.04892538239436	76902546.469777	9418.493917877553	7238.8619187375325	126.84909226437685	16090.692208296392	52401121.87854843	7702.050273490026	65.50943919224119	59321578.41536778	4291.486623281946	7667.6761173980485	10440.483345886421	1.573499	67.26947	1.1054985000000002	0.566842	-0.029314686200000002	0.0042600494	0.0307198498	0.0278500881	-0.0005397653	-0.0052272748	0.007090385500000002	0.017851016	-0.023803296	-0.0097246448	0.037276049500000005	0.0023295418	-0.0159630398	-0.0043357369	-0.0102400447	0.0373686051	-0.0013111185999999998	-0.0145101536	-0.00048269519999999996	-0.049777329599999996	0.012515395300000001	0.030434737000000007	-0.0595524007	0.0616037317	-0.035656408199999996	-0.200306	0.05819400000000001	0.04012249363599999	0.0033865416360000025	-0.8503589999999999	0.3027010000000001	0.09162789540100008	0.7231104288809997	0.8933450000000001	-0.4998750000000001	0.7980652890250001	0.2498750156250001	0.0116598	-0.0037358000000000022	1.395620164000002e-05	0.00013595093603999998	0.00329857	-0.0010780800000000004	1.08805640449e-05	1.1622564864000007e-06	-0.00562742	8.068999999999958e-05	6.510876099999933e-09	3.16678558564e-05	0.0	0.0	0.0	0.0	0.0	0.0	0.0	0.0	0.0	0.0	0.0	0.0	0.0	0.0	0.0	0.0	0.0	0.0	0.0	0.0	0.0	0.0	0.0	0.0	0.0	0.0	0.0	0.0	0.0	0.0	0.0	0.0	0.0	0.0	0.0	0.0	0.0	0.0	0.0	0.0	0.0	0.0	0.0	0.0	0.0	0.0	0.0	0.0	0.0	0.0	0.0	0.0	0.0	0.0	0.0	0.0	0.0	0.0	0.0	0.0	0.0	0.0	0.0	0.0	0.0	0.0	0.0	0.0	0.0	0.0	0.0	0.0	0.0	0.0	0.0	0.0	0.0	0.0	0.0	0.0	0.0	0.0	0.0	0.0	0.0	0.0	0.0	0.0	0.0	0.0	0.0	1.0	0.0	0.0	0.0	0.0	0.0	0.0	0.0	0.0	0.0	0.0	0.0	1.038507629	-0.3624495001	-0.09226021726	-0.597518563	-0.2118147179	-0.4555787518	-0.7190268044	-0.2916052659	-0.2215679224	-0.2093597756	0.2956609501	1.539739887	-0.1294401919	0.1689602026	0.05946953833	0.03732570716	-0.01392178005	0.2146413363	0.03213522036	-0.1526038314	-0.3602005339	-0.203406127	0.04345633561	0.8936360635	0.6297841283	-0.2293062542	-0.1171967319	-0.7350801705	-0.08110341161	-0.3987089778	-0.5845684267	1.13218959	-0.6151873084	-0.007940698232
8753.068275323254	-16.341423725878485	76616204.23247041	267.0421293887043	7168.368262757646	-70.49365597988617	4969.35553341054	51385503.55051108	7708.268562675966	6.2182891859401925	59417404.2343386	38.66712039998075	7671.879678791392	10288.830279217962	0.6544989999999999	27.980843	0.2514875	0.146688	-0.0339439976	-0.0161464352	0.025733176400000002	0.015452161899999999	-0.011751024099999998	-0.0130204694	-0.0166066573	-0.0045864274	-0.048613022199999995	-0.0139992692	0.032305531400000004	0.0011447726	-0.011043733600000001	-0.0203307277	-0.014135731499999997	0.0321541446	-0.0014422931	-0.0136480304	-0.0217802006	-0.0500427527	0.0133380076	0.0293188918	-0.0588920853	0.062184383600000004	-0.0377265816	-0.19327	0.007035999999999987	0.0373532929	4.950529599999982e-05	-0.782371	0.06798799999999983	0.004622368143999976	0.612104381641	0.7593849999999999	-0.1339600000000002	0.5766655782249998	0.01794528160000005	0.0111528	-0.0005070000000000005	2.5704900000000054e-07	0.00012438494784000002	0.00330768	9.110000000000108e-06	1.09407469824e-05	8.299210000000195e-11	-0.00529346	0.00033396000000000033	1.1152928160000024e-07	2.80207187716e-05	0.0	0.0	0.0	0.0	0.0	0.0	0.0	0.0	0.0	0.0	0.0	0.0	0.0	0.0	0.0	0.0	0.0	0.0	0.0	0.0	0.0	0.0	0.0	0.0	0.0	0.0	0.0	0.0	0.0	0.0	0.0	0.0	0.0	0.0	0.0	0.0	0.0	0.0	0.0	0.0	0.0	0.0	0.0	0.0	0.0	0.0	0.0	0.0	0.0	0.0	0.0	0.0	0.0	0.0	0.0	0.0	0.0	0.0	0.0	0.0	0.0	0.0	0.0	0.0	0.0	0.0	0.0	0.0	0.0	0.0	0.0	0.0	0.0	0.0	0.0	0.0	0.0	0.0	0.0	0.0	0.0	0.0	0.0	0.0	0.0	0.0	0.0	0.0	0.0	0.0	0.0	0.0	0.0	0.0	0.0	0.0	0.0	0.0	0.0	0.0	0.0	0.0	0.0	1.049896027	-0.4346145384	-0.06366476731	-0.4026345035	-0.3928196072	-0.8054985387	-0.9495101686	-0.3522316804	-0.1734463356	-0.138022762	0.1058042733	1.450265315	0.03716162432	0.03751557829	-0.3841790156	-0.07278732467	-0.7798434104	-0.2949939781	-0.2868528407	-0.1959525504	-0.4306763224	-0.1782753289	-0.1040840234	1.051040786	0.4556189089	-0.3048717222	-0.1422631103	-0.3913900608	0.8815482097	-0.5896208289	-0.4702170479	-1.275923253	-0.4582812572	-0.8377207003
8792.294078745585	39.2258034223305	77304435.16714467	1538.663654127315	7200.014263526429	31.646000768782873	1001.469364657806	51840205.39498403	7722.533939705254	14.265377029288175	59637530.44989955	203.50098178774272	7687.075782555222	10412.188080241722	0.586801	25.086649	0.25522950000000005	0.13506700000000002	-0.044900833700000004	-0.0154100808	0.0165525589	0.0048213774	0.002919625	-0.0219948449	-0.023374742900000002	-0.013264377800000001	-0.035622665	-0.0202926015	0.0315749769	0.011351656299999999	-0.019811784199999998	-0.022186854199999998	-0.0206557859	0.031642939	-0.012218519399999999	-0.0207845854	-0.023972630800000002	-0.050306049900000004	0.0141583533	0.0281918373	-0.0581917426	0.0626989983	-0.0397390651	-0.205047	-0.011776999999999982	0.042044272208999985	0.00013869772899999957	-0.676226	0.10614500000000003	0.01126676102500001	0.457281603076	0.692808	-0.06657699999999989	0.479982924864	0.004432496928999985	0.00978689	-0.0013659099999999995	1.8657101280999993e-06	9.57832158721e-05	0.00334764	3.995999999999991e-05	1.12066935696e-05	1.5968015999999928e-09	-0.00528472	8.740000000000137e-06	7.638760000000237e-11	2.79282654784e-05	0.0	0.0	0.0	0.0	0.0	0.0	0.0	0.0	0.0	0.0	0.0	0.0	0.0	0.0	0.0	0.0	0.0	0.0	0.0	0.0	0.0	0.0	0.0	0.0	0.0	0.0	0.0	0.0	0.0	0.0	0.0	0.0	0.0	0.0	0.0	0.0	0.0	0.0	0.0	0.0	0.0	0.0	0.0	0.0	0.0	0.0	0.0	0.0	0.0	0.0	0.0	0.0	0.0	0.0	0.0	0.0	0.0	0.0	0.0	0.0	0.0	0.0	0.0	0.0	0.0	0.0	0.0	0.0	0.0	0.0	0.0	0.0	0.0	0.0	0.0	0.0	0.0	0.0	0.0	0.0	0.0	0.0	0.0	0.0	0.0	0.0	0.0	0.0	0.0	0.0	0.0	0.0	0.0	0.0	0.0	0.0	0.0	0.0	0.0	0.0	0.0	0.0	0.0	1.032647407	-0.3985264492	0.07863840078	-0.2450690998	-0.2779066632	-0.7208565377	-0.7611783527	-0.3949404327	-0.112511926	-0.1916375015	0.1779115542	1.225346444	0.02795512373	-0.1517241923	-0.282918311	-0.2683865315	-0.2235008162	-0.006006141376	-0.3962596521	-0.104528852	-0.482730027	-0.2238942371	-0.1962905855	0.6531411534	0.5894785505	1.139486653	0.0829257436	-0.2690754435	-0.1767524506	-0.2925833915	-0.3766622766	-1.160807594	-0.3267580248	-0.7273307411
8820.015786600734	27.72170785514936	77792678.47588617	768.4930864062499	7233.607273312832	33.593009786402945	1128.490306509364	52325074.18452431	7734.27304912928	11.739109424025626	59818979.59848753	137.8066900692473	7699.113638688137	10530.247228589113	0.60127	25.705231	0.3089075000000001	0.16711899999999996	-0.037305381400000004	0.005559296700000001	0.019727036200000003	0.0018068411999999999	0.0122445554	-0.026948675800000002	0.00345049	0.0040843257	-0.0315749678	-0.024864157799999998	0.0309513746	0.0133884371	-0.011817579199999999	0.0021427619	-0.025445500000000003	0.0310693806	-0.013088598600000001	-0.0111913326	0.0028925528000000003	-0.0505672099	0.0149762932	0.0270540043	-0.057451848300000004	0.06314702929999999	-0.0416907812	-0.219008	-0.013961	0.04796450406399999	0.00019490952100000006	-0.528265	0.14796099999999998	0.021892457521000004	0.279063910225	0.760587	0.06777900000000002	0.578492584569	0.004593992841000005	0.0109144	0.00112751	1.2712788000999998e-06	0.00011912412736000001	0.00337706	2.942000000000005e-05	1.14045342436e-05	8.655364000000032e-10	-0.00485752	0.00042720000000000003	1.8249984e-07	2.35955005504e-05	0.0	0.0	0.0	0.0	0.0	0.0	0.0	0.0	0.0	0.0	0.0	0.0	0.0	0.0	0.0	0.0	0.0	0.0	0.0	0.0	0.0	0.0	0.0	0.0	0.0	0.0	0.0	0.0	0.0	0.0	0.0	0.0	0.0	0.0	0.0	0.0	0.0	0.0	0.0	0.0	0.0	0.0	0.0	0.0	0.0	0.0	0.0	0.0	0.0	0.0	0.0	0.0	0.0	0.0	0.0	0.0	0.0	0.0	0.0	0.0	0.0	0.0	0.0	0.0	0.0	0.0	0.0	0.0	0.0	0.0	0.0	0.0	0.0	0.0	0.0	0.0	0.0	0.0	0.0	0.0	0.0	0.0	0.0	0.0	0.0	0.0	0.0	0.0	0.0	0.0	0.0	0.0	0.0	0.0	0.0	0.0	0.0	0.0	0.0	0.0	0.0	0.0	0.0	1.091250258	-0.3979373839	-0.08534893762	-0.4168841497	-0.3045104614	-0.595316688	-0.7340204319	-0.02390744139	0.2171200278	-0.1293128729	0.1943669442	1.269235977	0.3304889786	-0.1132011994	-0.275301881	-0.01189401986	-0.2609293438	-0.4042092873	0.1252867853	-0.251701054	-0.2613397913	-0.08811753683	-0.1536862162	0.7029413742	0.7248994252	0.6059458191	0.224786912	-0.2611507445	-0.8023165357	-0.2882504095	-0.3208585071	0.7411511483	-0.6064956169	0.2884946812
8814.748681145424	-5.267105455310229	77699794.31175499	27.74239987735878	7264.815524746507	31.20825143367529	973.9549575474956	52777544.60859788	7730.943456768616	-3.32959236066381	59767486.73175348	11.086185288190801	7696.699405118523	10660.181674984718	0.523203	22.367723	0.15039	0.08679299999999998	-0.038242939100000005	0.0135219736	0.0164287115	0.000601357	0.0180924264	-0.027035338500000002	-0.0101583638	0.006732809300000001	-0.0364010038	-0.025138968900000003	0.028988670299999998	0.007257995699999999	-0.0135412622	-0.0064968448	-0.0256199995	0.029214221600000007	-0.0070935813	-0.0133067769	-0.0050649392	-0.050826221799999995	0.0157916882	0.0259058278	-0.056672905499999995	0.0635280008	-0.0435787454	-0.221257	-0.0022490000000000288	0.048954660049	5.0580010000001295e-06	-0.557103	-0.02883800000000003	0.0008316302440000017	0.310363752609	0.7305699999999999	-0.030017000000000068	0.5337325248999999	0.0009010202890000043	0.0120647	0.0011503000000000017	1.3231900900000035e-06	0.00014555698609000002	0.00371099	0.00033393000000000013	1.37714467801e-05	1.1150924490000004e-07	-0.00515901	-0.0003014900000000006	9.089622010000037e-08	2.6615384180100007e-05	0.0	0.0	0.0	0.0	0.0	0.0	0.0	0.0	0.0	0.0	0.0	0.0	0.0	0.0	0.0	0.0	0.0	0.0	0.0	0.0	0.0	0.0	0.0	0.0	0.0	0.0	0.0	0.0	0.0	0.0	0.0	0.0	0.0	0.0	0.0	0.0	0.0	0.0	0.0	0.0	0.0	0.0	0.0	0.0	0.0	0.0	0.0	0.0	0.0	0.0	0.0	0.0	0.0	0.0	0.0	0.0	0.0	0.0	0.0	0.0	0.0	0.0	0.0	0.0	0.0	0.0	0.0	0.0	0.0	0.0	0.0	0.0	0.0	0.0	0.0	0.0	0.0	0.0	0.0	0.0	0.0	0.0	0.0	0.0	0.0	0.0	0.0	0.0	0.0	0.0	0.0	0.0	0.0	0.0	0.0	0.0	0.0	0.0	0.0	0.0	0.0	0.0	0.0	1.145699988	-0.4132315191	-0.07043691908	-0.3939503648	-0.358185211	-0.4329266603	-0.6644018869	0.0249752672	0.2673412434	-0.2067655724	0.5445745689	1.404065574	0.3968812906	-0.3266475563	-0.1335907651	0.0979072472	-0.2695610603	0.09838476173	0.4119561394	-0.06190500579	-0.1346779997	-0.1828097276	0.1007599438	0.8034043486	0.9716781316	0.09593496452	-0.08364185583	-0.3090272065	0.5493177565	-0.202411841	-0.3854901385	0.6936973605	-0.2625494305	0.3529474653
8836.776547925992	22.02786678056873	78088619.75797482	485.2269149024834	7315.755489008477	50.93996426196917	2594.879959010697	53520278.37495766	7759.271450889105	28.327994120489173	60206293.44858272	802.4752508904687	7722.852012480484	10586.868594813568	0.70903	30.312098	0.3710244999999999	0.213545	-0.0476881563	-0.008931322299999999	0.014919877199999999	-0.0095361737	0.0374451675	-0.0151831945	-0.014700548600000004	-0.0054955415	-0.0184549471	-0.0394705117	0.0272786083	0.0078518977	-0.019669268	-0.0118439072	-0.0396107786	0.027160191299999997	-0.0083391568	-0.0207055923	-0.012316928500000001	-0.0510830745	0.0166043998	0.0247477468	-0.055855443600000006	0.0638415083	-0.0454000708	-0.20132	0.01993700000000001	0.0405297424	0.00039748396900000037	-0.679653	-0.12254999999999995	0.015018502499999984	0.461928200409	0.551751	-0.17881899999999995	0.304429166001	0.031976234760999984	0.0115745	-0.0004902000000000014	2.4029604000000136e-07	0.00013396905025	0.00408945	0.0003784599999999997	1.67236013025e-05	1.432319715999998e-07	-0.00528472	-0.00012570999999999936	1.5803004099999843e-08	2.79282654784e-05	0.0	0.0	0.0	0.0	0.0	0.0	0.0	0.0	0.0	0.0	0.0	0.0	0.0	0.0	0.0	0.0	0.0	0.0	0.0	0.0	0.0	0.0	0.0	0.0	0.0	0.0	0.0	0.0	0.0	0.0	0.0	0.0	0.0	0.0	0.0	0.0	0.0	0.0	0.0	0.0	0.0	0.0	0.0	0.0	0.0	0.0	0.0	0.0	0.0	0.0	0.0	0.0	0.0	0.0	0.0	0.0	0.0	0.0	0.0	0.0	0.0	0.0	0.0	0.0	0.0	0.0	0.0	0.0	0.0	0.0	0.0	0.0	0.0	0.0	0.0	0.0	0.0	0.0	0.0	0.0	0.0	0.0	0.0	0.0	0.0	0.0	0.0	0.0	0.0	0.0	0.0	0.0	0.0	0.0	0.0	0.0	0.0	0.0	0.0	0.0	0.0	0.0	0.0	1.165316805	-0.4647623072	0.08161367181	-0.1634489644	-0.2050984468	-0.8264706831	-0.6700871323	-0.1486136338	0.1766211948	0.02541675666	0.2329124849	1.302639791	0.3680784176	-0.3909228323	-0.3055858243	-0.07575804695	-0.4432027003	-0.2266839236	0.1565121285	-0.2334383615	-0.1989369993	-0.05216754699	-0.1951415387	0.5376308857	0.8776287863	0.6677301024	0.01699901414	0.02280949925	0.3788195193	-0.2587249977	-0.1149788484	-1.523643417	-0.0807299607	-0.3503944723
8860.785678768894	24.009130842901868	78513522.84507594	576.4383638315817	7327.879453228889	12.123964220412743	146.99050841784842	53697817.28105413	7766.911656111679	7.640205222573968	60324916.67384346	58.372735843046534	7729.912327625164	10716.596166738136	0.6391899999999999	27.326363	0.32217700000000005	0.198153	-0.0455188909	0.0097022997	0.0186500894	-0.0145276528	0.043363599	-0.0229096547	0.0002820471	-0.0071349772999999995	-0.0189291011	-0.040514969	0.027535851200000003	0.0111325057	-0.0102982453	-0.0039724693	-0.0408546178	0.027435874	-0.0115178056	-0.010619795900000001	-0.0048835354	-0.0513377571	0.0174142899	0.0235802042	-0.0550000181	0.0640872188	-0.047151972199999996	-0.227255	-0.025935000000000014	0.05164483502500001	0.0006726242250000008	-0.519224	0.16042899999999993	0.025737464040999983	0.269593562176	0.660738	0.10898700000000006	0.4365747046440001	0.011878166169000013	0.0114256	-0.00014890000000000042	2.2171210000000127e-08	0.00013054433536	0.00390206	-0.00018738999999999952	1.52260722436e-05	3.511501209999982e-08	-0.00508449	0.00020023000000000005	4.009205290000001e-08	2.58520385601e-05	0.0	0.0	0.0	0.0	0.0	0.0	0.0	0.0	0.0	0.0	0.0	0.0	0.0	0.0	0.0	0.0	0.0	0.0	0.0	0.0	0.0	0.0	0.0	0.0	0.0	0.0	0.0	0.0	0.0	0.0	0.0	0.0	0.0	0.0	0.0	0.0	0.0	0.0	0.0	0.0	0.0	0.0	0.0	0.0	0.0	0.0	0.0	0.0	0.0	0.0	0.0	0.0	0.0	0.0	0.0	0.0	0.0	0.0	0.0	0.0	0.0	0.0	0.0	0.0	0.0	0.0	0.0	0.0	0.0	0.0	0.0	0.0	0.0	0.0	0.0	0.0	0.0	0.0	0.0	0.0	0.0	0.0	0.0	0.0	0.0	0.0	0.0	0.0	0.0	0.0	0.0	0.0	0.0	0.0	0.0	0.0	0.0	0.0	0.0	0.0	0.0	0.0	0.0	1.079391499	-0.4805835232	0.04103407197	-0.3785282083	-0.09978373273	-0.6090843004	-0.5031524375	-0.05260628408	0.4301681558	0.0125602127	0.3377159408	1.176357733	0.2235350661	-0.4894954947	-0.2035625366	-0.140078654	0.09605256338	-0.1202565612	0.3900253094	-0.4272908133	-0.06328477753	-0.04319111964	-0.1024627885	0.1776422913	0.905368652	1.275797945	0.3104290228	0.03499833377	-0.9347547841	-0.1064834582	0.05326855285	0.1782153165	-0.3148309236	-0.1580315407
8852.548281124036	-8.237397644857992	78367611.06963213	67.854719959512	7335.909829517122	8.030376288232219	64.48694333060227	53815573.02680592	7764.647362559005	-2.2642935526737347	60289748.66489451	5.127025292679843	7727.937735046867	10716.94076495744	0.778116	33.265648	0.5048064999999999	0.23845700000000006	-0.0254894902	0.0386312189	0.017498331699999998	-0.0034194049	0.0395170556	-0.0370240842	0.0149971796	0.0356922107	-0.0256944843	-0.0388280154	0.036914942799999996	-0.0010725223	-0.0005757626	0.0299237925	-0.039016940099999994	0.0364096958	0.0025498701	0.0014735166	0.0341114505	-0.0515902588	0.0182212208	0.022403646099999997	-0.054107210499999996	0.06426487139999999	-0.0488317708	-0.25710500000000003	-0.029850000000000012	0.06610298102500002	0.0008910225000000008	-0.356446	0.16277800000000006	0.02649667728400001	0.12705375091600002	0.830219	0.169481	0.6892635879610001	0.028723809361	0.0133023	0.0018767	3.5220028900000017e-06	0.00017695118528999998	0.00308877	-0.0008132900000000004	9.5405001129e-06	6.614406241000006e-07	-0.00524845	-0.00016396000000000032	2.68828816000001e-08	2.75462274025e-05	0.0	0.0	0.0	0.0	0.0	0.0	0.0	0.0	0.0	0.0	0.0	0.0	0.0	0.0	0.0	0.0	0.0	0.0	0.0	0.0	0.0	0.0	0.0	0.0	0.0	0.0	0.0	0.0	0.0	0.0	0.0	0.0	0.0	0.0	0.0	0.0	0.0	0.0	0.0	0.0	0.0	0.0	0.0	0.0	0.0	0.0	0.0	0.0	0.0	0.0	0.0	0.0	0.0	0.0	0.0	0.0	0.0	0.0	0.0	0.0	0.0	0.0	0.0	0.0	0.0	0.0	0.0	0.0	0.0	0.0	0.0	0.0	0.0	0.0	0.0	0.0	0.0	0.0	0.0	0.0	0.0	0.0	0.0	0.0	0.0	0.0	0.0	0.0	0.0	0.0	0.0	0.0	1.0	0.0	0.0	0.0	0.0	0.0	0.0	0.0	0.0	0.0	0.0	1.221387	-0.4371784282	-0.2773620898	-0.6800102506	-0.0222990217	-0.2736113375	-0.4390059177	0.4507923605	0.7345309411	0.09604931814	0.6201319482	1.42188151	0.3848568888	-0.4066127123	0.2027453313	0.08799416293	0.09135342771	-0.1434086631	0.7762664427	-0.6547084122	0.008444146586	-0.05288559039	0.07355941927	0.4497406959	1.070683773	0.03254395278	-0.005270005568	-0.3255805175	-0.3559837881	-0.3466794648	-0.2639896954	1.465740614	-0.4641683493	0.6878737996
8817.049805785731	-35.49847533830507	77740367.2777062	1260.1417513442532	7300.370660010804	-35.539169506317194	1263.032569198746	53295411.77354658	7737.979272340563	-26.668090218442558	59876323.21917218	711.1870358989917	7701.106049145656	10355.303118150012	0.979148	41.860069	0.6273685000000001	0.319777	0.015424173999999999	0.0586855097	-0.0007076939999999999	-0.0029060054	0.0174366853	-0.0409666746	0.006779666700000001	-0.0027335962	-0.055395991799999995	-0.0257590056	0.0412954001	0.0032386155	0.0042372673	0.0106986866	-0.0257756392	0.0407190571	-0.0030157671999999996	0.0033668643	0.0100714103	-0.0518405688	0.0190250555	0.021218522599999998	-0.0531776276	0.0643742773	-0.0504368977	-0.277156	-0.020050999999999986	0.07681544833600001	0.00040204260099999936	-0.5015270000000001	-0.14508100000000007	0.021048496561000017	0.25152933172900005	0.952076	0.121857	0.906448709776	0.014849128448999997	0.0187117	0.005409400000000003	2.9261608360000014e-05	0.00035012771689000004	0.00402285	0.00093408	1.6183322122499994e-05	8.725054463999998e-07	-0.00571256	-0.0004641100000000002	2.153980921000002e-07	3.26333417536e-05	0.0	0.0	0.0	0.0	0.0	0.0	0.0	0.0	0.0	0.0	0.0	0.0	0.0	0.0	0.0	0.0	0.0	0.0	0.0	0.0	0.0	0.0	0.0	0.0	0.0	0.0	0.0	0.0	0.0	0.0	0.0	0.0	0.0	0.0	0.0	0.0	0.0	0.0	0.0	0.0	0.0	0.0	0.0	0.0	0.0	0.0	0.0	0.0	0.0	0.0	0.0	0.0	0.0	0.0	0.0	0.0	0.0	0.0	0.0	0.0	0.0	0.0	0.0	0.0	0.0	0.0	0.0	0.0	0.0	0.0	0.0	0.0	0.0	0.0	0.0	0.0	0.0	0.0	0.0	0.0	0.0	0.0	0.0	0.0	0.0	0.0	0.0	0.0	0.0	0.0	0.0	0.0	0.0	1.0	0.0	0.0	0.0	0.0	0.0	0.0	0.0	0.0	0.0	1.521209721	-0.5728579097	-0.6048349554	-1.007809696	-0.08141712896	-0.05534394699	-0.5712909464	0.4662060156	0.6153946833	-0.1657155142	0.8394875374	1.741669397	0.646452675	-0.2352701936	0.7887091971	0.2744248881	0.1113842874	0.5074894326	0.9051388544	-0.7506196676	0.3160457239	0.3185670893	0.03543533351	0.8275145094	0.2549230927	0.178723106	-0.2734595364	-0.4270833718	0.4844954701	-0.5968515273	-0.2221718716	-0.7264184688	0.2892086604	0.1925096014
8816.909882851849	-0.13992293388218968	77737899.88233061	0.019578427426199627	7270.104216879987	-30.26644313081761	916.0575797910162	52854415.32429617	7730.18117674687	-7.798095593692778	59755701.02533162	60.81029488837073	7693.03332433943	10396.107530976124	0.788705	33.718357	0.3934915	0.248741	0.0016039922000000001	0.0479668239	0.014365783	-0.0155850879	0.0103887178	-0.0209351792	0.020428377299999998	-0.0115478712	-0.0307964604	-0.0263359382	0.0365827177	0.0045000260999999995	-0.0087099112	0.0115745377	-0.026214237999999997	0.036304556	-0.0037020927000000004	-0.0083005331	0.013067231499999998	-0.05208867650000002	0.0198256573	0.0200252867	-0.0522119012	0.06441532059999999	-0.051964898600000003	-0.249956	0.02720000000000003	0.062478001935999984	0.0007398400000000017	-0.537462	-0.03593499999999994	0.0012913242249999956	0.288865401444	0.798452	-0.15362399999999998	0.6375255963040001	0.023600333376	0.02135	0.0026383	6.960626889999997e-06	0.0004558225000000001	0.00465744	0.00063459	2.1691747353599995e-05	4.027044681e-07	-0.00597432	-0.00026175999999999977	6.851829759999988e-08	3.56924994624e-05	0.0	0.0	0.0	0.0	0.0	0.0	0.0	0.0	0.0	0.0	0.0	0.0	0.0	0.0	0.0	0.0	0.0	0.0	0.0	0.0	0.0	0.0	0.0	0.0	0.0	0.0	0.0	0.0	0.0	0.0	0.0	0.0	0.0	0.0	0.0	0.0	0.0	0.0	0.0	0.0	0.0	0.0	0.0	0.0	0.0	0.0	0.0	0.0	0.0	0.0	0.0	0.0	0.0	0.0	0.0	0.0	0.0	0.0	0.0	0.0	0.0	0.0	0.0	0.0	0.0	0.0	0.0	0.0	0.0	0.0	0.0	0.0	0.0	0.0	0.0	0.0	0.0	0.0	0.0	0.0	0.0	0.0	0.0	0.0	0.0	0.0	0.0	0.0	0.0	0.0	0.0	0.0	0.0	0.0	0.0	0.0	0.0	0.0	0.0	0.0	0.0	0.0	0.0	1.651840915	-0.5905680054	-0.4942605296	-0.8851405192	-0.385643184	-0.7397833066	-0.7719522468	0.600050318	0.8919408188	-0.6538563558	0.7030738668	1.548348387	1.031510683	0.1952450182	0.8341209143	0.1058221145	0.1196845287	0.099777366	0.3146415681	-0.8851675171	0.2269098356	1.010481489	0.05517622671	0.2817486741	-0.06431829887	0.1174593351	-0.480036308	-0.3694793854	-0.7891338511	-0.09316079214	-0.1517411596	-1.042973136	-0.01879212447	1.299370765
8902.445477558234	85.53559470638537	79253535.48089705	7316.337961775023	7347.065288917054	76.96107203706742	5923.006609094681	53979368.35960984	7784.180877234146	53.999700487275724	60593471.92949775	2915.967652715487	7747.153263396281	11028.421702244788	1.260536	53.88981999999999	0.995342	0.5035029999999999	-0.06015637	0.0164380594	0.0183922197	-0.0205074852	0.047226986900000004	0.046810944199999996	0.027952259	0.0029378209999999997	0.0442109255	-0.055115726799999994	0.0342744815	-0.0054478773999999995	-0.033279838799999996	0.0103106589	-0.055103864	0.0333638575	0.0056541092	-0.032946050899999996	0.012048339299999999	-0.052334571399999995	0.020622890300000002	0.0188243946	-0.0512106878	0.0643879575	-0.05341343690000002	-0.17449	0.07546599999999998	0.030446760099999998	0.005695117155999996	-0.458932	0.07853000000000004	0.006166960900000007	0.210618580624	0.302744	-0.495708	0.091653929536	0.24572642126400004	0.017012400000000004	-0.004337599999999997	1.8814773759999974e-05	0.00028942175376000016	0.00407581	-0.0005816299999999996	1.66122271561e-05	3.382934568999996e-07	-0.00398079	0.0019935300000000003	3.9741618609000014e-06	1.5846689024099993e-05	0.0	0.0	0.0	0.0	0.0	0.0	0.0	0.0	0.0	0.0	0.0	0.0	0.0	0.0	0.0	0.0	0.0	0.0	0.0	0.0	0.0	0.0	0.0	0.0	0.0	0.0	0.0	0.0	0.0	0.0	0.0	0.0	0.0	0.0	0.0	0.0	0.0	0.0	0.0	0.0	0.0	0.0	0.0	0.0	0.0	0.0	0.0	0.0	0.0	0.0	0.0	0.0	0.0	0.0	0.0	0.0	0.0	0.0	0.0	0.0	0.0	0.0	0.0	0.0	0.0	0.0	0.0	0.0	0.0	0.0	0.0	0.0	0.0	0.0	0.0	0.0	0.0	0.0	0.0	0.0	0.0	0.0	0.0	0.0	0.0	0.0	0.0	0.0	0.0	0.0	0.0	0.0	0.0	0.0	1.0	0.0	0.0	0.0	0.0	0.0	0.0	0.0	0.0	1.301406847	-0.4932865416	0.218698003	0.1666639593	0.009785376125	-0.9550862132	-0.2604853621	0.4151778257	0.6458572645	-0.6080754741	0.7196963407	1.079420452	0.8496464051	-0.7593349716	0.6468591653	-0.03316088134	0.5846594743	0.6359634293	-0.09431383584	-0.5179421028	0.0277431159	0.732391763	-0.1781064613	-0.2629405046	1.080829319	0.1070886591	0.1201632947	-0.0500667659	-0.02032504287	-0.03072442766	-0.2533485399	-0.4822339606	0.1748448037	1.084281531
8912.513703014678	10.068225456443544	79432900.50642441	101.36916384177778	7287.114005880153	-59.95128303690125	3594.156337770645	53102030.53469469	7799.1976077063955	15.016730472249947	60827483.32405316	225.5021940762001	7761.908205050739	11161.674023776235	0.614046	26.251387	0.26024400000000003	0.119802	-0.0668799246	0.0121994719	0.007326969	-0.0332644914	0.024803188900000002	0.0404758303	0.0079075091	-0.0008103377000000001	0.0345182527	-0.059189414100000004	0.0249852191	0.013837465	-0.0338697085	0.0029509205	-0.059175091900000004	0.0245887725	-0.0135780705	-0.03419212	0.0049633613	-0.0525782431	0.0214166188	0.0176163054	-0.050174667699999995	0.064292217	-0.0547802975	-0.169878	0.004612000000000005	0.028858534884	2.127054400000005e-05	-0.398642	0.06028999999999996	0.0036348840999999945	0.158915444164	0.257577	-0.04516700000000001	0.066345910929	0.0020400578890000013	0.0153697	-0.0016427000000000039	2.698463290000013e-06	0.00023622767809000002	0.0029530000000000003	-0.0011228099999999997	8.720209000000001e-06	1.2607022960999994e-06	-0.003742800000000001	0.00023798999999999912	5.6639240099999584e-08	1.4008551840000007e-05	0.0	0.0	0.0	0.0	0.0	0.0	0.0	0.0	0.0	0.0	0.0	0.0	0.0	0.0	0.0	0.0	0.0	0.0	0.0	0.0	0.0	0.0	0.0	0.0	0.0	0.0	0.0	0.0	0.0	0.0	0.0	0.0	0.0	0.0	0.0	0.0	0.0	0.0	0.0	0.0	0.0	0.0	0.0	0.0	0.0	0.0	0.0	0.0	0.0	0.0	0.0	0.0	0.0	0.0	0.0	0.0	0.0	0.0	0.0	0.0	0.0	0.0	0.0	0.0	0.0	0.0	0.0	0.0	0.0	0.0	0.0	0.0	0.0	0.0	0.0	0.0	0.0	0.0	0.0	0.0	0.0	0.0	0.0	0.0	0.0	0.0	0.0	0.0	0.0	0.0	0.0	0.0	0.0	0.0	0.0	0.0	0.0	0.0	0.0	0.0	0.0	0.0	0.0	1.308350977	-0.5677748393	0.2344616565	0.2361958486	-0.09382721131	-1.011508786	-0.4651439741	0.3024932388	0.6399506685	-0.161719045	0.3911117016	0.9302064365	0.9537187579	-0.7734763295	0.3452338238	0.2993771778	0.05992087457	0.2612274836	0.8139814455	-0.4320264357	0.4746181302	0.7512740045	-0.1902064762	-0.2999179661	1.174525368	0.211175175	0.4558267238	0.4554259763	-0.6018108852	0.1663246542	-0.2670095188	0.166562439	0.8381721488	0.8857587162
8899.970157738491	-12.543545276186705	79209468.80863571	157.3405280957458	7306.284162026263	19.170156146110454	367.49488666625655	53381788.25627582	7783.688436291884	-15.509171414511911	60585805.67326399	240.5343979647134	7747.115087377095	11261.548669624917	0.7934479999999999	33.921108000000004	0.4609615	0.280268	-0.0503890587	0.0410106936	0.005917410400000001	-0.0203080699	0.0328918526	0.027704385	-0.0018164951999999999	0.0249248428	0.0035904196000000007	-0.049899749400000006	0.0306578597	-0.0027678707	-0.028953469	0.0143610093	-0.0498350825	0.030029493100000002	0.0028844287	-0.0296608155	0.014880029	-0.0528196811	0.022206708199999998	0.016401481000000002	-0.049104545199999995	0.064128201	-0.0560633903	-0.1835	-0.013621999999999995	0.03367225	0.00018555888399999983	-0.220391	0.17825100000000002	0.03177341900100001	0.04857219288099999	0.477712	0.220135	0.228208754944	0.04845941822499999	0.0157792	0.00040950000000000014	1.6769025000000013e-07	0.00024898315263999996	0.00277155	-0.0001814500000000005	7.6814894025e-06	3.2924102500000184e-08	-0.00335468	0.0003881200000000005	1.5063713440000036e-07	1.12538779024e-05	0.0	0.0	0.0	0.0	0.0	0.0	0.0	0.0	0.0	0.0	0.0	0.0	0.0	0.0	0.0	0.0	0.0	0.0	0.0	0.0	0.0	0.0	0.0	0.0	0.0	0.0	0.0	0.0	0.0	0.0	0.0	0.0	0.0	0.0	0.0	0.0	0.0	0.0	0.0	0.0	0.0	0.0	0.0	0.0	0.0	0.0	0.0	0.0	0.0	0.0	0.0	0.0	0.0	0.0	0.0	0.0	0.0	0.0	0.0	0.0	0.0	0.0	0.0	0.0	0.0	0.0	0.0	0.0	0.0	0.0	0.0	0.0	0.0	0.0	0.0	0.0	0.0	0.0	0.0	0.0	0.0	0.0	0.0	0.0	0.0	0.0	0.0	0.0	0.0	0.0	0.0	0.0	0.0	0.0	0.0	0.0	0.0	0.0	0.0	0.0	0.0	0.0	0.0	1.319899422	-0.5701791452	-0.01356400078	-0.1090512809	0.05930468106	-0.4388932156	-0.1197567557	0.6343515001	0.8216582855	-0.279497809	0.8362140894	1.078394088	1.037355464	-1.024599568	0.3952369089	0.7126358447	0.4223037717	0.3764716792	1.436608132	-0.1584911877	0.5990254767	0.4982272922	-0.1565776009	-0.1987462684	1.513968098	-0.2433586832	-0.09009611266	0.1553976669	0.813255455	0.5727911484	-0.009139123794	1.178794457	0.5014402986	0.9167099816
8861.338585586882	-38.63157215160936	78523321.52841093	1492.398366905	7333.503261614858	27.219099588594872	740.8793824138455	53780270.08811577	7770.061928004013	-13.62650828787082	60373862.36501744	185.68172811941216	7734.090185568271	11104.00819847052	0.664698	28.416840000000004	0.22579749999999998	0.125444	-0.047334024599999996	0.0297069203	0.004890713400000001	-0.021411214100000003	0.0426492824	0.0090398393	-0.0083032629	-0.0118298298	0.0037574888	-0.0445643686	0.0320457233	0.0089090749	-0.026787254	-0.0024173102	-0.044661577599999995	0.0319262687	-0.0093393729	-0.0277522767	-0.004144149000000001	-0.053058875199999994	0.022993024	0.015180385900000001	-0.0480010475	0.06389608349999999	-0.0572607532	-0.180292	0.003207999999999989	0.032505205264000005	1.0291263999999926e-05	-0.323412	-0.103021	0.010613326441	0.104595321744	0.449123	-0.02858900000000003	0.20171146912899995	0.0008173309210000018	0.016353099999999995	0.0005738999999999952	3.2936120999999447e-07	0.00026742387960999983	0.00364903	0.0008774800000000004	1.3315419940900003e-05	7.699711504000007e-07	-0.00372289	-0.00036820999999999984	1.355786040999999e-07	1.38599099521e-05	0.0	0.0	0.0	0.0	0.0	0.0	0.0	0.0	0.0	0.0	0.0	0.0	0.0	0.0	0.0	0.0	0.0	0.0	0.0	0.0	0.0	0.0	0.0	0.0	0.0	0.0	0.0	0.0	0.0	0.0	0.0	0.0	0.0	0.0	0.0	0.0	0.0	0.0	0.0	0.0	0.0	0.0	0.0	0.0	0.0	0.0	0.0	0.0	0.0	0.0	0.0	0.0	0.0	0.0	0.0	0.0	0.0	0.0	0.0	0.0	0.0	0.0	0.0	0.0	0.0	0.0	0.0	0.0	0.0	0.0	0.0	0.0	0.0	0.0	0.0	0.0	0.0	0.0	0.0	0.0	0.0	0.0	0.0	0.0	0.0	0.0	0.0	0.0	0.0	0.0	0.0	0.0	0.0	0.0	0.0	0.0	0.0	0.0	0.0	0.0	0.0	0.0	0.0	1.389329553	-0.5548800522	-0.03029892352	-0.1479092339	-0.1378214659	-0.5460817838	-0.3397810994	0.4507265095	0.6842635935	-0.3234187093	0.55728159	0.9650637013	1.300879546	-0.8244311355	0.2455952822	0.7307887424	0.01842417516	0.2973994617	1.419415347	-0.1649967691	0.623437205	0.3368689501	0.06043209126	0.01570373329	1.398559835	1.172382084	-0.1590023787	0.2268849365	0.3959128171	0.3419309605	-0.6294865252	-0.17829437	0.8455220562	0.2947507698
8843.693724651139	-17.644860935743054	78210918.69543393	311.34111744171133	7322.743132895612	-10.760128719246497	115.78037005475322	53622566.99036984	7761.2542178001395	-8.807710203873285	60237067.03332046	77.57575903541358	7725.308390584771	11001.579425588296	0.645066	27.57757	0.14948150000000002	0.0933913	-0.0456048996	0.0278622282	0.0204878589	-0.017025070700000002	0.0413417061	0.016493140400000002	0.0021698770999999998	0.0079005116	0.0030661149	-0.0398376606	0.035907671099999997	0.0044975208	-0.028918873900000006	0.0009097942	-0.0400792857	0.0356235084	-0.0040190742	-0.0280648818	0.0044258572	-0.0532958153	0.0237754328	0.013953486999999999	-0.046864924800000006	0.0635961111	-0.0583705553	-0.179923	0.0003690000000000082	0.032372285929	1.3616100000000606e-07	-0.408311	-0.08489900000000006	0.007207840201000009	0.16671787272100005	0.466363	0.017240000000000092	0.21749444776900004	0.00029721760000000303	0.0168515	0.000498400000000003	2.48402560000003e-07	0.00028397305224999987	0.00364903	0.0	1.3315419940900003e-05	0.0	-0.00416396	-0.0004410700000000005	1.9454274490000037e-07	1.7338562881600002e-05	0.0	0.0	0.0	0.0	0.0	0.0	0.0	0.0	0.0	0.0	0.0	0.0	0.0	0.0	0.0	0.0	0.0	0.0	0.0	0.0	0.0	0.0	0.0	0.0	0.0	0.0	0.0	0.0	0.0	0.0	0.0	0.0	0.0	0.0	0.0	0.0	0.0	0.0	0.0	0.0	0.0	0.0	0.0	0.0	0.0	0.0	0.0	0.0	0.0	0.0	0.0	0.0	0.0	0.0	0.0	0.0	0.0	0.0	0.0	0.0	0.0	0.0	0.0	0.0	0.0	0.0	0.0	0.0	0.0	0.0	0.0	0.0	0.0	0.0	0.0	0.0	0.0	0.0	0.0	0.0	0.0	0.0	0.0	0.0	0.0	0.0	0.0	0.0	0.0	0.0	0.0	0.0	0.0	0.0	0.0	0.0	0.0	0.0	0.0	0.0	0.0	0.0	0.0	1.378672914	-0.5983826569	-0.03695776428	-0.3103458798	-0.1523176005	-0.791697249	-0.3283942132	0.2825123395	0.497928309	-0.2767244473	0.5281040177	1.085767248	1.071062888	-0.8369636746	0.1239715635	0.5258861776	0.008510596884	0.3093292657	1.172040396	-0.5764444828	0.4468985561	0.5428608787	0.04964899703	-0.1997720282	1.339420746	0.02338563386	-0.2940029883	-0.07389994147	-0.8846990406	-0.2008856118	-0.04780079941	0.8165177587	0.3395875943	1.212329046
8853.099640466322	9.405915815183107	78377373.24402492	88.47125232231171	7330.540839532081	7.797706636469228	60.80422878843626	53736829.0000477	7768.181623006604	6.927405206464754	60344645.72801752	47.988942894554995	7732.073405554167	10856.157408162475	0.6022569999999999	25.747406	0.2811839999999998	0.1568	-0.0329991538	0.0345810607	0.0160225684	-0.0086686777	0.040059706800000004	-0.0058927222	-0.019039981100000002	0.026249307700000002	-0.0175458764	-0.0410944203	0.034824185	0.0006607599	-0.0136207916	0.0026209107	-0.0412139171	0.034493737000000003	-0.0003258429	-0.014387591699999999	0.0025448208	-0.0535304912	0.0245538015	0.012721253200000001	-0.045696949199999996	0.0632286023	-0.0593910994	-0.210736	-0.030813000000000007	0.044409661696	0.0009494409690000004	-0.313849	0.09446200000000003	0.008923069444000009	0.098501194801	0.580663	0.1143	0.33716951956900004	0.013064490000000005	0.0168212	-3.0299999999996996e-05	9.18089999999818e-10	0.00028295276944000005	0.00339903	-0.0002500000000000002	1.15534049409e-05	6.250000000000013e-08	-0.00471584	-0.0005518799999999994	3.045715343999993e-07	2.22391469056e-05	0.0	0.0	0.0	0.0	0.0	0.0	0.0	0.0	0.0	0.0	0.0	0.0	0.0	0.0	0.0	0.0	0.0	0.0	0.0	0.0	0.0	0.0	0.0	0.0	0.0	0.0	0.0	0.0	0.0	0.0	0.0	0.0	0.0	0.0	0.0	0.0	0.0	0.0	0.0	0.0	0.0	0.0	0.0	0.0	0.0	0.0	0.0	0.0	0.0	0.0	0.0	0.0	0.0	0.0	0.0	0.0	0.0	0.0	0.0	0.0	0.0	0.0	0.0	0.0	0.0	0.0	0.0	0.0	0.0	0.0	0.0	0.0	0.0	0.0	0.0	0.0	0.0	0.0	0.0	0.0	0.0	0.0	0.0	0.0	0.0	0.0	0.0	0.0	0.0	0.0	0.0	0.0	0.0	0.0	0.0	0.0	0.0	0.0	0.0	0.0	0.0	0.0	0.0	1.364009275	-0.5535127301	-0.1636553064	-0.4911780964	-0.1188311673	-0.725203005	-0.3548860422	0.3878460472	0.5829008239	-0.05632362354	0.6586946242	1.233795949	0.9446364155	-0.633032846	0.05706459099	0.5753389477	-0.09285909984	0.190332275	0.5028796362	-0.51360323	0.2170698752	0.6190558766	0.1384856434	-0.1952784645	0.9046888957	-0.5389256613	-0.5575960083	-0.4114422193	0.774885132	-0.06684659527	-0.05057764564	0.1967337319	-0.03131866823	0.8784373011
8834.609337417734	-18.49030304858752	78050322.14478862	341.8913068286049	7333.459505900932	2.9186663688506087	8.518613372659598	53779628.32468873	7751.273410142242	-16.908212864362213	60082239.47877814	285.88766226658385	7714.934660608155	10918.339134545637	0.637883	27.270466	0.20781299999999991	0.110973	-0.029095726800000006	0.045734757599999995	0.0134313499	-0.0082870394	0.0407355545	-0.008835618100000001	-0.0117826496	-0.0116751528	-0.0058182406999999995	-0.0337383785	0.0378854227	0.0110403797	-0.0228936866	0.002732666	-0.0337096566	0.0377205345	-0.011376648799999998	-0.0237892975	0.001471514	-0.053762893099999993	0.025327997799999998	0.011484155800000001	-0.0444979145	0.06279394740000001	-0.060320825099999996	-0.21153	-0.0007940000000000169	0.044744940900000016	6.304360000000269e-07	-0.232197	0.081652	0.006667049104000001	0.05391544680899999	0.588216	0.00755299999999992	0.345998062656	5.704780899999882e-05	0.017635599999999998	0.0008143999999999964	6.632473599999941e-07	0.00031101438735999984	0.00454765	0.0011486200000000006	2.0681120522500008e-05	1.319327904400001e-06	-0.00432258	0.0003932599999999994	1.5465342759999954e-07	1.8684697856400006e-05	0.0	0.0	0.0	0.0	0.0	0.0	0.0	0.0	0.0	0.0	0.0	0.0	0.0	0.0	0.0	0.0	0.0	0.0	0.0	0.0	0.0	0.0	0.0	0.0	0.0	0.0	0.0	0.0	0.0	0.0	0.0	0.0	0.0	0.0	0.0	0.0	0.0	0.0	0.0	0.0	0.0	0.0	0.0	0.0	0.0	0.0	0.0	0.0	0.0	0.0	0.0	0.0	0.0	0.0	0.0	0.0	0.0	0.0	0.0	0.0	0.0	0.0	0.0	0.0	0.0	0.0	0.0	0.0	0.0	0.0	0.0	0.0	0.0	0.0	0.0	0.0	0.0	0.0	0.0	0.0	0.0	0.0	0.0	0.0	0.0	0.0	0.0	0.0	0.0	0.0	0.0	0.0	0.0	0.0	0.0	0.0	0.0	0.0	0.0	0.0	0.0	0.0	0.0	1.552901687	-0.5150601151	-0.1263939934	-0.6106043644	-0.2578305018	-0.4319777948	-0.4800324812	0.6920318817	0.6967597574	-0.3237777051	0.8581457444	1.124705316	1.55864996	-0.641918456	0.5879685938	0.5489173748	-0.1772698063	0.4220505493	0.3104117236	-0.1819831586	0.5795120259	0.6162184925	0.1713389955	-0.07659898141	1.072629476	0.7577666713	-0.5300205165	-0.4892499958	0.5216902539	0.276200257	-0.7496852987	0.1119965741	0.1279509624	0.1304523281
8848.997825180782	14.388487763048033	78304762.51005422	207.028580107383	7338.552256482712	5.0927505817808205	25.936108488228875	53854349.22112751	7768.743378547316	17.469968405073814	60353373.68172276	305.1997960742773	7732.159702418041	10922.0950152406	0.78505	33.562096000000004	0.7630889999999999	0.450211	-0.0361572139	0.032122162999999995	0.0193651526	-0.0052616804000000005	0.036698881	0.0219833252	0.0016040636	-0.0082793429	0.05828119230000001	-0.044343475099999995	0.026795349	0.0055624579000000006	-0.032512714500000005	0.011221871299999998	-0.0442330624	0.0263009571	-0.004995068	-0.0318351268	0.014049025	-0.0539930111	0.0260978903	0.0102426677	-0.0432686357	0.062292608	-0.0611583107	-0.205943	0.0055870000000000355	0.042412519249	3.1214569000000406e-05	-0.494224	-0.262027	0.068658148729	0.244257362176	0.35351	-0.234706	0.1249693201	0.055086906435999984	0.0213363	0.0037007000000000008	1.3695180490000011e-05	0.00045523769769	0.00602951	0.0014818599999999998	3.63549908401e-05	2.195909059599999e-06	-0.00428976	3.2820000000000245e-05	1.077152400000016e-09	1.84020408576e-05	0.0	0.0	0.0	0.0	0.0	0.0	0.0	0.0	0.0	0.0	0.0	0.0	0.0	0.0	0.0	0.0	0.0	0.0	0.0	0.0	0.0	0.0	0.0	0.0	0.0	0.0	0.0	0.0	0.0	0.0	0.0	0.0	0.0	0.0	0.0	0.0	0.0	0.0	0.0	0.0	0.0	0.0	0.0	0.0	0.0	0.0	0.0	0.0	0.0	0.0	0.0	0.0	0.0	0.0	0.0	0.0	0.0	0.0	0.0	0.0	0.0	0.0	0.0	0.0	0.0	0.0	0.0	0.0	0.0	0.0	0.0	0.0	0.0	0.0	0.0	0.0	0.0	0.0	0.0	0.0	0.0	0.0	0.0	0.0	0.0	0.0	0.0	0.0	0.0	0.0	0.0	0.0	0.0	0.0	0.0	1.0	0.0	0.0	0.0	0.0	0.0	0.0	0.0	1.673092131	-0.5690617873	-0.056802865	-0.4267793558	-0.5991946349	-0.8370243382	-0.2595205946	0.5206549261	0.4439168389	-0.3822740186	0.6959999433	0.8926393156	1.904525732	-0.133293372	0.6841269413	0.8943514085	-0.4227541155	0.6411714726	-0.2513601163	-0.2503267559	0.6660986126	1.352395859	0.2314306735	-0.3569197875	0.8550116054	-0.505961988	-0.455409983	-0.5232213734	-0.6882675533	-0.1101968412	-0.3038549725	0.053349658	0.5070402686	1.167319565
8829.69859986581	-19.299225314973224	77963577.36447223	372.4600977581035	7291.769615920048	-46.78264056266471	2188.6154580154816	53169904.1316548	7749.636199937493	-19.107178609822768	60056861.23138162	365.0842744276688	7712.751057122487	10700.692379785834	0.633788	27.095417	0.365723	0.171305	-0.029141383	0.0323804975	0.0224044446	-0.0018925367999999998	0.029609383	0.008541811	-0.013752013799999999	0.0233654992	-0.0021556946	-0.0334290979	0.0378762775	0.007098500400000002	-0.014418261100000001	-0.012189529199999998	-0.0332290608	0.037406213199999996	-0.006874148399999999	-0.0151026467	-0.0104409112	-0.054220835300000006	0.026863348	0.0089972636	-0.0420099483	0.0617251165	-0.0619022754	-0.239691	-0.033748	0.057451775480999986	0.001138927504	-0.430774	0.06345	0.004025902500000001	0.185566239076	0.448607	0.095097	0.201248240449	0.009043439408999996	0.0202211	-0.0011152000000000002	1.2436710400000005e-06	0.00040889288521	0.00758053	0.0015510200000000002	5.74644350809e-05	2.4056630404000006e-06	-0.0050921	-0.0008023400000000003	6.437494756000004e-07	2.5929482410000007e-05	0.0	0.0	0.0	0.0	0.0	0.0	0.0	0.0	0.0	0.0	0.0	0.0	0.0	0.0	0.0	0.0	0.0	0.0	0.0	0.0	0.0	0.0	0.0	0.0	0.0	0.0	0.0	0.0	0.0	0.0	0.0	0.0	0.0	0.0	0.0	0.0	0.0	0.0	0.0	0.0	0.0	0.0	0.0	0.0	0.0	0.0	0.0	0.0	0.0	0.0	0.0	0.0	0.0	0.0	0.0	0.0	0.0	0.0	0.0	0.0	0.0	0.0	0.0	0.0	0.0	0.0	0.0	0.0	0.0	0.0	0.0	0.0	0.0	0.0	0.0	0.0	0.0	0.0	0.0	0.0	0.0	0.0	0.0	0.0	0.0	0.0	0.0	0.0	0.0	0.0	0.0	0.0	0.0	0.0	0.0	0.0	0.0	0.0	0.0	0.0	0.0	0.0	0.0	1.467700166	-0.4492585451	-0.07052903498	-0.5428982219	-0.5535469472	-0.8845582058	-0.4163038549	0.598219036	0.429193142	-0.1958503447	0.8317075561	1.056332425	1.6401797	-0.04140954488	0.6700202257	0.4671685291	-0.1737395478	0.712053605	-0.610560655	-0.6769294823	0.1324939957	1.148973596	0.3116941985	-0.4134779162	0.4546112971	-1.181094439	-0.563925944	-0.8233658482	0.2367679439	0.1205882078	-0.1036110471	-0.7233678149	-0.2360066747	0.7570136719
8810.498507748109	-19.200092117700482	77624883.95503165	368.643537328184	7248.610076254987	-43.15953966506095	1862.745864099969	52542348.03758533	7723.963576648119	-25.672623289374318	59659613.333386794	659.0835865581245	7686.1651022908545	10626.552335811666	0.652153	27.88055	0.2620585	0.16298900000000002	-0.024530512999999997	0.031227181	0.024683352599999996	-0.0100163699	0.011586246000000001	-0.0040837625	-0.021621712	-0.0015522837	-0.0260713075	-0.0185738596	0.039125150299999994	-0.0056868343000000005	-0.0046139206	-0.0036303837	-0.0182002675	0.0386441066	0.0048914045	-0.007311113599999999	-0.0073382914	-0.0544463561	0.027624241	0.007748419499999998	-0.0407227078	0.061092075499999995	-0.0625515817	-0.240351	-0.0006600000000000218	0.057768603201	4.356000000000286e-07	-0.374162	0.056612	0.0032049185439999997	0.139997202244	0.543508	0.094901	0.295400946064	0.009006199801000002	0.0185331	-0.0016879999999999985	2.849343999999995e-06	0.00034347579560999996	0.00746769	-0.00011284000000000034	5.57663939361e-05	1.2732865600000075e-08	-0.00548897	-0.0003968699999999997	1.5750579689999973e-07	3.01287916609e-05	0.0	0.0	0.0	0.0	0.0	0.0	0.0	0.0	0.0	0.0	0.0	0.0	0.0	0.0	0.0	0.0	0.0	0.0	0.0	0.0	0.0	0.0	0.0	0.0	0.0	0.0	0.0	0.0	0.0	0.0	0.0	0.0	0.0	0.0	0.0	0.0	0.0	0.0	0.0	0.0	0.0	0.0	0.0	0.0	0.0	0.0	0.0	0.0	0.0	0.0	0.0	0.0	0.0	0.0	0.0	0.0	0.0	0.0	0.0	0.0	0.0	0.0	0.0	0.0	0.0	0.0	0.0	0.0	0.0	0.0	0.0	0.0	0.0	0.0	0.0	0.0	0.0	0.0	0.0	0.0	0.0	0.0	0.0	0.0	0.0	0.0	0.0	0.0	0.0	0.0	0.0	0.0	0.0	0.0	0.0	0.0	0.0	0.0	0.0	0.0	0.0	0.0	0.0	1.483454889	-0.4507284475	-0.04097799209	-0.6732933227	-0.2196277393	-0.8395328954	-0.5600774152	0.788759777	0.6006992333	-0.3964974524	0.5368171154	1.164346322	1.355869907	0.3026901735	0.6213851035	0.3494383249	-0.1533129877	0.4331702242	-0.3435640749	-0.9928966911	0.5222471651	1.216023651	0.4110483506	-0.3810218854	0.3905171127	-0.07624971918	-0.6348229631	-0.628597255	1.311038633	-0.1616720328	-0.4615574836	-2.04162734	0.3629630996	0.3325328636
8815.626374976857	5.127867228748073	77715268.38318759	26.295022315668444	7279.541805705619	30.93172945063179	956.7718868070822	52991728.90101582	7739.643984532579	15.680407884460692	59902089.00731134	245.87519142305703	7702.438054398211	10797.547514520473	0.676618	28.926466	0.3549075	0.189239	-0.0303473776	0.0332424624	0.0257010012	-0.0087692251	0.0233112142	-0.0015587306	0.0098458687	-0.014580201499999999	0.0074922691000000015	-0.025061185	0.0319090775	0.0122551006	-0.0192374677	-0.0038950344	-0.0250224586	0.0317867474	-0.012711078700000001	-0.020139663999999998	-0.0053053068	-0.054669563899999996	0.028380439900000002	0.0064966131000000005	-0.0394077892	0.060394157300000015	-0.0631052366	-0.200333	0.040018000000000026	0.04013331088899999	0.0016014403240000024	-0.321583	0.05257899999999999	0.0027645512409999987	0.103415625889	0.460542	-0.08296599999999997	0.212098933764	0.0068833571559999964	0.0208149	0.0022818000000000005	5.206611240000001e-06	0.00043326006201	0.006901999999999999	-0.0005656900000000006	4.763760399999999e-05	3.200051761000007e-07	-0.00474957	0.0007394000000000003	5.467123600000005e-07	2.25584151849e-05	0.0	0.0	0.0	0.0	0.0	0.0	0.0	0.0	0.0	0.0	0.0	0.0	0.0	0.0	0.0	0.0	0.0	0.0	0.0	0.0	0.0	0.0	0.0	0.0	0.0	0.0	0.0	0.0	0.0	0.0	0.0	0.0	0.0	0.0	0.0	0.0	0.0	0.0	0.0	0.0	0.0	0.0	0.0	0.0	0.0	0.0	0.0	0.0	0.0	0.0	0.0	0.0	0.0	0.0	0.0	0.0	0.0	0.0	0.0	0.0	0.0	0.0	0.0	0.0	0.0	0.0	0.0	0.0	0.0	0.0	0.0	0.0	0.0	0.0	0.0	0.0	0.0	0.0	0.0	0.0	0.0	0.0	0.0	0.0	0.0	0.0	0.0	0.0	0.0	0.0	0.0	0.0	0.0	0.0	0.0	0.0	0.0	0.0	0.0	0.0	0.0	0.0	0.0	1.398272768	-0.4685019234	0.02868119126	-0.5429783005	-0.2059605948	-1.064447943	-0.3772289005	0.823670338	0.5872030955	-0.5629271205	0.5421242244	0.8140787373	1.460605887	-0.1656860343	0.8453467308	0.6137643975	0.1409935258	0.7943403636	0.06928673071	-0.9311823135	0.6183647889	0.8650107277	0.2621292006	-0.4240621454	0.417690607	0.7174704851	-0.6332175	-0.4647562073	-0.590150251	-0.0399806897	-0.8489519706	-0.2643998984	0.6869193488	0.6591183984
8827.487092557078	11.860717580220806	77924528.36926179	140.67662151775892	7308.880988198139	29.339182492520195	860.7876293294033	53419741.2996442	7759.670593453223	20.02660892064341	60212487.71890269	401.0650648603943	7723.449994714922	10786.08643493966	0.596449	25.499125	0.10199700000000003	0.0568296	-0.029989213799999997	0.0321166971	0.0248934674	-0.0092392296	0.0331665376	0.0102961672	-0.0080322247	0.0396685684	0.0061682078000000005	-0.0339878254	0.0348513369	-0.001910245	-0.0132356247	0.0009081864	-0.034132950499999995	0.0345983174	0.0028033089000000003	-0.0131879209	0.0036766755	-0.0548904493	0.0291318163	0.0052423228	-0.038066086	0.059632103	-0.0635623935	-0.193979	0.006353999999999999	0.037627852441	4.037331599999998e-05	-0.328986	-0.007402999999999994	5.48044089999999e-05	0.10823178819599999	0.482152	0.021610000000000015	0.23247055110400006	0.0004669921000000008	0.0202975	-0.0005174000000000012	2.6770276000000117e-07	0.00041198850625	0.0061723	-0.0007296999999999997	3.809728729e-05	5.324620899999997e-07	-0.00466407	8.549999999999965e-05	7.310249999999937e-09	2.1753548964900007e-05	0.0	0.0	0.0	0.0	0.0	0.0	0.0	0.0	0.0	0.0	0.0	0.0	0.0	0.0	0.0	0.0	0.0	0.0	0.0	0.0	0.0	0.0	0.0	0.0	0.0	0.0	0.0	0.0	0.0	0.0	0.0	0.0	0.0	0.0	0.0	0.0	0.0	0.0	0.0	0.0	0.0	0.0	0.0	0.0	0.0	0.0	0.0	0.0	0.0	0.0	0.0	0.0	0.0	0.0	0.0	0.0	0.0	0.0	0.0	0.0	0.0	0.0	0.0	0.0	0.0	0.0	0.0	0.0	0.0	0.0	0.0	0.0	0.0	0.0	0.0	0.0	0.0	0.0	0.0	0.0	0.0	0.0	0.0	0.0	0.0	0.0	0.0	0.0	0.0	0.0	0.0	0.0	0.0	0.0	0.0	0.0	0.0	0.0	0.0	0.0	0.0	0.0	0.0	1.224752967	-0.4720112362	0.009440518129	-0.4222458793	-0.1208455477	-1.18629429	-0.3718318767	0.7090624663	0.5264051478	0.05137100617	0.4857346076	0.9851361673	1.344615592	-0.844135485	0.656849694	0.6186590415	-0.2457381112	0.7342350999	0.3832730067	-0.9477298915	0.2772557405	0.4598398443	0.2479949282	-0.5517329624	0.5769945736	-0.4217985198	-0.5502745584	-0.5478617117	-0.1795025387	-0.1263529831	-0.2930578766	-0.1607162669	0.5895760107	0.9856036501
8843.339314392953	15.852221835875753	78204650.22948803	251.29293713381603	7308.588841734541	-0.2921464635974189	0.08534955619247801	53415470.85752665	7756.28738700152	-3.38320645170279	60159994.02975887	11.446085894843385	7720.015023635207	10695.184906758603	0.670298	28.656267	0.4670025	0.298584	-0.01203128	0.048922309299999994	0.0134341348	-0.0128715353	0.0348059844	-0.022604947099999998	-0.0194076999	0.007721429	-0.033295341	-0.0294747219	0.0363375815	0.0031492226	-0.0030359435	-0.0020773209	-0.029562975099999996	0.0363547641	-0.0036380032	-0.0036220145	-0.004102022800000001	-0.0551090028	0.0298782424	0.0039860282	-0.0366985103	0.058806722	-0.06392235339999999	-0.198795	-0.004816000000000015	0.039519452025	2.319385600000014e-05	-0.21494	0.11404599999999998	0.013006490115999995	0.04619920360000001	0.710272	0.22812	0.504486313984	0.0520387344	0.0185899	-0.0017076	2.91589776e-06	0.00034558438201	0.00555902	-0.0006132799999999999	3.09027033604e-05	3.761123583999999e-07	-0.00458454	7.95300000000004e-05	6.325020900000063e-09	2.10180070116e-05	0.0	0.0	0.0	0.0	0.0	0.0	0.0	0.0	0.0	0.0	0.0	0.0	0.0	0.0	0.0	0.0	0.0	0.0	0.0	0.0	0.0	0.0	0.0	0.0	0.0	0.0	0.0	0.0	0.0	0.0	0.0	0.0	0.0	0.0	0.0	0.0	0.0	0.0	0.0	0.0	0.0	0.0	0.0	0.0	0.0	0.0	0.0	0.0	0.0	0.0	0.0	0.0	0.0	0.0	0.0	0.0	0.0	0.0	0.0	0.0	0.0	0.0	0.0	0.0	0.0	0.0	0.0	0.0	0.0	0.0	0.0	0.0	0.0	0.0	0.0	0.0	0.0	0.0	0.0	0.0	0.0	0.0	0.0	0.0	0.0	0.0	0.0	0.0	0.0	0.0	0.0	0.0	0.0	0.0	0.0	0.0	0.0	0.0	0.0	0.0	0.0	0.0	0.0	1.317599146	-0.436419381	-0.1848699565	-0.7366981528	-0.04732471324	-0.7440240143	-0.3602162624	0.8199415439	0.8339245812	-0.1150821292	0.7490215604	1.134776904	1.391942952	-0.7687842408	0.9257293405	0.4268623854	0.3019232101	0.6143763592	0.3228455583	-0.5424236716	0.3700690657	0.4165127036	0.3352089636	-0.9769435146	0.4082369996	0.4001017633	-0.4197201684	-0.4870286069	0.3940564347	0.5006743769	-0.2518211424	-0.514500212	0.4049262937	-0.195708812
8827.283516384781	-16.055798008172133	77920934.27863847	257.7886496792242	7309.8628947805855	1.2740530460441732	1.6232111641344362	53434095.54049	7747.486008476965	-8.80137852455482	60023539.45154634	77.46426393249479	7711.809731325488	10825.39804669936	0.565141	24.160641	0.31520950000000003	0.15828299999999998	-0.0209367323	0.0445827152	0.0147104501	-0.010838629399999999	0.029488331200000002	-0.0110947704	0.0170245791	0.0141273524	-0.0091241746	-0.0279353826	0.039679602599999995	0.0067332272	-0.015476596100000004	0.011181742199999999	-0.0282183996	0.039668507	-0.0058073709999999995	-0.013806508600000001	0.014619680900000001	-0.0553252151	0.0306195914	0.0027282097	-0.0353059916	0.0579188907	-0.0641845658	-0.179595	0.0192	0.032254364024999996	0.00036863999999999983	-0.279513	-0.06457299999999999	0.004169672328999999	0.078127517169	0.615682	-0.09459000000000006	0.379064325124	0.008947268100000011	0.0189878	0.00039789999999999964	1.5832440999999975e-07	0.00036053654884	0.00726404	0.0017050200000000009	5.27662771216e-05	2.907093200400003e-06	-0.00395053	0.00063401	4.019686801e-07	1.56066872809e-05	0.0	0.0	0.0	0.0	0.0	0.0	0.0	0.0	0.0	0.0	0.0	0.0	0.0	0.0	0.0	0.0	0.0	0.0	0.0	0.0	0.0	0.0	0.0	0.0	0.0	0.0	0.0	0.0	0.0	0.0	0.0	0.0	0.0	0.0	0.0	0.0	0.0	0.0	0.0	0.0	0.0	0.0	0.0	0.0	0.0	0.0	0.0	0.0	0.0	0.0	0.0	0.0	0.0	0.0	0.0	0.0	0.0	0.0	0.0	0.0	0.0	0.0	0.0	0.0	0.0	0.0	0.0	0.0	0.0	0.0	0.0	0.0	0.0	0.0	0.0	0.0	0.0	0.0	0.0	0.0	0.0	0.0	0.0	0.0	0.0	0.0	0.0	0.0	0.0	0.0	0.0	0.0	0.0	0.0	0.0	0.0	0.0	0.0	0.0	0.0	0.0	0.0	0.0	1.275580631	-0.3545375858	-0.07892243214	-0.6461657986	-0.1327036761	-0.759891212	-0.4288499121	0.8288472374	0.7528359911	-0.3259231422	0.6786878093	0.9559649203	1.563450355	-0.8071364324	0.8731326572	0.7115775013	0.05373151233	0.7653233503	0.5453659336	-0.4001817618	0.4035705215	0.3278874675	0.4257129544	-0.5331595666	0.5409854991	-0.03999195668	-0.5928358081	-0.4896180523	-0.3894235843	0.3484421475	-0.8235120186	1.17520086	0.5520957288	0.9191553425
8819.760372231925	-7.523144152855822	77788173.02359264	56.597697944648715	7293.480258373504	-16.382636407081918	268.39077564664586	53194854.27928403	7754.203399234158	6.717390757192334	60127670.35669456	45.12333858481299	7717.025756087041	10625.233889429812	0.684193	29.250294	0.21048649999999985	0.118746	-0.0220399259	0.0293450939	0.0138808178	0.0004900436	0.024704085	-0.0030301934	-0.0172757054	0.0018916223	-0.0141568441	-0.0294713324	0.0301839496	0.0027064434000000004	-0.01726919	-0.017746829	-0.0293383331	0.0299816938	-0.0032209993	-0.0194220652	-0.0194497531	-0.055539077199999995	0.0313557373	0.0014693481	-0.033889476200000004	0.056969552	-0.0643486298	-0.17442	0.005175000000000013	0.0304223364	2.6780625000000133e-05	-0.378322	-0.09880899999999998	0.009763218480999996	0.143127535684	0.5633859999999999	-0.05229600000000001	0.3174037849959999	0.0027348716160000013	0.019273	0.00028519999999999934	8.133903999999963e-08	0.00037144852899999986	0.00666787	-0.00059617	4.44604903369e-05	3.554186689000001e-07	-0.00374777	0.00020275999999999972	4.1111617599999896e-08	1.40457799729e-05	0.0	0.0	0.0	0.0	0.0	0.0	0.0	0.0	0.0	0.0	0.0	0.0	0.0	0.0	0.0	0.0	0.0	0.0	0.0	0.0	0.0	0.0	0.0	0.0	0.0	0.0	0.0	0.0	0.0	0.0	0.0	0.0	0.0	0.0	0.0	0.0	0.0	0.0	0.0	0.0	0.0	0.0	0.0	0.0	0.0	0.0	0.0	0.0	0.0	0.0	0.0	0.0	0.0	0.0	0.0	0.0	0.0	0.0	0.0	0.0	0.0	0.0	0.0	0.0	0.0	0.0	0.0	0.0	0.0	0.0	0.0	0.0	0.0	0.0	0.0	0.0	0.0	0.0	0.0	0.0	0.0	0.0	0.0	0.0	0.0	0.0	0.0	0.0	0.0	0.0	0.0	0.0	0.0	0.0	0.0	0.0	0.0	0.0	0.0	0.0	0.0	0.0	0.0	1.261663114	-0.4771909951	-0.09221387616	-0.6162776131	-0.1211320553	-0.962710986	-0.4285593051	0.5847813474	0.5461310535	-0.1155505138	0.6155621496	1.018291372	1.379726333	-0.7345952724	0.6876251043	0.6161512809	-0.3451805621	0.6773240493	0.234465583	-0.2313035435	0.217783456	0.7402502713	0.3006153337	-0.5402852979	0.5311867712	-0.3488597368	-0.7161347281	-0.5033523277	0.6170630587	0.3103638697	0.1246033225	-1.37380519	1.103520447	0.02892734543
8831.561765593973	11.80139336204775	77996483.21950133	139.27288528578464	7307.480602767619	14.000344394115016	196.00964315382785	53399272.759825	7755.82631424477	1.6229150106128143	60152841.81673162	2.6338531316723923	7718.554460584019	10776.088520077492	0.6851550000000001	29.291437	0.35580900000000004	0.202662	-0.020920628400000002	0.0380718837	0.01675351	-0.0047169809	0.0339203227	-0.016262696	-0.0188019556	0.001076567	-0.0196623378	-0.028532392900000002	0.0288633104	0.011001364	-0.0140674571	-0.0014147207	-0.028530050699999997	0.028642109300000006	-0.011633205700000001	-0.0147328389	-0.0030685835	-0.055750579800000005	0.0320865551	0.0002099247	-0.0324499271	0.0559597141	-0.0644142944	-0.192045	-0.017625000000000002	0.036881282025	0.00031064062500000004	-0.221731	0.156591	0.024520741281000003	0.049164636360999985	0.652579	0.08919300000000008	0.4258593512410001	0.007955391249000014	0.0182635	-0.0010095	1.01909025e-06	0.00033355543224999987	0.00589837	-0.0007695000000000003	3.47907686569e-05	5.921302500000004e-07	-0.00381677	-6.900000000000005e-05	4.761000000000007e-09	1.45677332329e-05	0.0	0.0	0.0	0.0	0.0	0.0	0.0	0.0	0.0	0.0	0.0	0.0	0.0	0.0	0.0	0.0	0.0	0.0	0.0	0.0	0.0	0.0	0.0	0.0	0.0	0.0	0.0	0.0	0.0	0.0	0.0	0.0	0.0	0.0	0.0	0.0	0.0	0.0	0.0	0.0	0.0	0.0	0.0	0.0	0.0	0.0	0.0	0.0	0.0	0.0	0.0	0.0	0.0	0.0	0.0	0.0	0.0	0.0	0.0	0.0	0.0	0.0	0.0	0.0	0.0	0.0	0.0	0.0	0.0	0.0	0.0	0.0	0.0	0.0	0.0	0.0	0.0	0.0	0.0	0.0	0.0	0.0	0.0	0.0	0.0	0.0	0.0	0.0	0.0	0.0	0.0	0.0	0.0	0.0	0.0	0.0	0.0	0.0	0.0	0.0	0.0	0.0	0.0	1.259188543	-0.4640007363	-0.07236990852	-0.7259599519	-0.07164053758	-0.8064871196	-0.4693647775	0.7222225878	0.9305487145	-0.1724957725	0.5889010303	0.9929725592	1.370647286	-0.8931935398	0.8249183424	0.5785336772	0.06247712303	0.4161199791	0.2668283651	-0.4135356197	0.3155680047	0.6258572965	0.2298415038	-0.8809674326	0.5677365558	0.7611719564	-0.2952044628	-0.5058333315	-0.5268909843	0.5355905113	-0.09725749286	0.3746141071	0.354797245	-0.3654043388
8824.673007793737	-6.888757800235907	77874853.69448337	47.45498403031106	7336.378113572141	28.897510804522422	835.0661306974904	53822443.82530033	7759.451283385219	3.6249691404482287	60209084.21922851	13.140401269201972	7723.444864338267	10858.457599290965	0.545374	23.31559	0.23639300000000005	0.133609	-0.024659398500000002	0.0385049769	0.0145646067	-0.0043375697	0.0330380747	0.0070191951	0.006639557	0.0319049213	0.0047837504	-0.032466069900000005	0.0339069139	0.0005033751000000001	-0.014306163799999999	0.0138235363	-0.032731225600000004	0.0336548046	0.0002461575	-0.013016422199999999	0.017176468700000003	-0.0559597141	0.0328119206	-0.0010495788999999999	-0.030988322599999996	0.0548904493	-0.0643814593	-0.190698	0.0013469999999999869	0.036365727204000005	1.8144089999999646e-06	-0.275092	-0.05336100000000002	0.002847396321000002	0.075675608464	0.5641550000000001	-0.08842399999999995	0.3182708640250001	0.00781880377599999	0.0192276	0.000964099999999999	9.294888099999979e-07	0.00036970060175999984	0.00637174	0.0004733699999999999	4.05990706276e-05	2.2407915689999986e-07	-0.00424452	-0.00042774999999999975	1.8297006249999975e-07	1.80159500304e-05	0.0	0.0	0.0	0.0	0.0	0.0	0.0	0.0	0.0	0.0	0.0	0.0	0.0	0.0	0.0	0.0	0.0	0.0	0.0	0.0	0.0	0.0	0.0	0.0	0.0	0.0	0.0	0.0	0.0	0.0	0.0	0.0	0.0	0.0	0.0	0.0	0.0	0.0	0.0	0.0	0.0	0.0	0.0	0.0	0.0	0.0	0.0	0.0	0.0	0.0	0.0	0.0	0.0	0.0	0.0	0.0	0.0	0.0	0.0	0.0	0.0	0.0	0.0	0.0	0.0	0.0	0.0	0.0	0.0	0.0	0.0	0.0	0.0	0.0	0.0	0.0	0.0	0.0	0.0	0.0	0.0	0.0	0.0	0.0	0.0	0.0	0.0	0.0	0.0	0.0	0.0	0.0	0.0	0.0	0.0	0.0	0.0	0.0	0.0	0.0	0.0	0.0	0.0	1.279205324	-0.3944650917	-0.03430699312	-0.6622588587	-0.1464729424	-0.6950336621	-0.3356404307	0.7322385785	0.8571462117	-0.2471096452	0.7537280966	1.052152056	1.41067527	-0.630771392	0.7298738734	0.7910695166	0.01734507858	0.6704063575	0.2723845589	-0.5212949817	0.4295314859	0.702298726	0.3818283197	-0.6573351469	0.7207891445	-0.4686721761	-0.5060168829	-0.6207828235	-0.3356728379	0.3366198514	-0.3687277029	1.446545718	0.4221043646	0.8424609601
8801.406252422736	-23.26675537100164	77464752.02018602	541.3419054940335	7311.5258399476415	-24.852273624499503	617.6355043069938	53458410.10822207	7755.5347270615075	-3.91655632371112	60148318.90265701	15.339413436801564	7718.566527785386	10643.950080236451	0.5990439999999999	25.610037	0.21205849999999984	0.126414	-0.0208785696	0.0266148633	0.0178861617	0.0011365656	0.0287443932	-0.0017261711	-0.0317132478	0.0015225733999999999	-0.0003648165	-0.030444330699999998	0.0282885692	-0.0037416801000000003	-0.0144135542	-0.0229698649	-0.030220815800000002	0.027985221400000003	0.0035179364000000003	-0.0164678137	-0.0227047006	-0.056166470999999996	0.0335317104	-0.0023086813	-0.029505656	0.053762893099999993	-0.0642501747	-0.204234	-0.013535999999999992	0.041711526756000004	0.00018322329599999976	-0.367539	-0.092447	0.008546447809000001	0.135084916521	0.523519	-0.040636000000000116	0.27407214336099994	0.0016512844960000096	0.0203421	0.001114500000000001	1.2421102500000022e-06	0.00041380103240999986	0.00637174	0.0	4.05990706276e-05	0.0	-0.00443881	-0.00019428999999999974	3.7748604099999905e-08	1.97030342161e-05	0.0	0.0	0.0	0.0	0.0	0.0	0.0	0.0	0.0	0.0	0.0	0.0	0.0	0.0	0.0	0.0	0.0	0.0	0.0	0.0	0.0	0.0	0.0	0.0	0.0	0.0	0.0	0.0	0.0	0.0	0.0	0.0	0.0	0.0	0.0	0.0	0.0	0.0	0.0	0.0	0.0	0.0	0.0	0.0	0.0	0.0	0.0	0.0	0.0	0.0	0.0	0.0	0.0	0.0	0.0	0.0	0.0	0.0	0.0	0.0	0.0	0.0	0.0	0.0	0.0	0.0	0.0	0.0	0.0	0.0	0.0	0.0	0.0	0.0	0.0	0.0	0.0	0.0	0.0	0.0	0.0	0.0	0.0	0.0	0.0	0.0	0.0	0.0	0.0	0.0	0.0	0.0	0.0	0.0	0.0	0.0	0.0	0.0	0.0	0.0	0.0	0.0	0.0	1.272882375	-0.4698590353	-0.08696612608	-0.620262896	-0.2548166679	-0.9544185281	-0.5299266939	0.5958628372	0.6740373734	-0.05163223105	0.5486643684	1.095467699	1.373740016	-0.6150537253	0.5011046578	0.7124929278	-0.3973031909	0.3897312205	-0.02541128472	-0.5407793127	0.1639973411	0.9777498985	0.3347472683	-0.628802476	0.504388774	-0.6233331501	-0.4444651815	-0.7351612162	0.8244006875	-0.05273127359	-0.09110215741	-1.085418367	0.6290826278	-0.2126898792
8815.955283130263	14.54903070752698	77721067.55415238	211.67429452856305	7313.687170669879	2.1613307222378357	4.6713504908891235	53490020.03042118	7753.3756830684815	-2.159043993025989	60114834.48279765	4.661470963821607	7716.05286853466	10649.390625274438	0.56458	24.136656	0.3946175000000001	0.233434	-0.0184352391	0.032628145899999995	0.014537015	-0.0021510879	0.0352069121	-0.0082088664	-0.0268948206	-0.0084649715	-0.0104382302	-0.0255219327	0.028117827999999997	0.003403764	-0.009240188199999999	-0.0155056742	-0.0253886817	0.0282013877	-0.0043583617	-0.011278881599999999	-0.018705911000000002	-0.056370842000000004	0.034245802400000004	-0.003566901	-0.028002935299999997	0.0525782431	-0.0640206412	-0.213134	-0.008900000000000019	0.045426101956000005	7.921000000000033e-05	-0.223165	0.144374	0.020843851876	0.049802617225	0.632247	0.10872800000000003	0.399736269009	0.011821777984000009	0.0182495	-0.0020925999999999965	4.3789747599999854e-06	0.00033304425025000014	0.00607886	-0.0002928799999999997	3.69525388996e-05	8.577869439999983e-08	-0.00417198	0.00026683	7.119824890000001e-08	1.7405417120399998e-05	0.0	0.0	0.0	0.0	0.0	0.0	0.0	0.0	0.0	0.0	0.0	0.0	0.0	0.0	0.0	0.0	0.0	0.0	0.0	0.0	0.0	0.0	0.0	0.0	0.0	0.0	0.0	0.0	0.0	0.0	0.0	0.0	0.0	0.0	0.0	0.0	0.0	0.0	0.0	0.0	0.0	0.0	0.0	0.0	0.0	0.0	0.0	0.0	0.0	0.0	0.0	0.0	0.0	0.0	0.0	0.0	0.0	0.0	0.0	0.0	0.0	0.0	0.0	0.0	0.0	0.0	0.0	0.0	0.0	0.0	0.0	0.0	0.0	0.0	0.0	0.0	0.0	0.0	0.0	0.0	0.0	0.0	0.0	0.0	0.0	0.0	0.0	0.0	0.0	0.0	0.0	0.0	0.0	0.0	0.0	0.0	0.0	0.0	0.0	0.0	0.0	0.0	0.0	1.231650119	-0.4270979406	-0.0624872702	-0.7569068753	-0.1854503323	-0.7645129894	-0.546020116	0.7681298931	0.9621325595	-0.148708819	0.6968710171	0.9652553411	1.290160133	-0.6475044918	0.7008382622	0.5941479545	-0.06904753586	0.4674333201	-0.3596755821	-0.3217938074	0.1644232086	0.7829277558	0.1981775437	-1.06345388	0.5466262248	0.5855196731	-0.3484136319	-0.6528272222	0.1777374886	0.6006143198	-0.01958616755	-1.062360418	0.3187107478	-0.9217541185
8816.004079423556	0.048796293292980415	77721927.92841278	0.002381078239134565	7323.284120470413	9.596949800533368	92.10144547395741	53630490.3091341	7746.576581913067	-6.799101155414974	60009448.73944393	46.227776521565225	7711.063611043117	10776.573495957002	0.514741	22.005953	0.15452950000000001	0.0875713	-0.023608837599999998	0.0312969284	0.0211054776	-0.0072014919	0.0340998009	-0.00044841989999999996	0.0112924802	0.0042682876	0.00042484010000000004	-0.025476689700000003	0.0362335776	0.0103151618	-0.0159155647	-0.0002068057	-0.025781848700000002	0.0363542925	-0.0101135149	-0.0147355914	0.0013359469	-0.0565728181	0.034954075099999996	-0.0048237569	-0.0264811816	0.0513377571	-0.0636932101	-0.208664	0.0044700000000000295	0.043540664896	1.9980900000000265e-05	-0.270335	-0.04716999999999999	0.0022250088999999987	0.07308101222499999	0.569227	-0.06301999999999996	0.3240193775290001	0.003971520399999996	0.0185318	0.0002822999999999957	7.96932899999976e-08	0.00034342761123999985	0.00648146	0.0004025999999999995	4.20093237316e-05	1.6208675999999962e-07	-0.00405949	0.0001124899999999998	1.2654000099999956e-08	1.6479459060099998e-05	0.0	0.0	0.0	0.0	0.0	0.0	0.0	0.0	0.0	0.0	0.0	0.0	0.0	0.0	0.0	0.0	0.0	0.0	0.0	0.0	0.0	0.0	0.0	0.0	0.0	0.0	0.0	0.0	0.0	0.0	0.0	0.0	0.0	0.0	0.0	0.0	0.0	0.0	0.0	0.0	0.0	0.0	0.0	0.0	0.0	0.0	0.0	0.0	0.0	0.0	0.0	0.0	0.0	0.0	0.0	0.0	0.0	0.0	0.0	0.0	0.0	0.0	0.0	0.0	0.0	0.0	0.0	0.0	0.0	0.0	0.0	0.0	0.0	0.0	0.0	0.0	0.0	0.0	0.0	0.0	0.0	0.0	0.0	0.0	0.0	0.0	0.0	0.0	0.0	0.0	0.0	0.0	0.0	0.0	0.0	0.0	0.0	0.0	0.0	0.0	0.0	0.0	0.0	1.251972032	-0.3455960873	0.006595370886	-0.6557244895	-0.2582588841	-0.7606379492	-0.6051214835	0.8049549969	1.051799355	-0.267199157	0.6832641211	1.013997048	1.356528662	-0.6966832225	0.7008141083	0.6606061084	-0.109364405	0.4184234285	-0.2466295896	-0.6379090149	0.3163347379	0.6908555405	0.3238151023	-0.9656196447	0.6318641587	0.2439271799	-0.1659248287	-0.6668570509	-0.9904944467	0.1847257839	-0.4361989004	0.6361537114	0.04607623466	0.6371408114
8821.023207697543	5.019128273987008	77810450.43073864	25.191648630735802	7313.49149819232	-9.792622278092496	95.89545108139343	53487157.89413135	7749.218402556486	2.641820643419124	60050385.85052009	6.979216311995431	7712.792837692918	10688.453790992038	0.573912	24.535604	0.251429	0.152145	-0.0208395425	0.0303803925	0.0221615075	-0.0044005036	0.021601768900000002	0.0022597973	-0.006700816899999999	0.0335755412	-0.0075496185	-0.0250302977	0.0341607747	0.0004772725	-0.0114784994	-0.0046643663	-0.0252819244	0.0339552203	0.0003874683	-0.0115748043	-0.0013467197	-0.056772391	0.035656408199999996	-0.0060787686	-0.0249414294	0.0500427527	-0.0632683818	-0.214449	-0.0057849999999999855	0.04598837360099999	3.346622499999982e-05	-0.366672	-0.096337	0.009280817569000002	0.134448355584	0.527324	-0.04190300000000002	0.278070600976	0.0017558614090000019	0.0202853	0.0017535000000000016	3.0747622500000058e-06	0.00041149339609	0.00637174	-0.00010971999999999978	4.05990706276e-05	1.2038478399999952e-08	-0.00434435	-0.0002848600000000005	8.114521960000028e-08	1.8873376922500007e-05	0.0	0.0	0.0	0.0	0.0	0.0	0.0	0.0	0.0	0.0	0.0	0.0	0.0	0.0	0.0	0.0	0.0	0.0	0.0	0.0	0.0	0.0	0.0	0.0	0.0	0.0	0.0	0.0	0.0	0.0	0.0	0.0	0.0	0.0	0.0	0.0	0.0	0.0	0.0	0.0	0.0	0.0	0.0	0.0	0.0	0.0	0.0	0.0	0.0	0.0	0.0	0.0	0.0	0.0	0.0	0.0	0.0	0.0	0.0	0.0	0.0	0.0	0.0	0.0	0.0	0.0	0.0	0.0	0.0	0.0	0.0	0.0	0.0	0.0	0.0	0.0	0.0	0.0	0.0	0.0	0.0	0.0	0.0	0.0	0.0	0.0	0.0	0.0	0.0	0.0	0.0	0.0	0.0	0.0	0.0	0.0	0.0	0.0	0.0	0.0	0.0	0.0	0.0	1.267189785	-0.4421739599	-0.02236093738	-0.6501323645	-0.3091960318	-0.9247629663	-0.601837883	0.7510282928	0.8445065741	-0.08230427289	0.7715361038	1.030118008	1.352313823	-0.4775601394	0.5506052747	0.6993824462	-0.3802860781	0.5697931758	-0.2257911262	-0.511624487	0.1177939592	1.047854772	0.3111967355	-0.8997859598	0.5126805966	-1.294682175	-0.3453675266	-0.7202246257	-0.1017358503	0.105939602	0.1753258895	-0.4178833147	0.2097581265	0.8025733576
8836.931264333152	15.908056635609682	78091354.17054872	253.06626592176525	7300.496253220577	-12.995244971742975	168.87639187561112	53297245.54328769	7745.881947557148	-3.336454999337548	59998687.14549172	11.131931962604515	7708.300081993591	10733.235331159947	0.54215	23.177731	0.3486270000000001	0.214834	-0.0166200407	0.0383478197	0.013619908899999998	-0.0042924531	0.0245859979	-0.0032114414000000003	-0.0345559021	0.0172918933	-0.0173720671	-0.0220735684	0.0342738056	-0.0063169052	-0.0090199221	-0.0141998086	-0.021856057	0.0338705643	0.006282541	-0.010624503899999999	-0.0140858742	-0.056969552	0.0363526824	-0.0073314563	-0.023384725099999996	0.0486946049	-0.0627468061	-0.219124	-0.004675000000000013	0.048015327375999985	2.1855625000000118e-05	-0.20881	0.157862	0.024920411044	0.043601616100000004	0.615477	0.08815300000000004	0.3788119375290001	0.0077709514090000065	0.0186683	-0.0016170000000000006	2.6146890000000013e-06	0.00034850542489	0.00637174	0.0	4.05990706276e-05	0.0	-0.00400261	0.00034174000000000015	1.1678622760000005e-07	1.60208868121e-05	0.0	0.0	0.0	0.0	0.0	0.0	0.0	0.0	0.0	0.0	0.0	0.0	0.0	0.0	0.0	0.0	0.0	0.0	0.0	0.0	0.0	0.0	0.0	0.0	0.0	0.0	0.0	0.0	0.0	0.0	0.0	0.0	0.0	0.0	0.0	0.0	0.0	0.0	0.0	0.0	0.0	0.0	0.0	0.0	0.0	0.0	0.0	0.0	0.0	0.0	0.0	0.0	0.0	0.0	0.0	0.0	0.0	0.0	0.0	0.0	0.0	0.0	0.0	0.0	0.0	0.0	0.0	0.0	0.0	0.0	0.0	0.0	0.0	0.0	0.0	0.0	0.0	0.0	0.0	0.0	0.0	0.0	0.0	0.0	0.0	0.0	0.0	0.0	0.0	0.0	0.0	0.0	0.0	0.0	0.0	0.0	0.0	0.0	0.0	0.0	0.0	0.0	0.0	1.243159023	-0.4196517119	-0.0476324972	-0.775668309	-0.2871410082	-0.7203521669	-0.5904528801	0.860416298	1.0802006	0.01111526111	0.8597579623	1.103556956	1.365762581	-0.5920764867	0.6529589818	0.6666446596	-0.2484610498	0.4866472423	-0.1018307797	-0.3510255719	0.1362436217	0.8875468768	0.3333543651	-1.03457027	0.533319643	-0.9946010196	-0.2710041931	-0.6741373588	1.102522591	0.4298385542	0.2911812233	-0.5679026038	-0.01394975061	-0.01412563818
8830.252392871906	-6.678871461246673	77973357.32182002	44.607323995855246	7319.941448844747	19.445195624170086	378.1156328622433	53581542.81451534	7743.4950562344175	-2.386891322730662	59961715.68592686	5.697250186526929	7706.595128720523	10837.53453114148	0.514241	21.984585	0.17011600000000016	0.0968774	-0.021158103199999997	0.0371292014	0.014009346899999999	-0.0050213618	0.0291945556	-0.0065816586	-0.037243144	-0.0012862839	0.0024646811	-0.0217948657	0.0339225607	0.0074230987	-0.0150698221	-0.015981999	-0.021675291200000002	0.033698210299999996	-0.0081415173	-0.0173920965	-0.0184745086	-0.057164292900000004	0.0370427793	-0.0085813409	-0.0218121268	0.0472947455	-0.062129280499999995	-0.206037	0.013086999999999988	0.042451245369	0.0001712695689999997	-0.247618	-0.03880799999999998	0.0015060608639999985	0.06131467392399999	0.550716	-0.06476100000000007	0.303288112656	0.004193987121000009	0.019401400000000003	0.0007331000000000039	5.374356100000056e-07	0.00037641432196000016	0.00663206	0.00026032000000000046	4.3984219843600014e-05	6.776650240000028e-08	-0.00407839	-7.578000000000012e-05	5.742608400000018e-09	1.66332649921e-05	0.0	0.0	0.0	0.0	0.0	0.0	0.0	0.0	0.0	0.0	0.0	0.0	0.0	0.0	0.0	0.0	0.0	0.0	0.0	0.0	0.0	0.0	0.0	0.0	0.0	0.0	0.0	0.0	0.0	0.0	0.0	0.0	0.0	0.0	0.0	0.0	0.0	0.0	0.0	0.0	0.0	0.0	0.0	0.0	0.0	0.0	0.0	0.0	0.0	0.0	0.0	0.0	0.0	0.0	0.0	0.0	0.0	0.0	0.0	0.0	0.0	0.0	0.0	0.0	0.0	0.0	0.0	0.0	0.0	0.0	0.0	0.0	0.0	0.0	0.0	0.0	0.0	0.0	0.0	0.0	0.0	0.0	0.0	0.0	0.0	0.0	0.0	0.0	0.0	0.0	0.0	0.0	0.0	0.0	0.0	0.0	0.0	0.0	0.0	0.0	0.0	0.0	0.0	1.277859406	-0.394513335	-0.01131778509	-0.6861833228	-0.3142463334	-0.5969580929	-0.3376769338	0.8407459178	0.9236210485	-0.2990528234	0.8660888529	0.9653329622	1.532073396	-0.507078196	0.681469799	0.7489123246	-0.1118288171	0.7195019861	0.107855686	-0.3005751055	0.371192032	0.68768938	0.4029525348	-0.6118526188	0.7180619212	0.2318939513	-0.3291577227	-0.632011705	1.098707998	0.2789058627	-0.2259034075	-0.3423041519	0.416620832	-0.1100415111
8813.083872700732	-17.16852017117344	77670447.34725773	294.75808486798934	7305.246884869514	-14.694563975232995	215.9302104222153	53366632.04889575	7743.463400683025	-0.03165555139275966	59961225.43771751	0.0010020739339796482	7705.928931862299	10674.152643625197	0.6146	26.275095	0.1971765	0.128823	-0.018442555700000002	0.026155683399999997	0.0227823811	-0.0101026469	0.029418990899999997	-0.0080393295	-0.0177530519	-0.0271130808	0.0049613139	-0.0198964698	0.0318889822	0.0095152059	-0.0117012503	-0.017256632	-0.0198772647	0.0315808565	-0.0104026747	-0.0131375873	-0.019764893999999998	-0.0573566053	0.0377265816	-0.0098279446	-0.020224703400000002	0.045844661200000004	-0.0614167493	-0.215328	-0.00929100000000002	0.04636614758400001	8.63226810000004e-05	-0.358695	-0.111077	0.012338099929000002	0.128662103025	0.5331060000000001	-0.017609999999999904	0.2842020072360001	0.00031011209999999665	0.0203964	0.0009949999999999994	9.900249999999986e-07	0.0004160131329600001	0.00661692	-1.5140000000000294e-05	4.37836302864e-05	2.2921960000000885e-10	-0.00425222	-0.00017382999999999982	3.021686889999993e-08	1.80813749284e-05	0.0	0.0	0.0	0.0	0.0	0.0	0.0	0.0	0.0	0.0	0.0	0.0	0.0	0.0	0.0	0.0	0.0	0.0	0.0	0.0	0.0	0.0	0.0	0.0	0.0	0.0	0.0	0.0	0.0	0.0	0.0	0.0	0.0	0.0	0.0	0.0	0.0	0.0	0.0	0.0	0.0	0.0	0.0	0.0	0.0	0.0	0.0	0.0	0.0	0.0	0.0	0.0	0.0	0.0	0.0	0.0	0.0	0.0	0.0	0.0	0.0	0.0	0.0	0.0	0.0	0.0	0.0	0.0	0.0	0.0	0.0	0.0	0.0	0.0	0.0	0.0	0.0	0.0	0.0	0.0	0.0	0.0	0.0	0.0	0.0	0.0	0.0	0.0	0.0	0.0	0.0	0.0	0.0	0.0	0.0	0.0	0.0	0.0	0.0	0.0	0.0	0.0	0.0	1.30923313	-0.462014426	-0.02115521411	-0.7200179627	-0.3056287466	-1.00584997	-0.6165209329	0.7334300746	0.8547220997	-0.2358576937	0.534644949	0.9706849218	1.563926819	-0.4740475048	0.638949637	0.6643886594	-0.4102661628	0.4744798173	0.3227968181	-0.4604836079	0.1551783297	0.876577268	0.3701911719	-0.8217261723	0.5697253445	0.6564568457	-0.1563536772	-0.6780018539	-0.9906235064	0.1409182337	-0.0870677979	-1.641539767	0.3642581123	-0.2161934379
8841.657950915574	28.574078214842306	78174915.3209886	816.4779458279254	7312.440714864528	7.193829995013402	51.75118999715453	53471789.20840845	7747.357061846917	3.89366116389192	60021541.44374929	15.160597259200186	7711.484083785809	10777.246407237353	0.59417	25.401682	0.2940265	0.189144	-0.0165320496	0.0395068471	0.02072822	-0.011899113700000002	0.023604661699999998	-0.0046001415	-0.002048059	0.023321051800000003	-0.0017157247	-0.01977362	0.029171452799999997	0.005361654699999999	-0.0021586831	0.0033987304999999997	-0.0201561615	0.0292565244	-0.0041946086	-0.0007995287	0.0081742017	-0.05754648110000001	0.0384039733	-0.0110707909	-0.0186235337	0.0443458917	-0.0606103021	-0.223081	-0.007752999999999981	0.049765132561	6.010900899999972e-05	-0.206909	0.15178599999999998	0.023038989795999998	0.042811334281	0.603147	0.07004099999999991	0.363786303609	0.004905741680999986	0.0191548	-0.0012416000000000026	1.5415705600000058e-06	0.00036690636304	0.00657951	-3.7409999999999874e-05	4.32899518401e-05	1.3995080999999906e-09	-0.0042423	9.920000000000068e-06	9.840640000000136e-11	1.7997109289999997e-05	0.0	0.0	0.0	0.0	0.0	0.0	0.0	0.0	0.0	0.0	0.0	0.0	0.0	0.0	0.0	0.0	0.0	0.0	0.0	0.0	0.0	0.0	0.0	0.0	0.0	0.0	0.0	0.0	0.0	0.0	0.0	0.0	0.0	0.0	0.0	0.0	0.0	0.0	0.0	0.0	0.0	0.0	0.0	0.0	0.0	0.0	0.0	0.0	0.0	0.0	0.0	0.0	0.0	0.0	0.0	0.0	0.0	0.0	0.0	0.0	0.0	0.0	0.0	0.0	0.0	0.0	0.0	0.0	0.0	0.0	0.0	0.0	0.0	0.0	0.0	0.0	0.0	0.0	0.0	0.0	0.0	0.0	0.0	0.0	0.0	0.0	0.0	0.0	0.0	0.0	0.0	0.0	0.0	0.0	0.0	0.0	0.0	0.0	0.0	0.0	0.0	0.0	0.0	1.23891002	-0.3965285394	-0.05001426256	-0.7519344543	-0.3044490499	-0.7332475897	-0.5058047292	0.877646977	1.024787817	-0.2566298815	0.7986733146	0.9223718008	1.414022226	-0.4290971575	0.6755037377	0.6113619165	-0.2081536374	0.5815758928	0.181373495	-0.3811699181	0.2941449654	0.9024040036	0.2481650004	-1.079442979	0.6936932126	-0.5950832466	-0.1039519571	-0.5825511289	-1.343045205	0.5360043226	0.00732021643	0.1426778128	-0.2291181628	1.154317794
8852.751215704606	11.093264789031311	78371204.08715938	123.06052367956184	7323.502548412566	11.061833548038518	122.3641614445105	53633689.57660535	7755.284439039038	7.927377192121639	60144436.73040106	62.84330914617037	7718.940032129847	10903.82059672435	0.501067	21.421383	0.20336950000000004	0.126825	-0.022208504900000002	0.0381364991	0.0163697854	-0.012669628899999999	0.025569025899999997	0.005986071999999999	-0.0176572496	0.0232054367	0.0023593188	-0.023999839199999998	0.029424272400000007	-0.0007400917	-0.0069568542	-0.00333084	-0.0241984632	0.0291197655	0.0012178287	-0.007073935500000001	-0.0014662935999999998	-0.057733912199999994	0.0390748391	-0.0123094045	-0.0170097061	0.0428000287	-0.059711172	-0.214276	0.00880499999999998	0.045914204176000006	7.752802499999965e-05	-0.237701	-0.030792000000000014	0.0009481472640000008	0.05650176540100001	0.514763	-0.08838400000000002	0.26498094616900003	0.007811731456000003	0.020212	0.0010572000000000012	1.1176718400000026e-06	0.000408524944	0.00702374	0.0004442299999999994	4.93329235876e-05	1.9734029289999952e-07	-0.00424864	-6.339999999999645e-06	4.0195599999995496e-11	1.80509418496e-05	0.0	0.0	0.0	0.0	0.0	0.0	0.0	0.0	0.0	0.0	0.0	0.0	0.0	0.0	0.0	0.0	0.0	0.0	0.0	0.0	0.0	0.0	0.0	0.0	0.0	0.0	0.0	0.0	0.0	0.0	0.0	0.0	0.0	0.0	0.0	0.0	0.0	0.0	0.0	0.0	0.0	0.0	0.0	0.0	0.0	0.0	0.0	0.0	0.0	0.0	0.0	0.0	0.0	0.0	0.0	0.0	0.0	0.0	0.0	0.0	0.0	0.0	0.0	0.0	0.0	0.0	0.0	0.0	0.0	0.0	0.0	0.0	0.0	0.0	0.0	0.0	0.0	0.0	0.0	0.0	0.0	0.0	0.0	0.0	0.0	0.0	0.0	0.0	0.0	0.0	0.0	0.0	0.0	0.0	0.0	0.0	0.0	0.0	0.0	0.0	0.0	0.0	0.0	1.284916563	-0.389275051	0.01441887944	-0.6427370792	-0.3091865342	-0.6751428043	-0.4028222632	0.860994457	0.9620226482	-0.07024362026	0.797941497	0.9818760581	1.522049408	-0.3458629351	0.5438022621	0.7861757068	-0.224216872	0.5594947915	0.2238390058	-0.4856007156	0.3195863705	0.8552878752	0.4193824034	-0.6044237581	0.6938337042	-0.8036898415	-0.1651206894	-0.6109227513	0.1053828121	0.181224887	-0.3459543621	0.5494692424	0.008497846184	1.066694825
8837.703311741372	-15.047903963233695	78104999.82636441	226.43941368670434	7314.496221014792	-9.00632739777393	81.11393319589331	53501854.96723968	7757.560117358213	2.2756783191744034	60179738.97442677	5.178711812360438	7720.480102111121	10845.956904663211	0.44891	19.191591	0.1904025	0.117354	-0.0206139512	0.0329064919	0.015418158400000001	-0.006355714100000001	0.0189823924	0.0016380337	-0.0174887486	0.0266348184	-0.005628733	-0.0218881881	0.0189374985	0.00023917490000000002	-0.008320005699999999	-0.0154618078	-0.0219008835	0.0188201412	-2.7555300000000014e-05	-0.0095477199	-0.013994219799999999	-0.0579188907	0.0397390651	-0.013543311899999999	-0.0153843175	0.041208714	-0.05872073410000001	-0.217263	-0.0029869999999999897	0.047203211168999996	8.922168999999938e-06	-0.321691	-0.08398999999999998	0.007054320099999997	0.103485099481	0.491782	-0.02298099999999997	0.24184953552400001	0.0005281263609999987	0.0214572	0.0012451999999999984	1.550523039999996e-06	0.00046041143184	0.00702374	0.0	4.93329235876e-05	0.0	-0.00461233	-0.00036369000000000066	1.3227041610000053e-07	2.1273588028900005e-05	0.0	0.0	0.0	0.0	0.0	0.0	0.0	0.0	0.0	0.0	0.0	0.0	0.0	0.0	0.0	0.0	0.0	0.0	0.0	0.0	0.0	0.0	0.0	0.0	0.0	0.0	0.0	0.0	0.0	0.0	0.0	0.0	0.0	0.0	0.0	0.0	0.0	0.0	0.0	0.0	0.0	0.0	0.0	0.0	0.0	0.0	0.0	0.0	0.0	0.0	0.0	0.0	0.0	0.0	0.0	0.0	0.0	0.0	0.0	0.0	0.0	0.0	0.0	0.0	0.0	0.0	0.0	0.0	0.0	0.0	0.0	0.0	0.0	0.0	0.0	0.0	0.0	0.0	0.0	0.0	0.0	0.0	0.0	0.0	0.0	0.0	0.0	0.0	0.0	0.0	0.0	0.0	0.0	0.0	0.0	0.0	0.0	0.0	0.0	0.0	0.0	0.0	0.0	1.27164493	-0.4798126378	0.008935357369	-0.7009021755	-0.3277553743	-0.8725525065	-0.4122316448	0.6983154417	0.7125004367	-0.0761567183	0.8044441226	1.019556283	1.540676569	-0.1734047083	0.5356384486	0.8891623911	-0.396665111	0.67834512	0.5409930293	-0.5788530114	0.3547781418	1.024435064	0.3720654229	-0.5563492925	0.6222931316	-1.289171579	-0.1700314312	-0.6112872882	0.5369138775	0.190569618	-0.1505096764	0.05092419638	0.4627109282	0.3699018524
8831.175509192519	-6.527802548853288	77989660.87416175	42.61220611681548	7323.9613073470755	9.465086332283137	89.58785927757302	53640409.23151709	7753.1237958209595	-4.436321537254116	60110928.59332519	19.680948781904725	7716.256938001547	10850.206012125986	0.470952	20.1339	0.3647325	0.225337	-0.0164021988	0.0342456291	0.015219701100000003	-0.011104734	0.0216090309	-0.0085317259	-0.0377718451	0.0317136217	-0.009279579	-0.0191407028	0.024042197400000003	-0.0025838772	-0.0009902352	-0.0100035926	-0.0191097948	0.023703320400000002	0.0029804201	-0.0022003892	-0.009050825799999999	-0.0581014087	0.0403965384	-0.0147720414	-0.0137484725	0.0395736373	-0.0576405028	-0.223812	-0.0065489999999999715	0.050091811344	4.2889400999999626e-05	-0.192263	0.129428	0.016751607183999997	0.036965061169000016	0.5877479999999999	0.09596599999999994	0.34544771150399994	0.009209473155999988	0.0190928	-0.0023643999999999987	5.590387359999996e-06	0.00036453501184	0.00702374	0.0	4.93329235876e-05	0.0	-0.00432094	0.0002913900000000008	8.490813210000043e-08	1.86705224836e-05	0.0	0.0	0.0	0.0	0.0	0.0	0.0	0.0	0.0	0.0	0.0	0.0	0.0	0.0	0.0	0.0	0.0	0.0	0.0	0.0	0.0	0.0	0.0	0.0	0.0	0.0	0.0	0.0	0.0	0.0	0.0	0.0	0.0	0.0	0.0	0.0	0.0	0.0	0.0	0.0	0.0	0.0	0.0	0.0	0.0	0.0	0.0	0.0	0.0	0.0	0.0	0.0	0.0	0.0	0.0	0.0	0.0	0.0	0.0	0.0	0.0	0.0	0.0	0.0	0.0	0.0	0.0	0.0	0.0	0.0	0.0	0.0	0.0	0.0	0.0	0.0	0.0	0.0	0.0	0.0	0.0	0.0	0.0	0.0	0.0	0.0	0.0	0.0	0.0	0.0	0.0	0.0	0.0	0.0	0.0	0.0	0.0	0.0	0.0	0.0	0.0	0.0	0.0	1.218457214	-0.4477736062	-0.04049012536	-0.8056591401	-0.2737616175	-0.7642441458	-0.3521824683	0.8442572603	0.8549159677	0.04078393429	0.7702667839	1.03934045	1.435708625	-0.5104265753	0.6225206327	0.8471288515	-0.3881047654	0.4816659015	0.58870343	-0.4988659321	0.4214020917	0.7667917838	0.45597419	-0.9687349413	0.6427163359	-1.218322107	-0.3392397706	-0.5452323783	0.9729381685	0.4313450394	-0.1482059941	0.3835408203	0.08661640698	0.4080344599
8817.734405375591	-13.441103816927352	77752440.04374443	180.663271817419	7348.719222697807	24.75791535073131	612.954372513977	54003674.21404826	7745.223378823082	-7.900416997876164	59988485.18786764	62.41658874033062	7708.100872979259	10830.15666281846	0.464523	19.859077	0.24812350000000016	0.146668	-0.0180124268	0.029153586800000002	0.012335173799999998	-0.0007354951	0.0243586729	-0.0010629817	-0.028557937599999996	0.0119205953	-0.0027653965000000004	-0.0160928787	0.0260846782	-0.0002996466	-0.007365459	-0.0099420877	-0.0159948039	0.0258203696	0.00036666019999999995	-0.0081906158	-0.0089093641	-0.0582814584	0.0410471473	-0.0159951231	-0.012103283000000001	0.037896535099999996	-0.0564721299	-0.217186	0.006625999999999965	0.047169758596000005	4.3903875999999545e-05	-0.25455900000000004	-0.062296000000000025	0.0038807916160000025	0.06480028448100003	0.513439	-0.07430899999999996	0.263619606721	0.005521827480999994	0.0207067	0.0016139000000000017	2.604673210000004e-06	0.0004287674248900001	0.00683118	-0.00019255999999999958	4.66650201924e-05	3.7079353599999845e-08	-0.00461233	-0.0002913900000000008	8.490813210000043e-08	2.1273588028900005e-05	0.0	0.0	0.0	0.0	0.0	0.0	0.0	0.0	0.0	0.0	0.0	0.0	0.0	0.0	0.0	0.0	0.0	0.0	0.0	0.0	0.0	0.0	0.0	0.0	0.0	0.0	0.0	0.0	0.0	0.0	0.0	0.0	0.0	0.0	0.0	0.0	0.0	0.0	0.0	0.0	0.0	0.0	0.0	0.0	0.0	0.0	0.0	0.0	0.0	0.0	0.0	0.0	0.0	0.0	0.0	0.0	0.0	0.0	0.0	0.0	0.0	0.0	0.0	0.0	0.0	0.0	0.0	0.0	0.0	0.0	0.0	0.0	0.0	0.0	0.0	0.0	0.0	0.0	0.0	0.0	0.0	0.0	0.0	0.0	0.0	0.0	0.0	0.0	0.0	0.0	0.0	0.0	0.0	0.0	0.0	0.0	0.0	0.0	0.0	0.0	0.0	0.0	0.0	1.271586319	-0.4029773338	-0.03038356016	-0.6957159991	-0.4015870035	-0.6973988121	-0.2187216453	0.7015429622	0.5652350291	-0.2411462119	0.8794514533	1.050877045	1.548089493	-0.3587400031	0.6235457148	0.884532782	-0.2520538959	0.8407027846	0.3603681486	-0.6066147687	0.4202098268	0.7082965811	0.3796104737	-0.6280100407	0.6185529467	-0.7562139461	-0.446314018	-0.737925442	1.17515905	0.1186859971	-0.4923812516	0.5027562866	0.2660608395	0.5191202324
8787.915728761216	-29.818676614375363	77227462.85580878	889.1534750326962	7309.432154359209	-39.28706833859815	1543.473738641681	53427798.4191803	7746.94472102529	1.7213422022077791	60015152.51062161	2.963018977101528	7710.050500627362	10595.102287911928	0.5467310000000001	23.373594	0.1035239999999999	0.07119450000000001	-0.013537908799999998	0.0163810063	0.0170859728	0.0019342176999999998	0.0203351332	-0.0029984236	-0.043943016200000004	0.0069684058999999994	-0.0027145653000000005	-0.0157569443	0.0203689993	0.0029286946999999997	-0.0069705078	-0.0225918876	-0.015538682	0.0202532344	-0.0041452477	-0.0097859689	-0.0275153222	-0.0584590322	0.0416907812	-0.017212089399999998	-0.010449867199999999	0.0361791883	-0.055217402199999994	-0.228476	-0.011289999999999994	0.052201282576000006	0.00012746409999999988	-0.322199	-0.06763999999999992	0.004575169599999989	0.10381219560099997	0.512608	-0.0008310000000000263	0.26276696166399993	6.905610000000435e-07	0.0209894	0.0002827000000000003	7.991929000000018e-08	0.0004405549123600001	0.00702374	0.00019255999999999958	4.93329235876e-05	3.7079353599999845e-08	-0.00461233	0.0	0.0	2.1273588028900005e-05	0.0	0.0	0.0	0.0	0.0	0.0	0.0	0.0	0.0	0.0	0.0	0.0	0.0	0.0	0.0	0.0	0.0	0.0	0.0	0.0	0.0	0.0	0.0	0.0	0.0	0.0	0.0	0.0	0.0	0.0	0.0	0.0	0.0	0.0	0.0	0.0	0.0	0.0	0.0	0.0	0.0	0.0	0.0	0.0	0.0	0.0	0.0	0.0	0.0	0.0	0.0	0.0	0.0	0.0	0.0	0.0	0.0	0.0	0.0	0.0	0.0	0.0	0.0	0.0	0.0	0.0	0.0	0.0	0.0	0.0	0.0	0.0	0.0	0.0	0.0	0.0	0.0	0.0	0.0	0.0	0.0	0.0	0.0	0.0	0.0	0.0	0.0	0.0	0.0	0.0	0.0	0.0	0.0	0.0	0.0	0.0	0.0	0.0	0.0	0.0	0.0	0.0	0.0	1.261030641	-0.4735781303	-0.06244224094	-0.7442441622	-0.3381357215	-1.101995406	-0.4835600954	0.6027931054	0.4509477087	-0.0006817774511	0.6536295163	1.129919409	1.380540963	-0.4987067616	0.6174455563	0.76444924	-0.5959367417	0.6032939159	-0.05549662978	-0.491464993	0.2281138442	0.8019348928	0.4674073509	-0.7580283512	0.3720285264	-0.3433896567	-0.608963092	-0.810779467	0.9622956799	-0.04535632889	-0.1805786723	-1.619655405	0.6105237124	-0.6068154205
8810.052404944412	22.136676183195963	77617023.37786682	490.03243243967523	7315.346710854388	5.914556495179568	34.98197853467081	53514297.50000811	7742.939187426462	-4.005533598828151	59953107.26018436	16.0442994113412	7706.590227399553	10587.395292033149	0.537705	22.987719	0.3105089999999999	0.182715	-0.0090478833	0.0239419438	0.0126003359	0.0083354785	0.0269639098	-0.012535368799999998	-0.047550124699999995	-0.0085042855	-0.0181716611	-0.0115175896	0.023941114700000002	0.0047244156	-0.0031136532	-0.0140068255	-0.0114371006	0.0238459683	-0.0059526591	-0.0062641934	-0.018998766	-0.0586341225	0.0423273308	-0.0184224751	-0.0087893489	0.0344234208	-0.053878238200000005	-0.241166	-0.012689999999999979	0.058161039556	0.0001610360999999995	-0.163109	0.15908999999999995	0.025309628099999985	0.026604545881	0.5762470000000001	0.06363900000000011	0.3320606050090001	0.004049922321000014	0.0205352	-0.0004542000000000019	2.0629764000000164e-07	0.00042169443904	0.00624639	-0.0007773499999999996	3.90173880321e-05	6.042730224999994e-07	-0.00434208	0.00027025000000000047	7.303506250000027e-08	1.88536587264e-05	0.0	0.0	0.0	0.0	0.0	0.0	0.0	0.0	0.0	0.0	0.0	0.0	0.0	0.0	0.0	0.0	0.0	0.0	0.0	0.0	0.0	0.0	0.0	0.0	0.0	0.0	0.0	0.0	0.0	0.0	0.0	0.0	0.0	0.0	0.0	0.0	0.0	0.0	0.0	0.0	0.0	0.0	0.0	0.0	0.0	0.0	0.0	0.0	0.0	0.0	0.0	0.0	0.0	0.0	0.0	0.0	0.0	0.0	0.0	0.0	0.0	0.0	0.0	0.0	0.0	0.0	0.0	0.0	0.0	0.0	0.0	0.0	0.0	0.0	0.0	0.0	0.0	0.0	0.0	0.0	0.0	0.0	0.0	0.0	0.0	0.0	0.0	0.0	0.0	0.0	0.0	0.0	0.0	0.0	0.0	0.0	0.0	0.0	0.0	0.0	0.0	0.0	0.0	1.302854761	-0.4173740366	-0.06833416276	-0.8054540066	-0.3029249412	-0.776746671	-0.5338480545	0.6851378941	0.5244644098	-0.04219256506	0.8616696829	0.9360075606	1.436486231	-0.3166848206	0.7092393169	0.6502787951	-0.3509015423	0.624459645	-0.5383719489	-0.5620667946	0.2409956315	0.7508046922	0.03187304185	-0.8682644941	0.2567555427	0.05171491153	-0.449857101	-0.8270299016	0.9895637187	0.4012512696	-0.2335748129	-1.228850803	0.04123575219	-0.926964332
8807.503704536164	-2.548700408247896	77572121.50541826	6.495873771002993	7291.816690388132	-23.53002046625625	553.6618631424378	53170590.64622293	7730.664348771571	-12.274838654891028	59763171.27336778	150.67166400360696	7693.188618853048	10633.198262982109	0.619896	26.501490000000004	0.2435400000000001	0.122413	-0.007525336899999999	0.022472955899999997	0.0115079855	0.0039170508	0.019038506299999997	-0.0064995051000000005	-0.0048571953000000005	-0.0149181856	-0.0162329045	-0.0083933746	0.0317641009	0.0034388951	-0.0050793627	-0.0017188331	-0.00821451	0.0314555261	-0.0041505976	-0.0066424656	-0.0043042324	-0.058806722	0.042956687800000004	-0.0196258174	-0.0071228567	0.0326310971	-0.0524566858	-0.259108	-0.017942000000000013	0.06713695566399999	0.0003219153640000005	-0.21212	-0.04901099999999997	0.0024020781209999967	0.044994894399999985	0.550638	-0.025609000000000104	0.303202207044	0.0006558208810000054	0.0216176	0.0010823999999999973	1.1715897599999941e-06	0.0004673206297599999	0.004521	-0.0017253900000000007	2.0439441e-05	2.976970652100001e-06	-0.00413031	0.00021177	4.48465329e-08	1.70594606961e-05	0.0	0.0	0.0	0.0	0.0	0.0	0.0	0.0	0.0	0.0	0.0	0.0	0.0	0.0	0.0	0.0	0.0	0.0	0.0	0.0	0.0	0.0	0.0	0.0	0.0	0.0	0.0	0.0	0.0	0.0	0.0	0.0	0.0	0.0	0.0	0.0	0.0	0.0	0.0	0.0	0.0	0.0	0.0	0.0	0.0	0.0	0.0	0.0	0.0	0.0	0.0	0.0	0.0	0.0	0.0	0.0	0.0	0.0	0.0	0.0	0.0	0.0	0.0	0.0	0.0	0.0	0.0	0.0	0.0	0.0	0.0	0.0	0.0	0.0	0.0	0.0	0.0	0.0	0.0	0.0	0.0	0.0	0.0	0.0	0.0	0.0	0.0	0.0	0.0	0.0	0.0	0.0	0.0	0.0	0.0	0.0	0.0	0.0	0.0	0.0	0.0	0.0	0.0	1.504036763	-0.4669895233	-0.1382253902	-0.697310822	-0.1900126287	-0.4937723598	-0.5658040631	0.7146631394	0.7509829129	-0.2321262136	0.7158527709	1.407841955	1.443399156	-0.6154889885	0.8313784094	0.65607739	-0.09273074673	0.5576935404	-0.6796633185	-0.780243791	0.3388344189	0.9147833118	0.2790434143	-0.7882582724	0.2735009728	0.8696837986	-0.0558810903	-0.7260981542	-0.03437053807	-0.1742183875	-0.6645772179	-1.150467751	0.2424604538	-0.2533512924
8815.991308207234	8.487603671070245	77721702.7463855	72.03941607716513	7275.450046750332	-16.36664363779982	267.86702396673354	52932173.38275941	7732.530492956143	1.8661441845715672	59792027.82449657	3.4824941176102797	7695.375452976075	10588.902694004291	0.618747	26.452394	0.3001185000000001	0.14671999999999996	-0.0038974328999999996	0.024807677400000002	0.0223380963	-0.0099644993	0.0109562281	-0.0176606394	-0.0047710267	-0.0063251514	-0.0287816682	-0.0089081774	0.035750022299999996	0.010536148200000001	-0.00036549470000000003	-0.016574793100000002	-0.0090748475	0.035636046	-0.010528043300000001	-0.0010817806	-0.015482831399999999	-0.0589768232	0.0435787454	-0.0208216562	-0.0054515232999999995	0.030804120499999997	-0.0509549188	-0.230564	0.028544000000000014	0.053159758096	0.0008147599360000008	-0.262444	-0.050324000000000035	0.002532504976000004	0.068876853136	0.5825130000000001	0.0318750000000001	0.3393213951690001	0.0010160156250000065	0.0208956	-0.000721999999999997	5.212839999999956e-07	0.00043662609936	0.00690664	0.0023856400000000005	4.77016760896e-05	5.691278209600003e-06	-0.00481018	-0.00067987	4.622232168999999e-07	2.31378316324e-05	0.0	0.0	0.0	0.0	0.0	0.0	0.0	0.0	0.0	0.0	0.0	0.0	0.0	0.0	0.0	0.0	0.0	0.0	0.0	0.0	0.0	0.0	0.0	0.0	0.0	0.0	0.0	0.0	0.0	0.0	0.0	0.0	0.0	0.0	0.0	0.0	0.0	0.0	0.0	0.0	0.0	0.0	0.0	0.0	0.0	0.0	0.0	0.0	0.0	0.0	0.0	0.0	0.0	0.0	0.0	0.0	0.0	0.0	0.0	0.0	0.0	0.0	0.0	0.0	0.0	0.0	0.0	0.0	0.0	0.0	0.0	0.0	0.0	0.0	0.0	0.0	0.0	0.0	0.0	0.0	0.0	0.0	0.0	0.0	0.0	0.0	0.0	0.0	0.0	0.0	0.0	0.0	0.0	0.0	0.0	0.0	0.0	0.0	0.0	0.0	0.0	0.0	0.0	1.393587652	-0.3716946603	-0.1170917287	-0.871724462	-0.1598755731	-0.6693563214	-0.7206566581	0.866649165	0.7294679547	-0.1992055544	0.7237877015	1.23665226	1.321526115	-0.2800090722	0.9397249876	0.4605971421	-0.4522101671	0.8027135759	-0.2854783605	-0.9921303301	0.3142256153	0.84574851	0.5703035125	-0.528604169	0.2514719472	0.5275694554	-0.3517141822	-0.6651170038	-1.356154055	-0.08075525823	-0.3275142885	-1.618607287	0.2709891476	0.5247749427
8869.57884909343	53.587540886195704	78669428.96028553	2871.6245382296975	7346.585137549867	71.13509079953474	5060.2011430580515	53972313.18326861	7761.671236141655	29.14074318551229	60243540.37794872	849.182913403981	7724.5982476651525	10813.097945414249	0.756078	32.323505	0.2905215	0.214541	-0.025067951800000002	0.0167557376	0.029347735899999998	-0.008414504	0.023827964700000002	0.0133681332	0.0056293383	0.0167730053	0.0305522849	-0.0244840448	0.0353213854	-0.0016176511	-0.014131025	-0.0013738348	-0.0247399277	0.034908242799999996	0.002308208	-0.014392505	0.0014650633999999999	-0.059144419000000004	0.0441933979	-0.0220095344	-0.0037764846000000003	0.0289444313	-0.0493752335	-0.233348	-0.002784000000000009	0.054451289104	7.750656000000049e-06	-0.297667	-0.035223000000000004	0.0012406597290000002	0.08860564288900001	0.383656	-0.19885700000000006	0.147191926336	0.039544106449000034	0.0213669	0.0004713000000000009	2.2212369000000085e-07	0.0004565444156100001	0.00744853	0.0005418899999999997	5.54805991609e-05	2.936447720999997e-07	-0.00475022	5.995999999999952e-05	3.5952015999999428e-09	2.25645900484e-05	0.0	0.0	0.0	0.0	0.0	0.0	0.0	0.0	0.0	0.0	0.0	0.0	0.0	0.0	0.0	0.0	0.0	0.0	0.0	0.0	0.0	0.0	0.0	0.0	0.0	0.0	0.0	0.0	0.0	0.0	0.0	0.0	0.0	0.0	0.0	0.0	0.0	0.0	0.0	0.0	0.0	0.0	0.0	0.0	0.0	0.0	0.0	0.0	0.0	0.0	0.0	0.0	0.0	0.0	0.0	0.0	0.0	0.0	0.0	0.0	0.0	0.0	0.0	0.0	0.0	0.0	0.0	0.0	0.0	0.0	0.0	0.0	0.0	0.0	0.0	0.0	0.0	0.0	0.0	0.0	0.0	0.0	0.0	0.0	0.0	0.0	0.0	0.0	0.0	0.0	0.0	0.0	0.0	0.0	0.0	0.0	0.0	0.0	0.0	0.0	0.0	0.0	0.0	1.337632003	-0.3454126124	0.1165621006	-0.4378413068	-0.1633542357	-1.177244291	-0.2369169437	0.7547363184	0.6632494202	-0.03363644644	0.6521834706	0.9151054673	1.43637752	0.06527296039	0.8164910001	0.4738070342	-0.02881194652	0.7942792288	-0.2706865512	-1.313409864	0.2245019597	1.143395586	0.1142709436	-0.9381690806	0.51124535	0.08125892037	-0.1656175556	-0.7463855674	-1.311515531	-0.3074593717	0.1751739762	-0.4120087107	-0.05544368378	1.644689587
8892.504677969013	22.925828875582734	79076639.44770078	525.5936296325033	7337.262966983876	-9.322170565990746	86.90286406142421	53835427.84667304	7774.310303172099	12.639067030444494	60439900.69000786	159.74601540006896	7737.2021115275475	10896.117368159044	0.775702	33.162440999999994	0.5899265000000001	0.35640700000000003	-0.0145984647	0.031335490699999996	0.0140625303	-0.014837603500000001	0.025868294500000003	-0.008426424699999999	-0.0089274451	0.041081235699999996	-0.0180436054	-0.0264516803	0.021971248	-0.0081568744	0.013156372	0.0021493199	-0.026480853999999998	0.021665649	0.0090320409	0.0134052164	0.0046614768	-0.059309502199999996	0.0448005407	-0.023188997700000002	-0.0020988792	0.0270540043	-0.047720045700000005	-0.222306	0.011041999999999995	0.049419957636	0.00012192576399999992	-0.134888	0.162779	0.026497002840999997	0.018194772544000003	0.59416	0.210504	0.35302610560000003	0.04431193401600001	0.0182016	-0.0031653000000000033	1.0019124090000016e-05	0.00033129824255999986	0.007382879999999999	-6.56500000000013e-05	5.4506917094399984e-05	4.3099225000001715e-09	-0.00386914	0.0008810800000000002	7.763019664000004e-07	1.49702443396e-05	0.0	0.0	0.0	0.0	0.0	0.0	0.0	0.0	0.0	0.0	0.0	0.0	0.0	0.0	0.0	0.0	0.0	0.0	0.0	0.0	0.0	0.0	0.0	0.0	0.0	0.0	0.0	0.0	0.0	0.0	0.0	0.0	0.0	0.0	0.0	0.0	0.0	0.0	0.0	0.0	0.0	0.0	0.0	0.0	0.0	0.0	0.0	0.0	0.0	0.0	0.0	0.0	0.0	0.0	0.0	0.0	0.0	0.0	0.0	0.0	0.0	0.0	0.0	0.0	0.0	0.0	0.0	0.0	0.0	0.0	0.0	0.0	0.0	0.0	0.0	0.0	0.0	0.0	0.0	0.0	0.0	0.0	0.0	0.0	0.0	0.0	0.0	0.0	0.0	0.0	0.0	0.0	0.0	0.0	0.0	0.0	1.0	0.0	0.0	0.0	0.0	0.0	0.0	1.117421093	-0.3619573613	-0.05198251905	-0.6902484707	-0.1310457907	-0.8541802048	-0.2108553331	0.8828352905	0.8952713631	0.1366362245	0.9883990839	0.9877067444	1.104213575	-0.7589413745	0.8013771113	0.5400988495	-0.3086514689	1.000582809	0.4393608633	-0.5840676941	0.3769042868	0.5406624289	0.3557793278	-1.238230467	0.4973935548	-0.7201209628	-0.09916418142	-0.4093444608	-0.2709915763	0.554494951	-0.1490642085	0.1391781203	-0.05385533587	1.346314749
8880.8298495081	-11.674828460912973	78869138.81591406	136.30161959174367	7357.403084483044	20.140117499167896	405.6243328802891	54131380.14756061	7757.2630134285	-17.047289743599322	60175129.45950581	290.61008760222666	7720.748431915364	10802.070931382685	0.715693	30.596949	0.31806310000000004	0.183411	0.0031541506	0.0447133773	-0.0012625586	-0.0151451406	0.028792429100000006	-0.0428649803	-0.0359512188	0.0114954162	-0.048337213	-0.016741865	0.033764424	0.006230839	0.0065888720999999996	-0.0250720964	-0.0167650219	0.0337885604	-0.0064839259	0.004869093	-0.0257570708	-0.059472065899999996	0.0454000708	-0.0243595953	-0.0004198472	0.0251348471	-0.0459918862	-0.205485	0.016821000000000003	0.042224085225	0.0002829460410000001	-0.08327489999999999	0.051613100000000016	0.0026639120916100018	0.006934708970009997	0.767101	0.172941	0.5884439442010001	0.029908589481000006	0.018592700000000004	0.0003911000000000053	1.5295921000000414e-07	0.0003456884932900001	0.00675414	-0.0006287399999999993	4.56184071396e-05	3.953139875999989e-07	-0.00335522	0.0005139200000000002	2.641137664000002e-07	1.12575012484e-05	0.0	0.0	0.0	0.0	0.0	0.0	0.0	0.0	0.0	0.0	0.0	0.0	0.0	0.0	0.0	0.0	0.0	0.0	0.0	0.0	0.0	0.0	0.0	0.0	0.0	0.0	0.0	0.0	0.0	0.0	0.0	0.0	0.0	0.0	0.0	0.0	0.0	0.0	0.0	0.0	0.0	0.0	0.0	0.0	0.0	0.0	0.0	0.0	0.0	0.0	0.0	0.0	0.0	0.0	0.0	0.0	0.0	0.0	0.0	0.0	0.0	0.0	0.0	0.0	0.0	0.0	0.0	0.0	0.0	0.0	0.0	0.0	0.0	0.0	0.0	0.0	0.0	0.0	0.0	0.0	0.0	0.0	0.0	0.0	0.0	0.0	0.0	0.0	0.0	0.0	0.0	0.0	0.0	0.0	0.0	0.0	0.0	0.0	0.0	0.0	0.0	0.0	0.0	1.203753249	-0.3824049091	-0.1956479313	-0.89103273	-0.103112896	-0.3553307906	-0.1098919275	0.964017134	0.8442813506	0.3987732611	0.8881292119	0.9475655548	1.288833174	-0.8255374628	1.073869479	0.6499358482	-0.2999979917	0.7556691087	1.043472645	-0.2395288674	0.557574394	0.1796613199	0.2720571053	-0.3526914742	0.4707308912	0.4619428074	-0.1672662653	-0.1209988102	1.012101857	0.6147322157	-0.1513482884	-0.691507446	0.6534804947	0.05182170147
8858.832690026655	-21.997159481445127	78478916.62988491	483.87502525213114	7330.0516243143275	-27.35146016871749	748.1023733609396	53729656.815113105	7754.894328036579	-2.368685391920735	60138386.03901391	5.610670485898686	7718.457162521055	10763.374815138124	0.695503	29.733807	0.5120201000000001	0.287518	0.0008705707000000001	0.0389669846	0.011680840900000001	-0.0159532491	0.0192649619	-0.0213146245	-0.006177220799999999	0.0030493116999999997	-0.0192112533	-0.0148416802	0.017655985	0.0091079651	-0.0074874241	-0.0058787219	-0.015092874899999999	0.0176484186	-0.009243572700000001	-0.0070678979	-0.0063414534	-0.059632103	0.0459918862	-0.025520879500000003	0.0012594702	0.023188997700000002	-0.0441933979	-0.16906600000000002	0.03641899999999998	0.028583312356000007	0.0013263435609999984	-0.292287	-0.2090121	0.043686057946409985	0.08543169036899997	0.694254	-0.07284700000000001	0.4819886165160001	0.005306685408999999	0.021349400000000004	0.0027567000000000013	7.599394890000005e-06	0.0004557968803600002	0.007585009999999999	0.0008308699999999992	5.753237670009998e-05	6.903449568999987e-07	-0.00364249	-0.0002872700000000001	8.252405290000003e-08	1.32677334001e-05	0.0	0.0	0.0	0.0	0.0	0.0	0.0	0.0	0.0	0.0	0.0	0.0	0.0	0.0	0.0	0.0	0.0	0.0	0.0	0.0	0.0	0.0	0.0	0.0	0.0	0.0	0.0	0.0	0.0	0.0	0.0	0.0	0.0	0.0	0.0	0.0	0.0	0.0	0.0	0.0	0.0	0.0	0.0	0.0	0.0	0.0	0.0	0.0	0.0	0.0	0.0	0.0	0.0	0.0	0.0	0.0	0.0	0.0	0.0	0.0	0.0	0.0	0.0	0.0	0.0	0.0	0.0	0.0	0.0	0.0	0.0	0.0	0.0	0.0	0.0	0.0	0.0	0.0	0.0	0.0	0.0	0.0	0.0	0.0	0.0	0.0	0.0	0.0	0.0	0.0	0.0	0.0	0.0	0.0	0.0	0.0	0.0	1.0	0.0	0.0	0.0	0.0	0.0	1.133954721	-0.5038384065	-0.1863370309	-0.8539363714	-0.1882558712	-0.7574846422	-0.002736733027	0.7094561012	0.6275220882	-0.01395955591	0.7915265294	0.9202989917	1.291488537	-0.7400822196	0.8463299234	0.7302832325	0.4402888961	0.9843897995	1.284890644	-0.3131397989	0.5853131883	0.3316633134	0.1631322637	-0.9669625852	0.3291963939	0.5853526626	-0.2100673048	-0.2310321215	-0.8243956258	0.4733809174	0.06963530544	-0.4282385463	0.8003058816	0.4440562005
8863.376717607556	4.5440275809014565	78559446.8382277	20.648186655993143	7350.801176030583	20.749551716256974	430.5438964256228	54034277.92953261	7759.080625061278	4.186297024700252	60203332.14620134	17.525082779014184	7722.304669740429	10770.372937209317	0.497752	21.27965	0.206142	0.112076	-2.0071000000000002e-06	0.0384662735	0.010180192	-0.012624928300000001	0.0160855931	-0.0171882303	0.0069753924	0.0281140446	-0.0222630902	-0.0157787489	0.021062459199999998	0.0089892316	-0.0014645870999999999	0.0004168892	-0.0160804031	0.021137197000000003	-0.0077696092	0.0001476413	0.0047256317	-0.059789606900000014	0.046575886500000004	-0.0266724065	0.0029379315	0.021218522599999998	-0.0423273308	-0.18107	-0.012003999999999987	0.0327863449	0.0001440960159999997	-0.211793	0.08049399999999997	0.0064792840359999965	0.04485627484899999	0.655697	-0.03855700000000006	0.429938555809	0.0014866422490000051	0.0223417	0.0009922999999999946	9.846592899999892e-07	0.0004991515588899999	0.007867799999999998	0.00028278999999999886	6.190227683999996e-05	7.997018409999939e-08	-0.00386914	-0.0002266500000000001	5.1370222500000055e-08	1.49702443396e-05	0.0	0.0	0.0	0.0	0.0	0.0	0.0	0.0	0.0	0.0	0.0	0.0	0.0	0.0	0.0	0.0	0.0	0.0	0.0	0.0	0.0	0.0	0.0	0.0	0.0	0.0	0.0	0.0	0.0	0.0	0.0	0.0	0.0	0.0	0.0	0.0	0.0	0.0	0.0	0.0	0.0	0.0	0.0	0.0	0.0	0.0	0.0	0.0	0.0	0.0	0.0	0.0	0.0	0.0	0.0	0.0	0.0	0.0	0.0	0.0	0.0	0.0	0.0	0.0	0.0	0.0	0.0	0.0	0.0	0.0	0.0	0.0	0.0	0.0	0.0	0.0	0.0	0.0	0.0	0.0	0.0	0.0	0.0	0.0	0.0	0.0	0.0	0.0	0.0	0.0	0.0	0.0	0.0	0.0	0.0	0.0	0.0	0.0	0.0	0.0	0.0	0.0	0.0	1.111067823	-0.5042441182	-0.1446290898	-0.8456216796	-0.2046923532	-0.8334828428	-0.444633774	0.6750654282	0.6016344628	0.1011219029	0.5849300503	0.8902588767	1.317837772	-0.4116603271	0.7618555587	0.6207850658	0.2822777995	0.8610696605	1.290599594	-0.5791329301	0.3558797742	0.5750638078	0.1939311386	-0.6361979696	0.1221965289	-0.001403031122	-0.08365446762	-0.2294159266	-1.169114713	0.1252785873	-0.4890241521	0.7644119792	0.8696329546	1.22752809
8848.117370368609	-15.259347238947155	78289180.99981871	232.84767815876427	7370.0581755942485	19.256999563664976	370.83203219499313	54317757.51164362	7750.987256975573	-8.09336808570697	60077803.45779771	65.5026069707401	7715.090642716778	10800.332923693133	0.545112	23.304371	0.30580999999999997	0.184263	0.0038072584	0.0388101566	0.005439502	-0.0129711209	0.021918207000000002	-0.024788241000000003	0.012995503200000001	0.017057926100000002	-0.0182121506	-0.010446582099999999	0.0186506126	0.0072244104000000016	0.0002704276	0.0025471934	-0.010870818899999999	0.0188064488	-0.0064885520999999995	0.0016403244	0.005460775	-0.0599445708	0.047151972199999996	-0.027813735899999997	0.004614396	0.0192255144	-0.0403965384	-0.196821	-0.015750999999999987	0.038738506041	0.0002480940009999996	-0.0909785	0.1208145	0.014596143410249996	0.008277087462249998	0.726197	0.07050000000000001	0.527362082809	0.004970250000000001	0.020543900000000004	-0.0017977999999999952	3.232084839999983e-06	0.00042205182721000015	0.007762609999999999	-0.00010518999999999893	6.025811401209998e-05	1.1064936099999776e-08	-0.00379724	7.190000000000019e-05	5.169610000000026e-09	1.44190316176e-05	0.0	0.0	0.0	0.0	0.0	0.0	0.0	0.0	0.0	0.0	0.0	0.0	0.0	0.0	0.0	0.0	0.0	0.0	0.0	0.0	0.0	0.0	0.0	0.0	0.0	0.0	0.0	0.0	0.0	0.0	0.0	0.0	0.0	0.0	0.0	0.0	0.0	0.0	0.0	0.0	0.0	0.0	0.0	0.0	0.0	0.0	0.0	0.0	0.0	0.0	0.0	0.0	0.0	0.0	0.0	0.0	0.0	0.0	0.0	0.0	0.0	0.0	0.0	0.0	0.0	0.0	0.0	0.0	0.0	0.0	0.0	0.0	0.0	0.0	0.0	0.0	0.0	0.0	0.0	0.0	0.0	0.0	0.0	0.0	0.0	0.0	0.0	0.0	0.0	0.0	0.0	0.0	0.0	0.0	0.0	0.0	0.0	0.0	0.0	0.0	0.0	0.0	0.0	1.111648721	-0.486177627	-0.2310698371	-0.9473238232	-0.1351786578	-0.5817790778	-0.1767776677	0.7752390535	0.717942792	-0.05242128178	0.7509697178	0.9846089721	1.308548398	-0.7252203868	0.8422424924	0.7855887998	0.2268456432	0.6619372222	1.32742552	-0.4958921267	0.6617139671	0.2945835169	0.1825185101	-0.9397681837	0.3326095072	0.5122442342	-0.2987530363	-0.2274381151	-0.9301818863	0.4610905133	0.2191838196	1.832916345	1.021254585	1.352307191
8821.472663809014	-26.64470655959485	77818379.95832969	709.9403876469169	7369.162161839262	-0.8960137549865976	0.8028406491251826	54304550.96748351	7750.514326053692	-0.4729309218810158	60070472.31836351	0.2236636568712275	7714.626168066321	10754.267854163238	0.492857	21.070402	0.238134	0.14443699999999998	0.0031319915999999995	0.0341301335	0.009477094699999999	-0.0069349947	0.0181473695	-0.0064427077000000004	0.0029185352000000004	0.042252358899999995	-0.0175691595	-0.011328445	0.0267131739	-0.0037872059000000004	0.0011888754	0.0138620883	-0.011663006399999998	0.0266310819	0.0047950842	0.0028752774	0.017440766899999998	-0.0600969881	0.047720045700000005	-0.0289444313	0.006287724200000001	0.017212089399999998	-0.0384039733	-0.196726	9.4999999999984e-05	0.038701119076	9.024999999996956e-09	-0.19433	-0.1033515	0.010681532552250005	0.0377641489	0.678601	-0.04759599999999997	0.460499317201	0.002265379215999997	0.0218663	0.0013223999999999946	1.7487417599999851e-06	0.0004781350756899999	0.0079067	0.00014409000000000036	6.251590488999999e-05	2.0761928100000105e-08	-0.00407258	-0.0002753400000000002	7.581211560000013e-08	1.6585907856400002e-05	0.0	0.0	0.0	0.0	0.0	0.0	0.0	0.0	0.0	0.0	0.0	0.0	0.0	0.0	0.0	0.0	0.0	0.0	0.0	0.0	0.0	0.0	0.0	0.0	0.0	0.0	0.0	0.0	0.0	0.0	0.0	0.0	0.0	0.0	0.0	0.0	0.0	0.0	0.0	0.0	0.0	0.0	0.0	0.0	0.0	0.0	0.0	0.0	0.0	0.0	0.0	0.0	0.0	0.0	0.0	0.0	0.0	0.0	0.0	0.0	0.0	0.0	0.0	0.0	0.0	0.0	0.0	0.0	0.0	0.0	0.0	0.0	0.0	0.0	0.0	0.0	0.0	0.0	0.0	0.0	0.0	0.0	0.0	0.0	0.0	0.0	0.0	0.0	0.0	0.0	0.0	0.0	0.0	0.0	0.0	0.0	0.0	0.0	0.0	0.0	0.0	0.0	0.0	1.09950132	-0.4583200336	-0.2268695516	-0.9220831715	-0.1928430981	-0.6974703951	-0.2122793884	0.6100577134	0.5645282642	0.04886459679	0.7092084893	1.050140802	1.313495976	-0.7734670855	0.7047720811	0.8319937104	0.2894760698	0.8408241525	1.023158657	-0.7034413541	0.3784819385	0.379343095	0.4030971827	-0.8072220706	0.1224709478	-0.4373622794	-0.56071655	-0.5771200942	-0.4164279668	-0.1007676557	-0.1607701377	1.789119299	0.6427399683	1.224146331
8799.013348783865	-22.459315025149408	77422635.91207664	504.42083139890195	7316.294623192321	-52.86753864694128	2794.97664258583	53528167.01335286	7740.542718481237	-9.97160757245456	59916001.576632895	99.43295757903309	7703.388168080872	10582.40357237656	0.480558	20.544605	0.1419134999999998	0.0796893	0.006704399399999999	0.0242587972	0.0095915155	-0.0029838212	0.0042949203	-0.00957625	-0.0028464420000000002	0.034679835299999996	-0.0233453715	-0.0045782746000000004	0.0204518498	-0.0005330652	0.0027844655	0.0040672264	-0.0047090064	0.0203424437	0.0016333139	0.002996247	0.0073452379	-0.0602468524	0.048280010199999994	-0.0300640605	0.0079567788	0.015180385900000001	-0.0363526824	-0.216836	-0.02010999999999999	0.047017850895999996	0.00040441209999999954	-0.253961	-0.05963099999999999	0.0035558561609999994	0.064496189521	0.663447	-0.015153999999999999	0.440161921809	0.00022964371600000004	0.0225147	0.0006484000000000037	4.204225600000049e-07	0.0005069117160900001	0.0079067	0.0	6.251590488999999e-05	0.0	-0.00436455	-0.00029196999999999985	8.524648089999994e-08	1.90492967025e-05	0.0	0.0	0.0	0.0	0.0	0.0	0.0	0.0	0.0	0.0	0.0	0.0	0.0	0.0	0.0	0.0	0.0	0.0	0.0	0.0	0.0	0.0	0.0	0.0	0.0	0.0	0.0	0.0	0.0	0.0	0.0	0.0	0.0	0.0	0.0	0.0	0.0	0.0	0.0	0.0	0.0	0.0	0.0	0.0	0.0	0.0	0.0	0.0	0.0	0.0	0.0	0.0	0.0	0.0	0.0	0.0	0.0	0.0	0.0	0.0	0.0	0.0	0.0	0.0	0.0	0.0	0.0	0.0	0.0	0.0	0.0	0.0	0.0	0.0	0.0	0.0	0.0	0.0	0.0	0.0	0.0	0.0	0.0	0.0	0.0	0.0	0.0	0.0	0.0	0.0	0.0	0.0	0.0	0.0	0.0	0.0	0.0	0.0	0.0	0.0	0.0	0.0	0.0	1.117590036	-0.5150067923	-0.2517446557	-1.004108488	-0.2494270158	-0.9530717153	-0.4842624586	0.5643349037	0.4784050555	-0.01246786582	0.7050544017	1.172689232	1.300738652	-0.6920526134	0.6653205155	0.7211400849	-0.3002420537	0.7734619592	0.5115551085	-0.6436573293	0.2016254774	0.7264662217	0.3906069761	-0.8970688648	-0.1823784113	-1.200294638	-0.6635838271	-0.6084781311	-0.3818919809	-0.002859955345	0.01033836601	0.760624879	0.784651674	0.7979390045
8806.904823700617	7.891474916752486	77561572.5737212	62.275376361733656	7336.246308282081	19.951685089760762	398.06973792098177	53820509.89578247	7739.190832503116	-1.3518859781206631	59895074.74190028	1.8275956978392616	7702.696380107054	10437.81400574295	0.501762	21.451109	0.29644249999999983	0.178819	0.0154545194	0.0260290319	0.0058229970999999995	0.0033793437	0.010941296699999999	-0.0101537863	-0.0053848785	0.040417430899999995	-0.0327913526	-0.0042942464	0.0248457427	-0.0038773052000000002	0.0055986738000000005	0.0073326151	-0.0044023853000000005	0.0247221873	0.005155735900000001	0.0068828906	0.0116545816	-0.060394157300000015	0.0488317708	-0.0311721955	0.0096204254	0.013132561499999999	-0.034245802400000004	-0.229239	-0.012402999999999996	0.052550519121000006	0.00015383440899999993	-0.131207	0.122754	0.015068544516	0.017215276848999997	0.751737	0.08828999999999998	0.565108517169	0.007795124099999997	0.021242700000000003	-0.0012719999999999988	1.617983999999997e-06	0.0004512523032900001	0.00777712	-0.00012957999999999893	6.04835954944e-05	1.6790976399999722e-08	-0.00430622	5.8329999999999674e-05	3.402388899999961e-09	1.85435306884e-05	0.0	0.0	0.0	0.0	0.0	0.0	0.0	0.0	0.0	0.0	0.0	0.0	0.0	0.0	0.0	0.0	0.0	0.0	0.0	0.0	0.0	0.0	0.0	0.0	0.0	0.0	0.0	0.0	0.0	0.0	0.0	0.0	0.0	0.0	0.0	0.0	0.0	0.0	0.0	0.0	0.0	0.0	0.0	0.0	0.0	0.0	0.0	0.0	0.0	0.0	0.0	0.0	0.0	0.0	0.0	0.0	0.0	0.0	0.0	0.0	0.0	0.0	0.0	0.0	0.0	0.0	0.0	0.0	0.0	0.0	0.0	0.0	0.0	0.0	0.0	0.0	0.0	0.0	0.0	0.0	0.0	0.0	0.0	0.0	0.0	0.0	0.0	0.0	0.0	0.0	0.0	0.0	0.0	0.0	0.0	0.0	0.0	0.0	0.0	0.0	0.0	0.0	0.0	1.110193569	-0.4581336723	-0.3313697673	-1.088767709	-0.1943748226	-0.7067158122	-0.4042501788	0.5882518903	0.5974439612	0.1723064737	0.7087286667	1.033175508	1.202552	-0.768732805	0.809646175	0.5311881157	-0.07822762508	0.648853466	-0.1194771087	-0.6478256628	0.03288091031	0.6244064301	0.254348288	-1.075287511	-0.2988670433	-1.105438178	-0.5721721799	-0.7234890552	-0.1910565319	0.2300993263	0.07357992189	0.9333004057	0.07425480819	0.9182605338
8811.764618490237	4.859794789619627	77647195.69167641	23.617605397214078	7322.424953769118	-13.821354512963808	191.029840573025	53617907.20358066	7727.2001996897425	-11.99063281337385	59709622.926085204	143.7752752651577	7693.087772513147	10525.366389777408	0.4547270000000001	19.440258	0.14871550000000014	0.093839	0.0098874843	0.0248388899	0.0051968425	0.0029716157	0.0067073343	-0.0139372105	-0.0135833747	0.0434718727	-0.0328452071	0.0020990096	0.0248553	-0.0016455081	0.0106190646	-0.0049749877	0.0016958723999999999	0.025186137	0.002955455	0.011562166899999999	-0.0014006476	-0.0605388965	0.0493752335	-0.0322684125	0.011277533300000002	0.0110707909	-0.0320865551	-0.22208000000000006	0.00715899999999997	0.04931952640000002	5.1251280999999576e-05	-0.202745	-0.07153800000000002	0.005117685444000003	0.041105535025	0.6966720000000001	-0.05506499999999992	0.4853518755840001	0.0030321542249999913	0.0214533	0.0002105999999999948	4.4352359999997824e-08	0.0004602440808899999	0.00786559	8.847000000000022e-05	6.186750604810001e-05	7.826940900000039e-09	-0.00430622	0.0	0.0	1.85435306884e-05	0.0	0.0	0.0	0.0	0.0	0.0	0.0	0.0	0.0	0.0	0.0	0.0	0.0	0.0	0.0	0.0	0.0	0.0	0.0	0.0	0.0	0.0	0.0	0.0	0.0	0.0	0.0	0.0	0.0	0.0	0.0	0.0	0.0	0.0	0.0	0.0	0.0	0.0	0.0	0.0	0.0	0.0	0.0	0.0	0.0	0.0	0.0	0.0	0.0	0.0	0.0	0.0	0.0	0.0	0.0	0.0	0.0	0.0	0.0	0.0	0.0	0.0	0.0	0.0	0.0	0.0	0.0	0.0	0.0	0.0	0.0	0.0	0.0	0.0	0.0	0.0	0.0	0.0	0.0	0.0	0.0	0.0	0.0	0.0	0.0	0.0	0.0	0.0	0.0	0.0	0.0	0.0	0.0	0.0	0.0	0.0	0.0	0.0	0.0	0.0	0.0	0.0	0.0	1.172542861	-0.4264062981	-0.301559693	-1.02125047	-0.2792063946	-0.7666962358	-0.4127197315	0.607613259	0.6142330482	-0.04823315463	0.8641680063	1.1023142	1.285159463	-0.7308141715	0.7971532136	0.557889061	-0.2428874886	0.8191140409	-0.2584672286	-0.5432292734	0.106202686	0.7556103888	0.4110767022	-0.8090482015	-0.200802156	-1.135631297	-0.6792882773	-0.7313392641	0.6361474714	0.1125105463	-0.3022325945	0.5600144388	0.2845073518	0.9006850179
8811.343548437477	-0.4210700527601148	77639775.12859075	0.17729998933140584	7301.765520590924	-20.65943317819347	426.812179244241	53315779.71769045	7728.709781689475	1.5095819997322906	59732954.88958257	2.2788378139157413	7692.924504058597	10402.99001044874	0.4552060000000001	19.460739	0.12995849999999992	0.073796	0.0141006413	0.0202263691	0.0041064534000000005	-0.0008347724	0.0018782318	-0.0158325823	-0.0262556976	0.0331611552	-0.040272867999999996	0.0022353371	0.023662891499999998	-0.0042578927	0.0113401457	-0.0121473981	0.0021850055	0.023634239300000002	0.0043202778	0.0103622388	-0.011879386100000002	-0.0606810639	0.049910306200000004	-0.033352292400000004	0.012926976000000001	0.0089972636	-0.0298782424	-0.226843	-0.004762999999999962	0.051457746649000005	2.268616899999964e-05	-0.24757	-0.044824999999999976	0.002009280624999998	0.061290904899999984	0.697133	0.0004609999999999337	0.48599441968900003	2.1252099999993888e-07	0.0224156	0.0009622999999999993	9.260212899999987e-07	0.0005024591233599999	0.008246939999999998	0.0003813499999999973	6.801201936359997e-05	1.4542782249999795e-07	-0.00456076	-0.00025453999999999933	6.479061159999963e-08	2.08005317776e-05	0.0	0.0	0.0	0.0	0.0	0.0	0.0	0.0	0.0	0.0	0.0	0.0	0.0	0.0	0.0	0.0	0.0	0.0	0.0	0.0	0.0	0.0	0.0	0.0	0.0	0.0	0.0	0.0	0.0	0.0	0.0	0.0	0.0	0.0	0.0	0.0	0.0	0.0	0.0	0.0	0.0	0.0	0.0	0.0	0.0	0.0	0.0	0.0	0.0	0.0	0.0	0.0	0.0	0.0	0.0	0.0	0.0	0.0	0.0	0.0	0.0	0.0	0.0	0.0	0.0	0.0	0.0	0.0	0.0	0.0	0.0	0.0	0.0	0.0	0.0	0.0	0.0	0.0	0.0	0.0	0.0	0.0	0.0	0.0	0.0	0.0	0.0	0.0	0.0	0.0	0.0	0.0	0.0	0.0	0.0	0.0	0.0	0.0	0.0	0.0	0.0	0.0	0.0	1.190000387	-0.4742147529	-0.3012136707	-1.050785431	-0.2258929797	-0.9735578729	-0.4632321389	0.5675089608	0.5144613369	0.1732049686	0.7194151711	1.079789333	1.356961095	-0.7531709559	0.8020313822	0.423651361	-0.2734430698	0.6938102826	-0.3487095504	-0.6105160349	-0.0350596055	0.9282585401	0.3871386229	-0.8119432483	-0.3851606531	-1.207959244	-0.5859728191	-0.6500555196	0.9417136717	0.06161947466	-0.01606397849	-0.4215943182	0.3361724465	0.2556971277
8834.70583292889	23.36228449141345	78052027.15438776	545.7963366577372	7299.678077210771	-2.087443380152763	4.3574198653435925	53285300.03091154	7730.819201118473	2.1094194289980805	59765565.52038206	4.449650327434588	7694.654352507395	10546.151712345072	0.457872	19.574711	0.31926750000000004	0.190235	0.0121407075	0.025024110800000002	4.73176e-05	-0.0081119396	0.0040004861	-0.023861236	-0.0420237959	0.031011229900000006	-0.050659406	0.0038556804	0.0216378521	-0.0006997856	0.0137385903	-0.012696449299999999	0.0037855221999999996	0.021790834	0.000840182	0.012326081599999998	-0.0136036123	-0.060820653499999995	0.0504368977	-0.0344234208	0.0145676327	0.0069141815	-0.027624241	-0.240063	-0.01322000000000001	0.057630243969	0.00017476840000000025	-0.144362	0.103208	0.010651891264	0.020840387044	0.744981	0.047848	0.554996690361	0.002289431104	0.0199354	-0.002480199999999995	6.151392039999975e-06	0.0003974201731600002	0.00778342	-0.00046351999999999765	6.05816268964e-05	2.148507903999978e-07	-0.00440465	0.00015610999999999924	2.4370332099999766e-08	1.9400941622500005e-05	0.0	0.0	0.0	0.0	0.0	0.0	0.0	0.0	0.0	0.0	0.0	0.0	0.0	0.0	0.0	0.0	0.0	0.0	0.0	0.0	0.0	0.0	0.0	0.0	0.0	0.0	0.0	0.0	0.0	0.0	0.0	0.0	0.0	0.0	0.0	0.0	0.0	0.0	0.0	0.0	0.0	0.0	0.0	0.0	0.0	0.0	0.0	0.0	0.0	0.0	0.0	0.0	0.0	0.0	0.0	0.0	0.0	0.0	0.0	0.0	0.0	0.0	0.0	0.0	0.0	0.0	0.0	0.0	0.0	0.0	0.0	0.0	0.0	0.0	0.0	0.0	0.0	0.0	0.0	0.0	0.0	0.0	0.0	0.0	0.0	0.0	0.0	0.0	0.0	0.0	0.0	0.0	0.0	0.0	0.0	0.0	0.0	0.0	0.0	0.0	0.0	0.0	0.0	1.176828657	-0.4111303354	-0.2899003621	-1.06947775	-0.1977137198	-0.7806903083	-0.4387938561	0.7424138251	0.8706664556	0.08048535799	1.040900534	1.061663129	1.231837138	-0.796984628	0.9849513232	0.3792755025	-0.4513724467	0.7602370755	-0.05581867674	-0.3989638732	0.2110479671	0.8974792865	0.3896534068	-1.04310852	-0.04582058072	-1.119822066	-0.5326526295	-0.349759444	1.166122975	0.4918489624	-0.03126121083	-0.3171407217	0.1278562481	0.1359185704
8830.99100668	-3.7148262488899486	77986402.16006304	13.79993405944177	7319.775438933677	20.09736172290559	403.90394822131066	53579112.47641671	7732.224102709337	1.4049015908640283	59787289.57451921	1.9737484800122784	7695.062887928969	10599.291210158879	0.445569	19.048756	0.19975450000000008	0.145954	0.0112271027	0.028053395499999998	-8.01495e-05	0.0012641053	0.011118098	-0.0169361014	-0.0368533221	0.0202167824	-0.0374887263	0.0017984656	0.022277485099999998	-0.0009551442999999999	0.0050071998	-0.0120242576	0.0018072958999999999	0.0222585679	0.0011271756	0.0041288285999999995	-0.012350218500000001	-0.060957659299999994	0.0509549188	-0.0354813883	0.0161983881	0.0048237569	-0.025327997799999998	-0.241629	-0.001565999999999984	0.058384573640999984	2.45235599999995e-06	-0.168434	-0.02407200000000001	0.0005794611840000004	0.028370012355999997	0.687879	-0.057101999999999986	0.4731775186410001	0.0032606384039999986	0.0220675	0.002132099999999998	4.545850409999992e-06	0.00048697455625000004	0.00791229	0.00012887000000000057	6.260433304410001e-05	1.660747690000014e-08	-0.00448397	-7.931999999999991e-05	6.291662399999986e-09	2.01059869609e-05	0.0	0.0	0.0	0.0	0.0	0.0	0.0	0.0	0.0	0.0	0.0	0.0	0.0	0.0	0.0	0.0	0.0	0.0	0.0	0.0	0.0	0.0	0.0	0.0	0.0	0.0	0.0	0.0	0.0	0.0	0.0	0.0	0.0	0.0	0.0	0.0	0.0	0.0	0.0	0.0	0.0	0.0	0.0	0.0	0.0	0.0	0.0	0.0	0.0	0.0	0.0	0.0	0.0	0.0	0.0	0.0	0.0	0.0	0.0	0.0	0.0	0.0	0.0	0.0	0.0	0.0	0.0	0.0	0.0	0.0	0.0	0.0	0.0	0.0	0.0	0.0	0.0	0.0	0.0	0.0	0.0	0.0	0.0	0.0	0.0	0.0	0.0	0.0	0.0	0.0	0.0	0.0	0.0	0.0	0.0	0.0	0.0	0.0	0.0	0.0	0.0	0.0	0.0	1.220345425	-0.4180515159	-0.2811068828	-0.9872949216	-0.2173687034	-0.6390063328	-0.1891785292	0.6579510971	0.5854113384	0.07521019703	0.9760822158	1.12482904	1.459974038	-0.7469444516	0.9638683564	0.5558552534	-0.1378355325	0.8583130892	0.2266872446	-0.6677873066	0.3106469831	0.7722533826	0.4790604227	-0.3845404164	-0.05849973744	-0.7894682862	-0.485884853	-0.5125493084	1.214508691	0.1118938004	-0.28619347	0.3756077591	0.4302612369	0.4615639362
8817.55585409364	-13.435152586360346	77749291.24006101	180.5033250187851	7310.571843313662	-9.203595620015221	84.70617233676337	53444460.67625051	7736.571423334372	4.347320625035536	59854537.38835404	18.899196616859363	7699.22718076848	10499.63151550293	0.472586	20.203793	0.09983300000000007	0.06273089999999999	0.0122246605	0.0212018644	-0.0009524536999999999	-0.0086211082	0.0039526175	-0.0238422052	-0.0358733174	0.0190890245	-0.0419370806	0.0018670369	0.0148386329	0.0013767386	0.006369882800000001	-0.0173939542	0.0021028695	0.014691689499999999	-0.0017848443	0.0045614479	-0.0193252982	-0.061092075499999995	0.0514642813	-0.0365257903	0.0178181338	0.0027282097	-0.022993024	-0.239611	0.0020179999999999643	0.05741343132100001	4.072323999999857e-06	-0.224138	-0.055704	0.0031029356160000004	0.050237843043999995	0.68438	-0.00349900000000003	0.4683759844	1.2243001000000207e-05	0.0225038	0.0004362999999999971	1.9035768999999746e-07	0.0005064210144399999	0.00771126	-0.00020103000000000048	5.946353078760001e-05	4.0413060900000186e-08	-0.00461888	-0.00013490999999999937	1.820070809999983e-08	2.13340524544e-05	0.0	0.0	0.0	0.0	0.0	0.0	0.0	0.0	0.0	0.0	0.0	0.0	0.0	0.0	0.0	0.0	0.0	0.0	0.0	0.0	0.0	0.0	0.0	0.0	0.0	0.0	0.0	0.0	0.0	0.0	0.0	0.0	0.0	0.0	0.0	0.0	0.0	0.0	0.0	0.0	0.0	0.0	0.0	0.0	0.0	0.0	0.0	0.0	0.0	0.0	0.0	0.0	0.0	0.0	0.0	0.0	0.0	0.0	0.0	0.0	0.0	0.0	0.0	0.0	0.0	0.0	0.0	0.0	0.0	0.0	0.0	0.0	0.0	0.0	0.0	0.0	0.0	0.0	0.0	0.0	0.0	0.0	0.0	0.0	0.0	0.0	0.0	0.0	0.0	0.0	0.0	0.0	0.0	0.0	0.0	0.0	0.0	0.0	0.0	0.0	0.0	0.0	0.0	1.259945325	-0.483429325	-0.2883913759	-1.031511047	-0.1506133224	-0.8757456219	-0.3281913305	0.5984870175	0.5760152154	0.1133798426	0.9068389102	1.162824882	1.435000688	-0.6756562898	0.8673101398	0.440490931	-0.4142255651	0.7917672078	0.4757881919	-0.5920603426	0.2668244687	0.8500936969	0.5066975586	-0.4765626683	-0.03884303742	-0.9818452043	-0.5444164372	-0.3704750158	1.104746533	0.05692471634	-0.02982079309	-0.9981663281	0.7425295117	-0.280266939
8832.012310442027	14.456456348387293	78004441.45179951	208.9891301528272	7323.710065866024	13.138222552362096	172.6128918353959	53636729.12886732	7735.03738700152	-1.5340363328523383	59830803.3783113	2.353267470511049	7698.498909070136	10481.688242505536	0.568274	24.294584	0.31555950000000005	0.2016	0.0254893925	0.0325665373	-0.0097513031	-0.0095922128	0.007017934399999999	-0.0249545578	-0.0418343074	0.0182692715	-0.053439825999999996	0.0041951906	0.018098282900000002	-0.0013294545	0.0111008902	-0.0080813325	0.0043881915	0.0181164273	0.0004811493	0.0091828509	-0.0123577409	-0.0612238964	0.051964898600000003	-0.0375562275	0.019425769	0.0006297652	-0.020622890300000002	-0.239758	-0.00014699999999998048	0.057483898564	2.160899999999426e-08	-0.07902100000000001	0.145117	0.021058943689	0.006244318441000001	0.8034139999999999	0.11903399999999985	0.6454740553959998	0.014169093155999969	0.0217323	-0.0007714999999999979	5.952122499999967e-07	0.00047229286329	0.00766249	-4.877000000000006e-05	5.87137530001e-05	2.3785129000000058e-09	-0.00441392	0.0002049599999999997	4.200860159999988e-08	1.94826897664e-05	0.0	0.0	0.0	0.0	0.0	0.0	0.0	0.0	0.0	0.0	0.0	0.0	0.0	0.0	0.0	0.0	0.0	0.0	0.0	0.0	0.0	0.0	0.0	0.0	0.0	0.0	0.0	0.0	0.0	0.0	0.0	0.0	0.0	0.0	0.0	0.0	0.0	0.0	0.0	0.0	0.0	0.0	0.0	0.0	0.0	0.0	0.0	0.0	0.0	0.0	0.0	0.0	0.0	0.0	0.0	0.0	0.0	0.0	0.0	0.0	0.0	0.0	0.0	0.0	0.0	0.0	0.0	0.0	0.0	0.0	0.0	0.0	0.0	0.0	0.0	0.0	0.0	0.0	0.0	0.0	0.0	0.0	0.0	0.0	0.0	0.0	0.0	0.0	0.0	0.0	0.0	0.0	0.0	0.0	0.0	0.0	0.0	0.0	0.0	0.0	0.0	0.0	0.0	1.226832356	-0.4689819473	-0.4214283588	-1.128008473	-0.1207139788	-0.5319848466	-0.1927476628	0.7072171924	0.6517924645	0.08297035613	0.9835377901	1.074132838	1.363145222	-0.7244949882	1.052843011	0.5150526973	-0.1318598106	0.8460638587	0.35662371	-0.4096868038	0.2215646782	0.6390986194	0.5243790069	-0.4597973759	-0.1303175526	-0.8521138937	-0.5177366016	-0.3425608606	1.5128999	0.3607116524	0.2089193398	-0.566909691	0.3837467871	-0.5964865
8836.066619383766	4.054308941738782	78076073.30218805	16.437420995063047	7338.9571616314815	15.247095765457745	232.47392928103943	53860292.22026201	7737.462999837166	2.4256128356455515	59868333.67384915	5.883597628448457	7701.879789521253	10592.404226838256	0.527003	22.530199	0.11881469999999998	0.0614147	0.0165232153	0.0297539621	-0.008112936999999999	-0.005367888100000001	0.012448443	-0.0367925272	-0.034419006099999996	-0.0065974926	-0.037715458	0.0039273790999999995	0.011518123500000001	0.0130203796	0.005496323199999999	-0.010427860300000001	0.0038090990000000003	0.01194698	-0.0138356297	0.0040935842	-0.014834555900000001	-0.061353116299999996	0.0524566858	-0.038572306	0.021020201000000002	-0.0014693481	-0.0182212208	-0.242378	-0.0026200000000000108	0.05874709488400001	6.8644000000000575e-06	-0.0875827	-0.008561699999999992	7.330270688999986e-05	0.007670729339290001	0.744075	-0.059338999999999816	0.553647605625	0.003521116920999977	0.020981	-0.0007512999999999999	5.644516899999998e-07	0.000440202361	0.007664199999999999	1.7099999999993856e-06	5.8739961639999985e-05	2.924099999997899e-12	-0.00420105	0.0002128700000000004	4.531363690000018e-08	1.7648821102499993e-05	0.0	0.0	0.0	0.0	0.0	0.0	0.0	0.0	0.0	0.0	0.0	0.0	0.0	0.0	0.0	0.0	0.0	0.0	0.0	0.0	0.0	0.0	0.0	0.0	0.0	0.0	0.0	0.0	0.0	0.0	0.0	0.0	0.0	0.0	0.0	0.0	0.0	0.0	0.0	0.0	0.0	0.0	0.0	0.0	0.0	0.0	0.0	0.0	0.0	0.0	0.0	0.0	0.0	0.0	0.0	0.0	0.0	0.0	0.0	0.0	0.0	0.0	0.0	0.0	0.0	0.0	0.0	0.0	0.0	0.0	0.0	0.0	0.0	0.0	0.0	0.0	0.0	0.0	0.0	0.0	0.0	0.0	0.0	0.0	0.0	0.0	0.0	0.0	0.0	0.0	0.0	0.0	0.0	0.0	0.0	0.0	0.0	0.0	0.0	0.0	0.0	0.0	0.0	1.293472386	-0.3954441562	-0.3325811691	-1.021050828	-0.1333198382	-0.3361508382	-0.2425245333	0.8034670838	0.7925303916	-0.2055432135	1.104453256	1.10862021	1.51269771	-0.6955477895	1.180549113	0.5443082409	-0.3370652672	0.9250305294	0.2335430732	-0.1873609959	0.415000085	0.5322631862	0.3976167442	-0.3192593179	0.12590589	0.3739800634	-0.4728687608	-0.3438845824	1.294784696	0.5076189453	-0.2313249825	-0.9858003022	0.722357112	-0.6180988061
8840.884612944037	4.817993560271134	78161240.73939064	23.21306194681411	7338.546059466425	-0.4111021650569455	0.1690049901145081	53854258.26691019	7751.494259138803	14.031259301636965	60085663.24946182	196.87623758977384	7714.55891823664	10457.638191999416	0.633864	27.098648	0.3088848000000001	0.188689	0.015875382	0.0153360977	0.0036310784999999996	-0.0077412551	0.013332263300000001	-0.026434898	-0.0131558621	-0.0185217711	-0.022604672599999997	-0.0031535669	0.0104544363	0.007796619399999999	0.0024268634	-0.0026317522	-0.0033662459000000002	0.0105213399	-0.0083311051	0.0025345935999999997	-0.0047737565	-0.0614797299	0.052939559299999994	-0.0395736373	0.0226003462	-0.003566901	-0.0157916882	-0.220822	0.02155600000000002	0.048762355684	0.00046466113600000087	-0.25350100000000003	-0.16591830000000002	0.02752888227489001	0.06426275700100001	0.719691	-0.024384000000000072	0.5179551354809999	0.0005945794560000035	0.0222359	0.0012548999999999998	1.5747740099999997e-06	0.0004944352488099999	0.00823985	0.0005756500000000005	6.78951280225e-05	3.313729225000005e-07	-0.00431103	-0.00010998000000000083	1.2095600400000183e-08	1.8584979660900007e-05	0.0	0.0	0.0	0.0	0.0	0.0	0.0	0.0	0.0	0.0	0.0	0.0	0.0	0.0	0.0	0.0	0.0	0.0	0.0	0.0	0.0	0.0	0.0	0.0	0.0	0.0	0.0	0.0	0.0	0.0	0.0	0.0	0.0	0.0	0.0	0.0	0.0	0.0	0.0	0.0	0.0	0.0	0.0	0.0	0.0	0.0	0.0	0.0	0.0	0.0	0.0	0.0	0.0	0.0	0.0	0.0	0.0	0.0	0.0	0.0	0.0	0.0	0.0	0.0	0.0	0.0	0.0	0.0	0.0	0.0	0.0	0.0	0.0	0.0	0.0	0.0	0.0	0.0	0.0	0.0	0.0	0.0	0.0	0.0	0.0	0.0	0.0	0.0	0.0	0.0	0.0	0.0	0.0	0.0	0.0	0.0	0.0	0.0	0.0	0.0	0.0	0.0	0.0	1.272558519	-0.4516056759	-0.3115361965	-1.033561869	-0.09223084508	-0.6715798519	-0.2413392185	0.6299327735	0.6649553662	-0.03545928017	0.8616433421	1.111248042	1.436603498	-0.6575516843	1.067956206	0.3916219921	-0.1614386915	0.7999395602	0.1808042045	-0.4202261472	0.2367120463	0.6342584273	0.1542749963	-0.640540214	0.01695096325	0.5762226501	-0.3444147891	-0.2357877135	-0.8719118958	0.3207351948	0.2867982812	-1.358361565	0.5406354894	-0.127062702
8880.364144044972	39.47953110093477	78860867.33083959	1558.6333759496756	7336.431473882149	-2.1145855842760284	4.471472193227992	53823226.77096859	7759.563414186814	8.069155048011451	60210824.37878653	65.11126318884871	7722.664318836958	10641.319380851346	0.566629	24.22426	0.122581	0.0717551	0.0131344401	0.023884131	0.0031228743	-0.0172414233	0.003960334	-0.013730328200000001	0.0129627808	0.0336327183	-0.0258723067	-0.0042154529	0.0012069189	0.0002371765	0.009633376800000001	0.023071175099999997	-0.0044397069	0.0011057533	0.0010950698	0.0113824428	0.026566464300000002	-0.0616037317	0.05341343690000002	-0.0405598385	0.024165130400000002	-0.0056606658999999995	-0.0133380076	-0.235323	-0.014501000000000012	0.05537691432900001	0.0002102790010000004	-0.189724	0.06377700000000003	0.0040675057290000035	0.035995196176	0.719993	0.00030200000000002447	0.518389920049	9.120400000001477e-08	0.021787	-0.00044889999999999866	2.015112099999988e-07	0.000474673369	0.007999249999999998	-0.0002406000000000023	6.398800056249998e-05	5.788836000000108e-08	-0.00412051	0.00019052000000000045	3.6297870400000176e-08	1.69786026601e-05	0.0	0.0	0.0	0.0	0.0	0.0	0.0	0.0	0.0	0.0	0.0	0.0	0.0	0.0	0.0	0.0	0.0	0.0	0.0	0.0	0.0	0.0	0.0	0.0	0.0	0.0	0.0	0.0	0.0	0.0	0.0	0.0	0.0	0.0	0.0	0.0	0.0	0.0	0.0	0.0	0.0	0.0	0.0	0.0	0.0	0.0	0.0	0.0	0.0	0.0	0.0	0.0	0.0	0.0	0.0	0.0	0.0	0.0	0.0	0.0	0.0	0.0	0.0	0.0	0.0	0.0	0.0	0.0	0.0	0.0	0.0	0.0	0.0	0.0	0.0	0.0	0.0	0.0	0.0	0.0	0.0	0.0	0.0	0.0	0.0	0.0	0.0	0.0	0.0	0.0	0.0	0.0	0.0	0.0	0.0	0.0	0.0	0.0	0.0	0.0	0.0	0.0	0.0	1.219110608	-0.4484800478	-0.2869764943	-0.9968642975	-0.09085172812	-0.7099767262	-0.4481812574	0.8261322029	0.9773361467	-0.1908517223	0.9714957299	1.197021997	1.159141418	-0.3809874901	1.025158576	0.3664124567	0.1152191956	0.8949310353	0.3291368419	-0.4596975492	0.2443149209	1.02854314	0.1056904108	-1.10480269	0.1014675358	-0.5795615382	-0.1019631956	-0.232069405	-1.151890017	0.4107967279	0.04128593797	0.0567927927	0.3039013354	1.209134485
8887.757003966402	7.3928599214304995	78992224.56155384	54.65437781789337	7378.297237574799	41.865763692650034	1752.7421695688138	54439270.12600391	7759.748979555658	0.1855653688435268	60213704.22571507	0.034434506114034154	7723.184007034501	10888.209743903572	0.625927	26.759335	0.2881929999999999	0.149226	0.0090968074	0.0315399358	-0.0048104969	-0.0134219698	0.0087326612	-0.011602961699999999	0.0024725665	0.0184021858	-0.0031407288	-0.0048334117	0.0030563793	0.0003821082	0.008120831700000001	0.0108753472	-0.0051236026	0.0031271423	0.0005666371	0.0093786576	0.0134907479	-0.0617251165	0.053878238200000005	-0.041530532599999996	0.0257134902	-0.007748419499999998	-0.010863931	-0.26568400000000003	-0.030361000000000023	0.07058798785600001	0.0009217903210000016	-0.07792699999999997	0.11179700000000004	0.012498569209000008	0.006072617328999995	0.676466	-0.04352699999999998	0.457606249156	0.0018945997289999985	0.0229667	0.0011796999999999988	1.3916920899999969e-06	0.00052746930889	0.007214469999999999	-0.0007847799999999987	5.204857738089998e-05	6.158796483999982e-07	-0.00420619	-8.568000000000029e-05	7.341062400000052e-09	1.7692034316100006e-05	0.0	0.0	0.0	0.0	0.0	0.0	0.0	0.0	0.0	0.0	0.0	0.0	0.0	0.0	0.0	0.0	0.0	0.0	0.0	0.0	0.0	0.0	0.0	0.0	0.0	0.0	0.0	0.0	0.0	0.0	0.0	0.0	0.0	0.0	0.0	0.0	0.0	0.0	0.0	0.0	0.0	0.0	0.0	0.0	0.0	0.0	0.0	0.0	0.0	0.0	0.0	0.0	0.0	0.0	0.0	0.0	0.0	0.0	0.0	0.0	0.0	0.0	0.0	0.0	0.0	0.0	0.0	0.0	0.0	0.0	0.0	0.0	0.0	0.0	0.0	0.0	0.0	0.0	0.0	0.0	0.0	0.0	0.0	0.0	0.0	0.0	0.0	0.0	0.0	0.0	0.0	0.0	0.0	0.0	0.0	0.0	0.0	0.0	0.0	0.0	0.0	0.0	0.0	1.290260356	-0.511914728	-0.270474041	-0.9560685809	-0.1508637925	-0.3099014875	-0.1475912884	0.9468915743	0.9239837541	0.06872833179	0.9606569842	1.293022612	1.384782687	-0.2533566269	0.9798774735	0.7899138389	0.1115294616	0.7310377655	1.005222083	-0.7727823675	0.6657251536	0.9652203637	0.2071159402	-0.5763439538	0.1791099879	0.1465265299	0.08509855665	-0.08548451053	-0.5379951069	0.1273485841	0.04177309364	1.618633833	0.9861972007	1.53035829
8848.365698105898	-39.391305860504865	78293575.52741706	1551.6749773958456	7371.665159574468	-6.632078000330694	43.98445860247037	54341447.22488406	7765.659941108597	5.910961552939625	60305474.32093878	34.939466480330424	7728.759736311007	10799.67789598016	0.5174979999999999	22.123823	0.28172650000000005	0.162635	0.0099752119	0.0232817507	0.0022065492	-0.0143939246	0.0004383987	-0.0023900683	0.013372014	0.0229006569	-0.0077770805	-0.0072527904	-0.0025972542000000003	-0.007440265699999999	0.0050031248	0.0099567157	-0.0073134812	-0.0026863335999999997	0.0084499339	0.0066281193000000006	0.0136758447	-0.061843879000000004	0.0543338842	-0.0424853485	0.027244373199999998	-0.0098279446	-0.0083732417	-0.252256	0.013428000000000051	0.06363308953599997	0.00018031118400000135	-0.220812	-0.14288499999999998	0.020416123225000003	0.04875793934399999	0.6534949999999999	-0.022971000000000075	0.4270557150249999	0.0005276668410000036	0.0238199	0.0008532000000000019	7.279502400000032e-07	0.00056738763601	0.00800291	0.0007884400000000014	6.40465684681e-05	6.216376336000022e-07	-0.004613399999999999	-0.000407209999999999	1.6581998409999918e-07	2.1283459559999995e-05	0.0	0.0	0.0	0.0	0.0	0.0	0.0	0.0	0.0	0.0	0.0	0.0	0.0	0.0	0.0	0.0	0.0	0.0	0.0	0.0	0.0	0.0	0.0	0.0	0.0	0.0	0.0	0.0	0.0	0.0	0.0	0.0	0.0	0.0	0.0	0.0	0.0	0.0	0.0	0.0	0.0	0.0	0.0	0.0	0.0	0.0	0.0	0.0	0.0	0.0	0.0	0.0	0.0	0.0	0.0	0.0	0.0	0.0	0.0	0.0	0.0	0.0	0.0	0.0	0.0	0.0	0.0	0.0	0.0	0.0	0.0	0.0	0.0	0.0	0.0	0.0	0.0	0.0	0.0	0.0	0.0	0.0	0.0	0.0	0.0	0.0	0.0	0.0	0.0	0.0	0.0	0.0	0.0	0.0	0.0	0.0	0.0	0.0	0.0	0.0	0.0	0.0	0.0	1.275077777	-0.5684039551	-0.3025354793	-0.9916715262	-0.2089953781	-0.6737477247	-0.1528068172	0.7500602902	0.7097251926	-0.08816703161	0.8955396322	1.253758681	1.380873374	-0.2089100937	0.7366452531	0.8907264465	0.3044618959	0.7518589725	1.402358994	-0.8723153696	0.653873334	1.006381499	0.1722885777	-0.7029133417	0.2630824427	-0.5307246062	-0.2622923718	-0.2305183255	-0.6367051272	0.08509151212	0.2280637719	1.011936514	0.9636846832	1.123316852
8835.405193938288	-12.960504167609544	78064384.94107167	167.9746682786243	7364.137892702793	-7.527266871675238	56.65974655741952	54230526.90274113	7755.9532979010255	-9.706643207571688	60154811.559221804	94.21892235909758	7719.3007358882	10743.466725175942	0.44493	19.021442	0.14083100000000004	0.0925269	0.0128557594	0.022574837900000002	0.0002296063	-0.0133140642	0.0003347833	-0.003279176	0.021785308399999998	0.0406837801	-0.0132883228	-0.0018505401000000002	-0.0024004054999999997	-0.008289308	0.0072743765000000005	0.018020621599999998	-0.0020244498	-0.0024980257	0.0097872752	0.0095427093	0.022603264900000003	-0.0619600143	0.0547802975	-0.0434239212	0.028756738900000002	-0.0118970329	-0.0058697485	-0.253489	-0.001232999999999984	0.06425667312099999	1.5202889999999608e-06	-0.145738	0.07507399999999997	0.005636105475999996	0.021239564643999998	0.680758	0.02726300000000004	0.463431454564	0.0007432711690000019	0.0231178	-0.0007021000000000005	4.92944410000001e-07	0.00053443267684	0.007959789999999998	-4.312000000000239e-05	6.335825684409997e-05	1.8593344000002064e-09	-0.004613399999999999	0.0	0.0	2.1283459559999995e-05	0.0	0.0	0.0	0.0	0.0	0.0	0.0	0.0	0.0	0.0	0.0	0.0	0.0	0.0	0.0	0.0	0.0	0.0	0.0	0.0	0.0	0.0	0.0	0.0	0.0	0.0	0.0	0.0	0.0	0.0	0.0	0.0	0.0	0.0	0.0	0.0	0.0	0.0	0.0	0.0	0.0	0.0	0.0	0.0	0.0	0.0	0.0	0.0	0.0	0.0	0.0	0.0	0.0	0.0	0.0	0.0	0.0	0.0	0.0	0.0	0.0	0.0	0.0	0.0	0.0	0.0	0.0	0.0	0.0	0.0	0.0	0.0	0.0	0.0	0.0	0.0	0.0	0.0	0.0	0.0	0.0	0.0	0.0	0.0	0.0	0.0	0.0	0.0	0.0	0.0	0.0	0.0	0.0	0.0	0.0	0.0	0.0	0.0	0.0	0.0	0.0	0.0	0.0	1.19170892	-0.5173907715	-0.2842816949	-1.015633577	-0.21955537	-0.6997656549	-0.3747720532	0.7901067769	0.8554353471	-0.0203657284	0.7900258863	1.137111002	1.250515984	-0.4887690001	0.7328013378	0.837752809	0.2001728263	0.8518249498	1.19142248	-0.8938547733	0.3235377132	0.8946575801	0.2842167739	-1.021602232	0.03845830095	-0.8019645363	-0.2993217307	-0.3456841915	-1.101799313	-0.1699797927	-0.1513278712	0.9147307404	0.5563789624	1.075934935
8831.637711476662	-3.7674824616260594	77997824.66677673	14.193924098659954	7383.629463098405	19.491570395612143	379.92131648710375	54517984.04833484	7749.5992737500355	-6.354024150989972	60056288.90370708	40.373622911363825	7714.679028791049	10735.576257021552	0.483463	20.668776	0.14278030000000014	0.07611719999999997	0.0114387691	0.0199536473	0.0007436703	-0.0058714776	0.0062520108	-0.0070720478	0.0205926305	0.0265651248	-0.0204664221	0.0018481075	-0.0020586035999999998	-0.0005564179	0.006636940500000001	0.0104358705	0.0014861305	-0.0017702957	0.0013189221	0.0083358347	0.012911317299999999	-0.0620735175	0.055217402199999994	-0.0443458917	0.0302495594	-0.013953486999999999	-0.0033572794	-0.265813	-0.012324000000000055	0.07065655096900003	0.00015188097600000143	-0.0958707	0.0498673	0.0024867476092900005	0.00919119111849	0.687316	0.006558000000000064	0.4724032838560001	4.300736400000084e-05	0.0223616	-0.0007562000000000019	5.718384400000029e-07	0.0005000411545599999	0.00728717	-0.0006726199999999978	5.31028466089e-05	4.5241766439999725e-07	-0.004561600000000001	5.179999999999855e-05	2.68323999999985e-09	2.0808194560000006e-05	0.0	0.0	0.0	0.0	0.0	0.0	0.0	0.0	0.0	0.0	0.0	0.0	0.0	0.0	0.0	0.0	0.0	0.0	0.0	0.0	0.0	0.0	0.0	0.0	0.0	0.0	0.0	0.0	0.0	0.0	0.0	0.0	0.0	0.0	0.0	0.0	0.0	0.0	0.0	0.0	0.0	0.0	0.0	0.0	0.0	0.0	0.0	0.0	0.0	0.0	0.0	0.0	0.0	0.0	0.0	0.0	0.0	0.0	0.0	0.0	0.0	0.0	0.0	0.0	0.0	0.0	0.0	0.0	0.0	0.0	0.0	0.0	0.0	0.0	0.0	0.0	0.0	0.0	0.0	0.0	0.0	0.0	0.0	0.0	0.0	0.0	0.0	0.0	0.0	0.0	0.0	0.0	0.0	0.0	0.0	0.0	0.0	0.0	0.0	0.0	0.0	0.0	0.0	1.2380396	-0.4992619558	-0.2859076338	-1.009269763	-0.3096263475	-0.5344782858	-0.3498791006	0.7917357882	0.7532935021	-0.08975008378	0.9364231351	1.341574566	1.323601716	-0.5520968373	0.8055212169	0.8692843933	-0.2060104477	0.6844712301	0.7131720044	-0.738290676	0.4388123518	0.884401267	0.3032548447	-0.6791577898	-0.02148462817	-0.3434885024	-0.5264825992	-0.3669777628	-0.5961418101	-0.07886161309	0.190771433	1.466308015	0.9108467897	1.482042677
8810.151774320173	-21.485937156488944	77618774.28655691	461.64549549259215	7361.12293259641	-22.506530501995254	506.5439152372429	54186130.82879677	7742.739693676287	-6.859580073748474	59950017.96403036	47.05383878816714	7707.144311395054	10629.7936671258	0.526683	22.516518	0.29776680000000005	0.173371	0.0093889995	0.009260220999999999	0.0054877532	0.0019370320000000002	-0.0001789333	-0.0063028445	-0.0097897144	0.0216915671	-0.0164551566	0.0029072698	0.0056423377000000005	-0.0113203355	0.0011568159	-0.0028217699	0.0028155202000000002	0.0055566272	0.0120790198	0.0018290879000000002	0.00022706900000000002	-0.062184383600000004	0.055645124000000004	-0.0452509076	0.03172182	-0.0159951231	-0.0008396765	-0.260278	0.005535000000000012	0.067744637284	3.063622500000013e-05	-0.218143	-0.12227229999999994	0.014950515347289991	0.04758636844899999	0.623009	-0.064307	0.388140214081	0.004135390249	0.0238668	0.0015052000000000015	2.265627040000005e-06	0.0005696241422400001	0.007614809999999999	0.00032763999999999883	5.7985331336099977e-05	1.0734796959999924e-07	-0.00484181	-0.0002802099999999995	7.851764409999971e-08	2.3443124076100006e-05	0.0	0.0	0.0	0.0	0.0	0.0	0.0	0.0	0.0	0.0	0.0	0.0	0.0	0.0	0.0	0.0	0.0	0.0	0.0	0.0	0.0	0.0	0.0	0.0	0.0	0.0	0.0	0.0	0.0	0.0	0.0	0.0	0.0	0.0	0.0	0.0	0.0	0.0	0.0	0.0	0.0	0.0	0.0	0.0	0.0	0.0	0.0	0.0	0.0	0.0	0.0	0.0	0.0	0.0	0.0	0.0	0.0	0.0	0.0	0.0	0.0	0.0	0.0	0.0	0.0	0.0	0.0	0.0	0.0	0.0	0.0	0.0	0.0	0.0	0.0	0.0	0.0	0.0	0.0	0.0	0.0	0.0	0.0	0.0	0.0	0.0	0.0	0.0	0.0	0.0	0.0	0.0	0.0	0.0	0.0	0.0	0.0	0.0	0.0	0.0	0.0	0.0	0.0	1.296893673	-0.5346135017	-0.2636432379	-0.9545036395	-0.3842278917	-0.8203466585	-0.2884494439	0.5887260438	0.5424141661	0.1105344503	0.8158739558	1.255300684	1.38984097	-0.2832882884	0.660038813	0.8524900615	0.1138703073	0.6223712343	0.2577342278	-1.079635046	0.1834702648	1.124266564	0.3558914126	-0.8279609413	-0.2264912304	-1.111777517	-0.6658330494	-0.6541864267	0.1906954142	-0.3247877898	0.2008187908	0.8065986536	0.5090273308	0.8151004296
8806.819782004217	-3.3319923159560867	77560074.67270081	11.1021727935904	7329.847519115691	-31.27541348071827	978.151488389894	53726664.65348645	7735.517613690083	-7.222079986204334	59838232.75170951	52.15843932713321	7700.031094978192	10565.756901081397	0.439824	18.803148	0.14341349999999994	0.0717615	0.011627075300000001	0.0053826459	0.0021593242000000003	0.0024531456	-0.0083622926	-0.0089481586	-0.0075974888	0.0305063822	-0.0291884138	0.0086732653	-0.0021950789000000004	-0.0044761454	0.0083534172	-0.0014266495999999999	0.008491951999999999	-0.0020070228	0.005313020600000001	0.0085723204	0.0007328449000000001	-0.062292608	0.0560633903	-0.0461386229	0.0331725201	-0.018019773	0.0016792104000000001	-0.272024	-0.01174599999999998	0.07399705657599999	0.00013796851599999951	-0.167433	0.050709999999999984	0.002571504099999997	0.028033809489000003	0.602962	-0.02004700000000004	0.363563173444	0.0004018822090000015	0.024478	0.0006111999999999992	3.7356543999999905e-07	0.0005991724839999999	0.00713655	-0.00047825999999999864	5.09303459025e-05	2.287326275999986e-07	-0.00497056	-0.00012874999999999952	1.6576562499999882e-08	2.47064667136e-05	0.0	0.0	0.0	0.0	0.0	0.0	0.0	0.0	0.0	0.0	0.0	0.0	0.0	0.0	0.0	0.0	0.0	0.0	0.0	0.0	0.0	0.0	0.0	0.0	0.0	0.0	0.0	0.0	0.0	0.0	0.0	0.0	0.0	0.0	0.0	0.0	0.0	0.0	0.0	0.0	0.0	0.0	0.0	0.0	0.0	0.0	0.0	0.0	0.0	0.0	0.0	0.0	0.0	0.0	0.0	0.0	0.0	0.0	0.0	0.0	0.0	0.0	0.0	0.0	0.0	0.0	0.0	0.0	0.0	0.0	0.0	0.0	0.0	0.0	0.0	0.0	0.0	0.0	0.0	0.0	0.0	0.0	0.0	0.0	0.0	0.0	0.0	0.0	0.0	0.0	0.0	0.0	0.0	0.0	0.0	0.0	0.0	0.0	0.0	0.0	0.0	0.0	0.0	1.296392304	-0.5447935188	-0.2897080283	-0.9773347132	-0.4327189836	-0.7747965508	-0.7557627079	0.5788506569	0.5284368528	0.01031693354	0.8869844655	1.347971215	1.385357373	-0.3024949931	0.7065306554	0.7176436415	-0.3327914626	0.7878431018	-0.1088579998	-1.057629098	0.07185091692	1.35491729	0.3322374854	-0.7248469274	-0.4664120723	-1.355645731	-0.6281864871	-0.7007383529	0.3768123333	-0.5559867529	-0.3200352845	0.3178362501	0.675041615	0.5198360469
8814.55900307003	7.739221065812671	77696450.41860291	59.895542705518615	7353.833165724734	23.985646609042305	575.3112432538628	54078862.22931306	7733.801331140918	-1.7162825491650435	59811683.02955703	2.9456257885684614	7698.302040574847	10608.81687840994	0.48815	20.869141	0.25448829999999995	0.157977	0.0092826687	0.0053803328	0.0023582334	0.009881025	0.0027469532	-0.0118393934	-0.0199538958	0.0190439586	-0.026507126699999998	0.0102281146	0.0066925685	-0.0029562683000000003	0.0063390265	-0.011566631899999999	0.0099624615	0.006788137099999999	0.0036693453	0.006381878499999999	-0.0089670917	-0.0623981861	0.0564721299	-0.047008698099999996	0.0346006737	-0.0200252867	0.0041955295000000005	-0.27762800000000004	-0.005604000000000053	0.07707730638400002	3.14048160000006e-05	-0.08315219999999998	0.08428080000000003	0.007103253248640003	0.006914288364839997	0.638588	0.03562600000000005	0.4077946337440001	0.0012692118760000033	0.0223472	-0.0021307999999999987	4.5403086399999945e-06	0.00049939734784	0.00716007	2.3519999999999968e-05	5.12666024049e-05	5.531903999999983e-10	-0.00454533	0.00042522999999999953	1.8082055289999963e-07	2.0660024808900006e-05	0.0	0.0	0.0	0.0	0.0	0.0	0.0	0.0	0.0	0.0	0.0	0.0	0.0	0.0	0.0	0.0	0.0	0.0	0.0	0.0	0.0	0.0	0.0	0.0	0.0	0.0	0.0	0.0	0.0	0.0	0.0	0.0	0.0	0.0	0.0	0.0	0.0	0.0	0.0	0.0	0.0	0.0	0.0	0.0	0.0	0.0	0.0	0.0	0.0	0.0	0.0	0.0	0.0	0.0	0.0	0.0	0.0	0.0	0.0	0.0	0.0	0.0	0.0	0.0	0.0	0.0	0.0	0.0	0.0	0.0	0.0	0.0	0.0	0.0	0.0	0.0	0.0	0.0	0.0	0.0	0.0	0.0	0.0	0.0	0.0	0.0	0.0	0.0	0.0	0.0	0.0	0.0	0.0	0.0	0.0	0.0	0.0	0.0	0.0	0.0	0.0	0.0	0.0	1.19666936	-0.4463272826	-0.2400792024	-0.9285214045	-0.3820134859	-0.6638929862	-0.3890837837	0.7392577367	0.593430757	0.3495648647	0.8634472558	1.174698156	1.348250826	-0.5310995716	0.7954677795	0.7684711717	-0.3712551201	0.543066866	-0.2899803236	-0.9809286064	0.07750547262	1.025817295	0.3099549377	-0.8006329241	-0.2854013203	-0.9217896926	-0.6761188204	-0.7128054315	0.7623047527	-0.06286723272	0.2751086427	0.8707112045	0.5777110057	0.6444197268
8807.498786886297	-7.0602161837323365	77572034.88100359	49.846652561035995	7326.003384724068	-27.82978100066521	774.4967105449863	53670325.5929885	7737.193406649204	3.392075508286325	59864161.81189592	11.506176253915932	7700.610182953548	10574.732191189709	0.665355	28.444921	0.35619330000000005	0.205129	-0.0009979786	-0.011461932099999999	0.0085035052	0.009543062199999999	-0.0034291422999999997	-0.0035416511	-0.0299965034	0.013116087	-0.0273049975	0.0077794974	0.0015627276	-0.0041168101	-0.0084558345	-0.0112375003	0.0080281307	0.0016044295999999999	0.0035735163	-0.009702590799999999	-0.0127061991	-0.0625011134	0.0568712735	-0.0478608008	0.0360053101	-0.0220095344	0.006705432900000001	-0.252236	0.025392000000000026	0.06362299969600001	0.0006447536640000012	-0.26013200000000003	-0.17697980000000005	0.03132184960804002	0.06766865742400001	0.5322939999999999	-0.10629400000000012	0.2833369024359999	0.011298414436000024	0.0216647	-0.0006824999999999991	4.6580624999999885e-07	0.0004693592260900001	0.00732631	0.00016623999999999982	5.36748182161e-05	2.7635737599999933e-08	-0.00444352	0.00010180999999999991	1.0365276099999984e-08	1.97448699904e-05	0.0	0.0	0.0	0.0	0.0	0.0	0.0	0.0	0.0	0.0	0.0	0.0	0.0	0.0	0.0	0.0	0.0	0.0	0.0	0.0	0.0	0.0	0.0	0.0	0.0	0.0	0.0	0.0	0.0	0.0	0.0	0.0	0.0	0.0	0.0	0.0	0.0	0.0	0.0	0.0	0.0	0.0	0.0	0.0	0.0	0.0	0.0	0.0	0.0	0.0	0.0	0.0	0.0	0.0	0.0	0.0	0.0	0.0	0.0	0.0	0.0	0.0	0.0	0.0	0.0	0.0	0.0	0.0	0.0	0.0	0.0	0.0	0.0	0.0	0.0	0.0	0.0	0.0	0.0	0.0	0.0	0.0	0.0	0.0	0.0	0.0	0.0	0.0	0.0	0.0	0.0	0.0	0.0	0.0	0.0	0.0	0.0	0.0	0.0	0.0	0.0	0.0	0.0	1.273771532	-0.4487359431	-0.08876612871	-0.7086825265	-0.262068882	-1.009813054	-0.5844054148	0.6947731313	0.6107034902	0.03599368248	0.8755318738	1.153458377	1.217376019	-0.3396857646	0.953289785	0.5776110346	-0.1510211184	0.832617758	-0.6069187262	-1.032452011	0.1384165036	1.11293044	0.2647011196	-1.066126386	-0.01080746836	-0.3615190477	-0.9138947071	-0.7781661392	1.198953201	-0.420335754	-0.2387558227	-1.318228914	0.7182268078	-0.03638292168
8830.103746692057	22.604959805759787	77970732.1773451	510.98420782001574	7336.227697494182	10.224312770114011	104.53657162111642	53820236.82948079	7733.26912274397	-3.924283905234007	59803451.32478529	15.40000416887866	7697.273043258894	10592.11935462638	0.577294	24.680189	0.2383545000000001	0.149425	-0.0010093869	-0.0117575528	0.0089276042	0.0071875812	0.0044258468	-0.0021331168	-0.0260558793	-0.014222518799999999	-0.009837869300000001	0.0089164569	0.0029904393	0.0057650731	-0.014137263999999997	-0.017961917	0.0089522574	0.0034049726000000002	-0.0071324047	-0.0149907095	-0.021494694900000003	-0.06260138559999999	0.0572607532	-0.0486946049	0.0373854745	-0.0239704089	0.0092050827	-0.252017	0.00021900000000002476	0.063512568289	4.796100000001084e-08	-0.239147	0.02098500000000006	0.00044037022500000256	0.057191287608999976	0.468275	-0.06401899999999994	0.219281475625	0.004098432360999992	0.023674200000000003	0.0020095000000000013	4.038090250000004e-06	0.0005604677456400001	0.0077614999999999984	0.00043518999999999936	6.024088224999999e-05	1.8939033609999944e-07	-0.00382558	0.0006179400000000004	3.8184984360000045e-07	1.4635062336399997e-05	0.0	0.0	0.0	0.0	0.0	0.0	0.0	0.0	0.0	0.0	0.0	0.0	0.0	0.0	0.0	0.0	0.0	0.0	0.0	0.0	0.0	0.0	0.0	0.0	0.0	0.0	0.0	0.0	0.0	0.0	0.0	0.0	0.0	0.0	0.0	0.0	0.0	0.0	0.0	0.0	0.0	0.0	0.0	0.0	0.0	0.0	0.0	0.0	0.0	0.0	0.0	0.0	0.0	0.0	0.0	0.0	0.0	0.0	0.0	0.0	0.0	0.0	0.0	0.0	0.0	0.0	0.0	0.0	0.0	0.0	0.0	0.0	0.0	0.0	0.0	0.0	0.0	0.0	0.0	0.0	0.0	0.0	0.0	0.0	0.0	0.0	0.0	0.0	0.0	0.0	0.0	0.0	0.0	0.0	0.0	0.0	0.0	0.0	0.0	0.0	0.0	0.0	0.0	1.376891144	-0.4823765655	-0.05080054518	-0.6462094844	-0.301647892	-1.102530546	-0.6181161107	0.7428293461	0.573519029	-0.04652981559	0.7456133247	0.9726071107	1.398472387	-0.2249832331	1.16188523	0.6214902133	-0.0552220884	0.8947931637	-0.7408794363	-1.107027575	0.1021674452	1.243379319	0.03239390528	-0.8421549862	-0.1419097382	0.6255255883	-0.4980400012	-0.7552895089	-0.196020275	-0.4417526441	-0.09809603013	-1.81875939	0.7029804434	-0.3021145139
8865.001269380986	34.8975226889288	78588247.50612651	1217.8370898243006	7339.220347822476	2.9926503282931662	8.955955987433196	53864155.31389146	7744.4252275289955	11.156104785025489	59976122.10478754	124.45867397446864	7708.43782544951	10691.583570545035	0.615738	26.323748	0.18179450000000005	0.105567	-0.0085948283	-0.0096207062	0.0124534948	-0.0005218614	0.0055359017	0.0059936291	-0.0059261259999999994	0.007662020699999998	0.010883178600000001	0.004370794	-0.0013927401000000002	0.006156940600000001	-0.0091450853	1.5668699999999998e-05	0.0040096393	-0.0011591306	-0.0059660040000000004	-0.0076586508999999985	0.0021506058999999998	-0.0626989983	0.0576405028	-0.049509791799999994	0.0387402291	-0.0259058278	0.011690656399999999	-0.25967	-0.007652999999999965	0.06742850889999998	5.8568408999999476e-05	-0.176329	0.06281799999999997	0.003946101123999997	0.031091916240999995	0.38857	-0.07970500000000003	0.15098664489999994	0.0063528870250000044	0.0238604	0.00018619999999999748	3.467043999999907e-08	0.00056931868816	0.00742662	-0.00033487999999999915	5.51546846244e-05	1.1214461439999947e-07	-0.00393687	-0.00011129000000000043	1.2385464100000095e-08	1.5498945396900006e-05	0.0	0.0	0.0	0.0	0.0	0.0	0.0	0.0	0.0	0.0	0.0	0.0	0.0	0.0	0.0	0.0	0.0	0.0	0.0	0.0	0.0	0.0	0.0	0.0	0.0	0.0	0.0	0.0	0.0	0.0	0.0	0.0	0.0	0.0	0.0	0.0	0.0	0.0	0.0	0.0	0.0	0.0	0.0	0.0	0.0	0.0	0.0	0.0	0.0	0.0	0.0	0.0	0.0	0.0	0.0	0.0	0.0	0.0	0.0	0.0	0.0	0.0	0.0	0.0	0.0	0.0	0.0	0.0	0.0	0.0	0.0	0.0	0.0	0.0	0.0	0.0	0.0	0.0	0.0	0.0	0.0	0.0	0.0	0.0	0.0	0.0	0.0	0.0	0.0	0.0	0.0	0.0	0.0	0.0	0.0	0.0	0.0	0.0	0.0	0.0	0.0	0.0	0.0	1.325593365	-0.4796757906	0.00645760085	-0.4602759986	-0.3389084237	-1.181962693	-0.554890201	0.6964553835	0.6743118538	-0.0396771731	0.9068151191	0.9720214005	1.5120713	-0.4758238733	1.188552683	0.4145355684	-0.1021981382	0.9414171268	-0.5274394886	-1.08492804	0.1389647329	1.280393326	0.04193053375	-1.090318653	0.1240950118	0.1366826025	0.0917336977	-0.6744303754	-1.05698953	-0.5033246742	-0.4724654394	-0.7010001802	0.3737442565	0.7097718456
8918.773054244437	53.7717848634511	79544512.79311664	2891.404847401269	7395.83848487367	56.618137051194935	3205.613443147893	54698426.89433847	7777.560241562429	33.13501403343344	60490443.31113263	1097.9291549958307	7739.547239820127	11121.002542744685	0.6996560000000001	29.911364000000006	0.2368375000000001	0.184105	-0.0256106491	-0.0068071054	0.006661743	-0.0029854287	0.0172510941	0.0231458688	-0.0066773353	-0.0104120692	0.047981633899999994	-0.012383751200000001	-0.0006155526999999999	-0.003582738400000001	-0.009752824399999999	0.0060091789	-0.012062004599999999	-0.0010742094	0.0034165868	-0.0102942629	0.0054313096	-0.06279394740000001	0.05801045780000001	-0.050306049900000004	0.0400686528	-0.027813735899999997	0.0141583533	-0.256248	0.003421999999999981	0.06566303750399999	1.1710083999999867e-05	-0.143858	0.032471	0.001054365841	0.020695124164	0.208076	-0.180494	0.043295621776000014	0.03257808403599999	0.023826	-3.4400000000000396e-05	1.1833600000000276e-09	0.0005676782759999999	0.00741512	-1.1500000000000224e-05	5.49840046144e-05	1.322500000000052e-10	-0.00357376	0.00036311000000000026	1.318488721000002e-07	1.27717605376e-05	0.0	0.0	0.0	0.0	0.0	0.0	0.0	0.0	0.0	0.0	0.0	0.0	0.0	0.0	0.0	0.0	0.0	0.0	0.0	0.0	0.0	0.0	0.0	0.0	0.0	0.0	0.0	0.0	0.0	0.0	0.0	0.0	0.0	0.0	0.0	0.0	0.0	0.0	0.0	0.0	0.0	0.0	0.0	0.0	0.0	0.0	0.0	0.0	0.0	0.0	0.0	0.0	0.0	0.0	0.0	0.0	0.0	0.0	0.0	0.0	0.0	0.0	0.0	0.0	0.0	0.0	0.0	0.0	0.0	0.0	0.0	0.0	0.0	0.0	0.0	0.0	0.0	0.0	0.0	0.0	0.0	0.0	0.0	0.0	0.0	0.0	0.0	0.0	0.0	0.0	0.0	0.0	0.0	0.0	0.0	0.0	0.0	0.0	0.0	0.0	0.0	0.0	0.0	1.419350191	-0.4371138202	0.154818431	-0.1337752719	-0.229701891	-0.9746645182	-0.1374816146	0.8674136646	0.8120690161	0.1355887955	1.026235944	0.9241413936	1.636147686	-0.05287308375	1.175256561	0.7221647288	-0.09040399955	1.13700557	-0.06332396398	-1.165322514	0.383432243	1.375336957	0.181001459	-0.7912093146	0.6739902519	-0.3624948686	0.2005551279	-0.5220523171	0.6415842321	-0.5128688748	0.1094189036	0.1010760901	0.7176287581	0.6379330725
8910.73779296711	-8.035261277327661	79401248.01501235	64.56542379492139	7394.7054443359375	-1.1330405377329953	1.2837808601462748	54681668.60849156	7786.635454712187	9.075213149758383	60631691.70458087	82.3594937135475	7748.537554969084	11331.64791449834	0.657169	28.094969	0.2957347	0.196176	-0.0352509066	-0.009658861	-0.0065533211	-0.0035464665999999996	0.0059740401	0.0352309305	-0.0216634666	-0.0259735969	0.0889573595	-0.0160883893	-0.0093727259	-0.0061656968	-0.008872046	-0.0093258801	-0.0157527849	-0.009666612	0.0053358144	-0.0106634185	-0.012287667700000001	-0.062886229	0.0583705553	-0.0510830745	0.041369842999999996	-0.0296921069	0.0166043998	-0.253349	0.0028989999999999854	0.06418571580099999	8.404200999999913e-06	-0.144108	-0.0002500000000000002	6.250000000000013e-08	0.020767115664	0.0547538	-0.15332220000000002	0.00299797861444	0.023507697012840004	0.025008900000000004	0.0011829000000000039	1.3992524100000096e-06	0.0006254450792100003	0.00848798	0.0010728599999999993	7.204580448039999e-05	1.1510285795999984e-06	-0.00304425	0.00052951	2.803808401e-07	9.2674580625e-06	0.0	0.0	0.0	0.0	0.0	0.0	0.0	0.0	0.0	0.0	0.0	0.0	0.0	0.0	0.0	0.0	0.0	0.0	0.0	0.0	0.0	0.0	0.0	0.0	0.0	0.0	0.0	0.0	0.0	0.0	0.0	0.0	0.0	0.0	0.0	0.0	0.0	0.0	0.0	0.0	0.0	0.0	0.0	0.0	0.0	0.0	0.0	0.0	0.0	0.0	0.0	0.0	0.0	0.0	0.0	0.0	0.0	0.0	0.0	0.0	0.0	0.0	0.0	0.0	0.0	0.0	0.0	0.0	0.0	0.0	0.0	0.0	0.0	0.0	0.0	0.0	0.0	0.0	0.0	0.0	0.0	0.0	0.0	0.0	0.0	0.0	0.0	0.0	0.0	0.0	0.0	0.0	0.0	0.0	0.0	0.0	0.0	0.0	0.0	0.0	0.0	0.0	0.0	1.536667673	-0.5355566935	0.1630420546	0.07774203453	-0.4188934196	-0.8502483602	0.1421320155	0.7693144062	0.6417202745	-0.08080218556	1.020671013	0.441742845	1.979195014	0.3607364811	1.253618363	1.080321382	0.0004770468638	1.421488147	0.6539980408	-0.826635336	0.7485574008	1.364146854	0.1960807218	-0.3163912571	1.100106712	0.6602336783	0.2656007651	-0.26749862	0.6321985046	-0.3532736716	0.02285897779	0.2872336988	1.658761315	-0.3520674606
8860.984410289735	-49.75338267737425	78517044.71939772	2475.3990878412437	7343.656861390459	-51.048582945478294	2605.9578207413783	53929296.09784717	7776.2907989515625	-10.344655760624846	60470698.58985873	107.0119028058288	7737.7392439044015	11209.148953946496	0.543155	23.220684	0.16653211999999998	0.104258	-0.0356529705	-0.0239719184	-0.0010675155	-0.0085133788	-0.007464989	0.0312596512	0.0017368854	-0.038325394	0.0897696066	-0.0097320218	-0.0145936551	-0.00020403119999999999	-0.0138670631	-0.0069223342000000005	-0.0093320937	-0.014851983700000003	-0.0006070059	-0.0154173913	-0.0092474606	-0.062975839	0.05872073410000001	-0.0518405688	0.0426429151	-0.0315389461	0.0190250555	-0.26298	-0.009631	0.0691584804	9.2756161e-05	-0.218152	-0.074044	0.005482513935999999	0.047590295104	-0.00906832	-0.06382212	8.223442762239999e-05	0.004073263001294399	0.025377200000000003	0.0003682999999999985	1.3564488999999885e-07	0.0006440022798400001	0.00850038	1.2400000000000952e-05	7.225646014440001e-05	1.5376000000002362e-10	-0.00304425	0.0	0.0	9.2674580625e-06	0.0	0.0	0.0	0.0	0.0	0.0	0.0	0.0	0.0	0.0	0.0	0.0	0.0	0.0	0.0	0.0	0.0	0.0	0.0	0.0	0.0	0.0	0.0	0.0	0.0	0.0	0.0	0.0	0.0	0.0	0.0	0.0	0.0	0.0	0.0	0.0	0.0	0.0	0.0	0.0	0.0	0.0	0.0	0.0	0.0	0.0	0.0	0.0	0.0	0.0	0.0	0.0	0.0	0.0	0.0	0.0	0.0	0.0	0.0	0.0	0.0	0.0	0.0	0.0	0.0	0.0	0.0	0.0	0.0	0.0	0.0	0.0	0.0	0.0	0.0	0.0	0.0	0.0	0.0	0.0	0.0	0.0	0.0	0.0	0.0	0.0	0.0	0.0	0.0	0.0	0.0	0.0	0.0	0.0	0.0	0.0	0.0	0.0	0.0	0.0	0.0	0.0	0.0	1.576341528	-0.5948263764	0.1581772809	0.1486086564	-0.4722007662	-1.038203857	-0.1082198684	0.7675002483	0.6730734167	-0.1753050226	0.6657308734	0.359028704	1.799708193	0.4701906072	1.157779748	1.048091775	0.05745923274	1.094365812	0.6546690643	-1.230746258	0.615284227	1.338894877	0.1565517593	-0.1565696271	1.141431485	0.9415854069	0.3530485933	-0.3559331512	-0.576274942	-0.9448006758	-0.367721219	-0.5129707667	1.41371667	-0.93305922
8843.176288069059	-17.808122220676523	78201766.86186685	317.1292170265529	7363.792662795046	20.135801404587255	405.4504982049781	54225442.38063416	7772.58774924011	-3.703049711452877	60413120.31963743	13.712577165491235	7733.792175988374	11112.960701310254	0.45264	19.351061	0.15592832300000006	0.0827067	-0.0313822402	-0.0250653554	-0.0026658515	0.0003743645	-0.0033623515999999997	0.0326969851	0.008884186700000001	-0.0441696205	0.08188424650000001	-0.0065675973	-0.0172606002	0.0027633203	-0.0056227428	-0.013457574699999999	-0.0061065349	-0.017529599	-0.0037412365999999996	-0.0076534964	-0.0160459102	-0.0630627737	0.05906093480000001	-0.0525782431	0.0438870039	-0.033352292400000004	0.0214166188	-0.278683	-0.015703000000000022	0.077664214489	0.0002465842090000008	-0.15407300000000002	0.06407899999999997	0.004106118240999996	0.02373848932900001	-0.000682497	0.008385822999999999	4.6580215500900003e-07	7.032202738732899e-05	0.0261523	0.0007750999999999937	6.007800099999904e-07	0.0006839427952899999	0.008448	-5.237999999999944e-05	7.1368704e-05	2.743664399999941e-09	-0.00357198	-0.0005277300000000001	2.784989529000001e-07	1.2759041120400002e-05	0.0	0.0	0.0	0.0	0.0	0.0	0.0	0.0	0.0	0.0	0.0	0.0	0.0	0.0	0.0	0.0	0.0	0.0	0.0	0.0	0.0	0.0	0.0	0.0	0.0	0.0	0.0	0.0	0.0	0.0	0.0	0.0	0.0	0.0	0.0	0.0	0.0	0.0	0.0	0.0	0.0	0.0	0.0	0.0	0.0	0.0	0.0	0.0	0.0	0.0	0.0	0.0	0.0	0.0	0.0	0.0	0.0	0.0	0.0	0.0	0.0	0.0	0.0	0.0	0.0	0.0	0.0	0.0	0.0	0.0	0.0	0.0	0.0	0.0	0.0	0.0	0.0	0.0	0.0	0.0	0.0	0.0	0.0	0.0	0.0	0.0	0.0	0.0	0.0	0.0	0.0	0.0	0.0	0.0	0.0	0.0	0.0	0.0	0.0	0.0	0.0	0.0	0.0	1.522445989	-0.6370581559	0.1097254993	0.03282606229	-0.5289119079	-1.029528376	-0.3270042263	0.7208082864	0.6723241931	-0.1094613974	0.8592741587	0.3690160092	1.556582889	0.5887608708	1.162677486	1.002434672	-0.4101880221	1.15140907	0.2291937259	-1.340606741	0.6227875164	1.442163492	0.08012185434	-0.08910682953	1.065662659	0.8767605234	0.3806638414	-0.4671271621	-0.9809111516	-0.9766415973	-0.4008510443	-0.4573168286	1.775963357	-1.144922617
8820.038741683371	-23.137546385687532	77793083.40479559	535.346052749842	7374.0433749584445	10.250712163398019	105.07709985683613	54376515.69576853	7766.12191820337	-6.4658310367394725	60312649.6483988	41.806970995663455	7727.5186764368555	10984.037733526906	0.5383399999999999	23.01486	0.234158897	0.138086	-0.0245445171	-0.02495891	0.0015748085999999998	0.0131888714	0.0031069082	0.0314130084	0.0091163792	-0.0420058908	0.0802732231	-0.0056470033999999995	-0.0091617311	-0.013884581100000001	-0.0136962489	-0.0069302931	-0.005113452199999999	-0.0096598074	0.0128299293	-0.0162597285	-0.0098226064	-0.06314702929999999	0.0593910994	-0.0532958153	0.0451012638	-0.0351302199	0.0237754328	-0.297347	-0.01866399999999996	0.08841523840899998	0.00034834489599999837	-0.0709046	0.08316840000000003	0.0069169827585600025	0.00502746230116	0.102034	0.10271649699999999	0.010410937156	0.01055067875595101	0.025934500000000003	-0.00021779999999999367	4.7436839999997246e-08	0.0006725982902500001	0.00818049	-0.0002675100000000003	6.69204166401e-05	7.156160010000017e-08	-0.00346509	0.00010689000000000012	1.1425472100000024e-08	1.20068487081e-05	0.0	0.0	0.0	0.0	0.0	0.0	0.0	0.0	0.0	0.0	0.0	0.0	0.0	0.0	0.0	0.0	0.0	0.0	0.0	0.0	0.0	0.0	0.0	0.0	0.0	0.0	0.0	0.0	0.0	0.0	0.0	0.0	0.0	0.0	0.0	0.0	0.0	0.0	0.0	0.0	0.0	0.0	0.0	0.0	0.0	0.0	0.0	0.0	0.0	0.0	0.0	0.0	0.0	0.0	0.0	0.0	0.0	0.0	0.0	0.0	0.0	0.0	0.0	0.0	0.0	0.0	0.0	0.0	0.0	0.0	0.0	0.0	0.0	0.0	0.0	0.0	0.0	0.0	0.0	0.0	0.0	0.0	0.0	0.0	0.0	0.0	0.0	0.0	0.0	0.0	0.0	0.0	0.0	0.0	0.0	0.0	0.0	0.0	0.0	0.0	0.0	0.0	0.0	1.521392705	-0.6298377545	0.03204469643	-0.08473816207	-0.3587648719	-0.9966338852	-0.1732604394	0.8212128963	0.7029135982	0.01430014873	0.7511765433	0.4730034632	1.510179465	0.3772316705	1.134237972	1.043738613	0.1650776346	0.8345555978	-0.4057103143	-1.601998874	0.4527002254	1.432130874	-0.07386036198	-0.4902178029	0.79694215	0.9710805387	0.1468681297	-0.7286667901	-0.4800150959	-0.6344158374	0.3705669516	0.1036642072	1.22735885	-1.15218339
8829.659196720995	9.620455037624195	77962881.53023966	92.55315513094877	7410.903572244847	36.86019728640258	1358.6741439925204	54921491.75711144	7782.437751472504	16.31583326913369	60566337.355544396	266.20641526616976	7743.887912920752	11104.758506437734	0.6280789999999999	26.85133	0.2313055	0.178625	-0.0345533838	-0.0340228962	-0.0065372067	0.0061914213000000004	0.0116380953	0.0203719362	0.028354430400000002	-0.0631698698	0.1018453528	-0.0132416394	-0.009665697	0.0051941762	-0.014100446599999997	0.0133859079	-0.012712509299999999	-0.010102858000000001	-0.0055897739	-0.015151746499999999	0.0115970114	-0.0632286023	0.059711172	-0.0539930111	0.0462848695	-0.0368708406	0.0260978903	-0.287022	0.010324999999999971	0.08238162848399999	0.00010660562499999944	-0.08641809999999997	-0.015513499999999972	0.00024066868224999912	0.007468088007609994	-0.0725685	-0.17460250000000002	0.005266187192249999	0.03048603300625	0.0260806	0.00014609999999999623	2.13452099999989e-08	0.0006801976963599999	0.007922689999999998	-0.00025780000000000247	6.276901683609996e-05	6.646084000000127e-08	-0.0032517	0.0002133900000000004	4.5535292100000165e-08	1.0573552889999996e-05	0.0	0.0	0.0	0.0	0.0	0.0	0.0	0.0	0.0	0.0	0.0	0.0	0.0	0.0	0.0	0.0	0.0	0.0	0.0	0.0	0.0	0.0	0.0	0.0	0.0	0.0	0.0	0.0	0.0	0.0	0.0	0.0	0.0	0.0	0.0	0.0	0.0	0.0	0.0	0.0	0.0	0.0	0.0	0.0	0.0	0.0	0.0	0.0	0.0	0.0	0.0	0.0	0.0	0.0	0.0	0.0	0.0	0.0	0.0	0.0	0.0	0.0	0.0	0.0	0.0	0.0	0.0	0.0	0.0	0.0	0.0	0.0	0.0	0.0	0.0	0.0	0.0	0.0	0.0	0.0	0.0	0.0	0.0	0.0	0.0	0.0	0.0	0.0	0.0	0.0	0.0	0.0	0.0	0.0	0.0	0.0	0.0	0.0	0.0	0.0	0.0	0.0	0.0	1.598787753	-0.5088841478	0.09314484102	0.1831434434	-0.5173456946	-0.9077375906	-0.4821195355	0.7943657253	0.7312020132	-0.02975370045	0.9566460444	0.3114241348	1.273187044	0.4999137712	1.418244448	0.9405960191	-0.1312107	1.227380384	-1.077201307	-1.168031101	0.5541162471	1.353249319	0.2188217795	-0.4032885914	0.8802829996	1.024549771	0.2643541407	-0.6493822663	-0.9062773356	-1.117796938	-1.373990962	0.7557507149	1.617391923	-1.276157704
8783.268148280067	-46.39104844092799	77145799.36459117	2152.1293754485278	7384.022399642618	-26.881172602228613	722.5974404708064	54523786.79842393	7761.697501230003	-20.740250242501133	60243948.10060006	430.1579801215683	7723.9249196967785	10646.808596568875	0.7474429999999999	31.954336	0.3508594	0.241808	-0.014999020900000003	-0.0382808053	0.0074228028	0.0227862179	0.0123667426	0.0177052701	0.0322138628	-0.0492800005	0.07699695919999999	-0.0019619620000000003	-0.0081603031	0.013234836299999999	-0.0129515251	-0.006352031700000001	-0.0018326384	-0.0083030552	-0.0137634727	-0.0133428898	-0.0074762624	-0.06330748929999999	0.06002109820000001	-0.054669563899999996	0.0474370166	-0.038572306	0.028380439900000002	-0.304723	-0.017701000000000022	0.092856106729	0.00031332540100000077	-0.168552	-0.08213390000000004	0.006745977529210006	0.028409776704	0.14968299999999998	0.2222515	0.022405000488999998	0.04939572925225	0.0259268	-0.00015380000000000257	2.3654440000000783e-08	0.0006721989582399997	0.00795699	3.430000000000273e-05	6.331368986010003e-05	1.1764900000001873e-09	-0.00363906	-0.0003873600000000002	1.5004776960000016e-07	1.32427576836e-05	0.0	0.0	0.0	0.0	0.0	0.0	0.0	0.0	0.0	0.0	0.0	0.0	0.0	0.0	0.0	0.0	0.0	0.0	0.0	0.0	0.0	0.0	0.0	0.0	0.0	0.0	0.0	0.0	0.0	0.0	0.0	0.0	0.0	0.0	0.0	0.0	0.0	0.0	0.0	0.0	0.0	0.0	0.0	0.0	0.0	0.0	0.0	0.0	0.0	0.0	0.0	0.0	0.0	0.0	0.0	0.0	0.0	0.0	0.0	0.0	0.0	0.0	0.0	0.0	0.0	0.0	0.0	0.0	0.0	0.0	0.0	0.0	0.0	0.0	0.0	0.0	0.0	0.0	0.0	0.0	0.0	0.0	0.0	0.0	0.0	0.0	0.0	0.0	0.0	0.0	0.0	0.0	0.0	0.0	0.0	0.0	0.0	0.0	0.0	0.0	0.0	0.0	0.0	1.465943103	-0.5516918122	-0.09643062662	-0.1809508371	-0.5651045994	-1.168066522	-0.4569529479	0.733840189	0.5328680868	0.2686843389	0.6566463965	0.6765877315	1.285890101	-0.06554762695	1.198063717	0.854443906	-0.8978011704	0.7244659244	-1.240714225	-1.633838313	0.2118683433	1.330459117	-0.05156533498	-0.5303384224	0.3827552901	0.7639620962	-0.1460552702	-1.00907946	-2.163893769	-1.139079005	0.07859629274	-0.7672517851	1.647605253	-0.4528481439
8790.429230205702	7.1610819256347895	77271646.05125481	51.28109434565328	7361.154183635306	-22.868216007312185	522.9553033570893	54186590.91525158	7744.113998898686	-17.583502331316595	59971301.6279386	309.1795542354161	7706.897795373779	10535.898379381735	0.573775	24.529774	0.28828099999999995	0.186245	-0.005631196800000001	-0.032612088500000004	0.0049618793	0.025325438399999997	0.0074198662	0.0214316346	0.029508963500000002	-0.0346959982	0.0488923009	0.0071344777	-0.0085375556	-0.0055606818999999995	-0.0014490738	0.0087757084	0.007002630500000001	-0.008788254300000001	0.0053733798	4.8294499999999996e-05	0.0089568893	-0.06338368679999999	0.060320825099999996	-0.0553252151	0.0485569219	-0.0402328093	0.0306195914	-0.319353	-0.014629999999999975	0.101986338609	0.00021403689999999933	-0.104351	0.06420100000000001	0.004121768401000001	0.010889131201	0.30172	0.15203699999999998	0.0910349584	0.023115249369	0.0250095	-0.0009172999999999961	8.414392899999925e-07	0.00062547509025	0.00812641	0.00016942	6.60385394881e-05	2.87031364e-08	-0.0037006	-6.154000000000012e-05	3.7871716000000144e-09	1.3694440359999999e-05	0.0	0.0	0.0	0.0	0.0	0.0	0.0	0.0	0.0	0.0	0.0	0.0	0.0	0.0	0.0	0.0	0.0	0.0	0.0	0.0	0.0	0.0	0.0	0.0	0.0	0.0	0.0	0.0	0.0	0.0	0.0	0.0	0.0	0.0	0.0	0.0	0.0	0.0	0.0	0.0	0.0	0.0	0.0	0.0	0.0	0.0	0.0	0.0	0.0	0.0	0.0	0.0	0.0	0.0	0.0	0.0	0.0	0.0	0.0	0.0	0.0	0.0	0.0	0.0	0.0	0.0	0.0	0.0	0.0	0.0	0.0	0.0	0.0	0.0	0.0	0.0	0.0	0.0	0.0	0.0	0.0	0.0	0.0	0.0	0.0	0.0	0.0	0.0	0.0	0.0	0.0	0.0	0.0	0.0	0.0	0.0	0.0	0.0	0.0	0.0	0.0	0.0	0.0	1.402327	-0.4940638248	-0.1412171555	-0.352443936	-0.5008026045	-1.134362501	-0.5988193976	0.7216485028	0.7828772029	-0.08349806903	0.9623977944	0.8787655384	1.319094558	-0.1260610092	1.281817257	0.5477920314	-0.001295241143	0.9799274539	-1.80640056	-1.567542612	-0.03288611688	1.419290526	-0.1925574544	-1.193722248	-0.003174912194	0.4115345231	-0.1579235839	-1.210135437	-2.081588444	-0.5092464717	-0.3462440271	-0.5440511559	0.4143851827	-0.05196151319
8822.878456208378	32.449226002676376	77843184.25302593	1052.9522681727683	7351.207291493517	-9.946892141789249	98.9406632803887	54040248.64250745	7743.595027278967	-0.5189716197191956	59963263.94649954	0.26933154207396537	7707.006034617043	10752.497729972847	0.567639	24.267435	0.3132136000000001	0.151032	-0.0170350134	-0.0352373811	0.0058719354	0.020773240800000002	0.0024804777	0.0296265815	0.0494063342	-0.0076803383999999985	0.049692389100000005	0.0070099892	-0.0007491032000000001	0.008239661899999999	-0.0086618108	0.0206737067	0.0069087989	-0.000602481	-0.0079732706	-0.0063131156	0.0222448033	-0.0634571917	0.0606103021	-0.0559597141	0.0496438243	-0.041850587	0.0328119206	-0.322322	-0.0029689999999999994	0.10389147168400001	8.814960999999998e-06	-0.0215479	0.08280309999999999	0.00685635336961	0.0004643119944100001	0.228652	-0.073068	0.052281737104000005	0.005338932624	0.0228191	-0.002190400000000002	4.797852160000008e-06	0.0005207113248100001	0.00804871	-7.769999999999999e-05	6.47817326641e-05	6.0372899999999995e-09	-0.00288123	0.0008193700000000003	6.713671969000004e-07	8.301486312899997e-06	0.0	0.0	0.0	0.0	0.0	0.0	0.0	0.0	0.0	0.0	0.0	0.0	0.0	0.0	0.0	0.0	0.0	0.0	0.0	0.0	0.0	0.0	0.0	0.0	0.0	0.0	0.0	0.0	0.0	0.0	0.0	0.0	0.0	0.0	0.0	0.0	0.0	0.0	0.0	0.0	0.0	0.0	0.0	0.0	0.0	0.0	0.0	0.0	0.0	0.0	0.0	0.0	0.0	0.0	0.0	0.0	0.0	0.0	0.0	0.0	0.0	0.0	0.0	0.0	0.0	0.0	0.0	0.0	0.0	0.0	0.0	0.0	0.0	0.0	0.0	0.0	0.0	0.0	0.0	0.0	0.0	0.0	0.0	0.0	0.0	0.0	0.0	0.0	0.0	0.0	0.0	0.0	0.0	0.0	0.0	0.0	0.0	0.0	0.0	0.0	0.0	0.0	0.0	1.444276349	-0.3269261381	0.006642308405	-0.1628885966	-0.4423059767	-0.9104277152	-0.5813481744	0.9508241124	0.8772509131	-0.07375025973	0.9969514329	0.8613069676	1.567701862	-0.2109032628	1.423769652	0.6593503932	-0.3280000974	0.939872881	-1.960299272	-1.226489314	0.03371999638	1.374551735	-0.01299359326	-0.9762574263	0.2264642949	0.5517180814	-0.1015640531	-1.067345969	-2.061921278	-0.458095359	-0.6762525704	0.4455784281	0.6450842976	0.5183286136
8820.51647938472	-2.3619768236585514	77801510.96309741	5.578934515500141	7325.540247361204	-25.66704413231309	658.797154490108	53663539.91570885	7734.7736353513	-8.821391927666811	59826723.19012557	77.81695554150515	7698.942721528196	10828.876919978691	0.527846	22.566221	0.22952460000000005	0.13063300000000005	-0.012901270900000001	-0.024489721000000002	0.0023772666	0.016343506	-0.013731016799999999	0.0433644739	0.050466196500000005	0.0270563634	0.041679358300000004	0.0123415958	-0.0029544814000000003	-0.0079714202	0.0030852239	0.025416984	0.012023283700000002	-0.0029883671999999997	0.009510906999999999	0.0057669337	0.0307622027	-0.0635280008	0.0608894797	-0.0565728181	0.050696985099999994	-0.0434239212	0.034954075099999996	-0.327696	-0.00537399999999999	0.107384668416	2.887987599999989e-05	-0.113452	-0.0919041	0.008446363596809997	0.012871356304	0.241322	0.012669999999999987	0.05823630768399999	0.00016052889999999966	0.0244517	0.0016326000000000016	2.6653827600000047e-06	0.00059788563289	0.00785618	-0.00019252999999999976	6.171956419240003e-05	3.706780089999992e-08	-0.00344763	-0.0005664000000000003	3.208089600000004e-07	1.18861526169e-05	0.0	0.0	0.0	0.0	0.0	0.0	0.0	0.0	0.0	0.0	0.0	0.0	0.0	0.0	0.0	0.0	0.0	0.0	0.0	0.0	0.0	0.0	0.0	0.0	0.0	0.0	0.0	0.0	0.0	0.0	0.0	0.0	0.0	0.0	0.0	0.0	0.0	0.0	0.0	0.0	0.0	0.0	0.0	0.0	0.0	0.0	0.0	0.0	0.0	0.0	0.0	0.0	0.0	0.0	0.0	0.0	0.0	0.0	0.0	0.0	0.0	0.0	0.0	0.0	0.0	0.0	0.0	0.0	0.0	0.0	0.0	0.0	0.0	0.0	0.0	0.0	0.0	0.0	0.0	0.0	0.0	0.0	0.0	0.0	0.0	0.0	0.0	0.0	0.0	0.0	0.0	0.0	0.0	0.0	0.0	0.0	0.0	0.0	0.0	0.0	0.0	0.0	0.0	1.512305583	-0.4032986678	-0.05904509441	-0.1797862654	-0.5880851886	-0.7724938577	-0.4347957275	0.9948016976	0.8499849656	-0.209914515	1.153207601	0.9584362809	1.717823672	-0.3140476146	1.392398619	0.7132111332	-0.3850268118	1.172519849	-1.423606542	-1.19568107	0.1025577358	1.420190078	0.08967509109	-1.016187196	0.3579968462	-0.827638342	-0.03245253855	-0.988146254	-1.177474994	-0.4502582299	-0.5259597903	0.7079407443	0.6069917471	0.8353647963
8855.598096872222	35.08161748750172	78421617.65332691	1230.7198855393865	7341.584433178192	16.04418581698792	257.4158985300363	53898861.98948436	7748.8116737957325	14.038038444431551	60044082.35595301	197.06652336733814	7712.586521640145	10853.016477886722	0.7883899999999999	33.704887	0.6352399999999999	0.394345	-0.0238437085	-0.0347662588	0.0108322529	0.0110065719	-0.01062607	0.0248901233	0.0161191255	0.0032216974	0.0853232836	0.0039209695000000004	0.0032143871999999996	0.0036381737	-0.009751735400000001	0.0009425792999999999	0.0039996829999999995	0.0030803659	-0.0033067204999999997	-0.010882121699999999	0.000806247	-0.0635961111	0.0611583107	-0.057164292900000004	0.0517156884	-0.04495114099999999	0.0370427793	-0.310958	0.016737999999999975	0.096694877764	0.0002801606439999992	-0.254257	-0.14080499999999999	0.019826048025000004	0.064646622049	-0.033522	-0.27484400000000003	0.0011237244840000002	0.07553922433600001	0.0276198	0.003168099999999997	1.003685760999998e-05	0.0007628533520399997	0.00748151	-0.00037467000000000056	5.597299188010001e-05	1.4037760890000045e-07	-0.00396192	-0.0005142899999999997	2.6449420409999966e-07	1.56968100864e-05	0.0	0.0	0.0	0.0	0.0	0.0	0.0	0.0	0.0	0.0	0.0	0.0	0.0	0.0	0.0	0.0	0.0	0.0	0.0	0.0	0.0	0.0	0.0	0.0	0.0	0.0	0.0	0.0	0.0	0.0	0.0	0.0	0.0	0.0	0.0	0.0	0.0	0.0	0.0	0.0	0.0	0.0	0.0	0.0	0.0	0.0	0.0	0.0	0.0	0.0	0.0	0.0	0.0	0.0	0.0	0.0	0.0	0.0	0.0	0.0	0.0	0.0	0.0	0.0	0.0	0.0	0.0	0.0	0.0	0.0	0.0	0.0	0.0	0.0	0.0	0.0	0.0	0.0	0.0	0.0	0.0	0.0	0.0	0.0	0.0	0.0	0.0	0.0	0.0	0.0	0.0	0.0	0.0	0.0	0.0	0.0	0.0	0.0	1.0	0.0	0.0	0.0	0.0	1.685060637	-0.4548526216	0.09558748094	0.1907097866	-0.6572175161	-1.163530636	-0.5511313939	0.8597332923	0.7310528309	0.1575323233	0.9384921532	0.6963483173	1.33094487	0.3462710931	1.432669026	0.4194799154	-0.5225937359	1.12611124	-1.697989689	-1.391953048	0.01090489444	1.51323374	0.210303891	-0.282391395	0.4253216824	-0.7880146381	0.3346149185	-0.9992160529	0.1203725185	-1.293089797	-0.6130431394	-1.516773597	0.6159485416	-0.346374022
8939.996787024853	84.39869015263139	79923542.5520147	7123.138899479878	7354.872343542221	13.287910364028905	176.56856184246675	54094147.18980224	7790.812663818249	42.000990022517726	60696761.96271081	1764.0831628716337	7752.852180126569	11261.929515711203	0.912799	39.023571	0.6192885	0.441624	-0.0449887761	-0.0382844702	-0.0054058411	-0.013516191100000002	-0.013741666999999999	0.0403945624	0.027162975099999997	-0.0392922593	0.1204960067	-0.0146348228	-0.015672675900000002	0.0017364067	-0.0138147053	-0.0102180329	-0.014428777299999999	-0.0157887869	-0.0025425214	-0.0160104082	-0.0123350053	-0.06366151980000001	0.0614167493	-0.057733912199999994	0.052699241900000006	-0.0464306245	0.0390748391	-0.298138	0.012819999999999998	0.08888626704399999	0.00016435239999999996	-0.184268	0.069989	0.004898460120999999	0.033954695824000014	-0.427157	-0.393635	0.18246310264899995	0.15494851322499995	0.0294707	0.0018509000000000023	3.4258308100000094e-06	0.0008685221584899999	0.00681824	-0.0006632700000000005	4.64883966976e-05	4.3992709290000065e-07	-0.00430464	-0.00034272000000000035	1.1745699840000027e-07	1.8529925529600007e-05	0.0	0.0	0.0	0.0	0.0	0.0	0.0	0.0	0.0	0.0	0.0	0.0	0.0	0.0	0.0	0.0	0.0	0.0	0.0	0.0	0.0	0.0	0.0	0.0	0.0	0.0	0.0	0.0	0.0	0.0	0.0	0.0	0.0	0.0	0.0	0.0	0.0	0.0	0.0	0.0	0.0	0.0	0.0	0.0	0.0	0.0	0.0	0.0	0.0	0.0	0.0	0.0	0.0	0.0	0.0	0.0	0.0	0.0	0.0	0.0	0.0	0.0	0.0	0.0	0.0	0.0	0.0	0.0	0.0	0.0	0.0	0.0	0.0	0.0	0.0	0.0	0.0	0.0	0.0	0.0	0.0	0.0	0.0	0.0	0.0	0.0	0.0	0.0	0.0	0.0	0.0	0.0	0.0	0.0	0.0	0.0	0.0	0.0	0.0	1.0	0.0	0.0	0.0	1.879177444	-0.7061804097	0.2663458721	0.5604940018	-0.6776043068	-1.159856051	-0.2369816433	0.8047879756	0.8163046078	-0.157033303	0.9714715761	0.1316392302	0.8731380036	0.9505815214	1.645244904	0.346627492	-0.1476855966	1.426407241	-1.399286951	-1.050606838	0.3601838019	1.205034233	0.2662569083	-0.04932263539	0.9763736167	0.06202587303	1.037470465	-0.5281898232	-0.08618188948	-1.344250986	-0.01239609781	-1.459296734	1.33317676	-1.558586813
8908.649051339495	-31.3477356853582	79364027.91993208	982.68053259908	7289.979361286569	-64.89298225565199	4211.099146032364	53143799.08798413	7781.719659371848	-9.093004446401212	60555160.85705432	82.68272986227217	7743.231717483293	11322.316339318333	0.633883	27.099468	0.33877729999999995	0.212892	-0.0386953971	-0.026933320499999996	-0.0038224028	-0.0079720321	-0.0339678875	0.037395599	-0.0033168045	-0.0405848866	0.1042322557	-0.0073055047	-0.0191747592	0.0051328786	-0.0091571173	-0.0171573054	-0.00693486	-0.0193285212	-0.0066215474	-0.012188844099999999	-0.0212384012	-0.0637242239	0.06166475160000001	-0.0582814584	0.0536469771	-0.0478608008	0.0410471473	-0.324146	-0.026007999999999976	0.105070629316	0.0006764160639999988	0.0026038	0.18687179999999998	0.03492106963524	6.77977444e-06	-0.331993	0.09516399999999996	0.110219352049	0.009056186895999994	0.0293708	-9.990000000000346e-05	9.980010000000692e-09	0.0008626438926399997	0.007264799999999998	0.0004465599999999995	5.2777319039999985e-05	1.9941583359999951e-07	-0.00437285	-6.820999999999997e-05	4.6526040999999974e-09	1.91218171225e-05	0.0	0.0	0.0	0.0	0.0	0.0	0.0	0.0	0.0	0.0	0.0	0.0	0.0	0.0	0.0	0.0	0.0	0.0	0.0	0.0	0.0	0.0	0.0	0.0	0.0	0.0	0.0	0.0	0.0	0.0	0.0	0.0	0.0	0.0	0.0	0.0	0.0	0.0	0.0	0.0	0.0	0.0	0.0	0.0	0.0	0.0	0.0	0.0	0.0	0.0	0.0	0.0	0.0	0.0	0.0	0.0	0.0	0.0	0.0	0.0	0.0	0.0	0.0	0.0	0.0	0.0	0.0	0.0	0.0	0.0	0.0	0.0	0.0	0.0	0.0	0.0	0.0	0.0	0.0	0.0	0.0	0.0	0.0	0.0	0.0	0.0	0.0	0.0	0.0	0.0	0.0	0.0	0.0	0.0	0.0	0.0	0.0	0.0	0.0	0.0	0.0	0.0	0.0	1.83382768	-0.7142433774	0.1583146009	0.3567735405	-0.6666177391	-0.897792461	-0.2459522871	1.03444383	0.8464896535	0.1967899053	0.830883948	0.150760319	1.346042519	0.8156502774	1.551821026	0.7125142956	-0.4939891964	0.860434129	-0.4124578654	-1.297514818	0.6416957795	1.250831349	0.2235051203	0.4983705989	1.215315103	0.2581069206	1.002116169	-0.4460359629	0.5586681312	-1.388164915	-0.04349828817	-0.6700041004	1.74074689	-1.76470181
8895.565994595067	-13.083056744428177	79131094.36419612	171.16637377792762	7325.4445016414575	35.46514035488872	1257.7761803919561	53662137.14662906	7780.849121422043	-0.8705379498051116	60541613.05033418	0.7578363220508869	7742.446916531722	11407.21035420025	0.556912	23.808834	0.187066	0.100792	-0.0368420644	-0.0209940957	-0.0039982817	-0.0122514454	-0.028680882	0.0455576655	0.0220223546	-0.0396815191	0.12050151390000001	-0.0074460867	-0.0204256391	-0.0111361927	-0.011440104199999999	-0.0054860276	-0.0068419082999999995	-0.0207614347	0.0104342347	-0.0136455228	-0.0078493686	-0.0637842209	0.0619022754	-0.058806722	0.0545582497	-0.0492401508	0.042956687800000004	-0.331821	-0.007674999999999987	0.11010517604099998	5.8905624999999806e-05	-0.0619547	-0.0645585	0.004167799922250001	0.00383838485209	-0.252408	0.07958500000000003	0.06370979846399999	0.0063337722250000035	0.0297106	0.0003398000000000047	1.154640400000032e-07	0.0008827197523600002	0.007473719999999999	0.0002089199999999996	5.585649063839997e-05	4.364756639999983e-08	-0.00452908	-0.00015623000000000026	2.4407812900000084e-08	2.0512565646400005e-05	0.0	0.0	0.0	0.0	0.0	0.0	0.0	0.0	0.0	0.0	0.0	0.0	0.0	0.0	0.0	0.0	0.0	0.0	0.0	0.0	0.0	0.0	0.0	0.0	0.0	0.0	0.0	0.0	0.0	0.0	0.0	0.0	0.0	0.0	0.0	0.0	0.0	0.0	0.0	0.0	0.0	0.0	0.0	0.0	0.0	0.0	0.0	0.0	0.0	0.0	0.0	0.0	0.0	0.0	0.0	0.0	0.0	0.0	0.0	0.0	0.0	0.0	0.0	0.0	0.0	0.0	0.0	0.0	0.0	0.0	0.0	0.0	0.0	0.0	0.0	0.0	0.0	0.0	0.0	0.0	0.0	0.0	0.0	0.0	0.0	0.0	0.0	0.0	0.0	0.0	0.0	0.0	0.0	0.0	0.0	0.0	0.0	0.0	0.0	0.0	0.0	0.0	0.0	1.829710469	-0.7702024654	0.132910639	0.2772681688	-0.4827159908	-0.8244954497	0.0307046438	0.9962774983	1.030670266	-0.08188001122	0.9238780081	0.09149505296	1.406758594	0.7748315164	1.555234561	0.8934245154	0.05300216452	1.157446209	0.2675421785	-1.811512934	0.9778389206	1.125594252	0.04586550402	0.1553593794	1.475725296	0.6872971475	1.15544347	-0.4447525589	-0.2877954007	-1.105800771	-0.03166607333	-0.02150697347	0.9827069572	-1.771689078
8902.382452178588	6.8164575835216965	79252413.32485725	46.46409398795045	7374.048601126165	48.60409948470715	2362.3584867193103	54376592.77177074	7802.7736669768665	21.92454555482345	60883276.89806762	480.6856977855288	7764.054752226151	11399.709455319567	0.661614	28.285	0.4394788	0.283003	-0.044483620099999996	-0.0370974364	-0.004124650200000001	-0.0179547946	-0.0221615766	0.0283397444	0.0482786986	-0.0358686864	0.11373127570000001	-0.018863934	-0.0274558417	-0.0043414648	-0.0046676507	0.014509831599999997	-0.0185000618	-0.027869173599999998	0.004089621	-0.0052196208	0.0137986849	-0.0638415083	0.062129280499999995	-0.059309502199999996	0.0554324405	-0.0505672099	0.0448005407	-0.333959	-0.0021380000000000288	0.111528613681	4.571044000000123e-06	-0.159115	-0.0971603	0.00944012389609	0.025317583225	-0.479609	-0.22720100000000004	0.230024792881	0.05162029440100002	0.0312453	0.0015346999999999965	2.355304089999989e-06	0.0009762687720899998	0.00694146	-0.0005322599999999988	4.81838669316e-05	2.833007075999987e-07	-0.00472171	-0.0001926299999999992	3.710631689999969e-08	2.22945453241e-05	0.0	0.0	0.0	0.0	0.0	0.0	0.0	0.0	0.0	0.0	0.0	0.0	0.0	0.0	0.0	0.0	0.0	0.0	0.0	0.0	0.0	0.0	0.0	0.0	0.0	0.0	0.0	0.0	0.0	0.0	0.0	0.0	0.0	0.0	0.0	0.0	0.0	0.0	0.0	0.0	0.0	0.0	0.0	0.0	0.0	0.0	0.0	0.0	0.0	0.0	0.0	0.0	0.0	0.0	0.0	0.0	0.0	0.0	0.0	0.0	0.0	0.0	0.0	0.0	0.0	0.0	0.0	0.0	0.0	0.0	0.0	0.0	0.0	0.0	0.0	0.0	0.0	0.0	0.0	0.0	0.0	0.0	0.0	0.0	0.0	0.0	0.0	0.0	0.0	0.0	0.0	0.0	0.0	0.0	0.0	0.0	0.0	0.0	0.0	0.0	0.0	0.0	0.0	1.932726081	-0.8227809779	0.1620330041	0.3917418133	-0.5670968056	-1.095733493	-0.3361104227	0.8442795923	1.032700774	0.112430454	0.7045608078	0.1055459217	0.8764123656	0.9829872216	1.598836962	0.7283847338	-0.267628929	1.031173162	0.0737590809	-1.693283627	0.7868282281	1.098963548	0.2633827431	0.3931870162	1.26794691	0.2952410733	1.164602933	-0.2365410382	-1.613788011	-1.767936228	-0.3537242616	0.2037752171	1.430089391	-0.9971126414
8900.821852516025	-1.560599662563618	79224629.6502268	2.435471306793678	7347.1083641539235	-26.94023697224111	725.7763681205067	53980001.31462054	7800.131821054879	-2.641845921987624	60842056.4258329	6.979349875522638	7761.623461336341	11500.95972789988	0.543906	23.252815	0.2271649000000001	0.142183	-0.046583115999999994	-0.0308240285	-0.0055750878000000005	-0.015027768700000001	-0.0330729033	0.0385182137	0.0522082505	-0.0104633713	0.109878238	-0.01430327	-0.034232772	-0.0027228618	-0.0043326882	0.0136066713	-0.013913908300000001	-0.034572589199999997	0.0038077959000000004	-0.0042249096	0.017082099099999998	-0.06389608349999999	0.0623457281	-0.059789606900000014	0.0562689553	-0.0518405688	0.046575886500000004	-0.355425	-0.021465999999999985	0.126326930625	0.0004607891559999993	-0.0310131	0.12810190000000002	0.016410096783610006	0.00096181237161	-0.437785	0.041823999999999965	0.19165570622500006	0.0017492469759999975	0.0307331	-0.0005122000000000007	2.623488400000009e-07	0.0009445234356099996	0.00674959	-0.00019187000000000023	4.55569651681e-05	3.681409690000009e-08	-0.0047331000000000005	-1.139000000000088e-05	1.2973210000002e-10	2.2402235610000006e-05	0.0	0.0	0.0	0.0	0.0	0.0	0.0	0.0	0.0	0.0	0.0	0.0	0.0	0.0	0.0	0.0	0.0	0.0	0.0	0.0	0.0	0.0	0.0	0.0	0.0	0.0	0.0	0.0	0.0	0.0	0.0	0.0	0.0	0.0	0.0	0.0	0.0	0.0	0.0	0.0	0.0	0.0	0.0	0.0	0.0	0.0	0.0	0.0	0.0	0.0	0.0	0.0	0.0	0.0	0.0	0.0	0.0	0.0	0.0	0.0	0.0	0.0	0.0	0.0	0.0	0.0	0.0	0.0	0.0	0.0	0.0	0.0	0.0	0.0	0.0	0.0	0.0	0.0	0.0	0.0	0.0	0.0	0.0	0.0	0.0	0.0	0.0	0.0	0.0	0.0	0.0	0.0	0.0	0.0	0.0	0.0	0.0	0.0	0.0	0.0	0.0	0.0	0.0	1.884675394	-0.8712655079	0.1307544917	0.3601305803	-0.6670059467	-0.8934329688	-0.2138722736	0.8856138013	1.066727755	-0.01477267363	0.9117746678	0.1099964574	0.915399222	0.8680435104	1.497224377	0.8997094009	-0.08117541611	0.984330285	-0.0459363673	-1.753922895	0.8808480105	1.195228595	0.04503321333	0.2764770983	1.350980163	-0.4549573077	1.168551384	-0.1771195427	-1.67633007	-1.538238088	0.2917298827	1.680929736	1.151557888	-0.6436688914
8890.672195927618	-10.149656588406287	79044052.09544042	103.01552886257916	7416.911502140127	69.80313798620318	4872.478072720923	55010576.23057851	7808.025126130204	7.893305075324861	60965256.37028058	62.30426501214921	7770.164429138879	11328.280894021704	0.6735180000000001	28.793919	0.3367861	0.268453	-0.032058832200000005	-0.0192227873	-0.0032062574	0.0008174803999999999	-0.0096729473	0.0342377715	0.027119	-7.885470000000001e-05	0.1127401541	-0.019392301	-0.0205607329	-0.0151578972	0.001535994	0.011820283300000001	-0.0189732374	-0.0211516673	0.0158998315	0.0019250746	0.0147866427	-0.0639479444	0.0625515817	-0.0602468524	0.0570672255	-0.053058875199999994	0.048280010199999994	-0.377939	-0.022513999999999982	0.14283788772099998	0.000506880195999999	-0.026915	0.0040981	1.6794423610000002e-05	0.0007244172249999997	-0.180393	0.2573920000000001	0.032541634449	0.06625064166400002	0.0302713	-0.0004617999999999983	2.1325923999999843e-07	0.0009163516036899998	0.00694567	0.00019608000000000039	4.82423317489e-05	3.844736640000015e-08	-0.00513086	-0.0003977599999999996	1.5821301759999968e-07	2.63257243396e-05	0.0	0.0	0.0	0.0	0.0	0.0	0.0	0.0	0.0	0.0	0.0	0.0	0.0	0.0	0.0	0.0	0.0	0.0	0.0	0.0	0.0	0.0	0.0	0.0	0.0	0.0	0.0	0.0	0.0	0.0	0.0	0.0	0.0	0.0	0.0	0.0	0.0	0.0	0.0	0.0	0.0	0.0	0.0	0.0	0.0	0.0	0.0	0.0	0.0	0.0	0.0	0.0	0.0	0.0	0.0	0.0	0.0	0.0	0.0	0.0	0.0	0.0	0.0	0.0	0.0	0.0	0.0	0.0	0.0	0.0	0.0	0.0	0.0	0.0	0.0	0.0	0.0	0.0	0.0	0.0	0.0	0.0	0.0	0.0	0.0	0.0	0.0	0.0	0.0	0.0	0.0	0.0	0.0	0.0	0.0	0.0	0.0	0.0	0.0	0.0	0.0	0.0	0.0	1.757941416	-0.7496943174	-0.005737011122	0.1625922335	-0.4474598804	-0.755574608	-0.06935080845	0.9552661454	0.8927543869	0.4282421651	1.023065716	0.3247474784	1.165838713	0.3652209253	1.478421251	1.041759279	-0.1742836568	0.9473509392	-0.2717888509	-1.749978345	0.58072342	1.528403341	0.2842291135	0.1595782444	1.079296219	-0.684318689	0.7371275219	-0.5956003399	-0.3908424734	-1.737357262	0.09327228331	1.521995685	1.756400172	-0.4498393044
8832.41805664085	-58.2541392867679	78011608.72727534	3393.5447440421553	7448.311982110206	31.40047997007969	985.9901423513755	55477351.38284648	7772.453684958574	-35.57144117162989	60411036.28482612	1265.3274270267254	7734.418202727014	10655.548442483803	1.242053	53.099667	0.9276680000000002	0.7444889999999998	0.0161728982	-0.0036898734000000003	-0.0108593763	0.0109438747	0.0205186869	-0.0015705145	-0.0538553512	-0.0238829165	0.012760240700000001	0.0016876393	-0.0205770153	-0.0020031057	0.0013888704	-0.0334725215	0.0022181610999999998	-0.0206447426	0.001238475	-0.0007368346000000001	-0.0336259529	-0.0639970885	0.0627468061	-0.0606810639	0.05782670860000001	-0.054220835300000006	0.049910306200000004	-0.38673	-0.008791000000000049	0.14956009290000002	7.728168100000085e-05	-0.0143635	0.012551499999999998	0.00015754015224999995	0.00020631013225	0.5024689999999999	0.682862	0.25247509596099993	0.466300511044	0.0274985	-0.0027727999999999954	7.688419839999976e-06	0.0007561675022500001	0.00790152	0.0009558500000000004	6.243401831040001e-05	9.136492225000003e-07	-0.00587148	-0.00074062	5.485179844e-07	3.44742773904e-05	0.0	0.0	0.0	0.0	0.0	0.0	0.0	0.0	0.0	0.0	0.0	0.0	0.0	0.0	0.0	0.0	0.0	0.0	0.0	0.0	0.0	0.0	0.0	0.0	0.0	0.0	0.0	0.0	0.0	0.0	0.0	0.0	0.0	0.0	0.0	0.0	0.0	0.0	0.0	0.0	0.0	0.0	0.0	0.0	0.0	0.0	0.0	0.0	0.0	0.0	0.0	0.0	0.0	0.0	0.0	0.0	0.0	0.0	0.0	0.0	0.0	0.0	0.0	0.0	0.0	0.0	0.0	0.0	0.0	0.0	0.0	0.0	0.0	0.0	0.0	0.0	0.0	0.0	0.0	0.0	0.0	0.0	0.0	0.0	0.0	0.0	0.0	0.0	0.0	0.0	0.0	0.0	0.0	0.0	0.0	0.0	0.0	0.0	0.0	0.0	1.0	0.0	0.0	1.456221286	-0.6881178504	-0.3549589265	-0.9237894364	-0.449146914	-0.6692663055	-0.1554633281	0.7367554931	0.515813595	0.6127667583	1.072176671	1.287601532	1.564543535	-0.1131442087	1.157689651	0.7293883182	-0.349858992	0.7253977199	0.1106949774	-1.938890692	0.6606810315	1.481961328	0.06878102912	-0.1455407947	-0.108987298	-0.693702836	-0.1066885572	-0.6010876544	0.5977206566	-0.9189980226	0.6937562953	-0.4330111666	1.254326046	-0.9230549762
8765.864142125723	-66.55391451512696	76840374.15820554	4429.423537286827	7260.735233647773	-187.57674846243302	35185.036563738846	52718276.13313418	7734.4793977485215	-37.97428721005235	59822171.55419633	1442.0464891115455	7697.018849646178	10258.050935092468	0.892533	38.157154	0.5908135	0.412716	0.045352259699999994	-0.0047615267	-0.025971991200000002	0.0001746109	-0.030157574700000002	-0.026042326	-0.053461313899999995	-0.0255250036	-0.0744233019	0.0221167236	-0.0119839053	0.0029398365	0.013755183600000002	-0.0129866778	0.0225156194	-0.0119081473	-0.0037655689000000003	0.0120369022	-0.0160226045	-0.06404351400000001	0.0629313682	-0.061092075499999995	0.0585468883	-0.0553252151	0.0514642813	-0.373242	0.013488	0.13930959056400002	0.00018192614399999997	0.072663	0.08702649999999999	0.007573611702250001	0.005279911569000001	0.8162560000000001	0.3137870000000001	0.6662738575360001	0.0984622813690001	0.0243211	-0.003177400000000004	1.0095870760000025e-05	0.0005915159052099999	0.007747999999999999	-0.00015352000000000158	6.003150399999997e-05	2.356839040000049e-08	-0.00567216	0.00019932000000000025	3.972846240000009e-08	3.21733990656e-05	0.0	0.0	0.0	0.0	0.0	0.0	0.0	0.0	0.0	0.0	0.0	0.0	0.0	0.0	0.0	0.0	0.0	0.0	0.0	0.0	0.0	0.0	0.0	0.0	0.0	0.0	0.0	0.0	0.0	0.0	0.0	0.0	0.0	0.0	0.0	0.0	0.0	0.0	0.0	0.0	0.0	0.0	0.0	0.0	0.0	0.0	0.0	0.0	0.0	0.0	0.0	0.0	0.0	0.0	0.0	0.0	0.0	0.0	0.0	0.0	0.0	0.0	0.0	0.0	0.0	0.0	0.0	0.0	0.0	0.0	0.0	0.0	0.0	0.0	0.0	0.0	0.0	0.0	0.0	0.0	0.0	0.0	0.0	0.0	0.0	0.0	0.0	0.0	0.0	0.0	0.0	0.0	0.0	0.0	0.0	0.0	0.0	0.0	0.0	0.0	0.0	1.0	0.0	1.3260436	-0.5695924797	-0.522775706	-1.268705743	-0.2687735283	-0.4856378386	-0.3836824689	0.745990383	0.7800152431	0.4387761478	0.9842585924	1.294158292	1.278601389	-0.6002833199	1.219025997	0.5079594141	-0.04220853348	0.3511204306	-0.02224629475	-1.37584432	0.5931479556	0.8156125377	0.2955185213	-0.2830459865	-0.5753452736	-0.2550351598	-0.5416728991	-0.454710712	1.133312948	-0.6644376278	-0.398408811	-0.2993466023	0.6527653291	-1.382431327
8778.396892893461	12.532750767737525	77060252.00916158	157.06984180622553	7244.490902385306	-16.244331262467313	263.8782981647729	52482648.43474346	7754.807036874755	20.327639126233407	60137032.17916222	413.2129124463753	7718.091938309665	10667.577926118227	0.946388	40.459511	0.6952029999999999	0.315359	0.0025855342	-0.025960936	0.0025245910999999997	0.017701767099999998	-0.0401453992	0.006477995500000001	0.0144954485	-0.030642181600000002	-0.0222111052	0.0090999386	-0.015834843600000002	0.0023554493	-0.00043425839999999995	0.0168034498	0.009281316099999999	-0.0157439831	-0.0027897783000000002	0.0001969423	0.014702266799999999	-0.0640872188	0.0631052366	-0.0614797299	0.0592272751	-0.056370842000000004	0.052939559299999994	-0.324583	0.048659000000000015	0.105354123889	0.002367698281000001	-0.13885699999999998	-0.21152	0.0447407104	0.019281266448999995	0.597737	-0.21851900000000013	0.357289521169	0.047750553361000064	0.0212514	-0.003069699999999998	9.423058089999988e-06	0.00045162200195999997	0.00686021	-0.0008877899999999984	4.70624812441e-05	7.881710840999973e-07	-0.00529955	0.0003726099999999998	1.3883821209999983e-07	2.80852302025e-05	0.0	0.0	0.0	0.0	0.0	0.0	0.0	0.0	0.0	0.0	0.0	0.0	0.0	0.0	0.0	0.0	0.0	0.0	0.0	0.0	0.0	0.0	0.0	0.0	0.0	0.0	0.0	0.0	0.0	0.0	0.0	0.0	0.0	0.0	0.0	0.0	0.0	0.0	0.0	0.0	0.0	0.0	0.0	0.0	0.0	0.0	0.0	0.0	0.0	0.0	0.0	0.0	0.0	0.0	0.0	0.0	0.0	0.0	0.0	0.0	0.0	0.0	0.0	0.0	0.0	0.0	0.0	0.0	0.0	0.0	0.0	0.0	0.0	0.0	0.0	0.0	0.0	0.0	0.0	0.0	0.0	0.0	0.0	0.0	0.0	0.0	0.0	0.0	0.0	0.0	0.0	0.0	0.0	0.0	0.0	0.0	0.0	0.0	0.0	0.0	0.0	0.0	1.0	1.229660683	-0.4153416924	-0.1773767341	-0.7588041799	-0.02246756882	-0.7623700553	-0.23073836	0.6730599402	0.8052964702	-0.2174244279	1.008741774	1.24735972	1.197468572	-1.073610294	1.285915867	0.611407188	-0.1843998583	0.8129305482	-0.2654207458	-1.232136461	0.4832958105	0.667513754	0.191239618	-1.235123807	0.2959884592	0.6260621801	-0.5229073284	-0.9296271949	-0.2263842637	-0.4958540034	-0.3706425396	0.1487577011	0.8646471732	-0.5716643856
8769.882915780889	-8.51397711257232	76910846.3565055	72.4878062734053	7272.016665974069	27.525763588762857	757.6676611444632	52882226.39020462	7746.790708452102	-8.016328422652805	60012766.28055982	64.26152137983121	7710.356762952078	10361.009653606983	0.6604300000000001	28.234388	0.2098595000000001	0.0950712	0.0151053802	-0.0332318414	-1.99932e-05	0.0191230334	-0.027144311	-0.0120358548	0.0142226851	0.0041660764000000005	-0.0406356847	0.013990053	-0.0142138667	0.0004493352	0.0028350578999999996	0.0085915904	0.0137914242	-0.013830146000000001	-0.0003338964	0.0044348806	0.0086808146	-0.064128201	0.0632683818	-0.061843879000000004	0.0598674067	-0.0573566053	0.0543338842	-0.336307	-0.011724000000000012	0.11310239824900002	0.00013745217600000026	-0.186143	-0.047286000000000016	0.002235965796000002	0.034649216449	0.657981	0.060244000000000075	0.432938996361	0.0036293395360000092	0.0226761	0.001424700000000001	2.0297700900000027e-06	0.00051420551121	0.00678051	-7.970000000000026e-05	4.59753158601e-05	6.352090000000041e-09	-0.00499184	0.00030771000000000016	9.468544410000006e-08	2.49184665856e-05	0.0	0.0	0.0	0.0	0.0	0.0	0.0	0.0	0.0	0.0	0.0	0.0	0.0	0.0	0.0	0.0	0.0	0.0	0.0	0.0	0.0	0.0	0.0	0.0	0.0	0.0	0.0	0.0	0.0	0.0	0.0	0.0	0.0	0.0	0.0	0.0	0.0	0.0	0.0	0.0	0.0	0.0	0.0	0.0	0.0	0.0	0.0	0.0	0.0	0.0	0.0	0.0	0.0	0.0	0.0	0.0	0.0	0.0	0.0	0.0	0.0	0.0	0.0	0.0	0.0	0.0	0.0	0.0	0.0	0.0	0.0	0.0	0.0	0.0	0.0	0.0	0.0	0.0	0.0	0.0	0.0	0.0	0.0	0.0	0.0	0.0	0.0	0.0	0.0	0.0	0.0	0.0	0.0	0.0	0.0	0.0	0.0	0.0	0.0	0.0	0.0	0.0	0.0	1.198299815	-0.4164055465	-0.3170102662	-0.9480827454	-0.1490117479	-0.9990850573	-0.6234657645	0.5274503822	0.5610121042	0.3096793773	0.7085237382	1.370789753	1.021304003	-0.9567221228	1.113952431	0.433081328	-0.6038528025	0.509578399	-0.4055148446	-1.339615996	0.121120865	0.8108093726	0.1975834295	-1.030824798	-0.2084141009	-0.455277687	-0.5088727436	-0.8050604998	-1.709431672	-0.8403447982	-0.1503343783	-0.1768099988	0.5513811573	0.2016815238
8796.973855628763	27.09093984787432	77386749.01661599	733.919021841145	7282.640475398935	10.623809424866524	112.86532669588274	53036852.29391883	7732.333810817387	-14.456897634715462	59788986.16190973	209.00188922064143	7696.947067916028	10347.65010633792	0.69933	29.897421	0.3443487000000001	0.211054	0.028107775699999997	-0.0171123425	-0.0082792729	0.017735735	-0.024766369700000002	-0.0034969703000000004	-0.00041294620000000004	0.010928491100000002	-0.0546679953	0.0237317914	-0.0163895332	-0.0061235201	0.0076839473	-0.0008971847	0.0235069394	-0.0161411369	0.0062930099	0.0085135755	-0.00024802330000000004	-0.06416645900000001	0.0634207761	-0.062184383600000004	0.060466848	-0.0582814584	0.055645124000000004	-0.324833	0.011474000000000041	0.10551647788899997	0.0001316526760000009	-0.0181993	0.1679437	0.028205086369689995	0.00033121452048999987	0.7658519999999999	0.10787099999999984	0.5865292859039998	0.011636152640999963	0.0220058	-0.0006703000000000021	4.4930209000000285e-07	0.0004842552336399999	0.00696159	0.00018108000000000013	4.846373532810001e-05	3.2789966400000047e-08	-0.00470202	0.00028981999999999966	8.39956323999998e-08	2.2108992080400008e-05	0.0	0.0	0.0	0.0	0.0	0.0	0.0	0.0	0.0	0.0	0.0	0.0	0.0	0.0	0.0	0.0	0.0	0.0	0.0	0.0	0.0	0.0	0.0	0.0	0.0	0.0	0.0	0.0	0.0	0.0	0.0	0.0	0.0	0.0	0.0	0.0	0.0	0.0	0.0	0.0	0.0	0.0	0.0	0.0	0.0	0.0	0.0	0.0	0.0	0.0	0.0	0.0	0.0	0.0	0.0	0.0	0.0	0.0	0.0	0.0	0.0	0.0	0.0	0.0	0.0	0.0	0.0	0.0	0.0	0.0	0.0	0.0	0.0	0.0	0.0	0.0	0.0	0.0	0.0	0.0	0.0	0.0	0.0	0.0	0.0	0.0	0.0	0.0	0.0	0.0	0.0	0.0	0.0	0.0	0.0	0.0	0.0	0.0	0.0	0.0	0.0	0.0	0.0	1.162349636	-0.4224591852	-0.4028469755	-1.036906652	-0.1543074829	-0.5917895501	-0.4085244784	0.744035113	0.7418249587	0.1364899636	1.063457822	1.309613696	0.995578618	-1.013951145	1.128624594	0.423646315	-0.3734148107	0.661245593	-0.9134933281	-0.8875249306	0.09750233821	0.7973213607	0.06127688762	-0.9947887684	-0.3115320296	-0.8958157882	-0.598675093	-0.8366677224	0.1300765332	-0.2388982547	0.4878846956	0.06346250584	0.446625196	0.07315283325
8810.44889420977	13.47503858100754	77624009.71748216	181.5766647596417	7317.625681515959	34.985206117024056	1223.964647050658	53547645.61478191	7736.124407978134	3.790597160746984	59847620.85571503	14.368626835063095	7699.85880669369	10359.4960700385	0.591047	25.268162	0.2373087	0.144618	0.0220348246	-0.023033745499999998	-0.009218786	0.0163473453	-0.0117040332	-0.0211661648	-0.0091801121	-0.013551570800000001	-0.0377953977	0.0198763641	-0.0138856121	0.0011976288000000001	0.005550412199999999	-0.0021275314000000004	0.019804984299999998	-0.013534001799999999	-0.0019450313	0.0060303604	-0.004696021	-0.064201991	0.0635623935	-0.0625011134	0.0610251914	-0.059144419000000004	0.0568712735	-0.324941	-0.000107999999999997	0.105586653481	1.1663999999999351e-08	-0.142316	-0.1241167	0.01540495521889	0.020253843856	0.7106319999999999	-0.055219999999999936	0.5049978394239999	0.003049248399999993	0.0224116	0.0004058000000000013	1.6467364000000106e-07	0.00050227981456	0.007443039999999999	0.0004814499999999987	5.5398844441599986e-05	2.317941024999988e-07	-0.00497205	-0.0002700300000000001	7.291620090000005e-08	2.4721281202500005e-05	0.0	0.0	0.0	0.0	0.0	0.0	0.0	0.0	0.0	0.0	0.0	0.0	0.0	0.0	0.0	0.0	0.0	0.0	0.0	0.0	0.0	0.0	0.0	0.0	0.0	0.0	0.0	0.0	0.0	0.0	0.0	0.0	0.0	0.0	0.0	0.0	0.0	0.0	0.0	0.0	0.0	0.0	0.0	0.0	0.0	0.0	0.0	0.0	0.0	0.0	0.0	0.0	0.0	0.0	0.0	0.0	0.0	0.0	0.0	0.0	0.0	0.0	0.0	0.0	0.0	0.0	0.0	0.0	0.0	0.0	0.0	0.0	0.0	0.0	0.0	0.0	0.0	0.0	0.0	0.0	0.0	0.0	0.0	0.0	0.0	0.0	0.0	0.0	0.0	0.0	0.0	0.0	0.0	0.0	0.0	0.0	0.0	0.0	0.0	0.0	0.0	0.0	0.0	1.244911425	-0.4152326333	-0.3135605113	-0.9958085947	-0.1128987765	-0.6875996686	-0.4296001161	0.6332364281	0.8140524919	0.2754043835	0.942843749	1.259951267	1.127416889	-0.992478734	1.248509503	0.2972434154	-0.1141874002	0.724227806	-0.8949130825	-1.041882214	0.05147315923	0.8223423518	0.1109358379	-1.106948771	-0.2702632195	0.5004588359	-0.3720663555	-0.7708996283	-0.2463277065	-0.5506710745	-0.06136090416	-0.8537679691	0.6411328317	-0.3988838448
8817.05148266982	6.602588460049446	77740396.84805007	43.59417437277812	7308.119690201132	-9.505991314827954	90.36387087758446	53408613.40630549	7726.212228676706	-9.912179301427386	59694355.40255348	98.2512985036455	7690.23214360604	10293.736566745489	0.625491	26.740709000000006	0.1895465	0.111303	0.0331846106	-0.0185316791	-0.013512121499999998	0.0035071259	-0.0218240042	-0.011650073600000001	0.0244819665	0.0168615721	-0.0493475424	0.0274728545	-0.013980286399999998	0.0032026603	0.0201559933	0.0097973145	0.027206688599999997	-0.0135319543	-0.0027839534	0.0216707752	0.010746890700000001	-0.06423479559999999	0.0636932101	-0.06279394740000001	0.0615420576	-0.0599445708	0.05801045780000001	-0.345212	-0.020270999999999983	0.11917132494399996	0.0004109134409999993	-0.143443	-0.0011270000000000169	1.270129000000038e-06	0.020575894249000002	0.7520399999999999	0.041408	0.5655641615999999	0.001714622464	0.0245054	0.0020938000000000003	4.3839984399999984e-06	0.0006005146291599999	0.00737812	-6.491999999999871e-05	5.44366547344e-05	4.214606399999831e-09	-0.00534814	-0.0003760899999999999	1.4144368809999995e-07	2.8602601459600005e-05	0.0	0.0	0.0	0.0	0.0	0.0	0.0	0.0	0.0	0.0	0.0	0.0	0.0	0.0	0.0	0.0	0.0	0.0	0.0	0.0	0.0	0.0	0.0	0.0	0.0	0.0	0.0	0.0	0.0	0.0	0.0	0.0	0.0	0.0	0.0	0.0	0.0	0.0	0.0	0.0	0.0	0.0	0.0	0.0	0.0	0.0	0.0	0.0	0.0	0.0	0.0	0.0	0.0	0.0	0.0	0.0	0.0	0.0	0.0	0.0	0.0	0.0	0.0	0.0	0.0	0.0	0.0	0.0	0.0	0.0	0.0	0.0	0.0	0.0	0.0	0.0	0.0	0.0	0.0	0.0	0.0	0.0	0.0	0.0	0.0	0.0	0.0	0.0	0.0	0.0	0.0	0.0	0.0	0.0	0.0	0.0	0.0	0.0	0.0	0.0	0.0	0.0	0.0	1.277055546	-0.473435516	-0.4487935539	-1.193447166	-0.1119048567	-0.7942032558	-0.6233703312	0.613652863	0.7280870879	0.0004504260038	0.937375119	1.444789672	1.09065454	-0.5766638924	1.12252703	0.3443171417	-0.3035249162	0.7052896579	-0.3473395104	-1.108081141	0.0886183895	1.157944375	0.06214028377	-1.0704798	-0.5510851077	-0.03888763136	-0.1267714411	-0.4311637353	-1.510909205	-0.5024460413	0.2723072089	-0.01847816501	0.6260806585	0.4297502475
8821.016955527053	3.965472857233181	77810340.12969576	15.724974981453085	7325.8148785530275	17.695188351895922	313.1196908090731	53667563.63482891	7733.385602115783	7.173373439076387	59805252.87101168	51.45728649644657	7697.110743556913	10348.309609565069	0.578709	24.7407	0.26315449999999985	0.174151	0.038852875099999996	-0.0082786685	-0.0202744345	0.004818314000000001	-0.0163599447	-0.018779378700000002	0.0037995798	0.028257961800000002	-0.0594461476	0.024189742799999997	-0.012523823500000001	-0.0098431447	0.019896805	0.017780399	0.0238872844	-0.0123303812	0.0105893761	0.0219965873	0.0196548235	-0.06426487139999999	0.0638132035	-0.0630627737	0.0620170952	-0.0606810639	0.05906093480000001	-0.353047	-0.007835000000000036	0.124642184209	6.138722500000056e-05	0.010228	0.153671	0.023614776241	0.00010461198400000003	0.80428	0.052240000000000064	0.6468663184000001	0.0027290176000000065	0.0236407	-0.0008646999999999995	7.477060899999993e-07	0.00055888269649	0.007443039999999999	6.491999999999871e-05	5.5398844441599986e-05	4.214606399999831e-09	-0.00540669	-5.854999999999923e-05	3.42810249999991e-09	2.92322967561e-05	0.0	0.0	0.0	0.0	0.0	0.0	0.0	0.0	0.0	0.0	0.0	0.0	0.0	0.0	0.0	0.0	0.0	0.0	0.0	0.0	0.0	0.0	0.0	0.0	0.0	0.0	0.0	0.0	0.0	0.0	0.0	0.0	0.0	0.0	0.0	0.0	0.0	0.0	0.0	0.0	0.0	0.0	0.0	0.0	0.0	0.0	0.0	0.0	0.0	0.0	0.0	0.0	0.0	0.0	0.0	0.0	0.0	0.0	0.0	0.0	0.0	0.0	0.0	0.0	0.0	0.0	0.0	0.0	0.0	0.0	0.0	0.0	0.0	0.0	0.0	0.0	0.0	0.0	0.0	0.0	0.0	0.0	0.0	0.0	0.0	0.0	0.0	0.0	0.0	0.0	0.0	0.0	0.0	0.0	0.0	0.0	0.0	0.0	0.0	0.0	0.0	0.0	0.0	1.208663104	-0.4576255918	-0.4855547973	-1.290475456	-0.1114075134	-0.4295605109	-0.3300242301	0.6730478307	0.8452046629	0.3386222952	1.027984527	1.35932764	1.016465608	-0.6902903127	0.9909558928	0.5577505758	-0.1421072923	0.5142863236	-0.0003413503903	-1.088697762	0.1712005028	0.9645425231	0.0771837618	-0.8818451728	-0.5350844364	-0.6535624319	-0.274252472	-0.422562033	-0.5507916931	-0.3464600421	0.4118142866	1.061958177	0.2667708426	0.8865057136
8823.387056016098	2.370100489044489	77852159.14027242	5.617376328168926	7335.588174243683	9.773295690655686	95.51730865698902	53810853.86210378	7737.6440074036655	4.258405287882852	59871134.78530986	18.134015595868632	7702.5778865296	10556.073750122478	0.635799	27.181381	0.2551655000000001	0.13936099999999998	0.0239857678	-0.0084289846	-0.014103576000000001	0.008734721899999999	-0.0159911408	-0.016060245600000002	-0.014122804499999999	0.0136982352	-0.0424621986	0.020428667299999998	-0.017120984	-0.0088079714	0.0093341776	-0.0046078379999999995	0.0203487075	-0.0166990857	0.008704364000000001	0.0104386901	-0.0045974236	-0.064292217	0.06392235339999999	-0.06330748929999999	0.0624499814	-0.061353116299999996	0.06002109820000001	-0.348962	0.004085000000000004	0.121774477444	1.6687225000000044e-05	-0.105422	-0.11565	0.0133749225	0.011113798083999999	0.725966	-0.078314	0.527026633156	0.006133082595999999	0.0230193	-0.0006214000000000011	3.861379600000014e-07	0.00052988817249	0.00762464	0.00018160000000000138	5.813513512960001e-05	3.29785600000005e-08	-0.00574602	-0.00033933000000000053	1.1514484890000036e-07	3.30167458404e-05	0.0	0.0	0.0	0.0	0.0	0.0	0.0	0.0	0.0	0.0	0.0	0.0	0.0	0.0	0.0	0.0	0.0	0.0	0.0	0.0	0.0	0.0	0.0	0.0	0.0	0.0	0.0	0.0	0.0	0.0	0.0	0.0	0.0	0.0	0.0	0.0	0.0	0.0	0.0	0.0	0.0	0.0	0.0	0.0	0.0	0.0	0.0	0.0	0.0	0.0	0.0	0.0	0.0	0.0	0.0	0.0	0.0	0.0	0.0	0.0	0.0	0.0	0.0	0.0	0.0	0.0	0.0	0.0	0.0	0.0	0.0	0.0	0.0	0.0	0.0	0.0	0.0	0.0	0.0	0.0	0.0	0.0	0.0	0.0	0.0	0.0	0.0	0.0	0.0	0.0	0.0	0.0	0.0	0.0	0.0	0.0	0.0	0.0	0.0	0.0	0.0	0.0	0.0	1.221391969	-0.4146099751	-0.3675866694	-1.166260946	-0.09687511082	-0.5223581577	-0.1660629507	0.7232837263	0.8007046731	0.08405274435	1.168561246	1.371668475	1.041834419	-0.8869090467	1.002075488	0.6768935614	-0.09359434756	0.9141934875	0.08763473655	-0.9262412628	0.2805789012	0.854768052	0.2645879735	-0.9283231398	-0.1549957724	-0.05927098549	-0.4775739653	-0.4743642801	0.8150975565	-0.4867282674	0.1771196335	-0.07391905018	0.7355595471	0.2685925118
8808.470694322972	-14.916361693125511	77589155.97274663	222.4978461601421	7329.123116481051	-6.4650577626325685	41.79697187417563	53716045.65653691	7734.735085207375	-2.908922196290405	59826126.83833794	8.461828344070993	7697.787320136188	10287.294492253051	0.6257050000000001	26.749844	0.21305500000000002	0.109101	0.0299626022	-0.0205012171	-0.013582326799999999	0.0020906072	-0.0131281481	-0.025197166099999998	-0.0134094301	-0.0105225766	-0.043141958	0.023546719	-0.0178671151	0.0038560428000000003	0.011761498	-0.0130725346	0.0235189448	-0.017495933999999998	-0.0049942457	0.0111860198	-0.017303037	-0.0643168315	0.0640206412	-0.0635280008	0.0628404219	-0.0619600143	0.0608894797	-0.356977	-0.008014999999999994	0.127432578529	6.424022499999991e-05	-0.182372	-0.07695	0.0059213025	0.033259546384	0.736016	0.010050000000000005	0.541719552256	0.00010100250000000008	0.0241179	0.0010986000000000017	1.2069219600000037e-06	0.0005816731004100001	0.00829999	0.0006753499999999999	6.88898340001e-05	4.560976224999999e-07	-0.00633287	-0.0005868499999999999	3.443929224999999e-07	4.01052424369e-05	0.0	0.0	0.0	0.0	0.0	0.0	0.0	0.0	0.0	0.0	0.0	0.0	0.0	0.0	0.0	0.0	0.0	0.0	0.0	0.0	0.0	0.0	0.0	0.0	0.0	0.0	0.0	0.0	0.0	0.0	0.0	0.0	0.0	0.0	0.0	0.0	0.0	0.0	0.0	0.0	0.0	0.0	0.0	0.0	0.0	0.0	0.0	0.0	0.0	0.0	0.0	0.0	0.0	0.0	0.0	0.0	0.0	0.0	0.0	0.0	0.0	0.0	0.0	0.0	0.0	0.0	0.0	0.0	0.0	0.0	0.0	0.0	0.0	0.0	0.0	0.0	0.0	0.0	0.0	0.0	0.0	0.0	0.0	0.0	0.0	0.0	0.0	0.0	0.0	0.0	0.0	0.0	0.0	0.0	0.0	0.0	0.0	0.0	0.0	0.0	0.0	0.0	0.0	1.270338534	-0.5137848744	-0.3875834762	-1.252418168	-0.09312350798	-0.8240756477	-0.4294973383	0.551337413	0.6149481657	0.2772042893	0.7850474451	1.366816585	1.086579614	-0.7541807344	0.9038921509	0.4582588607	-0.1814304014	0.4780520123	-0.06508601742	-1.17820626	-0.0113765938	1.03103008	0.01869531017	-1.02110472	-0.4661534091	0.8190963466	-0.3343154436	-0.4249537245	-0.09676382488	-0.7154920033	0.3062400271	-1.884939109	0.8407592486	-0.5612481211
8815.685584534063	7.214890211091187	77716312.32536168	52.05464075809945	7327.698699301862	-1.4244171791888218	2.0289643003682407	53695168.227750205	7730.189679209504	-4.5454059978710575	59755832.47655714	20.66071568548218	7693.271308918986	10301.826005545574	0.555366	23.742741	0.2574573000000003	0.161868	0.0372010023	-0.0121251905	-0.0214902244	0.00036977980000000004	-0.012443694	-0.0261319708	0.0084312488	-0.0224300571	-0.057678448099999995	0.0271168741	-0.0197794033	-0.0051993837	0.0170521137	0.0020838005	0.0269807515	-0.0195173241	0.00473002	0.0169620571	-0.0010638989	-0.0643387136	0.0641080503	-0.0637242239	0.0631881514	-0.0625011134	0.06166475160000001	-0.365783	-0.00880599999999998	0.13379720308899998	7.754563599999966e-05	-0.0369782	0.14539380000000002	0.021139357078440002	0.0013673872752399995	0.795845	0.05982900000000003	0.633369264025	0.0035795092410000023	0.0239495	-0.0001683999999999991	2.8358559999999704e-08	0.0005735785502500001	0.00787264	-0.00042735	6.19784605696e-05	1.826280225e-07	-0.00606005	0.00027282	7.443075240000001e-08	3.67242060025e-05	0.0	0.0	0.0	0.0	0.0	0.0	0.0	0.0	0.0	0.0	0.0	0.0	0.0	0.0	0.0	0.0	0.0	0.0	0.0	0.0	0.0	0.0	0.0	0.0	0.0	0.0	0.0	0.0	0.0	0.0	0.0	0.0	0.0	0.0	0.0	0.0	0.0	0.0	0.0	0.0	0.0	0.0	0.0	0.0	0.0	0.0	0.0	0.0	0.0	0.0	0.0	0.0	0.0	0.0	0.0	0.0	0.0	0.0	0.0	0.0	0.0	0.0	0.0	0.0	0.0	0.0	0.0	0.0	0.0	0.0	0.0	0.0	0.0	0.0	0.0	0.0	0.0	0.0	0.0	0.0	0.0	0.0	0.0	0.0	0.0	0.0	0.0	0.0	0.0	0.0	0.0	0.0	0.0	0.0	0.0	0.0	0.0	0.0	0.0	0.0	0.0	0.0	0.0	1.23979816	-0.4950645024	-0.4436254037	-1.381928565	-0.03966882981	-0.5769213736	-0.3852951628	0.7080701319	0.7445790385	-0.07075716674	0.9655995287	1.267999649	0.9822373128	-0.5995677088	0.9963158358	0.4960185523	0.06451485215	0.6554043696	-0.1931446981	-1.25208441	0.176545311	0.8939069723	0.04332865874	-1.10563128	-0.485681301	1.183060517	-0.1981697961	-0.3222287181	-0.281169402	-0.4937270328	0.1253129592	-0.6248128888	0.6691445213	-0.5369689617
8799.539949569207	-16.14563496485607	77431903.32406445	260.6815284183829	7352.812733751663	25.114034449800787	630.7147263457805	54063855.0976206	7731.0606078280825	0.8709286185785459	59769298.12191112	0.7585166586591342	7694.472107735984	10430.013218063243	0.513521	21.953827	0.15308239999999992	0.08845219999999998	0.0256115907	-0.016087335	-0.0092165779	0.006920500600000001	-0.0064286078000000005	-0.0208502933	0.011764502	-0.0353233803	-0.0411341683	0.024311495	-0.0134446239	0.0046241947	0.0093430843	0.010051809699999999	0.0242210708	-0.0129870934	-0.0054058097999999995	0.009930263	0.0064881033999999995	-0.0643578625	0.0641845658	-0.06389608349999999	0.06349293339999999	-0.062975839	0.0623457281	-0.361886	0.0038969999999999842	0.130961476996	1.5186608999999876e-05	-0.0798176	-0.042839400000000014	0.0018352141923600005	0.00637084926976	0.716646	-0.07919900000000002	0.513581489316	0.006272481601000003	0.0237061	-0.00024340000000000472	5.92435600000023e-08	0.0005619791772099999	0.00809148	0.0002188399999999997	6.54720485904e-05	4.789094559999985e-08	-0.00597935	8.070000000000039e-05	6.512490000000063e-09	3.57526264225e-05	0.0	0.0	0.0	0.0	0.0	0.0	0.0	0.0	0.0	0.0	0.0	0.0	0.0	0.0	0.0	0.0	0.0	0.0	0.0	0.0	0.0	0.0	0.0	0.0	0.0	0.0	0.0	0.0	0.0	0.0	0.0	0.0	0.0	0.0	0.0	0.0	0.0	0.0	0.0	0.0	0.0	0.0	0.0	0.0	0.0	0.0	0.0	0.0	0.0	0.0	0.0	0.0	0.0	0.0	0.0	0.0	0.0	0.0	0.0	0.0	0.0	0.0	0.0	0.0	0.0	0.0	0.0	0.0	0.0	0.0	0.0	0.0	0.0	0.0	0.0	0.0	0.0	0.0	0.0	0.0	0.0	0.0	0.0	0.0	0.0	0.0	0.0	0.0	0.0	0.0	0.0	0.0	0.0	0.0	0.0	0.0	0.0	0.0	0.0	0.0	0.0	0.0	0.0	1.240725791	-0.4544649482	-0.339466976	-1.242012641	-0.06725400844	-0.6434195086	-0.2795993801	0.671356736	0.6798791669	0.07665331714	0.8003938542	1.340624934	1.004942695	-0.8000757565	0.9496442614	0.5059142406	0.02506264414	0.5610803616	-0.08370269941	-1.460053234	0.2077355993	0.7251729492	0.1850238538	-0.7899675203	-0.4019158348	1.360221131	-0.398589866	-0.5405793266	-0.4049121942	-0.8923101518	-0.234739117	-0.1115445588	0.8636377251	-0.04741125994
8785.924580848605	-13.615368720602419	77192470.74035974	185.37826539795878	7329.006688414229	-23.80604533743372	566.7277946079496	53714339.038820505	7729.298516793723	-1.7620910343594005	59742055.56170965	3.104964813369782	7692.889344064109	10321.799043504454	0.469926	20.090065	0.15028240000000007	0.0941635	0.02732776	-0.0231402273	-0.0075777517	0.0099096943	-0.0161174691	-0.0167591506	0.0308558225	-0.0181670928	-0.0385035641	0.026929207599999998	-0.0224402798	0.0033521413	0.0167006582	0.0020298122	0.026697140299999998	-0.0220362019	-0.0034901990000000003	0.018199563000000002	0.0014027273999999998	-0.0643742773	0.0642501747	-0.06404351400000001	0.063754561	-0.06338368679999999	0.0629313682	-0.365823	-0.003937000000000024	0.133826467329	1.549996900000019e-05	-0.157054	-0.0772364	0.005965461484959999	0.024665958916000003	0.700717	-0.015928999999999967	0.491004314089	0.0002537330409999991	0.0245034	0.0007973000000000043	6.356872900000066e-07	0.0006004166115600001	0.00814404	5.256000000000011e-05	6.63253875216e-05	2.7625536000000112e-09	-0.00619309	-0.00021374000000000048	4.56847876000002e-08	3.83543637481e-05	0.0	0.0	0.0	0.0	0.0	0.0	0.0	0.0	0.0	0.0	0.0	0.0	0.0	0.0	0.0	0.0	0.0	0.0	0.0	0.0	0.0	0.0	0.0	0.0	0.0	0.0	0.0	0.0	0.0	0.0	0.0	0.0	0.0	0.0	0.0	0.0	0.0	0.0	0.0	0.0	0.0	0.0	0.0	0.0	0.0	0.0	0.0	0.0	0.0	0.0	0.0	0.0	0.0	0.0	0.0	0.0	0.0	0.0	0.0	0.0	0.0	0.0	0.0	0.0	0.0	0.0	0.0	0.0	0.0	0.0	0.0	0.0	0.0	0.0	0.0	0.0	0.0	0.0	0.0	0.0	0.0	0.0	0.0	0.0	0.0	0.0	0.0	0.0	0.0	0.0	0.0	0.0	0.0	0.0	0.0	0.0	0.0	0.0	0.0	0.0	0.0	0.0	0.0	1.222809849	-0.5173688458	-0.4054059052	-1.269385287	-0.1749944374	-0.8216923687	-0.454779941	0.5165658265	0.4867765803	-0.07713835359	0.8000672774	1.355046113	0.9092786933	-0.7490939044	0.910801876	0.520805004	-0.2442950085	0.6726689962	-0.1320422414	-1.430326961	0.1342225177	0.8888405552	0.04969009559	-0.9592734116	-0.5032053168	0.7203656335	-0.3908966106	-0.5848951173	-1.736396147	-0.8256327722	-0.1427244954	-0.5466146731	0.8191098589	0.3361133711
8788.97332841343	3.0487475648260443	77246052.16756266	9.294861714032734	7331.858588555518	2.851900141288752	8.133334415882803	53756150.36257531	7722.190346629351	-7.108170164372496	59632223.74957553	50.52608308567532	7686.236141435521	10255.761668386589	0.583657	24.952227	0.3946635700000001	0.238524	0.0366367732	-0.017440783300000002	-0.011565424099999999	0.0066281155	-0.0114417446	-0.026049476499999998	0.024003123199999997	-0.0024637349	-0.055086381600000005	0.030286020099999998	-0.015317416799999999	0.0031152081	0.0104971305	0.0064021749	0.0299401596	-0.014915793600000001	-0.0031425666999999997	0.012599258799999999	0.0064786086	-0.0643879575	0.0643048657	-0.06416645900000001	0.0639728562	-0.0637242239	0.0634207761	-0.361898	0.003925000000000012	0.130970162404	1.5405625000000094e-05	0.00383757	0.16089157	0.025886097297064904	1.4726943504899998e-05	0.8117949999999999	0.1110779999999999	0.6590111220249999	0.012338322083999978	0.022627	-0.0018764000000000003	3.5208769600000016e-06	0.000511981129	0.007964499999999998	-0.00017954000000000234	6.343326024999996e-05	3.223461160000084e-08	-0.00587365	0.00031943999999999983	1.0204191359999987e-07	3.44997643225e-05	0.0	0.0	0.0	0.0	0.0	0.0	0.0	0.0	0.0	0.0	0.0	0.0	0.0	0.0	0.0	0.0	0.0	0.0	0.0	0.0	0.0	0.0	0.0	0.0	0.0	0.0	0.0	0.0	0.0	0.0	0.0	0.0	0.0	0.0	0.0	0.0	0.0	0.0	0.0	0.0	0.0	0.0	0.0	0.0	0.0	0.0	0.0	0.0	0.0	0.0	0.0	0.0	0.0	0.0	0.0	0.0	0.0	0.0	0.0	0.0	0.0	0.0	0.0	0.0	0.0	0.0	0.0	0.0	0.0	0.0	0.0	0.0	0.0	0.0	0.0	0.0	0.0	0.0	0.0	0.0	0.0	0.0	0.0	0.0	0.0	0.0	0.0	0.0	0.0	0.0	0.0	0.0	0.0	0.0	0.0	0.0	0.0	0.0	0.0	0.0	0.0	0.0	0.0	1.158464838	-0.4475177072	-0.4574432195	-1.32489993	-0.1034049802	-0.6456760233	-0.2880392002	0.7149048387	0.6771290452	0.1972744037	0.824156311	1.335634577	0.781550413	-0.9326469801	1.0876294	0.4689096066	-0.1208746254	0.421790576	-0.489287028	-1.289379692	0.06655910656	0.6464727528	0.0951414727	-1.040138793	-0.5788397977	0.5939648567	-0.6248952628	-0.5747628823	-1.54417119	-0.529432148	0.133619208	0.3818672115	0.5228424925	0.551141511
8798.252416805346	9.279088391915137	77409245.58982112	86.10148138497426	7335.884382272274	4.025793716756199	16.20701504987368	53815199.67006626	7725.811884778756	3.621538149405751	59688169.27898868	13.115538567601233	7691.296055171074	10430.585064204844	0.5685640000000001	24.306999	0.31467657000000004	0.177673	0.0252181067	-0.016568912800000002	-0.0056989273	0.0102600127	-0.0170105822	-0.0026837676000000003	0.0253084627	0.0320237571	-0.045564494000000004	0.0269489099	-0.0125373474	-0.0102003136	0.0126049119	0.029194317799999998	0.0264841068	-0.012186518899999998	0.0113660073	0.0163100404	0.0331159137	-0.0643989022	0.0643486298	-0.06426487139999999	0.0641476706	-0.0639970885	0.0638132035	-0.341948	0.019950000000000023	0.11692843470399998	0.0003980025000000009	-0.124303	-0.12814057	0.016420005679924903	0.015451235809	0.7121649999999999	-0.09963	0.5071789872249999	0.009926136899999998	0.0233374	0.0007103999999999999	5.046681599999999e-07	0.0005446342387600001	0.008353849999999998	0.00038935000000000017	6.978680982249996e-05	1.5159342250000008e-07	-0.00611302	-0.00023937000000000006	5.7297996900000015e-08	3.73690135204e-05	0.0	0.0	0.0	0.0	0.0	0.0	0.0	0.0	0.0	0.0	0.0	0.0	0.0	0.0	0.0	0.0	0.0	0.0	0.0	0.0	0.0	0.0	0.0	0.0	0.0	0.0	0.0	0.0	0.0	0.0	0.0	0.0	0.0	0.0	0.0	0.0	0.0	0.0	0.0	0.0	0.0	0.0	0.0	0.0	0.0	0.0	0.0	0.0	0.0	0.0	0.0	0.0	0.0	0.0	0.0	0.0	0.0	0.0	0.0	0.0	0.0	0.0	0.0	0.0	0.0	0.0	0.0	0.0	0.0	0.0	0.0	0.0	0.0	0.0	0.0	0.0	0.0	0.0	0.0	0.0	0.0	0.0	0.0	0.0	0.0	0.0	0.0	0.0	0.0	0.0	0.0	0.0	0.0	0.0	0.0	0.0	0.0	0.0	0.0	0.0	0.0	0.0	0.0	1.205771315	-0.4276819797	-0.3400190422	-1.194318798	-0.160593568	-0.6659465976	-0.2830506687	0.658291756	0.6328740947	-0.00595582514	1.020324182	1.375135829	0.8766813968	-0.9133649708	0.9410229113	0.4826365645	-0.04649648499	0.8952279688	-0.6077495334	-1.314817512	0.1147703853	0.7915543274	0.2131399777	-1.152985891	-0.4262255351	-0.7523513423	-0.6080015683	-0.7369399451	-0.8077540905	-0.6556363078	-0.1586240303	0.880110931	0.233481471	1.112382265
8807.347551085766	9.095134280420098	77569370.88561644	82.72146757887279	7312.5375472697815	-23.3468350024923	545.0747046335996	53473205.38023035	7734.291075046049	8.479190267292324	59819258.43353696	71.89666758894488	7698.2733654988415	10175.453192260993	0.664375	28.403051	0.10269350000000013	0.0646264	0.0298092016	-0.027419222099999998	-0.0050398643	0.0082703779	-0.0212107496	-0.0241536136	-0.0156385308	0.029563115299999998	-0.0664610753	0.0245814816	-0.0164354866	-0.0032772053999999998	0.0182489544	-0.0132426337	0.0245732303	-0.0162182664	0.0033863915	0.0179695094	-0.012989531100000002	-0.0644071112	0.0643814593	-0.0643387136	0.0642788855	-0.064201991	0.0641080503	-0.354344	-0.012396000000000018	0.12555967033600002	0.00015366081600000044	-0.181613	-0.05731000000000003	0.003284436100000003	0.032983281769000006	0.710374	-0.001790999999999987	0.5046312198759999	3.2076809999999537e-06	0.0237376	0.0004001999999999964	1.6016003999999713e-07	0.0005634736537599999	0.00829898	-5.486999999999853e-05	6.887306904039999e-05	3.010716899999839e-09	-0.00628188	-0.00016885999999999982	2.8513699599999947e-08	3.94620163344e-05	0.0	0.0	0.0	0.0	0.0	0.0	0.0	0.0	0.0	0.0	0.0	0.0	0.0	0.0	0.0	0.0	0.0	0.0	0.0	0.0	0.0	0.0	0.0	0.0	0.0	0.0	0.0	0.0	0.0	0.0	0.0	0.0	0.0	0.0	0.0	0.0	0.0	0.0	0.0	0.0	0.0	0.0	0.0	0.0	0.0	0.0	0.0	0.0	0.0	0.0	0.0	0.0	0.0	0.0	0.0	0.0	0.0	0.0	0.0	0.0	0.0	0.0	0.0	0.0	0.0	0.0	0.0	0.0	0.0	0.0	0.0	0.0	0.0	0.0	0.0	0.0	0.0	0.0	0.0	0.0	0.0	0.0	0.0	0.0	0.0	0.0	0.0	0.0	0.0	0.0	0.0	0.0	0.0	0.0	0.0	0.0	0.0	0.0	0.0	0.0	0.0	0.0	0.0	1.20590862	-0.4645207345	-0.3727040073	-1.165796998	-0.208976553	-0.9668756075	-0.6054819148	0.5256375853	0.5085249486	0.5093015458	0.7858466539	1.44799265	0.8105086726	-0.7639747748	0.8972521991	0.1197278405	-0.4178275169	0.5518965698	-0.9401727811	-1.206447544	-0.3126173164	1.028117599	0.2290514919	-0.7977959384	-0.7452139378	-0.8468679585	-0.6007201905	-0.7018825321	0.4082200136	-0.9118537953	0.01035900407	-1.861377239	0.4399192595	0.07671394272
8864.944994551019	57.59744346525258	78587249.75641516	3317.4654937329674	7316.959171895777	4.421624625995719	19.55076433321178	53537891.52318974	7734.448726310371	0.15765126432233956	59821697.09992413	0.02485392114243217	7697.750611742373	10319.693429550924	0.7465350000000001	31.915491	0.306594662	0.202184	0.034787644	-0.007893086	-0.008003685699999999	-0.004119128400000001	-0.014359808500000001	-0.0273300939	-0.0176299927	-0.0003592943	-0.0596193429	0.0258993131	-0.0190220888	-0.0001509378	0.015448891599999999	-0.0073424380000000015	0.0257634402	-0.0185557812	-0.0006804554	0.0156401051	-0.0100417271	-0.0644125841	0.0644033487	-0.0643879575	0.0643664117	-0.0643387136	0.0643048657	-0.365009	-0.010665000000000036	0.13323157008100006	0.00011374222500000075	-0.000983838	0.18062916200000004	0.032626894164822264	9.679372102440005e-07	0.786686	0.07631200000000005	0.618874862596	0.005823521344000007	0.0232533	-0.0004843	2.3454649e-07	0.0005407159608899999	0.008076349999999998	-0.0002226300000000014	6.522742932249996e-05	4.9564116900000634e-08	-0.00635472	-7.284000000000023e-05	5.3056656000000345e-09	4.038246627840001e-05	0.0	0.0	0.0	0.0	0.0	0.0	0.0	0.0	0.0	0.0	0.0	0.0	0.0	0.0	0.0	0.0	0.0	0.0	0.0	0.0	0.0	0.0	0.0	0.0	0.0	0.0	0.0	0.0	0.0	0.0	0.0	0.0	0.0	0.0	0.0	0.0	0.0	0.0	0.0	0.0	0.0	0.0	0.0	0.0	0.0	0.0	0.0	0.0	0.0	0.0	0.0	0.0	0.0	0.0	0.0	0.0	0.0	0.0	0.0	0.0	0.0	0.0	0.0	0.0	0.0	0.0	0.0	0.0	0.0	0.0	0.0	0.0	0.0	0.0	0.0	0.0	0.0	0.0	0.0	0.0	0.0	0.0	0.0	0.0	0.0	0.0	0.0	0.0	0.0	0.0	0.0	0.0	0.0	0.0	0.0	0.0	0.0	0.0	0.0	0.0	0.0	0.0	0.0	1.248474705	-0.4495931436	-0.3447673336	-1.228034976	-0.09284584328	-0.5018912916	-0.395701501	0.7357864703	0.730133141	0.1203120864	0.9661430542	1.216323585	0.9794321698	-0.6361000341	1.221447417	0.006762945054	0.1936666142	0.8799998528	-0.6941923963	-1.018841217	0.06987065112	0.8882570124	0.06536534401	-1.200487851	-0.5525996369	0.788150414	-0.07313399064	-0.4688226175	-0.184142708	-0.3397405959	0.3193941797	-1.29215111	0.3396250501	-0.2775954582
8880.034477261648	15.089482710629456	78855012.31735556	227.6924884743852	7351.700991626497	34.741819730719726	1206.9940382018265	54047507.47028202	7753.07596340889	18.62723709851889	60110186.89438869	346.9739619244384	7716.495093757701	10551.597036645198	0.717974	30.694468	0.21973216199999998	0.13128099999999998	0.0242483935	-0.0088842248	-0.0027696988	-0.0089025544	-0.0143650883	-0.0209464675	0.0088248167	0.0191345925	-0.0395522506	0.01591549	-0.0206710089	-0.0043523219	0.0118319884	0.0159650688	0.0156770622	-0.0203711659	0.0047842833	0.0140727744	0.0178587833	-0.06441532059999999	0.0644142944	-0.0644125841	0.0644101897	-0.0644071112	0.0644033487	-0.342794	0.02221500000000004	0.117507726436	0.0004935062250000018	-0.102831	-0.101847162	0.010372844407454241	0.010574214560999998	0.7098220000000001	-0.07686399999999992	0.5038472716840001	0.0059080744959999895	0.023346400000000003	9.310000000000568e-05	8.667610000001057e-09	0.0005450543929600002	0.00826697	0.00019062000000000245	6.834279298090001e-05	3.6335984400000937e-08	-0.00644712	-9.239999999999944e-05	8.537759999999894e-09	4.15653562944e-05	0.0	0.0	0.0	0.0	0.0	0.0	0.0	0.0	0.0	0.0	0.0	0.0	0.0	0.0	0.0	0.0	0.0	0.0	0.0	0.0	0.0	0.0	0.0	0.0	0.0	0.0	0.0	0.0	0.0	0.0	0.0	0.0	0.0	0.0	0.0	0.0	0.0	0.0	0.0	0.0	0.0	0.0	0.0	0.0	0.0	0.0	0.0	0.0	0.0	0.0	0.0	0.0	0.0	0.0	0.0	0.0	0.0	0.0	0.0	0.0	0.0	0.0	0.0	0.0	0.0	0.0	0.0	0.0	0.0	0.0	0.0	0.0	0.0	0.0	0.0	0.0	0.0	0.0	0.0	0.0	0.0	0.0	0.0	0.0	0.0	0.0	0.0	0.0	0.0	0.0	0.0	0.0	0.0	0.0	0.0	0.0	0.0	0.0	0.0	0.0	0.0	0.0	0.0	1.1868094	-0.4318504136	-0.3582997662	-1.094672021	-0.2263450153	-0.6112005236	-0.08931880222	0.7524435586	0.9769655505	0.1614740825	1.033806066	1.348427573	1.213173338	-0.4339196493	0.9016648003	0.2319244546	0.3366315548	0.3765131749	0.3324448064	-1.113291283	0.08893701056	0.8754258244	0.1482446046	-0.4963588201	-0.2965908586	0.1672096096	0.04342291625	-0.5033056742	-0.5863941972	-0.4593940032	0.1954365564	0.2196812746	0.5036395405	1.10372395